TradDt,TckrSymb,XpryDt,StrkPric,OptnTp,OpnPric,HghPric,LwPric,ClsPric,SttlmPric,OpnIntrst,ChngInOpnIntrst,TtlTradgVol,UndrlygPric
2025-10-24,TMPV,2025-10-28,410.00,PE,7.15,10.35,6.00,7.85,7.85,323200,-245600,1990,403.30
2025-10-24,TMPV,2025-10-28,420.00,PE,34.60,34.60,13.30,16.70,16.70,384000,-30400,577,403.30
2025-10-24,TMPV,2025-11-25,300.00,PE,0.40,0.50,0.35,0.35,0.35,163200,5600,31,403.30
2025-10-24,TMPV,2025-11-25,320.00,PE,0.70,0.75,0.50,0.55,0.55,321600,57600,142,403.30
2025-10-24,TMPV,2025-11-25,330.00,PE,0.95,1.00,0.75,0.75,0.10,420800,106400,199,403.30
2025-10-24,TMPV,2025-11-25,350.00,PE,2.05,2.30,1.60,1.65,1.65,1115200,473600,983,403.30
2025-10-24,TMPV,2025-11-25,370.00,PE,4.75,5.10,4.10,4.25,4.25,340800,91200,367,403.30
2025-10-24,TMPV,2025-11-25,390.00,PE,10.20,10.80,8.65,9.60,9.60,474400,-4000,509,403.30
2025-10-24,TMPV,2025-11-25,400.00,PE,13.65,15.25,12.80,13.90,13.90,1508000,116800,1172,403.30
2025-10-24,TMPV,2025-11-25,410.00,PE,18.55,20.75,17.45,19.30,19.30,716800,110400,685,403.30
2025-10-24,TMPV,2025-11-25,420.00,PE,25.35,27.20,23.40,25.50,25.50,503200,228000,620,403.30
2025-10-24,TMPV,2025-11-25,430.00,PE,33.00,34.30,30.05,32.45,32.45,84000,26400,90,403.30
2025-10-24,TMPV,2025-11-25,440.00,PE,38.20,42.35,38.05,40.25,40.25,67200,50400,74,403.30
2025-10-24,TMPV,2025-11-25,470.00,PE,64.90,68.45,64.80,66.65,66.65,128000,4000,13,403.30
2025-10-24,TMPV,2025-12-30,280.00,PE,0.00,0.00,0.00,0.05,0.05,0,0,0,403.30
2025-10-24,TMPV,2025-12-30,320.00,PE,0.00,0.00,0.00,0.05,0.50,0,0,0,403.30
2025-10-24,TMPV,2025-12-30,340.00,PE,0.00,0.00,0.00,0.05,1.60,0,0,0,403.30
2025-10-24,TMPV,2025-12-30,360.00,PE,7.80,7.80,7.20,7.30,7.30,52000,1600,9,403.30
2025-10-24,TMPV,2025-12-30,460.00,PE,0.00,0.00,0.00,0.05,56.80,0,0,0,403.30
2025-10-24,TMPV,2025-12-30,420.00,PE,0.00,0.00,0.00,0.10,27.40,0,0,0,403.30
2025-10-24,TMPV,2025-10-28,300.00,CE,0.00,0.00,0.00,102.35,103.50,800,0,0,403.30
2025-10-24,TMPV,2025-10-28,320.00,CE,0.00,0.00,0.00,341.55,83.50,0,0,0,403.30
2025-10-24,TMPV,2025-10-28,360.00,CE,46.40,48.65,42.25,44.30,44.30,56000,-16800,35,403.30
2025-10-24,TMPV,2025-10-28,370.00,CE,38.95,38.95,32.45,35.45,35.45,115200,0,12,403.30
2025-10-24,TMPV,2025-10-28,390.00,CE,19.00,19.05,12.00,14.80,14.80,396000,-96000,947,403.30
2025-10-24,TMPV,2025-10-28,400.00,CE,8.30,10.50,4.25,6.10,6.10,2288800,-598400,3751,403.30
2025-10-24,TMPV,2025-10-28,460.00,CE,0.20,0.20,0.05,0.10,0.10,1720800,-611200,2694,403.30
2025-10-24,TMPV,2025-11-25,320.00,CE,87.80,87.80,87.80,87.80,84.95,800,0,1,403.30
2025-10-24,TMPV,2025-11-25,330.00,CE,0.00,0.00,0.00,333.15,75.05,0,0,0,403.30
2025-10-24,TMPV,2025-11-25,360.00,CE,50.00,50.00,45.55,48.00,48.00,60000,53600,81,403.30
2025-10-24,TMPV,2025-11-25,370.00,CE,40.50,41.25,37.35,39.55,39.55,264800,99200,135,403.30
2025-10-24,TMPV,2025-11-25,380.00,CE,36.85,36.90,30.00,31.15,31.15,187200,32800,283,403.30
2025-10-24,TMPV,2025-11-25,410.00,CE,17.95,18.10,13.20,14.05,14.05,1278400,189600,1586,403.30
2025-10-24,TMPV,2025-11-25,420.00,CE,12.95,14.00,9.70,10.35,10.35,1227200,79200,1720,403.30
2025-10-24,TMPV,2025-11-25,450.00,CE,5.45,5.80,3.75,4.10,4.10,1553600,128000,1412,403.30
2025-10-24,TMPV,2025-11-25,460.00,CE,4.00,4.45,2.75,2.95,2.95,405600,36800,477,403.30
2025-10-24,TMPV,2025-11-25,480.00,CE,2.40,2.45,1.40,1.45,1.45,911200,616000,1304,403.30
2025-10-24,TMPV,2025-11-25,500.00,CE,1.35,1.35,0.75,0.80,0.80,752000,-46400,918,403.30
2025-10-24,TMPV,2025-12-30,360.00,CE,0.00,0.00,0.00,325.65,51.25,0,0,0,403.30
2025-10-24,TMPV,2025-12-30,380.00,CE,0.00,0.00,0.00,285.70,36.25,0,0,0,403.30
2025-10-24,TMPV,2025-10-28,330.00,CE,0.00,0.00,0.00,331.55,73.50,0,0,0,403.30
2025-10-24,TMPV,2025-10-28,340.00,CE,0.00,0.00,0.00,321.60,63.50,0,0,0,403.30
2025-10-24,TMPV,2025-10-28,350.00,CE,54.15,56.20,51.15,53.45,53.45,48800,-10400,14,403.30
2025-10-24,TMPV,2025-10-28,410.00,CE,3.80,4.50,1.30,2.05,2.05,3549600,-440800,9869,403.30
2025-10-24,TMPV,2025-10-28,420.00,CE,1.65,2.00,0.70,0.95,0.95,4322400,-47200,7126,403.30
2025-10-24,TMPV,2025-10-28,430.00,CE,0.90,0.95,0.30,0.45,0.45,2421600,-468000,4133,403.30
2025-10-24,TMPV,2025-10-28,440.00,CE,0.40,0.50,0.20,0.30,0.30,2692000,-384000,3049,403.30
2025-10-24,TMPV,2025-10-28,450.00,CE,0.20,0.30,0.10,0.20,0.20,2794400,-704800,4274,403.30
2025-10-24,TMPV,2025-10-28,470.00,CE,0.15,0.15,0.05,0.05,0.05,3247200,-1492800,2927,403.30
2025-10-24,TMPV,2025-10-28,480.00,CE,0.05,0.05,0.05,0.05,0.05,493600,-111200,158,403.30
2025-10-24,TMPV,2025-10-28,500.00,CE,0.05,0.10,0.05,0.10,0.10,2847200,161600,1984,403.30
2025-10-24,TMPV,2025-11-25,300.00,CE,0.00,0.00,0.00,98.00,104.80,800,0,0,403.30
2025-10-24,TMPV,2025-11-25,340.00,CE,0.00,0.00,0.00,323.20,65.30,0,0,0,403.30
2025-10-24,TMPV,2025-11-25,350.00,CE,58.30,58.95,54.65,56.35,56.35,51200,29600,50,403.30
2025-10-24,TMPV,2025-11-25,390.00,CE,29.00,29.00,23.35,24.65,24.65,255200,-800,144,403.30
2025-10-24,TMPV,2025-11-25,400.00,CE,21.95,23.50,17.65,18.80,18.80,1782400,170400,1396,403.30
2025-10-24,TMPV,2025-11-25,430.00,CE,9.70,10.45,7.05,7.60,7.60,722400,139200,717,403.30
2025-10-24,TMPV,2025-11-25,440.00,CE,7.30,7.80,5.15,5.55,5.55,573600,61600,784,403.30
2025-10-24,TMPV,2025-11-25,470.00,CE,3.05,3.05,1.95,2.05,2.05,645600,74400,839,403.30
2025-10-24,TMPV,2025-12-30,280.00,CE,0.00,0.00,0.00,384.40,126.25,0,0,0,403.30
2025-10-24,TMPV,2025-12-30,320.00,CE,0.00,0.00,0.00,378.40,87.15,0,0,0,403.30
2025-10-24,TMPV,2025-12-30,340.00,CE,0.00,0.00,0.00,325.15,68.45,0,0,0,403.30
2025-10-24,TMPV,2025-12-30,400.00,CE,31.40,31.65,27.05,28.25,28.25,112000,37600,67,403.30
2025-10-24,TMPV,2025-12-30,420.00,CE,21.90,22.20,16.90,19.10,19.10,135200,21600,87,403.30
2025-10-24,TMPV,2025-12-30,440.00,CE,14.95,14.95,13.50,13.80,13.80,84000,16000,34,403.30
2025-10-24,TMPV,2025-12-30,460.00,CE,8.00,8.10,8.00,8.10,4.90,4000,4000,5,403.30
2025-10-24,TMPV,2025-12-30,480.00,CE,6.95,6.95,5.75,6.10,6.10,46400,1600,7,403.30
2025-10-24,TMPV,2025-10-28,300.00,PE,0.05,0.05,0.05,0.05,0.05,277600,-4000,9,403.30
2025-10-24,TMPV,2025-10-28,340.00,PE,0.10,0.10,0.05,0.05,0.05,1531200,-496800,891,403.30
2025-10-24,TMPV,2025-10-28,400.00,PE,2.65,3.40,1.70,2.00,2.00,1617600,-361600,6455,403.30
2025-10-24,TMPV,2025-10-28,430.00,PE,26.05,28.75,23.40,26.75,26.75,180000,-8000,161,403.30
2025-10-24,TMPV,2025-10-28,440.00,PE,33.95,36.00,33.10,33.45,36.45,61600,-4000,16,403.30
2025-10-24,TMPV,2025-10-28,450.00,PE,45.80,48.90,43.05,48.90,46.40,97600,-32000,88,403.30
2025-10-24,TMPV,2025-10-28,460.00,PE,55.75,55.75,53.10,55.50,55.50,60000,-4800,8,403.30
2025-10-24,TMPV,2025-10-28,470.00,PE,63.50,68.65,63.50,65.95,65.95,45600,-9600,17,403.30
2025-10-24,TMPV,2025-10-28,480.00,PE,0.00,0.00,0.00,72.15,76.40,4000,0,0,403.30
2025-10-24,TMPV,2025-10-28,500.00,PE,93.50,93.50,93.00,93.00,96.40,800,-7200,10,403.30
2025-10-24,TMPV,2025-11-25,340.00,PE,1.35,1.50,1.00,1.10,1.10,304000,68000,408,403.30
2025-10-24,TMPV,2025-11-25,360.00,PE,3.15,3.35,2.55,2.70,2.70,675200,216800,825,403.30
2025-10-24,TMPV,2025-11-25,380.00,PE,6.55,7.40,6.20,6.55,6.55,589600,112000,646,403.30
2025-10-24,TMPV,2025-11-25,450.00,PE,46.80,51.05,46.75,48.75,48.75,135200,74400,135,403.30
2025-10-24,TMPV,2025-11-25,460.00,PE,59.60,59.65,57.05,57.80,57.80,9600,6400,14,403.30
2025-10-24,TMPV,2025-11-25,480.00,PE,74.30,77.05,73.80,75.50,75.50,20800,4000,9,403.30
2025-10-24,TMPV,2025-11-25,500.00,PE,92.00,97.40,91.30,94.70,94.70,379200,195200,246,403.30
2025-10-24,TMPV,2025-12-30,380.00,PE,0.00,0.00,0.00,0.05,8.95,0,0,0,403.30
2025-10-24,TMPV,2025-12-30,400.00,PE,20.90,22.10,19.20,20.15,20.15,91200,19200,40,403.30
2025-10-24,TMPV,2025-12-30,440.00,PE,0.00,0.00,0.00,0.15,40.95,0,0,0,403.30
2025-10-24,TMPV,2025-12-30,480.00,PE,0.00,0.00,0.00,0.70,74.25,0,0,0,403.30
2025-10-24,TMPV,2025-12-30,520.00,PE,0.00,0.00,0.00,2.30,111.85,0,0,0,403.30
2025-10-24,TMPV,2025-10-28,380.00,CE,26.70,29.70,21.65,24.80,24.80,387200,-40800,427,403.30
2025-10-24,TMPV,2025-12-30,520.00,CE,0.00,0.00,0.00,170.40,0.60,0,0,0,403.30
2025-10-24,TMPV,2025-10-28,320.00,PE,0.05,0.05,0.05,0.05,0.05,327200,-32000,49,403.30
2025-10-24,TMPV,2025-10-28,330.00,PE,0.10,0.10,0.05,0.05,0.05,696000,-123200,233,403.30
2025-10-24,TMPV,2025-10-28,350.00,PE,0.10,0.10,0.05,0.05,0.05,1217600,-218400,893,403.30
2025-10-24,TMPV,2025-10-28,360.00,PE,0.20,0.20,0.10,0.10,0.10,951200,-86400,422,403.30
2025-10-24,TMPV,2025-10-28,370.00,PE,0.30,0.35,0.15,0.20,0.20,953600,-130400,1123,403.30
2025-10-24,TMPV,2025-10-28,380.00,PE,0.45,0.55,0.25,0.35,0.35,1448000,-210400,2818,403.30
2025-10-24,TMPV,2025-10-28,390.00,PE,1.00,1.10,0.45,0.60,0.60,1528800,-438400,2939,403.30
2025-10-27,TMPV,2025-11-25,460.00,PE,52.10,52.35,49.90,51.80,51.80,44800,35200,52,410.05
2025-10-27,TMPV,2025-11-25,480.00,PE,70.70,71.15,69.25,69.65,69.65,30400,9600,16,410.05
2025-10-27,TMPV,2025-11-25,500.00,PE,90.25,90.25,88.25,88.95,88.95,439200,60000,86,410.05
2025-10-27,TMPV,2025-12-30,380.00,PE,0.00,0.00,0.00,0.05,7.00,0,0,0,410.05
2025-10-27,TMPV,2025-12-30,400.00,PE,18.85,18.85,16.50,16.70,16.70,116000,24800,123,410.05
2025-10-27,TMPV,2025-12-30,440.00,PE,0.00,0.00,0.00,0.15,36.05,0,0,0,410.05
2025-10-27,TMPV,2025-12-30,480.00,PE,0.00,0.00,0.00,0.70,68.25,0,0,0,410.05
2025-10-27,TMPV,2025-12-30,520.00,PE,0.00,0.00,0.00,2.30,105.45,0,0,0,410.05
2025-10-27,TMPV,2025-10-28,330.00,CE,0.00,0.00,0.00,331.55,80.10,0,0,0,410.05
2025-10-27,TMPV,2025-10-28,340.00,CE,0.00,0.00,0.00,321.60,70.10,0,0,0,410.05
2025-10-27,TMPV,2025-10-28,350.00,CE,59.00,59.75,59.00,59.75,60.10,47200,-1600,3,410.05
2025-10-27,TMPV,2025-10-28,380.00,CE,28.00,32.30,28.00,30.45,30.45,348000,-39200,245,410.05
2025-10-27,TMPV,2025-11-25,410.00,CE,14.70,17.45,14.70,16.75,16.75,1554400,276000,2959,410.05
2025-10-27,TMPV,2025-11-25,380.00,CE,33.40,37.25,33.40,36.15,36.15,198400,11200,269,410.05
2025-10-27,TMPV,2025-11-25,370.00,CE,39.80,45.00,39.80,44.30,44.30,316000,51200,80,410.05
2025-10-27,TMPV,2025-11-25,360.00,CE,52.45,53.95,51.10,52.75,52.75,72800,12800,34,410.05
2025-10-27,TMPV,2025-11-25,330.00,CE,0.00,0.00,0.00,333.15,81.60,0,0,0,410.05
2025-10-27,TMPV,2025-11-25,320.00,CE,90.20,90.20,90.20,90.20,91.50,0,-800,1,410.05
2025-10-27,TMPV,2025-10-28,460.00,CE,0.10,0.10,0.05,0.05,0.05,1517600,-203200,1123,410.05
2025-10-27,TMPV,2025-10-28,400.00,CE,5.85,12.95,5.85,11.10,11.10,1589600,-699200,3592,410.05
2025-10-27,TMPV,2025-10-28,390.00,CE,15.10,22.35,15.10,20.55,20.55,303200,-92800,571,410.05
2025-10-27,TMPV,2025-10-28,370.00,CE,39.00,41.60,39.00,41.20,40.10,112800,-2400,9,410.05
2025-10-27,TMPV,2025-10-28,360.00,CE,51.00,51.00,49.20,50.50,50.10,55200,-800,8,410.05
2025-10-27,TMPV,2025-10-28,320.00,CE,0.00,0.00,0.00,341.55,90.10,0,0,0,410.05
2025-10-27,TMPV,2025-12-30,460.00,PE,0.00,0.00,0.00,0.05,51.25,0,0,0,410.05
2025-10-27,TMPV,2025-12-30,420.00,PE,27.70,28.75,26.75,26.75,23.35,1600,1600,3,410.05
2025-10-27,TMPV,2025-12-30,360.00,PE,7.10,7.10,5.25,5.80,3.05,56800,4800,18,410.05
2025-10-27,TMPV,2025-12-30,340.00,PE,0.00,0.00,0.00,0.05,1.10,0,0,0,410.05
2025-10-27,TMPV,2025-12-30,320.00,PE,0.00,0.00,0.00,0.05,0.30,0,0,0,410.05
2025-10-27,TMPV,2025-12-30,280.00,PE,0.00,0.00,0.00,0.05,0.05,0,0,0,410.05
2025-10-27,TMPV,2025-11-25,470.00,PE,61.00,61.55,59.00,59.30,59.30,184800,56800,86,410.05
2025-10-27,TMPV,2025-11-25,440.00,PE,36.95,37.00,33.55,34.95,34.95,114400,47200,156,410.05
2025-10-27,TMPV,2025-11-25,430.00,PE,30.10,30.10,26.05,26.90,26.90,100800,16800,182,410.05
2025-10-27,TMPV,2025-11-25,420.00,PE,23.25,23.25,19.80,20.55,20.55,562400,59200,280,410.05
2025-10-27,TMPV,2025-11-25,410.00,PE,18.05,18.05,14.30,14.95,14.95,960000,243200,1201,410.05
2025-10-27,TMPV,2025-11-25,400.00,PE,13.00,13.20,10.00,10.45,10.45,1533600,25600,1590,410.05
2025-10-27,TMPV,2025-11-25,390.00,PE,9.00,9.00,6.65,7.10,7.10,480800,6400,573,410.05
2025-10-27,TMPV,2025-11-25,370.00,PE,3.85,3.85,2.75,2.95,2.95,472000,131200,612,410.05
2025-10-27,TMPV,2025-11-25,350.00,PE,1.60,1.60,1.05,1.10,1.10,1141600,26400,610,410.05
2025-10-27,TMPV,2025-11-25,330.00,PE,0.65,0.65,0.50,0.50,0.50,342400,-78400,153,410.05
2025-10-27,TMPV,2025-11-25,320.00,PE,0.50,0.50,0.40,0.40,0.40,271200,-50400,120,410.05
2025-10-27,TMPV,2025-11-25,300.00,PE,0.35,0.35,0.25,0.30,0.30,164800,1600,37,410.05
2025-10-27,TMPV,2025-10-28,420.00,PE,15.15,15.35,8.55,9.20,9.20,348000,-36000,705,410.05
2025-10-27,TMPV,2025-10-28,410.00,PE,7.45,7.45,1.10,1.60,1.60,461600,138400,3687,410.05
2025-10-27,TMPV,2025-10-28,390.00,PE,0.35,0.45,0.05,0.10,0.10,1391200,-137600,2833,410.05
2025-10-27,TMPV,2025-10-28,380.00,PE,0.30,0.30,0.05,0.10,0.10,1278400,-169600,1540,410.05
2025-10-27,TMPV,2025-10-28,370.00,PE,0.15,0.15,0.05,0.05,0.05,641600,-312000,1012,410.05
2025-10-27,TMPV,2025-10-28,360.00,PE,0.10,0.10,0.05,0.05,0.05,698400,-252800,427,410.05
2025-10-27,TMPV,2025-10-28,300.00,CE,0.00,0.00,0.00,102.35,110.10,800,0,0,410.05
2025-10-27,TMPV,2025-10-28,350.00,PE,0.05,0.05,0.05,0.05,0.05,1105600,-112000,145,410.05
2025-10-27,TMPV,2025-10-28,330.00,PE,0.05,0.05,0.05,0.05,0.05,676000,-20000,71,410.05
2025-10-27,TMPV,2025-10-28,320.00,PE,0.05,0.05,0.05,0.05,0.05,327200,0,1,410.05
2025-10-27,TMPV,2025-12-30,520.00,CE,0.00,0.00,0.00,170.40,0.75,0,0,0,410.05
2025-10-27,TMPV,2025-12-30,380.00,CE,0.00,0.00,0.00,285.70,40.85,0,0,0,410.05
2025-10-27,TMPV,2025-12-30,360.00,CE,0.00,0.00,0.00,325.65,56.70,0,0,0,410.05
2025-10-27,TMPV,2025-11-25,500.00,CE,0.90,0.95,0.70,0.80,0.80,1038400,286400,720,410.05
2025-10-27,TMPV,2025-11-25,480.00,CE,1.55,1.80,1.30,1.50,1.50,1555200,644000,1249,410.05
2025-10-27,TMPV,2025-11-25,460.00,CE,3.00,3.60,2.90,3.15,3.15,528800,123200,505,410.05
2025-10-27,TMPV,2025-11-25,450.00,CE,4.35,4.95,4.00,4.60,4.60,1798400,244800,1578,410.05
2025-10-27,TMPV,2025-11-25,420.00,CE,10.30,13.00,10.30,12.35,12.35,1508800,281600,2174,410.05
2025-10-27,TMPV,2025-12-30,420.00,CE,20.20,22.00,19.80,20.90,20.90,154400,19200,48,410.05
2025-10-27,TMPV,2025-12-30,400.00,CE,28.95,32.10,28.95,30.55,30.55,158400,46400,131,410.05
2025-10-27,TMPV,2025-12-30,340.00,CE,0.00,0.00,0.00,325.15,74.55,0,0,0,410.05
2025-10-27,TMPV,2025-12-30,320.00,CE,0.00,0.00,0.00,378.40,93.55,0,0,0,410.05
2025-10-27,TMPV,2025-12-30,280.00,CE,0.00,0.00,0.00,384.40,132.85,0,0,0,410.05
2025-10-27,TMPV,2025-11-25,470.00,CE,2.20,2.50,2.00,2.20,2.20,770400,124800,594,410.05
2025-10-27,TMPV,2025-11-25,440.00,CE,5.85,6.80,5.85,6.35,6.35,767200,193600,1062,410.05
2025-10-27,TMPV,2025-11-25,430.00,CE,7.70,9.40,7.70,8.95,8.95,936000,213600,992,410.05
2025-10-27,TMPV,2025-11-25,400.00,CE,19.00,22.95,19.00,22.45,22.45,1804000,21600,2141,410.05
2025-10-27,TMPV,2025-11-25,390.00,CE,26.20,29.75,26.20,28.85,28.85,208000,-47200,196,410.05
2025-10-27,TMPV,2025-11-25,350.00,CE,60.65,63.05,60.65,61.95,61.95,92000,40800,86,410.05
2025-10-27,TMPV,2025-11-25,340.00,CE,0.00,0.00,0.00,323.20,71.70,0,0,0,410.05
2025-10-27,TMPV,2025-11-25,300.00,CE,0.00,0.00,0.00,98.00,111.40,800,0,0,410.05
2025-10-27,TMPV,2025-10-28,500.00,CE,0.05,0.05,0.05,0.05,0.05,2840000,-7200,303,410.05
2025-10-27,TMPV,2025-10-28,480.00,CE,0.05,0.10,0.05,0.05,0.05,469600,-24000,157,410.05
2025-10-27,TMPV,2025-10-28,470.00,CE,0.05,0.10,0.05,0.05,0.05,2943200,-304000,692,410.05
2025-10-27,TMPV,2025-10-28,450.00,CE,0.15,0.15,0.05,0.10,0.10,2480000,-314400,2347,410.05
2025-10-27,TMPV,2025-10-28,440.00,CE,0.25,0.30,0.05,0.10,0.10,2207200,-484800,5326,410.05
2025-10-27,TMPV,2025-10-28,430.00,CE,0.45,0.50,0.15,0.20,0.20,1584000,-837600,7035,410.05
2025-10-27,TMPV,2025-10-28,420.00,CE,0.95,1.60,0.30,0.55,0.55,2833600,-1488800,14973,410.05
2025-10-27,TMPV,2025-10-28,410.00,CE,2.25,4.60,1.80,2.70,2.70,1979200,-1570400,15180,410.05
2025-10-27,TMPV,2025-12-30,440.00,CE,15.00,15.00,13.00,13.85,13.85,120000,36000,71,410.05
2025-10-27,TMPV,2025-10-28,500.00,PE,0.00,0.00,0.00,93.00,89.85,800,0,0,410.05
2025-10-27,TMPV,2025-10-28,480.00,PE,68.30,69.00,68.30,69.00,69.00,4000,0,3,410.05
2025-10-27,TMPV,2025-10-28,470.00,PE,61.50,61.50,57.55,58.95,58.95,27200,-18400,30,410.05
2025-10-27,TMPV,2025-10-28,460.00,PE,52.75,52.75,48.50,49.80,49.80,40800,-19200,42,410.05
2025-10-27,TMPV,2025-10-28,450.00,PE,40.20,41.35,38.00,39.90,39.90,72800,-24800,42,410.05
2025-10-27,TMPV,2025-10-28,440.00,PE,30.80,31.00,28.35,30.10,29.90,55200,-6400,20,410.05
2025-10-27,TMPV,2025-10-28,430.00,PE,23.60,23.60,18.20,19.15,19.15,191200,11200,212,410.05
2025-10-27,TMPV,2025-10-28,400.00,PE,2.95,2.95,0.20,0.30,0.30,1934400,316800,8606,410.05
2025-10-27,TMPV,2025-10-28,340.00,PE,0.05,0.10,0.05,0.05,0.05,1387200,-144000,790,410.05
2025-10-27,TMPV,2025-10-28,300.00,PE,0.00,0.00,0.00,0.05,0.05,277600,0,0,410.05
2025-10-27,TMPV,2025-12-30,480.00,CE,6.10,6.50,5.50,5.60,5.60,68800,22400,57,410.05
2025-10-27,TMPV,2025-12-30,460.00,CE,9.30,9.30,8.75,9.00,9.00,7200,3200,6,410.05
2025-10-27,TMPV,2025-11-25,360.00,PE,2.60,2.60,1.65,1.75,1.75,1272000,596800,1370,410.05
2025-10-27,TMPV,2025-11-25,340.00,PE,0.95,0.95,0.70,0.75,0.75,347200,43200,238,410.05
2025-10-27,TMPV,2025-11-25,380.00,PE,6.10,6.10,4.30,4.65,4.65,812000,222400,1064,410.05
2025-10-27,TMPV,2025-11-25,450.00,PE,46.00,46.00,41.40,42.55,42.55,179200,44000,121,410.05
2025-10-28,TMPV,2025-10-28,480.00,PE,69.50,69.50,69.50,69.50,411.50,4000,0,2,411.50
2025-10-28,TMPV,2025-11-25,340.00,PE,0.70,0.75,0.55,0.60,0.60,264000,-83200,175,411.50
2025-10-28,TMPV,2025-11-25,360.00,PE,1.75,1.75,1.30,1.35,1.35,1436000,164000,1506,411.50
2025-10-28,TMPV,2025-11-25,380.00,PE,4.65,4.65,3.50,3.65,3.65,1035200,223200,1177,411.50
2025-10-28,TMPV,2025-11-25,450.00,PE,42.20,42.90,38.85,40.20,40.20,244800,65600,183,411.50
2025-10-28,TMPV,2025-11-25,460.00,PE,50.50,51.55,47.45,48.85,48.85,123200,78400,129,411.50
2025-10-28,TMPV,2025-11-25,480.00,PE,69.00,69.65,66.35,68.35,66.85,41600,11200,33,411.50
2025-10-28,TMPV,2025-11-25,500.00,PE,88.60,89.65,86.50,87.15,86.40,444800,5600,15,411.50
2025-10-28,TMPV,2025-11-25,520.00,PE,0.00,0.00,0.00,2.65,106.25,0,0,0,411.50
2025-10-28,TMPV,2025-12-30,380.00,PE,0.00,0.00,0.00,0.05,6.50,0,0,0,411.50
2025-10-28,TMPV,2025-12-30,400.00,PE,17.00,17.25,15.20,15.45,15.45,132800,16800,48,411.50
2025-10-28,TMPV,2025-12-30,440.00,PE,0.00,0.00,0.00,0.15,34.95,0,0,0,411.50
2025-10-28,TMPV,2025-12-30,480.00,PE,0.00,0.00,0.00,0.70,66.95,0,0,0,411.50
2025-10-28,TMPV,2025-12-30,500.00,PE,0.00,0.00,0.00,1.30,85.15,0,0,0,411.50
2025-10-28,TMPV,2025-12-30,520.00,PE,0.00,0.00,0.00,2.30,104.10,0,0,0,411.50
2025-10-28,TMPV,2025-10-28,330.00,CE,0.00,0.00,0.00,331.55,411.50,0,0,0,411.50
2025-10-28,TMPV,2025-10-28,340.00,CE,0.00,0.00,0.00,321.60,411.50,0,0,0,411.50
2025-10-28,TMPV,2025-10-28,350.00,CE,61.80,61.80,59.50,59.50,411.50,43200,-4000,9,411.50
2025-10-28,TMPV,2025-10-28,380.00,CE,31.00,33.55,29.55,29.90,411.50,337600,-10400,21,411.50
2025-10-28,TMPV,2025-10-28,410.00,CE,2.10,4.50,0.05,0.30,411.50,1315200,-664000,6389,411.50
2025-10-28,TMPV,2025-10-28,420.00,CE,0.35,0.80,0.05,0.05,411.50,1850400,-983200,9746,411.50
2025-10-28,TMPV,2025-10-28,430.00,CE,0.10,0.15,0.05,0.05,411.50,1248800,-335200,3204,411.50
2025-10-28,TMPV,2025-10-28,480.00,CE,0.00,0.00,0.00,0.05,411.50,469600,0,0,411.50
2025-10-28,TMPV,2025-10-28,470.00,CE,0.05,0.05,0.05,0.05,411.50,2872000,-71200,598,411.50
2025-10-28,TMPV,2025-10-28,450.00,CE,0.05,0.10,0.05,0.05,411.50,2329600,-150400,1091,411.50
2025-10-28,TMPV,2025-10-28,440.00,CE,0.10,0.10,0.05,0.05,411.50,1864000,-343200,938,411.50
2025-10-28,TMPV,2025-10-28,500.00,PE,0.00,0.00,0.00,93.00,411.50,800,0,0,411.50
2025-10-28,TMPV,2025-11-25,360.00,CE,52.75,56.55,52.40,55.10,55.10,92800,20000,56,411.50
2025-10-28,TMPV,2025-11-25,370.00,CE,44.95,47.20,43.80,46.40,46.40,350400,34400,92,411.50
2025-10-28,TMPV,2025-11-25,380.00,CE,36.10,39.85,35.60,37.35,37.35,243200,44800,158,411.50
2025-10-28,TMPV,2025-11-25,410.00,CE,16.55,19.10,15.75,17.00,17.00,1687200,132800,3332,411.50
2025-10-28,TMPV,2025-11-25,420.00,CE,12.50,14.25,11.40,12.40,12.40,1625600,116800,4082,411.50
2025-10-28,TMPV,2025-11-25,450.00,CE,4.95,5.35,4.00,4.40,4.40,2677600,879200,4323,411.50
2025-10-28,TMPV,2025-11-25,460.00,CE,3.20,3.75,2.70,2.95,2.95,590400,61600,925,411.50
2025-10-28,TMPV,2025-11-25,480.00,CE,1.50,1.75,1.20,1.30,1.30,2003200,448000,914,411.50
2025-10-28,TMPV,2025-11-25,500.00,CE,0.25,0.90,0.25,0.75,0.75,1205600,167200,708,411.50
2025-10-28,TMPV,2025-12-30,360.00,CE,0.00,0.00,0.00,325.65,57.85,0,0,0,411.50
2025-10-28,TMPV,2025-12-30,380.00,CE,0.00,0.00,0.00,285.70,41.80,0,0,0,411.50
2025-10-28,TMPV,2025-12-30,520.00,CE,0.00,0.00,0.00,170.40,0.75,0,0,0,411.50
2025-10-28,TMPV,2025-10-28,320.00,PE,0.00,0.00,0.00,0.05,411.50,327200,0,0,411.50
2025-10-28,TMPV,2025-10-28,330.00,PE,0.05,0.05,0.05,0.05,411.50,676000,0,71,411.50
2025-10-28,TMPV,2025-10-28,350.00,PE,0.05,0.05,0.05,0.05,411.50,1099200,-6400,170,411.50
2025-10-28,TMPV,2025-10-28,360.00,PE,0.05,0.05,0.05,0.05,411.50,698400,0,17,411.50
2025-10-28,TMPV,2025-10-28,370.00,PE,0.05,0.05,0.05,0.05,411.50,648000,6400,109,411.50
2025-10-28,TMPV,2025-10-28,380.00,PE,0.05,0.10,0.05,0.05,411.50,1267200,-11200,108,411.50
2025-10-28,TMPV,2025-10-28,390.00,PE,0.10,0.10,0.05,0.05,411.50,1312000,-79200,264,411.50
2025-10-28,TMPV,2025-10-28,410.00,PE,1.20,3.00,0.05,0.05,411.50,524000,62400,5224,411.50
2025-10-28,TMPV,2025-10-28,420.00,PE,9.75,11.10,6.10,8.20,411.50,346400,-1600,649,411.50
2025-10-28,TMPV,2025-10-28,520.00,PE,109.50,109.50,109.50,109.50,411.50,800,800,1,411.50
2025-10-28,TMPV,2025-11-25,300.00,PE,0.25,0.30,0.25,0.25,0.25,165600,800,15,411.50
2025-10-28,TMPV,2025-11-25,320.00,PE,0.40,0.40,0.30,0.35,0.05,247200,-24000,79,411.50
2025-10-28,TMPV,2025-11-25,330.00,PE,0.50,0.50,0.40,0.45,0.45,376800,34400,118,411.50
2025-10-28,TMPV,2025-11-25,350.00,PE,1.05,1.05,0.85,0.90,0.90,1120000,-21600,772,411.50
2025-10-28,TMPV,2025-11-25,370.00,PE,2.70,2.85,2.15,2.25,2.25,576800,104800,1043,411.50
2025-10-28,TMPV,2025-11-25,390.00,PE,7.10,7.20,5.55,5.75,5.75,664800,184000,1230,411.50
2025-10-28,TMPV,2025-11-25,400.00,PE,10.70,10.70,8.55,8.80,8.80,1623200,89600,2190,411.50
2025-10-28,TMPV,2025-11-25,410.00,PE,15.35,15.40,12.65,13.00,13.00,1018400,58400,1372,411.50
2025-10-28,TMPV,2025-11-25,420.00,PE,21.10,21.10,17.95,18.40,18.40,555200,-7200,535,411.50
2025-10-28,TMPV,2025-11-25,430.00,PE,27.10,27.40,24.15,24.65,24.65,140800,40000,330,411.50
2025-10-28,TMPV,2025-11-25,440.00,PE,34.35,34.85,31.40,32.05,32.05,145600,31200,144,411.50
2025-10-28,TMPV,2025-11-25,470.00,PE,59.90,60.60,56.45,57.75,57.75,187200,2400,71,411.50
2025-10-28,TMPV,2025-12-30,280.00,PE,0.00,0.00,0.00,0.05,0.05,0,0,0,411.50
2025-10-28,TMPV,2025-12-30,320.00,PE,0.00,0.00,0.00,0.05,0.25,0,0,0,411.50
2025-10-28,TMPV,2025-12-30,340.00,PE,0.00,0.00,0.00,0.05,0.95,0,0,0,411.50
2025-10-28,TMPV,2025-12-30,360.00,PE,5.20,5.20,5.00,5.00,5.00,57600,800,8,411.50
2025-10-28,TMPV,2025-12-30,420.00,PE,26.95,26.95,24.40,26.00,22.45,5600,4000,7,411.50
2025-10-28,TMPV,2025-12-30,460.00,PE,0.00,0.00,0.00,0.05,50.00,0,0,0,411.50
2025-10-28,TMPV,2025-11-25,330.00,CE,0.00,0.00,0.00,333.15,83.00,0,0,0,411.50
2025-10-28,TMPV,2025-11-25,320.00,CE,0.00,0.00,0.00,90.20,92.90,0,0,0,411.50
2025-10-28,TMPV,2025-10-28,460.00,CE,0.05,0.05,0.05,0.05,411.50,1568000,50400,761,411.50
2025-10-28,TMPV,2025-10-28,400.00,CE,10.50,14.45,8.45,10.75,411.50,1390400,-199200,801,411.50
2025-10-28,TMPV,2025-10-28,390.00,CE,22.70,24.35,19.40,21.80,411.50,320000,16800,385,411.50
2025-10-28,TMPV,2025-10-28,370.00,CE,40.00,42.80,40.00,42.25,411.50,118400,5600,12,411.50
2025-10-28,TMPV,2025-10-28,360.00,CE,49.80,50.55,49.80,50.00,411.50,52800,-2400,3,411.50
2025-10-28,TMPV,2025-10-28,320.00,CE,0.00,0.00,0.00,341.55,411.50,0,0,0,411.50
2025-10-28,TMPV,2025-10-28,300.00,CE,0.00,0.00,0.00,102.35,411.50,800,0,0,411.50
2025-10-28,TMPV,2025-10-28,500.00,CE,0.05,0.05,0.05,0.05,411.50,2840000,0,21,411.50
2025-10-28,TMPV,2025-10-28,520.00,CE,0.00,0.00,0.00,157.00,411.50,0,0,0,411.50
2025-10-28,TMPV,2025-11-25,300.00,CE,112.70,112.70,112.70,112.70,112.80,1600,800,1,411.50
2025-10-28,TMPV,2025-11-25,340.00,CE,0.00,0.00,0.00,323.20,73.10,0,0,0,411.50
2025-10-28,TMPV,2025-11-25,350.00,CE,62.05,65.90,62.05,64.25,64.25,105600,13600,26,411.50
2025-10-28,TMPV,2025-11-25,390.00,CE,28.90,31.80,27.95,29.90,29.90,198400,-9600,189,411.50
2025-10-28,TMPV,2025-11-25,400.00,CE,22.10,25.00,21.30,22.95,22.95,1532800,-271200,2342,411.50
2025-10-28,TMPV,2025-11-25,430.00,CE,8.70,10.40,8.10,8.85,8.85,1156000,220000,1513,411.50
2025-10-28,TMPV,2025-11-25,440.00,CE,6.15,7.45,5.70,6.20,6.20,935200,168000,1948,411.50
2025-10-28,TMPV,2025-11-25,470.00,CE,2.20,2.60,1.85,2.00,2.00,894400,124000,974,411.50
2025-10-28,TMPV,2025-11-25,520.00,CE,0.00,0.00,0.00,165.75,0.05,0,0,0,411.50
2025-10-28,TMPV,2025-12-30,280.00,CE,0.00,0.00,0.00,384.40,134.25,0,0,0,411.50
2025-10-28,TMPV,2025-12-30,320.00,CE,0.00,0.00,0.00,378.40,94.90,0,0,0,411.50
2025-10-28,TMPV,2025-12-30,340.00,CE,0.00,0.00,0.00,325.15,75.80,0,0,0,411.50
2025-10-28,TMPV,2025-12-30,400.00,CE,30.60,33.55,29.25,30.30,28.40,168000,9600,44,411.50
2025-10-28,TMPV,2025-12-30,420.00,CE,20.85,23.00,20.45,21.20,21.20,169600,15200,32,411.50
2025-10-28,TMPV,2025-12-30,440.00,CE,14.40,15.15,13.70,14.25,14.25,122400,2400,12,411.50
2025-10-28,TMPV,2025-12-30,460.00,CE,9.00,9.00,9.00,9.00,6.05,8000,800,1,411.50
2025-10-28,TMPV,2025-12-30,480.00,CE,5.50,5.90,5.50,5.85,5.85,82400,13600,26,411.50
2025-10-28,TMPV,2025-12-30,500.00,CE,0.00,0.00,0.00,189.10,1.60,0,0,0,411.50
2025-10-28,TMPV,2025-10-28,300.00,PE,0.00,0.00,0.00,0.05,411.50,277600,0,0,411.50
2025-10-28,TMPV,2025-10-28,340.00,PE,0.05,0.05,0.05,0.05,411.50,1387200,0,6,411.50
2025-10-28,TMPV,2025-10-28,400.00,PE,0.20,0.30,0.05,0.05,411.50,1240800,-693600,2893,411.50
2025-10-28,TMPV,2025-10-28,430.00,PE,19.70,20.65,18.15,20.05,411.50,187200,-4000,18,411.50
2025-10-28,TMPV,2025-10-28,440.00,PE,27.00,28.35,27.00,28.35,411.50,54400,-800,3,411.50
2025-10-28,TMPV,2025-10-28,450.00,PE,39.00,40.30,38.00,39.70,411.50,58400,-14400,61,411.50
2025-10-28,TMPV,2025-10-28,460.00,PE,50.25,50.25,48.60,50.05,411.50,40800,0,26,411.50
2025-10-28,TMPV,2025-10-28,470.00,PE,57.30,62.55,56.50,59.50,411.50,18400,-8800,12,411.50
2025-10-29,TMPV,2025-11-25,360.00,PE,1.45,1.55,0.90,0.95,0.95,2225600,789600,2010,411.35
2025-10-29,TMPV,2025-11-25,340.00,PE,0.70,0.70,0.40,0.45,0.45,275200,11200,108,411.35
2025-10-29,TMPV,2026-01-27,520.00,CE,0.00,0.00,0.00,4.05,1.95,0,0,0,411.35
2025-10-29,TMPV,2026-01-27,480.00,CE,0.00,0.00,0.00,9.40,5.80,0,0,0,411.35
2025-10-29,TMPV,2026-01-27,460.00,CE,0.00,0.00,0.00,13.80,9.50,0,0,0,411.35
2025-10-29,TMPV,2026-01-27,440.00,CE,0.00,0.00,0.00,19.80,15.00,0,0,0,411.35
2025-10-29,TMPV,2026-01-27,400.00,CE,0.00,0.00,0.00,37.70,32.90,0,0,0,411.35
2025-10-29,TMPV,2026-01-27,320.00,CE,0.00,0.00,0.00,98.10,96.55,0,0,0,411.35
2025-10-29,TMPV,2026-01-27,280.00,CE,0.00,0.00,0.00,136.00,135.35,0,0,0,411.35
2025-10-29,TMPV,2025-12-30,500.00,CE,0.00,0.00,0.00,189.10,1.50,0,0,0,411.35
2025-10-29,TMPV,2025-12-30,480.00,CE,5.35,5.95,4.90,5.05,5.05,204800,122400,288,411.35
2025-10-29,TMPV,2025-12-30,460.00,CE,8.30,12.00,8.30,8.45,8.45,8000,0,5,411.35
2025-10-29,TMPV,2025-12-30,440.00,CE,14.25,14.90,12.85,13.20,13.20,142400,20000,96,411.35
2025-10-29,TMPV,2025-12-30,430.00,CE,0.00,0.00,0.00,17.90,13.80,0,0,0,411.35
2025-10-29,TMPV,2025-12-30,420.00,CE,19.00,23.35,19.00,20.85,20.85,188800,19200,87,411.35
2025-10-29,TMPV,2025-12-30,400.00,CE,29.65,34.00,28.55,31.30,31.30,260800,92800,188,411.35
2025-10-29,TMPV,2025-12-30,390.00,CE,0.00,0.00,0.00,38.15,34.40,0,0,0,411.35
2025-10-29,TMPV,2025-12-30,350.00,CE,0.00,0.00,0.00,68.35,66.40,0,0,0,411.35
2025-10-29,TMPV,2025-12-30,340.00,CE,0.00,0.00,0.00,325.15,75.60,0,0,0,411.35
2025-10-29,TMPV,2025-12-30,320.00,CE,0.00,0.00,0.00,378.40,94.70,0,0,0,411.35
2025-10-29,TMPV,2025-12-30,280.00,CE,0.00,0.00,0.00,384.40,134.10,0,0,0,411.35
2025-10-29,TMPV,2025-11-25,520.00,CE,0.00,0.00,0.00,165.75,0.05,0,0,0,411.35
2025-10-29,TMPV,2025-11-25,470.00,CE,1.80,2.15,1.60,1.70,1.70,1240000,345600,1552,411.35
2025-10-29,TMPV,2025-11-25,440.00,CE,6.05,6.95,5.10,5.85,5.85,1064800,129600,1859,411.35
2025-10-29,TMPV,2025-11-25,430.00,CE,8.35,10.00,7.30,8.60,8.60,1272000,116000,2085,411.35
2025-10-29,TMPV,2025-11-25,400.00,CE,23.00,25.25,19.85,22.95,22.95,1379200,-153600,2328,411.35
2025-10-29,TMPV,2025-11-25,390.00,CE,26.40,32.40,26.40,29.45,29.45,243200,44800,379,411.35
2025-10-29,TMPV,2025-11-25,350.00,CE,60.15,68.30,60.15,67.40,63.05,111200,5600,23,411.35
2025-10-29,TMPV,2025-11-25,340.00,CE,0.00,0.00,0.00,323.20,72.85,0,0,0,411.35
2025-10-29,TMPV,2025-11-25,300.00,CE,112.70,117.00,112.70,115.50,112.60,3200,1600,4,411.35
2025-10-29,TMPV,2025-12-30,390.00,PE,0.00,0.00,0.00,12.55,9.25,0,0,0,411.35
2025-10-29,TMPV,2026-01-27,520.00,PE,0.00,0.00,0.00,104.70,103.25,0,0,0,411.35
2025-10-29,TMPV,2026-01-27,500.00,PE,0.00,0.00,0.00,87.20,85.00,0,0,0,411.35
2025-10-29,TMPV,2026-01-27,480.00,PE,0.00,0.00,0.00,70.60,67.65,0,0,0,411.35
2025-10-29,TMPV,2026-01-27,400.00,PE,0.00,0.00,0.00,20.15,15.95,0,0,0,411.35
2025-10-29,TMPV,2026-01-27,380.00,PE,0.00,0.00,0.00,12.70,9.05,0,0,0,411.35
2025-10-29,TMPV,2026-01-27,340.00,PE,0.00,0.00,0.00,3.80,2.00,0,0,0,411.35
2025-10-29,TMPV,2026-01-27,280.00,PE,0.00,0.00,0.00,0.25,0.05,0,0,0,411.35
2025-10-29,TMPV,2025-12-30,520.00,PE,0.00,0.00,0.00,2.30,104.30,0,0,0,411.35
2025-10-29,TMPV,2025-12-30,500.00,PE,85.00,85.00,85.00,85.00,85.30,800,800,1,411.35
2025-10-29,TMPV,2025-12-30,480.00,PE,0.00,0.00,0.00,0.70,67.05,0,0,0,411.35
2025-10-29,TMPV,2025-12-30,470.00,PE,0.00,0.00,0.00,60.70,58.35,0,0,0,411.35
2025-10-29,TMPV,2025-12-30,450.00,PE,0.00,0.00,0.00,45.30,42.20,0,0,0,411.35
2025-10-29,TMPV,2025-12-30,440.00,PE,0.00,0.00,0.00,0.15,34.90,0,0,0,411.35
2025-10-29,TMPV,2025-12-30,320.00,PE,0.00,0.00,0.00,0.05,0.25,0,0,0,411.35
2025-10-29,TMPV,2025-12-30,360.00,PE,5.15,5.20,4.05,4.40,4.40,112000,54400,107,411.35
2025-10-29,TMPV,2025-12-30,410.00,PE,0.00,0.00,0.00,20.90,17.20,0,0,0,411.35
2025-10-29,TMPV,2025-12-30,420.00,PE,24.25,24.25,22.80,23.40,22.35,14400,8800,11,411.35
2025-10-29,TMPV,2025-12-30,430.00,PE,0.00,0.00,0.00,31.90,28.30,0,0,0,411.35
2025-10-29,TMPV,2025-12-30,460.00,PE,0.00,0.00,0.00,0.05,50.05,0,0,0,411.35
2025-10-29,TMPV,2026-01-27,320.00,PE,0.00,0.00,0.00,1.75,0.70,0,0,0,411.35
2025-10-29,TMPV,2026-01-27,360.00,PE,0.00,0.00,0.00,7.35,4.55,0,0,0,411.35
2025-10-29,TMPV,2026-01-27,420.00,PE,0.00,0.00,0.00,29.85,25.40,0,0,0,411.35
2025-10-29,TMPV,2026-01-27,440.00,PE,0.00,0.00,0.00,41.65,37.45,0,0,0,411.35
2025-10-29,TMPV,2026-01-27,460.00,PE,0.00,0.00,0.00,55.30,51.65,0,0,0,411.35
2025-10-29,TMPV,2025-12-30,340.00,PE,0.00,0.00,0.00,0.05,0.90,0,0,0,411.35
2025-10-29,TMPV,2025-11-25,320.00,CE,0.00,0.00,0.00,90.20,92.70,0,0,0,411.35
2025-10-29,TMPV,2025-11-25,330.00,CE,0.00,0.00,0.00,333.15,82.75,0,0,0,411.35
2025-10-29,TMPV,2025-11-25,360.00,CE,52.25,58.00,51.10,54.80,54.80,103200,10400,74,411.35
2025-10-29,TMPV,2025-11-25,370.00,CE,42.30,49.20,42.30,45.95,44.10,344800,-5600,103,411.35
2025-10-29,TMPV,2025-11-25,380.00,CE,36.20,40.50,33.60,37.45,37.45,252800,9600,217,411.35
2025-10-29,TMPV,2025-11-25,410.00,CE,17.30,19.00,14.55,17.00,17.00,1705600,18400,3270,411.35
2025-10-29,TMPV,2025-11-25,420.00,CE,12.40,14.05,10.00,12.35,12.35,2752000,1126400,6244,411.35
2025-10-29,TMPV,2025-11-25,450.00,CE,4.65,4.85,3.60,4.00,4.00,2751200,73600,3936,411.35
2025-10-29,TMPV,2025-11-25,460.00,CE,2.95,3.25,2.45,2.60,2.60,772800,182400,1140,411.35
2025-10-29,TMPV,2025-11-25,480.00,CE,1.25,1.40,1.00,1.10,1.10,2380000,376800,1145,411.35
2025-10-29,TMPV,2025-11-25,500.00,CE,0.95,0.95,0.55,0.60,0.60,1568000,362400,1321,411.35
2025-10-29,TMPV,2025-12-30,360.00,CE,63.55,63.55,63.40,63.40,57.55,2400,2400,3,411.35
2025-10-29,TMPV,2025-12-30,370.00,CE,0.00,0.00,0.00,52.15,49.20,0,0,0,411.35
2025-10-29,TMPV,2025-12-30,380.00,CE,0.00,0.00,0.00,285.70,41.45,0,0,0,411.35
2025-10-29,TMPV,2025-12-30,410.00,CE,25.70,28.05,25.70,27.15,22.55,4000,4000,6,411.35
2025-10-29,TMPV,2025-12-30,450.00,CE,10.45,10.60,10.45,10.50,10.50,2400,2400,5,411.35
2025-10-29,TMPV,2025-12-30,470.00,CE,0.00,0.00,0.00,7.10,4.25,0,0,0,411.35
2025-10-29,TMPV,2025-12-30,520.00,CE,2.00,2.30,2.00,2.15,2.15,66400,66400,92,411.35
2025-10-29,TMPV,2026-01-27,340.00,CE,0.00,0.00,0.00,80.45,78.10,0,0,0,411.35
2025-10-29,TMPV,2026-01-27,360.00,CE,0.00,0.00,0.00,64.25,60.95,0,0,0,411.35
2025-10-29,TMPV,2026-01-27,380.00,CE,0.00,0.00,0.00,49.90,45.75,0,0,0,411.35
2025-10-29,TMPV,2026-01-27,420.00,CE,0.00,0.00,0.00,27.70,22.70,0,0,0,411.35
2025-10-29,TMPV,2026-01-27,500.00,CE,0.00,0.00,0.00,6.25,3.40,0,0,0,411.35
2025-10-29,TMPV,2025-11-25,300.00,PE,0.25,0.25,0.25,0.25,0.25,171200,5600,8,411.35
2025-10-29,TMPV,2025-11-25,320.00,PE,0.40,0.40,0.20,0.25,0.25,231200,-16000,132,411.35
2025-10-29,TMPV,2025-11-25,330.00,PE,0.45,0.45,0.30,0.35,0.35,344800,-32000,184,411.35
2025-10-29,TMPV,2025-11-25,350.00,PE,1.15,1.15,0.65,0.70,0.70,631200,-488800,1165,411.35
2025-10-29,TMPV,2025-11-25,370.00,PE,2.25,2.65,1.70,1.75,1.75,684000,107200,1224,411.35
2025-10-29,TMPV,2025-11-25,390.00,PE,5.00,6.80,4.75,5.05,5.05,772000,107200,974,411.35
2025-10-29,TMPV,2025-11-25,400.00,PE,9.65,10.35,7.35,8.15,8.15,1785600,162400,2074,411.35
2025-10-29,TMPV,2025-11-25,410.00,PE,14.75,15.15,11.20,12.40,12.40,1183200,164800,1971,411.35
2025-10-29,TMPV,2025-11-25,420.00,PE,20.60,33.25,16.00,17.80,17.80,700800,145600,891,411.35
2025-10-29,TMPV,2025-11-25,430.00,PE,26.75,27.50,22.10,24.05,24.05,146400,5600,130,411.35
2025-10-29,TMPV,2025-11-25,440.00,PE,34.20,35.40,29.00,31.55,30.95,138400,-7200,93,411.35
2025-10-29,TMPV,2025-11-25,470.00,PE,61.10,61.45,54.55,56.60,56.60,198400,11200,32,411.35
2025-10-29,TMPV,2025-12-30,280.00,PE,0.00,0.00,0.00,0.05,0.05,0,0,0,411.35
2025-10-29,TMPV,2025-12-30,400.00,PE,16.00,16.55,13.35,14.55,14.55,272800,140000,212,411.35
2025-10-29,TMPV,2025-12-30,380.00,PE,6.20,8.70,6.20,8.20,8.20,8800,8800,13,411.35
2025-10-29,TMPV,2025-12-30,370.00,PE,0.00,0.00,0.00,6.75,4.25,0,0,0,411.35
2025-10-29,TMPV,2025-12-30,350.00,PE,0.00,0.00,0.00,3.20,1.65,0,0,0,411.35
2025-10-29,TMPV,2025-11-25,520.00,PE,103.50,104.40,103.50,104.40,106.45,3200,3200,4,411.35
2025-10-29,TMPV,2025-11-25,500.00,PE,88.65,88.70,82.25,85.05,85.05,489600,44800,85,411.35
2025-10-29,TMPV,2025-11-25,480.00,PE,70.75,70.85,63.60,66.35,67.05,59200,17600,32,411.35
2025-10-29,TMPV,2025-11-25,460.00,PE,49.75,49.75,45.30,47.60,47.60,132800,9600,31,411.35
2025-10-29,TMPV,2025-11-25,450.00,PE,42.45,43.55,36.90,39.45,39.45,254400,9600,51,411.35
2025-10-29,TMPV,2025-11-25,380.00,PE,3.85,4.25,2.85,3.05,3.05,1140800,105600,1690,411.35
2025-10-30,TMPV,2025-11-25,440.00,PE,30.00,34.05,29.55,31.45,31.45,149600,11200,95,412.45
2025-10-30,TMPV,2026-01-27,280.00,CE,0.00,0.00,0.00,136.00,136.40,0,0,0,412.45
2025-10-30,TMPV,2026-01-27,320.00,CE,0.00,0.00,0.00,98.10,97.55,0,0,0,412.45
2025-10-30,TMPV,2026-01-27,400.00,CE,39.05,39.05,39.05,39.05,33.40,800,800,1,412.45
2025-10-30,TMPV,2026-01-27,440.00,CE,0.00,0.00,0.00,19.80,15.20,0,0,0,412.45
2025-10-30,TMPV,2026-01-27,460.00,CE,0.00,0.00,0.00,13.80,9.60,0,0,0,412.45
2025-10-30,TMPV,2026-01-27,480.00,CE,0.00,0.00,0.00,9.40,5.85,0,0,0,412.45
2025-10-30,TMPV,2026-01-27,520.00,CE,0.00,0.00,0.00,4.05,1.95,0,0,0,412.45
2025-10-30,TMPV,2025-11-25,340.00,PE,0.45,0.45,0.35,0.35,0.35,280000,4800,194,412.45
2025-10-30,TMPV,2025-11-25,360.00,PE,0.85,1.10,0.80,0.85,0.85,2347200,121600,1211,412.45
2025-10-30,TMPV,2025-11-25,380.00,PE,3.00,3.55,2.65,2.80,2.80,1136800,-4000,1475,412.45
2025-10-30,TMPV,2025-11-25,450.00,PE,38.00,42.40,37.80,39.25,39.25,265600,11200,59,412.45
2025-10-30,TMPV,2025-11-25,460.00,PE,46.30,51.20,46.25,48.90,47.10,130400,-2400,26,412.45
2025-10-30,TMPV,2025-11-25,480.00,PE,65.00,68.65,64.50,68.10,66.00,64800,5600,18,412.45
2025-10-30,TMPV,2025-11-25,500.00,PE,83.70,89.00,83.65,86.45,85.60,513600,24000,39,412.45
2025-10-30,TMPV,2025-12-30,320.00,PE,0.00,0.00,0.00,0.05,0.20,0,0,0,412.45
2025-10-30,TMPV,2025-12-30,340.00,PE,0.00,0.00,0.00,0.05,0.85,0,0,0,412.45
2025-10-30,TMPV,2025-12-30,360.00,PE,4.10,4.35,3.60,3.65,3.65,208800,96800,164,412.45
2025-10-30,TMPV,2025-12-30,410.00,PE,18.60,19.50,18.15,18.30,18.30,9600,9600,39,412.45
2025-10-30,TMPV,2025-12-30,420.00,PE,22.55,25.20,22.55,23.10,23.10,24800,10400,67,412.45
2025-10-30,TMPV,2025-12-30,430.00,PE,30.50,30.55,28.30,28.30,28.30,10400,10400,33,412.45
2025-10-30,TMPV,2025-12-30,460.00,PE,0.00,0.00,0.00,0.05,49.05,0,0,0,412.45
2025-10-30,TMPV,2026-01-27,320.00,PE,0.00,0.00,0.00,1.75,0.65,0,0,0,412.45
2025-10-30,TMPV,2026-01-27,360.00,PE,0.00,0.00,0.00,7.35,4.30,0,0,0,412.45
2025-10-30,TMPV,2026-01-27,420.00,PE,0.00,0.00,0.00,29.85,24.75,0,0,0,412.45
2025-10-30,TMPV,2026-01-27,440.00,PE,0.00,0.00,0.00,41.65,36.60,0,0,0,412.45
2025-10-30,TMPV,2026-01-27,460.00,PE,0.00,0.00,0.00,55.30,50.75,0,0,0,412.45
2025-10-30,TMPV,2025-11-25,320.00,CE,0.00,0.00,0.00,90.20,93.75,0,0,0,412.45
2025-10-30,TMPV,2025-11-25,360.00,CE,56.45,57.60,50.95,54.30,54.30,112000,8800,54,412.45
2025-10-30,TMPV,2025-11-25,370.00,CE,47.70,47.75,41.75,45.45,45.45,378400,33600,181,412.45
2025-10-30,TMPV,2025-11-25,380.00,CE,38.55,39.60,33.60,36.10,36.10,249600,-3200,115,412.45
2025-10-30,TMPV,2025-11-25,410.00,CE,17.30,18.65,14.10,15.80,15.80,2076000,370400,3110,412.45
2025-10-30,TMPV,2025-11-25,420.00,CE,12.70,13.60,10.05,11.20,11.20,2970400,218400,3776,412.45
2025-10-30,TMPV,2025-11-25,450.00,CE,4.10,4.55,3.10,3.40,3.40,2909600,158400,3036,412.45
2025-10-30,TMPV,2025-11-25,460.00,CE,2.90,2.95,2.00,2.15,2.15,816000,43200,810,412.45
2025-10-30,TMPV,2025-11-25,480.00,CE,0.95,1.25,0.80,0.85,0.85,1802400,-577600,2351,412.45
2025-10-30,TMPV,2025-11-25,500.00,CE,0.50,0.60,0.35,0.45,0.45,1861600,293600,1650,412.45
2025-10-30,TMPV,2025-12-30,360.00,CE,57.80,57.80,57.80,57.80,58.40,3200,800,1,412.45
2025-10-30,TMPV,2025-12-30,370.00,CE,0.00,0.00,0.00,52.15,50.00,0,0,0,412.45
2025-10-30,TMPV,2025-12-30,380.00,CE,0.00,0.00,0.00,285.70,42.15,0,0,0,412.45
2025-10-30,TMPV,2025-12-30,410.00,CE,23.10,23.80,22.85,23.05,22.90,18400,14400,40,412.45
2025-10-30,TMPV,2026-01-27,380.00,PE,10.75,11.65,10.60,10.60,8.65,32800,32800,43,412.45
2025-10-30,TMPV,2025-11-25,520.00,PE,102.85,102.85,102.85,102.85,105.45,4800,1600,2,412.45
2025-10-30,TMPV,2025-12-30,350.00,PE,0.00,0.00,0.00,3.20,1.50,0,0,0,412.45
2025-10-30,TMPV,2025-12-30,370.00,PE,0.00,0.00,0.00,6.75,4.00,0,0,0,412.45
2025-10-30,TMPV,2025-12-30,380.00,PE,7.70,8.40,7.40,7.50,6.05,92800,84000,123,412.45
2025-10-30,TMPV,2025-12-30,390.00,PE,9.90,11.00,9.80,9.90,9.90,26400,26400,69,412.45
2025-10-30,TMPV,2025-12-30,400.00,PE,13.55,14.90,13.35,13.50,13.50,280000,7200,70,412.45
2025-10-30,TMPV,2025-12-30,440.00,PE,36.00,38.05,36.00,36.00,34.05,35200,35200,49,412.45
2025-10-30,TMPV,2025-12-30,450.00,PE,0.00,0.00,0.00,45.30,41.30,0,0,0,412.45
2025-10-30,TMPV,2025-12-30,470.00,PE,0.00,0.00,0.00,60.70,57.35,0,0,0,412.45
2025-10-30,TMPV,2025-12-30,480.00,PE,0.00,0.00,0.00,0.70,66.05,0,0,0,412.45
2025-10-30,TMPV,2025-12-30,500.00,PE,0.00,0.00,0.00,85.00,84.25,800,0,0,412.45
2025-10-30,TMPV,2025-11-25,470.00,PE,55.10,60.40,55.05,57.95,57.95,203200,4800,35,412.45
2025-10-30,TMPV,2025-12-30,500.00,CE,0.00,0.00,0.00,189.10,1.50,0,0,0,412.45
2025-10-30,TMPV,2025-12-30,480.00,CE,4.25,4.35,4.00,4.25,4.25,304000,99200,189,412.45
2025-10-30,TMPV,2025-12-30,460.00,CE,8.70,8.85,6.75,7.15,7.15,23200,15200,31,412.45
2025-10-30,TMPV,2025-12-30,440.00,CE,13.40,13.40,11.25,12.25,12.25,163200,20800,97,412.45
2025-10-30,TMPV,2025-12-30,430.00,CE,14.75,15.35,14.35,15.35,15.35,7200,7200,13,412.45
2025-10-30,TMPV,2025-12-30,420.00,CE,21.70,21.70,18.15,19.65,19.65,190400,1600,114,412.45
2025-10-30,TMPV,2025-12-30,400.00,CE,31.95,32.55,28.00,29.50,29.50,248000,-12800,102,412.45
2025-10-30,TMPV,2025-12-30,390.00,CE,0.00,0.00,0.00,38.15,34.95,0,0,0,412.45
2025-10-30,TMPV,2025-12-30,350.00,CE,0.00,0.00,0.00,68.35,67.30,0,0,0,412.45
2025-10-30,TMPV,2025-12-30,340.00,CE,0.00,0.00,0.00,325.15,76.55,0,0,0,412.45
2025-10-30,TMPV,2025-12-30,320.00,CE,0.00,0.00,0.00,378.40,95.70,0,0,0,412.45
2025-10-30,TMPV,2025-11-25,520.00,CE,0.30,0.35,0.15,0.15,0.15,262400,262400,566,412.45
2025-10-30,TMPV,2025-11-25,470.00,CE,1.80,1.90,1.25,1.35,1.35,1787200,547200,2686,412.45
2025-10-30,TMPV,2025-11-25,440.00,CE,6.20,6.60,4.70,5.25,5.25,1149600,84800,1738,412.45
2025-10-30,TMPV,2025-11-25,300.00,CE,111.00,113.95,111.00,113.95,113.95,3200,0,4,412.45
2025-10-30,TMPV,2025-11-25,340.00,CE,0.00,0.00,0.00,323.20,73.90,0,0,0,412.45
2025-10-30,TMPV,2025-11-25,350.00,CE,66.40,66.40,62.10,62.95,64.05,116800,5600,13,412.45
2025-10-30,TMPV,2025-11-25,390.00,CE,30.35,31.70,26.00,28.35,28.35,249600,6400,279,412.45
2025-10-30,TMPV,2025-11-25,400.00,CE,23.75,24.50,19.35,21.60,21.60,1374400,-4800,1178,412.45
2025-10-30,TMPV,2025-11-25,430.00,CE,9.40,9.55,6.85,7.80,7.80,1368800,96800,1668,412.45
2025-10-30,TMPV,2026-01-27,400.00,PE,0.00,0.00,0.00,20.15,15.40,0,0,0,412.45
2025-10-30,TMPV,2026-01-27,480.00,PE,0.00,0.00,0.00,70.60,66.70,0,0,0,412.45
2025-10-30,TMPV,2026-01-27,500.00,PE,0.00,0.00,0.00,87.20,84.00,0,0,0,412.45
2025-10-30,TMPV,2026-01-27,520.00,PE,0.00,0.00,0.00,104.70,102.25,0,0,0,412.45
2025-10-30,TMPV,2026-01-27,340.00,PE,0.00,0.00,0.00,3.80,1.85,0,0,0,412.45
2025-10-30,TMPV,2026-01-27,280.00,PE,0.00,0.00,0.00,0.25,0.05,0,0,0,412.45
2025-10-30,TMPV,2025-12-30,520.00,PE,0.00,0.00,0.00,2.30,103.25,0,0,0,412.45
2025-10-30,TMPV,2025-12-30,450.00,CE,11.00,11.00,8.70,8.85,8.05,18400,16000,30,412.45
2025-10-30,TMPV,2025-12-30,470.00,CE,4.60,5.55,4.60,5.55,5.55,44000,44000,77,412.45
2025-10-30,TMPV,2025-12-30,520.00,CE,2.15,2.15,1.70,1.75,1.75,72800,6400,24,412.45
2025-10-30,TMPV,2026-01-27,340.00,CE,0.00,0.00,0.00,80.45,79.05,0,0,0,412.45
2025-10-30,TMPV,2026-01-27,360.00,CE,0.00,0.00,0.00,64.25,61.75,0,0,0,412.45
2025-10-30,TMPV,2026-01-27,380.00,CE,0.00,0.00,0.00,49.90,46.40,0,0,0,412.45
2025-10-30,TMPV,2026-01-27,420.00,CE,0.00,0.00,0.00,27.70,23.00,0,0,0,412.45
2025-10-30,TMPV,2026-01-27,500.00,CE,0.00,0.00,0.00,6.25,3.40,0,0,0,412.45
2025-10-30,TMPV,2025-11-25,300.00,PE,0.15,0.20,0.15,0.15,0.05,168800,-2400,22,412.45
2025-10-30,TMPV,2025-11-25,320.00,PE,0.25,0.25,0.20,0.20,0.20,221600,-9600,96,412.45
2025-10-30,TMPV,2025-11-25,330.00,PE,0.30,0.30,0.20,0.25,0.25,327200,-17600,127,412.45
2025-10-30,TMPV,2025-11-25,350.00,PE,0.70,0.70,0.50,0.55,0.55,545600,-85600,619,412.45
2025-10-30,TMPV,2025-11-25,370.00,PE,1.70,2.00,1.50,1.60,1.60,764000,80000,754,412.45
2025-10-30,TMPV,2025-11-25,390.00,PE,4.75,5.95,4.50,4.75,4.75,796000,24000,1208,412.45
2025-10-30,TMPV,2025-11-25,400.00,PE,8.20,9.55,7.30,7.90,7.90,1796800,11200,1638,412.45
2025-10-30,TMPV,2025-11-25,410.00,PE,12.60,14.15,11.20,11.95,11.95,1286400,103200,2077,412.45
2025-10-30,TMPV,2025-11-25,420.00,PE,17.05,20.00,16.10,17.30,17.30,787200,86400,712,412.45
2025-10-30,TMPV,2025-11-25,430.00,PE,22.40,26.75,22.25,23.90,23.90,172800,26400,202,412.45
2025-10-31,TMPV,2025-11-25,420.00,CE,11.65,14.35,9.90,10.30,10.30,3385600,415200,6338,410.00
2025-10-31,TMPV,2025-11-25,450.00,CE,3.60,4.65,3.00,3.15,3.15,3003200,93600,3200,410.00
2025-10-31,TMPV,2025-11-25,460.00,CE,2.55,3.05,1.90,2.00,2.00,890400,74400,1119,410.00
2025-10-31,TMPV,2025-11-25,480.00,CE,0.85,1.20,0.70,0.75,0.75,1948000,145600,1573,410.00
2025-10-31,TMPV,2026-01-27,460.00,PE,0.00,0.00,0.00,55.30,52.45,0,0,0,410.00
2025-10-31,TMPV,2026-01-27,440.00,PE,0.00,0.00,0.00,41.65,38.00,0,0,0,410.00
2025-10-31,TMPV,2026-01-27,360.00,PE,0.00,0.00,0.00,7.35,4.55,0,0,0,410.00
2025-10-31,TMPV,2026-01-27,320.00,PE,0.00,0.00,0.00,1.75,0.70,0,0,0,410.00
2025-10-31,TMPV,2025-12-30,460.00,PE,0.00,0.00,0.00,0.05,50.90,0,0,0,410.00
2025-10-31,TMPV,2025-12-30,430.00,PE,27.70,29.00,26.20,29.00,28.75,20800,10400,17,410.00
2025-10-31,TMPV,2025-12-30,420.00,PE,22.00,24.35,20.30,23.15,22.70,40800,16000,39,410.00
2025-10-31,TMPV,2025-12-30,410.00,PE,16.80,18.00,16.50,18.00,17.45,14400,4800,10,410.00
2025-10-31,TMPV,2025-12-30,360.00,PE,3.65,3.95,3.20,3.45,3.45,286400,77600,194,410.00
2025-10-31,TMPV,2025-12-30,340.00,PE,0.00,0.00,0.00,0.05,0.90,0,0,0,410.00
2025-10-31,TMPV,2026-01-27,420.00,PE,0.00,0.00,0.00,29.85,25.80,0,0,0,410.00
2025-10-31,TMPV,2025-11-25,340.00,CE,0.00,0.00,0.00,323.20,71.40,0,0,0,410.00
2025-10-31,TMPV,2025-11-25,350.00,CE,63.55,63.55,61.60,62.65,62.65,120000,3200,7,410.00
2025-10-31,TMPV,2025-11-25,390.00,CE,28.10,33.35,26.00,27.25,27.25,254400,4800,208,410.00
2025-10-31,TMPV,2025-11-25,400.00,CE,21.60,25.95,19.35,20.30,20.30,1461600,87200,1999,410.00
2025-10-31,TMPV,2025-11-25,430.00,CE,7.85,10.15,6.75,7.05,7.05,1581600,212800,2807,410.00
2025-10-31,TMPV,2025-11-25,440.00,CE,5.50,6.90,4.55,4.75,4.75,1265600,116000,2725,410.00
2025-10-31,TMPV,2025-11-25,470.00,CE,1.35,1.85,1.15,1.25,1.25,1908000,120800,1426,410.00
2025-10-31,TMPV,2025-11-25,520.00,CE,0.20,0.25,0.15,0.15,0.15,294400,32000,273,410.00
2025-10-31,TMPV,2025-12-30,320.00,CE,0.00,0.00,0.00,378.40,93.25,0,0,0,410.00
2025-10-31,TMPV,2025-12-30,340.00,CE,0.00,0.00,0.00,325.15,74.10,0,0,0,410.00
2025-10-31,TMPV,2025-12-30,350.00,CE,0.00,0.00,0.00,68.35,64.90,0,0,0,410.00
2025-10-31,TMPV,2025-12-30,390.00,CE,0.00,0.00,0.00,38.15,33.00,0,0,0,410.00
2025-10-31,TMPV,2025-12-30,400.00,CE,30.90,33.30,27.90,28.45,28.45,244000,-4000,55,410.00
2025-10-31,TMPV,2025-12-30,420.00,CE,19.20,22.20,17.65,18.20,18.20,183200,-7200,81,410.00
2025-10-31,TMPV,2025-12-30,430.00,CE,16.50,16.50,14.00,14.00,14.00,10400,3200,6,410.00
2025-10-31,TMPV,2025-12-30,440.00,CE,12.25,13.85,10.70,11.15,11.15,152800,-10400,137,410.00
2025-10-31,TMPV,2025-12-30,460.00,CE,7.80,7.80,6.20,6.25,6.25,30400,7200,16,410.00
2025-10-31,TMPV,2025-12-30,480.00,CE,4.25,4.75,3.50,3.60,3.60,360000,56000,190,410.00
2025-10-31,TMPV,2025-12-30,500.00,CE,0.00,0.00,0.00,189.10,1.25,0,0,0,410.00
2025-10-31,TMPV,2026-01-27,280.00,CE,0.00,0.00,0.00,136.00,133.90,0,0,0,410.00
2025-10-31,TMPV,2026-01-27,320.00,CE,0.00,0.00,0.00,98.10,95.10,0,0,0,410.00
2025-10-31,TMPV,2026-01-27,400.00,CE,35.60,35.60,35.60,35.60,31.60,1600,800,1,410.00
2025-10-31,TMPV,2026-01-27,440.00,CE,0.00,0.00,0.00,19.80,14.05,0,0,0,410.00
2025-10-31,TMPV,2026-01-27,460.00,CE,0.00,0.00,0.00,13.80,8.80,0,0,0,410.00
2025-10-31,TMPV,2026-01-27,480.00,CE,0.00,0.00,0.00,9.40,5.25,0,0,0,410.00
2025-10-31,TMPV,2026-01-27,520.00,CE,0.00,0.00,0.00,4.05,1.70,0,0,0,410.00
2025-10-31,TMPV,2025-11-25,340.00,PE,0.35,0.40,0.30,0.35,0.35,283200,3200,230,410.00
2025-10-31,TMPV,2025-11-25,360.00,PE,0.90,0.90,0.70,0.90,0.90,2436000,88800,1003,410.00
2025-10-31,TMPV,2025-11-25,380.00,PE,2.80,3.20,2.20,2.85,2.85,1254400,117600,1681,410.00
2025-10-31,TMPV,2025-11-25,450.00,PE,40.00,42.30,34.60,40.50,40.50,279200,13600,122,410.00
2025-10-31,TMPV,2025-11-25,460.00,PE,47.05,51.15,43.15,50.05,49.30,145600,15200,84,410.00
2025-10-31,TMPV,2025-11-25,480.00,PE,66.55,68.80,61.75,67.90,67.90,74400,9600,37,410.00
2025-10-31,TMPV,2025-11-25,500.00,PE,81.00,87.50,81.00,87.50,87.50,518400,4800,26,410.00
2025-10-31,TMPV,2025-11-25,520.00,PE,100.00,102.85,100.00,102.85,107.95,4000,-800,3,410.00
2025-10-31,TMPV,2025-12-30,350.00,PE,0.00,0.00,0.00,3.20,1.60,0,0,0,410.00
2025-10-31,TMPV,2025-12-30,370.00,PE,5.20,5.20,5.20,5.20,4.25,800,800,1,410.00
2025-10-31,TMPV,2025-12-30,380.00,PE,7.25,7.35,6.30,7.15,7.15,105600,12800,40,410.00
2025-10-31,TMPV,2025-12-30,390.00,PE,9.70,10.20,8.70,10.20,9.30,37600,11200,21,410.00
2025-10-31,TMPV,2025-12-30,400.00,PE,13.30,13.85,11.75,13.65,13.65,300000,20000,95,410.00
2025-10-31,TMPV,2025-12-30,440.00,PE,32.40,36.55,32.40,36.55,35.55,36000,800,5,410.00
2025-10-31,TMPV,2025-12-30,450.00,PE,0.00,0.00,0.00,45.30,42.95,0,0,0,410.00
2025-10-31,TMPV,2025-12-30,470.00,PE,0.00,0.00,0.00,60.70,59.35,0,0,0,410.00
2025-10-31,TMPV,2025-12-30,480.00,PE,0.00,0.00,0.00,0.70,68.15,0,0,0,410.00
2025-10-31,TMPV,2025-12-30,500.00,PE,85.00,87.00,85.00,86.00,86.00,11200,10400,13,410.00
2025-10-31,TMPV,2025-12-30,520.00,PE,0.00,0.00,0.00,2.30,105.70,0,0,0,410.00
2025-10-31,TMPV,2026-01-27,280.00,PE,0.00,0.00,0.00,0.25,0.05,0,0,0,410.00
2025-10-31,TMPV,2026-01-27,340.00,PE,0.00,0.00,0.00,3.80,1.95,0,0,0,410.00
2025-10-31,TMPV,2026-01-27,380.00,PE,9.90,10.75,8.50,10.75,10.75,41600,8800,15,410.00
2025-10-31,TMPV,2026-01-27,400.00,PE,0.00,0.00,0.00,20.15,16.10,0,0,0,410.00
2025-10-31,TMPV,2026-01-27,480.00,PE,0.00,0.00,0.00,70.60,68.65,0,0,0,410.00
2025-10-31,TMPV,2026-01-27,500.00,PE,0.00,0.00,0.00,87.20,86.15,0,0,0,410.00
2025-10-31,TMPV,2026-01-27,520.00,PE,0.00,0.00,0.00,104.70,104.55,0,0,0,410.00
2025-10-31,TMPV,2025-11-25,300.00,CE,117.00,117.00,117.00,117.00,111.20,2400,-800,1,410.00
2025-10-31,TMPV,2025-12-30,320.00,PE,0.00,0.00,0.00,0.05,0.25,0,0,0,410.00
2025-10-31,TMPV,2025-11-25,470.00,PE,52.30,60.35,52.30,58.35,58.35,212800,9600,48,410.00
2025-10-31,TMPV,2025-11-25,440.00,PE,31.10,33.95,27.00,32.15,32.15,192800,43200,153,410.00
2025-10-31,TMPV,2025-11-25,430.00,PE,23.65,26.15,20.00,24.55,24.55,300800,128000,470,410.00
2025-10-31,TMPV,2025-11-25,420.00,PE,16.90,19.35,14.25,17.85,17.85,1129600,342400,2098,410.00
2025-10-31,TMPV,2025-11-25,410.00,PE,11.95,13.50,9.70,12.35,12.35,1636800,350400,3530,410.00
2025-10-31,TMPV,2025-11-25,400.00,PE,7.65,9.10,6.20,8.05,8.05,1911200,114400,2309,410.00
2025-10-31,TMPV,2025-11-25,390.00,PE,4.55,5.60,3.70,4.90,4.90,966400,170400,1280,410.00
2025-10-31,TMPV,2025-11-25,370.00,PE,1.45,1.80,1.25,1.60,1.60,825600,61600,1027,410.00
2025-10-31,TMPV,2025-11-25,350.00,PE,0.55,0.60,0.45,0.60,0.60,549600,4000,350,410.00
2025-10-31,TMPV,2025-11-25,330.00,PE,0.20,0.25,0.15,0.25,0.25,265600,-61600,203,410.00
2025-10-31,TMPV,2025-11-25,320.00,PE,0.25,0.25,0.20,0.20,0.20,220800,-800,11,410.00
2025-10-31,TMPV,2025-11-25,300.00,PE,0.15,0.20,0.15,0.20,0.20,170400,1600,4,410.00
2025-10-31,TMPV,2026-01-27,500.00,CE,0.00,0.00,0.00,6.25,3.05,0,0,0,410.00
2025-10-31,TMPV,2026-01-27,420.00,CE,23.60,23.60,23.60,23.60,21.55,1600,1600,2,410.00
2025-10-31,TMPV,2026-01-27,380.00,CE,0.00,0.00,0.00,49.90,44.35,0,0,0,410.00
2025-10-31,TMPV,2026-01-27,360.00,CE,0.00,0.00,0.00,64.25,59.50,0,0,0,410.00
2025-10-31,TMPV,2026-01-27,340.00,CE,0.00,0.00,0.00,80.45,76.65,0,0,0,410.00
2025-10-31,TMPV,2025-12-30,520.00,CE,1.90,1.90,1.35,1.40,1.40,87200,14400,70,410.00
2025-10-31,TMPV,2025-12-30,470.00,CE,5.55,6.20,4.80,4.85,4.85,60000,16000,46,410.00
2025-10-31,TMPV,2025-12-30,450.00,CE,9.55,10.60,8.85,8.85,7.20,21600,3200,28,410.00
2025-10-31,TMPV,2025-12-30,410.00,CE,26.65,27.00,22.15,23.20,23.20,20000,1600,28,410.00
2025-10-31,TMPV,2025-12-30,380.00,CE,0.00,0.00,0.00,285.70,40.00,0,0,0,410.00
2025-10-31,TMPV,2025-12-30,370.00,CE,0.00,0.00,0.00,52.15,47.75,0,0,0,410.00
2025-10-31,TMPV,2025-12-30,360.00,CE,61.30,61.30,61.30,61.30,56.05,4000,800,1,410.00
2025-10-31,TMPV,2025-11-25,500.00,CE,0.40,0.60,0.30,0.35,0.35,2184000,322400,1703,410.00
2025-10-31,TMPV,2025-11-25,320.00,CE,0.00,0.00,0.00,90.20,91.25,0,0,0,410.00
2025-10-31,TMPV,2025-11-25,360.00,CE,54.10,59.65,51.55,53.00,53.00,131200,19200,79,410.00
2025-10-31,TMPV,2025-11-25,370.00,CE,45.60,50.15,42.10,43.85,43.85,263200,-115200,305,410.00
2025-10-31,TMPV,2025-11-25,380.00,CE,37.00,41.65,33.65,35.20,35.20,244800,-4800,114,410.00
2025-10-31,TMPV,2025-11-25,410.00,CE,16.25,19.50,14.00,14.65,14.65,2476800,400800,3428,410.00
2025-11-03,TMPV,2026-01-27,500.00,CE,0.00,0.00,0.00,6.25,3.65,0,0,0,417.00
2025-11-03,TMPV,2025-11-25,320.00,PE,0.15,0.25,0.15,0.20,0.20,212800,-8000,30,417.00
2025-11-03,TMPV,2025-11-25,330.00,PE,0.25,0.25,0.20,0.25,0.25,248800,-16800,56,417.00
2025-11-03,TMPV,2025-11-25,350.00,PE,0.60,0.65,0.40,0.45,0.45,588800,39200,215,417.00
2025-11-03,TMPV,2025-11-25,370.00,PE,1.45,1.80,1.20,1.25,1.25,816800,-8800,993,417.00
2025-11-03,TMPV,2025-11-25,390.00,PE,4.85,5.45,3.70,3.85,3.85,1039200,72800,1259,417.00
2025-11-03,TMPV,2025-11-25,400.00,PE,7.85,8.80,6.15,6.35,6.35,2177600,266400,3175,417.00
2025-11-03,TMPV,2025-11-25,410.00,PE,12.00,13.20,9.60,9.90,9.90,1504800,-132000,2702,417.00
2025-11-03,TMPV,2025-11-25,420.00,PE,15.85,18.95,14.30,14.75,14.75,1157600,28000,1347,417.00
2025-11-03,TMPV,2025-11-25,430.00,PE,24.40,25.50,20.40,20.80,20.80,362400,61600,1089,417.00
2025-11-03,TMPV,2025-11-25,440.00,PE,31.75,33.00,27.25,27.65,27.65,176800,-16000,98,417.00
2025-11-03,TMPV,2025-11-25,470.00,PE,58.10,59.65,53.15,53.40,53.40,213600,800,43,417.00
2025-11-03,TMPV,2025-12-30,320.00,PE,0.00,0.00,0.00,0.05,0.15,0,0,0,417.00
2025-11-03,TMPV,2025-12-30,340.00,PE,0.00,0.00,0.00,0.05,0.55,0,0,0,417.00
2025-11-03,TMPV,2025-12-30,360.00,PE,3.40,3.55,2.85,2.90,2.90,278400,-8000,71,417.00
2025-11-03,TMPV,2025-12-30,410.00,PE,17.85,18.00,15.60,15.60,15.60,16800,2400,23,417.00
2025-11-03,TMPV,2025-12-30,420.00,PE,23.15,23.65,20.00,20.30,20.30,44800,4000,18,417.00
2025-11-03,TMPV,2025-12-30,430.00,PE,27.75,29.45,25.90,25.90,25.90,20000,-800,9,417.00
2025-11-03,TMPV,2025-12-30,460.00,PE,0.00,0.00,0.00,0.05,45.25,0,0,0,417.00
2025-11-03,TMPV,2026-01-27,320.00,PE,0.00,0.00,0.00,1.75,0.45,0,0,0,417.00
2025-11-03,TMPV,2026-01-27,360.00,PE,0.00,0.00,0.00,7.35,3.45,0,0,0,417.00
2025-11-03,TMPV,2026-01-27,420.00,PE,0.00,0.00,0.00,29.85,22.15,0,0,0,417.00
2025-11-03,TMPV,2026-01-27,440.00,PE,0.00,0.00,0.00,41.65,33.50,0,0,0,417.00
2025-11-03,TMPV,2026-01-27,460.00,PE,0.00,0.00,0.00,55.30,47.25,0,0,0,417.00
2025-11-03,TMPV,2025-11-25,450.00,CE,3.90,4.20,3.05,4.05,4.05,3922400,919200,4492,417.00
2025-11-03,TMPV,2025-11-25,420.00,CE,10.30,13.45,10.15,13.00,13.00,4068800,683200,10115,417.00
2025-11-03,TMPV,2025-11-25,410.00,CE,16.35,18.45,14.30,17.95,17.95,2506400,29600,4236,417.00
2025-11-03,TMPV,2025-11-25,380.00,CE,37.25,40.75,34.60,40.30,40.30,246400,1600,131,417.00
2025-11-03,TMPV,2025-11-25,370.00,CE,45.00,49.10,43.35,48.75,48.75,253600,-9600,94,417.00
2025-11-03,TMPV,2025-11-25,360.00,CE,54.05,59.00,52.30,58.50,58.50,152800,21600,95,417.00
2025-11-03,TMPV,2025-11-25,320.00,CE,0.00,0.00,0.00,90.20,98.10,0,0,0,417.00
2025-11-03,TMPV,2025-12-30,360.00,CE,58.85,61.90,58.85,61.90,62.05,8800,4800,6,417.00
2025-11-03,TMPV,2025-11-25,460.00,CE,2.25,2.70,1.95,2.60,2.60,972000,81600,1341,417.00
2025-11-03,TMPV,2025-11-25,480.00,CE,0.95,1.10,0.75,1.05,1.05,2251200,303200,2299,417.00
2025-11-03,TMPV,2025-11-25,300.00,PE,0.20,0.20,0.20,0.20,0.05,172800,2400,3,417.00
2025-11-03,TMPV,2025-11-25,520.00,PE,103.15,104.45,103.15,104.45,101.20,9600,5600,7,417.00
2025-11-03,TMPV,2025-12-30,350.00,PE,2.00,2.00,2.00,2.00,1.05,800,800,1,417.00
2025-11-03,TMPV,2025-12-30,370.00,PE,5.00,5.20,4.25,4.35,4.35,32000,31200,39,417.00
2025-11-03,TMPV,2025-12-30,380.00,PE,7.00,7.45,6.05,6.15,6.15,112800,7200,90,417.00
2025-11-03,TMPV,2025-12-30,390.00,PE,8.60,8.60,8.60,8.60,7.15,37600,0,1,417.00
2025-11-03,TMPV,2025-12-30,400.00,PE,13.05,13.90,11.35,11.65,11.65,280800,-19200,125,417.00
2025-11-03,TMPV,2025-12-30,440.00,PE,32.50,32.50,31.75,32.00,32.00,36000,0,4,417.00
2025-11-03,TMPV,2025-12-30,450.00,PE,0.00,0.00,0.00,45.30,37.65,0,0,0,417.00
2025-11-03,TMPV,2025-12-30,470.00,PE,0.00,0.00,0.00,60.70,53.40,0,0,0,417.00
2025-11-03,TMPV,2025-12-30,480.00,PE,0.00,0.00,0.00,0.70,61.95,0,0,0,417.00
2025-11-03,TMPV,2025-12-30,500.00,PE,82.00,82.00,82.00,82.00,80.10,12000,800,1,417.00
2025-11-03,TMPV,2025-12-30,520.00,PE,105.45,105.70,102.00,102.00,99.05,2400,2400,8,417.00
2025-11-03,TMPV,2026-01-27,280.00,PE,0.00,0.00,0.00,0.25,0.05,0,0,0,417.00
2025-11-03,TMPV,2026-01-27,340.00,PE,0.00,0.00,0.00,3.80,1.40,0,0,0,417.00
2025-11-03,TMPV,2026-01-27,380.00,PE,10.00,10.00,9.20,9.20,7.30,42400,800,17,417.00
2025-11-03,TMPV,2026-01-27,400.00,PE,0.00,0.00,0.00,20.15,13.40,0,0,0,417.00
2025-11-03,TMPV,2026-01-27,480.00,PE,0.00,0.00,0.00,70.60,62.90,0,0,0,417.00
2025-11-03,TMPV,2026-01-27,500.00,PE,0.00,0.00,0.00,87.20,80.00,0,0,0,417.00
2025-11-03,TMPV,2026-01-27,520.00,PE,0.00,0.00,0.00,104.70,98.15,0,0,0,417.00
2025-11-03,TMPV,2026-01-27,400.00,CE,33.80,36.50,33.80,36.40,36.40,10400,8800,22,417.00
2025-11-03,TMPV,2026-01-27,320.00,CE,0.00,0.00,0.00,98.10,101.75,0,0,0,417.00
2025-11-03,TMPV,2026-01-27,280.00,CE,0.00,0.00,0.00,136.00,140.75,0,0,0,417.00
2025-11-03,TMPV,2025-12-30,500.00,CE,2.50,2.70,2.30,2.65,2.65,44800,44800,56,417.00
2025-11-03,TMPV,2025-12-30,480.00,CE,4.05,4.35,3.50,4.25,4.25,383200,23200,224,417.00
2025-11-03,TMPV,2025-12-30,460.00,CE,6.00,7.45,6.00,7.45,6.35,38400,8000,32,417.00
2025-11-03,TMPV,2025-12-30,440.00,CE,11.55,13.00,10.85,12.85,12.85,145600,-7200,107,417.00
2025-11-03,TMPV,2025-12-30,430.00,CE,14.10,16.50,13.95,16.30,16.30,15200,4800,18,417.00
2025-11-03,TMPV,2025-12-30,420.00,CE,18.10,21.00,17.95,20.75,20.75,152800,-30400,143,417.00
2025-11-03,TMPV,2025-12-30,400.00,CE,30.00,32.40,27.65,31.80,31.80,174400,-69600,251,417.00
2025-11-03,TMPV,2025-12-30,390.00,CE,0.00,0.00,0.00,38.15,37.60,0,0,0,417.00
2025-11-03,TMPV,2025-12-30,350.00,CE,68.50,68.50,68.50,68.50,71.15,2400,2400,3,417.00
2025-11-03,TMPV,2025-12-30,340.00,CE,79.80,79.80,79.80,79.80,79.80,800,800,1,417.00
2025-11-03,TMPV,2025-12-30,320.00,CE,0.00,0.00,0.00,378.40,100.00,0,0,0,417.00
2025-11-03,TMPV,2025-11-25,520.00,CE,0.20,0.25,0.10,0.25,0.25,325600,31200,169,417.00
2025-11-03,TMPV,2025-11-25,470.00,CE,1.35,1.75,1.20,1.65,1.65,2054400,146400,1138,417.00
2025-11-03,TMPV,2025-11-25,440.00,CE,6.00,6.25,4.65,6.05,6.05,1637600,372000,3498,417.00
2025-11-03,TMPV,2025-11-25,430.00,CE,8.15,9.25,7.00,8.95,8.95,1561600,-20000,3291,417.00
2025-11-03,TMPV,2025-11-25,400.00,CE,24.05,25.05,19.80,24.35,24.35,1386400,-75200,1602,417.00
2025-11-03,TMPV,2025-11-25,390.00,CE,28.45,32.40,26.80,31.90,31.90,285600,31200,281,417.00
2025-11-03,TMPV,2025-11-25,350.00,CE,63.00,63.00,62.30,62.30,68.25,119200,-800,3,417.00
2025-11-03,TMPV,2025-11-25,340.00,CE,0.00,0.00,0.00,323.20,78.20,0,0,0,417.00
2025-11-03,TMPV,2025-11-25,300.00,CE,0.00,0.00,0.00,117.00,118.05,2400,0,0,417.00
2025-11-03,TMPV,2026-01-27,440.00,CE,0.00,0.00,0.00,19.80,16.35,0,0,0,417.00
2025-11-03,TMPV,2026-01-27,460.00,CE,0.00,0.00,0.00,13.80,10.35,0,0,0,417.00
2025-11-03,TMPV,2026-01-27,480.00,CE,0.00,0.00,0.00,9.40,6.25,0,0,0,417.00
2025-11-03,TMPV,2026-01-27,520.00,CE,0.00,0.00,0.00,4.05,2.05,0,0,0,417.00
2025-11-03,TMPV,2025-11-25,340.00,PE,0.35,0.35,0.25,0.30,0.30,260800,-22400,86,417.00
2025-11-03,TMPV,2025-11-25,360.00,PE,0.85,0.95,0.60,0.65,0.65,2524000,88000,600,417.00
2025-11-03,TMPV,2025-11-25,380.00,PE,2.75,3.20,2.10,2.20,2.20,1373600,119200,1573,417.00
2025-11-03,TMPV,2025-11-25,450.00,PE,39.55,41.20,35.20,35.75,35.75,275200,-4000,104,417.00
2025-11-03,TMPV,2025-11-25,460.00,PE,48.85,50.15,44.20,44.70,44.70,137600,-8000,54,417.00
2025-11-03,TMPV,2025-11-25,480.00,PE,68.00,68.00,62.00,62.50,62.50,82400,8000,34,417.00
2025-11-03,TMPV,2025-11-25,500.00,PE,86.10,88.70,81.60,81.90,81.90,538400,20000,65,417.00
2025-11-03,TMPV,2025-11-25,500.00,CE,0.35,0.55,0.35,0.50,0.50,2373600,189600,1261,417.00
2025-11-03,TMPV,2025-12-30,370.00,CE,51.40,53.65,51.40,53.65,53.65,2400,2400,6,417.00
2025-11-03,TMPV,2025-12-30,380.00,CE,0.00,0.00,0.00,285.70,45.15,0,0,0,417.00
2025-11-03,TMPV,2025-12-30,410.00,CE,23.20,26.00,22.55,25.80,25.80,17600,-2400,24,417.00
2025-11-03,TMPV,2025-12-30,450.00,CE,8.25,10.00,8.25,9.95,9.95,33600,12000,45,417.00
2025-11-03,TMPV,2025-12-30,470.00,CE,4.60,5.75,4.60,5.65,5.65,79200,19200,44,417.00
2025-11-03,TMPV,2025-12-30,520.00,CE,1.50,1.70,1.30,1.60,1.60,88000,800,17,417.00
2025-11-03,TMPV,2026-01-27,340.00,CE,0.00,0.00,0.00,80.45,82.95,0,0,0,417.00
2025-11-03,TMPV,2026-01-27,360.00,CE,0.00,0.00,0.00,64.25,65.25,0,0,0,417.00
2025-11-03,TMPV,2026-01-27,380.00,CE,0.00,0.00,0.00,49.90,49.35,0,0,0,417.00
2025-11-03,TMPV,2026-01-27,420.00,CE,0.00,0.00,0.00,23.60,24.70,1600,0,0,417.00
2025-11-04,TMPV,2025-11-25,320.00,CE,0.00,0.00,0.00,90.20,87.55,0,0,0,406.50
2025-11-04,TMPV,2025-11-25,360.00,CE,53.55,53.55,46.05,46.55,48.10,152800,0,32,406.50
2025-11-04,TMPV,2025-11-25,370.00,CE,47.10,47.10,37.10,38.45,38.45,341600,88000,184,406.50
2025-11-04,TMPV,2025-11-25,380.00,CE,39.75,39.75,28.75,29.95,29.95,240800,-5600,130,406.50
2025-11-04,TMPV,2025-11-25,410.00,CE,17.95,18.25,10.70,11.50,11.50,3045600,539200,4164,406.50
2025-11-04,TMPV,2025-11-25,420.00,CE,13.40,13.40,7.35,7.90,7.90,4832000,763200,7069,406.50
2025-11-04,TMPV,2025-11-25,450.00,CE,4.05,4.10,2.15,2.40,2.40,4256800,334400,2652,406.50
2025-11-04,TMPV,2025-11-25,460.00,CE,2.70,2.70,1.35,1.55,1.55,864800,-107200,1204,406.50
2025-11-04,TMPV,2025-11-25,480.00,CE,1.10,1.10,0.60,0.65,0.65,2236800,-14400,959,406.50
2025-11-04,TMPV,2025-11-25,500.00,CE,0.50,0.50,0.30,0.40,0.40,2328800,-44800,1002,406.50
2025-11-04,TMPV,2025-12-30,360.00,CE,0.00,0.00,0.00,61.90,52.45,8800,0,0,406.50
2025-11-04,TMPV,2025-12-30,370.00,CE,0.00,0.00,0.00,53.65,44.25,2400,0,0,406.50
2025-11-04,TMPV,2025-12-30,380.00,CE,0.00,0.00,0.00,285.70,36.65,0,0,0,406.50
2025-11-04,TMPV,2025-12-30,410.00,CE,23.20,23.20,18.20,18.95,18.95,55200,37600,92,406.50
2025-11-04,TMPV,2025-12-30,450.00,CE,9.25,9.25,6.40,6.45,6.45,32800,-800,67,406.50
2025-11-04,TMPV,2025-12-30,470.00,CE,4.75,4.80,3.65,3.65,2.90,88000,8800,44,406.50
2025-11-04,TMPV,2025-12-30,490.00,CE,0.00,0.00,0.00,4.25,1.35,0,0,0,406.50
2025-11-04,TMPV,2025-12-30,520.00,CE,1.70,1.70,1.05,1.05,0.35,88800,800,17,406.50
2025-11-04,TMPV,2026-01-27,340.00,CE,0.00,0.00,0.00,80.45,73.05,0,0,0,406.50
2025-11-04,TMPV,2026-01-27,500.00,CE,0.00,0.00,0.00,6.25,2.40,0,0,0,406.50
2025-11-04,TMPV,2025-11-25,300.00,PE,0.20,0.20,0.15,0.20,0.20,170400,-2400,7,406.50
2025-11-04,TMPV,2025-11-25,320.00,PE,0.20,0.30,0.20,0.30,0.30,213600,800,54,406.50
2025-11-04,TMPV,2025-11-25,330.00,PE,0.25,0.25,0.20,0.25,0.25,248000,-800,19,406.50
2025-11-04,TMPV,2026-01-27,440.00,CE,0.00,0.00,0.00,19.80,12.25,0,0,0,406.50
2025-11-04,TMPV,2026-01-27,460.00,CE,0.00,0.00,0.00,13.80,7.45,0,0,0,406.50
2025-11-04,TMPV,2026-01-27,480.00,CE,0.00,0.00,0.00,9.40,4.35,0,0,0,406.50
2025-11-04,TMPV,2026-01-27,520.00,CE,0.00,0.00,0.00,4.05,1.30,0,0,0,406.50
2025-11-04,TMPV,2025-11-25,340.00,PE,0.30,0.40,0.30,0.35,0.35,256800,-4000,55,406.50
2025-11-04,TMPV,2025-11-25,360.00,PE,0.55,1.05,0.55,1.05,1.05,2584800,60800,893,406.50
2025-11-04,TMPV,2025-11-25,380.00,PE,2.25,3.75,2.05,3.55,3.55,1475200,101600,1051,406.50
2025-11-04,TMPV,2025-11-25,450.00,PE,37.20,46.75,37.20,45.40,45.40,272800,-2400,59,406.50
2025-11-04,TMPV,2025-11-25,460.00,PE,46.35,56.00,46.35,55.45,55.45,149600,12000,59,406.50
2025-11-04,TMPV,2025-11-25,480.00,PE,65.40,73.35,65.05,73.35,72.00,81600,-800,39,406.50
2025-11-04,TMPV,2025-11-25,490.00,PE,0.00,0.00,0.00,0.05,81.95,0,0,0,406.50
2025-11-04,TMPV,2025-11-25,500.00,PE,87.00,94.20,87.00,94.20,91.85,555200,16800,30,406.50
2025-11-04,TMPV,2026-01-27,420.00,CE,0.00,0.00,0.00,23.60,19.25,1600,0,0,406.50
2025-11-04,TMPV,2026-01-27,380.00,CE,0.00,0.00,0.00,49.90,41.15,0,0,0,406.50
2025-11-04,TMPV,2026-01-27,360.00,CE,0.00,0.00,0.00,64.25,56.05,0,0,0,406.50
2025-11-04,TMPV,2025-11-25,350.00,PE,0.40,0.65,0.40,0.55,0.55,522400,-66400,290,406.50
2025-11-04,TMPV,2025-11-25,370.00,PE,1.20,2.05,1.10,1.95,1.95,856800,40000,898,406.50
2025-11-04,TMPV,2025-11-25,390.00,PE,3.80,6.50,3.65,6.10,6.10,1022400,-16800,1085,406.50
2025-11-04,TMPV,2025-11-25,400.00,PE,6.20,10.55,6.00,10.00,10.00,2268000,90400,3242,406.50
2025-11-04,TMPV,2025-11-25,410.00,PE,9.85,15.90,9.60,15.15,15.15,1365600,-139200,2436,406.50
2025-11-04,TMPV,2025-11-25,420.00,PE,15.20,22.30,14.45,21.55,21.55,1216000,58400,1273,406.50
2025-11-04,TMPV,2025-11-25,430.00,PE,21.45,29.65,20.35,28.65,28.65,341600,-20800,323,406.50
2025-11-04,TMPV,2025-11-25,440.00,PE,28.05,38.20,28.05,37.20,37.20,170400,-6400,112,406.50
2025-11-04,TMPV,2025-11-25,470.00,PE,57.20,65.45,57.10,65.45,62.20,213600,0,37,406.50
2025-11-04,TMPV,2025-12-30,320.00,PE,0.00,0.00,0.00,0.05,0.25,0,0,0,406.50
2025-11-04,TMPV,2025-12-30,340.00,PE,0.00,0.00,0.00,0.05,0.90,0,0,0,406.50
2025-11-04,TMPV,2025-12-30,360.00,PE,2.95,3.75,2.95,3.55,3.55,260000,-18400,154,406.50
2025-11-04,TMPV,2025-12-30,410.00,PE,17.30,21.35,17.30,21.35,18.55,31200,14400,24,406.50
2025-11-04,TMPV,2025-12-30,420.00,PE,21.00,26.50,21.00,26.05,26.05,44800,0,23,406.50
2025-11-04,TMPV,2025-12-30,430.00,PE,30.00,34.00,30.00,33.70,30.55,20000,0,5,406.50
2025-11-04,TMPV,2025-12-30,460.00,PE,0.00,0.00,0.00,0.05,53.60,0,0,0,406.50
2025-11-04,TMPV,2026-01-27,320.00,PE,0.00,0.00,0.00,1.75,0.75,0,0,0,406.50
2025-11-04,TMPV,2026-01-27,360.00,PE,6.00,6.00,6.00,6.00,4.80,800,800,1,406.50
2025-11-04,TMPV,2026-01-27,420.00,PE,0.00,0.00,0.00,29.85,27.25,0,0,0,406.50
2025-11-04,TMPV,2026-01-27,440.00,PE,0.00,0.00,0.00,41.65,39.95,0,0,0,406.50
2025-11-04,TMPV,2026-01-27,460.00,PE,0.00,0.00,0.00,55.30,54.90,0,0,0,406.50
2025-11-04,TMPV,2025-12-30,490.00,PE,80.40,80.40,80.40,80.40,80.55,800,800,1,406.50
2025-11-04,TMPV,2025-12-30,500.00,PE,86.50,92.25,86.50,92.25,90.00,49600,37600,47,406.50
2025-11-04,TMPV,2025-12-30,520.00,PE,96.25,103.95,96.25,103.95,109.30,1600,-800,2,406.50
2025-11-04,TMPV,2026-01-27,280.00,PE,0.00,0.00,0.00,0.25,0.05,0,0,0,406.50
2025-11-04,TMPV,2025-11-25,520.00,CE,0.25,0.25,0.15,0.20,0.20,395200,69600,454,406.50
2025-11-04,TMPV,2025-12-30,320.00,CE,0.00,0.00,0.00,378.40,89.55,0,0,0,406.50
2025-11-04,TMPV,2025-12-30,340.00,CE,0.00,0.00,0.00,79.80,70.40,800,0,0,406.50
2025-11-04,TMPV,2025-12-30,350.00,CE,0.00,0.00,0.00,68.50,61.25,2400,0,0,406.50
2025-11-04,TMPV,2025-12-30,390.00,CE,0.00,0.00,0.00,38.15,29.85,0,0,0,406.50
2025-11-04,TMPV,2025-12-30,400.00,CE,30.60,30.60,23.10,23.95,23.95,194400,20000,63,406.50
2025-11-04,TMPV,2025-12-30,420.00,CE,19.30,19.30,14.40,14.40,14.40,150400,-2400,118,406.50
2025-11-04,TMPV,2025-12-30,430.00,CE,13.40,13.40,10.95,11.30,11.30,51200,36000,58,406.50
2025-11-04,TMPV,2025-12-30,440.00,CE,12.40,12.40,8.45,8.90,8.90,153600,8000,111,406.50
2025-11-04,TMPV,2025-12-30,460.00,CE,6.50,6.50,4.90,5.00,5.00,52800,14400,48,406.50
2025-11-04,TMPV,2025-12-30,480.00,CE,3.75,3.75,2.75,2.85,2.85,393600,10400,100,406.50
2025-11-04,TMPV,2025-12-30,500.00,CE,2.55,2.55,1.75,1.75,1.75,58400,13600,22,406.50
2025-11-04,TMPV,2026-01-27,280.00,CE,0.00,0.00,0.00,136.00,130.20,0,0,0,406.50
2025-11-04,TMPV,2026-01-27,320.00,CE,0.00,0.00,0.00,98.10,91.45,0,0,0,406.50
2025-11-04,TMPV,2026-01-27,400.00,CE,34.65,34.65,29.00,29.80,29.80,19200,8800,13,406.50
2025-11-04,TMPV,2025-12-30,480.00,PE,0.00,0.00,0.00,0.70,71.25,0,0,0,406.50
2025-11-04,TMPV,2025-12-30,470.00,PE,0.00,0.00,0.00,60.70,62.25,0,0,0,406.50
2025-11-04,TMPV,2025-11-25,300.00,CE,109.00,109.00,106.00,106.00,107.50,4800,2400,3,406.50
2025-11-04,TMPV,2025-12-30,450.00,PE,0.00,0.00,0.00,45.30,45.35,0,0,0,406.50
2025-11-04,TMPV,2025-12-30,440.00,PE,38.50,41.35,37.90,41.35,37.60,40800,4800,9,406.50
2025-11-04,TMPV,2025-12-30,400.00,PE,11.90,16.15,11.90,15.60,15.60,308000,27200,64,406.50
2025-11-04,TMPV,2025-12-30,390.00,PE,9.60,11.55,9.40,11.20,9.90,51200,13600,30,406.50
2025-11-04,TMPV,2025-12-30,380.00,PE,6.15,8.25,6.15,7.80,7.80,160000,47200,76,406.50
2025-11-04,TMPV,2025-12-30,370.00,PE,4.35,5.45,4.35,5.40,5.40,64000,32000,55,406.50
2025-11-04,TMPV,2025-12-30,350.00,PE,2.05,2.50,2.00,2.30,2.30,72800,72000,98,406.50
2025-11-04,TMPV,2025-11-25,520.00,PE,106.65,109.60,106.65,109.60,111.80,11200,1600,2,406.50
2025-11-04,TMPV,2026-01-27,380.00,PE,10.00,11.00,10.00,11.00,9.65,42400,0,3,406.50
2025-11-04,TMPV,2025-11-25,340.00,CE,0.00,0.00,0.00,323.20,67.65,0,0,0,406.50
2025-11-04,TMPV,2025-11-25,350.00,CE,59.00,59.00,57.35,57.35,57.80,121600,2400,3,406.50
2025-11-04,TMPV,2025-11-25,390.00,CE,30.00,30.00,21.25,22.40,22.40,303200,17600,313,406.50
2025-11-04,TMPV,2025-11-25,400.00,CE,24.45,24.45,15.30,16.40,16.40,1481600,95200,1674,406.50
2025-11-04,TMPV,2025-11-25,430.00,CE,8.85,9.05,4.85,5.25,5.25,1824800,263200,3083,406.50
2025-11-04,TMPV,2025-11-25,440.00,CE,5.80,6.10,3.20,3.50,3.50,1936000,298400,2207,406.50
2025-11-04,TMPV,2025-11-25,470.00,CE,1.65,1.65,0.90,1.00,1.00,2052000,-2400,968,406.50
2025-11-04,TMPV,2025-11-25,490.00,CE,0.50,0.50,0.45,0.50,0.50,51200,51200,71,406.50
2025-11-04,TMPV,2026-01-27,520.00,PE,0.00,0.00,0.00,104.70,107.95,0,0,0,406.50
2025-11-04,TMPV,2026-01-27,500.00,PE,0.00,0.00,0.00,87.20,89.35,0,0,0,406.50
2025-11-04,TMPV,2026-01-27,480.00,PE,0.00,0.00,0.00,70.60,71.55,0,0,0,406.50
2025-11-04,TMPV,2026-01-27,400.00,PE,0.00,0.00,0.00,20.15,17.10,0,0,0,406.50
2025-11-04,TMPV,2026-01-27,340.00,PE,0.00,0.00,0.00,3.80,2.05,0,0,0,406.50
2025-11-06,TMPV,2025-12-30,410.00,CE,20.15,20.65,18.55,18.95,18.95,110400,55200,134,407.85
2025-11-06,TMPV,2025-12-30,470.00,CE,3.55,3.75,3.25,3.35,3.35,92000,4000,18,407.85
2025-11-06,TMPV,2025-12-30,490.00,CE,0.00,0.00,0.00,4.25,1.30,0,0,0,407.85
2025-11-06,TMPV,2025-12-30,520.00,CE,1.05,1.05,1.00,1.00,1.00,84800,-4000,15,407.85
2025-11-06,TMPV,2026-01-27,340.00,CE,0.00,0.00,0.00,80.45,74.05,0,0,0,407.85
2025-11-06,TMPV,2026-01-27,360.00,CE,0.00,0.00,0.00,64.25,56.90,0,0,0,407.85
2025-11-06,TMPV,2026-01-27,380.00,CE,0.00,0.00,0.00,49.90,41.80,0,0,0,407.85
2025-11-06,TMPV,2026-01-27,420.00,CE,0.00,0.00,0.00,23.60,19.50,1600,0,0,407.85
2025-11-06,TMPV,2026-01-27,500.00,CE,0.00,0.00,0.00,6.25,2.40,0,0,0,407.85
2025-11-06,TMPV,2025-11-25,300.00,PE,0.20,0.20,0.15,0.15,0.15,172000,1600,7,407.85
2025-11-06,TMPV,2025-11-25,320.00,PE,0.20,0.20,0.20,0.20,0.05,214400,800,15,407.85
2025-11-06,TMPV,2025-11-25,330.00,PE,0.25,0.25,0.20,0.20,0.05,215200,-32800,42,407.85
2025-11-06,TMPV,2025-11-25,350.00,PE,0.65,0.65,0.45,0.50,0.50,513600,-8800,145,407.85
2025-11-06,TMPV,2025-11-25,370.00,PE,1.95,1.95,1.35,1.45,1.45,869600,12800,1016,407.85
2025-11-06,TMPV,2025-11-25,390.00,PE,5.85,5.90,4.70,5.05,5.05,1134400,112000,1582,407.85
2025-11-06,TMPV,2025-11-25,400.00,PE,10.00,10.00,7.90,8.50,8.50,2609600,341600,2965,407.85
2025-11-06,TMPV,2025-11-25,410.00,PE,14.05,15.10,12.60,13.35,13.35,1452800,87200,1710,407.85
2025-11-06,TMPV,2025-11-25,420.00,PE,18.90,21.65,18.50,19.50,19.50,1204800,-11200,328,407.85
2025-11-06,TMPV,2025-11-25,430.00,PE,26.40,29.10,25.85,26.75,26.75,347200,5600,170,407.85
2025-11-06,TMPV,2025-11-25,440.00,PE,33.95,36.95,33.90,34.75,34.75,147200,-23200,80,407.85
2025-11-06,TMPV,2025-11-25,470.00,PE,61.70,64.35,61.45,62.40,60.95,222400,8800,32,407.85
2025-11-06,TMPV,2025-12-30,300.00,PE,0.00,0.00,0.00,0.05,0.05,0,0,0,407.85
2025-11-06,TMPV,2025-12-30,320.00,PE,0.00,0.00,0.00,0.05,0.20,0,0,0,407.85
2025-11-06,TMPV,2025-12-30,340.00,PE,0.00,0.00,0.00,0.05,0.80,0,0,0,407.85
2025-11-06,TMPV,2025-12-30,360.00,PE,3.35,3.35,2.85,3.05,3.05,257600,-2400,54,407.85
2025-11-06,TMPV,2025-12-30,410.00,PE,19.55,20.20,18.65,18.70,18.70,41600,10400,36,407.85
2025-11-06,TMPV,2025-12-30,420.00,PE,0.00,0.00,0.00,26.05,23.10,44800,0,0,407.85
2025-11-06,TMPV,2025-12-30,430.00,PE,32.30,32.30,30.70,31.60,29.40,18400,-1600,8,407.85
2025-11-06,TMPV,2025-12-30,460.00,PE,0.00,0.00,0.00,0.05,52.35,0,0,0,407.85
2025-11-06,TMPV,2026-01-27,320.00,PE,0.00,0.00,0.00,1.75,0.65,0,0,0,407.85
2025-11-06,TMPV,2026-01-27,360.00,PE,0.00,0.00,0.00,6.00,4.45,800,0,0,407.85
2025-11-06,TMPV,2026-01-27,420.00,PE,0.00,0.00,0.00,29.85,26.25,0,0,0,407.85
2025-11-06,TMPV,2026-01-27,440.00,PE,0.00,0.00,0.00,41.65,38.90,0,0,0,407.85
2025-11-06,TMPV,2026-01-27,460.00,PE,0.00,0.00,0.00,55.30,53.75,0,0,0,407.85
2025-11-06,TMPV,2025-11-25,320.00,CE,0.00,0.00,0.00,90.20,88.80,0,0,0,407.85
2025-11-06,TMPV,2025-11-25,360.00,CE,48.30,49.75,46.15,48.45,48.45,160800,8000,86,407.85
2025-11-06,TMPV,2025-11-25,370.00,CE,41.00,41.00,37.10,39.30,39.30,336800,-4800,79,407.85
2025-11-06,TMPV,2025-11-25,380.00,CE,32.90,32.90,28.70,30.55,30.55,241600,800,276,407.85
2025-11-06,TMPV,2025-11-25,410.00,CE,12.00,13.20,10.50,11.15,11.15,3397600,352000,5459,407.85
2025-11-06,TMPV,2025-11-25,420.00,CE,8.15,9.20,6.50,7.40,7.40,4918400,86400,4684,407.85
2025-11-06,TMPV,2025-11-25,450.00,CE,2.40,2.70,1.85,2.00,2.00,4220000,-36800,2417,407.85
2025-11-06,TMPV,2025-11-25,460.00,CE,1.55,1.75,1.15,1.25,1.25,886400,21600,873,407.85
2025-11-06,TMPV,2025-11-25,500.00,CE,0.40,0.40,0.30,0.35,0.35,2395200,66400,341,407.85
2025-11-06,TMPV,2025-12-30,300.00,CE,0.00,0.00,0.00,364.65,110.40,0,0,0,407.85
2025-11-06,TMPV,2025-12-30,360.00,CE,0.00,0.00,0.00,61.90,53.40,8800,0,0,407.85
2025-11-06,TMPV,2025-12-30,370.00,CE,0.00,0.00,0.00,53.65,45.05,2400,0,0,407.85
2025-11-06,TMPV,2025-12-30,380.00,CE,0.00,0.00,0.00,285.70,37.30,0,0,0,407.85
2025-11-06,TMPV,2025-12-30,350.00,CE,60.60,60.60,60.60,60.60,62.25,3200,800,1,407.85
2025-11-06,TMPV,2025-12-30,340.00,CE,0.00,0.00,0.00,79.80,71.50,800,0,0,407.85
2025-11-06,TMPV,2025-12-30,320.00,CE,0.00,0.00,0.00,378.40,90.75,0,0,0,407.85
2025-11-06,TMPV,2025-11-25,520.00,CE,0.15,0.20,0.10,0.15,0.15,394400,-800,128,407.85
2025-11-06,TMPV,2025-11-25,490.00,CE,0.50,0.50,0.40,0.40,0.05,83200,32000,68,407.85
2025-11-06,TMPV,2025-11-25,470.00,CE,1.10,1.15,0.75,0.80,0.80,2064000,12000,556,407.85
2025-11-06,TMPV,2025-11-25,440.00,CE,3.80,4.05,2.80,3.05,3.05,2193600,257600,1846,407.85
2025-11-06,TMPV,2025-11-25,430.00,CE,5.90,6.10,4.40,4.70,4.70,1650400,-174400,2826,407.85
2025-11-06,TMPV,2025-11-25,400.00,CE,17.70,18.70,15.25,16.25,16.25,1594400,112800,1432,407.85
2025-11-06,TMPV,2025-11-25,390.00,CE,25.00,25.00,21.40,22.70,22.70,324000,20800,527,407.85
2025-11-06,TMPV,2025-11-25,350.00,CE,0.00,0.00,0.00,57.35,59.00,121600,0,0,407.85
2025-11-06,TMPV,2025-11-25,340.00,CE,0.00,0.00,0.00,323.20,68.90,0,0,0,407.85
2025-11-06,TMPV,2025-11-25,300.00,CE,110.00,110.00,108.80,108.80,108.75,3200,-1600,2,407.85
2025-11-06,TMPV,2025-11-25,480.00,PE,71.35,72.70,71.35,71.40,70.80,86400,4800,7,407.85
2025-11-06,TMPV,2025-11-25,490.00,PE,0.00,0.00,0.00,0.05,80.70,0,0,0,407.85
2025-11-06,TMPV,2025-11-25,500.00,PE,94.15,94.15,90.70,91.95,91.95,556000,800,20,407.85
2025-11-06,TMPV,2025-11-25,520.00,PE,111.20,111.20,111.20,111.20,110.60,13600,2400,3,407.85
2025-11-06,TMPV,2025-12-30,350.00,PE,2.10,2.30,2.00,2.00,1.45,87200,14400,21,407.85
2025-11-06,TMPV,2025-12-30,370.00,PE,4.85,5.30,4.60,4.65,4.65,79200,15200,45,407.85
2025-11-06,TMPV,2025-12-30,380.00,PE,7.05,7.75,6.90,7.15,7.15,149600,-10400,56,407.85
2025-11-06,TMPV,2025-12-30,390.00,PE,10.00,11.00,10.00,10.10,9.20,51200,0,11,407.85
2025-11-06,TMPV,2025-12-30,400.00,PE,15.45,15.45,13.75,13.75,13.75,308800,800,14,407.85
2025-11-06,TMPV,2025-12-30,440.00,PE,0.00,0.00,0.00,41.35,36.45,40800,0,0,407.85
2025-11-06,TMPV,2025-12-30,450.00,PE,0.00,0.00,0.00,45.30,44.10,0,0,0,407.85
2025-11-06,TMPV,2025-12-30,470.00,PE,63.50,63.50,63.50,63.50,61.00,800,800,1,407.85
2025-11-06,TMPV,2025-12-30,480.00,PE,0.00,0.00,0.00,0.70,70.00,0,0,0,407.85
2025-11-06,TMPV,2025-12-30,490.00,PE,0.00,0.00,0.00,80.40,79.30,800,0,0,407.85
2025-11-06,TMPV,2025-12-30,500.00,PE,90.50,90.70,90.50,90.60,90.60,56000,6400,8,407.85
2025-11-06,TMPV,2025-12-30,520.00,PE,0.00,0.00,0.00,103.95,108.10,1600,0,0,407.85
2025-11-06,TMPV,2026-01-27,280.00,PE,0.00,0.00,0.00,0.25,0.05,0,0,0,407.85
2025-11-06,TMPV,2026-01-27,340.00,PE,0.00,0.00,0.00,3.80,1.85,0,0,0,407.85
2025-11-06,TMPV,2026-01-27,380.00,PE,10.00,10.95,10.00,10.15,9.10,40000,-2400,33,407.85
2025-11-06,TMPV,2026-01-27,400.00,PE,0.00,0.00,0.00,20.15,16.30,0,0,0,407.85
2025-11-06,TMPV,2026-01-27,480.00,PE,0.00,0.00,0.00,70.60,70.30,0,0,0,407.85
2025-11-06,TMPV,2026-01-27,500.00,PE,0.00,0.00,0.00,87.20,88.15,0,0,0,407.85
2025-11-06,TMPV,2026-01-27,520.00,PE,0.00,0.00,0.00,104.70,106.75,0,0,0,407.85
2025-11-06,TMPV,2025-11-25,460.00,PE,53.75,54.90,52.05,52.75,51.25,154400,4800,41,407.85
2025-11-06,TMPV,2025-11-25,450.00,PE,43.15,45.65,42.35,44.05,44.05,276800,4000,54,407.85
2025-11-06,TMPV,2025-11-25,380.00,PE,3.55,3.55,2.55,2.75,2.75,1457600,-17600,907,407.85
2025-11-06,TMPV,2025-11-25,360.00,PE,0.80,0.90,0.70,0.75,0.75,2563200,-21600,449,407.85
2025-11-06,TMPV,2025-11-25,340.00,PE,0.35,0.35,0.25,0.30,0.30,184800,-72000,111,407.85
2025-11-06,TMPV,2026-01-27,520.00,CE,0.00,0.00,0.00,4.05,1.30,0,0,0,407.85
2025-11-06,TMPV,2026-01-27,480.00,CE,0.00,0.00,0.00,9.40,4.35,0,0,0,407.85
2025-11-06,TMPV,2026-01-27,460.00,CE,0.00,0.00,0.00,13.80,7.50,0,0,0,407.85
2025-11-06,TMPV,2026-01-27,440.00,CE,0.00,0.00,0.00,19.80,12.40,0,0,0,407.85
2025-11-06,TMPV,2026-01-27,400.00,CE,29.80,29.80,29.70,29.70,29.30,20000,800,2,407.85
2025-11-06,TMPV,2026-01-27,320.00,CE,0.00,0.00,0.00,98.10,92.60,0,0,0,407.85
2025-11-06,TMPV,2026-01-27,280.00,CE,0.00,0.00,0.00,136.00,131.50,0,0,0,407.85
2025-11-06,TMPV,2025-12-30,500.00,CE,2.20,2.20,1.45,1.50,1.50,109600,51200,108,407.85
2025-11-06,TMPV,2025-12-30,480.00,CE,3.20,3.20,2.50,2.60,2.60,411200,17600,171,407.85
2025-11-06,TMPV,2025-12-30,460.00,CE,5.50,5.50,4.40,4.60,4.60,71200,18400,67,407.85
2025-11-06,TMPV,2025-12-30,440.00,CE,9.40,9.45,8.40,8.55,8.55,172800,19200,91,407.85
2025-11-06,TMPV,2025-12-30,430.00,CE,11.30,11.75,11.00,11.50,10.90,60800,9600,22,407.85
2025-11-06,TMPV,2025-12-30,420.00,CE,16.00,16.10,14.40,14.95,14.95,162400,12000,81,407.85
2025-11-06,TMPV,2025-12-30,400.00,CE,26.55,27.00,23.25,23.55,23.55,195200,800,59,407.85
2025-11-06,TMPV,2025-12-30,390.00,CE,0.00,0.00,0.00,38.15,30.35,0,0,0,407.85
2025-11-06,TMPV,2025-12-30,450.00,CE,7.00,7.10,6.00,6.45,6.45,51200,18400,55,407.85
2025-11-06,TMPV,2025-11-25,480.00,CE,0.65,0.75,0.55,0.55,0.55,2130400,-106400,433,407.85
2025-11-07,TMPV,2026-01-27,280.00,PE,0.00,0.00,0.00,0.25,0.05,0,0,0,405.70
2025-11-07,TMPV,2025-12-30,520.00,PE,0.00,0.00,0.00,103.95,110.25,1600,0,0,405.70
2025-11-07,TMPV,2025-11-25,300.00,CE,103.60,104.60,103.60,104.60,106.55,4000,800,2,405.70
2025-11-07,TMPV,2025-11-25,340.00,CE,0.00,0.00,0.00,323.20,66.70,0,0,0,405.70
2025-11-07,TMPV,2025-11-25,350.00,CE,57.30,57.30,52.95,57.20,56.75,118400,-3200,10,405.70
2025-11-07,TMPV,2025-11-25,390.00,CE,21.20,22.25,18.00,20.80,20.80,336000,12000,574,405.70
2025-11-07,TMPV,2025-11-25,400.00,CE,15.80,16.05,12.35,14.50,14.50,1921600,327200,2431,405.70
2025-11-07,TMPV,2025-11-25,430.00,CE,4.60,4.60,3.20,3.70,3.70,1852000,201600,2930,405.70
2025-11-07,TMPV,2025-12-30,480.00,CE,2.20,2.35,2.10,2.30,2.30,352800,-58400,107,405.70
2025-11-07,TMPV,2025-11-25,300.00,PE,0.10,0.15,0.10,0.15,0.15,170400,-1600,21,405.70
2025-11-07,TMPV,2026-01-27,500.00,CE,0.00,0.00,0.00,6.25,2.10,0,0,0,405.70
2025-11-07,TMPV,2026-01-27,420.00,CE,17.25,17.25,17.25,17.25,18.30,1600,0,1,405.70
2025-11-07,TMPV,2026-01-27,380.00,CE,0.00,0.00,0.00,49.90,40.00,0,0,0,405.70
2025-11-07,TMPV,2026-01-27,360.00,CE,0.00,0.00,0.00,64.25,54.95,0,0,0,405.70
2025-11-07,TMPV,2026-01-27,340.00,CE,0.00,0.00,0.00,80.45,71.95,0,0,0,405.70
2025-11-07,TMPV,2025-12-30,520.00,CE,0.85,0.85,0.80,0.85,0.30,85600,800,8,405.70
2025-11-07,TMPV,2025-12-30,490.00,CE,0.00,0.00,0.00,4.25,1.10,0,0,0,405.70
2025-11-07,TMPV,2025-12-30,470.00,CE,2.85,3.00,2.85,3.00,3.00,88800,-3200,8,405.70
2025-11-07,TMPV,2025-12-30,450.00,CE,5.45,5.70,5.00,5.55,5.55,63200,12000,78,405.70
2025-11-07,TMPV,2025-12-30,410.00,CE,18.30,18.30,15.80,17.50,17.55,70400,-40000,100,405.70
2025-11-07,TMPV,2025-12-30,380.00,CE,0.00,0.00,0.00,285.70,35.45,0,0,0,405.70
2025-11-07,TMPV,2025-12-30,370.00,CE,0.00,0.00,0.00,53.65,43.05,2400,0,0,405.70
2025-11-07,TMPV,2025-12-30,360.00,CE,0.00,0.00,0.00,61.90,51.30,8800,0,0,405.70
2025-11-07,TMPV,2025-12-30,300.00,CE,0.00,0.00,0.00,364.65,108.20,0,0,0,405.70
2025-11-07,TMPV,2025-11-25,500.00,CE,0.30,0.30,0.15,0.20,0.20,1910400,-484800,2320,405.70
2025-11-07,TMPV,2025-11-25,440.00,CE,2.55,2.90,2.05,2.35,2.35,2168000,-25600,1565,405.70
2025-11-07,TMPV,2025-11-25,480.00,CE,0.55,0.55,0.30,0.40,0.40,1743200,-387200,1584,405.70
2025-11-07,TMPV,2025-11-25,460.00,CE,1.05,1.20,0.80,0.90,0.90,1830400,944000,2830,405.70
2025-11-07,TMPV,2025-11-25,450.00,CE,1.75,1.85,1.30,1.55,1.55,4473600,253600,3448,405.70
2025-11-07,TMPV,2025-11-25,420.00,CE,7.15,7.20,5.20,6.10,6.10,4576800,-341600,3678,405.70
2025-11-07,TMPV,2025-11-25,410.00,CE,10.45,10.90,8.10,9.55,9.55,3401600,4000,5052,405.70
2025-11-07,TMPV,2025-11-25,380.00,CE,28.75,29.90,25.20,28.50,28.50,248800,7200,339,405.70
2025-11-07,TMPV,2026-01-27,460.00,PE,0.00,0.00,0.00,55.30,55.30,0,0,0,405.70
2025-11-07,TMPV,2026-01-27,440.00,PE,0.00,0.00,0.00,41.65,40.15,0,0,0,405.70
2025-11-07,TMPV,2026-01-27,420.00,PE,0.00,0.00,0.00,29.85,27.25,0,0,0,405.70
2025-11-07,TMPV,2026-01-27,360.00,PE,7.45,7.45,5.20,5.20,5.20,1600,800,2,405.70
2025-11-07,TMPV,2026-01-27,320.00,PE,0.00,0.00,0.00,1.75,0.65,0,0,0,405.70
2025-11-07,TMPV,2025-12-30,460.00,PE,0.00,0.00,0.00,0.05,54.05,0,0,0,405.70
2025-11-07,TMPV,2025-12-30,430.00,PE,31.70,31.70,31.70,31.70,30.65,19200,800,1,405.70
2025-11-07,TMPV,2025-12-30,420.00,PE,26.00,26.00,25.00,25.00,24.15,43200,-1600,6,405.70
2025-11-07,TMPV,2025-12-30,410.00,PE,21.00,21.00,21.00,21.00,18.45,40000,-1600,2,405.70
2025-11-07,TMPV,2025-12-30,360.00,PE,3.50,3.60,2.95,2.95,2.95,263200,5600,52,405.70
2025-11-07,TMPV,2025-12-30,340.00,PE,0.00,0.00,0.00,0.05,0.80,0,0,0,405.70
2025-11-07,TMPV,2025-12-30,320.00,PE,0.00,0.00,0.00,0.05,0.20,0,0,0,405.70
2025-11-07,TMPV,2025-12-30,300.00,PE,0.00,0.00,0.00,0.05,0.05,0,0,0,405.70
2025-11-07,TMPV,2025-11-25,470.00,PE,65.95,68.00,64.55,64.70,63.10,217600,-4800,15,405.70
2025-11-07,TMPV,2025-11-25,440.00,PE,35.85,40.35,35.15,36.50,36.50,140800,-6400,86,405.70
2025-11-07,TMPV,2025-11-25,430.00,PE,27.40,31.35,26.95,27.95,27.95,318400,-28800,210,405.70
2025-11-07,TMPV,2025-11-25,420.00,PE,20.65,23.55,19.55,20.50,20.50,1168800,-36000,404,405.70
2025-11-07,TMPV,2025-11-25,410.00,PE,13.80,16.50,13.15,13.75,13.75,1427200,-25600,1457,405.70
2025-11-07,TMPV,2025-11-25,400.00,PE,8.85,10.85,7.65,8.70,8.70,2585600,-24000,3706,405.70
2025-11-07,TMPV,2025-11-25,390.00,PE,5.40,6.45,4.80,5.15,5.15,1338400,204000,3612,405.70
2025-11-07,TMPV,2025-11-25,370.00,PE,1.60,1.85,1.30,1.45,1.45,920800,51200,1570,405.70
2025-11-07,TMPV,2025-11-25,370.00,CE,38.30,38.30,33.40,37.00,37.00,330400,-6400,76,405.70
2025-11-07,TMPV,2025-11-25,360.00,CE,45.45,47.45,42.45,46.50,46.50,168000,7200,79,405.70
2025-11-07,TMPV,2025-11-25,320.00,CE,0.00,0.00,0.00,90.20,86.60,0,0,0,405.70
2025-11-07,TMPV,2025-11-25,350.00,PE,0.50,0.60,0.40,0.45,0.45,551200,37600,384,405.70
2025-11-07,TMPV,2025-11-25,330.00,PE,0.25,0.25,0.20,0.20,0.20,211200,-4000,11,405.70
2025-11-07,TMPV,2025-11-25,320.00,PE,0.25,0.25,0.15,0.15,0.05,210400,-4000,48,405.70
2025-11-07,TMPV,2026-01-27,380.00,PE,10.20,10.20,10.20,10.20,9.50,39200,-800,1,405.70
2025-11-07,TMPV,2025-11-25,470.00,CE,0.70,0.75,0.50,0.60,0.60,1392000,-672000,2003,405.70
2025-11-07,TMPV,2026-01-27,400.00,PE,0.00,0.00,0.00,20.15,17.00,0,0,0,405.70
2025-11-07,TMPV,2026-01-27,480.00,PE,0.00,0.00,0.00,70.60,72.10,0,0,0,405.70
2025-11-07,TMPV,2026-01-27,500.00,PE,0.00,0.00,0.00,87.20,90.10,0,0,0,405.70
2025-11-07,TMPV,2026-01-27,520.00,PE,0.00,0.00,0.00,104.70,108.80,0,0,0,405.70
2025-11-07,TMPV,2025-11-25,340.00,PE,0.40,0.40,0.30,0.30,0.30,186400,1600,36,405.70
2025-11-07,TMPV,2025-11-25,360.00,PE,0.75,0.95,0.65,0.75,0.75,2532800,-30400,992,405.70
2025-11-07,TMPV,2025-11-25,380.00,PE,3.00,3.60,2.55,2.80,2.80,1440800,-16800,1589,405.70
2025-11-07,TMPV,2025-11-25,450.00,PE,45.55,49.15,44.50,45.60,45.60,279200,2400,53,405.70
2025-11-07,TMPV,2025-11-25,460.00,PE,54.85,58.45,53.75,54.90,54.90,135200,-19200,54,405.70
2025-11-07,TMPV,2025-11-25,480.00,PE,0.00,0.00,0.00,71.40,73.00,86400,0,0,405.70
2025-11-07,TMPV,2025-11-25,490.00,PE,0.00,0.00,0.00,0.05,82.95,0,0,0,405.70
2025-11-07,TMPV,2025-11-25,490.00,CE,0.35,0.35,0.20,0.25,0.25,92800,9600,215,405.70
2025-11-07,TMPV,2025-11-25,520.00,CE,0.15,0.15,0.10,0.15,0.15,393600,-800,217,405.70
2025-11-07,TMPV,2025-12-30,320.00,CE,0.00,0.00,0.00,378.40,88.55,0,0,0,405.70
2025-11-07,TMPV,2025-12-30,340.00,CE,0.00,0.00,0.00,79.80,69.35,800,0,0,405.70
2025-11-07,TMPV,2025-12-30,350.00,CE,0.00,0.00,0.00,60.60,60.15,3200,0,0,405.70
2025-11-07,TMPV,2025-12-30,390.00,CE,0.00,0.00,0.00,38.15,28.65,0,0,0,405.70
2025-11-07,TMPV,2025-12-30,400.00,CE,24.00,24.00,20.45,22.60,22.60,211200,16000,64,405.70
2025-11-07,TMPV,2026-01-27,520.00,CE,0.00,0.00,0.00,4.05,1.10,0,0,0,405.70
2025-11-07,TMPV,2026-01-27,480.00,CE,0.00,0.00,0.00,9.40,3.90,0,0,0,405.70
2025-11-07,TMPV,2026-01-27,460.00,CE,0.00,0.00,0.00,13.80,6.85,0,0,0,405.70
2025-11-07,TMPV,2025-12-30,420.00,CE,14.00,14.50,12.30,13.05,13.05,177600,15200,53,405.70
2025-11-07,TMPV,2025-12-30,430.00,CE,10.00,10.30,9.20,9.90,9.90,67200,6400,23,405.70
2025-11-07,TMPV,2025-12-30,440.00,CE,8.25,8.25,6.85,7.60,7.60,188000,15200,56,405.70
2025-11-07,TMPV,2025-12-30,460.00,CE,4.15,4.15,3.65,4.10,3.60,74400,3200,20,405.70
2025-11-07,TMPV,2025-12-30,500.00,CE,1.20,1.25,0.90,1.20,1.20,129600,20000,61,405.70
2025-11-07,TMPV,2026-01-27,280.00,CE,0.00,0.00,0.00,136.00,129.30,0,0,0,405.70
2025-11-07,TMPV,2026-01-27,320.00,CE,0.00,0.00,0.00,98.10,90.45,0,0,0,405.70
2025-11-07,TMPV,2026-01-27,400.00,CE,29.25,29.25,26.55,28.30,27.75,18400,-1600,6,405.70
2025-11-07,TMPV,2026-01-27,440.00,CE,0.00,0.00,0.00,19.80,11.45,0,0,0,405.70
2025-11-07,TMPV,2025-11-25,500.00,PE,92.40,93.50,92.40,93.50,93.50,557600,1600,7,405.70
2025-11-07,TMPV,2025-11-25,520.00,PE,0.00,0.00,0.00,111.20,112.85,13600,0,0,405.70
2025-11-07,TMPV,2025-12-30,350.00,PE,2.05,2.40,2.05,2.05,1.50,105600,18400,27,405.70
2025-11-07,TMPV,2025-12-30,370.00,PE,5.00,5.50,4.60,4.70,4.70,89600,10400,18,405.70
2025-11-07,TMPV,2025-12-30,380.00,PE,7.90,8.10,6.95,7.00,7.00,153600,4000,30,405.70
2025-11-07,TMPV,2025-12-30,390.00,PE,11.00,11.90,10.00,10.30,10.30,62400,11200,21,405.70
2025-11-07,TMPV,2025-12-30,400.00,PE,15.50,16.65,13.95,14.30,14.30,352800,44000,89,405.70
2025-11-07,TMPV,2025-12-30,440.00,PE,0.00,0.00,0.00,41.35,37.85,40800,0,0,405.70
2025-11-07,TMPV,2025-12-30,450.00,PE,0.00,0.00,0.00,45.30,45.70,0,0,0,405.70
2025-11-07,TMPV,2025-12-30,470.00,PE,66.95,66.95,64.50,64.50,62.85,3200,2400,4,405.70
2025-11-07,TMPV,2025-12-30,480.00,PE,0.00,0.00,0.00,0.70,71.95,0,0,0,405.70
2025-11-07,TMPV,2025-12-30,490.00,PE,0.00,0.00,0.00,80.40,81.30,800,0,0,405.70
2025-11-07,TMPV,2025-12-30,500.00,PE,91.50,91.50,91.50,91.50,90.85,56000,0,1,405.70
2025-11-07,TMPV,2026-01-27,340.00,PE,0.00,0.00,0.00,3.80,1.95,0,0,0,405.70
2025-11-10,TMPV,2025-12-30,350.00,PE,1.60,1.75,1.45,1.60,1.60,108000,2400,25,410.45
2025-11-10,TMPV,2026-01-27,500.00,PE,0.00,0.00,0.00,87.20,85.80,0,0,0,410.45
2025-11-10,TMPV,2026-01-27,520.00,CE,0.00,0.00,0.00,4.05,1.25,0,0,0,410.45
2025-11-10,TMPV,2025-11-25,490.00,PE,0.00,0.00,0.00,0.05,78.40,0,0,0,410.45
2025-11-10,TMPV,2025-11-25,520.00,PE,0.00,0.00,0.00,111.20,108.30,13600,0,0,410.45
2025-11-10,TMPV,2025-12-30,430.00,PE,30.15,30.15,26.50,27.00,27.25,21600,2400,6,410.45
2025-11-10,TMPV,2025-11-25,480.00,CE,0.45,0.50,0.25,0.35,0.35,1976800,233600,2674,410.45
2025-11-10,TMPV,2025-12-30,450.00,PE,0.00,0.00,0.00,45.30,41.75,0,0,0,410.45
2025-11-10,TMPV,2025-12-30,470.00,PE,58.00,58.00,58.00,58.00,58.60,4000,800,1,410.45
2025-11-10,TMPV,2026-01-27,360.00,PE,0.00,0.00,0.00,5.20,3.80,1600,0,0,410.45
2025-11-10,TMPV,2025-12-30,450.00,CE,5.90,7.05,5.70,6.55,6.55,75200,12000,62,410.45
2025-11-10,TMPV,2025-11-25,340.00,PE,0.30,0.30,0.20,0.20,0.05,152800,-33600,51,410.45
2025-11-10,TMPV,2026-01-27,500.00,CE,0.00,0.00,0.00,6.25,2.35,0,0,0,410.45
2025-11-10,TMPV,2025-11-25,320.00,PE,0.15,0.15,0.15,0.15,0.05,208000,-2400,6,410.45
2025-11-10,TMPV,2025-11-25,330.00,PE,0.10,0.20,0.10,0.15,0.05,210400,-800,4,410.45
2025-11-10,TMPV,2025-11-25,420.00,PE,17.80,18.70,14.15,15.50,15.50,1068000,-100800,921,410.45
2025-11-10,TMPV,2025-11-25,450.00,PE,41.00,43.05,37.55,39.60,39.60,332800,53600,103,410.45
2025-11-10,TMPV,2025-12-30,440.00,PE,35.50,35.50,33.00,33.50,34.15,42400,1600,4,410.45
2025-11-10,TMPV,2025-12-30,380.00,PE,6.65,6.70,5.15,5.45,5.45,155200,1600,48,410.45
2025-11-10,TMPV,2025-11-25,440.00,PE,33.50,34.70,29.00,30.70,30.70,170400,29600,168,410.45
2025-11-10,TMPV,2025-11-25,400.00,PE,7.95,8.00,5.15,6.00,6.00,2780800,195200,3504,410.45
2025-11-10,TMPV,2025-12-30,520.00,CE,0.70,0.70,0.70,0.70,0.30,86400,800,2,410.45
2025-11-10,TMPV,2025-12-30,500.00,CE,1.25,1.55,1.10,1.45,1.45,140800,11200,24,410.45
2025-11-10,TMPV,2025-12-30,360.00,CE,0.00,0.00,0.00,61.90,55.20,8800,0,0,410.45
2025-11-10,TMPV,2025-11-25,450.00,CE,1.70,2.20,1.45,1.90,1.90,5565600,1092000,3582,410.45
2025-11-10,TMPV,2025-11-25,430.00,CE,4.00,5.35,3.80,4.80,4.80,1868800,16800,2943,410.45
2025-11-10,TMPV,2025-11-25,410.00,CE,10.10,13.30,9.95,12.05,12.05,3213600,-188000,5821,410.45
2025-11-10,TMPV,2025-11-25,340.00,CE,0.00,0.00,0.00,323.20,71.25,0,0,0,410.45
2025-11-10,TMPV,2025-11-25,320.00,CE,0.00,0.00,0.00,90.20,91.20,0,0,0,410.45
2025-11-10,TMPV,2025-11-25,460.00,CE,1.10,1.20,0.80,1.05,1.05,1942400,112000,2444,410.45
2025-11-10,TMPV,2025-12-30,420.00,CE,12.75,16.70,12.75,15.60,15.60,211200,33600,138,410.45
2025-11-10,TMPV,2026-01-27,480.00,CE,0.00,0.00,0.00,9.40,4.30,0,0,0,410.45
2025-11-10,TMPV,2025-11-25,380.00,PE,2.20,2.30,1.50,1.75,1.75,1312000,-128800,2603,410.45
2025-11-10,TMPV,2026-01-27,460.00,PE,0.00,0.00,0.00,55.30,51.50,0,0,0,410.45
2025-11-10,TMPV,2026-01-27,320.00,PE,0.00,0.00,0.00,1.75,0.50,0,0,0,410.45
2025-11-10,TMPV,2025-12-30,490.00,PE,79.00,79.00,79.00,79.00,76.90,1600,800,1,410.45
2025-11-10,TMPV,2025-11-25,380.00,CE,31.00,35.60,29.95,33.95,33.95,298400,49600,473,410.45
2025-11-10,TMPV,2025-12-30,340.00,PE,0.00,0.00,0.00,0.05,0.55,0,0,0,410.45
2025-11-10,TMPV,2025-12-30,480.00,CE,2.70,2.75,2.25,2.55,2.55,355200,2400,49,410.45
2025-11-10,TMPV,2025-12-30,380.00,CE,0.00,0.00,0.00,285.70,38.65,0,0,0,410.45
2025-11-10,TMPV,2025-12-30,320.00,CE,0.00,0.00,0.00,378.40,93.05,0,0,0,410.45
2025-11-10,TMPV,2025-11-25,440.00,CE,2.65,3.35,2.35,3.00,3.00,2236800,68800,2400,410.45
2025-11-10,TMPV,2025-11-25,350.00,CE,0.00,0.00,0.00,57.20,61.30,118400,0,0,410.45
2025-11-10,TMPV,2026-01-27,400.00,CE,30.80,32.05,29.00,32.05,30.15,17600,-800,8,410.45
2025-11-10,TMPV,2026-01-27,400.00,PE,0.00,0.00,0.00,20.15,14.80,0,0,0,410.45
2025-11-10,TMPV,2026-01-27,340.00,PE,0.00,0.00,0.00,3.80,1.50,0,0,0,410.45
2025-11-10,TMPV,2026-01-27,320.00,CE,0.00,0.00,0.00,98.10,94.85,0,0,0,410.45
2025-11-10,TMPV,2026-01-27,340.00,CE,0.00,0.00,0.00,80.45,76.10,0,0,0,410.45
2025-11-10,TMPV,2025-12-30,420.00,PE,22.95,22.95,20.25,20.85,20.85,48800,5600,22,410.45
2025-11-10,TMPV,2026-01-27,480.00,PE,0.00,0.00,0.00,70.60,68.00,0,0,0,410.45
2025-11-10,TMPV,2025-12-30,440.00,CE,8.00,9.50,7.95,8.85,8.85,190400,2400,63,410.45
2025-11-10,TMPV,2025-12-30,370.00,CE,0.00,0.00,0.00,53.65,46.60,2400,0,0,410.45
2025-11-10,TMPV,2026-01-27,380.00,CE,0.00,0.00,0.00,49.90,43.10,0,0,0,410.45
2025-11-10,TMPV,2025-11-25,420.00,CE,6.55,8.70,6.30,7.80,7.80,4228000,-348800,7037,410.45
2025-11-10,TMPV,2025-12-30,400.00,CE,23.90,27.10,23.30,26.10,26.10,211200,0,71,410.45
2025-11-10,TMPV,2025-11-25,350.00,PE,0.40,0.45,0.25,0.35,0.35,587200,36000,454,410.45
2025-11-10,TMPV,2025-11-25,470.00,PE,62.00,62.00,56.60,58.10,58.10,193600,-24000,53,410.45
2025-11-10,TMPV,2025-12-30,400.00,PE,13.85,14.00,11.00,11.45,11.45,348800,-4000,102,410.45
2025-11-10,TMPV,2026-01-27,380.00,PE,8.30,8.50,8.30,8.50,8.50,38400,-800,5,410.45
2025-11-10,TMPV,2025-12-30,390.00,PE,9.60,9.60,7.60,7.85,7.85,72800,10400,46,410.45
2025-11-10,TMPV,2025-12-30,410.00,PE,17.80,18.15,15.05,15.85,15.85,68800,28800,62,410.45
2025-11-10,TMPV,2025-12-30,500.00,PE,85.40,85.40,84.75,85.00,86.40,74400,18400,23,410.45
2025-11-10,TMPV,2025-11-25,390.00,CE,21.35,27.05,21.35,25.35,25.35,308000,-28000,373,410.45
2025-11-10,TMPV,2025-12-30,520.00,PE,0.00,0.00,0.00,103.95,105.75,1600,0,0,410.45
2025-11-10,TMPV,2025-11-25,430.00,PE,25.00,26.15,20.95,22.60,22.60,336000,17600,244,410.45
2025-11-10,TMPV,2026-01-27,280.00,PE,0.00,0.00,0.00,0.25,0.05,0,0,0,410.45
2025-11-10,TMPV,2025-12-30,370.00,PE,4.50,4.50,3.35,3.55,3.55,123200,33600,68,410.45
2025-11-10,TMPV,2026-01-27,440.00,PE,0.00,0.00,0.00,41.65,36.80,0,0,0,410.45
2025-11-10,TMPV,2026-01-27,520.00,PE,0.00,0.00,0.00,104.70,104.45,0,0,0,410.45
2025-11-10,TMPV,2025-11-25,470.00,CE,0.65,0.75,0.35,0.55,0.55,3432800,2040800,4783,410.45
2025-11-10,TMPV,2025-11-25,360.00,CE,48.55,54.35,48.55,52.75,52.75,177600,9600,31,410.45
2025-11-10,TMPV,2025-12-30,430.00,CE,10.00,12.55,10.00,11.80,11.80,72800,5600,19,410.45
2025-11-10,TMPV,2025-12-30,350.00,CE,0.00,0.00,0.00,60.60,64.25,3200,0,0,410.45
2025-11-10,TMPV,2025-11-25,520.00,CE,0.15,0.15,0.10,0.10,0.05,306400,-87200,384,410.45
2025-11-10,TMPV,2026-01-27,280.00,CE,0.00,0.00,0.00,136.00,133.90,0,0,0,410.45
2025-11-10,TMPV,2025-11-25,300.00,PE,0.10,0.15,0.10,0.15,0.15,170400,0,15,410.45
2025-11-10,TMPV,2025-11-25,360.00,PE,0.60,0.70,0.45,0.50,0.50,2249600,-283200,2752,410.45
2025-11-10,TMPV,2025-11-25,370.00,PE,1.45,1.45,0.80,0.95,0.95,906400,-14400,1618,410.45
2025-11-10,TMPV,2025-11-25,410.00,PE,13.75,13.75,8.85,9.95,9.95,1566400,139200,3349,410.45
2025-11-10,TMPV,2026-01-27,460.00,CE,0.00,0.00,0.00,13.80,7.55,0,0,0,410.45
2025-11-10,TMPV,2025-12-30,300.00,PE,0.00,0.00,0.00,0.05,0.05,0,0,0,410.45
2025-11-10,TMPV,2025-12-30,360.00,PE,2.50,2.65,2.20,2.20,2.20,253600,-9600,63,410.45
2025-11-10,TMPV,2026-01-27,420.00,CE,0.00,0.00,0.00,17.25,20.05,1600,0,0,410.45
2025-11-10,TMPV,2025-11-25,370.00,CE,39.80,44.80,39.30,43.00,43.00,356000,25600,96,410.45
2025-11-10,TMPV,2025-12-30,480.00,PE,66.50,67.10,66.50,67.10,67.60,9600,9600,12,410.45
2025-11-10,TMPV,2026-01-27,420.00,PE,0.00,0.00,0.00,29.85,24.45,0,0,0,410.45
2025-11-10,TMPV,2025-11-25,500.00,CE,0.20,0.20,0.10,0.15,0.15,1742400,-168000,1300,410.45
2025-11-10,TMPV,2025-12-30,300.00,CE,0.00,0.00,0.00,364.65,112.80,0,0,0,410.45
2025-11-10,TMPV,2025-12-30,340.00,CE,0.00,0.00,0.00,79.80,73.65,800,0,0,410.45
2025-11-10,TMPV,2025-11-25,490.00,CE,0.30,0.30,0.15,0.25,0.05,130400,37600,121,410.45
2025-11-10,TMPV,2025-11-25,400.00,CE,15.40,19.60,15.15,18.05,18.05,1671200,-250400,2121,410.45
2025-11-10,TMPV,2025-11-25,300.00,CE,108.80,109.30,108.80,109.30,111.15,2400,-1600,2,410.45
2025-11-10,TMPV,2025-12-30,460.00,PE,51.30,51.30,51.00,51.00,49.95,6400,6400,8,410.45
2025-11-10,TMPV,2025-11-25,500.00,PE,87.00,88.00,85.65,88.00,88.00,553600,-4000,30,410.45
2025-11-10,TMPV,2025-11-25,460.00,PE,52.55,52.65,46.85,48.60,48.60,119200,-16000,68,410.45
2025-11-10,TMPV,2025-12-30,490.00,CE,0.00,0.00,0.00,4.25,1.20,0,0,0,410.45
2025-11-10,TMPV,2025-12-30,470.00,CE,3.30,3.85,3.15,3.55,3.55,83200,-5600,31,410.45
2025-11-10,TMPV,2025-12-30,460.00,CE,4.30,5.05,4.30,4.80,4.80,88800,14400,49,410.45
2025-11-10,TMPV,2025-12-30,410.00,CE,19.00,21.50,18.50,20.50,20.50,84800,14400,55,410.45
2025-11-10,TMPV,2025-12-30,390.00,CE,0.00,0.00,0.00,38.15,31.40,0,0,0,410.45
2025-11-10,TMPV,2026-01-27,360.00,CE,0.00,0.00,0.00,64.25,58.65,0,0,0,410.45
2025-11-10,TMPV,2026-01-27,440.00,CE,0.00,0.00,0.00,19.80,12.60,0,0,0,410.45
2025-11-10,TMPV,2025-11-25,390.00,PE,5.15,5.15,2.60,3.25,3.25,1048800,-289600,2778,410.45
2025-11-10,TMPV,2025-11-25,480.00,PE,67.20,67.45,66.90,67.45,67.45,79200,-7200,18,410.45
2025-11-10,TMPV,2025-12-30,320.00,PE,0.00,0.00,0.00,0.05,0.10,0,0,0,410.45
2025-11-11,TMPV,2025-12-30,480.00,CE,2.55,2.55,1.95,2.30,2.30,350400,-4800,99,407.60
2025-11-11,TMPV,2025-12-30,380.00,CE,32.30,32.30,32.30,32.30,36.20,800,800,1,407.60
2025-11-11,TMPV,2025-12-30,320.00,CE,0.00,0.00,0.00,378.40,90.20,0,0,0,407.60
2025-11-11,TMPV,2025-11-25,440.00,CE,3.45,3.45,1.90,2.65,2.65,2380800,144000,2327,407.60
2025-11-11,TMPV,2025-11-25,350.00,CE,63.05,63.05,53.35,56.00,58.40,119200,800,61,407.60
2025-11-11,TMPV,2026-01-27,400.00,PE,0.00,0.00,0.00,20.15,15.75,0,0,0,407.60
2025-11-11,TMPV,2025-12-30,520.00,CE,0.80,1.00,0.75,0.95,0.95,88000,1600,14,407.60
2025-11-11,TMPV,2025-11-25,400.00,PE,6.00,10.15,5.20,8.05,8.05,2883200,102400,3188,407.60
2025-11-11,TMPV,2025-12-30,500.00,CE,1.40,1.40,1.00,1.30,0.60,148800,8000,29,407.60
2025-11-11,TMPV,2025-12-30,360.00,CE,0.00,0.00,0.00,61.90,52.50,8800,0,0,407.60
2025-11-11,TMPV,2025-11-25,450.00,CE,2.30,2.30,1.25,1.75,1.75,6024000,458400,2482,407.60
2025-11-11,TMPV,2025-11-25,430.00,CE,5.20,5.20,3.10,4.25,4.25,2023200,154400,3981,407.60
2025-11-11,TMPV,2025-11-25,410.00,CE,13.05,13.90,8.00,10.50,10.50,3467200,253600,7123,407.60
2025-11-11,TMPV,2025-11-25,440.00,PE,29.70,39.25,29.70,37.75,32.50,168800,-1600,54,407.60
2025-11-11,TMPV,2025-11-25,340.00,CE,0.00,0.00,0.00,323.20,68.35,0,0,0,407.60
2025-11-11,TMPV,2025-11-25,320.00,CE,0.00,0.00,0.00,90.20,88.30,0,0,0,407.60
2025-11-11,TMPV,2025-12-30,380.00,PE,6.15,7.60,6.15,6.55,6.55,168000,12800,82,407.60
2025-11-11,TMPV,2025-11-25,380.00,PE,1.60,3.20,1.60,2.55,2.55,1459200,147200,1552,407.60
2025-11-11,TMPV,2025-12-30,340.00,PE,0.00,0.00,0.00,0.05,0.60,0,0,0,407.60
2025-11-11,TMPV,2025-11-25,520.00,CE,0.10,0.10,0.05,0.10,0.05,284800,-21600,126,407.60
2025-11-11,TMPV,2025-11-25,470.00,CE,0.60,0.65,0.35,0.55,0.55,3361600,-71200,1481,407.60
2025-11-11,TMPV,2026-01-27,520.00,PE,0.00,0.00,0.00,104.70,107.15,0,0,0,407.60
2025-11-11,TMPV,2026-01-27,440.00,PE,0.00,0.00,0.00,41.65,38.50,0,0,0,407.60
2025-11-11,TMPV,2025-11-25,360.00,CE,0.00,0.00,0.00,52.75,48.50,177600,0,0,407.60
2025-11-11,TMPV,2025-12-30,370.00,PE,4.30,5.10,4.30,4.40,4.40,149600,26400,95,407.60
2025-11-11,TMPV,2025-11-25,430.00,PE,21.95,30.70,21.95,26.35,26.35,341600,5600,295,407.60
2025-11-11,TMPV,2025-11-25,410.00,PE,9.95,15.65,8.60,12.85,12.85,1496800,-69600,2245,407.60
2025-11-11,TMPV,2025-11-25,370.00,PE,0.85,1.60,0.85,1.35,1.35,1376000,469600,2202,407.60
2025-11-11,TMPV,2025-11-25,360.00,PE,0.50,0.80,0.50,0.70,0.70,2232000,-17600,775,407.60
2025-11-11,TMPV,2025-11-25,300.00,PE,0.15,0.15,0.10,0.10,0.10,172000,1600,3,407.60
2025-11-11,TMPV,2026-01-27,280.00,CE,0.00,0.00,0.00,136.00,131.00,0,0,0,407.60
2025-11-11,TMPV,2025-11-25,300.00,CE,112.60,112.60,107.00,107.00,107.00,3200,800,7,407.60
2025-11-11,TMPV,2025-12-30,460.00,CE,4.80,4.80,3.55,4.35,4.35,88000,-800,59,407.60
2025-11-11,TMPV,2025-12-30,460.00,PE,0.00,0.00,0.00,51.00,52.25,6400,0,0,407.60
2025-11-11,TMPV,2025-11-25,500.00,PE,98.00,98.00,93.35,93.35,91.30,564800,11200,21,407.60
2025-11-11,TMPV,2025-11-25,460.00,PE,47.95,57.45,47.90,52.85,52.85,95200,-24000,70,407.60
2025-11-11,TMPV,2025-12-30,490.00,CE,0.00,0.00,0.00,4.25,0.95,0,0,0,407.60
2025-11-11,TMPV,2025-12-30,470.00,CE,2.90,3.15,2.65,3.15,3.15,82400,-800,31,407.60
2025-11-11,TMPV,2025-12-30,390.00,CE,0.00,0.00,0.00,38.15,29.15,0,0,0,407.60
2025-11-11,TMPV,2025-12-30,410.00,CE,20.50,20.50,15.50,18.10,18.10,89600,4800,143,407.60
2025-11-11,TMPV,2025-11-25,490.00,CE,0.25,0.30,0.15,0.25,0.25,151200,20800,393,407.60
2025-11-11,TMPV,2025-11-25,400.00,CE,18.95,19.15,12.35,15.65,15.65,2038400,367200,3332,407.60
2025-11-11,TMPV,2026-01-27,480.00,CE,0.00,0.00,0.00,9.40,3.75,0,0,0,407.60
2025-11-11,TMPV,2025-11-25,460.00,CE,1.25,1.25,0.70,0.95,0.95,1836000,-106400,1998,407.60
2025-11-11,TMPV,2026-01-27,460.00,PE,0.00,0.00,0.00,55.30,53.60,0,0,0,407.60
2025-11-11,TMPV,2026-01-27,320.00,PE,0.00,0.00,0.00,1.75,0.55,0,0,0,407.60
2025-11-11,TMPV,2025-11-25,380.00,CE,35.00,35.00,25.65,30.25,30.25,313600,15200,277,407.60
2025-11-11,TMPV,2025-12-30,420.00,CE,13.95,14.10,11.60,13.80,13.80,228000,16800,291,407.60
2025-11-11,TMPV,2025-11-25,390.00,PE,3.05,5.90,3.00,4.65,4.65,1216800,168000,2411,407.60
2025-11-11,TMPV,2026-01-27,360.00,CE,0.00,0.00,0.00,64.25,56.00,0,0,0,407.60
2025-11-11,TMPV,2025-12-30,440.00,PE,41.45,41.55,40.85,40.85,36.05,46400,4000,5,407.60
2025-11-11,TMPV,2026-01-27,520.00,CE,0.00,0.00,0.00,4.05,1.05,0,0,0,407.60
2025-11-11,TMPV,2026-01-27,440.00,CE,0.00,0.00,0.00,19.80,11.45,0,0,0,407.60
2025-11-11,TMPV,2026-01-27,500.00,PE,0.00,0.00,0.00,87.20,88.40,0,0,0,407.60
2025-11-11,TMPV,2025-12-30,320.00,PE,0.00,0.00,0.00,0.05,0.10,0,0,0,407.60
2025-11-11,TMPV,2025-12-30,350.00,PE,1.60,2.05,1.60,1.80,1.80,124800,16800,65,407.60
2025-11-11,TMPV,2025-11-25,480.00,PE,0.00,0.00,0.00,67.45,71.35,79200,0,0,407.60
2025-11-11,TMPV,2026-01-27,280.00,PE,0.00,0.00,0.00,0.25,0.05,0,0,0,407.60
2025-11-11,TMPV,2025-12-30,430.00,CE,10.40,10.50,8.65,10.50,10.50,58400,-14400,98,407.60
2025-11-11,TMPV,2025-12-30,350.00,CE,56.90,56.90,56.90,56.90,61.45,4800,1600,2,407.60
2025-11-11,TMPV,2025-12-30,490.00,PE,74.50,74.50,74.50,74.50,79.60,2400,800,1,407.60
2025-11-11,TMPV,2025-11-25,330.00,PE,0.20,0.20,0.15,0.15,0.15,205600,-4800,99,407.60
2025-11-11,TMPV,2025-11-25,320.00,PE,0.15,0.20,0.15,0.20,0.20,200800,-7200,28,407.60
2025-11-11,TMPV,2026-01-27,500.00,CE,0.00,0.00,0.00,6.25,2.00,0,0,0,407.60
2025-11-11,TMPV,2025-11-25,420.00,PE,14.30,22.90,14.30,19.15,19.15,1140000,72000,817,407.60
2025-11-11,TMPV,2025-11-25,450.00,PE,38.90,48.30,38.85,44.30,44.30,352800,20000,84,407.60
2025-11-11,TMPV,2026-01-27,380.00,PE,8.95,10.05,8.95,9.30,8.60,40000,1600,8,407.60
2025-11-11,TMPV,2025-12-30,390.00,PE,9.20,10.90,9.20,9.55,9.55,83200,10400,38,407.60
2025-11-11,TMPV,2025-12-30,400.00,PE,11.05,15.60,11.05,13.55,13.55,368800,20000,90,407.60
2025-11-11,TMPV,2025-12-30,520.00,PE,0.00,0.00,0.00,103.95,108.65,1600,0,0,407.60
2025-11-11,TMPV,2025-12-30,500.00,PE,90.00,94.80,90.00,94.65,89.15,79200,4800,6,407.60
2025-11-11,TMPV,2025-12-30,410.00,PE,15.85,20.75,15.85,18.45,18.45,73600,4800,31,407.60
2025-11-11,TMPV,2025-11-25,390.00,CE,26.55,26.55,18.30,22.25,22.25,452800,144800,712,407.60
2025-11-11,TMPV,2025-11-25,350.00,PE,0.30,0.45,0.30,0.35,0.35,572000,-15200,176,407.60
2025-11-11,TMPV,2025-11-25,470.00,PE,57.55,66.00,57.05,62.50,62.50,191200,-2400,21,407.60
2025-11-11,TMPV,2025-12-30,400.00,CE,25.10,25.10,20.00,23.70,23.70,247200,36000,146,407.60
2025-11-11,TMPV,2025-12-30,370.00,CE,0.00,0.00,0.00,53.65,44.00,2400,0,0,407.60
2025-11-11,TMPV,2025-11-25,420.00,CE,8.75,9.20,5.05,6.80,6.80,5276000,1048000,7287,407.60
2025-11-11,TMPV,2026-01-27,380.00,CE,0.00,0.00,0.00,49.90,40.75,0,0,0,407.60
2025-11-11,TMPV,2026-01-27,480.00,PE,0.00,0.00,0.00,70.60,70.40,0,0,0,407.60
2025-11-11,TMPV,2025-12-30,420.00,PE,26.50,26.50,24.10,24.50,24.50,48000,-800,28,407.60
2025-11-11,TMPV,2026-01-27,340.00,CE,0.00,0.00,0.00,80.45,73.35,0,0,0,407.60
2025-11-11,TMPV,2025-12-30,440.00,CE,8.00,8.00,6.50,7.85,7.85,248000,57600,153,407.60
2025-11-11,TMPV,2025-12-30,480.00,PE,0.00,0.00,0.00,67.10,70.20,9600,0,0,407.60
2025-11-11,TMPV,2025-12-30,300.00,CE,0.00,0.00,0.00,364.65,109.90,0,0,0,407.60
2025-11-11,TMPV,2026-01-27,420.00,PE,0.00,0.00,0.00,29.85,25.75,0,0,0,407.60
2025-11-11,TMPV,2025-12-30,360.00,PE,2.65,3.30,2.65,2.80,2.80,305600,52000,139,407.60
2025-11-11,TMPV,2025-11-25,370.00,CE,44.75,44.75,34.10,39.05,39.05,408800,52800,181,407.60
2025-11-11,TMPV,2025-11-25,500.00,CE,0.15,0.20,0.10,0.20,0.20,1624000,-118400,711,407.60
2025-11-11,TMPV,2025-12-30,300.00,PE,0.00,0.00,0.00,0.05,0.05,0,0,0,407.60
2025-11-11,TMPV,2026-01-27,460.00,CE,0.00,0.00,0.00,13.80,6.75,0,0,0,407.60
2025-11-11,TMPV,2026-01-27,420.00,CE,16.05,16.05,16.05,16.05,18.45,2400,800,1,407.60
2025-11-11,TMPV,2025-12-30,340.00,CE,0.00,0.00,0.00,79.80,70.80,800,0,0,407.60
2025-11-11,TMPV,2025-11-25,490.00,PE,77.10,86.40,77.10,84.00,81.35,5600,5600,20,407.60
2025-11-11,TMPV,2025-11-25,520.00,PE,106.90,116.25,106.90,116.25,111.25,14400,800,11,407.60
2025-11-11,TMPV,2025-11-25,480.00,CE,0.35,0.35,0.20,0.35,0.35,1844000,-132800,2454,407.60
2025-11-11,TMPV,2025-12-30,430.00,PE,33.20,34.05,30.25,30.25,30.25,27200,5600,16,407.60
2025-11-11,TMPV,2025-12-30,450.00,PE,48.00,48.00,48.00,48.00,43.90,800,800,1,407.60
2025-11-11,TMPV,2025-12-30,470.00,PE,0.00,0.00,0.00,58.00,61.05,4000,0,0,407.60
2025-11-11,TMPV,2026-01-27,360.00,PE,5.20,5.20,5.00,5.00,4.05,4000,2400,3,407.60
2025-11-11,TMPV,2025-12-30,450.00,CE,5.30,5.75,4.80,5.75,5.75,84800,9600,95,407.60
2025-11-11,TMPV,2025-11-25,340.00,PE,0.25,0.30,0.20,0.30,0.30,152800,0,33,407.60
2025-11-11,TMPV,2026-01-27,340.00,PE,0.00,0.00,0.00,3.80,1.65,0,0,0,407.60
2025-11-11,TMPV,2026-01-27,400.00,CE,28.60,28.70,25.55,27.80,28.15,21600,4000,8,407.60
2025-11-11,TMPV,2026-01-27,320.00,CE,0.00,0.00,0.00,98.10,92.00,0,0,0,407.60
2025-11-12,TMPV,2025-11-25,410.00,CE,11.50,12.25,8.50,8.80,8.80,3974400,507200,7543,402.15
2025-11-12,TMPV,2025-11-25,340.00,CE,0.00,0.00,0.00,323.20,62.85,0,0,0,402.15
2025-11-12,TMPV,2025-11-25,320.00,CE,0.00,0.00,0.00,90.20,82.80,0,0,0,402.15
2025-11-12,TMPV,2025-12-30,380.00,PE,6.10,7.35,6.05,7.25,7.25,225600,57600,223,402.15
2025-11-12,TMPV,2025-11-25,440.00,PE,33.45,38.20,33.15,37.70,37.70,169600,800,55,402.15
2025-11-12,TMPV,2025-11-25,400.00,PE,7.85,9.45,6.65,9.20,9.20,3044000,160800,3349,402.15
2025-11-12,TMPV,2025-12-30,520.00,CE,0.90,0.90,0.70,0.70,0.15,88000,0,5,402.15
2025-11-12,TMPV,2025-12-30,500.00,CE,1.50,1.50,1.10,1.10,0.40,150400,1600,5,402.15
2025-11-12,TMPV,2025-12-30,360.00,CE,51.50,52.00,49.60,49.60,47.50,52000,43200,54,402.15
2025-11-12,TMPV,2026-01-27,460.00,CE,0.00,0.00,0.00,13.80,5.45,0,0,0,402.15
2025-11-12,TMPV,2025-12-30,300.00,PE,0.00,0.00,0.00,0.05,0.05,0,0,0,402.15
2025-11-12,TMPV,2025-12-30,360.00,PE,2.65,3.25,2.55,3.20,3.20,366400,60800,186,402.15
2025-11-12,TMPV,2025-12-30,480.00,PE,0.00,0.00,0.00,67.10,75.30,9600,0,0,402.15
2025-11-12,TMPV,2026-01-27,420.00,PE,0.00,0.00,0.00,29.85,28.60,0,0,0,402.15
2025-11-12,TMPV,2025-11-25,370.00,CE,40.40,41.00,35.45,35.90,35.90,419200,10400,67,402.15
2025-11-12,TMPV,2025-11-25,500.00,CE,0.20,0.20,0.10,0.10,0.10,1742400,118400,603,402.15
2025-11-12,TMPV,2025-12-30,300.00,CE,0.00,0.00,0.00,364.65,104.45,0,0,0,402.15
2025-11-12,TMPV,2025-12-30,340.00,CE,69.85,69.85,69.85,69.85,65.50,2400,1600,3,402.15
2025-11-12,TMPV,2026-01-27,420.00,CE,17.10,17.10,17.05,17.05,17.05,4000,1600,2,402.15
2025-11-12,TMPV,2025-12-30,370.00,PE,4.00,4.95,3.95,4.90,4.90,239200,89600,230,402.15
2025-11-12,TMPV,2026-01-27,440.00,PE,0.00,0.00,0.00,41.65,42.15,0,0,0,402.15
2025-11-12,TMPV,2025-11-25,370.00,PE,1.20,1.60,1.05,1.60,1.60,1430400,54400,1256,402.15
2025-11-12,TMPV,2026-01-27,520.00,PE,0.00,0.00,0.00,104.70,112.40,0,0,0,402.15
2025-11-12,TMPV,2025-12-30,350.00,CE,62.50,62.50,62.50,62.50,56.25,3200,-1600,2,402.15
2025-11-12,TMPV,2025-11-25,470.00,CE,0.65,0.65,0.40,0.40,0.40,3276000,-85600,702,402.15
2025-11-12,TMPV,2025-11-25,360.00,CE,50.30,50.30,44.55,45.15,45.15,200800,23200,95,402.15
2025-11-12,TMPV,2025-11-25,430.00,PE,25.00,29.45,23.75,29.00,29.00,348800,7200,279,402.15
2025-11-12,TMPV,2025-11-25,410.00,PE,12.70,14.85,10.80,14.55,14.55,1737600,240800,2094,402.15
2025-11-12,TMPV,2025-12-30,430.00,CE,12.00,12.00,9.40,9.50,9.50,108000,49600,120,402.15
2025-11-12,TMPV,2026-01-27,280.00,CE,0.00,0.00,0.00,136.00,125.50,0,0,0,402.15
2025-11-12,TMPV,2025-11-25,300.00,PE,0.20,0.20,0.10,0.10,0.05,170400,-1600,7,402.15
2025-11-12,TMPV,2025-11-25,360.00,PE,0.75,0.90,0.50,0.85,0.85,2260000,28000,1144,402.15
2025-11-12,TMPV,2025-12-30,400.00,PE,12.50,15.00,12.50,14.70,14.70,412000,43200,120,402.15
2025-11-12,TMPV,2025-11-25,470.00,PE,64.50,66.00,64.50,66.00,66.90,190400,-800,4,402.15
2025-11-12,TMPV,2025-11-25,350.00,PE,0.35,0.50,0.30,0.50,0.50,563200,-8800,191,402.15
2025-11-12,TMPV,2025-11-25,390.00,CE,24.05,24.95,19.20,19.60,19.60,480000,27200,690,402.15
2025-11-12,TMPV,2025-12-30,390.00,PE,9.10,10.60,9.10,10.55,10.55,106400,23200,50,402.15
2025-11-12,TMPV,2026-01-27,380.00,PE,9.20,10.00,9.20,9.50,9.50,40000,0,3,402.15
2025-11-12,TMPV,2025-12-30,520.00,PE,103.95,103.95,103.95,103.95,114.10,3200,1600,2,402.15
2025-11-12,TMPV,2025-12-30,500.00,PE,91.00,91.05,91.00,91.05,94.50,77600,-1600,2,402.15
2025-11-12,TMPV,2025-12-30,410.00,PE,17.90,20.20,17.60,19.95,19.95,88000,14400,46,402.15
2025-11-12,TMPV,2025-11-25,420.00,CE,7.70,8.05,5.40,5.60,5.60,6698400,1422400,6137,402.15
2025-11-12,TMPV,2025-12-30,370.00,CE,0.00,0.00,0.00,53.65,39.30,2400,0,0,402.15
2025-11-12,TMPV,2025-12-30,400.00,CE,24.15,24.40,21.00,21.40,21.40,308000,60800,225,402.15
2025-11-12,TMPV,2026-01-27,380.00,CE,0.00,0.00,0.00,49.90,36.55,0,0,0,402.15
2025-11-12,TMPV,2026-01-27,320.00,CE,0.00,0.00,0.00,98.10,86.60,0,0,0,402.15
2025-11-12,TMPV,2025-12-30,480.00,CE,2.55,2.55,1.90,1.95,1.95,368000,17600,54,402.15
2025-11-12,TMPV,2025-12-30,380.00,CE,33.90,34.10,33.70,33.80,33.80,70400,69600,88,402.15
2025-11-12,TMPV,2025-12-30,320.00,CE,0.00,0.00,0.00,378.40,84.70,0,0,0,402.15
2025-11-12,TMPV,2025-11-25,350.00,CE,58.65,58.65,54.05,54.70,54.70,130400,11200,28,402.15
2025-11-12,TMPV,2026-01-27,400.00,PE,0.00,0.00,0.00,20.15,17.80,0,0,0,402.15
2025-11-12,TMPV,2026-01-27,340.00,PE,0.00,0.00,0.00,3.80,1.95,0,0,0,402.15
2025-11-12,TMPV,2026-01-27,400.00,CE,27.80,29.00,26.80,26.80,26.80,34400,12800,21,402.15
2025-11-12,TMPV,2025-11-25,440.00,CE,3.30,3.30,1.95,2.10,2.10,2425600,44800,2053,402.15
2025-11-12,TMPV,2025-12-30,440.00,CE,8.25,8.45,7.00,7.10,7.10,323200,75200,164,402.15
2025-11-12,TMPV,2026-01-27,340.00,CE,0.00,0.00,0.00,80.45,68.15,0,0,0,402.15
2025-11-12,TMPV,2025-12-30,420.00,PE,23.15,26.20,23.15,25.95,25.95,53600,5600,18,402.15
2025-11-12,TMPV,2026-01-27,480.00,PE,0.00,0.00,0.00,70.60,75.10,0,0,0,402.15
2025-11-12,TMPV,2025-11-25,520.00,CE,0.05,0.10,0.05,0.10,0.05,284800,0,17,402.15
2025-11-12,TMPV,2026-01-27,360.00,PE,4.60,4.60,4.60,4.60,4.80,4000,0,1,402.15
2025-11-12,TMPV,2025-11-25,490.00,PE,0.00,0.00,0.00,84.00,86.85,5600,0,0,402.15
2025-11-12,TMPV,2025-11-25,340.00,PE,0.25,0.30,0.25,0.30,0.05,154400,1600,9,402.15
2025-11-12,TMPV,2025-12-30,450.00,CE,6.05,6.20,5.00,5.15,5.15,127200,42400,125,402.15
2025-11-12,TMPV,2025-11-25,480.00,CE,0.35,0.35,0.25,0.30,0.30,1652000,-192000,621,402.15
2025-11-12,TMPV,2025-12-30,470.00,PE,0.00,0.00,0.00,58.00,65.95,4000,0,0,402.15
2025-11-12,TMPV,2025-11-25,520.00,PE,0.00,0.00,0.00,116.25,116.80,14400,0,0,402.15
2025-11-12,TMPV,2025-12-30,450.00,PE,46.25,48.10,46.10,47.40,48.20,90400,89600,112,402.15
2025-11-12,TMPV,2025-12-30,430.00,PE,28.60,32.50,28.00,32.50,32.50,31200,4000,19,402.15
2025-11-12,TMPV,2025-12-30,350.00,PE,1.65,2.10,1.65,1.95,1.95,126400,1600,59,402.15
2025-11-12,TMPV,2026-01-27,280.00,PE,0.00,0.00,0.00,0.25,0.05,0,0,0,402.15
2025-11-12,TMPV,2026-01-27,500.00,PE,0.00,0.00,0.00,87.20,93.45,0,0,0,402.15
2025-11-12,TMPV,2026-01-27,360.00,CE,0.00,0.00,0.00,64.25,51.25,0,0,0,402.15
2025-11-12,TMPV,2026-01-27,440.00,CE,0.00,0.00,0.00,19.80,9.50,0,0,0,402.15
2025-11-12,TMPV,2026-01-27,520.00,CE,4.05,4.05,4.05,4.05,0.75,800,800,1,402.15
2025-11-12,TMPV,2025-11-25,390.00,PE,4.10,5.50,3.75,5.35,5.35,1334400,117600,2115,402.15
2025-11-12,TMPV,2025-11-25,480.00,PE,0.00,0.00,0.00,67.45,76.85,79200,0,0,402.15
2025-11-12,TMPV,2025-12-30,320.00,PE,0.00,0.00,0.00,0.05,0.15,0,0,0,402.15
2025-11-12,TMPV,2025-12-30,460.00,CE,4.50,4.65,3.70,3.75,3.75,96800,8800,37,402.15
2025-11-12,TMPV,2025-12-30,410.00,CE,19.80,19.80,16.50,16.65,16.65,169600,80000,163,402.15
2025-11-12,TMPV,2025-11-25,300.00,CE,0.00,0.00,0.00,107.00,102.75,3200,0,0,402.15
2025-11-12,TMPV,2025-11-25,400.00,CE,17.40,18.00,13.05,13.45,13.45,2618400,580000,4046,402.15
2025-11-12,TMPV,2025-11-25,490.00,CE,0.25,0.25,0.15,0.20,0.20,171200,20000,184,402.15
2025-11-12,TMPV,2025-12-30,460.00,PE,0.00,0.00,0.00,51.00,56.90,6400,0,0,402.15
2025-11-12,TMPV,2025-11-25,500.00,PE,90.00,95.95,90.00,95.45,95.45,627200,62400,179,402.15
2025-11-12,TMPV,2025-11-25,460.00,PE,52.65,56.65,52.65,56.65,56.95,94400,-800,13,402.15
2025-11-12,TMPV,2025-12-30,490.00,CE,0.00,0.00,0.00,4.25,0.65,0,0,0,402.15
2025-11-12,TMPV,2025-12-30,470.00,CE,2.70,2.75,2.70,2.75,2.75,82400,0,11,402.15
2025-11-12,TMPV,2025-12-30,390.00,CE,0.00,0.00,0.00,38.15,25.20,0,0,0,402.15
2025-11-12,TMPV,2025-11-25,460.00,CE,1.05,1.10,0.70,0.75,0.75,1887200,51200,2121,402.15
2025-11-12,TMPV,2025-12-30,420.00,CE,14.95,15.00,12.50,12.80,12.80,339200,111200,212,402.15
2025-11-12,TMPV,2026-01-27,480.00,CE,0.00,0.00,0.00,9.40,2.95,0,0,0,402.15
2025-11-12,TMPV,2025-11-25,380.00,PE,2.25,3.05,2.00,3.00,3.00,1632000,172800,1791,402.15
2025-11-12,TMPV,2025-12-30,340.00,PE,0.00,0.00,0.00,0.05,0.75,0,0,0,402.15
2025-11-12,TMPV,2025-11-25,380.00,CE,31.90,31.95,26.70,27.25,27.25,370400,56800,649,402.15
2025-11-12,TMPV,2026-01-27,460.00,PE,0.00,0.00,0.00,55.30,57.80,0,0,0,402.15
2025-11-12,TMPV,2025-12-30,490.00,PE,0.00,0.00,0.00,74.50,84.80,2400,0,0,402.15
2025-11-12,TMPV,2026-01-27,320.00,PE,0.00,0.00,0.00,1.75,0.65,0,0,0,402.15
2025-11-12,TMPV,2025-12-30,440.00,PE,38.25,39.90,38.25,39.90,39.90,46400,0,2,402.15
2025-11-12,TMPV,2026-01-27,500.00,CE,0.00,0.00,0.00,6.25,1.55,0,0,0,402.15
2025-11-12,TMPV,2025-11-25,320.00,PE,0.15,0.20,0.15,0.20,0.20,230400,29600,48,402.15
2025-11-12,TMPV,2025-11-25,330.00,PE,0.20,0.25,0.15,0.25,0.25,170400,-35200,58,402.15
2025-11-12,TMPV,2025-11-25,420.00,PE,19.40,21.60,16.70,21.30,21.30,1279200,139200,634,402.15
2025-11-12,TMPV,2025-11-25,450.00,PE,42.80,47.40,42.30,46.95,46.95,374400,21600,50,402.15
2025-11-12,TMPV,2025-11-25,450.00,CE,1.90,2.00,1.25,1.40,1.40,6234400,210400,2635,402.15
2025-11-12,TMPV,2025-11-25,430.00,CE,5.10,5.10,3.25,3.45,3.45,2301600,278400,4048,402.15
2025-11-13,TMPV,2025-11-25,350.00,CE,51.50,53.75,49.85,50.50,50.50,153600,23200,106,397.95
2025-11-13,TMPV,2025-12-30,320.00,CE,0.00,0.00,0.00,378.40,80.50,0,0,0,397.95
2025-11-13,TMPV,2025-12-30,330.00,CE,0.00,0.00,0.00,86.25,70.85,0,0,0,397.95
2025-11-13,TMPV,2025-12-30,380.00,CE,32.40,32.70,30.75,31.05,28.55,72800,2400,9,397.95
2025-11-13,TMPV,2025-12-30,480.00,CE,1.95,1.95,1.70,1.80,1.80,400000,32000,99,397.95
2025-11-13,TMPV,2025-11-25,410.00,PE,14.45,18.10,14.40,17.35,17.35,1772800,35200,1668,397.95
2025-11-13,TMPV,2025-11-25,370.00,PE,1.60,2.40,1.60,2.35,2.35,1472000,41600,1734,397.95
2025-11-13,TMPV,2025-11-25,360.00,PE,0.95,1.30,0.85,1.25,1.25,2346400,86400,1814,397.95
2025-11-13,TMPV,2025-11-25,300.00,PE,0.20,0.20,0.15,0.20,0.20,199200,28800,96,397.95
2025-11-13,TMPV,2026-01-27,280.00,CE,0.00,0.00,0.00,136.00,121.30,0,0,0,397.95
2025-11-13,TMPV,2025-12-30,430.00,CE,9.55,9.55,7.95,8.15,8.15,129600,21600,125,397.95
2025-11-13,TMPV,2025-11-25,520.00,CE,0.05,0.10,0.05,0.10,0.10,276800,-8000,57,397.95
2025-11-13,TMPV,2025-12-30,350.00,CE,0.00,0.00,0.00,62.50,52.25,3200,0,0,397.95
2025-11-13,TMPV,2025-11-25,470.00,CE,0.35,0.45,0.30,0.35,0.35,2951200,-324800,1156,397.95
2025-11-13,TMPV,2025-11-25,360.00,CE,44.50,44.50,40.50,41.00,41.00,285600,84800,407,397.95
2025-11-13,TMPV,2026-01-27,520.00,PE,0.00,0.00,0.00,104.70,116.55,0,0,0,397.95
2025-11-13,TMPV,2026-01-27,440.00,PE,0.00,0.00,0.00,41.65,45.05,0,0,0,397.95
2025-11-13,TMPV,2025-12-30,370.00,PE,5.40,5.85,5.15,5.85,5.85,284000,44800,153,397.95
2025-11-13,TMPV,2025-11-25,430.00,PE,31.25,33.45,29.95,32.65,32.65,337600,-11200,228,397.95
2025-11-13,TMPV,2025-11-25,440.00,CE,2.40,2.40,1.30,1.35,1.35,3016000,590400,4370,397.95
2025-11-13,TMPV,2025-11-25,470.00,PE,69.35,70.80,68.65,70.55,70.55,169600,-20800,56,397.95
2025-11-13,TMPV,2025-12-30,390.00,PE,11.50,12.40,11.10,12.20,12.20,116000,9600,35,397.95
2025-11-13,TMPV,2025-12-30,400.00,PE,13.60,17.25,13.60,17.00,17.00,492000,80000,254,397.95
2025-11-13,TMPV,2025-12-30,410.00,PE,22.00,22.70,20.50,21.50,21.60,110400,22400,42,397.95
2025-11-13,TMPV,2025-12-30,520.00,PE,114.00,114.00,114.00,114.00,118.30,6400,3200,4,397.95
2025-11-13,TMPV,2025-11-25,390.00,CE,19.55,19.55,16.50,16.95,16.95,573600,93600,1213,397.95
2025-11-13,TMPV,2025-11-25,350.00,PE,0.60,0.80,0.50,0.80,0.80,768800,205600,1144,397.95
2025-11-13,TMPV,2025-12-30,500.00,PE,95.25,97.20,95.25,97.20,98.65,79200,1600,2,397.95
2025-11-13,TMPV,2026-01-27,380.00,PE,10.00,11.00,10.00,11.00,11.00,40800,800,3,397.95
2025-11-13,TMPV,2026-01-27,360.00,PE,5.35,5.35,5.00,5.35,5.40,7200,3200,4,397.95
2025-11-13,TMPV,2025-12-30,450.00,PE,50.50,50.50,49.50,50.20,51.70,92000,1600,5,397.95
2025-11-13,TMPV,2025-11-25,480.00,CE,0.25,0.30,0.20,0.30,0.30,1428800,-223200,1406,397.95
2025-11-13,TMPV,2025-12-30,470.00,PE,0.00,0.00,0.00,58.00,69.80,4000,0,0,397.95
2025-11-13,TMPV,2025-12-30,450.00,CE,4.90,5.10,4.40,4.50,4.50,172800,45600,223,397.95
2025-11-13,TMPV,2025-11-25,340.00,PE,0.30,0.55,0.30,0.50,0.50,166400,12000,58,397.95
2025-11-13,TMPV,2025-11-25,490.00,PE,0.00,0.00,0.00,84.00,91.10,5600,0,0,397.95
2025-11-13,TMPV,2025-11-25,520.00,PE,0.00,0.00,0.00,116.25,121.05,14400,0,0,397.95
2025-11-13,TMPV,2025-12-30,430.00,PE,34.20,34.70,34.20,34.70,35.30,32800,1600,2,397.95
2025-11-13,TMPV,2025-11-25,330.00,PE,0.30,0.40,0.25,0.35,0.35,168000,-2400,36,397.95
2025-11-13,TMPV,2026-01-27,500.00,CE,0.00,0.00,0.00,6.25,1.20,0,0,0,397.95
2025-11-13,TMPV,2025-11-25,420.00,PE,21.80,25.30,21.80,24.40,24.40,1301600,22400,520,397.95
2025-11-13,TMPV,2025-11-25,450.00,PE,49.75,51.30,47.95,51.15,51.15,375200,800,64,397.95
2025-11-13,TMPV,2025-12-30,440.00,PE,42.70,42.70,42.70,42.70,43.20,46400,0,1,397.95
2025-11-13,TMPV,2025-11-25,320.00,PE,0.25,0.35,0.25,0.30,0.30,231200,800,26,397.95
2025-11-13,TMPV,2025-11-25,390.00,PE,5.45,7.50,5.25,7.20,7.20,1598400,264000,3521,397.95
2025-11-13,TMPV,2025-12-30,320.00,PE,0.00,0.00,0.00,0.05,0.20,0,0,0,397.95
2025-11-13,TMPV,2025-12-30,350.00,PE,2.25,2.60,2.15,2.55,2.55,223200,96800,283,397.95
2025-11-13,TMPV,2026-01-27,500.00,PE,0.00,0.00,0.00,87.20,97.40,0,0,0,397.95
2025-11-13,TMPV,2026-01-27,280.00,PE,0.00,0.00,0.00,0.25,0.05,0,0,0,397.95
2025-11-13,TMPV,2025-11-25,480.00,PE,77.95,78.25,77.95,78.10,81.15,80800,1600,3,397.95
2025-11-13,TMPV,2026-01-27,360.00,CE,0.00,0.00,0.00,64.25,47.60,0,0,0,397.95
2025-11-13,TMPV,2026-01-27,440.00,CE,0.00,0.00,0.00,19.80,8.15,0,0,0,397.95
2025-11-13,TMPV,2026-01-27,520.00,CE,0.00,0.00,0.00,4.05,0.60,800,0,0,397.95
2025-11-13,TMPV,2026-01-27,480.00,PE,0.00,0.00,0.00,70.60,78.80,0,0,0,397.95
2025-11-13,TMPV,2025-12-30,420.00,PE,27.60,29.00,27.00,28.55,28.55,63200,9600,16,397.95
2025-11-13,TMPV,2026-01-27,340.00,CE,0.00,0.00,0.00,80.45,64.20,0,0,0,397.95
2025-11-13,TMPV,2025-12-30,440.00,CE,6.70,6.80,6.00,6.05,6.05,369600,46400,189,397.95
2025-11-13,TMPV,2025-11-25,420.00,CE,5.70,5.85,4.15,4.30,4.30,5684800,-1013600,9434,397.95
2025-11-13,TMPV,2026-01-27,380.00,CE,0.00,0.00,0.00,49.90,33.40,0,0,0,397.95
2025-11-13,TMPV,2025-12-30,400.00,CE,21.55,21.55,18.80,19.20,19.20,380800,72800,407,397.95
2025-11-13,TMPV,2025-12-30,370.00,CE,39.00,39.00,39.00,39.00,35.70,2400,0,1,397.95
2025-11-13,TMPV,2025-12-30,460.00,CE,3.80,3.80,3.20,3.25,3.25,108000,11200,40,397.95
2025-11-13,TMPV,2025-12-30,410.00,CE,16.70,16.70,14.10,14.50,14.50,224000,54400,229,397.95
2025-11-13,TMPV,2025-12-30,390.00,CE,0.00,0.00,0.00,38.15,22.25,0,0,0,397.95
2025-11-13,TMPV,2025-11-25,490.00,CE,0.15,0.20,0.15,0.20,0.20,198400,27200,210,397.95
2025-11-13,TMPV,2025-11-25,400.00,CE,14.10,14.10,10.95,11.30,11.30,3168800,550400,5894,397.95
2025-11-13,TMPV,2025-11-25,300.00,CE,102.00,102.00,100.10,100.10,98.50,4800,1600,2,397.95
2025-11-13,TMPV,2025-12-30,460.00,PE,0.00,0.00,0.00,51.00,60.60,6400,0,0,397.95
2025-11-13,TMPV,2025-11-25,500.00,PE,97.50,98.40,97.50,98.40,101.10,631200,4000,5,397.95
2025-11-13,TMPV,2025-11-25,460.00,PE,57.70,60.90,57.70,60.70,60.70,96000,1600,25,397.95
2025-11-13,TMPV,2025-12-30,490.00,CE,0.00,0.00,0.00,4.25,0.45,0,0,0,397.95
2025-11-13,TMPV,2025-12-30,470.00,CE,2.40,2.65,2.35,2.50,2.50,84000,1600,47,397.95
2025-11-13,TMPV,2026-01-27,460.00,PE,0.00,0.00,0.00,55.30,61.20,0,0,0,397.95
2025-11-13,TMPV,2025-11-25,380.00,CE,24.85,27.30,23.60,24.00,24.00,508000,137600,749,397.95
2025-11-13,TMPV,2025-11-25,460.00,CE,0.75,0.75,0.50,0.55,0.55,1520800,-366400,3274,397.95
2025-11-13,TMPV,2025-12-30,420.00,CE,11.75,12.40,10.80,11.10,11.10,426400,87200,321,397.95
2025-11-13,TMPV,2026-01-27,480.00,CE,0.00,0.00,0.00,9.40,2.40,0,0,0,397.95
2025-11-13,TMPV,2025-11-25,380.00,PE,3.00,4.35,3.00,4.20,4.20,1942400,310400,4318,397.95
2025-11-13,TMPV,2025-12-30,490.00,PE,0.00,0.00,0.00,74.50,88.90,2400,0,0,397.95
2025-11-13,TMPV,2026-01-27,320.00,PE,0.00,0.00,0.00,1.75,0.75,0,0,0,397.95
2025-11-13,TMPV,2025-12-30,340.00,PE,0.00,0.00,0.00,0.05,0.90,0,0,0,397.95
2025-11-13,TMPV,2025-12-30,520.00,CE,0.70,0.85,0.70,0.75,0.10,92000,4000,7,397.95
2025-11-13,TMPV,2025-11-25,320.00,CE,0.00,0.00,0.00,90.20,78.55,0,0,0,397.95
2025-11-13,TMPV,2025-11-25,330.00,CE,0.00,0.00,0.00,333.15,68.55,0,0,0,397.95
2025-11-13,TMPV,2025-11-25,340.00,CE,0.00,0.00,0.00,323.20,58.60,0,0,0,397.95
2025-11-13,TMPV,2025-11-25,410.00,CE,9.40,9.60,6.90,7.15,7.15,4204000,229600,7674,397.95
2025-11-13,TMPV,2025-11-25,430.00,CE,3.60,3.60,2.35,2.45,2.45,2731200,429600,4128,397.95
2025-11-13,TMPV,2025-11-25,450.00,CE,1.45,1.45,0.75,0.90,0.90,4570400,-1664000,6380,397.95
2025-11-13,TMPV,2025-12-30,360.00,CE,0.00,0.00,0.00,49.60,43.65,52000,0,0,397.95
2025-11-13,TMPV,2025-12-30,500.00,CE,1.10,1.20,0.75,1.05,0.30,148800,-1600,14,397.95
2025-11-13,TMPV,2025-11-25,400.00,PE,9.00,12.05,9.00,11.55,11.55,3186400,142400,5479,397.95
2025-11-13,TMPV,2025-11-25,440.00,PE,39.05,41.90,38.70,41.65,41.65,154400,-15200,68,397.95
2025-11-13,TMPV,2025-12-30,380.00,PE,8.05,8.70,7.60,8.35,8.35,262400,36800,124,397.95
2025-11-13,TMPV,2025-12-30,300.00,PE,0.00,0.00,0.00,0.05,0.05,0,0,0,397.95
2025-11-13,TMPV,2025-12-30,330.00,PE,0.00,0.00,0.00,1.30,0.45,0,0,0,397.95
2025-11-13,TMPV,2025-12-30,360.00,PE,1.60,4.00,1.60,3.80,3.80,650400,284000,613,397.95
2025-11-13,TMPV,2025-11-25,500.00,CE,0.15,0.20,0.10,0.20,0.20,1717600,-24800,649,397.95
2025-11-13,TMPV,2025-12-30,480.00,PE,0.00,0.00,0.00,67.10,79.30,9600,0,0,397.95
2025-11-13,TMPV,2026-01-27,420.00,PE,0.00,0.00,0.00,29.85,30.95,0,0,0,397.95
2025-11-13,TMPV,2025-11-25,370.00,CE,33.65,35.05,31.60,32.05,32.05,456800,37600,193,397.95
2025-11-13,TMPV,2025-12-30,300.00,CE,0.00,0.00,0.00,364.65,100.20,0,0,0,397.95
2025-11-13,TMPV,2025-12-30,340.00,CE,0.00,0.00,0.00,69.85,61.40,2400,0,0,397.95
2025-11-13,TMPV,2026-01-27,420.00,CE,16.75,16.75,16.75,16.75,16.75,4000,0,1,397.95
2025-11-13,TMPV,2026-01-27,460.00,CE,0.00,0.00,0.00,13.80,4.55,0,0,0,397.95
2025-11-13,TMPV,2026-01-27,320.00,CE,0.00,0.00,0.00,98.10,82.45,0,0,0,397.95
2025-11-13,TMPV,2026-01-27,340.00,PE,0.00,0.00,0.00,3.80,2.25,0,0,0,397.95
2025-11-13,TMPV,2026-01-27,400.00,PE,0.00,0.00,0.00,20.15,19.50,0,0,0,397.95
2025-11-13,TMPV,2026-01-27,400.00,CE,26.00,27.40,25.00,25.15,25.15,43200,8800,13,397.95
2025-11-14,TMPV,2025-11-25,330.00,PE,0.35,0.40,0.25,0.30,0.30,184800,16800,67,391.20
2025-11-14,TMPV,2025-12-30,480.00,CE,1.80,1.80,1.15,1.20,1.20,376000,-24000,183,391.20
2025-11-14,TMPV,2025-12-30,380.00,CE,29.00,29.00,23.55,25.90,25.90,139200,66400,116,391.20
2025-11-14,TMPV,2025-12-30,330.00,CE,0.00,0.00,0.00,86.25,64.20,0,0,0,391.20
2025-11-14,TMPV,2025-12-30,320.00,CE,0.00,0.00,0.00,378.40,73.80,0,0,0,391.20
2025-11-14,TMPV,2025-11-25,440.00,CE,1.25,1.40,0.75,0.80,0.80,2867200,-148800,6113,391.20
2025-11-14,TMPV,2025-11-25,350.00,CE,50.85,50.85,40.00,43.45,43.45,169600,16000,113,391.20
2025-11-14,TMPV,2026-01-27,400.00,PE,22.00,24.65,22.00,24.65,22.60,6400,6400,10,391.20
2025-11-14,TMPV,2026-01-27,340.00,PE,0.00,0.00,0.00,3.80,2.85,0,0,0,391.20
2025-11-14,TMPV,2026-01-27,400.00,CE,24.50,24.50,19.95,21.80,21.80,66400,23200,40,391.20
2025-11-14,TMPV,2025-11-25,340.00,PE,0.55,0.75,0.35,0.45,0.45,438400,272000,900,391.20
2025-11-14,TMPV,2025-12-30,450.00,CE,4.10,4.30,3.15,3.25,3.25,238400,65600,484,391.20
2025-11-14,TMPV,2025-11-25,480.00,CE,0.25,0.25,0.15,0.20,0.20,1307200,-121600,1012,391.20
2025-11-14,TMPV,2025-11-25,490.00,PE,0.00,0.00,0.00,84.00,97.95,5600,0,0,391.20
2025-11-14,TMPV,2026-01-27,360.00,PE,6.00,6.00,6.00,6.00,6.65,8000,800,1,391.20
2025-11-14,TMPV,2025-12-30,470.00,PE,0.00,0.00,0.00,58.00,76.20,4000,0,0,391.20
2025-11-14,TMPV,2025-12-30,450.00,PE,56.10,59.10,56.10,59.10,57.55,93600,1600,3,391.20
2025-11-14,TMPV,2025-12-30,430.00,PE,41.40,41.40,41.40,41.40,40.35,33600,800,1,391.20
2025-11-14,TMPV,2025-11-25,520.00,PE,0.00,0.00,0.00,116.25,127.90,14400,0,0,391.20
2025-11-14,TMPV,2025-12-30,390.00,CE,20.80,21.55,18.25,19.85,19.85,64800,64800,108,391.20
2025-11-14,TMPV,2025-12-30,460.00,CE,3.00,3.10,2.00,2.25,2.25,243200,135200,359,391.20
2025-11-14,TMPV,2025-12-30,410.00,CE,14.85,14.85,10.40,11.55,11.55,451200,227200,460,391.20
2025-11-14,TMPV,2025-12-30,460.00,PE,0.00,0.00,0.00,51.00,66.75,6400,0,0,391.20
2025-11-14,TMPV,2025-11-25,500.00,PE,102.75,110.00,96.15,107.15,107.15,688800,57600,100,391.20
2025-11-14,TMPV,2025-11-25,460.00,PE,67.05,69.80,66.15,66.45,66.45,96000,0,16,391.20
2025-11-14,TMPV,2025-12-30,490.00,CE,0.00,0.00,0.00,4.25,0.30,0,0,0,391.20
2025-11-14,TMPV,2025-12-30,470.00,CE,2.20,2.25,1.65,1.80,1.80,185600,101600,207,391.20
2025-11-14,TMPV,2025-11-25,300.00,CE,98.40,98.40,89.15,91.20,91.20,5600,800,7,391.20
2025-11-14,TMPV,2025-11-25,400.00,CE,11.35,11.55,5.85,6.90,6.90,4724000,1555200,14954,391.20
2025-11-14,TMPV,2025-11-25,490.00,CE,0.15,0.15,0.10,0.10,0.10,140800,-57600,127,391.20
2025-11-14,TMPV,2025-11-25,410.00,PE,17.35,24.20,16.85,21.20,21.20,1683200,-89600,1316,391.20
2025-11-14,TMPV,2025-11-25,430.00,PE,33.00,41.00,33.00,38.50,38.50,320000,-17600,111,391.20
2025-11-14,TMPV,2025-12-30,370.00,PE,5.95,8.25,5.45,7.65,7.65,424800,140800,596,391.20
2025-11-14,TMPV,2026-01-27,440.00,PE,0.00,0.00,0.00,41.65,50.05,0,0,0,391.20
2025-11-14,TMPV,2026-01-27,520.00,PE,0.00,0.00,0.00,104.70,123.15,0,0,0,391.20
2025-11-14,TMPV,2025-11-25,360.00,CE,41.30,41.30,30.80,33.30,33.30,430400,144800,348,391.20
2025-11-14,TMPV,2025-11-25,470.00,CE,0.35,0.35,0.20,0.25,0.25,2720800,-230400,1489,391.20
2025-11-14,TMPV,2025-11-25,520.00,CE,0.10,0.10,0.05,0.05,0.05,273600,-3200,8,391.20
2025-11-14,TMPV,2025-12-30,350.00,CE,53.00,53.00,53.00,53.00,46.05,4000,800,1,391.20
2025-11-14,TMPV,2025-12-30,430.00,CE,8.15,8.15,5.60,6.10,6.10,272800,143200,381,391.20
2025-11-14,TMPV,2026-01-27,280.00,CE,0.00,0.00,0.00,136.00,114.50,0,0,0,391.20
2025-11-14,TMPV,2025-11-25,300.00,PE,0.30,0.30,0.15,0.15,0.15,273600,74400,213,391.20
2025-11-14,TMPV,2025-11-25,360.00,PE,1.50,1.50,0.95,1.20,1.20,2455200,108800,4617,391.20
2025-11-14,TMPV,2025-11-25,370.00,PE,2.35,3.05,1.70,2.35,2.35,1817600,345600,4025,391.20
2025-11-14,TMPV,2026-01-27,500.00,PE,0.00,0.00,0.00,87.20,103.85,0,0,0,391.20
2025-11-14,TMPV,2026-01-27,360.00,CE,0.00,0.00,0.00,64.25,42.00,0,0,0,391.20
2025-11-14,TMPV,2026-01-27,440.00,CE,0.00,0.00,0.00,19.80,6.35,0,0,0,391.20
2025-11-14,TMPV,2026-01-27,520.00,CE,0.00,0.00,0.00,4.05,0.40,800,0,0,391.20
2025-11-14,TMPV,2025-11-25,390.00,PE,8.00,10.30,6.45,8.45,8.45,2502400,904000,8333,391.20
2025-11-14,TMPV,2025-11-25,480.00,PE,83.00,88.55,83.00,88.55,88.55,77600,-3200,5,391.20
2025-11-14,TMPV,2025-12-30,320.00,PE,0.00,0.00,0.00,0.05,0.30,0,0,0,391.20
2025-11-14,TMPV,2025-12-30,350.00,PE,2.65,3.85,2.25,3.55,3.55,459200,236000,752,391.20
2025-11-14,TMPV,2026-01-27,280.00,PE,0.00,0.00,0.00,0.25,0.05,0,0,0,391.20
2025-11-14,TMPV,2025-11-25,450.00,CE,0.90,0.90,0.50,0.60,0.60,6269600,1699200,10285,391.20
2025-11-14,TMPV,2025-12-30,360.00,CE,42.50,43.80,38.00,38.00,37.80,93600,41600,53,391.20
2025-11-14,TMPV,2025-12-30,380.00,PE,8.60,11.80,8.50,10.45,10.45,342400,80000,263,391.20
2025-11-14,TMPV,2025-11-25,440.00,PE,43.10,51.40,42.75,48.20,48.20,160800,6400,156,391.20
2025-11-14,TMPV,2025-11-25,400.00,PE,11.70,16.65,10.85,14.20,14.20,3696000,509600,6242,391.20
2025-11-14,TMPV,2025-12-30,520.00,CE,0.45,0.45,0.45,0.45,0.05,92000,0,1,391.20
2025-11-14,TMPV,2025-12-30,500.00,CE,1.05,1.05,0.65,0.70,0.70,149600,800,20,391.20
2025-11-14,TMPV,2025-11-25,320.00,CE,0.00,0.00,0.00,90.20,71.75,0,0,0,391.20
2025-11-14,TMPV,2025-11-25,330.00,CE,0.00,0.00,0.00,333.15,61.75,0,0,0,391.20
2025-11-14,TMPV,2025-11-25,340.00,CE,0.00,0.00,0.00,323.20,51.80,0,0,0,391.20
2025-11-14,TMPV,2025-11-25,410.00,CE,7.00,7.20,3.50,4.10,4.10,4835200,631200,10172,391.20
2025-11-14,TMPV,2025-11-25,430.00,CE,2.20,2.40,1.20,1.35,1.35,3027200,296000,7244,391.20
2025-11-14,TMPV,2025-11-25,500.00,CE,0.20,0.20,0.10,0.15,0.15,1625600,-92000,467,391.20
2025-11-14,TMPV,2025-12-30,370.00,CE,32.55,32.55,31.00,31.00,30.30,5600,3200,4,391.20
2025-11-14,TMPV,2025-12-30,400.00,CE,18.15,18.60,13.80,15.20,15.20,743200,362400,960,391.20
2025-11-14,TMPV,2026-01-27,380.00,CE,0.00,0.00,0.00,49.90,28.70,0,0,0,391.20
2025-11-14,TMPV,2025-11-25,420.00,CE,4.10,4.50,2.05,2.40,2.40,6048800,364000,12002,391.20
2025-11-14,TMPV,2025-11-25,380.00,PE,4.45,5.80,3.60,4.60,4.60,2333600,391200,6889,391.20
2025-11-14,TMPV,2025-12-30,340.00,PE,2.00,2.60,2.00,2.20,2.20,117600,117600,167,391.20
2025-11-14,TMPV,2025-12-30,490.00,PE,0.00,0.00,0.00,74.50,95.55,2400,0,0,391.20
2025-11-14,TMPV,2026-01-27,320.00,PE,0.00,0.00,0.00,1.75,1.00,0,0,0,391.20
2025-11-14,TMPV,2026-01-27,460.00,PE,0.00,0.00,0.00,55.30,66.85,0,0,0,391.20
2025-11-14,TMPV,2025-11-25,380.00,CE,24.00,24.00,15.00,17.25,17.25,552000,44000,2112,391.20
2025-11-14,TMPV,2025-11-25,460.00,CE,0.50,0.55,0.30,0.35,0.35,1519200,-1600,2992,391.20
2025-11-14,TMPV,2025-12-30,420.00,CE,10.00,10.75,7.55,8.35,8.35,540000,113600,460,391.20
2025-11-14,TMPV,2026-01-27,480.00,CE,0.00,0.00,0.00,9.40,1.75,0,0,0,391.20
2025-11-14,TMPV,2025-11-25,370.00,CE,31.35,32.35,22.30,24.70,24.70,460800,4000,507,391.20
2025-11-14,TMPV,2026-01-27,320.00,CE,0.00,0.00,0.00,98.10,75.90,0,0,0,391.20
2025-11-14,TMPV,2025-12-30,300.00,CE,0.00,0.00,0.00,364.65,93.40,0,0,0,391.20
2025-11-14,TMPV,2025-12-30,340.00,CE,0.00,0.00,0.00,69.85,54.95,2400,0,0,391.20
2025-11-14,TMPV,2026-01-27,420.00,CE,13.00,13.00,13.00,13.00,11.15,4000,0,1,391.20
2025-11-14,TMPV,2026-01-27,460.00,CE,0.00,0.00,0.00,13.80,3.40,0,0,0,391.20
2025-11-14,TMPV,2025-12-30,300.00,PE,0.00,0.00,0.00,0.05,0.05,0,0,0,391.20
2025-11-14,TMPV,2025-12-30,330.00,PE,0.25,1.80,0.25,1.80,0.65,7200,7200,10,391.20
2025-11-14,TMPV,2025-12-30,360.00,PE,4.10,5.70,3.55,5.15,5.15,843200,192800,1152,391.20
2025-11-14,TMPV,2025-12-30,480.00,PE,0.00,0.00,0.00,67.10,85.80,9600,0,0,391.20
2025-11-14,TMPV,2026-01-27,420.00,PE,0.00,0.00,0.00,29.85,35.10,0,0,0,391.20
2025-11-14,TMPV,2025-12-30,420.00,PE,32.55,35.45,32.55,35.45,32.55,68000,4800,11,391.20
2025-11-14,TMPV,2026-01-27,480.00,PE,0.00,0.00,0.00,70.60,84.95,0,0,0,391.20
2025-11-14,TMPV,2025-12-30,440.00,CE,5.10,5.75,4.20,4.50,4.50,584800,215200,554,391.20
2025-11-14,TMPV,2026-01-27,340.00,CE,0.00,0.00,0.00,80.45,58.00,0,0,0,391.20
2025-11-14,TMPV,2025-12-30,400.00,PE,17.85,21.95,16.70,20.10,20.10,730400,238400,721,391.20
2025-11-14,TMPV,2025-12-30,410.00,PE,22.40,28.10,22.40,25.40,25.40,123200,12800,48,391.20
2025-11-14,TMPV,2025-12-30,500.00,PE,99.25,101.00,99.25,101.00,105.35,82400,3200,4,391.20
2025-11-14,TMPV,2025-12-30,520.00,PE,0.00,0.00,0.00,114.00,125.10,6400,0,0,391.20
2025-11-14,TMPV,2026-01-27,380.00,PE,13.80,14.80,13.50,13.50,13.50,43200,2400,5,391.20
2025-11-14,TMPV,2025-11-25,390.00,CE,16.70,17.45,9.50,11.25,11.25,1335200,761600,5662,391.20
2025-11-14,TMPV,2025-11-25,350.00,PE,0.80,0.90,0.60,0.70,0.70,1009600,240800,2484,391.20
2025-11-14,TMPV,2025-11-25,470.00,PE,79.20,79.65,76.00,76.00,76.00,169600,0,7,391.20
2025-11-14,TMPV,2025-12-30,390.00,PE,13.10,16.35,12.20,15.05,15.05,168800,52800,137,391.20
2025-11-14,TMPV,2025-11-25,320.00,PE,0.30,0.35,0.20,0.25,0.25,369600,138400,328,391.20
2025-11-14,TMPV,2026-01-27,500.00,CE,0.00,0.00,0.00,6.25,0.85,0,0,0,391.20
2025-11-14,TMPV,2025-12-30,440.00,PE,47.00,47.00,47.00,47.00,48.70,46400,0,1,391.20
2025-11-14,TMPV,2025-11-25,450.00,PE,54.00,60.00,53.65,56.30,56.30,364000,-11200,42,391.20
2025-11-14,TMPV,2025-11-25,420.00,PE,25.00,32.90,23.80,29.65,29.65,1146400,-155200,693,391.20
2025-11-17,TMPV,2025-12-30,430.00,PE,58.45,59.20,54.80,56.85,56.05,40800,7200,24,372.70
2025-11-17,TMPV,2025-11-25,520.00,PE,0.00,0.00,0.00,116.25,146.65,14400,0,0,372.70
2025-11-17,TMPV,2025-11-25,350.00,CE,20.00,27.75,18.15,23.50,23.50,323200,153600,1351,372.70
2025-11-17,TMPV,2026-01-27,400.00,PE,34.55,36.35,32.15,33.50,33.35,13600,7200,13,372.70
2025-11-17,TMPV,2026-01-27,400.00,CE,12.35,12.50,10.45,11.05,11.05,227200,160800,353,372.70
2025-11-17,TMPV,2026-01-27,340.00,PE,7.30,7.30,7.30,7.30,5.60,800,800,1,372.70
2025-11-17,TMPV,2026-01-27,320.00,CE,0.00,0.00,0.00,98.10,58.45,0,0,0,372.70
2025-11-17,TMPV,2025-12-30,320.00,CE,0.00,0.00,0.00,378.40,55.70,0,0,0,372.70
2025-11-17,TMPV,2025-12-30,480.00,CE,0.55,0.90,0.55,0.55,0.55,360800,-15200,138,372.70
2025-11-17,TMPV,2025-12-30,380.00,CE,13.50,15.40,11.00,12.05,12.05,1659200,1520000,3937,372.70
2025-11-17,TMPV,2025-11-25,440.00,CE,0.70,0.70,0.15,0.20,0.20,2320800,-546400,11315,372.70
2025-11-17,TMPV,2025-12-30,330.00,CE,0.00,0.00,0.00,86.25,46.65,0,0,0,372.70
2025-11-17,TMPV,2025-11-25,300.00,PE,0.15,0.20,0.10,0.10,0.10,242400,-31200,458,372.70
2025-11-17,TMPV,2025-11-25,360.00,PE,1.45,5.60,1.30,2.30,2.30,2912800,457600,19010,372.70
2025-11-17,TMPV,2025-11-25,370.00,PE,3.65,11.00,3.35,5.35,5.35,3728000,1910400,27017,372.70
2025-11-17,TMPV,2025-11-25,360.00,CE,18.80,18.80,10.20,14.75,14.75,761600,331200,4494,372.70
2025-11-17,TMPV,2025-11-25,470.00,CE,0.20,0.20,0.05,0.10,0.10,2209600,-511200,3097,372.70
2025-11-17,TMPV,2026-01-27,520.00,PE,0.00,0.00,0.00,104.70,141.65,0,0,0,372.70
2025-11-17,TMPV,2026-01-27,440.00,PE,0.00,0.00,0.00,41.65,65.40,0,0,0,372.70
2025-11-17,TMPV,2025-12-30,370.00,PE,14.40,16.35,9.85,11.90,11.90,901600,476800,1814,372.70
2025-11-17,TMPV,2025-11-25,430.00,PE,62.05,62.05,53.25,57.85,57.85,280000,-40000,84,372.70
2025-11-17,TMPV,2025-11-25,410.00,PE,35.00,47.00,33.90,38.05,38.05,1561600,-121600,604,372.70
2025-11-17,TMPV,2025-11-25,520.00,CE,0.05,0.10,0.05,0.05,0.05,217600,-56000,136,372.70
2025-11-17,TMPV,2025-12-30,350.00,CE,28.00,33.15,28.00,29.35,29.35,255200,251200,418,372.70
2025-11-17,TMPV,2025-12-30,430.00,CE,2.55,2.55,1.90,2.00,2.00,514400,241600,811,372.70
2025-11-17,TMPV,2026-01-27,280.00,CE,0.00,0.00,0.00,136.00,95.95,0,0,0,372.70
2025-11-17,TMPV,2026-01-27,380.00,PE,20.00,20.60,18.50,20.60,20.95,44800,1600,15,372.70
2025-11-17,TMPV,2025-11-25,350.00,PE,1.00,2.95,0.55,1.05,1.05,1992800,983200,12118,372.70
2025-11-17,TMPV,2025-12-30,390.00,PE,27.00,27.55,20.60,23.70,23.70,348800,180000,495,372.70
2025-11-17,TMPV,2025-11-25,390.00,CE,5.00,5.00,1.20,1.65,1.65,5640000,4304800,40525,372.70
2025-11-17,TMPV,2025-12-30,400.00,PE,22.95,38.65,22.95,30.95,30.95,1120800,390400,906,372.70
2025-11-17,TMPV,2025-11-25,470.00,PE,97.25,98.20,97.25,98.20,96.70,168000,-1600,2,372.70
2025-11-17,TMPV,2025-12-30,410.00,PE,41.90,41.90,36.55,38.90,38.90,194400,71200,128,372.70
2025-11-17,TMPV,2025-12-30,500.00,PE,124.00,125.70,122.30,125.70,125.70,83200,800,3,372.70
2025-11-17,TMPV,2025-12-30,520.00,PE,147.30,147.30,146.75,146.75,143.80,9600,3200,6,372.70
2025-11-17,TMPV,2025-12-30,360.00,PE,7.00,12.00,6.30,7.70,7.70,1215200,372000,1851,372.70
2025-11-17,TMPV,2025-12-30,480.00,PE,102.10,102.10,102.10,102.10,104.15,10400,800,1,372.70
2025-11-17,TMPV,2026-01-27,420.00,PE,0.00,0.00,0.00,29.85,48.40,0,0,0,372.70
2025-11-17,TMPV,2025-11-25,370.00,CE,8.35,10.60,4.70,7.90,7.90,3168800,2708000,22565,372.70
2025-11-17,TMPV,2025-11-25,500.00,CE,0.10,0.10,0.05,0.10,0.10,1701600,76000,496,372.70
2025-11-17,TMPV,2025-12-30,300.00,CE,0.00,0.00,0.00,364.65,74.90,0,0,0,372.70
2025-11-17,TMPV,2025-12-30,340.00,CE,40.00,40.00,36.50,37.15,37.15,32800,30400,39,372.70
2025-11-17,TMPV,2026-01-27,420.00,CE,7.00,7.05,5.10,6.10,6.10,15200,11200,26,372.70
2025-11-17,TMPV,2026-01-27,460.00,CE,2.00,2.50,2.00,2.50,1.45,12800,12800,16,372.70
2025-11-17,TMPV,2025-12-30,300.00,PE,1.00,1.00,0.45,0.50,0.50,43200,43200,61,372.70
2025-11-17,TMPV,2025-12-30,330.00,PE,2.95,3.15,1.40,1.75,1.75,360000,352800,809,372.70
2025-11-17,TMPV,2025-11-25,480.00,PE,106.00,107.10,104.80,107.10,107.10,78400,800,5,372.70
2025-11-17,TMPV,2025-11-25,390.00,PE,15.00,27.30,13.70,19.15,19.15,1678400,-824000,5048,372.70
2025-11-17,TMPV,2026-01-27,500.00,PE,0.00,0.00,0.00,87.20,122.05,0,0,0,372.70
2025-11-17,TMPV,2025-11-25,400.00,CE,3.05,3.05,0.70,0.90,0.90,9298400,4574400,45735,372.70
2025-11-17,TMPV,2025-11-25,300.00,CE,85.50,85.50,72.50,72.50,73.10,12000,6400,10,372.70
2025-11-17,TMPV,2025-12-30,460.00,CE,1.10,1.10,0.85,0.95,0.95,187200,-56000,206,372.70
2025-11-17,TMPV,2025-11-25,500.00,PE,128.00,128.00,124.00,127.05,127.05,692000,3200,8,372.70
2025-11-17,TMPV,2025-11-25,460.00,PE,86.00,86.80,86.00,86.50,86.70,84000,-12000,22,372.70
2025-11-17,TMPV,2025-11-25,320.00,PE,0.30,0.30,0.15,0.20,0.20,414400,44800,328,372.70
2025-11-17,TMPV,2025-11-25,330.00,PE,0.50,0.55,0.15,0.35,0.35,382400,197600,1210,372.70
2025-11-17,TMPV,2025-11-25,420.00,PE,51.90,52.05,43.45,47.95,47.95,991200,-155200,290,372.70
2025-11-17,TMPV,2025-11-25,450.00,PE,76.85,79.00,75.35,77.85,77.85,339200,-24800,40,372.70
2025-11-17,TMPV,2025-12-30,440.00,PE,0.00,0.00,0.00,47.00,65.35,46400,0,0,372.70
2025-11-17,TMPV,2026-01-27,500.00,CE,0.00,0.00,0.00,6.25,0.30,0,0,0,372.70
2025-11-17,TMPV,2025-12-30,320.00,PE,1.00,1.05,0.85,1.00,1.00,121600,121600,171,372.70
2025-11-17,TMPV,2025-12-30,350.00,PE,4.95,8.75,3.90,4.75,4.75,1612800,1153600,3601,372.70
2025-11-17,TMPV,2026-01-27,280.00,PE,0.00,0.00,0.00,0.25,0.15,0,0,0,372.70
2025-11-17,TMPV,2026-01-27,360.00,CE,0.00,0.00,0.00,64.25,28.35,0,0,0,372.70
2025-11-17,TMPV,2026-01-27,440.00,CE,2.90,4.50,2.90,3.70,3.00,2400,2400,4,372.70
2025-11-17,TMPV,2026-01-27,520.00,CE,0.55,0.55,0.55,0.55,0.10,0,-800,1,372.70
2025-11-17,TMPV,2026-01-27,320.00,PE,0.00,0.00,0.00,1.75,2.20,0,0,0,372.70
2025-11-17,TMPV,2025-12-30,490.00,PE,114.50,114.50,114.50,114.50,114.05,3200,800,1,372.70
2025-11-17,TMPV,2025-11-25,380.00,CE,8.00,8.00,1.90,3.65,3.65,9851200,9299200,55298,372.70
2025-11-17,TMPV,2025-11-25,460.00,CE,0.25,0.30,0.10,0.15,0.15,1382400,-136800,2641,372.70
2025-11-17,TMPV,2025-12-30,420.00,CE,6.65,7.05,2.70,2.85,2.85,984800,444800,1600,372.70
2025-11-17,TMPV,2026-01-27,480.00,CE,0.00,0.00,0.00,9.40,0.65,0,0,0,372.70
2025-11-17,TMPV,2025-11-25,380.00,PE,7.00,18.45,7.00,11.10,11.10,2270400,-63200,12343,372.70
2025-11-17,TMPV,2025-12-30,340.00,PE,4.00,5.95,2.30,2.85,2.85,595200,477600,1499,372.70
2025-11-17,TMPV,2025-12-30,490.00,CE,0.00,0.00,0.00,4.25,0.05,0,0,0,372.70
2025-11-17,TMPV,2025-12-30,470.00,CE,0.85,1.05,0.65,0.70,0.70,160000,-25600,71,372.70
2025-11-17,TMPV,2025-12-30,410.00,CE,6.05,6.95,3.80,4.05,4.05,1124800,673600,1896,372.70
2025-11-17,TMPV,2025-12-30,460.00,PE,0.00,0.00,0.00,51.00,84.55,6400,0,0,372.70
2025-11-17,TMPV,2025-12-30,390.00,CE,15.05,15.05,7.90,8.45,8.45,784800,720000,1937,372.70
2025-11-17,TMPV,2025-11-25,490.00,CE,0.05,0.10,0.05,0.05,0.05,140800,0,47,372.70
2025-11-17,TMPV,2026-01-27,460.00,PE,0.00,0.00,0.00,55.30,83.65,0,0,0,372.70
2025-11-17,TMPV,2025-11-25,410.00,CE,1.25,1.80,0.45,0.55,0.55,7761600,2926400,29494,372.70
2025-11-17,TMPV,2025-11-25,430.00,CE,0.40,1.00,0.15,0.30,0.30,2419200,-608000,11371,372.70
2025-11-17,TMPV,2025-11-25,450.00,CE,0.40,0.40,0.10,0.15,0.15,5722400,-547200,15527,372.70
2025-11-17,TMPV,2025-12-30,360.00,CE,22.00,25.60,20.65,22.35,22.35,268800,175200,405,372.70
2025-11-17,TMPV,2025-12-30,500.00,CE,0.40,0.55,0.35,0.40,0.05,132800,-16800,68,372.70
2025-11-17,TMPV,2025-12-30,520.00,CE,0.30,0.30,0.30,0.30,0.30,88800,-3200,22,372.70
2025-11-17,TMPV,2025-11-25,320.00,CE,0.00,0.00,0.00,90.20,53.10,0,0,0,372.70
2025-11-17,TMPV,2025-11-25,330.00,CE,0.00,0.00,0.00,333.15,43.15,0,0,0,372.70
2025-11-17,TMPV,2025-11-25,340.00,CE,30.05,35.60,29.45,33.05,33.05,32800,32800,110,372.70
2025-11-17,TMPV,2025-11-25,400.00,PE,24.90,37.55,23.95,28.30,28.30,3163200,-532800,2628,372.70
2025-11-17,TMPV,2025-11-25,440.00,PE,71.10,71.10,64.05,66.45,66.75,148000,-12800,29,372.70
2025-11-17,TMPV,2025-12-30,380.00,PE,15.00,24.20,14.60,17.20,17.20,936000,593600,1686,372.70
2025-11-17,TMPV,2025-12-30,400.00,CE,10.65,11.05,5.35,5.85,5.85,2901600,2158400,6141,372.70
2025-11-17,TMPV,2025-11-25,420.00,CE,1.10,1.50,0.30,0.40,0.40,7224800,1176000,20552,372.70
2025-11-17,TMPV,2025-12-30,370.00,CE,31.00,31.00,15.50,16.65,16.65,728800,723200,1767,372.70
2025-11-17,TMPV,2026-01-27,380.00,CE,19.90,21.00,17.50,18.65,18.65,45600,45600,92,372.70
2025-11-17,TMPV,2025-12-30,440.00,CE,2.45,4.00,1.45,1.55,1.55,1005600,420800,1139,372.70
2025-11-17,TMPV,2026-01-27,340.00,CE,0.00,0.00,0.00,80.45,42.05,0,0,0,372.70
2025-11-17,TMPV,2025-12-30,420.00,PE,46.50,53.20,44.90,47.70,47.70,105600,37600,77,372.70
2025-11-17,TMPV,2026-01-27,480.00,PE,0.00,0.00,0.00,70.60,102.65,0,0,0,372.70
2025-11-17,TMPV,2025-11-25,480.00,CE,0.15,0.15,0.05,0.10,0.10,1257600,-49600,739,372.70
2025-11-17,TMPV,2025-11-25,340.00,PE,0.15,1.85,0.15,0.55,0.55,976000,537600,4012,372.70
2025-11-17,TMPV,2025-11-25,490.00,PE,0.00,0.00,0.00,84.00,116.70,5600,0,0,372.70
2025-11-17,TMPV,2025-12-30,450.00,CE,1.25,1.65,1.10,1.15,1.15,431200,192800,837,372.70
2025-11-17,TMPV,2026-01-27,360.00,PE,12.00,13.00,10.15,11.75,11.75,36800,28800,69,372.70
2025-11-17,TMPV,2025-12-30,470.00,PE,0.00,0.00,0.00,58.00,94.30,4000,0,0,372.70
2025-11-17,TMPV,2025-12-30,450.00,PE,75.00,76.00,73.70,76.00,74.85,96000,2400,11,372.70
2025-11-18,TMPV,2025-11-25,470.00,CE,0.05,0.10,0.05,0.10,0.10,2143200,-66400,487,371.30
2025-11-18,TMPV,2025-11-25,410.00,PE,39.55,40.80,37.10,39.10,39.10,1296000,-265600,442,371.30
2025-11-18,TMPV,2025-12-30,430.00,CE,2.00,2.00,1.60,1.65,1.65,575200,60800,214,371.30
2025-11-18,TMPV,2025-12-30,350.00,CE,29.35,29.65,26.90,27.95,27.95,476000,220800,376,371.30
2025-11-18,TMPV,2026-01-27,400.00,CE,10.30,11.00,9.55,10.10,10.10,296000,68800,148,371.30
2025-11-18,TMPV,2026-01-27,340.00,PE,6.60,7.05,6.60,7.05,5.75,2400,1600,2,371.30
2025-11-18,TMPV,2026-01-27,400.00,PE,34.50,35.00,34.00,34.00,34.15,16800,3200,4,371.30
2025-11-18,TMPV,2025-12-30,320.00,CE,0.00,0.00,0.00,378.40,54.30,0,0,0,371.30
2025-11-18,TMPV,2025-11-25,440.00,CE,0.20,0.20,0.10,0.10,0.10,2248000,-72800,1564,371.30
2025-11-18,TMPV,2025-11-25,350.00,CE,24.00,24.20,20.50,22.00,22.00,424800,101600,714,371.30
2025-11-18,TMPV,2025-12-30,330.00,CE,0.00,0.00,0.00,86.25,45.25,0,0,0,371.30
2025-11-18,TMPV,2025-12-30,380.00,CE,11.55,13.80,10.50,10.85,10.85,2160000,500800,1767,371.30
2025-11-18,TMPV,2025-12-30,480.00,CE,0.50,0.55,0.45,0.45,0.45,375200,14400,179,371.30
2025-11-18,TMPV,2026-01-27,320.00,CE,0.00,0.00,0.00,98.10,57.05,0,0,0,371.30
2025-11-18,TMPV,2026-01-27,500.00,PE,0.00,0.00,0.00,87.20,123.45,0,0,0,371.30
2025-11-18,TMPV,2026-01-27,280.00,PE,0.00,0.00,0.00,0.25,0.15,0,0,0,371.30
2025-11-18,TMPV,2025-12-30,350.00,PE,4.90,5.25,4.10,4.75,4.75,1641600,28800,563,371.30
2025-11-18,TMPV,2026-01-27,520.00,CE,1.85,1.85,0.30,0.30,0.10,800,800,2,371.30
2025-11-18,TMPV,2026-01-27,440.00,CE,3.65,3.65,3.00,3.15,2.70,5600,3200,5,371.30
2025-11-18,TMPV,2026-01-27,360.00,CE,0.00,0.00,0.00,64.25,27.25,0,0,0,371.30
2025-11-18,TMPV,2025-11-25,310.00,CE,0.00,0.00,0.00,353.00,61.65,0,0,0,371.30
2025-11-18,TMPV,2025-11-25,390.00,PE,18.70,21.85,17.75,19.70,19.70,1305600,-372800,1356,371.30
2025-11-18,TMPV,2025-12-30,320.00,PE,1.05,1.10,0.85,0.95,0.95,213600,92000,178,371.30
2025-11-18,TMPV,2025-11-25,480.00,PE,0.00,0.00,0.00,107.10,108.15,78400,0,0,371.30
2025-11-18,TMPV,2025-11-25,280.00,PE,0.00,0.00,0.00,0.05,0.05,0,0,0,371.30
2025-11-18,TMPV,2026-01-27,360.00,PE,12.40,12.45,11.20,11.20,12.00,38400,1600,8,371.30
2025-11-18,TMPV,2025-11-25,490.00,PE,0.00,0.00,0.00,84.00,118.15,5600,0,0,371.30
2025-11-18,TMPV,2025-11-25,340.00,PE,0.30,0.65,0.25,0.30,0.30,905600,-70400,2241,371.30
2025-11-18,TMPV,2025-12-30,450.00,CE,1.40,1.40,0.85,0.95,0.95,565600,134400,382,371.30
2025-11-18,TMPV,2025-11-25,480.00,CE,0.10,0.10,0.05,0.05,0.05,1204800,-52800,74,371.30
2025-11-18,TMPV,2025-12-30,470.00,PE,0.00,0.00,0.00,58.00,95.75,4000,0,0,371.30
2025-11-18,TMPV,2025-11-25,520.00,PE,0.00,0.00,0.00,116.25,148.15,14400,0,0,371.30
2025-11-18,TMPV,2025-12-30,430.00,PE,57.45,57.45,57.45,57.45,57.30,41600,800,1,371.30
2025-11-18,TMPV,2025-12-30,450.00,PE,77.00,77.00,74.50,74.70,76.25,104800,8800,12,371.30
2025-11-18,TMPV,2025-12-30,330.00,PE,1.75,1.80,1.45,1.65,1.65,400000,40000,273,371.30
2025-11-18,TMPV,2025-12-30,360.00,PE,7.80,8.55,6.90,7.80,7.80,1238400,23200,852,371.30
2025-11-18,TMPV,2025-12-30,480.00,PE,102.75,103.35,102.75,103.35,105.60,12800,2400,3,371.30
2025-11-18,TMPV,2026-01-27,420.00,PE,0.00,0.00,0.00,29.85,49.40,0,0,0,371.30
2025-11-18,TMPV,2025-11-25,370.00,CE,10.00,10.00,5.75,6.15,6.15,3725600,556800,14889,371.30
2025-11-18,TMPV,2025-11-25,500.00,CE,0.10,0.10,0.05,0.05,0.05,1365600,-336000,657,371.30
2025-11-18,TMPV,2025-12-30,300.00,CE,0.00,0.00,0.00,364.65,73.45,0,0,0,371.30
2025-11-18,TMPV,2025-12-30,340.00,CE,36.00,37.40,35.15,37.40,36.75,36800,4000,11,371.30
2025-11-18,TMPV,2026-01-27,420.00,CE,5.50,6.25,5.50,5.90,5.35,16800,1600,6,371.30
2025-11-18,TMPV,2026-01-27,460.00,CE,2.05,2.05,1.85,1.90,1.30,60000,47200,66,371.30
2025-11-18,TMPV,2025-12-30,280.00,PE,0.00,0.00,0.00,0.05,0.05,0,0,0,371.30
2025-11-18,TMPV,2025-12-30,300.00,PE,0.60,0.60,0.40,0.40,0.15,90400,47200,140,371.30
2025-11-18,TMPV,2026-01-27,300.00,PE,0.00,0.00,0.00,0.70,0.70,0,0,0,371.30
2025-11-18,TMPV,2025-12-30,310.00,PE,0.00,0.00,0.00,0.45,0.40,0,0,0,371.30
2025-11-18,TMPV,2026-01-27,340.00,CE,0.00,0.00,0.00,80.45,40.75,0,0,0,371.30
2025-11-18,TMPV,2025-12-30,440.00,CE,1.30,1.45,1.00,1.25,1.25,1137600,132000,375,371.30
2025-11-18,TMPV,2026-01-27,480.00,PE,0.00,0.00,0.00,70.60,104.00,0,0,0,371.30
2025-11-18,TMPV,2025-12-30,420.00,PE,48.05,49.20,46.65,49.00,49.00,106400,800,15,371.30
2025-11-18,TMPV,2025-11-25,310.00,PE,0.00,0.00,0.00,0.05,0.05,0,0,0,371.30
2025-11-18,TMPV,2025-12-30,500.00,PE,125.55,125.55,125.55,125.55,125.40,84000,800,1,371.30
2025-11-18,TMPV,2025-11-25,390.00,CE,1.65,1.65,0.95,1.10,1.10,5732800,92800,25979,371.30
2025-11-18,TMPV,2025-11-25,350.00,PE,0.75,1.25,0.55,0.65,0.65,1764000,-228800,4639,371.30
2025-11-18,TMPV,2025-11-25,470.00,PE,98.00,98.00,98.00,98.00,98.20,168800,800,1,371.30
2025-11-18,TMPV,2025-12-30,390.00,PE,23.50,25.25,22.35,24.15,24.15,390400,41600,119,371.30
2025-11-18,TMPV,2025-12-30,400.00,PE,32.60,33.00,29.80,31.50,31.50,1136000,15200,141,371.30
2025-11-18,TMPV,2025-12-30,410.00,PE,39.75,41.10,38.55,39.80,39.80,199200,4800,14,371.30
2025-11-18,TMPV,2026-01-27,380.00,PE,21.90,21.90,19.50,21.45,21.45,49600,4800,11,371.30
2025-11-18,TMPV,2025-12-30,520.00,PE,0.00,0.00,0.00,146.75,145.30,9600,0,0,371.30
2025-11-18,TMPV,2025-11-25,420.00,CE,0.35,0.40,0.20,0.25,0.25,7702400,477600,14422,371.30
2025-11-18,TMPV,2026-01-27,380.00,CE,18.65,18.65,16.80,17.65,17.65,51200,5600,28,371.30
2025-11-18,TMPV,2025-12-30,400.00,CE,5.85,5.85,4.90,5.05,5.05,3192000,290400,2319,371.30
2025-11-18,TMPV,2025-12-30,370.00,CE,16.60,16.75,14.75,15.40,15.40,1065600,336800,1291,371.30
2025-11-18,TMPV,2025-11-25,490.00,CE,0.05,0.10,0.05,0.05,0.05,76000,-64800,202,371.30
2025-11-18,TMPV,2025-11-25,400.00,CE,0.85,0.90,0.50,0.60,0.60,8874400,-424000,25096,371.30
2025-11-18,TMPV,2025-11-25,300.00,CE,71.90,73.00,70.15,73.00,71.65,12800,800,8,371.30
2025-11-18,TMPV,2025-11-25,280.00,CE,0.00,0.00,0.00,382.75,91.60,0,0,0,371.30
2025-11-18,TMPV,2025-12-30,460.00,PE,0.00,0.00,0.00,51.00,85.95,6400,0,0,371.30
2025-11-18,TMPV,2025-11-25,500.00,PE,0.00,0.00,0.00,127.05,128.15,692000,0,0,371.30
2025-11-18,TMPV,2025-11-25,460.00,PE,0.00,0.00,0.00,86.50,88.20,84000,0,0,371.30
2025-11-18,TMPV,2025-12-30,490.00,CE,0.00,0.00,0.00,4.25,0.05,0,0,0,371.30
2025-11-18,TMPV,2025-12-30,470.00,CE,0.60,0.65,0.50,0.60,0.60,101600,-58400,178,371.30
2025-11-18,TMPV,2025-12-30,460.00,CE,0.75,0.80,0.70,0.70,0.70,179200,-8000,22,371.30
2025-11-18,TMPV,2025-12-30,410.00,CE,3.65,3.90,3.35,3.45,3.45,1254400,129600,804,371.30
2025-11-18,TMPV,2025-12-30,390.00,CE,7.45,8.35,7.15,7.50,7.50,956000,171200,850,371.30
2025-11-18,TMPV,2025-11-25,450.00,PE,78.55,78.85,76.90,78.85,78.85,330400,-8800,17,371.30
2025-11-18,TMPV,2025-11-25,420.00,PE,49.15,50.50,46.80,49.10,49.10,974400,-16800,83,371.30
2025-11-18,TMPV,2026-01-27,500.00,CE,0.00,0.00,0.00,6.25,0.25,0,0,0,371.30
2025-11-18,TMPV,2025-11-25,320.00,PE,0.20,0.25,0.10,0.15,0.15,443200,28800,663,371.30
2025-11-18,TMPV,2025-11-25,330.00,PE,0.40,0.40,0.20,0.25,0.25,402400,20000,354,371.30
2025-11-18,TMPV,2025-12-30,440.00,PE,67.95,68.00,67.95,68.00,66.65,46400,0,6,371.30
2025-11-18,TMPV,2025-12-30,310.00,CE,0.00,0.00,0.00,105.20,63.75,0,0,0,371.30
2025-11-18,TMPV,2025-12-30,420.00,CE,2.85,2.85,2.20,2.40,2.40,1331200,346400,1052,371.30
2025-11-18,TMPV,2026-01-27,300.00,CE,0.00,0.00,0.00,116.75,75.30,0,0,0,371.30
2025-11-18,TMPV,2026-01-27,480.00,CE,0.00,0.00,0.00,9.40,0.60,0,0,0,371.30
2025-11-18,TMPV,2025-11-25,380.00,PE,11.10,13.35,9.50,11.20,11.20,2088800,-181600,3143,371.30
2025-11-18,TMPV,2025-12-30,340.00,PE,2.90,3.15,2.40,2.90,2.90,768800,173600,625,371.30
2025-11-18,TMPV,2025-12-30,490.00,PE,0.00,0.00,0.00,114.50,115.50,3200,0,0,371.30
2025-11-18,TMPV,2026-01-27,240.00,PE,0.00,0.00,0.00,0.05,0.05,0,0,0,371.30
2025-11-18,TMPV,2026-01-27,320.00,PE,0.00,0.00,0.00,1.75,2.25,0,0,0,371.30
2025-11-18,TMPV,2026-01-27,460.00,PE,0.00,0.00,0.00,55.30,84.95,0,0,0,371.30
2025-11-18,TMPV,2025-11-25,380.00,CE,3.65,4.20,2.30,2.50,2.50,10405600,554400,34925,371.30
2025-11-18,TMPV,2025-11-25,460.00,CE,0.10,0.15,0.05,0.10,0.10,1147200,-235200,2108,371.30
2025-11-18,TMPV,2025-12-30,280.00,CE,0.00,0.00,0.00,384.40,93.15,0,0,0,371.30
2025-11-18,TMPV,2025-11-25,330.00,CE,0.00,0.00,0.00,333.15,41.65,0,0,0,371.30
2025-11-18,TMPV,2025-12-30,380.00,PE,18.05,18.75,16.00,17.55,17.55,957600,21600,367,371.30
2025-11-18,TMPV,2025-11-25,440.00,PE,0.00,0.00,0.00,66.45,68.20,148000,0,0,371.30
2025-11-18,TMPV,2025-11-25,400.00,PE,28.55,31.00,27.15,29.30,29.30,2969600,-193600,700,371.30
2025-11-18,TMPV,2026-01-27,240.00,CE,0.00,0.00,0.00,175.15,133.95,0,0,0,371.30
2025-11-18,TMPV,2025-12-30,520.00,CE,0.25,0.30,0.20,0.30,0.05,80000,-8800,14,371.30
2025-11-18,TMPV,2025-12-30,500.00,CE,0.30,0.35,0.30,0.35,0.35,140000,7200,40,371.30
2025-11-18,TMPV,2025-12-30,360.00,CE,22.85,22.85,20.40,20.95,20.95,250400,-18400,275,371.30
2025-11-18,TMPV,2025-11-25,450.00,CE,0.10,0.15,0.10,0.10,0.10,5472800,-249600,1666,371.30
2025-11-18,TMPV,2025-11-25,430.00,CE,0.25,0.25,0.15,0.15,0.15,2407200,-12000,6478,371.30
2025-11-18,TMPV,2025-11-25,410.00,CE,0.45,0.50,0.30,0.35,0.35,7662400,-99200,12585,371.30
2025-11-18,TMPV,2025-11-25,340.00,CE,32.50,33.30,30.00,31.35,31.35,38400,5600,42,371.30
2025-11-18,TMPV,2025-11-25,320.00,CE,0.00,0.00,0.00,90.20,51.65,0,0,0,371.30
2025-11-18,TMPV,2025-11-25,370.00,PE,5.45,6.90,3.90,4.85,4.85,3444800,-283200,11929,371.30
2025-11-18,TMPV,2025-11-25,360.00,CE,15.70,15.70,12.10,13.10,13.10,862400,100800,2576,371.30
2025-11-18,TMPV,2025-11-25,360.00,PE,2.30,2.95,1.40,1.75,1.75,2964000,51200,9278,371.30
2025-11-18,TMPV,2026-01-27,520.00,PE,0.00,0.00,0.00,104.70,143.10,0,0,0,371.30
2025-11-18,TMPV,2026-01-27,440.00,PE,0.00,0.00,0.00,41.65,66.55,0,0,0,371.30
2025-11-18,TMPV,2025-12-30,370.00,PE,12.50,13.15,10.85,12.10,12.10,1296000,394400,1288,371.30
2025-11-18,TMPV,2025-11-25,430.00,PE,59.75,60.20,57.00,59.00,59.00,270400,-9600,33,371.30
2025-11-18,TMPV,2025-11-25,300.00,PE,0.10,0.15,0.05,0.10,0.10,247200,4800,301,371.30
2025-11-18,TMPV,2026-01-27,280.00,CE,0.00,0.00,0.00,136.00,94.55,0,0,0,371.30
2025-11-18,TMPV,2025-11-25,520.00,CE,0.10,0.10,0.05,0.05,0.05,172000,-45600,88,371.30
2025-11-19,TMPV,2026-01-27,500.00,PE,0.00,0.00,0.00,87.20,133.85,0,0,0,360.85
2025-11-19,TMPV,2025-11-25,310.00,CE,0.00,0.00,0.00,353.00,51.15,0,0,0,360.85
2025-11-19,TMPV,2026-01-27,360.00,CE,0.00,0.00,0.00,64.25,20.80,0,0,0,360.85
2025-11-19,TMPV,2026-01-27,440.00,CE,2.55,3.00,2.20,2.20,1.60,20000,14400,21,360.85
2025-11-19,TMPV,2026-01-27,520.00,CE,0.00,0.00,0.00,0.30,0.05,800,0,0,360.85
2025-11-19,TMPV,2025-11-25,280.00,PE,0.00,0.00,0.00,0.05,0.05,0,0,0,360.85
2025-11-19,TMPV,2025-11-25,390.00,PE,22.00,29.20,21.65,28.60,28.60,1098400,-207200,839,360.85
2025-11-19,TMPV,2025-11-25,480.00,PE,111.00,115.50,111.00,115.50,118.70,78400,0,3,360.85
2025-11-19,TMPV,2025-12-30,320.00,PE,1.25,1.80,1.10,1.70,1.70,596800,383200,1124,360.85
2025-11-19,TMPV,2025-12-30,350.00,PE,4.95,7.65,4.95,7.25,7.25,2368800,727200,2471,360.85
2025-11-19,TMPV,2026-01-27,280.00,PE,0.00,0.00,0.00,0.25,0.30,0,0,0,360.85
2025-11-19,TMPV,2026-01-27,420.00,PE,0.00,0.00,0.00,29.85,58.00,0,0,0,360.85
2025-11-19,TMPV,2025-12-30,480.00,PE,0.00,0.00,0.00,103.35,116.10,12800,0,0,360.85
2025-11-19,TMPV,2025-12-30,360.00,PE,8.00,11.75,8.00,11.45,11.45,1686400,448000,1667,360.85
2025-11-19,TMPV,2025-12-30,330.00,PE,2.00,3.00,1.85,2.85,2.85,801600,401600,1106,360.85
2025-11-19,TMPV,2025-12-30,300.00,PE,0.50,0.65,0.45,0.65,0.65,120000,29600,104,360.85
2025-11-19,TMPV,2025-12-30,280.00,PE,0.00,0.00,0.00,0.05,0.05,0,0,0,360.85
2025-11-19,TMPV,2026-01-27,460.00,CE,1.90,1.90,1.50,1.50,1.50,67200,7200,11,360.85
2025-11-19,TMPV,2026-01-27,420.00,CE,4.25,5.00,4.00,4.30,4.30,24000,7200,22,360.85
2025-11-19,TMPV,2025-12-30,340.00,CE,33.90,33.90,28.20,28.35,28.35,288800,252000,362,360.85
2025-11-19,TMPV,2025-12-30,300.00,CE,0.00,0.00,0.00,364.65,63.10,0,0,0,360.85
2025-11-19,TMPV,2025-11-25,500.00,CE,0.05,0.05,0.05,0.05,0.05,1024800,-340800,1472,360.85
2025-11-19,TMPV,2025-11-25,370.00,CE,6.05,6.05,2.15,2.30,2.30,8084800,4359200,41182,360.85
2025-11-19,TMPV,2025-11-25,380.00,PE,12.95,19.65,12.60,19.00,19.00,1824800,-264000,2068,360.85
2025-11-19,TMPV,2025-12-30,340.00,PE,3.15,4.85,3.15,4.65,4.65,1427200,658400,2158,360.85
2025-11-19,TMPV,2025-12-30,490.00,PE,0.00,0.00,0.00,114.50,126.00,3200,0,0,360.85
2025-11-19,TMPV,2026-01-27,240.00,PE,0.00,0.00,0.00,0.05,0.05,0,0,0,360.85
2025-11-19,TMPV,2026-01-27,320.00,PE,0.00,0.00,0.00,1.75,3.45,0,0,0,360.85
2025-11-19,TMPV,2026-01-27,460.00,PE,0.00,0.00,0.00,55.30,94.90,0,0,0,360.85
2025-11-19,TMPV,2025-11-25,380.00,CE,2.50,2.50,0.80,0.90,0.90,11520800,1115200,51568,360.85
2025-11-19,TMPV,2025-11-25,460.00,CE,0.05,0.10,0.05,0.05,0.05,1001600,-145600,449,360.85
2025-11-19,TMPV,2025-12-30,280.00,CE,0.00,0.00,0.00,384.40,82.70,0,0,0,360.85
2025-11-19,TMPV,2025-12-30,310.00,CE,0.00,0.00,0.00,105.20,53.60,0,0,0,360.85
2025-11-19,TMPV,2025-12-30,420.00,CE,2.05,2.15,1.60,1.65,1.65,1384800,53600,1388,360.85
2025-11-19,TMPV,2026-01-27,300.00,CE,0.00,0.00,0.00,116.75,65.25,0,0,0,360.85
2025-11-19,TMPV,2025-11-25,480.00,CE,0.05,0.10,0.05,0.05,0.05,1127200,-77600,551,360.85
2025-11-19,TMPV,2025-12-30,410.00,PE,41.80,48.00,41.80,47.90,47.90,242400,43200,78,360.85
2025-11-19,TMPV,2025-12-30,400.00,PE,33.80,39.25,33.30,39.05,39.05,1169600,33600,231,360.85
2025-11-19,TMPV,2026-01-27,300.00,PE,0.00,0.00,0.00,0.70,1.15,0,0,0,360.85
2025-11-19,TMPV,2026-01-27,440.00,PE,0.00,0.00,0.00,41.65,76.00,0,0,0,360.85
2025-11-19,TMPV,2025-12-30,370.00,PE,13.15,17.10,13.00,16.75,16.75,1700000,404000,1808,360.85
2025-11-19,TMPV,2025-11-25,430.00,PE,62.05,68.00,61.80,68.00,68.75,246400,-24000,56,360.85
2025-11-19,TMPV,2025-11-25,410.00,PE,41.40,49.00,41.00,48.40,48.40,1188800,-107200,391,360.85
2025-11-19,TMPV,2025-11-25,370.00,PE,5.00,11.05,4.75,10.45,10.45,2953600,-491200,7861,360.85
2025-11-19,TMPV,2025-11-25,360.00,PE,2.35,4.60,1.50,4.25,4.25,2336800,-627200,19875,360.85
2025-11-19,TMPV,2025-11-25,300.00,PE,0.05,0.10,0.05,0.10,0.10,346400,99200,190,360.85
2025-11-19,TMPV,2026-01-27,280.00,CE,0.00,0.00,0.00,136.00,84.15,0,0,0,360.85
2025-11-19,TMPV,2025-12-30,430.00,CE,1.60,1.60,1.15,1.20,1.20,608000,32800,958,360.85
2025-11-19,TMPV,2025-12-30,350.00,CE,26.00,26.00,21.00,21.40,21.40,829600,353600,670,360.85
2025-11-19,TMPV,2025-11-25,520.00,CE,0.05,0.05,0.05,0.05,0.05,156000,-16000,172,360.85
2025-11-19,TMPV,2025-11-25,470.00,CE,0.05,0.05,0.05,0.05,0.05,1857600,-285600,795,360.85
2025-11-19,TMPV,2025-11-25,360.00,CE,11.50,11.50,5.70,6.00,6.00,2460800,1598400,10800,360.85
2025-11-19,TMPV,2026-01-27,520.00,PE,0.00,0.00,0.00,104.70,153.60,0,0,0,360.85
2025-11-19,TMPV,2025-11-25,420.00,CE,0.20,0.25,0.10,0.15,0.15,7314400,-388000,9453,360.85
2025-11-19,TMPV,2026-01-27,380.00,CE,16.55,16.55,13.35,13.55,13.55,122400,71200,128,360.85
2025-11-19,TMPV,2025-12-30,400.00,CE,5.10,5.10,3.30,3.40,3.40,4607200,1415200,5722,360.85
2025-11-19,TMPV,2025-12-30,370.00,CE,15.10,15.10,10.60,10.85,10.85,2437600,1372000,3647,360.85
2025-11-19,TMPV,2025-12-30,330.00,CE,44.25,44.25,36.25,36.65,36.65,31200,31200,91,360.85
2025-11-19,TMPV,2025-12-30,380.00,CE,10.05,10.05,7.20,7.30,7.30,2848800,688800,2719,360.85
2025-11-19,TMPV,2025-12-30,480.00,CE,0.40,0.45,0.35,0.40,0.40,394400,19200,85,360.85
2025-11-19,TMPV,2026-01-27,320.00,CE,0.00,0.00,0.00,98.10,47.75,0,0,0,360.85
2025-11-19,TMPV,2026-01-27,400.00,CE,9.60,9.60,7.50,7.60,7.60,344000,48000,128,360.85
2025-11-19,TMPV,2026-01-27,340.00,PE,6.85,8.10,6.85,8.10,8.10,9600,7200,14,360.85
2025-11-19,TMPV,2026-01-27,400.00,PE,38.80,40.20,37.15,40.10,40.10,21600,4800,9,360.85
2025-11-19,TMPV,2025-11-25,350.00,CE,19.80,19.95,12.75,13.15,13.15,499200,74400,2821,360.85
2025-11-19,TMPV,2025-11-25,440.00,CE,0.10,0.15,0.05,0.10,0.10,2172000,-76000,1316,360.85
2025-11-19,TMPV,2025-12-30,320.00,CE,45.80,46.00,45.20,45.45,45.45,4000,4000,6,360.85
2025-11-19,TMPV,2026-01-27,480.00,CE,0.00,0.00,0.00,9.40,0.30,0,0,0,360.85
2025-11-19,TMPV,2026-01-27,240.00,CE,0.00,0.00,0.00,175.15,123.45,0,0,0,360.85
2025-11-19,TMPV,2025-12-30,520.00,CE,0.20,0.20,0.15,0.20,0.05,76000,-4000,8,360.85
2025-11-19,TMPV,2025-12-30,500.00,CE,0.30,0.30,0.25,0.25,0.05,139200,-800,79,360.85
2025-11-19,TMPV,2025-12-30,360.00,CE,20.00,20.00,15.10,15.45,15.45,860000,609600,1358,360.85
2025-11-19,TMPV,2025-11-25,450.00,CE,0.10,0.10,0.05,0.05,0.05,5046400,-426400,2283,360.85
2025-11-19,TMPV,2025-11-25,430.00,CE,0.15,0.20,0.05,0.10,0.10,2246400,-160800,3951,360.85
2025-11-19,TMPV,2025-11-25,320.00,CE,0.00,0.00,0.00,90.20,41.15,0,0,0,360.85
2025-11-19,TMPV,2025-11-25,410.00,CE,0.40,0.40,0.15,0.20,0.20,7763200,100800,17496,360.85
2025-11-19,TMPV,2025-11-25,340.00,CE,28.90,28.90,21.70,22.30,22.30,108000,69600,388,360.85
2025-11-19,TMPV,2025-11-25,330.00,CE,36.50,36.50,31.80,31.80,31.80,3200,3200,6,360.85
2025-11-19,TMPV,2025-12-30,380.00,PE,18.80,23.55,18.65,23.15,23.15,981600,24000,401,360.85
2025-11-19,TMPV,2025-11-25,440.00,PE,73.75,78.45,72.35,78.45,78.45,146400,-1600,5,360.85
2025-11-19,TMPV,2025-11-25,400.00,PE,31.60,39.00,31.50,38.50,38.50,2734400,-235200,836,360.85
2025-11-19,TMPV,2025-12-30,460.00,CE,0.65,1.25,0.55,0.60,0.60,233600,54400,363,360.85
2025-11-19,TMPV,2025-12-30,410.00,CE,3.05,3.20,2.25,2.35,2.35,1441600,187200,1570,360.85
2025-11-19,TMPV,2025-12-30,390.00,CE,6.85,6.85,4.85,4.95,4.95,1727200,771200,2257,360.85
2025-11-19,TMPV,2025-11-25,490.00,CE,0.05,0.05,0.05,0.05,0.05,80000,4000,5,360.85
2025-11-19,TMPV,2025-11-25,400.00,CE,0.55,0.60,0.25,0.30,0.30,8521600,-352800,22401,360.85
2025-11-19,TMPV,2025-11-25,300.00,CE,63.00,63.00,63.00,63.00,63.00,13600,800,1,360.85
2025-11-19,TMPV,2025-11-25,280.00,CE,0.00,0.00,0.00,382.75,81.10,0,0,0,360.85
2025-11-19,TMPV,2025-12-30,470.00,CE,0.50,0.55,0.45,0.50,0.50,90400,-11200,33,360.85
2025-11-19,TMPV,2025-11-25,460.00,PE,93.70,93.70,91.50,92.95,98.70,81600,-2400,10,360.85
2025-11-19,TMPV,2025-11-25,500.00,PE,132.50,137.55,132.25,137.45,137.45,696800,4800,8,360.85
2025-11-19,TMPV,2025-12-30,460.00,PE,90.00,90.00,90.00,90.00,96.30,8000,1600,2,360.85
2025-11-19,TMPV,2025-12-30,490.00,CE,0.00,0.00,0.00,4.25,0.05,0,0,0,360.85
2025-11-19,TMPV,2026-01-27,360.00,PE,13.20,16.15,12.90,15.65,15.65,48000,9600,19,360.85
2025-11-19,TMPV,2025-11-25,490.00,PE,0.00,0.00,0.00,84.00,128.70,5600,0,0,360.85
2025-11-19,TMPV,2025-11-25,520.00,PE,0.00,0.00,0.00,116.25,158.65,14400,0,0,360.85
2025-11-19,TMPV,2025-12-30,430.00,PE,62.50,66.50,62.50,66.40,66.40,44800,3200,14,360.85
2025-11-19,TMPV,2025-12-30,450.00,PE,81.30,83.40,81.30,82.75,86.45,111200,6400,12,360.85
2025-11-19,TMPV,2025-12-30,470.00,PE,101.00,102.60,101.00,102.50,106.20,11200,7200,10,360.85
2025-11-19,TMPV,2025-11-25,340.00,PE,0.25,0.60,0.25,0.50,0.50,1426400,520800,5618,360.85
2025-11-19,TMPV,2025-12-30,450.00,CE,0.60,1.00,0.60,0.65,0.65,855200,289600,858,360.85
2025-11-19,TMPV,2025-12-30,500.00,PE,128.85,133.85,128.85,133.85,135.95,96800,12800,16,360.85
2025-11-19,TMPV,2025-12-30,520.00,PE,0.00,0.00,0.00,146.75,155.80,9600,0,0,360.85
2025-11-19,TMPV,2026-01-27,380.00,PE,25.00,27.05,23.45,27.05,27.05,51200,1600,6,360.85
2025-11-19,TMPV,2025-11-25,390.00,CE,1.10,1.25,0.40,0.50,0.50,4632000,-1100800,29705,360.85
2025-11-19,TMPV,2025-11-25,310.00,PE,0.10,0.10,0.05,0.10,0.10,36000,36000,52,360.85
2025-11-19,TMPV,2025-11-25,350.00,PE,0.65,1.60,0.65,1.40,1.40,2709600,945600,15524,360.85
2025-11-19,TMPV,2025-11-25,470.00,PE,100.00,105.20,100.00,104.60,108.70,160800,-8000,11,360.85
2025-11-19,TMPV,2025-12-30,390.00,PE,27.05,30.50,25.65,30.50,30.50,416800,26400,107,360.85
2025-11-19,TMPV,2025-12-30,310.00,PE,1.00,1.05,0.85,1.05,1.05,111200,111200,197,360.85
2025-11-19,TMPV,2025-12-30,420.00,PE,55.00,57.00,52.10,56.85,56.85,145600,39200,69,360.85
2025-11-19,TMPV,2026-01-27,480.00,PE,0.00,0.00,0.00,70.60,114.25,0,0,0,360.85
2025-11-19,TMPV,2025-12-30,440.00,CE,1.10,1.30,0.85,0.90,0.90,1249600,112000,1007,360.85
2025-11-19,TMPV,2026-01-27,340.00,CE,0.00,0.00,0.00,80.45,32.70,0,0,0,360.85
2025-11-19,TMPV,2025-11-25,330.00,PE,0.25,0.30,0.15,0.25,0.25,580000,177600,1596,360.85
2025-11-19,TMPV,2025-11-25,420.00,PE,53.95,58.45,52.00,58.40,58.40,929600,-44800,77,360.85
2025-11-19,TMPV,2025-11-25,450.00,PE,84.00,87.00,82.60,87.00,88.70,315200,-15200,21,360.85
2025-11-19,TMPV,2025-12-30,440.00,PE,0.00,0.00,0.00,68.00,76.70,46400,0,0,360.85
2025-11-19,TMPV,2026-01-27,500.00,CE,0.00,0.00,0.00,6.25,0.10,0,0,0,360.85
2025-11-19,TMPV,2025-11-25,320.00,PE,0.15,0.20,0.10,0.15,0.15,668000,224800,695,360.85
2025-11-20,TMPV,2025-11-25,320.00,PE,0.15,0.15,0.05,0.10,0.10,514400,-153600,470,359.80
2025-11-20,TMPV,2025-11-25,330.00,PE,0.30,0.30,0.15,0.15,0.15,616800,36800,616,359.80
2025-11-20,TMPV,2025-11-25,420.00,PE,56.20,59.15,55.70,58.90,58.90,900000,-29600,42,359.80
2025-11-20,TMPV,2025-11-25,450.00,PE,88.10,88.80,88.10,88.80,89.85,300800,-14400,19,359.80
2025-11-20,TMPV,2025-11-25,290.00,CE,71.80,71.80,71.70,71.70,70.05,6400,6400,8,359.80
2025-11-20,TMPV,2025-11-25,420.00,CE,0.10,0.15,0.05,0.10,0.10,5799200,-1515200,5573,359.80
2025-11-20,TMPV,2025-12-30,370.00,CE,11.40,11.80,9.60,9.85,9.85,2954400,516800,2843,359.80
2025-11-20,TMPV,2025-12-30,400.00,CE,3.45,3.70,2.85,3.00,3.00,5393600,786400,4656,359.80
2025-11-20,TMPV,2026-01-27,380.00,CE,14.05,14.30,12.25,12.55,12.55,172000,49600,118,359.80
2025-11-20,TMPV,2025-11-25,290.00,PE,0.00,0.00,0.00,0.05,0.05,0,0,0,359.80
2025-11-20,TMPV,2025-11-25,350.00,PE,1.40,1.55,0.75,0.85,0.85,2864800,155200,8470,359.80
2025-11-20,TMPV,2025-11-25,470.00,PE,108.10,109.20,107.25,108.95,108.95,87200,-73600,145,359.80
2025-11-20,TMPV,2025-11-25,310.00,PE,0.10,0.10,0.10,0.10,0.05,70400,34400,45,359.80
2025-11-20,TMPV,2025-12-30,390.00,PE,29.40,31.90,28.50,31.60,31.60,424000,7200,91,359.80
2025-11-20,TMPV,2025-12-30,400.00,PE,36.70,40.40,36.70,40.05,40.05,1248000,78400,237,359.80
2025-11-20,TMPV,2025-12-30,410.00,PE,46.00,49.05,45.80,49.05,49.05,271200,28800,53,359.80
2025-11-20,TMPV,2025-12-30,500.00,PE,133.35,136.00,133.25,135.80,137.05,140800,44000,55,359.80
2025-11-20,TMPV,2025-12-30,520.00,PE,0.00,0.00,0.00,146.75,156.95,9600,0,0,359.80
2025-11-20,TMPV,2026-01-27,380.00,PE,25.05,27.75,25.00,27.75,27.80,60000,8800,13,359.80
2025-11-20,TMPV,2025-11-25,390.00,CE,0.45,0.50,0.20,0.30,0.30,4085600,-546400,22367,359.80
2025-11-20,TMPV,2025-12-30,290.00,CE,0.00,0.00,0.00,124.65,71.75,0,0,0,359.80
2025-11-20,TMPV,2025-11-25,360.00,PE,4.35,4.40,2.75,3.45,3.45,2312800,-24000,10381,359.80
2025-11-20,TMPV,2025-11-25,410.00,PE,46.95,49.25,46.00,48.90,48.90,1117600,-71200,214,359.80
2025-11-20,TMPV,2025-11-25,430.00,PE,66.00,69.15,65.50,68.90,68.90,225600,-20800,41,359.80
2025-11-20,TMPV,2025-12-30,370.00,PE,15.80,17.50,15.20,17.30,17.30,1828000,128000,593,359.80
2025-11-20,TMPV,2026-01-27,440.00,PE,0.00,0.00,0.00,41.65,77.00,0,0,0,359.80
2025-11-20,TMPV,2025-11-25,300.00,PE,0.05,0.10,0.05,0.10,0.10,317600,-28800,243,359.80
2025-11-20,TMPV,2026-01-27,280.00,CE,0.00,0.00,0.00,136.00,83.05,0,0,0,359.80
2025-11-20,TMPV,2025-11-25,360.00,CE,6.20,7.30,4.20,4.45,4.45,2543200,82400,7426,359.80
2025-11-20,TMPV,2025-11-25,370.00,PE,10.40,10.85,8.15,10.55,10.55,2067200,-886400,3680,359.80
2025-11-20,TMPV,2025-12-30,430.00,CE,1.20,1.20,1.00,1.10,1.10,647200,39200,168,359.80
2025-11-20,TMPV,2025-12-30,350.00,CE,22.15,23.00,19.80,20.35,20.35,1197600,368000,809,359.80
2025-11-20,TMPV,2025-11-25,520.00,CE,0.00,0.00,0.00,0.05,0.05,156000,0,0,359.80
2025-11-20,TMPV,2025-11-25,470.00,CE,0.05,0.05,0.05,0.05,0.05,1784800,-72800,104,359.80
2025-11-20,TMPV,2026-01-27,520.00,PE,0.00,0.00,0.00,104.70,154.70,0,0,0,359.80
2025-11-20,TMPV,2026-01-27,340.00,CE,0.00,0.00,0.00,80.45,31.75,0,0,0,359.80
2025-11-20,TMPV,2025-12-30,440.00,CE,0.90,0.95,0.80,0.85,0.85,1657600,408000,714,359.80
2025-11-20,TMPV,2026-01-27,480.00,PE,0.00,0.00,0.00,70.60,115.35,0,0,0,359.80
2025-11-20,TMPV,2025-12-30,420.00,PE,55.40,58.30,55.40,58.20,58.20,150400,4800,36,359.80
2025-11-20,TMPV,2025-12-30,310.00,PE,1.00,1.10,0.85,1.10,1.10,143200,32000,155,359.80
2025-11-20,TMPV,2025-12-30,290.00,PE,0.00,0.00,0.00,0.15,0.10,0,0,0,359.80
2025-11-20,TMPV,2025-11-25,280.00,PE,0.00,0.00,0.00,0.05,0.05,0,0,0,359.80
2025-11-20,TMPV,2025-11-25,310.00,CE,0.00,0.00,0.00,353.00,50.05,0,0,0,359.80
2025-11-20,TMPV,2026-01-27,360.00,CE,23.60,23.60,20.75,21.00,21.00,15200,15200,23,359.80
2025-11-20,TMPV,2026-01-27,440.00,CE,2.35,2.35,2.00,2.05,1.45,29600,9600,13,359.80
2025-11-20,TMPV,2026-01-27,520.00,CE,0.00,0.00,0.00,0.30,0.05,800,0,0,359.80
2025-11-20,TMPV,2025-11-25,390.00,PE,28.00,29.75,25.85,29.25,29.25,961600,-136800,435,359.80
2025-11-20,TMPV,2025-11-25,480.00,PE,116.50,118.80,116.50,118.80,119.80,68800,-9600,16,359.80
2025-11-20,TMPV,2025-12-30,320.00,PE,1.70,1.80,1.30,1.80,1.80,640000,43200,471,359.80
2025-11-20,TMPV,2025-12-30,350.00,PE,7.25,7.80,6.50,7.65,7.65,2668000,299200,1766,359.80
2025-11-20,TMPV,2026-01-27,280.00,PE,0.00,0.00,0.00,0.25,0.30,0,0,0,359.80
2025-11-20,TMPV,2026-01-27,500.00,PE,0.00,0.00,0.00,87.20,135.00,0,0,0,359.80
2025-11-20,TMPV,2025-12-30,380.00,CE,7.50,8.00,6.40,6.65,6.65,3328000,479200,2094,359.80
2025-11-20,TMPV,2025-12-30,480.00,CE,0.40,0.40,0.30,0.35,0.35,345600,-48800,157,359.80
2025-11-20,TMPV,2026-01-27,320.00,CE,0.00,0.00,0.00,98.10,46.70,0,0,0,359.80
2025-11-20,TMPV,2026-01-27,400.00,PE,40.10,40.10,40.10,40.10,40.10,22400,800,1,359.80
2025-11-20,TMPV,2026-01-27,340.00,PE,8.10,8.10,6.85,7.30,7.30,35200,25600,33,359.80
2025-11-20,TMPV,2026-01-27,400.00,CE,8.10,8.20,6.60,7.05,7.05,406400,62400,154,359.80
2025-11-20,TMPV,2025-11-25,260.00,CE,102.00,102.00,102.00,102.00,100.00,800,800,1,359.80
2025-11-20,TMPV,2025-11-25,350.00,CE,14.25,15.85,11.35,11.75,11.75,473600,-25600,2253,359.80
2025-11-20,TMPV,2025-11-25,440.00,CE,0.10,0.10,0.05,0.05,0.05,1860000,-312000,532,359.80
2025-11-20,TMPV,2025-12-30,320.00,CE,46.40,47.20,45.80,46.70,43.40,8800,4800,7,359.80
2025-11-20,TMPV,2025-12-30,330.00,CE,38.50,38.50,35.00,35.20,35.20,104800,73600,135,359.80
2025-11-20,TMPV,2025-11-25,520.00,PE,0.00,0.00,0.00,116.25,159.80,14400,0,0,359.80
2025-11-20,TMPV,2025-12-30,450.00,CE,0.75,0.75,0.55,0.60,0.60,916800,61600,231,359.80
2025-11-20,TMPV,2025-11-25,340.00,PE,0.70,0.70,0.25,0.30,0.30,1343200,-83200,2133,359.80
2025-11-20,TMPV,2025-11-25,490.00,PE,0.00,0.00,0.00,84.00,129.80,5600,0,0,359.80
2025-11-20,TMPV,2025-12-30,430.00,PE,65.40,67.70,65.40,67.00,68.10,53600,8800,16,359.80
2025-11-20,TMPV,2025-12-30,450.00,PE,85.35,87.00,85.35,87.00,87.00,116000,4800,6,359.80
2025-11-20,TMPV,2025-12-30,470.00,PE,106.00,106.50,105.00,106.50,107.30,16800,5600,11,359.80
2025-11-20,TMPV,2025-11-25,480.00,CE,0.05,0.10,0.05,0.05,0.05,1012000,-115200,531,359.80
2025-11-20,TMPV,2026-01-27,300.00,PE,0.00,0.00,0.00,0.70,1.15,0,0,0,359.80
2025-11-20,TMPV,2026-01-27,360.00,PE,15.00,16.05,14.50,15.85,15.85,54400,6400,18,359.80
2025-11-20,TMPV,2025-11-25,430.00,CE,0.10,0.10,0.05,0.05,0.05,2261600,15200,596,359.80
2025-11-20,TMPV,2025-11-25,450.00,CE,0.05,0.10,0.05,0.10,0.10,4792000,-254400,800,359.80
2025-11-20,TMPV,2025-12-30,260.00,CE,0.00,0.00,0.00,404.15,101.45,0,0,0,359.80
2025-11-20,TMPV,2025-12-30,380.00,PE,21.80,24.15,21.75,23.90,23.90,1060000,78400,272,359.80
2025-11-20,TMPV,2025-12-30,360.00,CE,15.50,16.80,14.05,14.35,14.35,1576000,716000,2112,359.80
2025-11-20,TMPV,2025-12-30,500.00,CE,0.25,0.30,0.25,0.30,0.30,137600,-1600,84,359.80
2025-11-20,TMPV,2025-12-30,520.00,CE,0.20,0.20,0.20,0.20,0.20,46400,-29600,39,359.80
2025-11-20,TMPV,2026-01-27,240.00,CE,0.00,0.00,0.00,175.15,122.35,0,0,0,359.80
2025-11-20,TMPV,2025-11-25,400.00,PE,36.00,39.50,35.55,39.15,39.15,2608000,-126400,329,359.80
2025-11-20,TMPV,2025-11-25,440.00,PE,77.50,79.55,77.50,79.40,79.40,142400,-4000,9,359.80
2025-11-20,TMPV,2025-12-30,260.00,PE,0.00,0.00,0.00,0.05,0.05,0,0,0,359.80
2025-11-20,TMPV,2025-11-25,320.00,CE,0.00,0.00,0.00,90.20,40.05,0,0,0,359.80
2025-11-20,TMPV,2025-11-25,330.00,CE,34.10,34.10,31.15,31.20,31.20,4000,800,15,359.80
2025-11-20,TMPV,2025-11-25,340.00,CE,24.50,24.80,20.90,21.25,21.25,117600,9600,431,359.80
2025-11-20,TMPV,2025-11-25,410.00,CE,0.20,0.20,0.10,0.15,0.15,7146400,-616800,8379,359.80
2025-11-20,TMPV,2026-01-27,300.00,CE,0.00,0.00,0.00,116.75,64.15,0,0,0,359.80
2025-11-20,TMPV,2026-01-27,460.00,PE,0.00,0.00,0.00,55.30,95.95,0,0,0,359.80
2025-11-20,TMPV,2025-11-25,380.00,CE,1.00,1.20,0.40,0.55,0.55,9629600,-1891200,35724,359.80
2025-11-20,TMPV,2025-11-25,460.00,CE,0.05,0.10,0.05,0.05,0.05,952000,-49600,272,359.80
2025-11-20,TMPV,2025-12-30,280.00,CE,0.00,0.00,0.00,384.40,81.60,0,0,0,359.80
2025-11-20,TMPV,2025-12-30,310.00,CE,0.00,0.00,0.00,105.20,52.50,0,0,0,359.80
2025-11-20,TMPV,2025-12-30,420.00,CE,1.60,1.85,1.40,1.50,1.50,1485600,100800,757,359.80
2025-11-20,TMPV,2025-12-30,490.00,PE,0.00,0.00,0.00,114.50,127.15,3200,0,0,359.80
2025-11-20,TMPV,2025-12-30,340.00,PE,4.45,4.85,4.05,4.75,4.75,1884000,456800,1198,359.80
2025-11-20,TMPV,2025-11-25,380.00,PE,17.35,20.00,16.40,19.60,19.60,1678400,-146400,960,359.80
2025-11-20,TMPV,2025-11-25,260.00,PE,0.00,0.00,0.00,0.05,0.05,0,0,0,359.80
2025-11-20,TMPV,2026-01-27,480.00,CE,1.25,1.25,1.25,1.25,0.25,800,800,1,359.80
2025-11-20,TMPV,2026-01-27,320.00,PE,0.00,0.00,0.00,1.75,3.50,0,0,0,359.80
2025-11-20,TMPV,2026-01-27,240.00,PE,0.00,0.00,0.00,0.05,0.05,0,0,0,359.80
2025-11-20,TMPV,2025-12-30,490.00,CE,0.00,0.00,0.00,4.25,0.05,0,0,0,359.80
2025-11-20,TMPV,2025-11-25,280.00,CE,0.00,0.00,0.00,382.75,80.00,0,0,0,359.80
2025-11-20,TMPV,2025-11-25,300.00,CE,63.00,63.00,62.00,62.55,60.05,12800,-800,5,359.80
2025-11-20,TMPV,2025-11-25,400.00,CE,0.25,0.30,0.10,0.15,0.15,7025600,-1496000,14522,359.80
2025-11-20,TMPV,2025-11-25,490.00,CE,0.05,0.10,0.05,0.05,0.05,72800,-7200,10,359.80
2025-11-20,TMPV,2025-12-30,390.00,CE,5.15,5.35,4.20,4.35,4.35,2112000,384800,1481,359.80
2025-11-20,TMPV,2025-12-30,410.00,CE,2.40,2.70,1.55,2.10,2.10,1564800,123200,1495,359.80
2025-11-20,TMPV,2025-12-30,460.00,CE,0.55,0.55,0.45,0.50,0.50,255200,21600,87,359.80
2025-11-20,TMPV,2025-12-30,470.00,CE,0.50,0.50,0.40,0.40,0.05,72800,-17600,24,359.80
2025-11-20,TMPV,2025-12-30,460.00,PE,95.20,96.60,95.20,96.60,97.40,12800,4800,6,359.80
2025-11-20,TMPV,2025-11-25,500.00,PE,137.90,138.70,137.00,138.70,138.70,683200,-13600,35,359.80
2025-11-20,TMPV,2025-11-25,460.00,PE,97.00,99.00,97.00,99.00,99.00,136800,55200,85,359.80
2025-11-20,TMPV,2026-01-27,460.00,CE,0.00,0.00,0.00,1.50,0.65,67200,0,0,359.80
2025-11-20,TMPV,2025-12-30,280.00,PE,0.00,0.00,0.00,0.05,0.05,0,0,0,359.80
2025-11-20,TMPV,2025-12-30,300.00,PE,0.65,0.70,0.55,0.65,0.65,204800,84800,187,359.80
2025-11-20,TMPV,2025-12-30,330.00,PE,2.70,3.05,2.45,3.00,3.00,896800,95200,730,359.80
2025-11-20,TMPV,2025-12-30,360.00,PE,11.25,12.00,10.20,11.85,11.85,2104800,418400,1555,359.80
2025-11-20,TMPV,2025-12-30,480.00,PE,115.00,116.00,115.00,116.00,117.20,15200,2400,3,359.80
2025-11-20,TMPV,2026-01-27,420.00,PE,0.00,0.00,0.00,29.85,58.85,0,0,0,359.80
2025-11-20,TMPV,2025-11-25,370.00,CE,2.30,2.80,1.35,1.50,1.50,7021600,-1063200,35179,359.80
2025-11-20,TMPV,2025-11-25,500.00,CE,0.05,0.05,0.05,0.05,0.05,972000,-52800,327,359.80
2025-11-20,TMPV,2025-12-30,300.00,CE,64.00,64.00,62.50,62.50,62.00,5600,5600,11,359.80
2025-11-20,TMPV,2025-12-30,340.00,CE,29.60,29.65,26.90,27.40,27.40,508000,219200,380,359.80
2025-11-20,TMPV,2026-01-27,420.00,CE,4.50,4.50,3.75,4.05,4.05,33600,9600,17,359.80
2025-11-20,TMPV,2025-12-30,440.00,PE,0.00,0.00,0.00,68.00,77.75,46400,0,0,359.80
2025-11-20,TMPV,2026-01-27,500.00,CE,1.20,1.20,1.20,1.20,0.10,800,800,1,359.80
2025-11-21,TMPV,2026-01-27,500.00,CE,0.00,0.00,0.00,1.20,0.10,800,0,0,362.25
2025-11-21,TMPV,2025-11-25,450.00,PE,87.80,88.60,85.00,86.80,86.80,257600,-43200,66,362.25
2025-11-21,TMPV,2025-11-25,290.00,CE,0.00,0.00,0.00,71.70,72.45,6400,0,0,362.25
2025-11-21,TMPV,2025-11-25,420.00,PE,59.35,61.70,55.05,57.05,57.05,836800,-63200,107,362.25
2025-11-21,TMPV,2025-11-25,330.00,PE,0.25,0.25,0.05,0.10,0.10,687200,70400,771,362.25
2025-11-21,TMPV,2025-11-25,320.00,PE,0.10,0.10,0.05,0.05,0.05,543200,28800,90,362.25
2025-11-21,TMPV,2025-11-25,480.00,CE,0.05,0.05,0.05,0.05,0.05,1003200,-8800,11,362.25
2025-11-21,TMPV,2025-12-30,450.00,CE,0.55,0.70,0.50,0.55,0.55,960000,43200,231,362.25
2025-11-21,TMPV,2025-11-25,340.00,PE,0.30,0.40,0.10,0.20,0.20,1188800,-154400,1960,362.25
2025-11-21,TMPV,2025-11-25,490.00,PE,0.00,0.00,0.00,84.00,127.45,5600,0,0,362.25
2025-11-21,TMPV,2025-11-25,520.00,PE,159.00,159.00,156.65,157.80,157.80,15200,800,9,362.25
2025-11-21,TMPV,2026-01-27,360.00,PE,14.00,15.70,14.00,15.00,15.00,56000,1600,14,362.25
2025-11-21,TMPV,2025-12-30,430.00,PE,64.80,66.35,64.20,66.35,65.75,63200,9600,26,362.25
2025-11-21,TMPV,2025-12-30,450.00,PE,89.00,89.00,83.65,84.40,85.20,130400,14400,28,362.25
2025-11-21,TMPV,2025-12-30,470.00,PE,105.40,105.40,102.05,104.50,104.90,23200,6400,9,362.25
2025-11-21,TMPV,2026-01-27,300.00,PE,0.00,0.00,0.00,0.70,1.00,0,0,0,362.25
2025-11-21,TMPV,2025-11-25,430.00,CE,0.05,0.10,0.05,0.05,0.05,2147200,-114400,1492,362.25
2025-11-21,TMPV,2025-11-25,410.00,CE,0.10,0.10,0.05,0.10,0.10,6711200,-435200,3298,362.25
2025-11-21,TMPV,2025-11-25,340.00,CE,19.40,25.25,19.00,22.90,22.90,101600,-16000,260,362.25
2025-11-21,TMPV,2025-11-25,330.00,CE,0.00,0.00,0.00,31.20,32.45,4000,0,0,362.25
2025-11-21,TMPV,2025-11-25,320.00,CE,0.00,0.00,0.00,90.20,42.45,0,0,0,362.25
2025-11-21,TMPV,2025-12-30,380.00,PE,24.05,24.80,20.80,21.95,21.95,1212000,152000,696,362.25
2025-11-21,TMPV,2026-01-27,240.00,CE,0.00,0.00,0.00,175.15,124.75,0,0,0,362.25
2025-11-21,TMPV,2025-11-25,440.00,PE,80.00,80.00,76.10,76.15,76.15,130400,-12000,18,362.25
2025-11-21,TMPV,2025-11-25,400.00,PE,40.00,41.60,35.00,37.25,37.25,2029600,-578400,936,362.25
2025-11-21,TMPV,2025-12-30,480.00,PE,0.00,0.00,0.00,116.00,114.85,15200,0,0,362.25
2025-11-21,TMPV,2025-12-30,360.00,PE,11.90,13.05,9.60,10.55,10.55,2351200,246400,1665,362.25
2025-11-21,TMPV,2025-12-30,330.00,PE,3.00,3.35,2.20,2.45,2.45,1208800,312000,1492,362.25
2025-11-21,TMPV,2025-12-30,370.00,CE,9.70,11.60,9.00,10.35,10.35,3535200,580800,5354,362.25
2025-11-21,TMPV,2025-12-30,400.00,CE,2.95,3.50,2.70,3.00,3.00,5538400,144800,3873,362.25
2025-11-21,TMPV,2025-11-25,420.00,CE,0.05,0.10,0.05,0.10,0.10,4965600,-833600,2212,362.25
2025-11-21,TMPV,2026-01-27,380.00,CE,13.00,14.55,12.10,12.75,12.75,220800,48800,146,362.25
2025-11-21,TMPV,2026-01-27,340.00,CE,0.00,0.00,0.00,80.45,33.35,0,0,0,362.25
2025-11-21,TMPV,2025-12-30,420.00,PE,58.50,59.75,54.80,56.65,56.65,201600,51200,104,362.25
2025-11-21,TMPV,2026-01-27,480.00,PE,0.00,0.00,0.00,70.60,113.00,0,0,0,362.25
2025-11-21,TMPV,2025-12-30,440.00,CE,0.70,0.90,0.70,0.75,0.75,1642400,-15200,419,362.25
2025-11-21,TMPV,2025-12-30,290.00,PE,0.00,0.00,0.00,0.15,0.10,0,0,0,362.25
2025-11-21,TMPV,2025-12-30,310.00,PE,1.15,1.15,0.80,0.90,0.90,140000,-3200,77,362.25
2025-11-21,TMPV,2025-11-25,450.00,CE,0.05,0.05,0.05,0.05,0.05,4734400,-57600,343,362.25
2025-11-21,TMPV,2025-12-30,260.00,CE,0.00,0.00,0.00,404.15,103.85,0,0,0,362.25
2025-11-21,TMPV,2025-12-30,360.00,CE,15.15,16.70,13.20,14.90,14.90,1850400,274400,3626,362.25
2025-11-21,TMPV,2025-12-30,500.00,CE,0.30,0.30,0.30,0.30,0.30,145600,8000,12,362.25
2025-11-21,TMPV,2025-12-30,520.00,CE,0.25,0.25,0.20,0.20,0.20,44000,-2400,5,362.25
2025-11-21,TMPV,2025-12-30,260.00,PE,0.00,0.00,0.00,0.05,0.05,0,0,0,362.25
2025-11-21,TMPV,2025-12-30,340.00,PE,4.95,5.30,3.70,4.05,4.05,1958400,74400,1602,362.25
2025-11-21,TMPV,2025-12-30,490.00,PE,127.70,127.70,127.70,127.70,124.75,4000,800,1,362.25
2025-11-21,TMPV,2026-01-27,240.00,PE,0.00,0.00,0.00,0.05,0.05,0,0,0,362.25
2025-11-21,TMPV,2026-01-27,320.00,PE,0.00,0.00,0.00,1.75,3.10,0,0,0,362.25
2025-11-21,TMPV,2026-01-27,460.00,PE,0.00,0.00,0.00,55.30,93.60,0,0,0,362.25
2025-11-21,TMPV,2026-01-27,480.00,CE,1.25,1.25,1.25,1.25,0.30,1600,800,1,362.25
2025-11-21,TMPV,2026-01-27,300.00,CE,0.00,0.00,0.00,116.75,66.40,0,0,0,362.25
2025-11-21,TMPV,2025-12-30,420.00,CE,1.45,1.75,1.20,1.30,1.30,1980800,495200,2632,362.25
2025-11-21,TMPV,2025-12-30,310.00,CE,57.25,57.25,54.15,54.50,54.50,143200,143200,201,362.25
2025-11-21,TMPV,2025-11-25,520.00,CE,0.05,0.05,0.05,0.05,0.05,155200,-800,2,362.25
2025-11-21,TMPV,2025-12-30,430.00,CE,1.00,1.20,0.90,0.95,0.95,715200,68000,364,362.25
2025-11-21,TMPV,2026-01-27,280.00,CE,0.00,0.00,0.00,136.00,85.40,0,0,0,362.25
2025-11-21,TMPV,2025-11-25,300.00,PE,0.05,0.05,0.05,0.05,0.05,349600,32000,179,362.25
2025-11-21,TMPV,2025-11-25,360.00,PE,3.70,4.60,1.40,1.75,1.75,1916800,-396000,11736,362.25
2025-11-21,TMPV,2025-11-25,370.00,PE,9.65,12.15,6.90,7.65,7.65,1776000,-291200,3471,362.25
2025-11-21,TMPV,2025-11-25,410.00,PE,50.00,50.70,45.00,47.90,47.90,971200,-146400,253,362.25
2025-11-21,TMPV,2025-11-25,430.00,PE,70.00,70.00,64.30,67.25,67.50,187200,-38400,68,362.25
2025-11-21,TMPV,2026-01-27,420.00,PE,0.00,0.00,0.00,29.85,56.75,0,0,0,362.25
2025-11-21,TMPV,2025-11-25,370.00,CE,1.25,2.20,0.65,1.05,1.05,6399200,-622400,32670,362.25
2025-11-21,TMPV,2025-11-25,500.00,CE,0.05,0.05,0.05,0.05,0.05,972000,0,19,362.25
2025-11-21,TMPV,2025-12-30,300.00,CE,61.00,66.50,61.00,66.50,64.35,7200,1600,6,362.25
2025-11-21,TMPV,2025-12-30,340.00,CE,26.75,30.40,26.75,28.25,28.25,581600,73600,125,362.25
2025-11-21,TMPV,2026-01-27,420.00,CE,3.80,4.20,3.80,3.85,3.40,31200,-2400,14,362.25
2025-11-21,TMPV,2026-01-27,460.00,CE,1.50,1.50,1.50,1.50,0.70,68000,800,1,362.25
2025-11-21,TMPV,2025-12-30,280.00,PE,0.00,0.00,0.00,0.05,0.05,0,0,0,362.25
2025-11-21,TMPV,2025-12-30,300.00,PE,0.70,0.75,0.50,0.55,0.55,256000,51200,142,362.25
2025-11-21,TMPV,2025-12-30,390.00,CE,4.30,5.10,3.90,4.45,4.45,2765600,653600,2557,362.25
2025-11-21,TMPV,2025-12-30,410.00,CE,2.00,2.35,1.65,1.95,1.95,1749600,184800,1107,362.25
2025-11-21,TMPV,2025-12-30,460.00,CE,0.55,0.55,0.40,0.40,0.40,251200,-4000,71,362.25
2025-11-21,TMPV,2025-12-30,470.00,CE,0.45,0.45,0.40,0.40,0.05,75200,2400,4,362.25
2025-11-21,TMPV,2025-12-30,490.00,CE,0.30,0.30,0.30,0.30,0.30,23200,23200,29,362.25
2025-11-21,TMPV,2025-11-25,460.00,PE,98.00,98.00,97.90,97.95,97.45,133600,-3200,4,362.25
2025-11-21,TMPV,2025-11-25,500.00,PE,138.50,138.50,135.05,137.40,137.40,639200,-44000,66,362.25
2025-11-21,TMPV,2025-11-25,280.00,CE,0.00,0.00,0.00,382.75,82.45,0,0,0,362.25
2025-11-21,TMPV,2025-11-25,300.00,CE,62.50,62.60,62.50,62.60,62.60,12000,-800,3,362.25
2025-11-21,TMPV,2025-12-30,460.00,PE,95.60,95.60,95.60,95.60,95.05,14400,1600,2,362.25
2025-11-21,TMPV,2025-11-25,490.00,CE,0.05,0.05,0.05,0.05,0.05,72800,0,4,362.25
2025-11-21,TMPV,2026-01-27,340.00,PE,8.55,8.55,6.05,7.85,7.55,36800,1600,5,362.25
2025-11-21,TMPV,2026-01-27,400.00,PE,47.00,47.00,44.00,44.00,44.00,20800,-1600,3,362.25
2025-11-21,TMPV,2025-11-25,260.00,CE,102.00,102.00,102.00,102.00,102.00,1600,800,1,362.25
2025-11-21,TMPV,2025-11-25,350.00,CE,11.05,15.35,9.80,13.15,13.15,414400,-59200,2986,362.25
2025-11-21,TMPV,2025-11-25,440.00,CE,0.05,0.05,0.05,0.05,0.05,1640000,-220000,1245,362.25
2025-11-21,TMPV,2025-12-30,320.00,CE,43.75,47.95,43.75,45.25,45.25,219200,210400,311,362.25
2025-11-21,TMPV,2025-12-30,330.00,CE,35.10,39.00,34.20,36.60,36.60,221600,116800,250,362.25
2025-11-21,TMPV,2025-12-30,380.00,CE,6.50,8.00,5.90,6.95,6.95,3685600,357600,3094,362.25
2025-11-21,TMPV,2025-12-30,480.00,CE,0.35,0.35,0.30,0.35,0.05,341600,-4000,96,362.25
2025-11-21,TMPV,2026-01-27,320.00,CE,0.00,0.00,0.00,98.10,48.70,0,0,0,362.25
2025-11-21,TMPV,2026-01-27,400.00,CE,6.90,7.95,6.90,7.45,7.45,418400,12000,70,362.25
2025-11-21,TMPV,2025-12-30,410.00,PE,46.60,48.20,45.40,46.95,46.95,288800,17600,35,362.25
2025-11-21,TMPV,2025-12-30,500.00,PE,137.00,137.00,132.35,134.65,134.65,592000,451200,675,362.25
2025-11-21,TMPV,2025-12-30,520.00,PE,156.00,156.00,153.15,155.15,154.55,9600,0,10,362.25
2025-11-21,TMPV,2026-01-27,380.00,PE,27.35,27.45,27.35,27.45,26.20,60800,800,3,362.25
2025-11-21,TMPV,2025-11-25,390.00,CE,0.20,0.25,0.10,0.20,0.20,3860000,-225600,17872,362.25
2025-11-21,TMPV,2025-12-30,290.00,CE,0.00,0.00,0.00,124.65,74.10,0,0,0,362.25
2025-11-21,TMPV,2025-11-25,290.00,PE,0.00,0.00,0.00,0.05,0.05,0,0,0,362.25
2025-11-21,TMPV,2025-11-25,310.00,PE,0.05,0.05,0.05,0.05,0.05,70400,0,19,362.25
2025-11-21,TMPV,2025-11-25,350.00,PE,1.00,1.15,0.35,0.55,0.55,2550400,-314400,8586,362.25
2025-11-21,TMPV,2025-11-25,470.00,PE,110.50,110.50,107.90,107.95,107.45,86400,-800,3,362.25
2025-11-21,TMPV,2025-12-30,390.00,PE,32.55,33.00,28.35,29.75,29.75,460800,36800,147,362.25
2025-11-21,TMPV,2025-12-30,400.00,PE,40.20,42.30,36.60,37.75,37.75,1296800,48800,186,362.25
2025-11-21,TMPV,2025-11-25,400.00,CE,0.15,0.15,0.10,0.15,0.15,6311200,-714400,6355,362.25
2025-11-21,TMPV,2025-11-25,280.00,PE,0.00,0.00,0.00,0.05,0.05,0,0,0,362.25
2025-11-21,TMPV,2025-11-25,390.00,PE,29.25,31.90,25.00,27.55,27.55,729600,-232000,484,362.25
2025-11-21,TMPV,2025-11-25,480.00,PE,0.00,0.00,0.00,118.80,117.45,68800,0,0,362.25
2025-11-21,TMPV,2025-12-30,320.00,PE,1.85,2.00,1.25,1.40,1.40,1074400,434400,1181,362.25
2025-11-21,TMPV,2025-12-30,350.00,PE,8.05,8.45,6.10,6.65,6.65,2728800,60800,1888,362.25
2025-11-21,TMPV,2026-01-27,280.00,PE,0.00,0.00,0.00,0.25,0.25,0,0,0,362.25
2025-11-21,TMPV,2026-01-27,500.00,PE,0.00,0.00,0.00,87.20,132.60,0,0,0,362.25
2025-11-21,TMPV,2026-01-27,440.00,CE,0.00,0.00,0.00,2.05,1.60,29600,0,0,362.25
2025-11-21,TMPV,2025-11-25,310.00,CE,0.00,0.00,0.00,353.00,52.45,0,0,0,362.25
2025-11-21,TMPV,2026-01-27,360.00,CE,22.05,23.40,21.25,22.15,22.15,28000,12800,23,362.25
2025-11-21,TMPV,2026-01-27,520.00,CE,0.00,0.00,0.00,0.30,0.05,800,0,0,362.25
2025-11-21,TMPV,2025-11-25,470.00,CE,0.05,0.05,0.05,0.05,0.05,1736000,-48800,67,362.25
2025-11-21,TMPV,2025-11-25,360.00,CE,3.95,6.45,2.55,4.60,4.60,2624800,81600,10027,362.25
2025-11-21,TMPV,2025-12-30,350.00,CE,20.30,23.00,18.80,21.05,21.05,1327200,129600,1061,362.25
2025-11-21,TMPV,2026-01-27,520.00,PE,0.00,0.00,0.00,104.70,152.35,0,0,0,362.25
2025-11-21,TMPV,2026-01-27,440.00,PE,0.00,0.00,0.00,41.65,74.70,0,0,0,362.25
2025-11-21,TMPV,2025-12-30,370.00,PE,17.90,18.40,14.85,15.75,15.75,2312800,484800,1398,362.25
2025-11-21,TMPV,2025-11-25,380.00,PE,19.60,21.65,15.60,17.60,17.60,1224000,-454400,1784,362.25
2025-11-21,TMPV,2025-11-25,260.00,PE,0.00,0.00,0.00,0.05,0.05,0,0,0,362.25
2025-11-21,TMPV,2025-11-25,380.00,CE,0.35,0.55,0.20,0.30,0.30,9184800,-444800,34401,362.25
2025-11-21,TMPV,2025-11-25,460.00,CE,0.05,0.05,0.05,0.05,0.05,891200,-60800,90,362.25
2025-11-21,TMPV,2025-12-30,280.00,CE,0.00,0.00,0.00,384.40,84.00,0,0,0,362.25
2025-11-21,TMPV,2025-12-30,440.00,PE,74.25,76.15,74.25,75.80,75.40,57600,11200,15,362.25
2025-11-24,TMPV,2025-11-25,430.00,PE,70.10,73.10,68.55,70.05,70.05,171200,-16000,44,358.30
2025-11-24,TMPV,2025-12-30,370.00,PE,17.40,19.15,16.10,17.70,17.70,2307200,-5600,809,358.30
2025-11-24,TMPV,2026-01-27,440.00,PE,0.00,0.00,0.00,41.65,78.45,0,0,0,358.30
2025-11-24,TMPV,2026-01-27,520.00,PE,0.00,0.00,0.00,104.70,156.50,0,0,0,358.30
2025-11-24,TMPV,2025-12-30,350.00,CE,20.20,20.20,17.00,18.15,18.15,1509600,182400,1134,358.30
2025-11-24,TMPV,2025-12-30,330.00,PE,4.05,4.05,2.50,2.95,2.95,1743200,534400,1791,358.30
2025-11-24,TMPV,2025-12-30,360.00,PE,12.65,13.25,10.75,11.90,11.90,2784800,433600,2532,358.30
2025-11-24,TMPV,2025-12-30,480.00,PE,119.00,119.00,118.20,118.20,118.20,20800,5600,7,358.30
2025-11-24,TMPV,2026-01-27,420.00,PE,0.00,0.00,0.00,29.85,60.05,0,0,0,358.30
2025-11-24,TMPV,2025-11-25,370.00,CE,1.30,1.30,0.15,0.25,0.25,4971200,-1428000,25626,358.30
2025-11-24,TMPV,2026-01-27,460.00,CE,1.50,1.60,1.50,1.60,0.45,68000,0,3,358.30
2025-11-24,TMPV,2026-01-27,420.00,CE,3.50,3.50,1.65,3.10,3.10,81600,50400,83,358.30
2025-11-24,TMPV,2025-12-30,340.00,CE,28.00,28.00,23.60,25.30,25.30,636000,54400,223,358.30
2025-11-24,TMPV,2025-12-30,300.00,CE,60.00,61.75,59.00,61.75,60.25,8000,800,5,358.30
2025-11-24,TMPV,2025-12-30,280.00,PE,0.00,0.00,0.00,0.05,0.05,0,0,0,358.30
2025-11-24,TMPV,2025-12-30,300.00,PE,0.60,0.80,0.55,0.70,0.70,425600,169600,365,358.30
2025-11-24,TMPV,2025-11-25,500.00,CE,0.05,0.05,0.05,0.05,0.05,973600,1600,61,358.30
2025-11-24,TMPV,2026-01-27,500.00,CE,0.45,0.45,0.45,0.45,0.05,800,0,1,358.30
2025-11-24,TMPV,2025-11-25,290.00,CE,0.00,0.00,0.00,71.70,68.35,6400,0,0,358.30
2025-11-24,TMPV,2025-12-30,440.00,PE,0.00,0.00,0.00,75.80,79.40,57600,0,0,358.30
2025-11-24,TMPV,2025-11-25,450.00,PE,92.00,93.10,88.80,90.60,90.60,193600,-64000,100,358.30
2025-11-24,TMPV,2025-11-25,420.00,PE,60.00,63.05,58.20,60.30,60.30,740000,-96800,158,358.30
2025-11-24,TMPV,2025-11-25,330.00,PE,0.10,0.20,0.05,0.05,0.05,635200,-52000,406,358.30
2025-11-24,TMPV,2025-11-25,320.00,PE,0.05,0.10,0.05,0.05,0.05,435200,-108000,217,358.30
2025-11-24,TMPV,2025-11-25,420.00,CE,0.05,0.05,0.05,0.05,0.05,4347200,-618400,1117,358.30
2025-11-24,TMPV,2025-12-30,370.00,CE,11.10,11.10,7.50,8.15,8.15,3920800,385600,4213,358.30
2025-11-24,TMPV,2026-01-27,380.00,CE,11.50,12.00,10.60,11.00,11.00,241600,20800,60,358.30
2025-11-24,TMPV,2025-12-30,400.00,CE,2.95,2.95,2.00,2.25,2.25,6812800,1274400,4697,358.30
2025-11-24,TMPV,2026-01-27,440.00,CE,2.00,2.00,2.00,2.00,1.15,36000,6400,8,358.30
2025-11-24,TMPV,2025-11-25,310.00,CE,0.00,0.00,0.00,353.00,48.35,0,0,0,358.30
2025-11-24,TMPV,2025-12-30,350.00,PE,7.90,8.65,6.80,7.70,7.70,3081600,352800,2135,358.30
2025-11-24,TMPV,2025-12-30,320.00,PE,1.45,2.85,1.45,1.75,1.75,1272000,197600,1410,358.30
2025-11-24,TMPV,2025-11-25,480.00,PE,121.50,122.50,118.50,119.20,121.60,63200,-5600,7,358.30
2025-11-24,TMPV,2026-01-27,360.00,CE,21.50,21.50,18.80,19.50,18.45,42400,14400,29,358.30
2025-11-24,TMPV,2025-11-25,390.00,PE,29.00,33.10,28.45,31.05,31.05,565600,-164000,311,358.30
2025-11-24,TMPV,2025-11-25,280.00,PE,0.00,0.00,0.00,0.05,0.05,0,0,0,358.30
2025-11-24,TMPV,2026-01-27,500.00,PE,134.00,134.00,134.00,134.00,136.75,800,800,1,358.30
2025-11-24,TMPV,2026-01-27,280.00,PE,0.00,0.00,0.00,0.25,0.25,0,0,0,358.30
2025-11-24,TMPV,2026-01-27,520.00,CE,0.00,0.00,0.00,0.30,0.05,800,0,0,358.30
2025-11-24,TMPV,2025-11-25,310.00,PE,0.05,0.05,0.05,0.05,0.05,69600,-800,1,358.30
2025-11-24,TMPV,2025-12-30,500.00,PE,136.85,140.45,136.50,138.65,138.65,784800,192800,290,358.30
2025-11-24,TMPV,2025-12-30,410.00,PE,51.50,52.10,48.50,50.65,50.65,294400,5600,36,358.30
2025-11-24,TMPV,2025-12-30,400.00,PE,41.00,43.25,39.05,41.35,41.35,1313600,16800,423,358.30
2025-11-24,TMPV,2025-12-30,390.00,PE,33.00,34.40,30.75,32.45,32.45,527200,66400,217,358.30
2025-11-24,TMPV,2025-11-25,470.00,PE,111.40,112.50,110.00,111.10,111.10,73600,-12800,25,358.30
2025-11-24,TMPV,2025-11-25,350.00,PE,0.55,1.00,0.25,0.40,0.40,2142400,-408000,6757,358.30
2025-11-24,TMPV,2025-11-25,290.00,PE,0.00,0.00,0.00,0.05,0.05,0,0,0,358.30
2025-11-24,TMPV,2025-11-25,390.00,CE,0.15,0.15,0.05,0.05,0.05,3262400,-597600,3889,358.30
2025-11-24,TMPV,2025-12-30,290.00,CE,0.00,0.00,0.00,124.65,70.05,0,0,0,358.30
2025-11-24,TMPV,2025-12-30,520.00,PE,155.15,158.20,155.15,158.00,158.00,53600,44000,60,358.30
2025-11-24,TMPV,2026-01-27,380.00,PE,29.10,29.10,27.40,27.40,27.40,61600,800,3,358.30
2025-11-24,TMPV,2026-01-27,300.00,PE,0.00,0.00,0.00,0.70,1.10,0,0,0,358.30
2025-11-24,TMPV,2025-12-30,470.00,PE,108.50,110.65,108.50,109.15,109.15,36000,12800,22,358.30
2025-11-24,TMPV,2025-12-30,450.00,PE,90.00,90.00,87.50,89.10,89.10,176800,46400,59,358.30
2025-11-24,TMPV,2025-12-30,430.00,PE,69.80,71.35,68.60,69.50,69.65,88000,24800,44,358.30
2025-11-24,TMPV,2025-11-25,520.00,PE,159.70,162.00,159.10,160.50,160.50,9600,-5600,15,358.30
2025-11-24,TMPV,2025-11-25,490.00,PE,0.00,0.00,0.00,84.00,131.60,5600,0,0,358.30
2025-11-24,TMPV,2025-12-30,470.00,CE,0.30,0.35,0.30,0.35,0.05,72800,-2400,4,358.30
2025-11-24,TMPV,2025-11-25,340.00,PE,0.20,0.40,0.10,0.15,0.15,1052800,-136000,1159,358.30
2025-11-24,TMPV,2025-12-30,450.00,CE,0.50,0.55,0.35,0.50,0.50,1061600,101600,365,358.30
2025-11-24,TMPV,2025-11-25,480.00,CE,0.05,0.05,0.05,0.05,0.05,997600,-5600,7,358.30
2025-11-24,TMPV,2026-01-27,360.00,PE,15.00,17.70,15.00,16.35,16.55,63200,7200,26,358.30
2025-11-24,TMPV,2025-12-30,520.00,CE,0.20,0.25,0.15,0.25,0.05,43200,-800,5,358.30
2025-11-24,TMPV,2025-12-30,500.00,CE,0.25,0.25,0.15,0.15,0.15,191200,45600,170,358.30
2025-11-24,TMPV,2025-12-30,360.00,CE,15.30,15.30,11.50,12.40,12.40,2837600,987200,6362,358.30
2025-11-24,TMPV,2025-12-30,260.00,CE,0.00,0.00,0.00,404.15,99.75,0,0,0,358.30
2025-11-24,TMPV,2025-11-25,450.00,CE,0.05,0.05,0.05,0.05,0.05,4664800,-69600,94,358.30
2025-11-24,TMPV,2025-11-25,430.00,CE,0.05,0.05,0.05,0.05,0.05,2050400,-96800,434,358.30
2025-11-24,TMPV,2025-11-25,410.00,CE,0.05,0.10,0.05,0.05,0.05,5716800,-994400,2809,358.30
2025-11-24,TMPV,2025-11-25,340.00,CE,20.30,21.65,17.25,19.35,19.35,92800,-8800,495,358.30
2025-11-24,TMPV,2025-11-25,330.00,CE,28.00,28.00,28.00,28.00,28.35,4000,0,1,358.30
2025-11-24,TMPV,2025-11-25,320.00,CE,0.00,0.00,0.00,90.20,38.35,0,0,0,358.30
2025-11-24,TMPV,2025-12-30,380.00,PE,24.10,26.25,22.80,24.50,24.50,1312000,100000,310,358.30
2025-11-24,TMPV,2025-12-30,260.00,PE,0.00,0.00,0.00,0.05,0.05,0,0,0,358.30
2025-11-24,TMPV,2025-11-25,440.00,PE,81.80,82.80,79.00,80.25,81.65,125600,-4800,18,358.30
2025-11-24,TMPV,2025-11-25,400.00,PE,42.00,43.00,38.50,40.45,40.45,1681600,-348000,563,358.30
2025-11-24,TMPV,2026-01-27,240.00,CE,0.00,0.00,0.00,175.15,120.70,0,0,0,358.30
2025-11-24,TMPV,2026-01-27,240.00,PE,0.00,0.00,0.00,0.05,0.05,0,0,0,358.30
2025-11-24,TMPV,2025-11-25,380.00,PE,20.30,23.05,18.45,20.55,20.55,846400,-377600,953,358.30
2025-11-24,TMPV,2025-11-25,260.00,PE,0.00,0.00,0.00,0.05,0.05,0,0,0,358.30
2025-11-24,TMPV,2026-01-27,480.00,CE,0.00,0.00,0.00,1.25,0.20,1600,0,0,358.30
2025-11-24,TMPV,2026-01-27,300.00,CE,0.00,0.00,0.00,116.75,62.40,0,0,0,358.30
2025-11-24,TMPV,2025-12-30,420.00,CE,1.35,1.35,0.95,1.05,1.05,2199200,218400,1197,358.30
2025-11-24,TMPV,2025-12-30,310.00,CE,51.00,53.40,49.50,51.60,51.60,156800,13600,33,358.30
2025-11-24,TMPV,2025-12-30,280.00,CE,0.00,0.00,0.00,384.40,79.90,0,0,0,358.30
2025-11-24,TMPV,2025-11-25,460.00,CE,0.05,0.05,0.05,0.05,0.05,886400,-4800,8,358.30
2025-11-24,TMPV,2025-11-25,380.00,CE,0.20,0.25,0.05,0.05,0.05,7515200,-1669600,20849,358.30
2025-11-24,TMPV,2026-01-27,460.00,PE,0.00,0.00,0.00,55.30,97.55,0,0,0,358.30
2025-11-24,TMPV,2026-01-27,320.00,PE,0.00,0.00,0.00,1.75,3.40,0,0,0,358.30
2025-11-24,TMPV,2025-12-30,490.00,PE,0.00,0.00,0.00,127.70,128.95,4000,0,0,358.30
2025-11-24,TMPV,2025-12-30,340.00,PE,5.05,5.35,4.15,4.75,4.75,2063200,104800,1552,358.30
2025-11-24,TMPV,2025-12-30,440.00,CE,0.60,0.75,0.55,0.60,0.60,1758400,116000,282,358.30
2025-11-24,TMPV,2025-12-30,310.00,PE,2.00,2.00,0.90,1.05,1.05,348800,208800,473,358.30
2025-11-24,TMPV,2025-12-30,420.00,PE,59.00,62.00,58.30,60.20,60.20,238400,36800,60,358.30
2025-11-24,TMPV,2026-01-27,480.00,PE,0.00,0.00,0.00,70.60,117.05,0,0,0,358.30
2025-11-24,TMPV,2025-12-30,290.00,PE,0.00,0.00,0.00,0.15,0.10,0,0,0,358.30
2025-11-24,TMPV,2026-01-27,340.00,CE,0.00,0.00,0.00,80.45,30.00,0,0,0,358.30
2025-11-24,TMPV,2025-12-30,380.00,CE,7.05,7.05,4.75,5.25,5.25,4346400,660800,4460,358.30
2025-11-24,TMPV,2025-12-30,480.00,CE,0.30,0.35,0.25,0.30,0.05,336800,-4800,43,358.30
2025-11-24,TMPV,2026-01-27,320.00,CE,0.00,0.00,0.00,98.10,44.90,0,0,0,358.30
2025-11-24,TMPV,2026-01-27,400.00,CE,7.00,7.00,5.75,6.10,6.10,454400,36000,262,358.30
2025-11-24,TMPV,2026-01-27,340.00,PE,7.50,9.10,7.50,8.15,8.30,40000,3200,9,358.30
2025-11-24,TMPV,2026-01-27,400.00,PE,44.00,46.00,41.05,43.75,43.75,23200,2400,7,358.30
2025-11-24,TMPV,2025-11-25,350.00,CE,10.50,11.95,7.70,9.75,9.75,332000,-82400,2426,358.30
2025-11-24,TMPV,2025-11-25,440.00,CE,0.05,0.05,0.05,0.05,0.05,1640800,800,15,358.30
2025-11-24,TMPV,2025-12-30,320.00,CE,41.85,43.45,40.00,42.10,42.10,309600,90400,173,358.30
2025-11-24,TMPV,2025-12-30,330.00,CE,32.00,34.90,31.45,33.50,33.50,293600,72000,136,358.30
2025-11-24,TMPV,2025-11-25,400.00,CE,0.05,0.10,0.05,0.05,0.05,5247200,-1064000,3388,358.30
2025-11-24,TMPV,2025-11-25,280.00,CE,0.00,0.00,0.00,382.75,78.35,0,0,0,358.30
2025-11-24,TMPV,2025-12-30,460.00,PE,100.00,100.00,98.50,98.50,99.15,21600,7200,9,358.30
2025-11-24,TMPV,2025-11-25,300.00,CE,0.00,0.00,0.00,62.60,58.35,12000,0,0,358.30
2025-11-24,TMPV,2025-11-25,500.00,PE,142.00,143.65,138.60,140.55,140.55,546400,-92800,121,358.30
2025-11-24,TMPV,2025-11-25,460.00,PE,102.55,102.55,100.00,100.00,101.65,128800,-4800,6,358.30
2025-11-24,TMPV,2025-12-30,490.00,CE,0.30,0.30,0.30,0.30,0.05,23200,0,1,358.30
2025-11-24,TMPV,2025-11-25,260.00,CE,0.00,0.00,0.00,102.00,98.35,1600,0,0,358.30
2025-11-24,TMPV,2025-12-30,460.00,CE,0.40,0.40,0.35,0.40,0.40,248000,-3200,17,358.30
2025-11-24,TMPV,2025-12-30,410.00,CE,2.05,2.05,1.40,1.50,1.50,1642400,-107200,1436,358.30
2025-11-24,TMPV,2025-12-30,390.00,CE,4.80,4.80,3.00,3.35,3.35,3244000,478400,2643,358.30
2025-11-24,TMPV,2025-11-25,490.00,CE,0.00,0.00,0.00,0.05,0.05,72800,0,0,358.30
2025-11-24,TMPV,2025-11-25,520.00,CE,0.05,0.05,0.05,0.05,0.05,154400,-800,1,358.30
2025-11-24,TMPV,2025-11-25,470.00,CE,0.05,0.05,0.05,0.05,0.05,1732000,-4000,17,358.30
2025-11-24,TMPV,2025-11-25,360.00,CE,4.10,4.60,1.20,1.50,1.50,2383200,-241600,19589,358.30
2025-11-24,TMPV,2025-12-30,430.00,CE,0.85,0.85,0.60,0.75,0.75,779200,64000,671,358.30
2025-11-24,TMPV,2026-01-27,280.00,CE,0.00,0.00,0.00,136.00,81.35,0,0,0,358.30
2025-11-24,TMPV,2025-11-25,300.00,PE,0.00,0.00,0.00,0.05,0.05,349600,0,0,358.30
2025-11-24,TMPV,2025-11-25,360.00,PE,1.50,4.30,0.65,2.20,2.20,899200,-1017600,10506,358.30
2025-11-24,TMPV,2025-11-25,370.00,PE,10.70,13.35,8.75,10.85,10.85,1345600,-430400,2185,358.30
2025-11-24,TMPV,2025-11-25,410.00,PE,51.45,52.80,48.05,50.40,50.40,872800,-98400,142,358.30
2025-11-25,TMPV,2026-01-27,280.00,PE,0.00,0.00,0.00,0.25,0.35,0,0,0,352.45
2025-11-25,TMPV,2026-01-27,360.00,CE,19.00,19.05,16.10,16.50,16.50,60800,18400,61,352.45
2025-11-25,TMPV,2026-01-27,500.00,PE,0.00,0.00,0.00,134.00,142.65,800,0,0,352.45
2025-11-25,TMPV,2026-01-27,440.00,CE,1.95,1.95,1.50,1.50,0.80,44000,8000,12,352.45
2025-11-25,TMPV,2025-12-30,440.00,CE,0.55,0.55,0.40,0.45,0.45,1844000,85600,442,352.45
2025-11-25,TMPV,2026-01-27,340.00,CE,0.00,0.00,0.00,80.45,25.80,0,0,0,352.45
2025-11-25,TMPV,2025-12-30,310.00,PE,1.15,1.20,0.60,1.05,1.05,656000,307200,1145,352.45
2025-11-25,TMPV,2025-12-30,420.00,PE,60.50,65.00,60.35,64.45,64.45,271200,32800,62,352.45
2025-11-25,TMPV,2025-12-30,290.00,PE,0.00,0.00,0.00,0.15,0.15,0,0,0,352.45
2025-11-25,TMPV,2026-01-27,480.00,PE,0.00,0.00,0.00,70.60,122.90,0,0,0,352.45
2025-11-25,TMPV,2025-11-25,460.00,CE,0.05,0.05,0.05,0.05,352.45,924800,38400,84,352.45
2025-11-25,TMPV,2025-11-25,380.00,CE,0.05,0.05,0.05,0.05,352.45,7101600,-413600,1711,352.45
2025-11-25,TMPV,2025-12-30,310.00,CE,50.50,50.90,45.25,45.55,45.55,166400,9600,36,352.45
2025-11-25,TMPV,2026-01-27,460.00,PE,0.00,0.00,0.00,55.30,103.30,0,0,0,352.45
2025-11-25,TMPV,2026-01-27,320.00,PE,0.00,0.00,0.00,1.75,4.25,0,0,0,352.45
2025-11-25,TMPV,2026-01-27,240.00,PE,0.00,0.00,0.00,0.05,0.05,0,0,0,352.45
2025-11-25,TMPV,2025-12-30,490.00,PE,129.00,131.40,129.00,131.40,134.85,5600,1600,2,352.45
2025-11-25,TMPV,2025-12-30,340.00,PE,4.80,5.50,4.20,5.35,5.35,2464000,400800,3244,352.45
2025-11-25,TMPV,2025-11-25,380.00,PE,22.00,28.00,21.10,27.75,352.45,718400,-128000,696,352.45
2025-11-25,TMPV,2025-11-25,260.00,PE,0.00,0.00,0.00,0.05,352.45,0,0,0,352.45
2025-11-25,TMPV,2026-01-27,480.00,CE,0.00,0.00,0.00,1.25,0.10,1600,0,0,352.45
2025-11-25,TMPV,2026-01-27,300.00,CE,0.00,0.00,0.00,116.75,56.85,0,0,0,352.45
2025-11-25,TMPV,2025-12-30,420.00,CE,1.05,1.05,0.65,0.70,0.70,2229600,30400,1638,352.45
2025-11-25,TMPV,2025-12-30,280.00,CE,0.00,0.00,0.00,384.40,74.05,0,0,0,352.45
2025-11-25,TMPV,2026-01-27,460.00,CE,1.10,1.40,0.85,1.40,0.30,68000,0,3,352.45
2025-11-25,TMPV,2026-01-27,420.00,CE,2.50,2.50,2.40,2.40,2.40,80800,-800,6,352.45
2025-11-25,TMPV,2025-12-30,340.00,CE,24.50,25.20,20.25,20.65,20.65,712800,76800,401,352.45
2025-11-25,TMPV,2025-11-25,370.00,CE,0.10,0.15,0.05,0.05,352.45,3988000,-983200,5740,352.45
2025-11-25,TMPV,2025-12-30,300.00,CE,58.75,60.00,55.20,55.25,55.25,28000,20000,28,352.45
2025-11-25,TMPV,2025-11-25,500.00,CE,0.05,0.05,0.05,0.05,352.45,973600,0,11,352.45
2025-11-25,TMPV,2025-12-30,480.00,PE,120.70,120.70,120.70,120.70,124.90,21600,800,1,352.45
2025-11-25,TMPV,2025-12-30,330.00,PE,3.80,3.80,2.45,3.15,3.15,1984000,240800,1965,352.45
2025-11-25,TMPV,2025-12-30,300.00,PE,0.75,0.90,0.55,0.75,0.75,927200,501600,1017,352.45
2025-11-25,TMPV,2026-01-27,420.00,PE,0.00,0.00,0.00,29.85,65.25,0,0,0,352.45
2025-11-25,TMPV,2025-12-30,280.00,PE,0.00,0.00,0.00,0.05,0.05,0,0,0,352.45
2025-11-25,TMPV,2025-12-30,360.00,PE,11.95,14.25,11.25,13.95,13.95,3903200,1118400,3944,352.45
2025-11-25,TMPV,2025-11-25,330.00,CE,22.35,22.85,22.35,22.60,352.45,4800,800,3,352.45
2025-11-25,TMPV,2025-11-25,340.00,CE,18.00,18.00,12.50,12.50,352.45,89600,-3200,16,352.45
2025-11-25,TMPV,2025-11-25,410.00,CE,0.05,0.05,0.05,0.05,352.45,5599200,-117600,451,352.45
2025-11-25,TMPV,2025-11-25,430.00,CE,0.05,0.05,0.05,0.05,352.45,2066400,16000,77,352.45
2025-11-25,TMPV,2025-11-25,450.00,CE,0.05,0.05,0.05,0.05,352.45,4662400,-2400,70,352.45
2025-11-25,TMPV,2025-12-30,260.00,CE,0.00,0.00,0.00,404.15,93.90,0,0,0,352.45
2025-11-25,TMPV,2025-12-30,360.00,CE,12.50,12.50,9.00,9.20,9.20,4553600,1716000,8971,352.45
2025-11-25,TMPV,2025-12-30,500.00,CE,0.10,0.25,0.05,0.15,0.15,212000,20800,492,352.45
2025-11-25,TMPV,2025-12-30,520.00,CE,0.10,0.15,0.10,0.10,0.05,48800,5600,10,352.45
2025-11-25,TMPV,2026-01-27,240.00,CE,0.00,0.00,0.00,175.15,114.85,0,0,0,352.45
2025-11-25,TMPV,2025-11-25,400.00,PE,42.65,48.30,41.65,47.75,352.45,1268800,-412800,704,352.45
2025-11-25,TMPV,2025-11-25,440.00,PE,83.70,87.80,83.30,87.70,352.45,116000,-9600,13,352.45
2025-11-25,TMPV,2025-12-30,260.00,PE,0.00,0.00,0.00,0.05,0.05,0,0,0,352.45
2025-11-25,TMPV,2025-12-30,380.00,PE,24.90,28.45,24.35,28.10,28.10,1420800,108800,543,352.45
2025-11-25,TMPV,2025-11-25,320.00,CE,0.00,0.00,0.00,90.20,352.45,0,0,0,352.45
2025-11-25,TMPV,2025-12-30,400.00,CE,2.25,2.25,1.35,1.50,1.50,7490400,677600,7357,352.45
2025-11-25,TMPV,2025-12-30,370.00,CE,8.30,8.35,5.65,5.85,5.85,5032000,1111200,5452,352.45
2025-11-25,TMPV,2025-11-25,420.00,CE,0.05,0.05,0.05,0.05,352.45,4346400,-800,180,352.45
2025-11-25,TMPV,2026-01-27,380.00,CE,11.05,11.40,8.65,8.80,8.80,293600,52000,118,352.45
2025-11-25,TMPV,2025-12-30,430.00,PE,72.00,74.20,69.95,74.20,74.20,93600,5600,10,352.45
2025-11-25,TMPV,2026-01-27,360.00,PE,17.10,19.40,17.00,19.40,19.40,67200,4000,14,352.45
2025-11-25,TMPV,2025-11-25,490.00,PE,0.00,0.00,0.00,84.00,352.45,5600,0,0,352.45
2025-11-25,TMPV,2026-01-27,300.00,PE,0.00,0.00,0.00,0.70,1.40,0,0,0,352.45
2025-11-25,TMPV,2025-12-30,450.00,PE,91.00,92.45,91.00,92.00,95.10,192800,16000,22,352.45
2025-11-25,TMPV,2025-11-25,480.00,CE,0.05,0.05,0.05,0.05,352.45,1000000,2400,17,352.45
2025-11-25,TMPV,2025-12-30,450.00,CE,0.50,0.50,0.30,0.30,0.30,1020800,-40800,193,352.45
2025-11-25,TMPV,2025-11-25,340.00,PE,0.15,0.15,0.05,0.05,352.45,947200,-105600,889,352.45
2025-11-25,TMPV,2025-11-25,310.00,CE,0.00,0.00,0.00,353.00,352.45,0,0,0,352.45
2025-11-25,TMPV,2025-11-25,520.00,PE,165.65,168.00,164.00,168.00,352.45,8000,-1600,10,352.45
2025-11-25,TMPV,2025-12-30,470.00,PE,111.00,114.00,111.00,114.00,115.00,48000,12000,15,352.45
2025-11-25,TMPV,2025-11-25,490.00,CE,0.00,0.00,0.00,0.05,352.45,72800,0,0,352.45
2025-11-25,TMPV,2025-11-25,400.00,CE,0.05,0.05,0.05,0.05,352.45,5229600,-17600,906,352.45
2025-11-25,TMPV,2025-12-30,390.00,CE,3.45,3.45,2.20,2.30,2.30,3864800,620800,4013,352.45
2025-11-25,TMPV,2025-12-30,410.00,CE,1.50,1.50,0.95,1.00,1.00,1834400,192000,1350,352.45
2025-11-25,TMPV,2025-11-25,280.00,CE,0.00,0.00,0.00,382.75,352.45,0,0,0,352.45
2025-11-25,TMPV,2025-11-25,300.00,CE,55.50,55.50,55.50,55.50,352.45,12000,0,1,352.45
2025-11-25,TMPV,2025-12-30,460.00,CE,0.35,0.35,0.25,0.35,0.05,249600,1600,13,352.45
2025-11-25,TMPV,2025-12-30,470.00,CE,0.20,0.25,0.20,0.25,0.05,72000,-800,6,352.45
2025-11-25,TMPV,2025-12-30,490.00,CE,0.00,0.00,0.00,0.30,0.05,23200,0,0,352.45
2025-11-25,TMPV,2025-11-25,460.00,PE,104.50,107.50,103.25,107.50,352.45,121600,-7200,118,352.45
2025-11-25,TMPV,2025-11-25,500.00,PE,145.30,147.50,144.50,147.50,352.45,532800,-13600,20,352.45
2025-11-25,TMPV,2025-12-30,460.00,PE,101.00,101.00,101.00,101.00,105.05,50400,28800,36,352.45
2025-11-25,TMPV,2026-01-27,340.00,PE,9.00,9.50,8.30,9.50,9.50,52800,12800,18,352.45
2025-11-25,TMPV,2026-01-27,400.00,PE,42.60,42.60,42.60,42.60,47.70,28000,4800,6,352.45
2025-11-25,TMPV,2025-11-25,260.00,CE,0.00,0.00,0.00,102.00,352.45,1600,0,0,352.45
2025-11-25,TMPV,2025-11-25,350.00,CE,8.90,9.00,1.90,2.35,352.45,285600,-46400,396,352.45
2025-11-25,TMPV,2025-11-25,440.00,CE,0.05,0.05,0.05,0.05,352.45,1640800,0,45,352.45
2025-11-25,TMPV,2025-12-30,320.00,CE,41.00,41.00,36.45,36.70,36.70,330400,20800,36,352.45
2025-11-25,TMPV,2025-12-30,330.00,CE,32.60,32.75,27.80,28.30,28.30,326400,32800,140,352.45
2025-11-25,TMPV,2025-12-30,380.00,CE,5.05,5.25,3.50,3.60,3.60,5442400,1096000,6104,352.45
2025-11-25,TMPV,2025-12-30,480.00,CE,0.25,0.25,0.15,0.25,0.25,298400,-38400,84,352.45
2025-11-25,TMPV,2026-01-27,320.00,CE,0.00,0.00,0.00,98.10,39.85,0,0,0,352.45
2025-11-25,TMPV,2026-01-27,400.00,CE,6.00,6.05,4.35,4.55,4.55,634400,180000,328,352.45
2025-11-25,TMPV,2025-11-25,290.00,CE,0.00,0.00,0.00,71.70,352.45,6400,0,0,352.45
2025-11-25,TMPV,2026-01-27,500.00,CE,0.00,0.00,0.00,0.45,0.05,800,0,0,352.45
2025-11-25,TMPV,2025-11-25,320.00,PE,0.05,0.05,0.05,0.05,352.45,431200,-4000,5,352.45
2025-11-25,TMPV,2025-11-25,330.00,PE,0.05,0.05,0.05,0.05,352.45,629600,-5600,219,352.45
2025-11-25,TMPV,2025-12-30,440.00,PE,79.55,84.40,79.55,84.40,84.40,62400,4800,7,352.45
2025-11-25,TMPV,2025-11-25,420.00,PE,63.30,67.90,62.60,67.80,352.45,660000,-80000,175,352.45
2025-11-25,TMPV,2025-11-25,450.00,PE,93.50,97.20,93.50,97.20,352.45,179200,-14400,36,352.45
2025-11-25,TMPV,2025-12-30,500.00,PE,140.00,144.00,139.60,143.95,143.95,788800,4000,49,352.45
2025-11-25,TMPV,2025-12-30,520.00,PE,158.00,162.00,158.00,162.00,164.70,64800,11200,18,352.45
2025-11-25,TMPV,2026-01-27,380.00,PE,29.00,29.15,27.20,29.15,29.15,66400,4800,11,352.45
2025-11-25,TMPV,2025-11-25,290.00,PE,0.00,0.00,0.00,0.05,352.45,0,0,0,352.45
2025-11-25,TMPV,2025-12-30,290.00,CE,67.80,67.80,67.80,67.80,64.20,800,800,1,352.45
2025-11-25,TMPV,2025-11-25,310.00,PE,0.00,0.00,0.00,0.05,352.45,69600,0,0,352.45
2025-11-25,TMPV,2025-11-25,350.00,PE,0.40,0.95,0.05,0.05,352.45,621600,-1520800,5606,352.45
2025-11-25,TMPV,2025-11-25,470.00,PE,114.00,118.00,114.00,118.00,352.45,73600,0,32,352.45
2025-11-25,TMPV,2025-12-30,390.00,PE,34.00,36.75,32.50,36.70,36.70,586400,59200,155,352.45
2025-11-25,TMPV,2025-12-30,400.00,PE,41.85,46.35,41.30,45.90,45.90,1379200,65600,247,352.45
2025-11-25,TMPV,2025-11-25,390.00,CE,0.05,0.05,0.05,0.05,352.45,2948000,-314400,1899,352.45
2025-11-25,TMPV,2025-12-30,410.00,PE,51.00,55.20,50.85,55.20,55.20,300800,6400,22,352.45
2025-11-25,TMPV,2025-12-30,430.00,CE,0.60,0.70,0.50,0.55,0.55,816000,36800,356,352.45
2025-11-25,TMPV,2026-01-27,280.00,CE,0.00,0.00,0.00,136.00,75.55,0,0,0,352.45
2025-11-25,TMPV,2026-01-27,520.00,PE,0.00,0.00,0.00,104.70,162.45,0,0,0,352.45
2025-11-25,TMPV,2025-11-25,300.00,PE,0.00,0.00,0.00,0.05,352.45,349600,0,0,352.45
2025-11-25,TMPV,2025-11-25,360.00,PE,3.00,8.55,2.30,7.70,352.45,429600,-469600,2187,352.45
2025-11-25,TMPV,2025-11-25,370.00,PE,11.30,18.10,11.30,17.65,352.45,868800,-476800,943,352.45
2025-11-25,TMPV,2025-11-25,430.00,PE,73.25,78.20,72.60,77.80,352.45,164800,-6400,39,352.45
2025-11-25,TMPV,2025-11-25,410.00,PE,51.85,58.05,51.85,57.70,352.45,674400,-198400,307,352.45
2025-11-25,TMPV,2026-01-27,440.00,PE,0.00,0.00,0.00,41.65,84.00,0,0,0,352.45
2025-11-25,TMPV,2025-12-30,370.00,PE,18.65,20.65,17.00,20.40,20.40,2428800,121600,979,352.45
2025-11-25,TMPV,2025-11-25,520.00,CE,0.05,0.05,0.05,0.05,352.45,155200,800,1,352.45
2025-11-25,TMPV,2025-11-25,470.00,CE,0.05,0.05,0.05,0.05,352.45,1740000,8000,19,352.45
2025-11-25,TMPV,2025-11-25,360.00,CE,1.50,1.75,0.05,0.05,352.45,1940800,-442400,9660,352.45
2025-11-25,TMPV,2025-12-30,350.00,CE,17.85,18.20,13.85,14.10,14.10,2606400,1096800,3444,352.45
2025-11-25,TMPV,2026-01-27,520.00,CE,0.00,0.00,0.00,0.30,0.05,800,0,0,352.45
2025-11-25,TMPV,2025-11-25,280.00,PE,0.00,0.00,0.00,0.05,352.45,0,0,0,352.45
2025-11-25,TMPV,2025-11-25,390.00,PE,32.15,38.00,32.00,37.85,352.45,346400,-219200,513,352.45
2025-11-25,TMPV,2025-11-25,480.00,PE,124.50,127.60,124.20,127.60,352.45,52000,-11200,22,352.45
2025-11-25,TMPV,2025-12-30,320.00,PE,1.75,2.00,1.30,1.85,1.85,1856000,584000,2803,352.45
2025-11-25,TMPV,2025-12-30,350.00,PE,8.10,9.10,6.60,8.80,8.80,3460800,379200,4767,352.45
2025-11-26,TMPV,2026-01-27,260.00,CE,0.00,0.00,0.00,155.50,101.80,0,0,0,359.25
2025-11-26,TMPV,2025-12-30,450.00,PE,88.25,90.50,85.35,87.90,88.45,196800,4000,37,359.25
2025-11-26,TMPV,2025-12-30,430.00,PE,67.00,70.80,66.55,68.80,68.80,96000,2400,12,359.25
2025-11-26,TMPV,2026-01-27,290.00,CE,0.00,0.00,0.00,67.10,72.55,0,0,0,359.25
2025-11-26,TMPV,2026-01-27,300.00,PE,2.30,2.30,2.00,2.00,0.95,8000,8000,10,359.25
2025-11-26,TMPV,2025-12-30,470.00,PE,0.00,0.00,0.00,114.00,108.25,48000,0,0,359.25
2025-11-26,TMPV,2026-02-24,240.00,CE,0.00,0.00,0.00,116.25,122.65,0,0,0,359.25
2025-11-26,TMPV,2025-12-30,400.00,CE,1.45,2.35,1.40,1.90,1.90,8093600,603200,10230,359.25
2025-11-26,TMPV,2025-12-30,370.00,CE,5.65,9.40,5.65,7.55,7.55,5256000,224000,13381,359.25
2025-11-26,TMPV,2026-01-27,380.00,CE,9.50,11.45,6.70,9.85,9.85,305600,12000,149,359.25
2025-11-26,TMPV,2025-12-30,350.00,PE,9.10,9.10,5.25,5.85,5.85,3536800,76000,7318,359.25
2025-11-26,TMPV,2026-01-27,360.00,CE,17.85,20.20,16.95,18.35,18.35,66400,5600,113,359.25
2025-11-26,TMPV,2026-01-27,440.00,CE,1.60,1.60,1.30,1.35,1.35,54400,10400,21,359.25
2025-11-26,TMPV,2025-12-30,320.00,PE,1.50,1.50,0.90,0.95,0.95,2002400,146400,2828,359.25
2025-11-26,TMPV,2026-01-27,280.00,PE,0.00,0.00,0.00,0.25,0.20,0,0,0,359.25
2025-11-26,TMPV,2026-01-27,500.00,PE,135.70,135.70,135.70,135.70,135.95,3200,2400,3,359.25
2025-11-26,TMPV,2026-01-27,520.00,CE,0.00,0.00,0.00,0.30,0.05,800,0,0,359.25
2025-11-26,TMPV,2026-01-27,320.00,CE,0.00,0.00,0.00,98.10,45.50,0,0,0,359.25
2025-11-26,TMPV,2025-12-30,480.00,CE,0.20,0.25,0.15,0.15,0.15,308000,9600,101,359.25
2025-11-26,TMPV,2025-12-30,380.00,CE,3.55,5.95,3.55,4.70,4.70,5607200,164800,9403,359.25
2025-11-26,TMPV,2026-02-24,380.00,PE,0.00,0.00,0.00,37.55,29.85,0,0,0,359.25
2025-11-26,TMPV,2026-01-27,400.00,PE,42.05,42.15,39.15,40.00,42.25,36000,8000,14,359.25
2025-11-26,TMPV,2026-01-27,350.00,PE,0.00,0.00,0.00,17.20,11.40,0,0,0,359.25
2025-11-26,TMPV,2026-01-27,340.00,PE,8.50,8.50,6.50,7.10,7.10,64000,11200,32,359.25
2025-11-26,TMPV,2025-12-30,330.00,CE,35.45,35.70,31.00,33.45,33.45,344800,18400,90,359.25
2025-11-26,TMPV,2025-12-30,320.00,CE,42.75,44.80,39.85,42.65,42.65,349600,19200,69,359.25
2025-11-26,TMPV,2026-02-24,420.00,CE,0.00,0.00,0.00,6.40,4.85,0,0,0,359.25
2025-11-26,TMPV,2026-01-27,400.00,CE,4.80,5.90,4.40,4.95,4.95,692800,58400,334,359.25
2025-11-26,TMPV,2025-12-30,360.00,PE,13.90,13.90,8.85,9.90,9.90,4297600,394400,6548,359.25
2025-11-26,TMPV,2025-12-30,480.00,PE,0.00,0.00,0.00,120.70,118.20,21600,0,0,359.25
2025-11-26,TMPV,2026-01-27,260.00,PE,0.00,0.00,0.00,0.10,0.05,0,0,0,359.25
2025-11-26,TMPV,2026-01-27,420.00,PE,0.00,0.00,0.00,29.85,59.20,0,0,0,359.25
2025-11-26,TMPV,2026-01-27,420.00,CE,3.00,3.00,0.60,2.40,2.40,164000,83200,138,359.25
2025-11-26,TMPV,2025-12-30,340.00,CE,22.00,28.10,22.00,25.15,25.15,763200,50400,501,359.25
2025-11-26,TMPV,2025-12-30,300.00,CE,63.50,64.95,58.75,61.70,61.70,71200,43200,93,359.25
2025-11-26,TMPV,2025-12-30,280.00,PE,0.00,0.00,0.00,0.05,0.05,0,0,0,359.25
2025-11-26,TMPV,2026-01-27,460.00,CE,1.05,1.10,0.85,0.85,0.85,62400,-5600,15,359.25
2025-11-26,TMPV,2025-12-30,300.00,PE,0.50,0.60,0.30,0.35,0.35,1078400,151200,1341,359.25
2025-11-26,TMPV,2025-12-30,330.00,PE,2.55,2.55,1.70,1.85,1.85,1988000,4000,3658,359.25
2025-11-26,TMPV,2025-12-30,310.00,CE,52.95,55.05,49.40,51.90,51.45,196800,30400,73,359.25
2025-11-26,TMPV,2026-01-27,350.00,CE,0.00,0.00,0.00,23.35,24.05,0,0,0,359.25
2025-11-26,TMPV,2025-12-30,420.00,CE,0.70,1.00,0.65,0.80,0.80,2285600,56000,2902,359.25
2025-11-26,TMPV,2026-02-24,280.00,CE,0.00,0.00,0.00,78.60,83.85,0,0,0,359.25
2025-11-26,TMPV,2026-01-27,480.00,CE,0.65,0.65,0.65,0.65,0.15,1600,0,1,359.25
2025-11-26,TMPV,2026-02-24,300.00,PE,0.00,0.00,0.00,4.55,2.00,0,0,0,359.25
2025-11-26,TMPV,2026-01-27,310.00,CE,0.00,0.00,0.00,49.95,54.10,0,0,0,359.25
2025-11-26,TMPV,2026-02-24,320.00,CE,0.00,0.00,0.00,46.35,48.70,0,0,0,359.25
2025-11-26,TMPV,2025-12-30,460.00,PE,96.80,98.10,96.80,98.10,98.35,53600,3200,4,359.25
2025-11-26,TMPV,2026-02-24,280.00,PE,0.00,0.00,0.00,1.95,0.65,0,0,0,359.25
2025-11-26,TMPV,2025-12-30,400.00,PE,41.80,42.60,37.35,39.70,39.70,1451200,72000,226,359.25
2025-11-26,TMPV,2025-12-30,390.00,PE,30.45,33.50,28.15,30.80,30.80,646400,60000,265,359.25
2025-11-26,TMPV,2025-12-30,410.00,PE,49.60,51.60,46.45,49.50,49.50,314400,13600,29,359.25
2025-11-26,TMPV,2026-02-24,400.00,CE,0.00,0.00,0.00,10.20,8.60,0,0,0,359.25
2025-11-26,TMPV,2025-12-30,500.00,PE,137.30,137.80,136.75,137.25,137.25,772000,-16800,30,359.25
2025-11-26,TMPV,2025-12-30,520.00,PE,0.00,0.00,0.00,162.00,157.95,64800,0,0,359.25
2025-11-26,TMPV,2025-12-30,290.00,CE,0.00,0.00,0.00,67.80,70.85,800,0,0,359.25
2025-11-26,TMPV,2026-01-27,370.00,PE,20.50,20.50,20.50,20.50,21.25,800,800,1,359.25
2025-11-26,TMPV,2026-01-27,380.00,PE,27.50,27.50,25.00,25.00,27.50,75200,8800,13,359.25
2025-11-26,TMPV,2025-12-30,290.00,PE,0.00,0.00,0.00,0.15,0.05,0,0,0,359.25
2025-11-26,TMPV,2026-02-24,340.00,CE,0.00,0.00,0.00,33.60,34.40,0,0,0,359.25
2025-11-26,TMPV,2026-02-24,300.00,CE,0.00,0.00,0.00,61.50,65.45,0,0,0,359.25
2025-11-26,TMPV,2026-01-27,410.00,CE,3.20,3.95,3.20,3.95,3.95,2400,2400,3,359.25
2025-11-26,TMPV,2026-01-27,340.00,CE,0.00,0.00,0.00,80.45,30.40,0,0,0,359.25
2025-11-26,TMPV,2025-12-30,440.00,CE,0.45,0.55,0.30,0.40,0.40,2262400,418400,4278,359.25
2025-11-26,TMPV,2025-12-30,420.00,PE,56.50,61.10,56.50,58.75,58.75,287200,16000,42,359.25
2025-11-26,TMPV,2026-02-24,360.00,PE,0.00,0.00,0.00,25.55,18.60,0,0,0,359.25
2025-11-26,TMPV,2026-01-27,480.00,PE,0.00,0.00,0.00,70.60,116.25,0,0,0,359.25
2025-11-26,TMPV,2026-01-27,330.00,PE,5.35,5.35,4.75,4.85,5.10,4800,4800,9,359.25
2025-11-26,TMPV,2025-12-30,310.00,PE,0.90,0.90,0.40,0.50,0.50,1108800,452800,2139,359.25
2025-11-26,TMPV,2025-12-30,380.00,PE,26.15,26.15,20.45,22.75,22.75,1512800,92000,571,359.25
2025-11-26,TMPV,2025-12-30,260.00,PE,0.00,0.00,0.00,0.05,0.05,0,0,0,359.25
2025-11-26,TMPV,2025-12-30,360.00,CE,10.00,14.25,9.40,11.85,11.85,4764800,211200,13953,359.25
2025-11-26,TMPV,2026-02-24,380.00,CE,0.00,0.00,0.00,15.70,14.45,0,0,0,359.25
2025-11-26,TMPV,2026-02-24,360.00,CE,0.00,0.00,0.00,23.40,22.95,0,0,0,359.25
2025-11-26,TMPV,2025-12-30,500.00,CE,0.15,0.20,0.10,0.15,0.05,212000,0,55,359.25
2025-11-26,TMPV,2025-12-30,520.00,CE,0.15,0.15,0.10,0.10,0.05,56000,7200,18,359.25
2025-11-26,TMPV,2026-01-27,240.00,CE,0.00,0.00,0.00,175.15,121.60,0,0,0,359.25
2025-11-26,TMPV,2026-01-27,330.00,CE,0.00,0.00,0.00,35.15,37.55,0,0,0,359.25
2025-11-26,TMPV,2025-12-30,260.00,CE,0.00,0.00,0.00,404.15,100.65,0,0,0,359.25
2025-11-26,TMPV,2026-02-24,320.00,PE,0.00,0.00,0.00,9.10,4.95,0,0,0,359.25
2025-11-26,TMPV,2025-12-30,280.00,CE,0.00,0.00,0.00,384.40,80.75,0,0,0,359.25
2025-11-26,TMPV,2026-02-24,340.00,PE,0.00,0.00,0.00,16.00,10.35,0,0,0,359.25
2025-11-26,TMPV,2026-02-24,440.00,CE,0.00,0.00,0.00,3.90,2.65,0,0,0,359.25
2025-11-26,TMPV,2025-12-30,340.00,PE,4.35,4.35,3.00,3.30,3.30,2766400,302400,4384,359.25
2025-11-26,TMPV,2025-12-30,490.00,PE,130.35,130.35,126.50,127.30,127.30,6400,800,13,359.25
2025-11-26,TMPV,2026-01-27,320.00,PE,3.35,3.55,3.05,3.35,3.15,12000,12000,20,359.25
2025-11-26,TMPV,2026-01-27,460.00,PE,97.25,97.25,94.05,94.05,96.75,7200,7200,9,359.25
2025-11-26,TMPV,2026-02-24,240.00,PE,0.00,0.00,0.00,0.20,0.05,0,0,0,359.25
2025-11-26,TMPV,2026-02-24,400.00,PE,0.00,0.00,0.00,51.70,43.75,0,0,0,359.25
2025-11-26,TMPV,2026-01-27,240.00,PE,0.00,0.00,0.00,0.05,0.05,0,0,0,359.25
2025-11-26,TMPV,2026-01-27,390.00,CE,6.30,7.10,6.30,7.00,7.00,1600,1600,3,359.25
2025-11-26,TMPV,2026-01-27,300.00,CE,63.60,63.60,63.60,63.60,63.15,800,800,1,359.25
2025-11-26,TMPV,2025-12-30,490.00,CE,0.15,0.15,0.15,0.15,0.05,23200,0,1,359.25
2025-11-26,TMPV,2025-12-30,470.00,CE,0.25,0.25,0.20,0.20,0.20,40800,-31200,46,359.25
2025-11-26,TMPV,2025-12-30,460.00,CE,0.30,0.30,0.20,0.25,0.25,260800,11200,64,359.25
2025-11-26,TMPV,2025-12-30,410.00,CE,1.10,1.50,1.00,1.20,1.20,2437600,603200,3999,359.25
2025-11-26,TMPV,2025-12-30,390.00,CE,2.60,3.70,2.50,2.90,2.90,3880800,16000,5320,359.25
2025-11-26,TMPV,2026-01-27,290.00,PE,0.00,0.00,0.00,1.60,0.50,0,0,0,359.25
2025-11-26,TMPV,2026-01-27,520.00,PE,0.00,0.00,0.00,104.70,155.70,0,0,0,359.25
2025-11-26,TMPV,2026-01-27,410.00,PE,0.00,0.00,0.00,58.05,50.50,0,0,0,359.25
2025-11-26,TMPV,2026-01-27,390.00,PE,0.00,0.00,0.00,42.05,34.55,0,0,0,359.25
2025-11-26,TMPV,2026-01-27,310.00,PE,0.00,0.00,0.00,4.30,1.80,0,0,0,359.25
2025-11-26,TMPV,2025-12-30,370.00,PE,18.10,18.15,13.90,15.40,15.40,2480800,52000,1691,359.25
2025-11-26,TMPV,2026-01-27,370.00,CE,0.00,0.00,0.00,14.55,14.10,0,0,0,359.25
2025-11-26,TMPV,2026-01-27,280.00,CE,0.00,0.00,0.00,136.00,82.20,0,0,0,359.25
2025-11-26,TMPV,2025-12-30,430.00,CE,0.65,0.70,0.45,0.55,0.55,1344800,528800,1401,359.25
2025-11-26,TMPV,2025-12-30,350.00,CE,15.20,20.55,14.90,17.70,17.70,2164800,-441600,5430,359.25
2025-11-26,TMPV,2026-01-27,440.00,PE,0.00,0.00,0.00,41.65,77.60,0,0,0,359.25
2025-11-26,TMPV,2026-01-27,500.00,CE,0.00,0.00,0.00,0.45,0.05,800,0,0,359.25
2025-11-26,TMPV,2026-02-24,480.00,CE,0.00,0.00,0.00,1.35,0.65,0,0,0,359.25
2025-11-26,TMPV,2025-12-30,440.00,PE,0.00,0.00,0.00,84.40,78.55,62400,0,0,359.25
2025-11-26,TMPV,2026-02-24,420.00,PE,0.00,0.00,0.00,67.60,59.70,0,0,0,359.25
2025-11-26,TMPV,2026-02-24,440.00,PE,0.00,0.00,0.00,84.80,77.20,0,0,0,359.25
2025-11-26,TMPV,2026-02-24,480.00,PE,0.00,0.00,0.00,121.65,114.65,0,0,0,359.25
2025-11-26,TMPV,2025-12-30,450.00,CE,0.35,0.40,0.25,0.30,0.30,1096800,76000,535,359.25
2025-11-26,TMPV,2026-01-27,360.00,PE,18.00,18.00,13.45,14.40,14.40,84000,16800,60,359.25
2025-11-27,TMPV,2026-01-27,430.00,CE,0.00,0.00,0.00,2.55,1.50,0,0,0,357.80
2025-11-27,TMPV,2026-02-24,300.00,CE,0.00,0.00,0.00,61.50,64.05,0,0,0,357.80
2025-11-27,TMPV,2026-02-24,340.00,CE,0.00,0.00,0.00,33.60,33.20,0,0,0,357.80
2025-11-27,TMPV,2025-12-30,290.00,PE,0.25,0.25,0.20,0.20,0.20,3200,3200,8,357.80
2025-11-27,TMPV,2025-12-30,310.00,PE,0.35,0.60,0.35,0.40,0.40,1853600,744800,1205,357.80
2025-11-27,TMPV,2025-12-30,420.00,PE,60.00,60.00,57.90,59.05,59.05,293600,6400,16,357.80
2025-11-27,TMPV,2026-01-27,330.00,PE,4.70,4.70,4.25,4.40,4.40,27200,22400,45,357.80
2025-11-27,TMPV,2026-01-27,430.00,PE,0.00,0.00,0.00,75.60,69.60,0,0,0,357.80
2025-11-27,TMPV,2026-02-24,360.00,PE,0.00,0.00,0.00,25.55,19.10,0,0,0,357.80
2025-11-27,TMPV,2025-12-30,440.00,CE,0.40,0.40,0.25,0.30,0.30,2459200,196800,2983,357.80
2025-11-27,TMPV,2025-12-30,480.00,PE,0.00,0.00,0.00,120.70,119.70,21600,0,0,357.80
2025-11-27,TMPV,2025-12-30,360.00,PE,9.00,11.40,8.50,10.30,10.30,4548000,250400,3542,357.80
2025-11-27,TMPV,2025-12-30,330.00,PE,1.85,2.20,1.45,1.75,1.75,2080800,92800,1576,357.80
2025-11-27,TMPV,2025-12-30,300.00,PE,0.35,0.40,0.30,0.35,0.35,1107200,28800,420,357.80
2025-11-27,TMPV,2025-12-30,280.00,PE,0.00,0.00,0.00,0.05,0.05,0,0,0,357.80
2025-11-27,TMPV,2026-01-27,460.00,CE,1.70,1.70,0.80,0.80,0.40,72800,10400,58,357.80
2025-11-27,TMPV,2026-01-27,420.00,CE,2.40,2.70,2.25,2.30,2.30,190400,26400,96,357.80
2025-11-27,TMPV,2025-12-30,340.00,CE,25.90,27.30,23.20,23.80,23.80,902400,139200,484,357.80
2025-11-27,TMPV,2025-12-30,300.00,CE,64.85,65.00,60.00,60.70,60.70,90400,19200,59,357.80
2025-11-27,TMPV,2026-01-27,420.00,PE,57.00,57.00,57.00,57.00,60.45,800,800,1,357.80
2025-11-27,TMPV,2026-01-27,260.00,PE,0.00,0.00,0.00,0.10,0.05,0,0,0,357.80
2025-11-27,TMPV,2026-01-27,520.00,CE,0.00,0.00,0.00,0.30,0.05,800,0,0,357.80
2025-11-27,TMPV,2026-01-27,360.00,CE,18.40,19.60,17.00,17.20,17.20,76000,9600,94,357.80
2025-11-27,TMPV,2026-01-27,440.00,CE,1.40,1.50,1.25,1.30,1.30,90400,36000,83,357.80
2025-11-27,TMPV,2026-01-27,500.00,PE,136.00,136.00,136.00,136.00,136.00,5600,2400,3,357.80
2025-11-27,TMPV,2026-01-27,280.00,PE,0.00,0.00,0.00,0.25,0.20,0,0,0,357.80
2025-11-27,TMPV,2025-12-30,350.00,PE,5.95,6.90,4.90,6.00,6.00,3660000,123200,3189,357.80
2025-11-27,TMPV,2025-12-30,320.00,PE,0.85,1.15,0.80,0.80,0.80,2106400,104000,1188,357.80
2025-11-27,TMPV,2025-12-30,470.00,PE,0.00,0.00,0.00,114.00,109.75,48000,0,0,357.80
2025-11-27,TMPV,2025-12-30,450.00,PE,88.00,90.00,88.00,89.00,89.95,212800,16000,24,357.80
2025-11-27,TMPV,2025-12-30,430.00,PE,69.50,69.50,68.50,69.10,70.25,99200,3200,4,357.80
2025-11-27,TMPV,2026-01-27,360.00,PE,13.20,15.30,13.20,14.35,14.35,121600,37600,73,357.80
2025-11-27,TMPV,2025-12-30,390.00,CE,2.90,3.30,2.50,2.65,2.65,3909600,28800,2851,357.80
2025-11-27,TMPV,2026-01-27,310.00,CE,0.00,0.00,0.00,49.95,52.65,0,0,0,357.80
2025-11-27,TMPV,2025-12-30,490.00,CE,0.10,0.10,0.10,0.10,0.10,23200,0,6,357.80
2025-11-27,TMPV,2026-01-27,290.00,PE,0.00,0.00,0.00,1.60,0.50,0,0,0,357.80
2025-11-27,TMPV,2025-12-30,470.00,CE,0.15,0.15,0.15,0.15,0.15,30400,-10400,29,357.80
2025-11-27,TMPV,2026-02-24,280.00,PE,0.00,0.00,0.00,1.95,0.65,0,0,0,357.80
2025-11-27,TMPV,2025-12-30,460.00,CE,0.25,0.25,0.20,0.20,0.20,252800,-8000,129,357.80
2025-11-27,TMPV,2025-12-30,410.00,CE,1.30,1.35,1.00,1.05,1.05,2600000,162400,1817,357.80
2025-11-27,TMPV,2025-12-30,460.00,PE,0.00,0.00,0.00,98.10,99.85,53600,0,0,357.80
2025-11-27,TMPV,2026-02-24,320.00,CE,0.00,0.00,0.00,46.35,47.40,0,0,0,357.80
2025-11-27,TMPV,2026-01-27,300.00,PE,1.50,1.50,1.20,1.20,1.00,13600,5600,18,357.80
2025-11-27,TMPV,2025-12-30,450.00,CE,0.35,0.35,0.20,0.25,0.25,1132000,35200,1269,357.80
2025-11-27,TMPV,2026-01-27,260.00,CE,0.00,0.00,0.00,155.50,100.30,0,0,0,357.80
2025-11-27,TMPV,2026-01-27,290.00,CE,0.00,0.00,0.00,67.10,71.05,0,0,0,357.80
2025-11-27,TMPV,2026-01-27,390.00,PE,0.00,0.00,0.00,42.05,35.45,0,0,0,357.80
2025-11-27,TMPV,2026-01-27,310.00,PE,0.00,0.00,0.00,4.30,1.85,0,0,0,357.80
2025-11-27,TMPV,2025-12-30,370.00,PE,15.00,17.45,13.65,16.25,16.25,2557600,76800,921,357.80
2025-11-27,TMPV,2026-01-27,370.00,CE,13.30,14.55,12.70,12.70,12.70,6400,6400,8,357.80
2025-11-27,TMPV,2026-01-27,280.00,CE,0.00,0.00,0.00,136.00,80.70,0,0,0,357.80
2025-11-27,TMPV,2025-12-30,430.00,CE,0.60,0.60,0.35,0.40,0.40,2278400,933600,3061,357.80
2025-11-27,TMPV,2025-12-30,350.00,CE,19.45,19.85,16.00,16.70,16.70,2085600,-79200,2628,357.80
2025-11-27,TMPV,2026-01-27,440.00,PE,0.00,0.00,0.00,41.65,78.95,0,0,0,357.80
2025-11-27,TMPV,2026-01-27,410.00,PE,0.00,0.00,0.00,58.05,51.65,0,0,0,357.80
2025-11-27,TMPV,2025-12-30,330.00,CE,32.45,35.70,31.40,32.20,32.10,354400,9600,34,357.80
2025-11-27,TMPV,2025-12-30,320.00,CE,44.85,44.85,40.95,40.95,40.95,354400,4800,17,357.80
2025-11-27,TMPV,2026-01-27,340.00,PE,6.60,7.30,6.30,6.70,6.70,65600,1600,32,357.80
2025-11-27,TMPV,2026-02-24,380.00,PE,0.00,0.00,0.00,37.55,30.60,0,0,0,357.80
2025-11-27,TMPV,2026-01-27,400.00,PE,39.60,42.00,39.60,41.10,43.30,39200,3200,16,357.80
2025-11-27,TMPV,2026-01-27,350.00,PE,10.00,10.00,10.00,10.00,11.80,800,800,1,357.80
2025-11-27,TMPV,2026-02-24,420.00,CE,0.00,0.00,0.00,6.40,4.50,0,0,0,357.80
2025-11-27,TMPV,2026-01-27,400.00,CE,5.25,5.40,4.50,4.60,4.60,744800,52000,199,357.80
2025-11-27,TMPV,2026-01-27,320.00,CE,45.80,45.80,45.80,45.80,45.80,2400,2400,3,357.80
2025-11-27,TMPV,2025-12-30,480.00,CE,0.15,0.15,0.10,0.15,0.05,353600,45600,110,357.80
2025-11-27,TMPV,2025-12-30,380.00,CE,4.95,5.40,4.05,4.30,4.30,6125600,518400,4928,357.80
2025-11-27,TMPV,2026-01-27,380.00,PE,24.80,27.00,24.80,27.00,28.30,75200,0,4,357.80
2025-11-27,TMPV,2026-02-24,400.00,CE,0.00,0.00,0.00,10.20,8.05,0,0,0,357.80
2025-11-27,TMPV,2025-12-30,290.00,CE,0.00,0.00,0.00,67.80,69.35,800,0,0,357.80
2025-11-27,TMPV,2025-12-30,390.00,PE,28.60,33.20,28.60,32.15,32.15,708800,62400,127,357.80
2025-11-27,TMPV,2025-12-30,400.00,PE,37.50,42.00,37.50,40.95,40.95,1472000,20800,82,357.80
2025-11-27,TMPV,2025-12-30,410.00,PE,46.50,51.35,46.50,50.60,50.60,318400,4000,22,357.80
2025-11-27,TMPV,2025-12-30,500.00,PE,135.60,137.70,135.60,137.70,137.70,772000,0,7,357.80
2025-11-27,TMPV,2025-12-30,520.00,PE,0.00,0.00,0.00,162.00,159.50,64800,0,0,357.80
2025-11-27,TMPV,2026-01-27,370.00,PE,20.45,20.45,20.45,20.45,21.90,800,0,1,357.80
2025-11-27,TMPV,2026-01-27,330.00,CE,0.00,0.00,0.00,35.15,36.25,0,0,0,357.80
2025-11-27,TMPV,2025-12-30,520.00,CE,0.00,0.00,0.00,0.10,0.05,56000,0,0,357.80
2025-11-27,TMPV,2026-02-24,300.00,PE,0.00,0.00,0.00,4.55,2.05,0,0,0,357.80
2025-11-27,TMPV,2025-12-30,260.00,CE,0.00,0.00,0.00,404.15,99.15,0,0,0,357.80
2025-11-27,TMPV,2025-12-30,360.00,CE,11.55,13.45,10.50,10.90,10.90,5309600,544800,6935,357.80
2025-11-27,TMPV,2026-02-24,320.00,PE,0.00,0.00,0.00,9.10,5.10,0,0,0,357.80
2025-11-27,TMPV,2025-12-30,500.00,CE,0.10,0.10,0.10,0.10,0.10,235200,23200,50,357.80
2025-11-27,TMPV,2025-12-30,380.00,PE,21.00,24.75,20.45,23.60,23.60,1564800,52000,290,357.80
2025-11-27,TMPV,2025-12-30,260.00,PE,0.00,0.00,0.00,0.05,0.05,0,0,0,357.80
2025-11-27,TMPV,2026-02-24,380.00,CE,0.00,0.00,0.00,15.70,13.65,0,0,0,357.80
2025-11-27,TMPV,2026-02-24,360.00,CE,0.00,0.00,0.00,23.40,21.95,0,0,0,357.80
2025-11-27,TMPV,2026-01-27,480.00,CE,0.00,0.00,0.00,0.65,0.15,1600,0,0,357.80
2025-11-27,TMPV,2026-01-27,390.00,CE,6.20,7.55,6.20,6.80,7.00,4000,2400,8,357.80
2025-11-27,TMPV,2026-01-27,350.00,CE,0.00,0.00,0.00,23.35,22.95,0,0,0,357.80
2025-11-27,TMPV,2026-01-27,300.00,CE,0.00,0.00,0.00,63.60,61.65,800,0,0,357.80
2025-11-27,TMPV,2025-12-30,420.00,CE,0.80,0.85,0.65,0.70,0.70,2220800,-64800,2187,357.80
2025-11-27,TMPV,2025-12-30,310.00,CE,54.00,54.45,50.50,52.35,49.95,206400,9600,26,357.80
2025-11-27,TMPV,2025-12-30,280.00,CE,0.00,0.00,0.00,384.40,79.25,0,0,0,357.80
2025-11-27,TMPV,2026-02-24,400.00,PE,32.05,32.05,32.05,32.05,44.70,800,800,1,357.80
2025-11-27,TMPV,2026-02-24,340.00,PE,9.95,9.95,9.95,9.95,10.65,800,800,1,357.80
2025-11-27,TMPV,2025-12-30,340.00,PE,2.95,3.95,2.70,3.35,3.35,2992000,225600,1985,357.80
2025-11-27,TMPV,2026-02-24,280.00,CE,0.00,0.00,0.00,78.60,82.35,0,0,0,357.80
2025-11-27,TMPV,2026-02-24,440.00,CE,0.00,0.00,0.00,3.90,2.40,0,0,0,357.80
2025-11-27,TMPV,2026-02-24,240.00,PE,0.00,0.00,0.00,0.20,0.05,0,0,0,357.80
2025-11-27,TMPV,2025-12-30,490.00,PE,126.60,126.80,126.60,126.80,129.65,4800,-1600,2,357.80
2025-11-27,TMPV,2026-01-27,320.00,PE,3.00,3.00,2.70,2.85,2.85,27200,15200,40,357.80
2025-11-27,TMPV,2026-01-27,460.00,PE,94.35,94.75,94.35,94.75,98.20,4800,-2400,6,357.80
2025-11-27,TMPV,2026-02-24,480.00,CE,0.00,0.00,0.00,1.35,0.60,0,0,0,357.80
2025-11-27,TMPV,2025-12-30,440.00,PE,0.00,0.00,0.00,84.40,80.05,62400,0,0,357.80
2025-11-27,TMPV,2026-02-24,420.00,PE,0.00,0.00,0.00,67.60,60.85,0,0,0,357.80
2025-11-27,TMPV,2026-02-24,440.00,PE,0.00,0.00,0.00,84.80,78.45,0,0,0,357.80
2025-11-27,TMPV,2026-02-24,480.00,PE,0.00,0.00,0.00,121.65,116.10,0,0,0,357.80
2025-11-27,TMPV,2026-01-27,500.00,CE,0.00,0.00,0.00,0.45,0.05,800,0,0,357.80
2025-11-27,TMPV,2025-12-30,370.00,CE,8.00,8.70,6.60,6.90,6.90,5809600,553600,8203,357.80
2025-11-27,TMPV,2025-12-30,400.00,CE,1.85,2.15,1.60,1.75,1.75,8700000,606400,5706,357.80
2025-11-27,TMPV,2026-01-27,380.00,CE,10.10,10.70,8.90,9.10,9.10,340800,35200,165,357.80
2025-11-27,TMPV,2026-02-24,240.00,CE,0.00,0.00,0.00,116.25,121.15,0,0,0,357.80
2025-11-27,TMPV,2026-01-27,340.00,CE,0.00,0.00,0.00,80.45,29.15,0,0,0,357.80
2025-11-27,TMPV,2026-01-27,410.00,CE,3.55,3.55,3.25,3.30,3.30,11200,8800,19,357.80
2025-11-28,TMPV,2025-12-30,290.00,CE,0.00,0.00,0.00,67.80,68.30,800,0,0,356.80
2025-11-28,TMPV,2025-12-30,520.00,PE,0.00,0.00,0.00,162.00,160.60,64800,0,0,356.80
2025-11-28,TMPV,2026-02-24,400.00,CE,8.00,9.20,8.00,8.05,7.65,2400,2400,5,356.80
2025-11-28,TMPV,2025-12-30,400.00,PE,39.35,43.10,39.05,41.55,41.55,1520000,48000,107,356.80
2025-11-28,TMPV,2025-12-30,390.00,PE,30.45,34.00,30.45,32.70,32.70,732800,24000,90,356.80
2025-11-28,TMPV,2026-01-27,380.00,PE,26.50,26.75,26.50,26.50,28.80,75200,0,32,356.80
2025-11-28,TMPV,2025-12-30,470.00,PE,0.00,0.00,0.00,114.00,110.85,48000,0,0,356.80
2025-11-28,TMPV,2026-01-27,300.00,PE,1.40,1.40,1.15,1.30,1.00,17600,4000,14,356.80
2025-11-28,TMPV,2025-12-30,430.00,PE,0.00,0.00,0.00,69.10,71.25,99200,0,0,356.80
2025-11-28,TMPV,2026-01-27,290.00,CE,0.00,0.00,0.00,67.10,70.00,0,0,0,356.80
2025-11-28,TMPV,2026-01-27,360.00,PE,14.70,15.35,14.55,14.55,16.70,124800,3200,15,356.80
2025-11-28,TMPV,2026-01-27,260.00,CE,0.00,0.00,0.00,155.50,99.30,0,0,0,356.80
2025-11-28,TMPV,2025-12-30,450.00,CE,0.20,0.25,0.15,0.20,0.20,993600,-138400,882,356.80
2025-11-28,TMPV,2025-12-30,450.00,PE,87.05,90.20,87.00,90.20,91.00,219200,6400,8,356.80
2025-11-28,TMPV,2026-01-27,320.00,PE,2.90,3.15,2.80,2.85,2.85,29600,2400,23,356.80
2025-11-28,TMPV,2025-12-30,490.00,PE,0.00,0.00,0.00,126.80,130.75,4800,0,0,356.80
2025-11-28,TMPV,2025-12-30,340.00,PE,3.30,3.80,3.00,3.40,3.40,3168000,176000,1895,356.80
2025-11-28,TMPV,2025-12-30,280.00,CE,0.00,0.00,0.00,384.40,78.20,0,0,0,356.80
2025-11-28,TMPV,2026-01-27,300.00,CE,63.00,63.00,63.00,63.00,60.65,800,0,1,356.80
2025-11-28,TMPV,2026-02-24,340.00,PE,9.95,9.95,9.95,9.95,10.80,1600,800,1,356.80
2025-11-28,TMPV,2026-02-24,400.00,PE,0.00,0.00,0.00,32.05,45.35,800,0,0,356.80
2025-11-28,TMPV,2025-12-30,310.00,CE,52.30,52.30,49.10,49.70,48.90,208800,2400,11,356.80
2025-11-28,TMPV,2026-02-24,440.00,CE,2.60,3.00,2.60,3.00,2.20,3200,3200,4,356.80
2025-11-28,TMPV,2026-02-24,280.00,CE,0.00,0.00,0.00,78.60,81.30,0,0,0,356.80
2025-11-28,TMPV,2026-01-27,480.00,CE,0.00,0.00,0.00,0.65,0.10,1600,0,0,356.80
2025-11-28,TMPV,2026-01-27,390.00,CE,6.10,6.15,6.00,6.05,6.05,5600,1600,7,356.80
2025-11-28,TMPV,2026-01-27,350.00,CE,0.00,0.00,0.00,23.35,22.10,0,0,0,356.80
2025-11-28,TMPV,2026-01-27,460.00,PE,98.25,98.25,96.45,96.45,99.20,4800,0,4,356.80
2025-11-28,TMPV,2026-02-24,240.00,PE,0.00,0.00,0.00,0.20,0.05,0,0,0,356.80
2025-11-28,TMPV,2025-12-30,420.00,CE,0.70,0.70,0.50,0.55,0.55,2536800,316000,2415,356.80
2025-11-28,TMPV,2025-12-30,300.00,CE,60.70,60.70,58.60,59.20,58.50,96800,6400,23,356.80
2025-11-28,TMPV,2026-01-27,420.00,PE,57.35,59.50,57.35,59.50,61.30,4800,4000,5,356.80
2025-11-28,TMPV,2026-01-27,260.00,PE,0.00,0.00,0.00,0.10,0.05,0,0,0,356.80
2025-11-28,TMPV,2025-12-30,480.00,PE,0.00,0.00,0.00,120.70,120.80,21600,0,0,356.80
2025-11-28,TMPV,2025-12-30,360.00,PE,9.90,11.75,9.45,10.65,10.65,4759200,211200,2681,356.80
2025-11-28,TMPV,2025-12-30,330.00,PE,1.85,2.00,1.60,1.75,1.75,2246400,165600,2170,356.80
2025-11-28,TMPV,2025-12-30,300.00,PE,0.35,0.35,0.25,0.30,0.30,1173600,66400,381,356.80
2025-11-28,TMPV,2025-12-30,280.00,PE,0.00,0.00,0.00,0.05,0.05,0,0,0,356.80
2025-11-28,TMPV,2026-01-27,460.00,CE,0.80,0.80,0.65,0.75,0.35,72800,0,7,356.80
2025-11-28,TMPV,2026-01-27,420.00,CE,2.25,2.40,2.05,2.15,2.15,269600,79200,161,356.80
2025-11-28,TMPV,2025-12-30,340.00,CE,23.80,25.20,21.60,22.90,22.90,936800,34400,352,356.80
2025-11-28,TMPV,2025-12-30,360.00,CE,10.85,11.90,9.55,10.35,10.35,5899200,589600,8020,356.80
2025-11-28,TMPV,2025-12-30,520.00,CE,0.05,0.10,0.05,0.05,0.05,54400,-1600,11,356.80
2025-11-28,TMPV,2026-01-27,330.00,CE,0.00,0.00,0.00,35.15,35.30,0,0,0,356.80
2025-11-28,TMPV,2026-02-24,360.00,CE,0.00,0.00,0.00,23.40,21.20,0,0,0,356.80
2025-11-28,TMPV,2026-02-24,380.00,CE,0.00,0.00,0.00,15.70,13.10,0,0,0,356.80
2025-11-28,TMPV,2025-12-30,260.00,PE,0.00,0.00,0.00,0.05,0.05,0,0,0,356.80
2025-11-28,TMPV,2025-12-30,380.00,PE,22.30,25.80,22.05,24.20,24.20,1631200,66400,278,356.80
2025-11-28,TMPV,2026-02-24,300.00,PE,0.00,0.00,0.00,4.55,2.05,0,0,0,356.80
2025-11-28,TMPV,2026-02-24,320.00,PE,0.00,0.00,0.00,9.10,5.20,0,0,0,356.80
2025-11-28,TMPV,2025-12-30,500.00,CE,0.10,0.15,0.10,0.10,0.05,260000,24800,39,356.80
2025-11-28,TMPV,2025-12-30,260.00,CE,0.00,0.00,0.00,404.15,98.10,0,0,0,356.80
2025-11-28,TMPV,2026-01-27,440.00,PE,0.00,0.00,0.00,41.65,79.90,0,0,0,356.80
2025-11-28,TMPV,2025-12-30,350.00,CE,16.50,17.80,14.70,15.85,15.85,2187200,101600,2547,356.80
2025-11-28,TMPV,2025-12-30,430.00,CE,0.40,0.40,0.25,0.30,0.30,2618400,340000,2085,356.80
2025-11-28,TMPV,2026-01-27,280.00,CE,0.00,0.00,0.00,136.00,79.65,0,0,0,356.80
2025-11-28,TMPV,2026-01-27,370.00,CE,11.20,11.85,11.20,11.50,12.60,6400,0,3,356.80
2025-11-28,TMPV,2025-12-30,370.00,PE,15.70,18.05,15.10,16.85,16.85,2630400,72800,579,356.80
2025-11-28,TMPV,2026-01-27,310.00,PE,0.00,0.00,0.00,4.30,1.90,0,0,0,356.80
2025-11-28,TMPV,2026-01-27,390.00,PE,0.00,0.00,0.00,42.05,36.10,0,0,0,356.80
2025-11-28,TMPV,2026-01-27,410.00,PE,0.00,0.00,0.00,58.05,52.45,0,0,0,356.80
2025-11-28,TMPV,2025-12-30,440.00,PE,81.85,81.85,80.40,80.40,81.10,61600,-800,2,356.80
2025-11-28,TMPV,2026-02-24,480.00,CE,0.00,0.00,0.00,1.35,0.55,0,0,0,356.80
2025-11-28,TMPV,2026-02-24,480.00,PE,0.00,0.00,0.00,121.65,117.10,0,0,0,356.80
2025-11-28,TMPV,2026-02-24,420.00,PE,0.00,0.00,0.00,67.60,61.65,0,0,0,356.80
2025-11-28,TMPV,2026-02-24,440.00,PE,0.00,0.00,0.00,84.80,79.35,0,0,0,356.80
2025-11-28,TMPV,2026-01-27,500.00,CE,0.00,0.00,0.00,0.45,0.05,800,0,0,356.80
2025-11-28,TMPV,2025-12-30,400.00,CE,1.75,1.85,1.30,1.50,1.50,10280000,1580000,7980,356.80
2025-11-28,TMPV,2025-12-30,370.00,CE,7.05,7.55,6.00,6.50,6.50,6160000,350400,5399,356.80
2025-11-28,TMPV,2026-02-24,240.00,CE,0.00,0.00,0.00,116.25,120.15,0,0,0,356.80
2025-11-28,TMPV,2026-01-27,380.00,CE,9.25,9.25,8.00,8.60,8.60,360000,19200,84,356.80
2025-11-28,TMPV,2025-12-30,480.00,CE,0.15,0.15,0.10,0.15,0.15,361600,8000,97,356.80
2025-11-28,TMPV,2025-12-30,380.00,CE,4.50,4.70,3.60,3.95,3.95,6356000,230400,4901,356.80
2025-11-28,TMPV,2025-12-30,330.00,CE,32.20,33.30,30.10,31.25,31.25,366400,12000,81,356.80
2025-11-28,TMPV,2026-02-24,380.00,PE,0.00,0.00,0.00,37.55,31.05,0,0,0,356.80
2025-11-28,TMPV,2025-12-30,320.00,CE,40.25,40.35,39.70,40.35,39.70,355200,800,5,356.80
2025-11-28,TMPV,2026-01-27,340.00,PE,6.55,7.40,6.55,6.90,6.90,70400,4800,21,356.80
2025-11-28,TMPV,2026-01-27,400.00,PE,40.05,43.00,40.05,42.00,44.00,40800,1600,11,356.80
2025-11-28,TMPV,2026-01-27,350.00,PE,10.20,10.50,10.05,10.05,10.05,3200,2400,4,356.80
2025-11-28,TMPV,2026-02-24,420.00,CE,4.50,6.00,4.50,6.00,4.20,4000,4000,6,356.80
2025-11-28,TMPV,2026-01-27,400.00,CE,4.95,4.95,4.20,4.40,4.40,809600,64800,170,356.80
2025-11-28,TMPV,2026-01-27,320.00,CE,46.65,46.65,44.50,44.50,43.10,5600,3200,4,356.80
2025-11-28,TMPV,2026-01-27,330.00,PE,4.30,4.80,4.30,4.50,5.35,44000,16800,29,356.80
2025-11-28,TMPV,2026-01-27,430.00,PE,0.00,0.00,0.00,75.60,70.50,0,0,0,356.80
2025-11-28,TMPV,2026-02-24,360.00,PE,0.00,0.00,0.00,25.55,19.45,0,0,0,356.80
2025-11-28,TMPV,2025-12-30,310.00,PE,0.40,0.45,0.30,0.35,0.35,2310400,456800,877,356.80
2025-11-28,TMPV,2025-12-30,290.00,PE,0.00,0.00,0.00,0.20,0.05,3200,0,0,356.80
2025-11-28,TMPV,2026-02-24,340.00,CE,0.00,0.00,0.00,33.60,32.30,0,0,0,356.80
2025-11-28,TMPV,2026-02-24,300.00,CE,0.00,0.00,0.00,61.50,63.00,0,0,0,356.80
2025-11-28,TMPV,2025-12-30,440.00,CE,0.25,0.30,0.20,0.20,0.20,2619200,160000,1255,356.80
2025-11-28,TMPV,2026-01-27,340.00,CE,29.00,29.00,29.00,29.00,28.25,800,800,1,356.80
2025-11-28,TMPV,2026-01-27,410.00,CE,3.25,3.25,3.00,3.00,3.10,16800,5600,16,356.80
2025-11-28,TMPV,2026-01-27,430.00,CE,0.00,0.00,0.00,2.55,1.35,0,0,0,356.80
2025-11-28,TMPV,2025-12-30,420.00,PE,58.20,61.25,58.20,60.75,61.55,308000,14400,32,356.80
2025-11-28,TMPV,2026-02-24,280.00,PE,0.00,0.00,0.00,1.95,0.65,0,0,0,356.80
2025-11-28,TMPV,2025-12-30,470.00,CE,0.10,0.10,0.10,0.10,0.05,30400,0,2,356.80
2025-11-28,TMPV,2025-12-30,460.00,CE,0.15,0.20,0.15,0.15,0.15,328000,75200,174,356.80
2025-11-28,TMPV,2025-12-30,410.00,CE,1.10,1.15,0.75,0.90,0.90,2952000,352000,3077,356.80
2025-11-28,TMPV,2025-12-30,390.00,CE,2.70,2.85,2.10,2.35,2.35,4207200,297600,4058,356.80
2025-11-28,TMPV,2025-12-30,490.00,CE,0.00,0.00,0.00,0.10,0.05,23200,0,0,356.80
2025-11-28,TMPV,2026-01-27,310.00,CE,0.00,0.00,0.00,49.95,51.60,0,0,0,356.80
2025-11-28,TMPV,2026-02-24,320.00,CE,0.00,0.00,0.00,46.35,46.40,0,0,0,356.80
2025-11-28,TMPV,2025-12-30,460.00,PE,0.00,0.00,0.00,98.10,100.90,53600,0,0,356.80
2025-11-28,TMPV,2026-01-27,290.00,PE,0.00,0.00,0.00,1.60,0.50,0,0,0,356.80
2025-11-28,TMPV,2025-12-30,350.00,PE,5.80,6.95,5.50,6.20,6.20,3712000,52000,2620,356.80
2025-11-28,TMPV,2026-01-27,440.00,CE,1.25,1.30,0.95,1.00,1.00,113600,23200,59,356.80
2025-11-28,TMPV,2026-01-27,520.00,CE,0.00,0.00,0.00,0.30,0.05,800,0,0,356.80
2025-11-28,TMPV,2026-01-27,500.00,PE,136.85,136.85,136.85,136.85,138.55,5600,0,3,356.80
2025-11-28,TMPV,2026-01-27,280.00,PE,0.00,0.00,0.00,0.25,0.20,0,0,0,356.80
2025-11-28,TMPV,2025-12-30,320.00,PE,0.80,0.95,0.75,0.80,0.80,2135200,28800,1452,356.80
2025-11-28,TMPV,2026-01-27,360.00,CE,17.90,18.00,16.00,16.50,16.50,88800,12800,59,356.80
2025-11-28,TMPV,2026-01-27,370.00,PE,20.45,20.45,20.45,20.45,22.35,1600,800,1,356.80
2025-11-28,TMPV,2025-12-30,500.00,PE,138.95,139.80,138.95,139.75,140.70,772000,0,21,356.80
2025-11-28,TMPV,2025-12-30,410.00,PE,51.00,52.10,49.95,51.30,51.30,312800,-5600,44,356.80
2025-12-01,TMPV,2026-02-24,420.00,CE,6.00,6.00,6.00,6.00,5.20,4800,800,3,363.80
2025-12-01,TMPV,2026-02-24,380.00,PE,0.00,0.00,0.00,37.55,26.75,0,0,0,363.80
2025-12-01,TMPV,2026-01-27,400.00,PE,39.95,39.95,36.85,36.85,38.40,42400,1600,9,363.80
2025-12-01,TMPV,2026-01-27,350.00,PE,9.80,9.80,9.80,9.80,9.25,3200,0,1,363.80
2025-12-01,TMPV,2026-01-27,340.00,PE,5.95,6.35,5.10,5.15,5.15,85600,15200,57,363.80
2025-12-01,TMPV,2026-01-27,400.00,CE,4.80,5.70,4.40,5.25,5.25,820000,10400,291,363.80
2025-12-01,TMPV,2025-12-30,380.00,CE,4.25,5.80,4.00,5.10,5.10,7080800,724800,8833,363.80
2025-12-01,TMPV,2026-01-27,500.00,CE,0.00,0.00,0.00,0.45,0.05,800,0,0,363.80
2025-12-01,TMPV,2026-02-24,480.00,PE,0.00,0.00,0.00,121.65,110.50,0,0,0,363.80
2025-12-01,TMPV,2026-02-24,440.00,PE,0.00,0.00,0.00,84.80,73.15,0,0,0,363.80
2025-12-01,TMPV,2026-02-24,420.00,PE,0.00,0.00,0.00,67.60,55.85,0,0,0,363.80
2025-12-01,TMPV,2025-12-30,440.00,PE,0.00,0.00,0.00,80.40,74.35,61600,0,0,363.80
2025-12-01,TMPV,2026-02-24,480.00,CE,0.00,0.00,0.00,1.35,0.70,0,0,0,363.80
2025-12-01,TMPV,2025-12-30,480.00,PE,0.00,0.00,0.00,120.70,114.00,21600,0,0,363.80
2025-12-01,TMPV,2026-01-27,420.00,CE,2.15,2.65,2.15,2.40,2.40,295200,25600,60,363.80
2025-12-01,TMPV,2026-01-27,460.00,CE,0.75,0.75,0.70,0.75,0.45,88800,16000,20,363.80
2025-12-01,TMPV,2025-12-30,360.00,PE,9.50,9.85,7.25,7.60,7.60,4984800,225600,6475,363.80
2025-12-01,TMPV,2025-12-30,330.00,PE,1.50,1.55,1.05,1.10,1.10,2300800,54400,3515,363.80
2025-12-01,TMPV,2025-12-30,300.00,PE,0.25,0.25,0.20,0.25,0.25,1198400,24800,270,363.80
2025-12-01,TMPV,2025-12-30,280.00,PE,0.00,0.00,0.00,0.05,0.05,0,0,0,363.80
2025-12-01,TMPV,2025-12-30,340.00,CE,24.60,29.20,24.15,27.65,27.65,876000,-60800,393,363.80
2025-12-01,TMPV,2026-01-27,260.00,PE,0.00,0.00,0.00,0.10,0.05,0,0,0,363.80
2025-12-01,TMPV,2026-01-27,420.00,PE,55.50,57.00,55.50,57.00,57.00,4000,-800,3,363.80
2025-12-01,TMPV,2025-12-30,300.00,CE,61.80,66.20,61.80,65.60,65.60,100000,3200,19,363.80
2025-12-01,TMPV,2025-12-30,370.00,PE,15.60,15.90,12.00,12.65,12.65,2862400,232000,2896,363.80
2025-12-01,TMPV,2026-01-27,310.00,PE,0.00,0.00,0.00,4.30,1.20,0,0,0,363.80
2025-12-01,TMPV,2026-01-27,390.00,PE,0.00,0.00,0.00,42.05,30.90,0,0,0,363.80
2025-12-01,TMPV,2026-01-27,410.00,PE,0.00,0.00,0.00,58.05,46.50,0,0,0,363.80
2025-12-01,TMPV,2026-01-27,440.00,PE,0.00,0.00,0.00,41.65,73.40,0,0,0,363.80
2025-12-01,TMPV,2025-12-30,350.00,CE,17.45,21.35,16.50,19.85,19.85,2004800,-182400,2807,363.80
2025-12-01,TMPV,2025-12-30,430.00,CE,0.30,0.45,0.25,0.35,0.35,2953600,335200,1463,363.80
2025-12-01,TMPV,2026-01-27,280.00,CE,0.00,0.00,0.00,136.00,86.40,0,0,0,363.80
2025-12-01,TMPV,2026-01-27,370.00,CE,14.00,15.65,12.95,14.45,14.45,20800,14400,40,363.80
2025-12-01,TMPV,2025-12-30,460.00,PE,97.00,97.00,97.00,97.00,94.15,52800,-800,1,363.80
2025-12-01,TMPV,2026-01-27,310.00,CE,0.00,0.00,0.00,49.95,57.80,0,0,0,363.80
2025-12-01,TMPV,2026-02-24,320.00,CE,0.00,0.00,0.00,46.35,51.95,0,0,0,363.80
2025-12-01,TMPV,2026-02-24,280.00,PE,0.00,0.00,0.00,1.95,0.40,0,0,0,363.80
2025-12-01,TMPV,2025-12-30,390.00,CE,2.65,3.45,2.30,3.00,3.00,4419200,212000,5433,363.80
2025-12-01,TMPV,2025-12-30,490.00,CE,0.10,0.10,0.10,0.10,0.05,23200,0,3,363.80
2025-12-01,TMPV,2025-12-30,470.00,CE,0.15,0.15,0.15,0.15,0.15,37600,7200,28,363.80
2025-12-01,TMPV,2025-12-30,460.00,CE,0.10,0.20,0.10,0.20,0.20,328000,0,33,363.80
2025-12-01,TMPV,2025-12-30,410.00,CE,0.95,1.25,0.85,1.10,1.10,2845600,-106400,3336,363.80
2025-12-01,TMPV,2026-01-27,360.00,PE,13.00,13.60,11.40,11.70,11.70,148800,24000,86,363.80
2025-12-01,TMPV,2025-12-30,320.00,CE,44.95,47.25,42.10,45.00,45.90,353600,-1600,33,363.80
2025-12-01,TMPV,2025-12-30,330.00,CE,33.20,37.75,33.00,36.65,36.65,369600,3200,43,363.80
2025-12-01,TMPV,2025-12-30,410.00,PE,47.95,49.10,44.20,45.30,45.30,320800,8000,19,363.80
2025-12-01,TMPV,2025-12-30,500.00,PE,134.50,136.65,132.50,132.50,133.90,768800,-3200,11,363.80
2025-12-01,TMPV,2025-12-30,520.00,PE,0.00,0.00,0.00,162.00,153.85,64800,0,0,363.80
2025-12-01,TMPV,2026-01-27,370.00,PE,18.95,18.95,18.95,18.95,18.25,1600,0,1,363.80
2025-12-01,TMPV,2026-01-27,380.00,PE,24.60,24.95,22.70,22.75,24.15,77600,2400,14,363.80
2025-12-01,TMPV,2025-12-30,390.00,PE,29.60,31.00,26.00,27.25,27.25,768000,35200,206,363.80
2025-12-01,TMPV,2025-12-30,290.00,CE,0.00,0.00,0.00,67.80,75.15,800,0,0,363.80
2025-12-01,TMPV,2026-02-24,400.00,CE,9.00,9.95,9.00,9.20,9.20,11200,8800,13,363.80
2025-12-01,TMPV,2025-12-30,400.00,PE,38.60,40.10,34.95,35.80,35.80,1523200,3200,212,363.80
2025-12-01,TMPV,2025-12-30,500.00,CE,0.10,0.10,0.10,0.10,0.10,252000,-8000,28,363.80
2025-12-01,TMPV,2025-12-30,360.00,CE,10.35,14.55,9.85,13.20,13.20,5336800,-562400,14940,363.80
2025-12-01,TMPV,2025-12-30,260.00,CE,0.00,0.00,0.00,404.15,105.00,0,0,0,363.80
2025-12-01,TMPV,2025-12-30,260.00,PE,0.00,0.00,0.00,0.05,0.05,0,0,0,363.80
2025-12-01,TMPV,2026-02-24,320.00,PE,0.00,0.00,0.00,9.10,3.90,0,0,0,363.80
2025-12-01,TMPV,2026-02-24,300.00,PE,0.00,0.00,0.00,4.55,1.45,0,0,0,363.80
2025-12-01,TMPV,2025-12-30,380.00,PE,21.00,22.75,18.30,19.30,19.30,1805600,174400,846,363.80
2025-12-01,TMPV,2026-02-24,380.00,CE,0.00,0.00,0.00,15.70,15.60,0,0,0,363.80
2025-12-01,TMPV,2025-12-30,320.00,PE,0.90,0.90,0.50,0.55,0.55,1936800,-198400,3879,363.80
2025-12-01,TMPV,2025-12-30,350.00,PE,5.75,5.85,4.00,4.15,4.15,3808800,96800,5249,363.80
2025-12-01,TMPV,2026-01-27,440.00,CE,1.10,1.25,1.05,1.25,1.25,163200,49600,68,363.80
2025-12-01,TMPV,2026-01-27,290.00,PE,0.00,0.00,0.00,1.60,0.30,0,0,0,363.80
2025-12-01,TMPV,2026-01-27,340.00,CE,33.00,33.00,33.00,33.00,32.95,1600,800,1,363.80
2025-12-01,TMPV,2026-01-27,410.00,CE,3.50,4.00,3.15,3.60,4.00,22400,5600,13,363.80
2025-12-01,TMPV,2026-01-27,430.00,CE,0.00,0.00,0.00,2.55,1.75,0,0,0,363.80
2025-12-01,TMPV,2026-02-24,300.00,CE,0.00,0.00,0.00,61.50,69.25,0,0,0,363.80
2025-12-01,TMPV,2026-02-24,340.00,CE,0.00,0.00,0.00,33.60,36.95,0,0,0,363.80
2025-12-01,TMPV,2026-02-24,360.00,PE,0.00,0.00,0.00,25.55,16.15,0,0,0,363.80
2025-12-01,TMPV,2026-01-27,430.00,PE,65.80,65.80,65.80,65.80,64.10,800,800,1,363.80
2025-12-01,TMPV,2026-01-27,330.00,PE,2.70,4.00,2.70,3.35,3.35,47200,3200,10,363.80
2025-12-01,TMPV,2025-12-30,420.00,PE,56.10,57.10,54.10,54.45,54.45,316000,8000,16,363.80
2025-12-01,TMPV,2025-12-30,310.00,PE,0.35,0.35,0.25,0.30,0.30,2054400,-256000,717,363.80
2025-12-01,TMPV,2025-12-30,290.00,PE,0.15,0.20,0.10,0.15,0.15,26400,23200,45,363.80
2025-12-01,TMPV,2025-12-30,440.00,CE,0.25,0.30,0.20,0.25,0.25,2528800,-90400,682,363.80
2025-12-01,TMPV,2026-01-27,520.00,CE,0.25,0.30,0.25,0.30,0.05,3200,2400,4,363.80
2025-12-01,TMPV,2026-01-27,360.00,CE,18.05,21.05,17.35,19.75,19.75,89600,800,125,363.80
2025-12-01,TMPV,2026-01-27,500.00,PE,134.25,134.25,133.00,133.00,131.80,9600,4000,5,363.80
2025-12-01,TMPV,2025-12-30,520.00,CE,0.10,0.10,0.10,0.10,0.05,56000,1600,3,363.80
2025-12-01,TMPV,2026-01-27,330.00,CE,0.00,0.00,0.00,35.15,40.55,0,0,0,363.80
2025-12-01,TMPV,2026-02-24,360.00,CE,22.50,23.50,22.50,23.50,24.75,1600,1600,2,363.80
2025-12-01,TMPV,2025-12-30,420.00,CE,0.55,0.75,0.50,0.70,0.70,2472800,-64000,3044,363.80
2025-12-01,TMPV,2025-12-30,280.00,CE,0.00,0.00,0.00,384.40,85.10,0,0,0,363.80
2025-12-01,TMPV,2026-02-24,280.00,CE,0.00,0.00,0.00,78.60,87.95,0,0,0,363.80
2025-12-01,TMPV,2026-01-27,460.00,PE,0.00,0.00,0.00,96.45,92.55,4800,0,0,363.80
2025-12-01,TMPV,2026-02-24,340.00,PE,0.00,0.00,0.00,9.95,8.60,1600,0,0,363.80
2025-12-01,TMPV,2026-02-24,400.00,PE,0.00,0.00,0.00,32.05,40.15,800,0,0,363.80
2025-12-01,TMPV,2026-02-24,240.00,PE,0.00,0.00,0.00,0.20,0.05,0,0,0,363.80
2025-12-01,TMPV,2025-12-30,310.00,CE,52.90,54.70,52.90,54.70,55.45,209600,800,5,363.80
2025-12-01,TMPV,2026-01-27,320.00,PE,2.40,2.60,2.15,2.20,2.20,44800,15200,62,363.80
2025-12-01,TMPV,2025-12-30,490.00,PE,0.00,0.00,0.00,126.80,123.95,4800,0,0,363.80
2025-12-01,TMPV,2025-12-30,340.00,PE,3.20,3.20,2.10,2.20,2.20,3237600,69600,3417,363.80
2025-12-01,TMPV,2026-02-24,440.00,CE,0.00,0.00,0.00,3.00,2.80,3200,0,0,363.80
2025-12-01,TMPV,2026-01-27,480.00,CE,0.00,0.00,0.00,0.65,0.15,1600,0,0,363.80
2025-12-01,TMPV,2026-01-27,390.00,CE,6.90,7.90,6.45,7.50,8.20,12000,6400,24,363.80
2025-12-01,TMPV,2026-01-27,350.00,CE,0.00,0.00,0.00,23.35,26.15,0,0,0,363.80
2025-12-01,TMPV,2026-01-27,300.00,CE,64.75,67.00,64.75,66.40,67.10,11200,10400,14,363.80
2025-12-01,TMPV,2026-01-27,380.00,CE,9.55,11.50,9.10,10.65,10.65,367200,7200,101,363.80
2025-12-01,TMPV,2025-12-30,400.00,CE,1.45,2.15,1.45,1.85,1.85,9813600,-466400,11329,363.80
2025-12-01,TMPV,2025-12-30,370.00,CE,6.95,9.40,6.65,8.40,8.40,6235200,75200,17397,363.80
2025-12-01,TMPV,2026-02-24,240.00,CE,0.00,0.00,0.00,116.25,127.00,0,0,0,363.80
2025-12-01,TMPV,2026-01-27,300.00,PE,1.00,1.15,0.90,1.00,0.60,18400,800,6,363.80
2025-12-01,TMPV,2025-12-30,430.00,PE,0.00,0.00,0.00,69.10,64.55,99200,0,0,363.80
2025-12-01,TMPV,2025-12-30,450.00,CE,0.20,0.20,0.15,0.20,0.20,905600,-88000,356,363.80
2025-12-01,TMPV,2026-01-27,260.00,CE,0.00,0.00,0.00,155.50,106.15,0,0,0,363.80
2025-12-01,TMPV,2026-01-27,290.00,CE,0.00,0.00,0.00,67.10,76.65,0,0,0,363.80
2025-12-01,TMPV,2025-12-30,450.00,PE,87.00,87.00,85.10,87.00,84.20,219200,0,44,363.80
2025-12-01,TMPV,2025-12-30,470.00,PE,0.00,0.00,0.00,114.00,104.05,48000,0,0,363.80
2025-12-01,TMPV,2026-01-27,280.00,PE,0.00,0.00,0.00,0.25,0.10,0,0,0,363.80
2025-12-01,TMPV,2026-01-27,320.00,CE,47.00,51.00,47.00,51.00,48.90,5600,0,2,363.80
2025-12-01,TMPV,2025-12-30,480.00,CE,0.10,0.15,0.10,0.15,0.15,328800,-32800,73,363.80
2025-12-02,TMPV,2026-02-24,420.00,CE,0.00,0.00,0.00,6.00,4.70,4800,0,0,361.75
2025-12-02,TMPV,2025-12-30,330.00,CE,34.85,34.95,33.40,34.40,34.40,372800,3200,15,361.75
2025-12-02,TMPV,2025-12-30,380.00,CE,5.00,5.05,3.85,4.25,4.25,7258400,177600,4312,361.75
2025-12-02,TMPV,2025-12-30,480.00,CE,0.10,0.15,0.10,0.10,0.10,322400,-6400,13,361.75
2025-12-02,TMPV,2026-01-27,320.00,CE,0.00,0.00,0.00,51.00,46.95,5600,0,0,361.75
2025-12-02,TMPV,2026-01-27,400.00,CE,5.05,5.25,4.45,4.75,4.75,818400,-1600,168,361.75
2025-12-02,TMPV,2025-12-30,440.00,PE,0.00,0.00,0.00,80.40,76.40,61600,0,0,361.75
2025-12-02,TMPV,2026-02-24,420.00,PE,0.00,0.00,0.00,67.60,57.45,0,0,0,361.75
2025-12-02,TMPV,2026-02-24,480.00,CE,0.00,0.00,0.00,1.35,0.60,0,0,0,361.75
2025-12-02,TMPV,2026-02-24,440.00,PE,0.00,0.00,0.00,84.80,74.95,0,0,0,361.75
2025-12-02,TMPV,2026-01-27,500.00,CE,0.00,0.00,0.00,0.45,0.05,800,0,0,361.75
2025-12-02,TMPV,2026-02-24,480.00,PE,0.00,0.00,0.00,121.65,112.55,0,0,0,361.75
2025-12-02,TMPV,2026-02-24,300.00,CE,0.00,0.00,0.00,61.50,67.25,0,0,0,361.75
2025-12-02,TMPV,2026-01-27,430.00,CE,0.00,0.00,0.00,2.55,1.50,0,0,0,361.75
2025-12-02,TMPV,2026-01-27,410.00,CE,4.50,4.50,3.05,3.05,3.50,26400,4000,18,361.75
2025-12-02,TMPV,2026-01-27,340.00,CE,31.00,31.00,31.00,31.00,31.20,3200,1600,2,361.75
2025-12-02,TMPV,2025-12-30,440.00,CE,0.25,0.25,0.15,0.25,0.25,2365600,-163200,709,361.75
2025-12-02,TMPV,2026-02-24,360.00,PE,0.00,0.00,0.00,25.55,16.85,0,0,0,361.75
2025-12-02,TMPV,2026-01-27,430.00,PE,0.00,0.00,0.00,65.80,65.95,800,0,0,361.75
2025-12-02,TMPV,2026-01-27,330.00,PE,3.35,3.80,3.35,3.60,4.05,52000,4800,11,361.75
2025-12-02,TMPV,2025-12-30,420.00,PE,56.95,56.95,56.55,56.55,56.55,318400,2400,9,361.75
2025-12-02,TMPV,2025-12-30,310.00,PE,0.30,0.35,0.25,0.30,0.30,2067200,12800,139,361.75
2025-12-02,TMPV,2025-12-30,290.00,PE,0.00,0.00,0.00,0.15,0.05,26400,0,0,361.75
2025-12-02,TMPV,2026-02-24,340.00,CE,0.00,0.00,0.00,33.60,35.25,0,0,0,361.75
2025-12-02,TMPV,2026-02-24,320.00,PE,0.00,0.00,0.00,9.10,4.10,0,0,0,361.75
2025-12-02,TMPV,2025-12-30,500.00,CE,0.10,0.10,0.10,0.10,0.05,260000,8000,11,361.75
2025-12-02,TMPV,2025-12-30,360.00,CE,13.95,13.95,10.80,11.60,11.60,5507200,170400,5835,361.75
2025-12-02,TMPV,2025-12-30,260.00,CE,0.00,0.00,0.00,404.15,102.90,0,0,0,361.75
2025-12-02,TMPV,2026-02-24,360.00,CE,24.00,25.10,24.00,25.10,23.35,4800,3200,5,361.75
2025-12-02,TMPV,2026-01-27,330.00,CE,0.00,0.00,0.00,35.15,38.70,0,0,0,361.75
2025-12-02,TMPV,2025-12-30,520.00,CE,0.00,0.00,0.00,0.10,0.05,56000,0,0,361.75
2025-12-02,TMPV,2026-02-24,380.00,CE,0.00,0.00,0.00,15.70,14.55,0,0,0,361.75
2025-12-02,TMPV,2025-12-30,260.00,PE,0.00,0.00,0.00,0.05,0.05,0,0,0,361.75
2025-12-02,TMPV,2025-12-30,380.00,PE,20.35,22.00,19.65,20.70,20.70,1824000,18400,118,361.75
2025-12-02,TMPV,2026-02-24,300.00,PE,0.00,0.00,0.00,4.55,1.55,0,0,0,361.75
2025-12-02,TMPV,2026-01-27,260.00,CE,0.00,0.00,0.00,155.50,104.05,0,0,0,361.75
2025-12-02,TMPV,2025-12-30,470.00,PE,0.00,0.00,0.00,114.00,106.20,48000,0,0,361.75
2025-12-02,TMPV,2026-01-27,300.00,PE,0.85,1.00,0.85,1.00,0.65,21600,3200,5,361.75
2025-12-02,TMPV,2026-01-27,360.00,PE,12.05,13.10,11.70,12.45,12.45,152800,4000,26,361.75
2025-12-02,TMPV,2025-12-30,450.00,PE,86.80,86.80,86.80,86.80,86.30,218400,-800,1,361.75
2025-12-02,TMPV,2025-12-30,430.00,PE,0.00,0.00,0.00,69.10,66.55,99200,0,0,361.75
2025-12-02,TMPV,2026-01-27,290.00,CE,0.00,0.00,0.00,67.10,74.60,0,0,0,361.75
2025-12-02,TMPV,2025-12-30,450.00,CE,0.20,0.20,0.15,0.20,0.20,1344800,439200,912,361.75
2025-12-02,TMPV,2026-01-27,300.00,CE,67.20,67.20,66.20,66.20,65.05,14400,3200,4,361.75
2025-12-02,TMPV,2026-01-27,350.00,CE,0.00,0.00,0.00,23.35,24.60,0,0,0,361.75
2025-12-02,TMPV,2026-01-27,390.00,CE,6.60,6.80,4.90,6.35,6.35,45600,33600,60,361.75
2025-12-02,TMPV,2026-01-27,480.00,CE,0.00,0.00,0.00,0.65,0.15,1600,0,0,361.75
2025-12-02,TMPV,2026-02-24,280.00,CE,0.00,0.00,0.00,78.60,85.90,0,0,0,361.75
2025-12-02,TMPV,2026-02-24,440.00,CE,0.00,0.00,0.00,3.00,2.45,3200,0,0,361.75
2025-12-02,TMPV,2025-12-30,340.00,PE,2.30,2.75,2.15,2.35,2.35,3301600,64000,1685,361.75
2025-12-02,TMPV,2025-12-30,490.00,PE,0.00,0.00,0.00,126.80,126.10,4800,0,0,361.75
2025-12-02,TMPV,2026-01-27,320.00,PE,2.20,2.30,2.20,2.25,2.40,45600,800,15,361.75
2025-12-02,TMPV,2026-01-27,460.00,PE,0.00,0.00,0.00,96.45,94.55,4800,0,0,361.75
2025-12-02,TMPV,2026-02-24,320.00,CE,0.00,0.00,0.00,46.35,50.10,0,0,0,361.75
2025-12-02,TMPV,2025-12-30,490.00,CE,0.00,0.00,0.00,0.10,0.05,23200,0,0,361.75
2025-12-02,TMPV,2025-12-30,470.00,CE,0.15,0.15,0.15,0.15,0.05,38400,800,7,361.75
2025-12-02,TMPV,2025-12-30,460.00,CE,0.20,0.20,0.20,0.20,0.05,327200,-800,1,361.75
2025-12-02,TMPV,2025-12-30,410.00,CE,1.10,1.10,0.80,0.90,0.90,2849600,4000,2807,361.75
2025-12-02,TMPV,2025-12-30,390.00,CE,3.40,3.40,2.25,2.45,2.45,4420000,800,2648,361.75
2025-12-02,TMPV,2025-12-30,320.00,CE,43.00,44.15,42.80,42.80,43.85,356000,2400,6,361.75
2025-12-02,TMPV,2026-01-27,390.00,PE,0.00,0.00,0.00,42.05,32.20,0,0,0,361.75
2025-12-02,TMPV,2026-01-27,370.00,CE,13.90,14.75,12.55,13.00,14.15,34400,13600,27,361.75
2025-12-02,TMPV,2026-02-24,280.00,PE,0.00,0.00,0.00,1.95,0.45,0,0,0,361.75
2025-12-02,TMPV,2026-01-27,290.00,PE,0.00,0.00,0.00,1.60,0.30,0,0,0,361.75
2025-12-02,TMPV,2026-01-27,310.00,CE,0.00,0.00,0.00,49.95,55.75,0,0,0,361.75
2025-12-02,TMPV,2025-12-30,460.00,PE,97.10,97.20,96.70,96.70,96.25,50400,-2400,3,361.75
2025-12-02,TMPV,2026-01-27,280.00,CE,0.00,0.00,0.00,136.00,84.35,0,0,0,361.75
2025-12-02,TMPV,2026-01-27,440.00,PE,0.00,0.00,0.00,41.65,75.35,0,0,0,361.75
2025-12-02,TMPV,2026-01-27,410.00,PE,0.00,0.00,0.00,58.05,48.15,0,0,0,361.75
2025-12-02,TMPV,2026-01-27,310.00,PE,0.00,0.00,0.00,4.30,1.30,0,0,0,361.75
2025-12-02,TMPV,2025-12-30,370.00,PE,13.05,14.85,12.75,13.65,13.65,2917600,55200,966,361.75
2025-12-02,TMPV,2025-12-30,350.00,CE,19.65,19.65,16.80,17.80,17.80,2001600,-3200,1329,361.75
2025-12-02,TMPV,2025-12-30,430.00,CE,0.35,0.35,0.25,0.35,0.35,2832000,-121600,1432,361.75
2025-12-02,TMPV,2026-02-24,240.00,PE,0.00,0.00,0.00,0.20,0.05,0,0,0,361.75
2025-12-02,TMPV,2026-02-24,340.00,PE,0.00,0.00,0.00,9.95,9.05,1600,0,0,361.75
2025-12-02,TMPV,2025-12-30,280.00,CE,0.00,0.00,0.00,384.40,83.00,0,0,0,361.75
2025-12-02,TMPV,2026-02-24,400.00,PE,0.00,0.00,0.00,32.05,41.50,800,0,0,361.75
2025-12-02,TMPV,2025-12-30,310.00,CE,55.60,55.60,53.90,53.90,53.35,211200,1600,3,361.75
2025-12-02,TMPV,2025-12-30,420.00,CE,0.65,0.65,0.45,0.50,0.50,2758400,285600,1861,361.75
2025-12-02,TMPV,2026-01-27,280.00,PE,0.00,0.00,0.00,0.25,0.10,0,0,0,361.75
2025-12-02,TMPV,2026-01-27,500.00,PE,133.75,133.75,133.75,133.75,133.90,16800,7200,9,361.75
2025-12-02,TMPV,2025-12-30,320.00,PE,0.60,0.65,0.55,0.60,0.60,1941600,4800,405,361.75
2025-12-02,TMPV,2026-01-27,360.00,CE,18.25,19.15,17.50,18.00,18.00,102400,12800,52,361.75
2025-12-02,TMPV,2026-01-27,440.00,CE,1.15,1.20,0.95,1.15,1.15,163200,0,22,361.75
2025-12-02,TMPV,2026-01-27,520.00,CE,0.00,0.00,0.00,0.30,0.05,3200,0,0,361.75
2025-12-02,TMPV,2025-12-30,350.00,PE,4.40,5.15,4.20,4.50,4.50,3823200,14400,2332,361.75
2025-12-02,TMPV,2025-12-30,520.00,PE,0.00,0.00,0.00,162.00,155.95,64800,0,0,361.75
2025-12-02,TMPV,2026-01-27,370.00,PE,0.00,0.00,0.00,18.95,19.15,1600,0,0,361.75
2025-12-02,TMPV,2026-01-27,380.00,PE,23.65,24.00,23.00,23.40,23.40,79200,1600,4,361.75
2025-12-02,TMPV,2025-12-30,410.00,PE,46.00,48.25,45.95,46.90,46.90,330400,9600,21,361.75
2025-12-02,TMPV,2025-12-30,290.00,CE,0.00,0.00,0.00,67.80,73.05,800,0,0,361.75
2025-12-02,TMPV,2026-02-24,400.00,CE,9.00,9.40,8.55,9.40,8.50,13600,2400,4,361.75
2025-12-02,TMPV,2025-12-30,390.00,PE,28.20,30.05,27.65,28.75,28.75,788000,20000,83,361.75
2025-12-02,TMPV,2025-12-30,400.00,PE,37.00,39.00,36.50,37.80,37.80,1513600,-9600,131,361.75
2025-12-02,TMPV,2025-12-30,500.00,PE,134.60,136.45,134.60,136.45,136.05,769600,800,2,361.75
2025-12-02,TMPV,2025-12-30,280.00,PE,0.00,0.00,0.00,0.05,0.05,0,0,0,361.75
2025-12-02,TMPV,2026-01-27,460.00,CE,0.75,0.75,0.70,0.75,0.75,99200,10400,20,361.75
2025-12-02,TMPV,2026-01-27,420.00,CE,2.40,2.40,2.10,2.10,2.30,296800,1600,38,361.75
2025-12-02,TMPV,2025-12-30,340.00,CE,27.95,27.95,24.40,25.50,25.50,883200,7200,155,361.75
2025-12-02,TMPV,2025-12-30,300.00,CE,64.20,64.20,63.65,63.65,63.15,100000,0,2,361.75
2025-12-02,TMPV,2026-01-27,420.00,PE,54.90,54.90,54.90,54.90,56.90,6400,2400,3,361.75
2025-12-02,TMPV,2026-01-27,260.00,PE,0.00,0.00,0.00,0.10,0.05,0,0,0,361.75
2025-12-02,TMPV,2025-12-30,480.00,PE,0.00,0.00,0.00,120.70,116.15,21600,0,0,361.75
2025-12-02,TMPV,2025-12-30,360.00,PE,8.20,9.15,7.60,8.20,8.20,4928800,-56000,3326,361.75
2025-12-02,TMPV,2025-12-30,330.00,PE,1.20,1.35,1.05,1.15,1.15,2267200,-33600,1402,361.75
2025-12-02,TMPV,2025-12-30,300.00,PE,0.25,0.25,0.20,0.25,0.25,1169600,-28800,137,361.75
2025-12-02,TMPV,2026-02-24,240.00,CE,0.00,0.00,0.00,116.25,124.90,0,0,0,361.75
2025-12-02,TMPV,2025-12-30,370.00,CE,8.40,8.80,6.60,7.20,7.20,6385600,150400,8262,361.75
2025-12-02,TMPV,2025-12-30,400.00,CE,1.90,1.90,1.40,1.50,1.50,10476800,663200,6964,361.75
2025-12-02,TMPV,2026-01-27,380.00,CE,10.25,10.30,9.05,9.45,9.45,404800,37600,112,361.75
2025-12-02,TMPV,2026-02-24,380.00,PE,0.00,0.00,0.00,37.55,27.80,0,0,0,361.75
2025-12-02,TMPV,2026-01-27,400.00,PE,0.00,0.00,0.00,36.85,39.85,42400,0,0,361.75
2025-12-02,TMPV,2026-01-27,340.00,PE,5.15,6.00,5.15,5.40,5.40,87200,1600,19,361.75
2025-12-02,TMPV,2026-01-27,350.00,PE,8.05,8.90,8.05,8.15,8.15,13600,10400,17,361.75
2025-12-03,TMPV,2025-12-30,330.00,PE,1.20,1.85,1.15,1.45,1.45,2367200,100000,2056,356.80
2025-12-03,TMPV,2025-12-30,300.00,PE,0.25,0.35,0.20,0.30,0.30,1232000,62400,602,356.80
2025-12-03,TMPV,2025-12-30,280.00,PE,0.15,0.15,0.10,0.10,0.05,0,0,2,356.80
2025-12-03,TMPV,2026-01-27,460.00,CE,0.65,0.65,0.60,0.60,0.25,96800,-2400,6,356.80
2025-12-03,TMPV,2026-01-27,420.00,CE,1.95,2.00,1.70,1.85,1.85,286400,-10400,42,356.80
2025-12-03,TMPV,2025-12-30,310.00,CE,48.05,48.55,47.15,48.55,48.55,212000,800,9,356.80
2025-12-03,TMPV,2025-12-30,420.00,CE,0.45,0.50,0.35,0.45,0.45,2724800,-33600,1510,356.80
2025-12-03,TMPV,2026-01-27,300.00,CE,61.60,61.60,60.25,60.25,60.20,16800,2400,3,356.80
2025-12-03,TMPV,2026-01-27,320.00,PE,2.40,2.80,2.40,2.55,2.55,63200,17600,42,356.80
2025-12-03,TMPV,2026-01-27,380.00,PE,23.00,28.25,23.00,27.45,28.35,91200,12000,16,356.80
2025-12-03,TMPV,2026-02-24,400.00,CE,8.45,8.45,7.55,8.30,8.30,12000,-1600,6,356.80
2025-12-03,TMPV,2025-12-30,390.00,PE,30.40,35.60,30.40,33.10,33.10,797600,9600,81,356.80
2025-12-03,TMPV,2026-02-24,480.00,CE,0.00,0.00,0.00,1.35,0.45,0,0,0,356.80
2025-12-03,TMPV,2026-01-27,370.00,PE,0.00,0.00,0.00,18.95,21.75,1600,0,0,356.80
2025-12-03,TMPV,2025-12-30,520.00,PE,0.00,0.00,0.00,162.00,161.00,64800,0,0,356.80
2025-12-03,TMPV,2025-12-30,500.00,PE,139.25,139.25,139.25,139.25,139.25,770400,800,1,356.80
2025-12-03,TMPV,2025-12-30,410.00,PE,48.95,54.45,48.95,52.25,52.25,340800,10400,58,356.80
2025-12-03,TMPV,2025-12-30,400.00,PE,39.50,44.60,39.10,42.35,42.35,1528000,14400,122,356.80
2025-12-03,TMPV,2026-01-27,430.00,CE,0.00,0.00,0.00,2.55,1.10,0,0,0,356.80
2025-12-03,TMPV,2026-01-27,340.00,CE,26.00,26.00,26.00,26.00,27.40,3200,0,1,356.80
2025-12-03,TMPV,2025-12-30,310.00,PE,0.30,0.45,0.30,0.35,0.35,2136000,68800,611,356.80
2025-12-03,TMPV,2025-12-30,440.00,CE,0.20,0.20,0.15,0.20,0.20,2217600,-148000,316,356.80
2025-12-03,TMPV,2025-12-30,290.00,PE,0.20,0.20,0.15,0.15,0.05,26400,0,5,356.80
2025-12-03,TMPV,2026-02-24,340.00,CE,0.00,0.00,0.00,33.60,31.55,0,0,0,356.80
2025-12-03,TMPV,2026-02-24,300.00,CE,0.00,0.00,0.00,61.50,62.55,0,0,0,356.80
2025-12-03,TMPV,2026-02-24,360.00,PE,0.00,0.00,0.00,25.55,18.95,0,0,0,356.80
2025-12-03,TMPV,2026-01-27,430.00,PE,0.00,0.00,0.00,65.80,70.55,800,0,0,356.80
2025-12-03,TMPV,2026-01-27,330.00,PE,3.75,4.50,3.75,4.25,4.90,56800,4800,21,356.80
2025-12-03,TMPV,2025-12-30,420.00,PE,61.00,64.05,61.00,62.05,62.05,336000,17600,31,356.80
2025-12-03,TMPV,2026-01-27,410.00,CE,2.50,2.80,2.50,2.70,2.70,31200,4800,15,356.80
2025-12-03,TMPV,2025-12-30,450.00,CE,0.20,0.20,0.15,0.20,0.20,1392000,47200,161,356.80
2025-12-03,TMPV,2026-01-27,360.00,PE,13.60,15.30,13.55,14.20,14.20,161600,8800,30,356.80
2025-12-03,TMPV,2026-01-27,300.00,PE,1.10,1.15,0.55,1.05,1.05,28000,6400,40,356.80
2025-12-03,TMPV,2025-12-30,470.00,PE,0.00,0.00,0.00,114.00,111.20,48000,0,0,356.80
2025-12-03,TMPV,2025-12-30,450.00,PE,0.00,0.00,0.00,86.80,91.30,218400,0,0,356.80
2025-12-03,TMPV,2025-12-30,430.00,PE,0.00,0.00,0.00,69.10,71.50,99200,0,0,356.80
2025-12-03,TMPV,2026-01-27,500.00,CE,0.00,0.00,0.00,0.45,0.05,800,0,0,356.80
2025-12-03,TMPV,2026-02-24,420.00,PE,0.00,0.00,0.00,67.60,61.50,0,0,0,356.80
2025-12-03,TMPV,2026-02-24,480.00,PE,0.00,0.00,0.00,121.65,117.40,0,0,0,356.80
2025-12-03,TMPV,2026-02-24,440.00,PE,0.00,0.00,0.00,84.80,79.40,0,0,0,356.80
2025-12-03,TMPV,2025-12-30,440.00,PE,0.00,0.00,0.00,80.40,81.40,61600,0,0,356.80
2025-12-03,TMPV,2025-12-30,390.00,CE,2.45,2.45,1.60,1.75,1.75,4576000,156000,4306,356.80
2025-12-03,TMPV,2025-12-30,460.00,CE,0.10,0.15,0.10,0.15,0.15,324000,-3200,12,356.80
2025-12-03,TMPV,2026-02-24,280.00,PE,0.00,0.00,0.00,1.95,0.55,0,0,0,356.80
2025-12-03,TMPV,2026-01-27,290.00,PE,0.00,0.00,0.00,1.60,0.40,0,0,0,356.80
2025-12-03,TMPV,2025-12-30,460.00,PE,98.50,103.35,98.50,101.45,101.45,58400,8000,12,356.80
2025-12-03,TMPV,2026-02-24,320.00,CE,0.00,0.00,0.00,46.35,45.80,0,0,0,356.80
2025-12-03,TMPV,2026-01-27,310.00,CE,0.00,0.00,0.00,49.95,51.10,0,0,0,356.80
2025-12-03,TMPV,2025-12-30,490.00,CE,0.00,0.00,0.00,0.10,0.05,23200,0,0,356.80
2025-12-03,TMPV,2025-12-30,470.00,CE,0.00,0.00,0.00,0.15,0.05,38400,0,0,356.80
2025-12-03,TMPV,2025-12-30,410.00,CE,0.80,0.80,0.60,0.75,0.75,2950400,100800,3880,356.80
2025-12-03,TMPV,2025-12-30,290.00,CE,0.00,0.00,0.00,67.80,68.05,800,0,0,356.80
2025-12-03,TMPV,2026-01-27,390.00,PE,0.00,0.00,0.00,42.05,35.70,0,0,0,356.80
2025-12-03,TMPV,2026-01-27,310.00,PE,1.65,1.75,1.55,1.60,1.60,13600,13600,30,356.80
2025-12-03,TMPV,2025-12-30,370.00,PE,13.95,19.00,13.95,16.80,16.80,2932800,15200,821,356.80
2025-12-03,TMPV,2026-01-27,370.00,CE,12.00,12.00,10.10,11.00,11.00,68800,34400,54,356.80
2025-12-03,TMPV,2026-01-27,280.00,CE,0.00,0.00,0.00,136.00,79.40,0,0,0,356.80
2025-12-03,TMPV,2025-12-30,430.00,CE,0.25,0.30,0.20,0.30,0.30,2826400,-5600,290,356.80
2025-12-03,TMPV,2025-12-30,350.00,CE,16.50,16.75,12.75,14.20,14.20,2421600,420000,2709,356.80
2025-12-03,TMPV,2026-01-27,410.00,PE,0.00,0.00,0.00,58.05,52.30,0,0,0,356.80
2025-12-03,TMPV,2026-01-27,330.00,CE,0.00,0.00,0.00,35.15,34.55,0,0,0,356.80
2025-12-03,TMPV,2026-02-24,360.00,CE,22.55,22.55,20.70,22.00,22.00,6400,1600,5,356.80
2025-12-03,TMPV,2026-02-24,380.00,CE,13.00,13.00,13.00,13.00,13.00,800,800,1,356.80
2025-12-03,TMPV,2025-12-30,260.00,PE,0.00,0.00,0.00,0.05,0.05,0,0,0,356.80
2025-12-03,TMPV,2025-12-30,380.00,PE,22.00,26.95,21.75,24.65,24.65,1746400,-77600,390,356.80
2025-12-03,TMPV,2026-02-24,300.00,PE,0.00,0.00,0.00,4.55,1.85,0,0,0,356.80
2025-12-03,TMPV,2026-02-24,320.00,PE,0.00,0.00,0.00,9.10,4.85,0,0,0,356.80
2025-12-03,TMPV,2025-12-30,260.00,CE,0.00,0.00,0.00,404.15,97.90,0,0,0,356.80
2025-12-03,TMPV,2025-12-30,360.00,CE,11.60,11.60,7.90,8.80,8.80,6288800,781600,9215,356.80
2025-12-03,TMPV,2025-12-30,500.00,CE,0.10,0.10,0.10,0.10,0.10,270400,10400,15,356.80
2025-12-03,TMPV,2025-12-30,520.00,CE,0.05,0.05,0.05,0.05,0.05,56000,0,2,356.80
2025-12-03,TMPV,2025-12-30,300.00,CE,59.00,60.30,56.30,58.10,58.10,115200,15200,42,356.80
2025-12-03,TMPV,2026-01-27,290.00,CE,0.00,0.00,0.00,67.10,69.70,0,0,0,356.80
2025-12-03,TMPV,2026-01-27,260.00,CE,0.00,0.00,0.00,155.50,99.05,0,0,0,356.80
2025-12-03,TMPV,2025-12-30,320.00,PE,0.65,0.90,0.60,0.70,0.70,1960000,18400,994,356.80
2025-12-03,TMPV,2026-01-27,440.00,CE,0.85,1.00,0.85,0.95,0.95,140800,-22400,76,356.80
2025-12-03,TMPV,2026-01-27,360.00,CE,16.35,17.00,14.15,15.45,15.45,195200,92800,203,356.80
2025-12-03,TMPV,2026-01-27,520.00,CE,0.00,0.00,0.00,0.30,0.05,3200,0,0,356.80
2025-12-03,TMPV,2026-01-27,500.00,PE,137.80,137.80,137.80,137.80,137.80,17600,800,1,356.80
2025-12-03,TMPV,2026-01-27,280.00,PE,0.00,0.00,0.00,0.25,0.15,0,0,0,356.80
2025-12-03,TMPV,2025-12-30,350.00,PE,5.00,7.00,4.80,5.75,5.75,4005600,182400,4137,356.80
2025-12-03,TMPV,2025-12-30,370.00,CE,7.05,7.05,4.65,5.20,5.20,7081600,696000,7668,356.80
2025-12-03,TMPV,2026-01-27,380.00,CE,9.00,9.00,7.20,7.60,7.60,432000,27200,144,356.80
2025-12-03,TMPV,2025-12-30,400.00,CE,1.50,1.50,1.05,1.15,1.15,11340800,864000,9771,356.80
2025-12-03,TMPV,2026-02-24,240.00,CE,0.00,0.00,0.00,116.25,119.95,0,0,0,356.80
2025-12-03,TMPV,2025-12-30,330.00,CE,31.60,31.60,27.60,29.40,29.40,384000,11200,147,356.80
2025-12-03,TMPV,2025-12-30,480.00,CE,0.10,0.10,0.10,0.10,0.05,316800,-5600,7,356.80
2025-12-03,TMPV,2026-01-27,320.00,CE,41.90,41.90,41.90,41.90,42.45,6400,800,1,356.80
2025-12-03,TMPV,2026-01-27,400.00,CE,4.15,4.15,3.50,3.85,3.85,908000,89600,335,356.80
2025-12-03,TMPV,2026-02-24,420.00,CE,0.00,0.00,0.00,6.00,3.80,4800,0,0,356.80
2025-12-03,TMPV,2026-01-27,340.00,PE,6.00,7.10,6.00,6.35,6.35,97600,10400,59,356.80
2025-12-03,TMPV,2026-01-27,350.00,PE,9.00,10.70,9.00,9.75,9.75,50400,36800,78,356.80
2025-12-03,TMPV,2026-01-27,400.00,PE,38.10,43.50,38.05,42.75,42.75,56000,13600,21,356.80
2025-12-03,TMPV,2026-02-24,380.00,PE,0.00,0.00,0.00,37.55,30.65,0,0,0,356.80
2025-12-03,TMPV,2025-12-30,380.00,CE,4.10,4.10,2.70,3.00,3.00,8058400,800000,8672,356.80
2025-12-03,TMPV,2025-12-30,320.00,CE,38.95,39.35,36.65,39.05,39.05,357600,1600,38,356.80
2025-12-03,TMPV,2025-12-30,280.00,CE,0.00,0.00,0.00,384.40,78.00,0,0,0,356.80
2025-12-03,TMPV,2026-01-27,350.00,CE,19.05,20.25,19.05,20.10,21.20,4000,4000,9,356.80
2025-12-03,TMPV,2026-01-27,390.00,CE,5.65,5.65,5.00,5.45,5.45,76000,30400,63,356.80
2025-12-03,TMPV,2026-01-27,440.00,PE,0.00,0.00,0.00,41.65,80.05,0,0,0,356.80
2025-12-03,TMPV,2026-01-27,480.00,CE,0.00,0.00,0.00,0.65,0.10,1600,0,0,356.80
2025-12-03,TMPV,2026-02-24,280.00,CE,0.00,0.00,0.00,78.60,81.00,0,0,0,356.80
2025-12-03,TMPV,2026-02-24,440.00,CE,0.00,0.00,0.00,3.00,1.90,3200,0,0,356.80
2025-12-03,TMPV,2025-12-30,340.00,PE,2.55,3.70,2.40,3.00,3.00,3448800,147200,2513,356.80
2025-12-03,TMPV,2025-12-30,490.00,PE,0.00,0.00,0.00,126.80,131.10,4800,0,0,356.80
2025-12-03,TMPV,2026-02-24,400.00,PE,0.00,0.00,0.00,32.05,45.05,800,0,0,356.80
2025-12-03,TMPV,2026-02-24,340.00,PE,9.95,9.95,9.95,9.95,10.35,2400,800,1,356.80
2025-12-03,TMPV,2026-02-24,240.00,PE,0.00,0.00,0.00,0.20,0.05,0,0,0,356.80
2025-12-03,TMPV,2026-01-27,460.00,PE,96.35,96.35,96.35,96.35,99.45,5600,800,1,356.80
2025-12-03,TMPV,2025-12-30,340.00,CE,24.50,24.50,19.40,21.25,21.25,920800,37600,553,356.80
2025-12-03,TMPV,2026-01-27,420.00,PE,0.00,0.00,0.00,54.90,61.30,6400,0,0,356.80
2025-12-03,TMPV,2026-01-27,260.00,PE,0.00,0.00,0.00,0.10,0.05,0,0,0,356.80
2025-12-03,TMPV,2025-12-30,480.00,PE,0.00,0.00,0.00,120.70,121.15,21600,0,0,356.80
2025-12-03,TMPV,2025-12-30,360.00,PE,8.65,12.20,8.65,10.30,10.30,5078400,149600,4160,356.80
2025-12-04,TMPV,2025-12-30,350.00,PE,6.75,6.75,4.70,5.55,5.55,3994400,-11200,2595,356.45
2025-12-04,TMPV,2025-12-30,390.00,CE,1.65,2.05,1.50,1.75,1.75,4846400,270400,2770,356.45
2025-12-04,TMPV,2025-12-30,400.00,PE,43.40,44.00,39.60,42.15,42.15,1531200,3200,113,356.45
2025-12-04,TMPV,2025-12-30,390.00,PE,33.95,34.70,30.35,32.65,32.65,793600,-4000,60,356.45
2025-12-04,TMPV,2026-02-24,400.00,CE,8.05,8.05,7.85,7.85,6.80,13600,1600,2,356.45
2025-12-04,TMPV,2025-12-30,410.00,PE,52.85,53.00,49.40,51.30,52.35,345600,4800,41,356.45
2025-12-04,TMPV,2025-12-30,500.00,PE,141.00,141.15,141.00,141.15,141.50,770400,0,2,356.45
2025-12-04,TMPV,2025-12-30,520.00,PE,0.00,0.00,0.00,162.00,161.40,64800,0,0,356.45
2025-12-04,TMPV,2025-12-30,290.00,CE,0.00,0.00,0.00,67.80,67.65,800,0,0,356.45
2025-12-04,TMPV,2026-01-27,370.00,PE,0.00,0.00,0.00,18.95,21.80,1600,0,0,356.45
2025-12-04,TMPV,2025-12-30,320.00,PE,0.70,0.80,0.55,0.65,0.65,1986400,26400,811,356.45
2025-12-04,TMPV,2026-01-27,440.00,CE,0.80,1.05,0.80,1.00,1.00,139200,-1600,5,356.45
2025-12-04,TMPV,2025-12-30,480.00,CE,0.10,0.10,0.10,0.10,0.10,316000,-800,1,356.45
2025-12-04,TMPV,2025-12-30,380.00,CE,3.20,3.55,2.60,3.00,3.00,8024800,-33600,4239,356.45
2025-12-04,TMPV,2025-12-30,330.00,CE,29.20,32.20,28.55,30.10,30.10,387200,3200,61,356.45
2025-12-04,TMPV,2025-12-30,320.00,CE,39.10,41.50,38.00,38.00,38.60,355200,-2400,45,356.45
2025-12-04,TMPV,2026-02-24,380.00,PE,0.00,0.00,0.00,37.55,30.75,0,0,0,356.45
2025-12-04,TMPV,2026-01-27,400.00,PE,42.60,43.15,40.00,43.15,43.15,58400,2400,7,356.45
2025-12-04,TMPV,2026-01-27,350.00,PE,9.20,10.00,8.70,10.00,11.35,52800,2400,15,356.45
2025-12-04,TMPV,2026-01-27,340.00,PE,6.80,6.80,5.60,6.20,6.20,102400,4800,16,356.45
2025-12-04,TMPV,2026-02-24,420.00,CE,0.00,0.00,0.00,6.00,3.60,4800,0,0,356.45
2025-12-04,TMPV,2026-01-27,400.00,CE,3.60,4.20,3.50,3.90,3.90,880000,-28000,134,356.45
2025-12-04,TMPV,2026-01-27,320.00,CE,43.30,43.30,43.30,43.30,42.05,8000,1600,2,356.45
2025-12-04,TMPV,2026-01-27,500.00,CE,0.45,0.45,0.45,0.45,0.45,1600,800,1,356.45
2025-12-04,TMPV,2026-02-24,480.00,CE,0.00,0.00,0.00,1.35,0.40,0,0,0,356.45
2025-12-04,TMPV,2025-12-30,440.00,PE,0.00,0.00,0.00,80.40,81.80,61600,0,0,356.45
2025-12-04,TMPV,2026-02-24,420.00,PE,0.00,0.00,0.00,67.60,61.80,0,0,0,356.45
2025-12-04,TMPV,2026-02-24,440.00,PE,0.00,0.00,0.00,84.80,79.70,0,0,0,356.45
2025-12-04,TMPV,2026-02-24,480.00,PE,0.00,0.00,0.00,121.65,117.80,0,0,0,356.45
2025-12-04,TMPV,2026-02-24,240.00,PE,0.00,0.00,0.00,0.20,0.05,0,0,0,356.45
2025-12-04,TMPV,2025-12-30,310.00,CE,50.65,50.65,47.75,47.75,48.05,215200,3200,5,356.45
2025-12-04,TMPV,2025-12-30,280.00,CE,0.00,0.00,0.00,384.40,77.60,0,0,0,356.45
2025-12-04,TMPV,2026-02-24,440.00,CE,0.00,0.00,0.00,3.00,1.80,3200,0,0,356.45
2025-12-04,TMPV,2026-02-24,400.00,PE,0.00,0.00,0.00,32.05,45.20,800,0,0,356.45
2025-12-04,TMPV,2026-01-27,460.00,PE,98.65,98.65,98.65,98.65,99.85,8000,2400,3,356.45
2025-12-04,TMPV,2026-01-27,320.00,PE,2.90,2.90,2.15,2.55,2.85,62400,-800,29,356.45
2025-12-04,TMPV,2025-12-30,490.00,PE,0.00,0.00,0.00,126.80,131.55,4800,0,0,356.45
2025-12-04,TMPV,2025-12-30,340.00,PE,3.20,3.30,2.40,2.80,2.80,3428000,-20800,1620,356.45
2025-12-04,TMPV,2026-02-24,340.00,PE,0.00,0.00,0.00,9.95,10.35,2400,0,0,356.45
2025-12-04,TMPV,2026-02-24,280.00,CE,0.00,0.00,0.00,78.60,80.60,0,0,0,356.45
2025-12-04,TMPV,2026-01-27,480.00,CE,0.00,0.00,0.00,0.65,0.05,1600,0,0,356.45
2025-12-04,TMPV,2026-01-27,390.00,CE,5.45,5.80,5.35,5.40,5.40,80000,4000,10,356.45
2025-12-04,TMPV,2026-01-27,350.00,CE,20.10,20.20,19.75,19.75,20.80,7200,3200,4,356.45
2025-12-04,TMPV,2026-01-27,300.00,CE,59.75,61.75,59.75,61.00,59.80,20800,4000,8,356.45
2025-12-04,TMPV,2025-12-30,420.00,CE,0.45,0.50,0.35,0.45,0.45,2700800,-24000,1229,356.45
2025-12-04,TMPV,2026-01-27,290.00,CE,0.00,0.00,0.00,67.10,69.25,0,0,0,356.45
2025-12-04,TMPV,2025-12-30,430.00,PE,0.00,0.00,0.00,69.10,71.90,99200,0,0,356.45
2025-12-04,TMPV,2025-12-30,450.00,PE,0.00,0.00,0.00,86.80,91.70,218400,0,0,356.45
2025-12-04,TMPV,2025-12-30,470.00,PE,0.00,0.00,0.00,114.00,111.65,48000,0,0,356.45
2025-12-04,TMPV,2026-01-27,300.00,PE,1.10,1.10,0.95,1.00,1.00,26400,-1600,16,356.45
2025-12-04,TMPV,2026-01-27,360.00,PE,13.55,15.00,12.80,14.25,14.25,195200,33600,66,356.45
2025-12-04,TMPV,2025-12-30,450.00,CE,0.15,0.20,0.15,0.15,0.15,1535200,143200,588,356.45
2025-12-04,TMPV,2026-01-27,260.00,CE,0.00,0.00,0.00,155.50,98.65,0,0,0,356.45
2025-12-04,TMPV,2025-12-30,340.00,CE,21.35,23.80,20.10,21.65,21.65,928000,7200,353,356.45
2025-12-04,TMPV,2026-01-27,460.00,CE,0.00,0.00,0.00,0.60,0.20,96800,0,0,356.45
2025-12-04,TMPV,2025-12-30,280.00,PE,0.95,0.95,0.15,0.25,0.05,49600,49600,65,356.45
2025-12-04,TMPV,2025-12-30,300.00,PE,0.30,0.30,0.20,0.25,0.25,1267200,35200,296,356.45
2025-12-04,TMPV,2025-12-30,330.00,PE,1.55,1.70,1.10,1.40,1.40,2434400,67200,1525,356.45
2025-12-04,TMPV,2025-12-30,360.00,PE,10.05,11.25,8.60,10.05,10.05,5368000,289600,2129,356.45
2025-12-04,TMPV,2026-01-27,260.00,PE,0.00,0.00,0.00,0.10,0.05,0,0,0,356.45
2025-12-04,TMPV,2025-12-30,480.00,PE,0.00,0.00,0.00,120.70,121.60,21600,0,0,356.45
2025-12-04,TMPV,2026-01-27,420.00,CE,1.80,2.00,1.80,1.85,1.85,284800,-1600,16,356.45
2025-12-04,TMPV,2026-01-27,420.00,PE,58.10,58.10,58.10,58.10,61.60,7200,800,1,356.45
2025-12-04,TMPV,2025-12-30,370.00,CE,5.30,6.15,4.55,5.25,5.25,7246400,164800,4654,356.45
2025-12-04,TMPV,2026-02-24,240.00,CE,0.00,0.00,0.00,116.25,119.55,0,0,0,356.45
2025-12-04,TMPV,2025-12-30,300.00,CE,57.60,60.00,57.60,58.95,57.75,115200,0,11,356.45
2025-12-04,TMPV,2026-01-27,380.00,PE,0.00,0.00,0.00,27.45,28.45,91200,0,0,356.45
2025-12-04,TMPV,2026-01-27,380.00,CE,7.30,8.60,7.25,7.80,8.10,439200,7200,150,356.45
2025-12-04,TMPV,2025-12-30,400.00,CE,1.10,1.25,1.00,1.10,1.10,11392000,51200,6350,356.45
2025-12-04,TMPV,2026-02-24,340.00,CE,0.00,0.00,0.00,33.60,31.15,0,0,0,356.45
2025-12-04,TMPV,2025-12-30,290.00,PE,0.00,0.00,0.00,0.15,0.05,26400,0,0,356.45
2025-12-04,TMPV,2026-02-24,360.00,PE,0.00,0.00,0.00,25.55,18.95,0,0,0,356.45
2025-12-04,TMPV,2026-01-27,430.00,PE,0.00,0.00,0.00,65.80,70.90,800,0,0,356.45
2025-12-04,TMPV,2026-01-27,330.00,PE,4.00,4.20,3.95,3.95,3.95,72800,16000,22,356.45
2025-12-04,TMPV,2025-12-30,420.00,PE,61.75,62.80,59.00,62.80,62.05,340800,4800,23,356.45
2025-12-04,TMPV,2025-12-30,310.00,PE,0.35,0.40,0.25,0.35,0.35,2095200,-40800,186,356.45
2025-12-04,TMPV,2025-12-30,440.00,CE,0.20,0.25,0.15,0.20,0.20,2136800,-80800,111,356.45
2025-12-04,TMPV,2026-01-27,340.00,CE,0.00,0.00,0.00,26.00,26.95,3200,0,0,356.45
2025-12-04,TMPV,2025-12-30,260.00,CE,97.20,97.20,97.20,97.20,97.50,800,800,1,356.45
2025-12-04,TMPV,2026-01-27,330.00,CE,0.00,0.00,0.00,35.15,34.10,0,0,0,356.45
2025-12-04,TMPV,2026-02-24,360.00,CE,22.00,22.00,22.00,22.00,20.05,7200,800,3,356.45
2025-12-04,TMPV,2026-02-24,380.00,CE,0.00,0.00,0.00,13.00,12.05,800,0,0,356.45
2025-12-04,TMPV,2025-12-30,520.00,CE,0.10,0.10,0.10,0.10,0.10,56000,0,27,356.45
2025-12-04,TMPV,2025-12-30,500.00,CE,0.10,0.15,0.05,0.05,0.05,270400,0,18,356.45
2025-12-04,TMPV,2025-12-30,360.00,CE,8.95,10.30,7.80,8.85,8.85,6600800,312000,6637,356.45
2025-12-04,TMPV,2026-02-24,320.00,PE,0.00,0.00,0.00,9.10,4.80,0,0,0,356.45
2025-12-04,TMPV,2026-02-24,300.00,PE,0.00,0.00,0.00,4.55,1.85,0,0,0,356.45
2025-12-04,TMPV,2025-12-30,380.00,PE,25.30,25.60,21.85,24.05,24.05,1750400,4000,156,356.45
2025-12-04,TMPV,2025-12-30,260.00,PE,0.00,0.00,0.00,0.05,0.05,0,0,0,356.45
2025-12-04,TMPV,2025-12-30,410.00,CE,0.75,0.80,0.60,0.65,0.65,2911200,-39200,3188,356.45
2025-12-04,TMPV,2025-12-30,460.00,CE,0.15,0.15,0.15,0.15,0.05,324000,0,16,356.45
2025-12-04,TMPV,2025-12-30,470.00,CE,0.00,0.00,0.00,0.15,0.05,38400,0,0,356.45
2025-12-04,TMPV,2025-12-30,490.00,CE,0.00,0.00,0.00,0.10,0.05,23200,0,0,356.45
2025-12-04,TMPV,2026-01-27,310.00,CE,51.50,51.50,51.50,51.50,50.65,800,800,1,356.45
2025-12-04,TMPV,2026-02-24,320.00,CE,0.00,0.00,0.00,46.35,45.35,0,0,0,356.45
2025-12-04,TMPV,2026-02-24,280.00,PE,0.00,0.00,0.00,1.95,0.55,0,0,0,356.45
2025-12-04,TMPV,2026-01-27,290.00,PE,0.00,0.00,0.00,1.60,0.35,0,0,0,356.45
2025-12-04,TMPV,2025-12-30,460.00,PE,100.40,100.90,100.00,100.00,101.65,55200,-3200,12,356.45
2025-12-04,TMPV,2026-02-24,300.00,CE,0.00,0.00,0.00,61.50,62.15,0,0,0,356.45
2025-12-04,TMPV,2026-01-27,430.00,CE,0.00,0.00,0.00,2.55,1.00,0,0,0,356.45
2025-12-04,TMPV,2026-01-27,410.00,CE,2.70,2.70,2.70,2.70,2.50,32000,800,1,356.45
2025-12-04,TMPV,2026-01-27,280.00,CE,0.00,0.00,0.00,136.00,78.95,0,0,0,356.45
2025-12-04,TMPV,2026-01-27,370.00,CE,11.00,12.35,9.60,11.30,11.30,72800,4000,23,356.45
2025-12-04,TMPV,2026-01-27,390.00,PE,0.00,0.00,0.00,42.05,35.85,0,0,0,356.45
2025-12-04,TMPV,2025-12-30,370.00,PE,17.50,18.05,14.45,16.35,16.35,2954400,21600,574,356.45
2025-12-04,TMPV,2026-01-27,440.00,PE,0.00,0.00,0.00,41.65,80.45,0,0,0,356.45
2025-12-04,TMPV,2026-01-27,310.00,PE,1.40,1.65,1.40,1.55,1.55,14400,800,13,356.45
2025-12-04,TMPV,2026-01-27,410.00,PE,0.00,0.00,0.00,58.05,52.55,0,0,0,356.45
2025-12-04,TMPV,2025-12-30,430.00,CE,0.20,0.30,0.20,0.30,0.30,2836000,9600,544,356.45
2025-12-04,TMPV,2025-12-30,350.00,CE,14.45,16.40,13.00,14.35,14.35,2559200,137600,2314,356.45
2025-12-04,TMPV,2026-01-27,520.00,CE,0.30,0.30,0.10,0.10,0.05,20000,16800,44,356.45
2025-12-04,TMPV,2026-01-27,500.00,PE,138.05,138.05,138.05,138.05,139.35,20000,2400,3,356.45
2025-12-04,TMPV,2026-01-27,360.00,CE,15.20,16.75,14.30,15.50,15.50,350400,155200,381,356.45
2025-12-04,TMPV,2026-01-27,280.00,PE,0.00,0.00,0.00,0.25,0.15,0,0,0,356.45
2025-12-05,TMPV,2026-01-27,310.00,PE,1.55,1.55,1.55,1.55,1.55,15200,800,2,353.60
2025-12-05,TMPV,2026-01-27,390.00,PE,0.00,0.00,0.00,42.05,38.05,0,0,0,353.60
2025-12-05,TMPV,2026-01-27,410.00,PE,0.00,0.00,0.00,58.05,55.15,0,0,0,353.60
2025-12-05,TMPV,2025-12-30,520.00,PE,0.00,0.00,0.00,162.00,164.45,64800,0,0,353.60
2025-12-05,TMPV,2025-12-30,400.00,CE,1.10,1.10,0.80,0.85,0.85,11948000,556000,9075,353.60
2025-12-05,TMPV,2026-01-27,380.00,CE,7.45,7.55,6.40,6.60,6.60,454400,15200,133,353.60
2025-12-05,TMPV,2026-02-24,240.00,CE,0.00,0.00,0.00,116.25,116.55,0,0,0,353.60
2025-12-05,TMPV,2025-12-30,370.00,CE,4.65,5.25,3.85,3.95,3.95,7815200,568800,6521,353.60
2025-12-05,TMPV,2025-12-30,350.00,PE,6.10,7.35,5.45,6.20,6.20,4425600,431200,3253,353.60
2025-12-05,TMPV,2025-12-30,320.00,PE,0.70,0.80,0.60,0.70,0.70,2156000,169600,1453,353.60
2025-12-05,TMPV,2026-01-27,520.00,CE,0.00,0.00,0.00,0.10,0.05,20000,0,0,353.60
2025-12-05,TMPV,2026-01-27,440.00,CE,1.00,1.00,0.85,0.85,0.85,137600,-1600,8,353.60
2025-12-05,TMPV,2026-01-27,360.00,CE,15.10,15.20,13.20,13.50,13.50,300800,-49600,288,353.60
2025-12-05,TMPV,2026-01-27,280.00,PE,0.00,0.00,0.00,0.25,0.15,0,0,0,353.60
2025-12-05,TMPV,2026-01-27,500.00,PE,138.05,139.05,138.05,139.05,139.05,25600,5600,10,353.60
2025-12-05,TMPV,2026-01-27,500.00,CE,0.00,0.00,0.00,0.45,0.05,1600,0,0,353.60
2025-12-05,TMPV,2026-01-27,440.00,PE,0.00,0.00,0.00,41.65,83.35,0,0,0,353.60
2025-12-05,TMPV,2025-12-30,350.00,CE,14.00,14.40,11.75,12.10,12.10,3384000,824800,4191,353.60
2025-12-05,TMPV,2025-12-30,430.00,CE,0.25,0.30,0.20,0.30,0.30,2876800,40800,301,353.60
2025-12-05,TMPV,2026-02-24,480.00,PE,0.00,0.00,0.00,121.65,120.90,0,0,0,353.60
2025-12-05,TMPV,2026-02-24,440.00,PE,0.00,0.00,0.00,84.80,82.55,0,0,0,353.60
2025-12-05,TMPV,2026-02-24,420.00,PE,0.00,0.00,0.00,67.60,64.40,0,0,0,353.60
2025-12-05,TMPV,2025-12-30,440.00,PE,0.00,0.00,0.00,80.40,84.75,61600,0,0,353.60
2025-12-05,TMPV,2026-02-24,480.00,CE,0.00,0.00,0.00,1.35,0.30,0,0,0,353.60
2025-12-05,TMPV,2026-01-27,340.00,PE,6.60,7.30,6.25,6.70,6.70,118400,16000,40,353.60
2025-12-05,TMPV,2026-01-27,350.00,PE,11.00,11.00,9.85,10.20,10.20,65600,12800,64,353.60
2025-12-05,TMPV,2026-01-27,400.00,PE,43.15,45.00,42.65,45.00,45.00,80000,21600,34,353.60
2025-12-05,TMPV,2026-01-27,400.00,CE,3.75,3.80,3.05,3.20,3.20,961600,81600,205,353.60
2025-12-05,TMPV,2026-01-27,320.00,CE,42.05,43.00,42.05,43.00,39.35,8000,0,2,353.60
2025-12-05,TMPV,2025-12-30,480.00,CE,0.10,0.10,0.05,0.10,0.05,304000,-12000,48,353.60
2025-12-05,TMPV,2025-12-30,380.00,CE,2.95,3.05,2.10,2.15,2.15,9004000,979200,7439,353.60
2025-12-05,TMPV,2026-02-24,380.00,PE,0.00,0.00,0.00,37.55,32.55,0,0,0,353.60
2025-12-05,TMPV,2025-12-30,330.00,CE,28.50,29.35,27.05,27.30,27.30,389600,2400,40,353.60
2025-12-05,TMPV,2025-12-30,320.00,CE,38.60,38.65,36.40,36.40,36.40,358400,3200,10,353.60
2025-12-05,TMPV,2026-02-24,420.00,CE,0.00,0.00,0.00,6.00,3.10,4800,0,0,353.60
2025-12-05,TMPV,2025-12-30,500.00,CE,0.10,0.10,0.10,0.10,0.05,279200,8800,37,353.60
2025-12-05,TMPV,2025-12-30,360.00,CE,8.25,9.00,6.80,7.15,7.15,7573600,972800,8853,353.60
2025-12-05,TMPV,2025-12-30,260.00,CE,95.00,95.00,95.00,95.00,95.00,1600,800,1,353.60
2025-12-05,TMPV,2025-12-30,380.00,PE,24.60,27.95,24.35,26.15,26.15,1740000,-10400,105,353.60
2025-12-05,TMPV,2026-02-24,360.00,CE,21.50,21.50,20.00,20.00,18.25,8800,1600,4,353.60
2025-12-05,TMPV,2025-12-30,260.00,PE,0.05,0.05,0.05,0.05,0.05,800,800,1,353.60
2025-12-05,TMPV,2026-01-27,330.00,CE,0.00,0.00,0.00,35.15,31.60,0,0,0,353.60
2025-12-05,TMPV,2026-02-24,380.00,CE,13.05,13.05,13.05,13.05,10.80,1600,800,1,353.60
2025-12-05,TMPV,2026-02-24,320.00,PE,0.00,0.00,0.00,9.10,5.25,0,0,0,353.60
2025-12-05,TMPV,2026-02-24,300.00,PE,0.00,0.00,0.00,4.55,2.00,0,0,0,353.60
2025-12-05,TMPV,2025-12-30,450.00,CE,0.15,0.20,0.15,0.15,0.15,1542400,7200,111,353.60
2025-12-05,TMPV,2026-01-27,290.00,CE,0.00,0.00,0.00,67.10,66.30,0,0,0,353.60
2025-12-05,TMPV,2026-01-27,290.00,PE,0.00,0.00,0.00,1.60,0.40,0,0,0,353.60
2025-12-05,TMPV,2026-02-24,280.00,PE,0.00,0.00,0.00,1.95,0.60,0,0,0,353.60
2025-12-05,TMPV,2025-12-30,390.00,CE,1.55,1.75,1.20,1.25,1.25,5340000,493600,4274,353.60
2025-12-05,TMPV,2025-12-30,410.00,CE,0.65,0.70,0.55,0.55,0.55,2932000,20800,2755,353.60
2025-12-05,TMPV,2025-12-30,460.00,CE,0.00,0.00,0.00,0.15,0.05,324000,0,0,353.60
2025-12-05,TMPV,2025-12-30,470.00,CE,0.05,0.10,0.05,0.10,0.05,31200,-7200,20,353.60
2025-12-05,TMPV,2025-12-30,490.00,CE,0.10,0.10,0.10,0.10,0.05,23200,0,31,353.60
2025-12-05,TMPV,2026-01-27,310.00,CE,0.00,0.00,0.00,51.50,47.85,800,0,0,353.60
2025-12-05,TMPV,2026-02-24,320.00,CE,0.00,0.00,0.00,46.35,42.75,0,0,0,353.60
2025-12-05,TMPV,2025-12-30,460.00,PE,102.00,102.00,102.00,102.00,104.65,61600,6400,8,353.60
2025-12-05,TMPV,2026-01-27,430.00,CE,0.00,0.00,0.00,2.55,0.80,0,0,0,353.60
2025-12-05,TMPV,2026-02-24,340.00,CE,0.00,0.00,0.00,33.60,28.90,0,0,0,353.60
2025-12-05,TMPV,2025-12-30,290.00,PE,0.20,0.20,0.10,0.10,0.10,24800,-1600,16,353.60
2025-12-05,TMPV,2025-12-30,310.00,PE,0.35,0.40,0.25,0.35,0.35,2060000,-35200,359,353.60
2025-12-05,TMPV,2025-12-30,420.00,PE,63.00,64.55,62.10,64.30,64.95,348800,8000,15,353.60
2025-12-05,TMPV,2026-01-27,330.00,PE,4.20,4.40,4.00,4.05,4.05,82400,9600,22,353.60
2025-12-05,TMPV,2026-01-27,430.00,PE,0.00,0.00,0.00,65.80,73.75,800,0,0,353.60
2025-12-05,TMPV,2026-02-24,360.00,PE,0.00,0.00,0.00,25.55,20.30,0,0,0,353.60
2025-12-05,TMPV,2026-02-24,300.00,CE,0.00,0.00,0.00,61.50,59.25,0,0,0,353.60
2025-12-05,TMPV,2025-12-30,440.00,CE,0.20,0.20,0.15,0.20,0.20,2171200,34400,60,353.60
2025-12-05,TMPV,2026-01-27,340.00,CE,26.20,26.20,26.20,26.20,24.70,4000,800,1,353.60
2025-12-05,TMPV,2026-01-27,410.00,CE,2.40,2.40,2.10,2.10,2.10,30400,-1600,30,353.60
2025-12-05,TMPV,2025-12-30,420.00,CE,0.45,0.45,0.35,0.40,0.40,2740800,40000,1163,353.60
2025-12-05,TMPV,2026-01-27,300.00,CE,59.85,59.85,59.85,59.85,56.90,21600,800,1,353.60
2025-12-05,TMPV,2026-02-24,280.00,CE,0.00,0.00,0.00,78.60,77.60,0,0,0,353.60
2025-12-05,TMPV,2026-02-24,440.00,CE,0.00,0.00,0.00,3.00,1.50,3200,0,0,353.60
2025-12-05,TMPV,2025-12-30,340.00,PE,2.90,3.80,2.70,3.10,3.10,3500000,72000,2001,353.60
2025-12-05,TMPV,2025-12-30,520.00,CE,0.00,0.00,0.00,0.10,0.05,56000,0,0,353.60
2025-12-05,TMPV,2025-12-30,490.00,PE,0.00,0.00,0.00,126.80,134.55,4800,0,0,353.60
2025-12-05,TMPV,2026-01-27,320.00,PE,2.60,2.75,2.50,2.55,2.55,64800,2400,9,353.60
2025-12-05,TMPV,2026-01-27,460.00,PE,0.00,0.00,0.00,98.65,102.90,8000,0,0,353.60
2025-12-05,TMPV,2026-02-24,240.00,PE,0.00,0.00,0.00,0.20,0.05,0,0,0,353.60
2025-12-05,TMPV,2026-02-24,340.00,PE,0.00,0.00,0.00,9.95,11.20,2400,0,0,353.60
2025-12-05,TMPV,2026-02-24,400.00,PE,0.00,0.00,0.00,32.05,47.50,800,0,0,353.60
2025-12-05,TMPV,2026-01-27,350.00,CE,19.90,20.20,18.40,18.50,18.50,21600,14400,23,353.60
2025-12-05,TMPV,2026-01-27,390.00,CE,5.00,5.20,4.45,4.50,4.50,92800,12800,43,353.60
2025-12-05,TMPV,2026-01-27,480.00,CE,0.00,0.00,0.00,0.65,0.05,1600,0,0,353.60
2025-12-05,TMPV,2025-12-30,280.00,CE,0.00,0.00,0.00,384.40,74.65,0,0,0,353.60
2025-12-05,TMPV,2025-12-30,310.00,CE,47.75,48.10,46.35,47.05,45.15,215200,0,4,353.60
2025-12-05,TMPV,2025-12-30,300.00,CE,56.00,56.00,55.60,55.80,55.80,114400,-800,2,353.60
2025-12-05,TMPV,2025-12-30,340.00,CE,21.65,21.65,18.55,18.95,18.95,980800,52800,482,353.60
2025-12-05,TMPV,2026-01-27,420.00,PE,0.00,0.00,0.00,58.10,64.35,7200,0,0,353.60
2025-12-05,TMPV,2026-01-27,260.00,PE,0.00,0.00,0.00,0.10,0.05,0,0,0,353.60
2025-12-05,TMPV,2025-12-30,480.00,PE,0.00,0.00,0.00,120.70,124.60,21600,0,0,353.60
2025-12-05,TMPV,2025-12-30,360.00,PE,10.65,12.60,10.05,11.20,11.20,5548800,180800,2997,353.60
2025-12-05,TMPV,2025-12-30,330.00,PE,1.40,1.85,1.25,1.45,1.45,2665600,231200,2220,353.60
2025-12-05,TMPV,2025-12-30,300.00,PE,0.25,0.30,0.15,0.20,0.20,1312800,45600,759,353.60
2025-12-05,TMPV,2025-12-30,280.00,PE,0.15,0.15,0.10,0.15,0.05,8800,-40800,118,353.60
2025-12-05,TMPV,2026-01-27,460.00,CE,0.45,0.60,0.45,0.60,0.15,104800,8000,11,353.60
2025-12-05,TMPV,2026-01-27,420.00,CE,1.80,1.85,1.45,1.50,1.50,297600,12800,96,353.60
2025-12-05,TMPV,2025-12-30,500.00,PE,142.50,142.50,142.50,142.50,144.50,770400,0,3,353.60
2025-12-05,TMPV,2025-12-30,410.00,PE,52.10,54.65,52.10,54.45,54.45,347200,1600,11,353.60
2025-12-05,TMPV,2025-12-30,400.00,PE,42.60,45.90,42.60,44.80,44.80,1534400,3200,90,353.60
2025-12-05,TMPV,2026-01-27,380.00,PE,27.60,28.00,27.40,28.00,30.35,92800,1600,5,353.60
2025-12-05,TMPV,2025-12-30,390.00,PE,33.80,35.60,33.40,33.80,36.35,791200,-2400,20,353.60
2025-12-05,TMPV,2026-02-24,400.00,CE,8.15,8.50,7.05,7.45,7.45,26400,12800,25,353.60
2025-12-05,TMPV,2025-12-30,290.00,CE,0.00,0.00,0.00,67.80,64.70,800,0,0,353.60
2025-12-05,TMPV,2026-01-27,370.00,PE,0.00,0.00,0.00,18.95,23.45,1600,0,0,353.60
2025-12-05,TMPV,2026-01-27,260.00,CE,0.00,0.00,0.00,155.50,95.70,0,0,0,353.60
2025-12-05,TMPV,2025-12-30,430.00,PE,0.00,0.00,0.00,69.10,74.85,99200,0,0,353.60
2025-12-05,TMPV,2025-12-30,450.00,PE,93.00,93.00,93.00,93.00,94.70,214400,-4000,5,353.60
2025-12-05,TMPV,2025-12-30,470.00,PE,0.00,0.00,0.00,114.00,114.65,48000,0,0,353.60
2025-12-05,TMPV,2026-01-27,300.00,PE,0.90,0.95,0.90,0.95,0.90,28000,1600,5,353.60
2025-12-05,TMPV,2026-01-27,360.00,PE,14.25,15.65,14.10,15.40,15.40,224800,29600,81,353.60
2025-12-05,TMPV,2026-01-27,280.00,CE,0.00,0.00,0.00,136.00,76.00,0,0,0,353.60
2025-12-05,TMPV,2026-01-27,370.00,CE,10.90,10.90,9.25,9.45,9.45,78400,5600,19,353.60
2025-12-05,TMPV,2025-12-30,370.00,PE,16.65,19.25,16.50,18.05,18.05,2943200,-11200,486,353.60
2025-12-08,TMPV,2025-12-30,280.00,PE,0.10,0.10,0.10,0.10,0.05,7200,-1600,2,348.30
2025-12-08,TMPV,2026-01-27,420.00,CE,1.50,1.50,1.10,1.25,1.25,269600,-28000,155,348.30
2025-12-08,TMPV,2025-12-30,300.00,CE,54.20,54.20,47.35,49.70,49.70,168800,54400,103,348.30
2025-12-08,TMPV,2026-01-27,460.00,CE,0.60,0.60,0.45,0.45,0.10,99200,-5600,11,348.30
2025-12-08,TMPV,2026-02-24,320.00,CE,0.00,0.00,0.00,46.35,38.15,0,0,0,348.30
2025-12-08,TMPV,2026-01-27,310.00,CE,44.00,44.00,43.00,43.00,42.75,800,0,2,348.30
2025-12-08,TMPV,2025-12-30,490.00,CE,0.05,0.10,0.05,0.10,0.05,24800,1600,9,348.30
2025-12-08,TMPV,2025-12-30,470.00,CE,0.10,0.10,0.05,0.05,0.05,27200,-4000,23,348.30
2025-12-08,TMPV,2025-12-30,460.00,CE,0.10,0.10,0.10,0.10,0.05,319200,-4800,94,348.30
2025-12-08,TMPV,2025-12-30,410.00,CE,0.60,0.60,0.30,0.35,0.35,3438400,506400,7918,348.30
2025-12-08,TMPV,2025-12-30,390.00,CE,1.35,1.35,0.70,0.75,0.75,4220800,-1119200,14442,348.30
2025-12-08,TMPV,2026-02-24,280.00,PE,0.00,0.00,0.00,1.95,0.70,0,0,0,348.30
2025-12-08,TMPV,2026-01-27,290.00,PE,0.00,0.00,0.00,1.60,0.50,0,0,0,348.30
2025-12-08,TMPV,2025-12-30,460.00,PE,0.00,0.00,0.00,102.00,110.20,61600,0,0,348.30
2025-12-08,TMPV,2026-02-24,340.00,CE,0.00,0.00,0.00,33.60,25.00,0,0,0,348.30
2025-12-08,TMPV,2025-12-30,310.00,PE,0.40,0.55,0.25,0.45,0.45,1997600,-62400,879,348.30
2025-12-08,TMPV,2025-12-30,420.00,PE,64.00,72.45,64.00,70.35,70.35,374400,25600,69,348.30
2025-12-08,TMPV,2026-01-27,330.00,PE,4.05,6.00,4.05,5.25,5.25,120000,37600,89,348.30
2025-12-08,TMPV,2026-01-27,430.00,PE,76.00,78.00,76.00,78.00,78.95,2400,1600,2,348.30
2025-12-08,TMPV,2026-02-24,360.00,PE,20.00,22.00,20.00,22.00,22.75,1600,1600,2,348.30
2025-12-08,TMPV,2025-12-30,290.00,PE,0.15,0.20,0.15,0.20,0.20,29600,4800,21,348.30
2025-12-08,TMPV,2025-12-30,440.00,CE,0.15,0.20,0.10,0.20,0.20,2123200,-48000,101,348.30
2025-12-08,TMPV,2026-01-27,340.00,CE,25.00,25.00,19.95,20.25,20.25,144800,140800,202,348.30
2025-12-08,TMPV,2026-01-27,410.00,CE,1.95,2.05,1.60,1.65,1.30,31200,800,54,348.30
2025-12-08,TMPV,2026-01-27,430.00,CE,0.00,0.00,0.00,2.55,0.45,0,0,0,348.30
2025-12-08,TMPV,2026-02-24,300.00,CE,0.00,0.00,0.00,61.50,54.20,0,0,0,348.30
2025-12-08,TMPV,2026-02-24,300.00,PE,0.00,0.00,0.00,4.55,2.40,0,0,0,348.30
2025-12-08,TMPV,2026-02-24,320.00,PE,0.00,0.00,0.00,9.10,6.10,0,0,0,348.30
2025-12-08,TMPV,2025-12-30,260.00,CE,0.00,0.00,0.00,95.00,89.15,1600,0,0,348.30
2025-12-08,TMPV,2025-12-30,360.00,CE,7.20,7.85,3.65,4.20,4.20,9742400,2168800,16122,348.30
2025-12-08,TMPV,2025-12-30,500.00,CE,0.05,0.10,0.05,0.10,0.05,238400,-40800,65,348.30
2025-12-08,TMPV,2025-12-30,520.00,CE,0.05,0.05,0.05,0.05,0.05,56000,0,9,348.30
2025-12-08,TMPV,2026-01-27,330.00,CE,32.00,32.00,32.00,32.00,27.10,800,800,1,348.30
2025-12-08,TMPV,2026-02-24,360.00,CE,18.50,18.90,16.35,16.90,15.25,16000,7200,13,348.30
2025-12-08,TMPV,2026-02-24,380.00,CE,10.80,10.80,10.80,10.80,8.65,2400,800,1,348.30
2025-12-08,TMPV,2025-12-30,260.00,PE,0.10,0.10,0.05,0.05,0.05,8800,8000,14,348.30
2025-12-08,TMPV,2025-12-30,380.00,PE,25.50,33.80,24.65,31.70,31.70,1708800,-31200,230,348.30
2025-12-08,TMPV,2026-01-27,370.00,CE,10.65,12.70,6.65,7.40,7.40,117600,39200,149,348.30
2025-12-08,TMPV,2026-01-27,310.00,PE,0.00,0.00,0.00,1.55,2.15,15200,0,0,348.30
2025-12-08,TMPV,2026-01-27,390.00,PE,39.30,39.30,39.30,39.30,42.15,800,800,1,348.30
2025-12-08,TMPV,2026-01-27,410.00,PE,0.00,0.00,0.00,58.05,59.95,0,0,0,348.30
2025-12-08,TMPV,2026-01-27,440.00,PE,0.00,0.00,0.00,41.65,88.65,0,0,0,348.30
2025-12-08,TMPV,2025-12-30,370.00,PE,18.05,24.65,17.40,22.55,22.55,2807200,-136000,726,348.30
2025-12-08,TMPV,2025-12-30,350.00,CE,12.95,13.10,7.10,8.10,8.10,5177600,1793600,7895,348.30
2025-12-08,TMPV,2025-12-30,430.00,CE,0.25,0.30,0.15,0.15,0.15,2724000,-152800,746,348.30
2025-12-08,TMPV,2026-01-27,280.00,CE,0.00,0.00,0.00,136.00,70.60,0,0,0,348.30
2025-12-08,TMPV,2026-02-24,480.00,CE,0.00,0.00,0.00,1.35,0.20,0,0,0,348.30
2025-12-08,TMPV,2026-01-27,500.00,CE,0.00,0.00,0.00,0.45,0.05,1600,0,0,348.30
2025-12-08,TMPV,2026-02-24,480.00,PE,0.00,0.00,0.00,121.65,126.30,0,0,0,348.30
2025-12-08,TMPV,2026-02-24,440.00,PE,0.00,0.00,0.00,84.80,87.60,0,0,0,348.30
2025-12-08,TMPV,2026-02-24,420.00,PE,0.00,0.00,0.00,67.60,69.05,0,0,0,348.30
2025-12-08,TMPV,2025-12-30,440.00,PE,0.00,0.00,0.00,80.40,90.25,61600,0,0,348.30
2025-12-08,TMPV,2026-01-27,300.00,PE,1.20,1.50,0.90,1.25,1.25,66400,38400,57,348.30
2025-12-08,TMPV,2026-01-27,360.00,PE,15.95,19.50,15.95,18.40,18.40,227200,2400,45,348.30
2025-12-08,TMPV,2025-12-30,450.00,CE,0.10,0.15,0.10,0.15,0.15,1558400,16000,249,348.30
2025-12-08,TMPV,2026-01-27,260.00,CE,0.00,0.00,0.00,155.50,90.30,0,0,0,348.30
2025-12-08,TMPV,2026-01-27,290.00,CE,0.00,0.00,0.00,67.10,61.00,0,0,0,348.30
2025-12-08,TMPV,2025-12-30,430.00,PE,82.50,82.50,80.45,80.45,80.45,96800,-2400,4,348.30
2025-12-08,TMPV,2025-12-30,450.00,PE,94.15,99.00,94.15,99.00,99.00,219200,4800,7,348.30
2025-12-08,TMPV,2025-12-30,470.00,PE,115.00,115.00,115.00,115.00,120.15,46400,-1600,2,348.30
2025-12-08,TMPV,2026-01-27,400.00,PE,45.10,51.25,45.10,50.85,50.80,84800,4800,22,348.30
2025-12-08,TMPV,2026-02-24,380.00,PE,0.00,0.00,0.00,37.55,35.90,0,0,0,348.30
2025-12-08,TMPV,2025-12-30,320.00,CE,36.40,36.40,28.25,30.45,30.45,370400,12000,160,348.30
2025-12-08,TMPV,2025-12-30,330.00,CE,28.00,28.20,19.70,21.60,21.60,361600,-28000,405,348.30
2025-12-08,TMPV,2025-12-30,380.00,CE,2.30,2.40,1.10,1.20,1.20,9520800,516800,21323,348.30
2025-12-08,TMPV,2025-12-30,480.00,CE,0.05,0.10,0.05,0.10,0.05,302400,-1600,6,348.30
2025-12-08,TMPV,2026-01-27,320.00,CE,39.90,39.90,37.30,37.30,34.50,8000,0,2,348.30
2025-12-08,TMPV,2026-01-27,400.00,CE,3.25,3.45,2.35,2.45,2.45,1080000,118400,513,348.30
2025-12-08,TMPV,2026-02-24,420.00,CE,0.00,0.00,0.00,6.00,2.25,4800,0,0,348.30
2025-12-08,TMPV,2026-01-27,340.00,PE,6.60,9.45,6.30,8.30,8.30,142400,24000,112,348.30
2025-12-08,TMPV,2026-01-27,350.00,PE,10.40,14.00,10.40,12.75,12.75,74400,8800,66,348.30
2025-12-08,TMPV,2026-01-27,440.00,CE,0.75,0.80,0.75,0.80,0.25,127200,-10400,24,348.30
2025-12-08,TMPV,2026-01-27,500.00,PE,142.30,146.00,142.30,146.00,146.00,27200,1600,3,348.30
2025-12-08,TMPV,2026-01-27,360.00,CE,13.45,14.80,10.00,10.80,10.80,489600,188800,442,348.30
2025-12-08,TMPV,2026-01-27,280.00,PE,0.00,0.00,0.00,0.25,0.20,0,0,0,348.30
2025-12-08,TMPV,2025-12-30,350.00,PE,6.15,9.90,5.40,8.55,8.55,4944000,518400,7305,348.30
2025-12-08,TMPV,2025-12-30,320.00,PE,0.80,1.15,0.55,1.00,1.00,2508800,352800,3913,348.30
2025-12-08,TMPV,2026-01-27,520.00,CE,0.00,0.00,0.00,0.10,0.05,20000,0,0,348.30
2025-12-08,TMPV,2026-02-24,340.00,PE,11.00,13.00,11.00,13.00,12.75,7200,4800,6,348.30
2025-12-08,TMPV,2026-02-24,400.00,PE,45.00,45.00,45.00,45.00,51.60,1600,800,1,348.30
2025-12-08,TMPV,2025-12-30,280.00,CE,0.00,0.00,0.00,384.40,69.25,0,0,0,348.30
2025-12-08,TMPV,2025-12-30,310.00,CE,45.40,45.40,37.60,40.10,40.10,214400,-800,46,348.30
2025-12-08,TMPV,2025-12-30,420.00,CE,0.40,0.40,0.25,0.25,0.25,2663200,-77600,2350,348.30
2025-12-08,TMPV,2026-01-27,300.00,CE,57.20,57.20,51.05,52.00,52.00,25600,4000,8,348.30
2025-12-08,TMPV,2026-01-27,350.00,CE,19.45,20.40,14.10,15.15,15.15,111200,89600,170,348.30
2025-12-08,TMPV,2026-01-27,390.00,CE,4.65,4.80,3.25,3.50,3.50,125600,32800,99,348.30
2025-12-08,TMPV,2026-01-27,480.00,CE,0.00,0.00,0.00,0.65,0.05,1600,0,0,348.30
2025-12-08,TMPV,2026-02-24,280.00,CE,0.00,0.00,0.00,78.60,72.30,0,0,0,348.30
2025-12-08,TMPV,2026-02-24,440.00,CE,3.10,3.10,2.55,2.55,1.05,3200,0,3,348.30
2025-12-08,TMPV,2025-12-30,340.00,PE,2.95,5.30,2.65,4.40,4.40,3436000,-64000,4943,348.30
2025-12-08,TMPV,2025-12-30,490.00,PE,0.00,0.00,0.00,126.80,140.10,4800,0,0,348.30
2025-12-08,TMPV,2026-01-27,320.00,PE,2.50,3.75,2.50,3.55,3.80,83200,18400,57,348.30
2025-12-08,TMPV,2026-01-27,460.00,PE,0.00,0.00,0.00,98.65,108.35,8000,0,0,348.30
2025-12-08,TMPV,2026-02-24,240.00,PE,0.00,0.00,0.00,0.20,0.05,0,0,0,348.30
2025-12-08,TMPV,2026-01-27,370.00,PE,21.60,25.00,21.60,25.00,26.55,3200,1600,28,348.30
2025-12-08,TMPV,2026-01-27,380.00,PE,29.50,33.95,29.45,33.95,34.00,92800,0,8,348.30
2025-12-08,TMPV,2025-12-30,290.00,CE,0.00,0.00,0.00,67.80,59.30,800,0,0,348.30
2025-12-08,TMPV,2026-02-24,400.00,CE,7.05,7.20,6.10,6.25,4.55,34400,8000,17,348.30
2025-12-08,TMPV,2025-12-30,390.00,PE,37.20,43.25,36.70,41.00,41.00,805600,14400,122,348.30
2025-12-08,TMPV,2025-12-30,400.00,PE,43.00,53.05,43.00,50.95,50.95,1532000,-2400,230,348.30
2025-12-08,TMPV,2025-12-30,410.00,PE,56.30,61.35,56.30,60.60,60.60,356800,9600,25,348.30
2025-12-08,TMPV,2025-12-30,500.00,PE,150.00,150.50,150.00,150.25,150.25,770400,0,6,348.30
2025-12-08,TMPV,2025-12-30,520.00,PE,0.00,0.00,0.00,162.00,170.00,64800,0,0,348.30
2025-12-08,TMPV,2026-01-27,380.00,CE,6.50,7.00,4.60,5.00,5.00,476000,21600,215,348.30
2025-12-08,TMPV,2025-12-30,370.00,CE,4.15,4.35,1.95,2.15,2.15,9241600,1426400,14779,348.30
2025-12-08,TMPV,2025-12-30,400.00,CE,0.95,0.95,0.50,0.55,0.55,13100800,1152800,23489,348.30
2025-12-08,TMPV,2026-02-24,240.00,CE,0.00,0.00,0.00,116.25,111.15,0,0,0,348.30
2025-12-08,TMPV,2025-12-30,340.00,CE,20.00,20.20,12.45,13.95,13.95,1108000,127200,1793,348.30
2025-12-08,TMPV,2026-01-27,420.00,PE,0.00,0.00,0.00,58.10,69.35,7200,0,0,348.30
2025-12-08,TMPV,2026-01-27,260.00,PE,0.00,0.00,0.00,0.10,0.05,0,0,0,348.30
2025-12-08,TMPV,2025-12-30,480.00,PE,0.00,0.00,0.00,120.70,130.10,21600,0,0,348.30
2025-12-08,TMPV,2025-12-30,360.00,PE,10.70,16.40,10.10,14.70,14.70,5198400,-350400,3054,348.30
2025-12-08,TMPV,2025-12-30,330.00,PE,1.45,2.55,1.20,2.10,2.10,2746400,80800,3198,348.30
2025-12-08,TMPV,2025-12-30,300.00,PE,0.20,0.40,0.20,0.30,0.30,1515200,202400,851,348.30
2025-12-09,TMPV,2026-02-24,420.00,PE,68.50,68.50,68.50,68.50,72.30,800,800,1,344.70
2025-12-09,TMPV,2026-02-24,440.00,PE,0.00,0.00,0.00,84.80,91.05,0,0,0,344.70
2025-12-09,TMPV,2025-12-30,440.00,PE,94.00,94.00,94.00,94.00,93.90,60800,-800,1,344.70
2025-12-09,TMPV,2026-02-24,360.00,CE,15.35,16.25,14.65,15.00,13.45,16800,800,5,344.70
2025-12-09,TMPV,2026-02-24,380.00,CE,9.00,9.00,9.00,9.00,7.40,3200,800,1,344.70
2025-12-09,TMPV,2025-12-30,260.00,PE,0.00,0.00,0.00,0.05,0.05,8800,0,0,344.70
2025-12-09,TMPV,2025-12-30,380.00,PE,33.00,37.85,32.00,34.30,34.30,1667200,-41600,168,344.70
2025-12-09,TMPV,2026-02-24,300.00,PE,0.00,0.00,0.00,4.55,2.70,0,0,0,344.70
2025-12-09,TMPV,2026-02-24,320.00,PE,0.00,0.00,0.00,9.10,6.80,0,0,0,344.70
2025-12-09,TMPV,2026-01-27,240.00,CE,0.00,0.00,0.00,175.15,106.45,0,0,0,344.70
2025-12-09,TMPV,2025-12-30,260.00,CE,0.00,0.00,0.00,95.00,85.50,1600,0,0,344.70
2025-12-09,TMPV,2025-12-30,360.00,CE,3.95,4.15,2.60,3.35,3.35,10036800,294400,8751,344.70
2025-12-09,TMPV,2025-12-30,500.00,CE,0.10,0.10,0.10,0.10,0.05,236000,-2400,15,344.70
2025-12-09,TMPV,2025-12-30,520.00,CE,0.10,0.10,0.10,0.10,0.05,56000,0,16,344.70
2025-12-09,TMPV,2026-01-27,330.00,CE,0.00,0.00,0.00,32.00,24.35,800,0,0,344.70
2025-12-09,TMPV,2026-01-27,500.00,PE,145.65,145.65,145.65,145.65,151.60,27200,0,1,344.70
2025-12-09,TMPV,2025-12-30,320.00,PE,1.05,1.55,0.80,1.15,1.15,2729600,220800,2107,344.70
2025-12-09,TMPV,2026-01-27,520.00,CE,0.00,0.00,0.00,0.10,0.05,20000,0,0,344.70
2025-12-09,TMPV,2026-01-27,440.00,CE,0.75,0.85,0.60,0.65,0.65,124000,-3200,16,344.70
2025-12-09,TMPV,2026-01-27,360.00,CE,10.55,10.55,8.25,9.00,9.00,580800,91200,413,344.70
2025-12-09,TMPV,2025-12-30,350.00,PE,8.85,12.25,7.90,10.15,10.15,4772800,-171200,4075,344.70
2025-12-09,TMPV,2026-01-27,280.00,PE,0.00,0.00,0.00,0.25,0.25,0,0,0,344.70
2025-12-09,TMPV,2026-01-27,460.00,CE,0.00,0.00,0.00,0.45,0.05,99200,0,0,344.70
2025-12-09,TMPV,2026-01-27,420.00,PE,70.75,70.75,70.75,70.75,72.80,8000,800,1,344.70
2025-12-09,TMPV,2026-01-27,260.00,PE,0.00,0.00,0.00,0.10,0.05,0,0,0,344.70
2025-12-09,TMPV,2025-12-30,480.00,PE,0.00,0.00,0.00,120.70,133.80,21600,0,0,344.70
2025-12-09,TMPV,2025-12-30,360.00,PE,15.25,19.65,13.90,16.85,16.85,5006400,-192000,1016,344.70
2025-12-09,TMPV,2025-12-30,330.00,PE,2.20,3.35,1.85,2.50,2.50,2736800,-9600,3795,344.70
2025-12-09,TMPV,2025-12-30,300.00,PE,0.30,0.40,0.20,0.35,0.35,1600800,85600,1178,344.70
2025-12-09,TMPV,2025-12-30,280.00,PE,0.10,0.10,0.10,0.10,0.05,7200,0,7,344.70
2025-12-09,TMPV,2026-01-27,420.00,CE,1.15,1.20,1.00,1.00,1.00,255200,-14400,40,344.70
2025-12-09,TMPV,2025-12-30,340.00,CE,11.60,13.95,9.80,11.60,11.60,1265600,157600,3264,344.70
2025-12-09,TMPV,2025-12-30,300.00,CE,47.00,49.90,43.35,46.35,45.80,176000,7200,59,344.70
2025-12-09,TMPV,2026-01-27,400.00,PE,52.85,54.50,50.20,51.10,54.00,82400,-2400,30,344.70
2025-12-09,TMPV,2025-12-30,320.00,CE,27.00,30.55,24.70,27.35,27.35,356000,-14400,158,344.70
2025-12-09,TMPV,2025-12-30,330.00,CE,19.45,21.65,16.35,18.70,18.70,347200,-14400,833,344.70
2025-12-09,TMPV,2026-01-27,350.00,PE,15.00,15.90,13.15,14.20,14.20,85600,11200,69,344.70
2025-12-09,TMPV,2026-01-27,340.00,PE,9.60,11.15,8.20,9.75,9.75,184000,41600,140,344.70
2025-12-09,TMPV,2026-02-24,420.00,CE,0.00,0.00,0.00,6.00,1.80,4800,0,0,344.70
2025-12-09,TMPV,2026-01-27,400.00,CE,2.20,2.40,1.85,2.05,2.05,1110400,30400,183,344.70
2025-12-09,TMPV,2026-01-27,320.00,CE,0.00,0.00,0.00,37.30,31.45,8000,0,0,344.70
2025-12-09,TMPV,2025-12-30,480.00,CE,0.05,0.10,0.05,0.10,0.10,252000,-50400,68,344.70
2025-12-09,TMPV,2025-12-30,380.00,CE,1.25,1.25,0.85,1.05,1.05,9860000,339200,11195,344.70
2025-12-09,TMPV,2026-02-24,380.00,PE,0.00,0.00,0.00,37.55,38.35,0,0,0,344.70
2025-12-09,TMPV,2025-12-30,410.00,PE,66.00,66.00,62.15,62.15,64.05,355200,-1600,8,344.70
2025-12-09,TMPV,2025-12-30,500.00,PE,150.50,150.50,150.50,150.50,153.70,770400,0,1,344.70
2025-12-09,TMPV,2025-12-30,520.00,PE,0.00,0.00,0.00,162.00,173.65,64800,0,0,344.70
2025-12-09,TMPV,2026-01-27,370.00,PE,27.00,27.30,25.20,25.20,28.90,4000,800,5,344.70
2025-12-09,TMPV,2026-01-27,380.00,PE,35.45,37.10,35.20,35.20,35.20,92800,0,5,344.70
2025-12-09,TMPV,2025-12-30,390.00,PE,42.10,46.90,40.70,43.90,43.90,823200,17600,58,344.70
2025-12-09,TMPV,2025-12-30,290.00,CE,0.00,0.00,0.00,67.80,55.65,800,0,0,344.70
2025-12-09,TMPV,2026-02-24,400.00,CE,5.55,5.75,5.40,5.45,3.80,35200,800,13,344.70
2025-12-09,TMPV,2025-12-30,400.00,PE,53.95,57.35,50.45,54.00,54.00,1534400,2400,55,344.70
2025-12-09,TMPV,2026-02-24,260.00,CE,0.00,0.00,0.00,97.05,87.90,0,0,0,344.70
2025-12-09,TMPV,2026-02-24,480.00,PE,0.00,0.00,0.00,121.65,129.90,0,0,0,344.70
2025-12-09,TMPV,2026-01-27,290.00,CE,0.00,0.00,0.00,67.10,57.45,0,0,0,344.70
2025-12-09,TMPV,2025-12-30,450.00,CE,0.10,0.15,0.10,0.15,0.15,1464000,-94400,191,344.70
2025-12-09,TMPV,2026-01-27,260.00,CE,0.00,0.00,0.00,155.50,86.65,0,0,0,344.70
2025-12-09,TMPV,2026-01-27,360.00,PE,22.05,22.75,18.35,20.05,20.05,230400,3200,30,344.70
2025-12-09,TMPV,2026-01-27,300.00,PE,1.55,2.40,1.25,1.40,1.40,100800,34400,69,344.70
2025-12-09,TMPV,2025-12-30,470.00,PE,0.00,0.00,0.00,115.00,123.80,46400,0,0,344.70
2025-12-09,TMPV,2025-12-30,450.00,PE,104.00,104.00,104.00,104.00,104.00,218400,-800,1,344.70
2025-12-09,TMPV,2025-12-30,430.00,PE,84.00,84.00,84.00,84.00,83.95,95200,-1600,2,344.70
2025-12-09,TMPV,2026-02-24,320.00,CE,0.00,0.00,0.00,46.35,35.20,0,0,0,344.70
2025-12-09,TMPV,2026-01-27,310.00,CE,41.90,41.90,41.90,41.90,39.45,800,0,1,344.70
2025-12-09,TMPV,2025-12-30,490.00,CE,0.10,0.10,0.10,0.10,0.05,16800,-8000,31,344.70
2025-12-09,TMPV,2025-12-30,470.00,CE,0.10,0.10,0.05,0.10,0.05,24000,-3200,20,344.70
2025-12-09,TMPV,2025-12-30,460.00,CE,0.05,0.15,0.05,0.15,0.15,296800,-22400,51,344.70
2025-12-09,TMPV,2025-12-30,410.00,CE,0.35,0.35,0.25,0.35,0.35,3556800,118400,2258,344.70
2025-12-09,TMPV,2025-12-30,390.00,CE,0.70,0.75,0.55,0.70,0.70,3701600,-519200,5539,344.70
2025-12-09,TMPV,2026-02-24,280.00,PE,0.00,0.00,0.00,1.95,0.85,0,0,0,344.70
2025-12-09,TMPV,2026-01-27,290.00,PE,0.00,0.00,0.00,1.60,0.60,0,0,0,344.70
2025-12-09,TMPV,2025-12-30,460.00,PE,115.50,115.50,112.25,112.25,113.85,72000,10400,23,344.70
2025-12-09,TMPV,2025-12-30,350.00,CE,7.90,8.25,5.20,6.50,6.50,6086400,908800,10692,344.70
2025-12-09,TMPV,2026-01-27,280.00,CE,0.00,0.00,0.00,136.00,67.00,0,0,0,344.70
2025-12-09,TMPV,2026-01-27,440.00,PE,0.00,0.00,0.00,41.65,92.25,0,0,0,344.70
2025-12-09,TMPV,2026-01-27,410.00,PE,62.00,62.00,60.60,60.60,63.25,0,0,8,344.70
2025-12-09,TMPV,2026-01-27,390.00,PE,0.00,0.00,0.00,39.30,45.10,800,0,0,344.70
2025-12-09,TMPV,2026-01-27,310.00,PE,0.00,0.00,0.00,1.55,2.50,15200,0,0,344.70
2025-12-09,TMPV,2025-12-30,370.00,PE,22.20,28.30,21.45,25.55,25.55,2753600,-53600,302,344.70
2025-12-09,TMPV,2026-01-27,370.00,CE,7.10,7.20,5.30,6.05,6.05,145600,28000,213,344.70
2025-12-09,TMPV,2025-12-30,430.00,CE,0.15,0.20,0.15,0.20,0.05,2543200,-180800,606,344.70
2025-12-09,TMPV,2026-01-27,330.00,PE,6.00,7.00,5.30,6.10,6.10,137600,17600,50,344.70
2025-12-09,TMPV,2025-12-30,420.00,PE,73.90,73.90,71.00,72.00,74.00,377600,3200,9,344.70
2025-12-09,TMPV,2025-12-30,310.00,PE,0.45,0.70,0.35,0.50,0.50,1952800,-44800,1135,344.70
2025-12-09,TMPV,2025-12-30,290.00,PE,0.15,0.20,0.10,0.20,0.20,38400,8800,21,344.70
2025-12-09,TMPV,2026-02-24,340.00,CE,0.00,0.00,0.00,33.60,22.60,0,0,0,344.70
2025-12-09,TMPV,2026-02-24,300.00,CE,0.00,0.00,0.00,61.50,50.85,0,0,0,344.70
2025-12-09,TMPV,2026-01-27,430.00,CE,0.80,0.80,0.80,0.80,0.30,3200,3200,4,344.70
2025-12-09,TMPV,2026-01-27,410.00,CE,1.40,1.55,1.30,1.50,1.00,48000,16800,37,344.70
2025-12-09,TMPV,2026-01-27,340.00,CE,19.50,20.15,16.70,18.40,18.40,165600,20800,48,344.70
2025-12-09,TMPV,2025-12-30,440.00,CE,0.10,0.15,0.10,0.15,0.05,2105600,-17600,155,344.70
2025-12-09,TMPV,2026-02-24,360.00,PE,0.00,0.00,0.00,22.00,24.60,1600,0,0,344.70
2025-12-09,TMPV,2026-01-27,430.00,PE,0.00,0.00,0.00,78.00,82.45,2400,0,0,344.70
2025-12-09,TMPV,2026-01-27,390.00,CE,3.45,3.45,2.65,2.90,2.90,120000,-5600,60,344.70
2025-12-09,TMPV,2026-01-27,350.00,CE,14.55,15.00,12.00,12.95,12.95,181600,70400,272,344.70
2025-12-09,TMPV,2026-01-27,300.00,CE,50.00,51.00,48.85,49.50,48.20,32800,7200,15,344.70
2025-12-09,TMPV,2025-12-30,420.00,CE,0.25,0.25,0.20,0.20,0.20,2628000,-35200,548,344.70
2025-12-09,TMPV,2025-12-30,310.00,CE,36.45,39.10,33.90,36.40,36.40,211200,-3200,52,344.70
2025-12-09,TMPV,2025-12-30,280.00,CE,0.00,0.00,0.00,384.40,65.60,0,0,0,344.70
2025-12-09,TMPV,2025-12-30,240.00,CE,0.00,0.00,0.00,423.90,105.45,0,0,0,344.70
2025-12-09,TMPV,2025-12-30,340.00,PE,4.65,6.90,4.00,5.35,5.35,3320800,-115200,6440,344.70
2025-12-09,TMPV,2025-12-30,490.00,PE,0.00,0.00,0.00,126.80,143.75,4800,0,0,344.70
2025-12-09,TMPV,2026-01-27,240.00,PE,0.00,0.00,0.00,0.05,0.05,0,0,0,344.70
2025-12-09,TMPV,2026-01-27,320.00,PE,4.30,4.55,3.35,3.70,3.70,100800,17600,41,344.70
2025-12-09,TMPV,2026-01-27,460.00,PE,0.00,0.00,0.00,98.65,111.95,8000,0,0,344.70
2025-12-09,TMPV,2026-02-24,240.00,PE,0.00,0.00,0.00,0.20,0.05,0,0,0,344.70
2025-12-09,TMPV,2026-02-24,260.00,PE,0.00,0.00,0.00,0.70,0.20,0,0,0,344.70
2025-12-09,TMPV,2026-02-24,340.00,PE,13.00,13.95,13.00,13.95,14.00,8000,800,2,344.70
2025-12-09,TMPV,2026-02-24,400.00,PE,0.00,0.00,0.00,45.00,54.50,1600,0,0,344.70
2025-12-09,TMPV,2026-02-24,440.00,CE,0.00,0.00,0.00,2.55,0.80,3200,0,0,344.70
2025-12-09,TMPV,2026-02-24,280.00,CE,0.00,0.00,0.00,78.60,68.75,0,0,0,344.70
2025-12-09,TMPV,2026-01-27,480.00,CE,0.65,0.65,0.65,0.65,0.65,4800,3200,4,344.70
2025-12-09,TMPV,2026-01-27,380.00,CE,5.00,5.00,3.70,4.10,4.10,527200,51200,354,344.70
2025-12-09,TMPV,2026-02-24,240.00,CE,0.00,0.00,0.00,116.25,107.50,0,0,0,344.70
2025-12-09,TMPV,2025-12-30,370.00,CE,2.20,2.20,1.40,1.80,1.80,9979200,737600,9807,344.70
2025-12-09,TMPV,2025-12-30,400.00,CE,0.50,0.55,0.40,0.50,0.50,13256000,155200,8187,344.70
2025-12-09,TMPV,2025-12-30,240.00,PE,0.00,0.00,0.00,0.05,0.05,0,0,0,344.70
2025-12-09,TMPV,2026-02-24,480.00,CE,0.00,0.00,0.00,1.35,0.15,0,0,0,344.70
2025-12-09,TMPV,2026-01-27,500.00,CE,0.00,0.00,0.00,0.45,0.05,1600,0,0,344.70
2025-12-10,TMPV,2026-01-27,320.00,CE,30.50,30.50,30.00,30.00,30.25,9600,1600,2,343.40
2025-12-10,TMPV,2025-12-30,480.00,CE,0.10,0.10,0.10,0.10,0.10,246400,-5600,7,343.40
2025-12-10,TMPV,2025-12-30,380.00,CE,1.05,1.05,0.75,0.80,0.80,9910400,50400,6916,343.40
2025-12-10,TMPV,2025-12-30,270.00,CE,0.00,0.00,0.00,144.35,74.20,0,0,0,343.40
2025-12-10,TMPV,2025-12-30,320.00,CE,28.00,28.80,24.30,25.15,25.15,362400,6400,122,343.40
2025-12-10,TMPV,2025-12-30,330.00,CE,18.70,20.40,15.70,16.75,16.75,348000,800,531,343.40
2025-12-10,TMPV,2026-01-27,280.00,PE,0.00,0.00,0.00,0.25,0.25,0,0,0,343.40
2025-12-10,TMPV,2026-01-27,500.00,PE,0.00,0.00,0.00,145.65,153.00,27200,0,0,343.40
2025-12-10,TMPV,2026-01-27,260.00,PE,0.00,0.00,0.00,0.10,0.05,0,0,0,343.40
2025-12-10,TMPV,2025-12-30,300.00,CE,46.65,48.45,43.40,43.95,43.95,131200,-44800,171,343.40
2025-12-10,TMPV,2025-12-30,340.00,CE,12.35,13.00,9.30,9.90,9.90,1784800,519200,3324,343.40
2025-12-10,TMPV,2026-01-27,420.00,CE,1.00,1.00,0.80,0.85,0.85,252000,-3200,36,343.40
2025-12-10,TMPV,2026-01-27,460.00,CE,0.00,0.00,0.00,0.45,0.05,99200,0,0,343.40
2025-12-10,TMPV,2025-12-30,280.00,PE,0.00,0.00,0.00,0.10,0.05,7200,0,0,343.40
2025-12-10,TMPV,2025-12-30,300.00,PE,0.35,0.40,0.30,0.35,0.35,1623200,22400,204,343.40
2025-12-10,TMPV,2025-12-30,330.00,PE,2.50,3.15,2.05,2.70,2.70,2877600,140800,2804,343.40
2025-12-10,TMPV,2025-12-30,360.00,PE,16.65,19.20,15.30,18.40,18.40,4880000,-126400,538,343.40
2025-12-10,TMPV,2025-12-30,480.00,PE,0.00,0.00,0.00,120.70,135.15,21600,0,0,343.40
2025-12-10,TMPV,2026-01-27,420.00,PE,0.00,0.00,0.00,70.75,74.05,8000,0,0,343.40
2025-12-10,TMPV,2025-12-30,500.00,CE,0.05,0.10,0.05,0.10,0.10,228000,-8000,14,343.40
2025-12-10,TMPV,2025-12-30,520.00,CE,0.00,0.00,0.00,0.10,0.05,56000,0,0,343.40
2025-12-10,TMPV,2026-01-27,240.00,CE,0.00,0.00,0.00,175.15,105.15,0,0,0,343.40
2025-12-10,TMPV,2026-01-27,330.00,CE,22.50,23.00,22.50,22.90,22.90,16800,16000,21,343.40
2025-12-10,TMPV,2026-01-27,440.00,CE,0.65,0.65,0.55,0.55,0.55,120800,-3200,11,343.40
2025-12-10,TMPV,2026-02-24,360.00,CE,15.65,15.65,13.75,13.75,12.75,21600,4800,9,343.40
2025-12-10,TMPV,2026-02-24,380.00,CE,8.75,9.15,7.95,8.60,6.90,7200,4000,8,343.40
2025-12-10,TMPV,2025-12-30,260.00,PE,0.00,0.00,0.00,0.05,0.05,8800,0,0,343.40
2025-12-10,TMPV,2025-12-30,380.00,PE,34.25,37.45,33.00,36.40,36.40,1667200,0,77,343.40
2025-12-10,TMPV,2026-02-24,300.00,PE,0.00,0.00,0.00,4.55,2.80,0,0,0,343.40
2025-12-10,TMPV,2026-02-24,320.00,PE,0.00,0.00,0.00,9.10,7.00,0,0,0,343.40
2025-12-10,TMPV,2025-12-30,260.00,CE,86.40,86.40,84.00,84.00,84.00,3200,1600,2,343.40
2025-12-10,TMPV,2025-12-30,360.00,CE,3.55,3.80,2.35,2.55,2.55,10766400,729600,7665,343.40
2025-12-10,TMPV,2026-02-24,340.00,CE,0.00,0.00,0.00,33.60,21.65,0,0,0,343.40
2025-12-10,TMPV,2025-12-30,290.00,PE,0.00,0.00,0.00,0.20,0.05,38400,0,0,343.40
2025-12-10,TMPV,2025-12-30,310.00,PE,0.50,0.65,0.40,0.55,0.55,1943200,-9600,616,343.40
2025-12-10,TMPV,2026-01-27,330.00,PE,6.00,6.75,5.55,6.40,6.40,146400,8800,37,343.40
2025-12-10,TMPV,2026-02-24,360.00,PE,0.00,0.00,0.00,22.00,25.25,1600,0,0,343.40
2025-12-10,TMPV,2026-01-27,430.00,PE,83.25,83.25,83.25,83.25,83.75,6400,4000,5,343.40
2025-12-10,TMPV,2025-12-30,420.00,PE,72.50,73.95,72.50,73.50,75.35,386400,8800,13,343.40
2025-12-10,TMPV,2025-12-30,440.00,CE,0.10,0.10,0.10,0.10,0.05,2105600,0,19,343.40
2025-12-10,TMPV,2026-01-27,340.00,CE,18.20,19.00,15.85,16.45,16.45,181600,16000,82,343.40
2025-12-10,TMPV,2026-01-27,410.00,CE,1.40,1.40,1.20,1.25,1.25,51200,3200,15,343.40
2025-12-10,TMPV,2026-01-27,430.00,CE,0.00,0.00,0.00,0.80,0.25,3200,0,0,343.40
2025-12-10,TMPV,2026-02-24,300.00,CE,0.00,0.00,0.00,61.50,49.60,0,0,0,343.40
2025-12-10,TMPV,2025-12-30,400.00,CE,0.50,0.50,0.35,0.35,0.35,13433600,177600,4173,343.40
2025-12-10,TMPV,2026-02-24,240.00,CE,0.00,0.00,0.00,116.25,106.15,0,0,0,343.40
2025-12-10,TMPV,2025-12-30,370.00,CE,1.85,1.95,1.25,1.35,1.35,10299200,320000,8790,343.40
2025-12-10,TMPV,2026-01-27,380.00,CE,4.15,4.40,3.40,3.55,3.55,588000,60800,204,343.40
2025-12-10,TMPV,2025-12-30,370.00,PE,25.15,28.00,23.50,27.30,27.30,2737600,-16000,167,343.40
2025-12-10,TMPV,2026-01-27,370.00,CE,6.80,6.80,5.20,5.40,5.40,176800,31200,107,343.40
2025-12-10,TMPV,2025-12-30,350.00,CE,6.80,7.30,4.75,5.15,5.15,7385600,1299200,11736,343.40
2025-12-10,TMPV,2025-12-30,430.00,CE,0.20,0.20,0.10,0.15,0.15,1984000,-559200,1306,343.40
2025-12-10,TMPV,2026-01-27,280.00,CE,0.00,0.00,0.00,136.00,65.65,0,0,0,343.40
2025-12-10,TMPV,2026-01-27,440.00,PE,92.90,93.00,92.90,93.00,93.55,8800,8800,11,343.40
2025-12-10,TMPV,2026-01-27,410.00,PE,0.00,0.00,0.00,60.60,64.50,0,0,0,343.40
2025-12-10,TMPV,2026-01-27,390.00,PE,0.00,0.00,0.00,39.30,46.15,800,0,0,343.40
2025-12-10,TMPV,2026-01-27,310.00,PE,0.00,0.00,0.00,1.55,2.55,15200,0,0,343.40
2025-12-10,TMPV,2026-01-27,270.00,PE,0.00,0.00,0.00,0.50,0.10,0,0,0,343.40
2025-12-10,TMPV,2026-02-24,400.00,CE,5.50,5.60,5.05,5.05,3.50,39200,4000,15,343.40
2025-12-10,TMPV,2025-12-30,290.00,CE,0.00,0.00,0.00,67.80,54.30,800,0,0,343.40
2025-12-10,TMPV,2026-01-27,380.00,PE,34.90,36.75,34.90,36.75,37.60,94400,1600,7,343.40
2025-12-10,TMPV,2025-12-30,390.00,PE,44.00,46.90,42.10,46.10,46.10,822400,-800,51,343.40
2025-12-10,TMPV,2025-12-30,400.00,PE,53.95,56.20,52.00,56.00,55.50,1530400,-4000,30,343.40
2025-12-10,TMPV,2025-12-30,410.00,PE,63.95,65.50,63.95,65.50,65.50,356000,800,3,343.40
2025-12-10,TMPV,2025-12-30,500.00,PE,0.00,0.00,0.00,150.50,155.10,770400,0,0,343.40
2025-12-10,TMPV,2025-12-30,520.00,PE,0.00,0.00,0.00,162.00,175.05,64800,0,0,343.40
2025-12-10,TMPV,2026-01-27,370.00,PE,28.00,28.50,28.00,28.20,28.20,20800,16800,22,343.40
2025-12-10,TMPV,2025-12-30,350.00,PE,9.70,11.90,8.65,11.00,11.00,4704800,-68000,2225,343.40
2025-12-10,TMPV,2025-12-30,320.00,PE,1.00,1.40,0.90,1.20,1.20,2826400,96800,2497,343.40
2025-12-10,TMPV,2025-12-30,270.00,PE,0.00,0.00,0.00,0.05,0.05,0,0,0,343.40
2025-12-10,TMPV,2026-01-27,520.00,CE,0.00,0.00,0.00,0.10,0.05,20000,0,0,343.40
2025-12-10,TMPV,2026-01-27,360.00,CE,9.10,9.65,7.65,7.85,7.85,637600,56800,206,343.40
2025-12-10,TMPV,2026-01-27,400.00,CE,2.00,2.30,1.70,1.80,1.80,1161600,51200,346,343.40
2025-12-10,TMPV,2026-02-24,420.00,CE,0.00,0.00,0.00,6.00,1.65,4800,0,0,343.40
2025-12-10,TMPV,2026-02-24,380.00,PE,0.00,0.00,0.00,37.55,39.20,0,0,0,343.40
2025-12-10,TMPV,2026-01-27,400.00,PE,51.55,55.00,51.00,55.00,55.15,80000,-2400,23,343.40
2025-12-10,TMPV,2026-01-27,350.00,PE,12.40,15.70,12.40,15.10,15.10,158400,72800,121,343.40
2025-12-10,TMPV,2026-01-27,340.00,PE,9.80,10.55,8.70,10.15,10.15,207200,23200,104,343.40
2025-12-10,TMPV,2026-01-27,390.00,CE,3.35,3.35,2.30,2.40,2.40,128000,8000,58,343.40
2025-12-10,TMPV,2026-01-27,480.00,CE,0.00,0.00,0.00,0.65,0.05,4800,0,0,343.40
2025-12-10,TMPV,2026-02-24,280.00,CE,0.00,0.00,0.00,78.60,67.45,0,0,0,343.40
2025-12-10,TMPV,2026-02-24,440.00,CE,1.60,1.65,1.15,1.35,0.70,30400,27200,34,343.40
2025-12-10,TMPV,2025-12-30,490.00,PE,0.00,0.00,0.00,126.80,145.15,4800,0,0,343.40
2025-12-10,TMPV,2025-12-30,340.00,PE,5.35,6.55,3.95,5.75,5.75,3777600,456800,6097,343.40
2025-12-10,TMPV,2026-02-24,400.00,PE,49.00,49.00,49.00,49.00,55.55,2400,800,1,343.40
2025-12-10,TMPV,2026-02-24,340.00,PE,0.00,0.00,0.00,13.95,14.40,8000,0,0,343.40
2025-12-10,TMPV,2026-02-24,260.00,PE,0.00,0.00,0.00,0.70,0.20,0,0,0,343.40
2025-12-10,TMPV,2026-02-24,240.00,PE,0.00,0.00,0.00,0.20,0.05,0,0,0,343.40
2025-12-10,TMPV,2026-01-27,460.00,PE,0.00,0.00,0.00,98.65,113.30,8000,0,0,343.40
2025-12-10,TMPV,2026-01-27,320.00,PE,3.70,4.10,3.50,4.00,4.00,112800,12000,22,343.40
2025-12-10,TMPV,2026-01-27,240.00,PE,0.00,0.00,0.00,0.05,0.05,0,0,0,343.40
2025-12-10,TMPV,2025-12-30,240.00,CE,0.00,0.00,0.00,423.90,104.10,0,0,0,343.40
2025-12-10,TMPV,2025-12-30,280.00,CE,66.80,66.85,66.80,66.85,64.25,0,0,6,343.40
2025-12-10,TMPV,2025-12-30,310.00,CE,37.00,37.00,33.65,34.00,34.00,213600,2400,11,343.40
2025-12-10,TMPV,2025-12-30,420.00,CE,0.20,0.25,0.15,0.20,0.20,2388000,-240000,495,343.40
2025-12-10,TMPV,2026-01-27,270.00,CE,0.00,0.00,0.00,85.75,75.45,0,0,0,343.40
2025-12-10,TMPV,2026-01-27,300.00,CE,51.20,51.20,51.20,51.20,46.90,32000,-800,1,343.40
2025-12-10,TMPV,2026-01-27,350.00,CE,13.45,13.80,11.40,11.75,11.75,280800,99200,347,343.40
2025-12-10,TMPV,2026-01-27,500.00,CE,0.00,0.00,0.00,0.45,0.05,1600,0,0,343.40
2025-12-10,TMPV,2026-02-24,480.00,CE,0.00,0.00,0.00,1.35,0.10,0,0,0,343.40
2025-12-10,TMPV,2025-12-30,240.00,PE,0.00,0.00,0.00,0.05,0.05,0,0,0,343.40
2025-12-10,TMPV,2025-12-30,440.00,PE,96.00,96.00,95.75,95.75,95.30,51200,-9600,12,343.40
2025-12-10,TMPV,2026-02-24,420.00,PE,0.00,0.00,0.00,68.50,73.45,800,0,0,343.40
2025-12-10,TMPV,2026-02-24,440.00,PE,0.00,0.00,0.00,84.80,92.30,0,0,0,343.40
2025-12-10,TMPV,2026-02-24,480.00,PE,0.00,0.00,0.00,121.65,131.25,0,0,0,343.40
2025-12-10,TMPV,2026-02-24,280.00,PE,0.00,0.00,0.00,1.95,0.85,0,0,0,343.40
2025-12-10,TMPV,2026-01-27,290.00,PE,0.00,0.00,0.00,1.60,0.60,0,0,0,343.40
2025-12-10,TMPV,2025-12-30,410.00,CE,0.30,0.30,0.25,0.25,0.25,3805600,248800,1621,343.40
2025-12-10,TMPV,2025-12-30,460.00,CE,0.15,0.15,0.10,0.15,0.15,295200,-1600,188,343.40
2025-12-10,TMPV,2025-12-30,470.00,CE,0.15,0.15,0.10,0.10,0.05,24800,800,2,343.40
2025-12-10,TMPV,2025-12-30,490.00,CE,0.05,0.05,0.05,0.05,0.05,16000,-800,1,343.40
2025-12-10,TMPV,2026-01-27,310.00,CE,40.50,40.50,40.50,40.50,38.20,1600,800,1,343.40
2025-12-10,TMPV,2026-02-24,320.00,CE,0.00,0.00,0.00,46.35,34.05,0,0,0,343.40
2025-12-10,TMPV,2025-12-30,460.00,PE,115.80,115.80,115.80,115.80,115.20,72000,0,3,343.40
2025-12-10,TMPV,2025-12-30,390.00,CE,0.65,0.70,0.45,0.50,0.50,3709600,8000,3716,343.40
2025-12-10,TMPV,2026-01-27,300.00,PE,1.35,1.45,1.25,1.40,1.40,141600,40800,122,343.40
2025-12-10,TMPV,2025-12-30,470.00,PE,122.15,122.55,122.15,122.55,125.20,46400,0,4,343.40
2025-12-10,TMPV,2025-12-30,450.00,PE,0.00,0.00,0.00,104.00,105.25,218400,0,0,343.40
2025-12-10,TMPV,2025-12-30,450.00,CE,0.10,0.15,0.10,0.15,0.15,1399200,-64800,875,343.40
2025-12-10,TMPV,2026-01-27,290.00,CE,0.00,0.00,0.00,67.10,56.10,0,0,0,343.40
2025-12-10,TMPV,2026-02-24,260.00,CE,0.00,0.00,0.00,97.05,86.55,0,0,0,343.40
2025-12-10,TMPV,2026-01-27,260.00,CE,0.00,0.00,0.00,155.50,85.30,0,0,0,343.40
2025-12-10,TMPV,2025-12-30,430.00,PE,86.00,86.00,85.70,85.70,85.30,91200,-4000,5,343.40
2025-12-10,TMPV,2026-01-27,360.00,PE,18.50,22.25,18.50,21.00,21.00,234400,4000,21,343.40
2025-12-11,TMPV,2026-01-27,290.00,CE,0.00,0.00,0.00,67.10,59.15,0,0,0,346.65
2025-12-11,TMPV,2026-01-27,260.00,CE,0.00,0.00,0.00,155.50,88.50,0,0,0,346.65
2025-12-11,TMPV,2026-01-27,500.00,CE,0.00,0.00,0.00,0.45,0.05,1600,0,0,346.65
2025-12-11,TMPV,2026-02-24,480.00,PE,0.00,0.00,0.00,121.65,128.10,0,0,0,346.65
2025-12-11,TMPV,2026-02-24,440.00,PE,0.00,0.00,0.00,84.80,89.25,0,0,0,346.65
2025-12-11,TMPV,2026-02-24,420.00,PE,0.00,0.00,0.00,68.50,70.50,800,0,0,346.65
2025-12-11,TMPV,2025-12-30,240.00,PE,0.00,0.00,0.00,0.05,0.05,0,0,0,346.65
2025-12-11,TMPV,2025-12-30,440.00,PE,0.00,0.00,0.00,95.75,92.10,51200,0,0,346.65
2025-12-11,TMPV,2026-02-24,480.00,CE,0.00,0.00,0.00,1.35,0.15,0,0,0,346.65
2025-12-11,TMPV,2026-01-27,420.00,PE,0.00,0.00,0.00,70.75,70.95,8000,0,0,346.65
2025-12-11,TMPV,2025-12-30,300.00,CE,44.30,48.70,43.00,48.00,48.00,118400,-12800,42,346.65
2025-12-11,TMPV,2025-12-30,360.00,PE,18.40,19.80,14.10,15.00,15.00,4640800,-239200,681,346.65
2025-12-11,TMPV,2025-12-30,480.00,PE,0.00,0.00,0.00,120.70,132.00,21600,0,0,346.65
2025-12-11,TMPV,2025-12-30,300.00,PE,0.35,0.35,0.25,0.30,0.30,1601600,-21600,126,346.65
2025-12-11,TMPV,2025-12-30,330.00,PE,2.80,2.95,1.60,1.75,1.75,2840000,-37600,2772,346.65
2025-12-11,TMPV,2025-12-30,280.00,PE,0.00,0.00,0.00,0.10,0.05,7200,0,0,346.65
2025-12-11,TMPV,2026-01-27,400.00,CE,1.70,1.90,1.50,1.85,1.85,1222400,60800,278,346.65
2025-12-11,TMPV,2026-01-27,320.00,CE,31.75,31.75,31.75,31.75,32.70,8800,-800,1,346.65
2025-12-11,TMPV,2025-12-30,480.00,CE,0.10,0.10,0.10,0.10,0.05,244800,-1600,2,346.65
2025-12-11,TMPV,2025-12-30,380.00,CE,0.80,0.90,0.60,0.80,0.80,9599200,-311200,10260,346.65
2025-12-11,TMPV,2025-12-30,330.00,CE,16.00,20.50,15.25,19.55,19.55,283200,-64800,559,346.65
2025-12-11,TMPV,2025-12-30,320.00,CE,24.30,29.55,23.80,28.70,28.70,337600,-24800,182,346.65
2025-12-11,TMPV,2025-12-30,270.00,CE,0.00,0.00,0.00,144.35,77.40,0,0,0,346.65
2025-12-11,TMPV,2026-02-24,380.00,PE,0.00,0.00,0.00,37.55,36.75,0,0,0,346.65
2025-12-11,TMPV,2025-12-30,490.00,PE,0.00,0.00,0.00,126.80,141.95,4800,0,0,346.65
2025-12-11,TMPV,2025-12-30,240.00,CE,0.00,0.00,0.00,423.90,107.35,0,0,0,346.65
2025-12-11,TMPV,2025-12-30,280.00,CE,0.00,0.00,0.00,66.85,67.45,0,0,0,346.65
2025-12-11,TMPV,2025-12-30,310.00,CE,34.70,38.85,33.15,38.20,38.20,214400,800,19,346.65
2025-12-11,TMPV,2025-12-30,420.00,CE,0.15,0.25,0.15,0.15,0.15,2453600,65600,793,346.65
2025-12-11,TMPV,2026-01-27,270.00,CE,0.00,0.00,0.00,85.75,78.60,0,0,0,346.65
2025-12-11,TMPV,2026-01-27,300.00,CE,48.60,48.60,48.60,48.60,49.80,32800,800,1,346.65
2025-12-11,TMPV,2026-01-27,350.00,CE,11.35,13.75,10.70,13.45,13.45,339200,58400,270,346.65
2025-12-11,TMPV,2026-01-27,390.00,CE,2.50,2.75,2.30,2.70,2.70,126400,-1600,37,346.65
2025-12-11,TMPV,2026-01-27,480.00,CE,0.00,0.00,0.00,0.65,0.05,4800,0,0,346.65
2025-12-11,TMPV,2026-02-24,280.00,CE,0.00,0.00,0.00,78.60,70.50,0,0,0,346.65
2025-12-11,TMPV,2026-01-27,280.00,CE,0.00,0.00,0.00,136.00,68.80,0,0,0,346.65
2025-12-11,TMPV,2025-12-30,470.00,CE,0.00,0.00,0.00,0.10,0.05,24800,0,0,346.65
2025-12-11,TMPV,2026-02-24,320.00,CE,0.00,0.00,0.00,46.35,36.40,0,0,0,346.65
2025-12-11,TMPV,2025-12-30,490.00,CE,0.00,0.00,0.00,0.05,0.05,16000,0,0,346.65
2025-12-11,TMPV,2026-01-27,310.00,CE,0.00,0.00,0.00,40.50,40.90,1600,0,0,346.65
2025-12-11,TMPV,2025-12-30,460.00,PE,112.30,112.30,111.15,111.15,112.05,72000,0,6,346.65
2025-12-11,TMPV,2026-01-27,290.00,PE,0.00,0.00,0.00,1.60,0.45,0,0,0,346.65
2025-12-11,TMPV,2026-02-24,280.00,PE,0.00,0.00,0.00,1.95,0.70,0,0,0,346.65
2025-12-11,TMPV,2025-12-30,390.00,CE,0.50,0.60,0.40,0.55,0.55,4097600,388000,10334,346.65
2025-12-11,TMPV,2026-01-27,440.00,CE,0.60,0.60,0.50,0.50,0.15,112800,-8000,10,346.65
2025-12-11,TMPV,2026-01-27,500.00,PE,148.30,148.30,148.30,148.30,148.30,28800,1600,2,346.65
2025-12-11,TMPV,2026-01-27,280.00,PE,0.00,0.00,0.00,0.25,0.20,0,0,0,346.65
2025-12-11,TMPV,2025-12-30,350.00,PE,11.00,11.90,7.60,8.15,8.15,4792800,88000,2768,346.65
2025-12-11,TMPV,2025-12-30,320.00,PE,1.10,1.30,0.70,0.75,0.75,2656000,-170400,2630,346.65
2025-12-11,TMPV,2025-12-30,270.00,PE,0.00,0.00,0.00,0.05,0.05,0,0,0,346.65
2025-12-11,TMPV,2026-01-27,520.00,CE,0.00,0.00,0.00,0.10,0.05,20000,0,0,346.65
2025-12-11,TMPV,2026-01-27,360.00,CE,7.65,9.30,7.20,9.00,9.00,601600,-36000,228,346.65
2025-12-11,TMPV,2026-02-24,400.00,CE,5.05,9.55,4.95,5.00,5.00,42400,3200,14,346.65
2025-12-11,TMPV,2025-12-30,290.00,CE,0.00,0.00,0.00,67.80,57.50,800,0,0,346.65
2025-12-11,TMPV,2026-01-27,380.00,PE,36.80,36.80,36.00,36.00,34.95,94400,0,2,346.65
2025-12-11,TMPV,2026-01-27,370.00,PE,27.50,27.50,25.65,25.65,27.30,8800,-12000,23,346.65
2025-12-11,TMPV,2025-12-30,520.00,PE,0.00,0.00,0.00,162.00,171.85,64800,0,0,346.65
2025-12-11,TMPV,2025-12-30,500.00,PE,157.15,157.15,155.80,155.80,151.90,770400,0,2,346.65
2025-12-11,TMPV,2025-12-30,410.00,PE,66.00,66.00,62.25,62.25,62.20,356000,0,8,346.65
2025-12-11,TMPV,2025-12-30,400.00,PE,55.00,57.00,51.40,51.90,51.90,1521600,-8800,30,346.65
2025-12-11,TMPV,2025-12-30,390.00,PE,45.55,47.50,41.85,42.15,42.15,810400,-12000,85,346.65
2025-12-11,TMPV,2026-01-27,400.00,PE,55.00,56.00,50.50,50.50,52.20,85600,5600,13,346.65
2025-12-11,TMPV,2026-01-27,350.00,PE,14.50,16.00,12.40,12.45,12.45,179200,20800,55,346.65
2025-12-11,TMPV,2026-01-27,340.00,PE,10.50,10.60,8.00,8.45,8.45,200000,-7200,58,346.65
2025-12-11,TMPV,2026-02-24,420.00,CE,2.50,3.00,2.25,3.00,1.85,19200,14400,24,346.65
2025-12-11,TMPV,2026-02-24,240.00,CE,0.00,0.00,0.00,116.25,109.35,0,0,0,346.65
2025-12-11,TMPV,2025-12-30,370.00,CE,1.30,1.55,1.10,1.45,1.45,10004000,-295200,8601,346.65
2025-12-11,TMPV,2025-12-30,400.00,CE,0.35,0.40,0.30,0.35,0.35,12501600,-932000,17111,346.65
2025-12-11,TMPV,2026-01-27,260.00,PE,0.00,0.00,0.00,0.10,0.05,0,0,0,346.65
2025-12-11,TMPV,2025-12-30,340.00,CE,10.10,12.65,8.60,12.00,12.00,1600800,-184000,4047,346.65
2025-12-11,TMPV,2026-01-27,420.00,CE,0.80,0.95,0.80,0.90,0.55,170400,-81600,136,346.65
2025-12-11,TMPV,2026-01-27,460.00,CE,0.00,0.00,0.00,0.45,0.05,99200,0,0,346.65
2025-12-11,TMPV,2026-01-27,380.00,CE,3.40,4.10,3.15,3.90,3.90,636000,48000,196,346.65
2025-12-11,TMPV,2026-02-24,400.00,PE,52.25,52.25,52.25,52.25,52.75,3200,800,1,346.65
2025-12-11,TMPV,2026-02-24,340.00,PE,15.00,15.00,12.00,14.40,14.40,12000,4000,12,346.65
2025-12-11,TMPV,2026-02-24,260.00,PE,0.00,0.00,0.00,0.70,0.15,0,0,0,346.65
2025-12-11,TMPV,2026-02-24,440.00,CE,2.85,2.85,2.85,2.85,0.85,30400,0,1,346.65
2025-12-11,TMPV,2026-02-24,240.00,PE,0.00,0.00,0.00,0.20,0.05,0,0,0,346.65
2025-12-11,TMPV,2026-01-27,240.00,PE,0.00,0.00,0.00,0.05,0.05,0,0,0,346.65
2025-12-11,TMPV,2026-01-27,460.00,PE,0.00,0.00,0.00,98.65,110.15,8000,0,0,346.65
2025-12-11,TMPV,2026-01-27,320.00,PE,3.50,3.80,3.05,3.20,3.20,115200,2400,48,346.65
2025-12-11,TMPV,2025-12-30,340.00,PE,5.75,6.30,3.60,3.95,3.95,4446400,668800,6936,346.65
2025-12-11,TMPV,2026-01-27,370.00,CE,5.50,6.35,4.80,5.95,5.95,203200,26400,181,346.65
2025-12-11,TMPV,2025-12-30,370.00,PE,27.60,28.60,22.60,23.15,23.15,2657600,-80000,296,346.65
2025-12-11,TMPV,2026-01-27,270.00,PE,0.00,0.00,0.00,0.50,0.05,0,0,0,346.65
2025-12-11,TMPV,2026-01-27,310.00,PE,2.20,2.80,1.90,1.95,1.95,31200,16000,38,346.65
2025-12-11,TMPV,2026-01-27,440.00,PE,0.00,0.00,0.00,93.00,90.40,8800,0,0,346.65
2025-12-11,TMPV,2026-01-27,390.00,PE,41.80,41.80,41.80,41.80,43.30,3200,2400,3,346.65
2025-12-11,TMPV,2026-01-27,410.00,PE,62.80,62.80,62.80,62.80,61.45,3200,3200,4,346.65
2025-12-11,TMPV,2025-12-30,350.00,CE,4.80,6.70,4.25,6.25,6.25,7203200,-182400,11262,346.65
2025-12-11,TMPV,2025-12-30,430.00,CE,0.15,0.20,0.10,0.15,0.15,1956000,-28000,550,346.65
2025-12-11,TMPV,2025-12-30,460.00,CE,0.15,0.20,0.15,0.15,0.05,296000,800,174,346.65
2025-12-11,TMPV,2025-12-30,410.00,CE,0.20,0.30,0.20,0.25,0.25,3282400,-523200,4356,346.65
2025-12-11,TMPV,2025-12-30,260.00,CE,0.00,0.00,0.00,84.00,87.40,3200,0,0,346.65
2025-12-11,TMPV,2026-02-24,320.00,PE,0.00,0.00,0.00,9.10,6.15,0,0,0,346.65
2025-12-11,TMPV,2026-02-24,300.00,PE,0.00,0.00,0.00,4.55,2.35,0,0,0,346.65
2025-12-11,TMPV,2025-12-30,380.00,PE,37.55,38.10,31.80,32.80,32.80,1652000,-15200,108,346.65
2025-12-11,TMPV,2025-12-30,260.00,PE,0.00,0.00,0.00,0.05,0.05,8800,0,0,346.65
2025-12-11,TMPV,2026-02-24,380.00,CE,8.00,8.60,8.00,8.50,7.70,7200,0,3,346.65
2025-12-11,TMPV,2026-02-24,360.00,CE,14.30,15.80,14.30,15.05,15.05,23200,1600,11,346.65
2025-12-11,TMPV,2026-01-27,330.00,CE,24.20,24.20,23.50,24.05,25.35,16000,-800,6,346.65
2025-12-11,TMPV,2026-01-27,240.00,CE,0.00,0.00,0.00,175.15,108.35,0,0,0,346.65
2025-12-11,TMPV,2025-12-30,520.00,CE,0.00,0.00,0.00,0.10,0.05,56000,0,0,346.65
2025-12-11,TMPV,2025-12-30,500.00,CE,0.10,0.10,0.05,0.05,0.05,227200,-800,2,346.65
2025-12-11,TMPV,2025-12-30,360.00,CE,2.65,3.20,2.10,2.85,2.85,10708000,-58400,11144,346.65
2025-12-11,TMPV,2026-01-27,340.00,CE,17.00,19.10,15.75,18.95,18.95,188000,6400,60,346.65
2025-12-11,TMPV,2025-12-30,310.00,PE,0.55,0.55,0.35,0.40,0.40,1932000,-11200,1117,346.65
2025-12-11,TMPV,2025-12-30,420.00,PE,73.95,75.10,71.40,71.40,72.15,387200,800,12,346.65
2025-12-11,TMPV,2026-01-27,330.00,PE,6.00,6.25,5.00,5.25,5.25,160000,13600,68,346.65
2025-12-11,TMPV,2026-01-27,430.00,PE,0.00,0.00,0.00,83.25,80.65,6400,0,0,346.65
2025-12-11,TMPV,2026-02-24,360.00,PE,0.00,0.00,0.00,22.00,23.25,1600,0,0,346.65
2025-12-11,TMPV,2026-01-27,430.00,CE,0.00,0.00,0.00,0.80,0.30,3200,0,0,346.65
2025-12-11,TMPV,2026-01-27,410.00,CE,1.25,1.25,1.10,1.20,1.20,56000,4800,7,346.65
2025-12-11,TMPV,2026-02-24,300.00,CE,0.00,0.00,0.00,61.50,52.40,0,0,0,346.65
2025-12-11,TMPV,2026-02-24,340.00,CE,0.00,0.00,0.00,33.60,23.45,0,0,0,346.65
2025-12-11,TMPV,2025-12-30,290.00,PE,0.00,0.00,0.00,0.20,0.05,38400,0,0,346.65
2025-12-11,TMPV,2025-12-30,440.00,CE,0.10,0.15,0.10,0.15,0.15,2040000,-65600,720,346.65
2025-12-11,TMPV,2026-01-27,300.00,PE,1.40,1.45,1.05,1.15,1.15,236000,94400,254,346.65
2025-12-11,TMPV,2025-12-30,470.00,PE,124.30,124.30,124.30,124.30,122.00,46400,0,3,346.65
2025-12-11,TMPV,2025-12-30,450.00,CE,0.10,0.15,0.10,0.15,0.15,1046400,-352800,854,346.65
2025-12-11,TMPV,2026-02-24,260.00,CE,0.00,0.00,0.00,97.05,89.70,0,0,0,346.65
2025-12-11,TMPV,2026-01-27,360.00,PE,22.00,22.00,18.00,18.50,18.50,233600,-800,18,346.65
2025-12-11,TMPV,2025-12-30,450.00,PE,0.00,0.00,0.00,104.00,102.05,218400,0,0,346.65
2025-12-11,TMPV,2025-12-30,430.00,PE,0.00,0.00,0.00,85.70,82.10,91200,0,0,346.65
2025-12-12,TMPV,2026-02-24,260.00,PE,0.00,0.00,0.00,0.70,0.15,0,0,0,347.45
2025-12-12,TMPV,2026-01-27,460.00,PE,0.00,0.00,0.00,98.65,109.40,8000,0,0,347.45
2025-12-12,TMPV,2025-12-30,330.00,PE,1.75,1.90,1.30,1.45,1.45,2691200,-148800,2361,347.45
2025-12-12,TMPV,2025-12-30,340.00,CE,12.75,14.00,10.55,12.45,12.45,1564800,-36000,2405,347.45
2025-12-12,TMPV,2025-12-30,300.00,PE,0.30,0.35,0.25,0.35,0.35,1628800,27200,138,347.45
2025-12-12,TMPV,2025-12-30,280.00,PE,0.00,0.00,0.00,0.10,0.05,7200,0,0,347.45
2025-12-12,TMPV,2026-01-27,420.00,PE,68.55,69.50,68.55,69.50,70.20,9600,1600,5,347.45
2025-12-12,TMPV,2025-12-30,480.00,PE,0.00,0.00,0.00,120.70,131.25,21600,0,0,347.45
2025-12-12,TMPV,2026-01-27,420.00,CE,0.90,0.90,0.85,0.90,0.55,206400,36000,59,347.45
2025-12-12,TMPV,2026-01-27,460.00,CE,0.00,0.00,0.00,0.45,0.05,99200,0,0,347.45
2025-12-12,TMPV,2025-12-30,360.00,PE,14.15,16.00,12.40,13.60,13.60,4462400,-178400,899,347.45
2025-12-12,TMPV,2026-01-27,260.00,PE,0.00,0.00,0.00,0.10,0.05,0,0,0,347.45
2025-12-12,TMPV,2025-12-30,300.00,CE,50.00,50.80,46.50,49.20,49.20,122400,4000,58,347.45
2025-12-12,TMPV,2026-01-27,380.00,CE,4.25,4.40,3.65,4.00,4.00,700800,64800,216,347.45
2025-12-12,TMPV,2025-12-30,370.00,CE,1.55,1.65,1.20,1.40,1.40,10128800,124800,9077,347.45
2025-12-12,TMPV,2025-12-30,400.00,CE,0.35,0.40,0.30,0.30,0.30,11661600,-840000,9922,347.45
2025-12-12,TMPV,2026-01-27,270.00,CE,0.00,0.00,0.00,85.75,79.35,0,0,0,347.45
2025-12-12,TMPV,2026-02-24,240.00,PE,0.00,0.00,0.00,0.20,0.05,0,0,0,347.45
2025-12-12,TMPV,2026-02-24,240.00,CE,0.00,0.00,0.00,116.25,110.15,0,0,0,347.45
2025-12-12,TMPV,2026-01-27,430.00,PE,0.00,0.00,0.00,83.25,79.90,6400,0,0,347.45
2025-12-12,TMPV,2026-01-27,340.00,CE,18.75,19.95,17.95,19.35,19.35,288000,100000,159,347.45
2025-12-12,TMPV,2026-01-27,330.00,PE,5.05,5.60,4.60,5.00,5.00,172000,12000,40,347.45
2025-12-12,TMPV,2025-12-30,440.00,CE,0.10,0.10,0.10,0.10,0.05,2040000,0,4,347.45
2025-12-12,TMPV,2026-02-24,340.00,CE,25.80,25.80,25.80,25.80,23.75,800,800,1,347.45
2025-12-12,TMPV,2026-02-24,300.00,CE,0.00,0.00,0.00,61.50,53.00,0,0,0,347.45
2025-12-12,TMPV,2025-12-30,420.00,PE,70.20,70.20,70.05,70.05,70.05,388000,800,2,347.45
2025-12-12,TMPV,2026-01-27,410.00,CE,1.15,1.25,1.15,1.20,1.20,197600,141600,227,347.45
2025-12-12,TMPV,2025-12-30,310.00,PE,0.30,0.40,0.30,0.35,0.35,1932800,800,201,347.45
2025-12-12,TMPV,2025-12-30,290.00,PE,0.20,0.20,0.10,0.15,0.05,36800,-1600,10,347.45
2025-12-12,TMPV,2026-01-27,430.00,CE,0.00,0.00,0.00,0.80,0.30,3200,0,0,347.45
2025-12-12,TMPV,2026-02-24,360.00,PE,0.00,0.00,0.00,22.00,22.70,1600,0,0,347.45
2025-12-12,TMPV,2025-12-30,400.00,PE,51.30,53.60,49.45,50.70,50.70,1519200,-2400,31,347.45
2025-12-12,TMPV,2025-12-30,410.00,PE,60.55,61.40,60.00,60.00,61.50,358400,2400,11,347.45
2025-12-12,TMPV,2025-12-30,500.00,PE,153.45,153.45,151.95,151.95,151.20,769600,-800,11,347.45
2025-12-12,TMPV,2025-12-30,520.00,PE,0.00,0.00,0.00,162.00,171.15,64800,0,0,347.45
2025-12-12,TMPV,2026-01-27,370.00,PE,25.75,25.75,23.40,23.40,26.65,9600,800,3,347.45
2025-12-12,TMPV,2026-01-27,380.00,PE,0.00,0.00,0.00,36.00,34.25,94400,0,0,347.45
2025-12-12,TMPV,2025-12-30,390.00,PE,40.40,43.75,39.70,39.70,41.85,814400,4000,22,347.45
2025-12-12,TMPV,2026-02-24,400.00,CE,5.00,5.00,3.50,5.00,3.95,48000,5600,28,347.45
2025-12-12,TMPV,2025-12-30,290.00,CE,0.00,0.00,0.00,67.80,58.25,800,0,0,347.45
2025-12-12,TMPV,2025-12-30,390.00,CE,0.50,0.60,0.45,0.50,0.50,4195200,97600,4945,347.45
2025-12-12,TMPV,2025-12-30,410.00,CE,0.25,0.30,0.20,0.25,0.25,3256800,-25600,1310,347.45
2025-12-12,TMPV,2026-02-24,280.00,PE,0.00,0.00,0.00,1.95,0.65,0,0,0,347.45
2025-12-12,TMPV,2025-12-30,460.00,CE,0.15,0.15,0.10,0.15,0.15,306400,10400,128,347.45
2025-12-12,TMPV,2025-12-30,470.00,CE,0.00,0.00,0.00,0.10,0.05,24800,0,0,347.45
2025-12-12,TMPV,2025-12-30,490.00,CE,0.05,0.05,0.05,0.05,0.05,8800,-7200,9,347.45
2025-12-12,TMPV,2026-01-27,310.00,CE,0.00,0.00,0.00,40.50,41.50,1600,0,0,347.45
2025-12-12,TMPV,2026-02-24,320.00,CE,0.00,0.00,0.00,46.35,36.85,0,0,0,347.45
2025-12-12,TMPV,2025-12-30,460.00,PE,0.00,0.00,0.00,111.15,111.30,72000,0,0,347.45
2025-12-12,TMPV,2026-01-27,290.00,PE,0.00,0.00,0.00,1.60,0.40,0,0,0,347.45
2025-12-12,TMPV,2026-02-24,420.00,CE,2.60,2.80,2.60,2.60,1.85,48000,28800,36,347.45
2025-12-12,TMPV,2025-12-30,380.00,CE,0.90,0.95,0.70,0.80,0.80,9113600,-485600,4726,347.45
2025-12-12,TMPV,2025-12-30,480.00,CE,0.05,0.05,0.05,0.05,0.05,242400,-2400,3,347.45
2025-12-12,TMPV,2026-01-27,320.00,CE,32.55,32.55,32.55,32.55,33.20,54400,45600,61,347.45
2025-12-12,TMPV,2026-01-27,400.00,CE,1.95,2.00,1.65,1.85,1.85,1254400,32000,218,347.45
2025-12-12,TMPV,2026-01-27,340.00,PE,8.30,8.90,7.40,7.90,7.90,228000,28000,64,347.45
2025-12-12,TMPV,2026-01-27,350.00,PE,12.40,13.75,11.45,12.15,12.15,290400,111200,200,347.45
2025-12-12,TMPV,2026-01-27,400.00,PE,51.00,52.00,49.00,49.00,51.45,88000,2400,11,347.45
2025-12-12,TMPV,2026-02-24,380.00,PE,0.00,0.00,0.00,37.55,36.10,0,0,0,347.45
2025-12-12,TMPV,2025-12-30,320.00,CE,29.80,31.50,27.15,30.10,30.10,344000,6400,186,347.45
2025-12-12,TMPV,2025-12-30,270.00,CE,0.00,0.00,0.00,144.35,78.20,0,0,0,347.45
2025-12-12,TMPV,2025-12-30,330.00,CE,20.50,22.25,18.20,20.80,20.80,272800,-10400,469,347.45
2025-12-12,TMPV,2026-02-24,380.00,CE,9.00,9.45,9.00,9.45,9.45,8000,800,2,347.45
2025-12-12,TMPV,2026-01-27,240.00,CE,0.00,0.00,0.00,175.15,109.10,0,0,0,347.45
2025-12-12,TMPV,2025-12-30,360.00,CE,3.00,3.55,2.45,2.95,2.95,11218400,510400,9990,347.45
2025-12-12,TMPV,2025-12-30,500.00,CE,0.05,0.10,0.05,0.10,0.05,226400,-800,3,347.45
2025-12-12,TMPV,2026-02-24,300.00,PE,0.00,0.00,0.00,4.55,2.20,0,0,0,347.45
2025-12-12,TMPV,2026-02-24,320.00,PE,0.00,0.00,0.00,9.10,5.85,0,0,0,347.45
2025-12-12,TMPV,2025-12-30,260.00,CE,0.00,0.00,0.00,84.00,88.15,3200,0,0,347.45
2025-12-12,TMPV,2026-01-27,330.00,CE,24.50,26.50,24.50,26.50,26.50,16800,800,4,347.45
2025-12-12,TMPV,2026-02-24,360.00,CE,14.70,16.10,14.50,16.10,14.15,37600,14400,40,347.45
2025-12-12,TMPV,2025-12-30,520.00,CE,0.00,0.00,0.00,0.10,0.05,56000,0,0,347.45
2025-12-12,TMPV,2025-12-30,380.00,PE,31.00,33.90,29.85,31.80,31.80,1654400,2400,75,347.45
2025-12-12,TMPV,2025-12-30,260.00,PE,0.05,0.05,0.05,0.05,0.05,8000,-800,1,347.45
2025-12-12,TMPV,2026-01-27,410.00,PE,0.00,0.00,0.00,62.80,60.70,3200,0,0,347.45
2025-12-12,TMPV,2026-01-27,440.00,PE,0.00,0.00,0.00,93.00,89.70,8800,0,0,347.45
2025-12-12,TMPV,2026-01-27,310.00,PE,1.70,2.05,1.70,1.90,1.90,46400,15200,26,347.45
2025-12-12,TMPV,2025-12-30,350.00,CE,6.35,7.50,5.30,6.45,6.45,7149600,-53600,12093,347.45
2025-12-12,TMPV,2025-12-30,430.00,CE,0.10,0.15,0.10,0.15,0.15,1952800,-3200,44,347.45
2025-12-12,TMPV,2026-01-27,280.00,CE,0.00,0.00,0.00,136.00,69.55,0,0,0,347.45
2025-12-12,TMPV,2026-01-27,370.00,CE,6.25,6.60,5.50,5.95,5.95,263200,60000,102,347.45
2025-12-12,TMPV,2025-12-30,370.00,PE,22.50,24.75,20.60,21.90,21.90,2580800,-76800,357,347.45
2025-12-12,TMPV,2026-01-27,270.00,PE,0.00,0.00,0.00,0.50,0.05,0,0,0,347.45
2025-12-12,TMPV,2026-01-27,390.00,PE,0.00,0.00,0.00,41.80,42.60,3200,0,0,347.45
2025-12-12,TMPV,2026-01-27,520.00,CE,0.00,0.00,0.00,0.10,0.05,20000,0,0,347.45
2025-12-12,TMPV,2025-12-30,270.00,PE,0.00,0.00,0.00,0.05,0.05,0,0,0,347.45
2025-12-12,TMPV,2025-12-30,350.00,PE,7.60,8.95,6.45,7.25,7.25,5016000,223200,3418,347.45
2025-12-12,TMPV,2025-12-30,320.00,PE,0.75,0.80,0.60,0.70,0.70,2644000,-12000,1151,347.45
2025-12-12,TMPV,2026-01-27,360.00,CE,9.35,10.20,8.60,9.20,9.20,608800,7200,212,347.45
2025-12-12,TMPV,2026-01-27,440.00,CE,0.50,0.55,0.50,0.50,0.50,96800,-16000,24,347.45
2025-12-12,TMPV,2026-01-27,500.00,PE,148.30,148.30,148.30,148.30,149.10,36000,7200,9,347.45
2025-12-12,TMPV,2026-01-27,280.00,PE,0.00,0.00,0.00,0.25,0.15,0,0,0,347.45
2025-12-12,TMPV,2026-01-27,300.00,PE,1.15,1.15,1.05,1.05,1.05,255200,19200,82,347.45
2025-12-12,TMPV,2025-12-30,450.00,CE,0.10,0.10,0.05,0.05,0.05,972800,-73600,427,347.45
2025-12-12,TMPV,2025-12-30,470.00,PE,119.45,119.45,119.45,119.45,121.30,46400,0,3,347.45
2025-12-12,TMPV,2026-01-27,360.00,PE,17.65,19.30,17.50,17.50,17.50,237600,4000,23,347.45
2025-12-12,TMPV,2026-01-27,260.00,CE,0.00,0.00,0.00,155.50,89.25,0,0,0,347.45
2025-12-12,TMPV,2026-01-27,290.00,CE,0.00,0.00,0.00,67.10,59.85,0,0,0,347.45
2025-12-12,TMPV,2025-12-30,450.00,PE,102.00,103.00,99.55,99.55,101.35,218400,0,22,347.45
2025-12-12,TMPV,2025-12-30,430.00,PE,0.00,0.00,0.00,85.70,81.40,91200,0,0,347.45
2025-12-12,TMPV,2026-02-24,260.00,CE,0.00,0.00,0.00,97.05,90.45,0,0,0,347.45
2025-12-12,TMPV,2026-02-24,480.00,PE,0.00,0.00,0.00,121.65,127.35,0,0,0,347.45
2025-12-12,TMPV,2026-02-24,440.00,PE,0.00,0.00,0.00,84.80,88.50,0,0,0,347.45
2025-12-12,TMPV,2026-02-24,420.00,PE,0.00,0.00,0.00,68.50,69.75,800,0,0,347.45
2025-12-12,TMPV,2025-12-30,440.00,PE,0.00,0.00,0.00,95.75,91.35,51200,0,0,347.45
2025-12-12,TMPV,2025-12-30,240.00,PE,0.00,0.00,0.00,0.05,0.05,0,0,0,347.45
2025-12-12,TMPV,2026-02-24,480.00,CE,0.00,0.00,0.00,1.35,0.15,0,0,0,347.45
2025-12-12,TMPV,2026-01-27,500.00,CE,0.00,0.00,0.00,0.45,0.05,1600,0,0,347.45
2025-12-12,TMPV,2026-01-27,320.00,PE,2.80,3.35,2.75,2.90,2.90,125600,10400,73,347.45
2025-12-12,TMPV,2026-01-27,240.00,PE,0.00,0.00,0.00,0.05,0.05,0,0,0,347.45
2025-12-12,TMPV,2025-12-30,490.00,PE,0.00,0.00,0.00,126.80,141.20,4800,0,0,347.45
2025-12-12,TMPV,2025-12-30,340.00,PE,4.00,4.30,3.00,3.35,3.35,4471200,24800,5162,347.45
2025-12-12,TMPV,2026-02-24,440.00,CE,0.00,0.00,0.00,2.85,0.80,30400,0,0,347.45
2025-12-12,TMPV,2026-02-24,280.00,CE,0.00,0.00,0.00,78.60,71.20,0,0,0,347.45
2025-12-12,TMPV,2026-01-27,480.00,CE,0.00,0.00,0.00,0.65,0.05,4800,0,0,347.45
2025-12-12,TMPV,2026-01-27,390.00,CE,2.75,2.85,2.45,2.65,2.65,139200,12800,47,347.45
2025-12-12,TMPV,2026-01-27,350.00,CE,13.95,14.80,12.50,13.35,13.35,506400,167200,550,347.45
2025-12-12,TMPV,2026-01-27,300.00,CE,51.20,53.60,51.00,52.00,52.00,35200,2400,8,347.45
2025-12-12,TMPV,2025-12-30,420.00,CE,0.15,0.20,0.15,0.15,0.15,2390400,-63200,409,347.45
2025-12-12,TMPV,2025-12-30,310.00,CE,38.25,39.50,36.85,37.85,38.55,214400,0,12,347.45
2025-12-12,TMPV,2025-12-30,280.00,CE,0.00,0.00,0.00,66.85,68.20,0,0,0,347.45
2025-12-12,TMPV,2025-12-30,240.00,CE,108.00,108.00,106.05,106.05,108.10,800,800,2,347.45
2025-12-12,TMPV,2026-02-24,400.00,PE,0.00,0.00,0.00,52.25,52.05,3200,0,0,347.45
2025-12-12,TMPV,2026-02-24,340.00,PE,13.00,13.00,11.25,11.35,11.35,15200,3200,4,347.45
2025-12-15,TMPV,2026-02-24,360.00,PE,22.00,22.00,22.00,22.00,22.55,2400,800,1,347.15
2025-12-15,TMPV,2025-12-30,420.00,PE,73.50,73.50,71.00,71.30,71.30,392800,4800,7,347.15
2025-12-15,TMPV,2026-01-27,430.00,CE,0.00,0.00,0.00,0.80,0.25,3200,0,0,347.15
2025-12-15,TMPV,2026-01-27,440.00,PE,89.50,89.75,89.50,89.75,90.15,22400,13600,17,347.15
2025-12-15,TMPV,2025-12-30,350.00,CE,6.15,6.30,4.25,5.70,5.70,7765600,616000,10322,347.15
2025-12-15,TMPV,2025-12-30,430.00,CE,0.15,0.15,0.10,0.10,0.10,1928000,-24800,155,347.15
2025-12-15,TMPV,2026-01-27,280.00,CE,0.00,0.00,0.00,136.00,69.10,0,0,0,347.15
2025-12-15,TMPV,2025-12-30,370.00,PE,24.70,26.70,22.00,22.80,22.80,2553600,-27200,109,347.15
2025-12-15,TMPV,2026-01-27,370.00,CE,5.25,5.95,4.95,5.75,5.75,288000,24800,158,347.15
2025-12-15,TMPV,2026-01-27,270.00,PE,0.00,0.00,0.00,0.50,0.05,0,0,0,347.15
2025-12-15,TMPV,2026-01-27,310.00,PE,2.10,2.15,1.65,1.70,1.70,58400,12000,29,347.15
2025-12-15,TMPV,2026-01-27,390.00,PE,0.00,0.00,0.00,41.80,42.70,3200,0,0,347.15
2025-12-15,TMPV,2026-01-27,410.00,PE,0.00,0.00,0.00,62.80,61.00,3200,0,0,347.15
2025-12-15,TMPV,2025-12-30,400.00,CE,0.30,0.30,0.20,0.30,0.30,11350400,-311200,3006,347.15
2025-12-15,TMPV,2025-12-30,370.00,CE,1.30,1.35,0.95,1.30,1.30,10218400,89600,9190,347.15
2025-12-15,TMPV,2026-02-24,240.00,CE,0.00,0.00,0.00,116.25,109.70,0,0,0,347.15
2025-12-15,TMPV,2026-01-27,380.00,CE,3.55,3.90,3.30,3.80,3.80,745600,44800,262,347.15
2025-12-15,TMPV,2026-02-24,480.00,PE,0.00,0.00,0.00,121.65,127.85,0,0,0,347.15
2025-12-15,TMPV,2026-02-24,420.00,PE,0.00,0.00,0.00,68.50,70.05,800,0,0,347.15
2025-12-15,TMPV,2026-01-27,500.00,CE,0.00,0.00,0.00,0.45,0.05,1600,0,0,347.15
2025-12-15,TMPV,2026-02-24,480.00,CE,0.00,0.00,0.00,1.35,0.10,0,0,0,347.15
2025-12-15,TMPV,2025-12-30,240.00,PE,0.00,0.00,0.00,0.05,0.05,0,0,0,347.15
2025-12-15,TMPV,2025-12-30,440.00,PE,0.00,0.00,0.00,95.75,91.85,51200,0,0,347.15
2025-12-15,TMPV,2026-02-24,440.00,PE,0.00,0.00,0.00,84.80,88.90,0,0,0,347.15
2025-12-15,TMPV,2025-12-30,410.00,CE,0.25,0.25,0.15,0.20,0.20,3064800,-192000,1800,347.15
2025-12-15,TMPV,2025-12-30,390.00,CE,0.45,0.50,0.35,0.45,0.45,4582400,387200,5943,347.15
2025-12-15,TMPV,2025-12-30,460.00,CE,0.10,0.10,0.05,0.05,0.05,307200,800,4,347.15
2025-12-15,TMPV,2025-12-30,310.00,PE,0.40,0.40,0.30,0.30,0.30,1999200,66400,202,347.15
2025-12-15,TMPV,2025-12-30,470.00,CE,0.00,0.00,0.00,0.10,0.05,24800,0,0,347.15
2025-12-15,TMPV,2025-12-30,490.00,CE,0.00,0.00,0.00,0.05,0.05,8800,0,0,347.15
2025-12-15,TMPV,2026-01-27,310.00,CE,38.70,39.25,38.70,39.25,40.90,4000,2400,3,347.15
2025-12-15,TMPV,2026-02-24,320.00,CE,0.00,0.00,0.00,46.35,36.20,0,0,0,347.15
2025-12-15,TMPV,2025-12-30,460.00,PE,0.00,0.00,0.00,111.15,111.80,72000,0,0,347.15
2025-12-15,TMPV,2026-01-27,290.00,PE,0.00,0.00,0.00,1.60,0.35,0,0,0,347.15
2025-12-15,TMPV,2026-02-24,280.00,PE,0.00,0.00,0.00,1.95,0.55,0,0,0,347.15
2025-12-15,TMPV,2026-02-24,400.00,CE,4.00,4.65,4.00,4.30,4.30,80800,32800,61,347.15
2025-12-15,TMPV,2025-12-30,400.00,PE,53.80,56.00,51.45,51.75,51.75,1480000,-39200,176,347.15
2025-12-15,TMPV,2025-12-30,410.00,PE,65.00,65.00,62.95,63.15,61.95,356000,-2400,18,347.15
2025-12-15,TMPV,2026-01-27,380.00,PE,35.00,35.00,35.00,35.00,34.25,94400,0,2,347.15
2025-12-15,TMPV,2025-12-30,500.00,PE,151.95,151.95,151.45,151.60,151.60,770400,800,6,347.15
2025-12-15,TMPV,2025-12-30,520.00,PE,0.00,0.00,0.00,162.00,171.70,64800,0,0,347.15
2025-12-15,TMPV,2026-01-27,370.00,PE,26.50,27.75,24.25,24.25,24.25,10400,800,7,347.15
2025-12-15,TMPV,2025-12-30,290.00,CE,0.00,0.00,0.00,67.80,57.80,800,0,0,347.15
2025-12-15,TMPV,2025-12-30,390.00,PE,44.30,45.00,41.95,42.10,42.10,816800,2400,14,347.15
2025-12-15,TMPV,2026-01-27,480.00,CE,0.00,0.00,0.00,0.65,0.05,4800,0,0,347.15
2025-12-15,TMPV,2026-02-24,280.00,CE,0.00,0.00,0.00,78.60,70.70,0,0,0,347.15
2025-12-15,TMPV,2025-12-30,310.00,CE,35.85,38.55,35.10,38.35,38.35,216800,2400,11,347.15
2025-12-15,TMPV,2025-12-30,420.00,CE,0.15,0.15,0.10,0.15,0.15,2356000,-34400,184,347.15
2025-12-15,TMPV,2026-01-27,460.00,PE,0.00,0.00,0.00,98.65,109.90,8000,0,0,347.15
2025-12-15,TMPV,2026-02-24,240.00,PE,0.00,0.00,0.00,0.20,0.05,0,0,0,347.15
2025-12-15,TMPV,2026-01-27,320.00,PE,3.20,3.80,2.80,2.85,2.85,144800,19200,105,347.15
2025-12-15,TMPV,2026-01-27,390.00,CE,2.15,2.55,2.15,2.50,2.50,153600,14400,60,347.15
2025-12-15,TMPV,2026-01-27,350.00,CE,13.00,13.30,11.10,12.95,12.95,565600,59200,366,347.15
2025-12-15,TMPV,2026-01-27,300.00,CE,48.85,49.25,48.85,49.25,49.90,33600,-1600,2,347.15
2025-12-15,TMPV,2026-01-27,240.00,PE,0.00,0.00,0.00,0.05,0.05,0,0,0,347.15
2025-12-15,TMPV,2025-12-30,490.00,PE,0.00,0.00,0.00,126.80,141.75,4800,0,0,347.15
2025-12-15,TMPV,2025-12-30,340.00,PE,4.00,4.95,2.90,3.15,3.15,4627200,156000,6829,347.15
2025-12-15,TMPV,2026-02-24,440.00,CE,0.00,0.00,0.00,2.85,0.70,30400,0,0,347.15
2025-12-15,TMPV,2026-02-24,260.00,PE,0.00,0.00,0.00,0.70,0.10,0,0,0,347.15
2025-12-15,TMPV,2026-01-27,270.00,CE,0.00,0.00,0.00,85.75,78.95,0,0,0,347.15
2025-12-15,TMPV,2026-02-24,340.00,PE,12.95,12.95,12.70,12.70,12.35,16800,1600,2,347.15
2025-12-15,TMPV,2026-02-24,400.00,PE,0.00,0.00,0.00,52.25,52.20,3200,0,0,347.15
2025-12-15,TMPV,2025-12-30,240.00,CE,0.00,0.00,0.00,106.05,107.70,800,0,0,347.15
2025-12-15,TMPV,2025-12-30,280.00,CE,0.00,0.00,0.00,66.85,67.80,0,0,0,347.15
2025-12-15,TMPV,2025-12-30,300.00,PE,0.35,0.35,0.25,0.30,0.30,1653600,24800,71,347.15
2025-12-15,TMPV,2025-12-30,330.00,PE,1.75,2.05,1.15,1.30,1.30,2929600,238400,3338,347.15
2025-12-15,TMPV,2025-12-30,360.00,PE,14.95,18.10,13.45,14.10,14.10,4443200,-19200,570,347.15
2025-12-15,TMPV,2025-12-30,480.00,PE,132.50,132.50,132.00,132.30,131.75,16800,-4800,12,347.15
2025-12-15,TMPV,2026-01-27,260.00,PE,0.00,0.00,0.00,0.10,0.05,0,0,0,347.15
2025-12-15,TMPV,2026-01-27,420.00,PE,67.50,67.50,67.50,67.50,70.60,10400,800,1,347.15
2025-12-15,TMPV,2025-12-30,340.00,CE,11.05,12.25,8.80,11.55,11.55,1626400,61600,3370,347.15
2025-12-15,TMPV,2026-01-27,420.00,CE,0.75,0.90,0.75,0.90,0.90,214400,8000,25,347.15
2025-12-15,TMPV,2026-01-27,460.00,CE,0.00,0.00,0.00,0.45,0.05,99200,0,0,347.15
2025-12-15,TMPV,2025-12-30,280.00,PE,0.00,0.00,0.00,0.10,0.05,7200,0,0,347.15
2025-12-15,TMPV,2025-12-30,300.00,CE,47.50,48.90,44.30,48.90,48.90,100800,-21600,62,347.15
2025-12-15,TMPV,2026-01-27,400.00,CE,1.65,1.80,1.55,1.75,1.75,1359200,104800,221,347.15
2025-12-15,TMPV,2026-02-24,420.00,CE,2.85,2.85,2.85,2.85,1.65,48000,0,1,347.15
2025-12-15,TMPV,2026-01-27,340.00,PE,9.40,9.70,7.80,7.90,7.90,254400,26400,108,347.15
2025-12-15,TMPV,2026-02-24,380.00,PE,0.00,0.00,0.00,37.55,36.10,0,0,0,347.15
2025-12-15,TMPV,2026-01-27,400.00,PE,51.00,53.20,49.95,50.60,50.60,97600,9600,32,347.15
2025-12-15,TMPV,2026-01-27,350.00,PE,13.10,14.90,12.15,12.40,12.40,352800,62400,181,347.15
2025-12-15,TMPV,2025-12-30,270.00,CE,0.00,0.00,0.00,144.35,77.75,0,0,0,347.15
2025-12-15,TMPV,2025-12-30,320.00,CE,25.05,29.75,24.70,28.90,28.90,307200,-36800,123,347.15
2025-12-15,TMPV,2025-12-30,330.00,CE,19.10,20.55,16.00,19.60,19.60,279200,6400,618,347.15
2025-12-15,TMPV,2025-12-30,380.00,CE,0.65,0.95,0.50,0.70,0.70,10311200,1197600,9426,347.15
2025-12-15,TMPV,2025-12-30,480.00,CE,0.10,0.10,0.05,0.05,0.05,241600,-800,2,347.15
2025-12-15,TMPV,2026-01-27,320.00,CE,30.00,32.00,30.00,32.00,32.50,62400,8000,11,347.15
2025-12-15,TMPV,2026-01-27,280.00,PE,0.00,0.00,0.00,0.25,0.15,0,0,0,347.15
2025-12-15,TMPV,2026-01-27,500.00,PE,148.30,149.00,148.30,149.00,149.00,37600,1600,4,347.15
2025-12-15,TMPV,2026-01-27,360.00,CE,8.15,9.10,7.55,8.70,8.70,703200,94400,377,347.15
2025-12-15,TMPV,2025-12-30,320.00,PE,0.80,0.85,0.50,0.55,0.55,2691200,47200,1497,347.15
2025-12-15,TMPV,2025-12-30,270.00,PE,0.00,0.00,0.00,0.05,0.05,0,0,0,347.15
2025-12-15,TMPV,2026-01-27,520.00,CE,0.00,0.00,0.00,0.10,0.05,20000,0,0,347.15
2025-12-15,TMPV,2026-01-27,440.00,CE,0.50,0.55,0.50,0.55,0.55,80800,-16000,28,347.15
2025-12-15,TMPV,2025-12-30,350.00,PE,9.40,10.35,6.80,7.30,7.30,5107200,91200,2984,347.15
2025-12-15,TMPV,2025-12-30,430.00,PE,85.60,85.60,85.60,85.60,81.90,90400,-800,1,347.15
2025-12-15,TMPV,2026-02-24,260.00,CE,0.00,0.00,0.00,97.05,90.05,0,0,0,347.15
2025-12-15,TMPV,2026-01-27,290.00,CE,0.00,0.00,0.00,67.10,59.35,0,0,0,347.15
2025-12-15,TMPV,2025-12-30,470.00,PE,122.25,122.25,122.25,122.25,121.80,46400,0,3,347.15
2025-12-15,TMPV,2025-12-30,450.00,CE,0.05,0.10,0.05,0.10,0.10,960800,-12000,129,347.15
2025-12-15,TMPV,2026-01-27,260.00,CE,0.00,0.00,0.00,155.50,88.85,0,0,0,347.15
2025-12-15,TMPV,2026-01-27,360.00,PE,20.45,20.45,17.50,17.95,17.95,240800,3200,36,347.15
2025-12-15,TMPV,2026-01-27,300.00,PE,1.50,1.55,1.00,1.05,1.05,287200,32000,101,347.15
2025-12-15,TMPV,2025-12-30,450.00,PE,0.00,0.00,0.00,99.55,101.85,218400,0,0,347.15
2025-12-15,TMPV,2026-02-24,300.00,PE,0.00,0.00,0.00,4.55,2.10,0,0,0,347.15
2025-12-15,TMPV,2026-02-24,320.00,PE,0.00,0.00,0.00,9.10,5.65,0,0,0,347.15
2025-12-15,TMPV,2025-12-30,260.00,CE,88.10,88.10,85.40,85.40,87.75,2400,-800,6,347.15
2025-12-15,TMPV,2025-12-30,360.00,CE,2.80,2.90,2.00,2.65,2.65,12016800,798400,13762,347.15
2025-12-15,TMPV,2025-12-30,500.00,CE,0.10,0.10,0.10,0.10,0.05,227200,800,1,347.15
2025-12-15,TMPV,2025-12-30,520.00,CE,0.00,0.00,0.00,0.10,0.05,56000,0,0,347.15
2025-12-15,TMPV,2026-01-27,240.00,CE,0.00,0.00,0.00,175.15,108.70,0,0,0,347.15
2025-12-15,TMPV,2026-01-27,330.00,CE,0.00,0.00,0.00,26.50,25.00,16800,0,0,347.15
2025-12-15,TMPV,2026-02-24,360.00,CE,14.70,14.70,14.70,14.70,13.55,38400,800,1,347.15
2025-12-15,TMPV,2026-02-24,380.00,CE,8.75,8.80,7.55,8.20,8.20,8800,800,3,347.15
2025-12-15,TMPV,2025-12-30,260.00,PE,0.00,0.00,0.00,0.05,0.05,8000,0,0,347.15
2025-12-15,TMPV,2025-12-30,380.00,PE,35.25,35.25,31.50,32.05,32.05,1648000,-6400,20,347.15
2025-12-15,TMPV,2026-01-27,410.00,CE,1.20,1.20,1.00,1.10,1.10,202400,4800,10,347.15
2025-12-15,TMPV,2026-01-27,340.00,CE,18.00,19.10,16.35,18.50,18.50,323200,35200,134,347.15
2025-12-15,TMPV,2025-12-30,440.00,CE,0.15,0.15,0.10,0.10,0.10,2009600,-30400,66,347.15
2025-12-15,TMPV,2025-12-30,290.00,PE,0.25,0.25,0.15,0.20,0.20,37600,800,21,347.15
2025-12-15,TMPV,2026-02-24,340.00,CE,24.50,25.40,24.50,25.00,23.10,5600,4800,6,347.15
2025-12-15,TMPV,2026-02-24,300.00,CE,0.00,0.00,0.00,61.50,52.40,0,0,0,347.15
2025-12-15,TMPV,2026-01-27,330.00,PE,4.80,6.30,4.70,4.80,4.80,213600,41600,140,347.15
2025-12-15,TMPV,2026-01-27,430.00,PE,0.00,0.00,0.00,83.25,80.30,6400,0,0,347.15
2025-12-16,TMPV,2025-12-30,400.00,PE,51.00,54.80,50.60,53.65,53.65,1475200,-4800,22,345.45
2025-12-16,TMPV,2025-12-30,500.00,PE,151.60,152.45,151.60,152.45,153.50,768000,-2400,9,345.45
2025-12-16,TMPV,2025-12-30,520.00,PE,0.00,0.00,0.00,162.00,173.45,64800,0,0,345.45
2025-12-16,TMPV,2026-01-27,370.00,PE,26.65,27.35,24.15,27.35,27.60,11200,800,5,345.45
2025-12-16,TMPV,2026-01-27,380.00,PE,33.50,34.50,33.50,34.50,34.50,102400,8000,14,345.45
2025-12-16,TMPV,2025-12-30,390.00,PE,40.70,43.40,40.70,43.05,43.05,811200,-5600,24,345.45
2025-12-16,TMPV,2026-02-24,320.00,PE,0.00,0.00,0.00,9.10,5.95,0,0,0,345.45
2025-12-16,TMPV,2025-12-30,380.00,PE,33.70,34.20,30.80,34.05,34.05,1632000,-16000,34,345.45
2025-12-16,TMPV,2025-12-30,360.00,CE,2.50,2.95,1.85,2.10,2.10,12401600,384800,8792,345.45
2025-12-16,TMPV,2025-12-30,260.00,CE,0.00,0.00,0.00,85.40,86.00,2400,0,0,345.45
2025-12-16,TMPV,2025-12-30,260.00,PE,0.00,0.00,0.00,0.05,0.05,8000,0,0,345.45
2025-12-16,TMPV,2026-02-24,380.00,CE,8.20,8.20,7.00,7.05,7.05,32000,23200,33,345.45
2025-12-16,TMPV,2026-02-24,360.00,CE,15.00,16.15,13.20,13.20,12.60,40800,2400,30,345.45
2025-12-16,TMPV,2026-01-27,330.00,CE,24.95,24.95,23.40,23.50,23.60,24000,7200,15,345.45
2025-12-16,TMPV,2026-01-27,240.00,CE,0.00,0.00,0.00,175.15,106.95,0,0,0,345.45
2025-12-16,TMPV,2025-12-30,520.00,CE,0.05,0.05,0.05,0.05,0.05,51200,-4800,7,345.45
2025-12-16,TMPV,2025-12-30,500.00,CE,0.00,0.00,0.00,0.10,0.05,227200,0,0,345.45
2025-12-16,TMPV,2026-02-24,300.00,PE,0.00,0.00,0.00,4.55,2.20,0,0,0,345.45
2025-12-16,TMPV,2026-01-27,360.00,PE,18.00,19.85,18.00,19.00,19.00,252800,12000,21,345.45
2025-12-16,TMPV,2025-12-30,450.00,CE,0.10,0.10,0.05,0.10,0.10,940800,-20000,56,345.45
2025-12-16,TMPV,2026-01-27,260.00,CE,0.00,0.00,0.00,155.50,87.10,0,0,0,345.45
2025-12-16,TMPV,2026-01-27,290.00,CE,0.00,0.00,0.00,67.10,57.65,0,0,0,345.45
2025-12-16,TMPV,2026-02-24,260.00,CE,0.00,0.00,0.00,97.05,88.30,0,0,0,345.45
2025-12-16,TMPV,2025-12-30,430.00,PE,83.10,83.90,83.10,83.90,83.90,88800,-1600,2,345.45
2025-12-16,TMPV,2025-12-30,450.00,PE,0.00,0.00,0.00,99.55,103.60,218400,0,0,345.45
2025-12-16,TMPV,2025-12-30,470.00,PE,124.40,124.40,124.40,124.40,123.55,44800,-1600,5,345.45
2025-12-16,TMPV,2026-01-27,300.00,PE,1.10,1.15,0.90,1.15,1.15,278400,-8800,54,345.45
2025-12-16,TMPV,2026-01-27,440.00,PE,0.00,0.00,0.00,89.75,91.85,22400,0,0,345.45
2025-12-16,TMPV,2025-12-30,350.00,CE,5.60,6.45,4.00,4.60,4.60,8573600,808000,10060,345.45
2025-12-16,TMPV,2025-12-30,430.00,CE,0.10,0.10,0.05,0.05,0.05,1926400,-1600,86,345.45
2025-12-16,TMPV,2026-01-27,280.00,CE,0.00,0.00,0.00,136.00,67.35,0,0,0,345.45
2025-12-16,TMPV,2026-01-27,370.00,CE,5.55,6.35,4.95,5.35,5.35,346400,58400,248,345.45
2025-12-16,TMPV,2025-12-30,370.00,PE,23.65,25.50,21.55,24.30,24.30,2542400,-11200,154,345.45
2025-12-16,TMPV,2026-01-27,270.00,PE,0.00,0.00,0.00,0.50,0.05,0,0,0,345.45
2025-12-16,TMPV,2026-01-27,310.00,PE,1.70,1.95,1.70,1.85,1.85,64000,5600,23,345.45
2025-12-16,TMPV,2026-01-27,390.00,PE,0.00,0.00,0.00,41.80,44.10,3200,0,0,345.45
2025-12-16,TMPV,2026-01-27,410.00,PE,60.70,60.70,60.70,60.70,62.60,4800,1600,2,345.45
2025-12-16,TMPV,2025-12-30,270.00,CE,0.00,0.00,0.00,144.35,76.00,0,0,0,345.45
2025-12-16,TMPV,2025-12-30,480.00,CE,0.05,0.05,0.05,0.05,0.05,239200,-2400,3,345.45
2025-12-16,TMPV,2026-01-27,400.00,CE,1.80,2.15,1.30,1.70,1.70,1388000,28800,243,345.45
2025-12-16,TMPV,2026-02-24,420.00,CE,0.00,0.00,0.00,2.85,1.45,48000,0,0,345.45
2025-12-16,TMPV,2026-01-27,340.00,PE,8.05,9.05,7.50,8.35,8.35,280000,25600,104,345.45
2025-12-16,TMPV,2026-01-27,350.00,PE,12.55,14.05,12.00,13.40,13.40,448800,96000,164,345.45
2025-12-16,TMPV,2026-01-27,400.00,PE,51.00,53.50,50.60,52.60,52.60,97600,0,27,345.45
2025-12-16,TMPV,2026-02-24,380.00,PE,35.00,35.00,35.00,35.00,37.20,800,800,1,345.45
2025-12-16,TMPV,2025-12-30,380.00,CE,0.70,0.75,0.50,0.60,0.60,10054400,-256800,7371,345.45
2025-12-16,TMPV,2026-01-27,320.00,CE,32.00,33.20,31.00,31.00,30.95,56800,-5600,11,345.45
2025-12-16,TMPV,2025-12-30,330.00,CE,19.00,20.70,16.35,17.75,17.75,296800,17600,494,345.45
2025-12-16,TMPV,2025-12-30,320.00,CE,28.20,29.95,25.45,27.00,27.00,275200,-32000,121,345.45
2025-12-16,TMPV,2025-12-30,310.00,PE,0.30,0.30,0.25,0.30,0.30,1958400,-40800,181,345.45
2025-12-16,TMPV,2026-01-27,380.00,CE,3.50,4.05,3.35,3.55,3.55,784800,39200,467,345.45
2025-12-16,TMPV,2025-12-30,370.00,CE,1.20,1.45,0.90,1.05,1.05,10271200,52800,7359,345.45
2025-12-16,TMPV,2026-02-24,240.00,CE,0.00,0.00,0.00,116.25,108.00,0,0,0,345.45
2025-12-16,TMPV,2025-12-30,400.00,CE,0.25,0.30,0.20,0.25,0.25,10666400,-684000,7684,345.45
2025-12-16,TMPV,2026-01-27,350.00,CE,12.70,13.85,11.45,12.05,12.05,845600,280000,655,345.45
2025-12-16,TMPV,2026-01-27,390.00,CE,2.50,2.80,2.25,2.35,2.05,177600,24000,75,345.45
2025-12-16,TMPV,2026-01-27,270.00,CE,0.00,0.00,0.00,85.75,77.20,0,0,0,345.45
2025-12-16,TMPV,2026-02-24,340.00,PE,12.65,13.50,12.00,12.00,12.85,18400,1600,4,345.45
2025-12-16,TMPV,2026-02-24,400.00,PE,0.00,0.00,0.00,52.25,53.60,3200,0,0,345.45
2025-12-16,TMPV,2026-02-24,260.00,PE,0.00,0.00,0.00,0.70,0.10,0,0,0,345.45
2025-12-16,TMPV,2026-02-24,240.00,PE,0.00,0.00,0.00,0.20,0.05,0,0,0,345.45
2025-12-16,TMPV,2026-01-27,460.00,PE,111.00,111.00,111.00,111.00,111.65,12000,4000,5,345.45
2025-12-16,TMPV,2026-01-27,320.00,PE,2.90,3.35,2.85,3.15,3.15,192800,48000,127,345.45
2025-12-16,TMPV,2026-01-27,240.00,PE,0.00,0.00,0.00,0.05,0.05,0,0,0,345.45
2025-12-16,TMPV,2026-01-27,480.00,CE,0.00,0.00,0.00,0.65,0.05,4800,0,0,345.45
2025-12-16,TMPV,2025-12-30,240.00,CE,0.00,0.00,0.00,106.05,105.95,800,0,0,345.45
2025-12-16,TMPV,2025-12-30,280.00,CE,0.00,0.00,0.00,66.85,66.05,0,0,0,345.45
2025-12-16,TMPV,2025-12-30,420.00,CE,0.10,0.15,0.10,0.10,0.10,2344800,-11200,71,345.45
2025-12-16,TMPV,2025-12-30,310.00,CE,35.60,36.10,35.60,36.10,36.25,216800,0,2,345.45
2025-12-16,TMPV,2026-02-24,280.00,CE,0.00,0.00,0.00,78.60,69.00,0,0,0,345.45
2025-12-16,TMPV,2026-02-24,440.00,CE,0.00,0.00,0.00,2.85,0.60,30400,0,0,345.45
2025-12-16,TMPV,2025-12-30,340.00,PE,3.30,3.90,2.75,3.30,3.30,4926400,299200,5349,345.45
2025-12-16,TMPV,2025-12-30,490.00,PE,0.00,0.00,0.00,126.80,143.50,4800,0,0,345.45
2025-12-16,TMPV,2026-01-27,300.00,CE,51.75,51.75,49.00,49.00,48.20,36800,3200,10,345.45
2025-12-16,TMPV,2026-01-27,360.00,CE,8.40,9.15,7.50,8.05,8.05,788800,85600,271,345.45
2025-12-16,TMPV,2026-01-27,440.00,CE,0.00,0.00,0.00,0.55,0.10,80800,0,0,345.45
2025-12-16,TMPV,2026-01-27,520.00,CE,0.00,0.00,0.00,0.10,0.05,20000,0,0,345.45
2025-12-16,TMPV,2025-12-30,270.00,PE,0.00,0.00,0.00,0.05,0.05,0,0,0,345.45
2025-12-16,TMPV,2025-12-30,320.00,PE,0.55,0.55,0.45,0.50,0.50,2586400,-104800,1681,345.45
2025-12-16,TMPV,2025-12-30,350.00,PE,7.60,9.10,6.45,8.00,8.00,5044000,-63200,2386,345.45
2025-12-16,TMPV,2026-01-27,280.00,PE,0.00,0.00,0.00,0.25,0.15,0,0,0,345.45
2025-12-16,TMPV,2026-01-27,500.00,PE,149.00,149.30,148.40,148.40,148.40,40800,3200,7,345.45
2025-12-16,TMPV,2026-02-24,440.00,PE,0.00,0.00,0.00,84.80,90.55,0,0,0,345.45
2025-12-16,TMPV,2026-02-24,420.00,PE,0.00,0.00,0.00,68.50,71.60,800,0,0,345.45
2025-12-16,TMPV,2025-12-30,440.00,PE,0.00,0.00,0.00,95.75,93.60,51200,0,0,345.45
2025-12-16,TMPV,2025-12-30,240.00,PE,0.00,0.00,0.00,0.05,0.05,0,0,0,345.45
2025-12-16,TMPV,2026-02-24,480.00,CE,0.00,0.00,0.00,1.35,0.10,0,0,0,345.45
2025-12-16,TMPV,2026-01-27,500.00,CE,0.00,0.00,0.00,0.45,0.05,1600,0,0,345.45
2025-12-16,TMPV,2026-02-24,480.00,PE,0.00,0.00,0.00,121.65,129.60,0,0,0,345.45
2025-12-16,TMPV,2026-01-27,420.00,CE,1.00,1.00,0.70,0.85,0.85,234400,20000,109,345.45
2025-12-16,TMPV,2025-12-30,480.00,PE,0.00,0.00,0.00,132.30,133.55,16800,0,0,345.45
2025-12-16,TMPV,2025-12-30,300.00,CE,46.50,46.50,46.50,46.50,46.10,100800,0,1,345.45
2025-12-16,TMPV,2026-01-27,420.00,PE,0.00,0.00,0.00,67.50,72.25,10400,0,0,345.45
2025-12-16,TMPV,2025-12-30,360.00,PE,14.50,16.85,13.05,15.50,15.50,4457600,14400,380,345.45
2025-12-16,TMPV,2025-12-30,330.00,PE,1.40,1.45,1.05,1.25,1.25,2964800,35200,2754,345.45
2025-12-16,TMPV,2025-12-30,340.00,CE,10.80,12.55,8.80,9.90,9.90,1745600,119200,2752,345.45
2025-12-16,TMPV,2025-12-30,300.00,PE,0.30,0.30,0.20,0.30,0.30,1685600,32000,155,345.45
2025-12-16,TMPV,2026-01-27,260.00,PE,0.00,0.00,0.00,0.10,0.05,0,0,0,345.45
2025-12-16,TMPV,2025-12-30,280.00,PE,0.00,0.00,0.00,0.10,0.05,7200,0,0,345.45
2025-12-16,TMPV,2026-01-27,460.00,CE,0.35,0.35,0.35,0.35,0.35,98400,-800,1,345.45
2025-12-16,TMPV,2026-01-27,430.00,PE,0.00,0.00,0.00,83.25,82.00,6400,0,0,345.45
2025-12-16,TMPV,2025-12-30,290.00,PE,0.20,0.20,0.15,0.15,0.05,48000,10400,13,345.45
2025-12-16,TMPV,2025-12-30,410.00,PE,62.80,64.20,62.80,64.20,63.70,354400,-1600,4,345.45
2025-12-16,TMPV,2025-12-30,420.00,PE,0.00,0.00,0.00,71.30,73.65,392800,0,0,345.45
2025-12-16,TMPV,2026-02-24,340.00,CE,22.95,22.95,22.95,22.95,21.85,5600,0,1,345.45
2025-12-16,TMPV,2026-02-24,300.00,CE,0.00,0.00,0.00,61.50,50.80,0,0,0,345.45
2025-12-16,TMPV,2026-01-27,430.00,CE,0.00,0.00,0.00,0.80,0.20,3200,0,0,345.45
2025-12-16,TMPV,2026-01-27,410.00,CE,1.30,1.30,1.10,1.15,0.65,202400,0,23,345.45
2025-12-16,TMPV,2026-01-27,340.00,CE,18.50,18.50,16.45,17.15,17.15,408000,84800,176,345.45
2025-12-16,TMPV,2025-12-30,440.00,CE,0.05,0.10,0.05,0.10,0.10,2001600,-8000,25,345.45
2025-12-16,TMPV,2026-01-27,330.00,PE,4.65,5.55,4.50,5.15,5.15,228000,14400,47,345.45
2025-12-16,TMPV,2026-02-24,360.00,PE,0.00,0.00,0.00,22.00,23.40,2400,0,0,345.45
2025-12-16,TMPV,2025-12-30,390.00,CE,0.40,0.45,0.30,0.35,0.35,4191200,-391200,6753,345.45
2025-12-16,TMPV,2026-02-24,320.00,CE,0.00,0.00,0.00,46.35,34.75,0,0,0,345.45
2025-12-16,TMPV,2026-01-27,310.00,CE,39.50,42.15,39.50,42.15,39.25,4800,800,2,345.45
2025-12-16,TMPV,2025-12-30,490.00,CE,0.05,0.05,0.05,0.05,0.05,8000,-800,1,345.45
2025-12-16,TMPV,2025-12-30,410.00,CE,0.15,0.25,0.15,0.20,0.20,2960000,-104800,1211,345.45
2025-12-16,TMPV,2025-12-30,460.00,CE,0.05,0.10,0.05,0.10,0.05,305600,-1600,41,345.45
2025-12-16,TMPV,2025-12-30,470.00,CE,0.05,0.10,0.05,0.10,0.05,21600,-3200,5,345.45
2025-12-16,TMPV,2026-01-27,290.00,PE,0.00,0.00,0.00,1.60,0.35,0,0,0,345.45
2025-12-16,TMPV,2025-12-30,460.00,PE,112.00,113.00,112.00,113.00,113.60,70400,-1600,18,345.45
2025-12-16,TMPV,2026-02-24,280.00,PE,0.00,0.00,0.00,1.95,0.60,0,0,0,345.45
2025-12-16,TMPV,2026-02-24,400.00,CE,4.75,4.75,3.55,4.35,4.35,84000,3200,15,345.45
2025-12-16,TMPV,2025-12-30,290.00,CE,0.00,0.00,0.00,67.80,56.05,800,0,0,345.45
2025-12-17,TMPV,2025-12-30,500.00,PE,0.00,0.00,0.00,152.45,152.65,768000,0,0,346.35
2025-12-17,TMPV,2025-12-30,410.00,PE,60.05,63.50,60.00,63.50,63.50,357600,3200,30,346.35
2025-12-17,TMPV,2025-12-30,400.00,PE,51.65,54.30,50.00,54.30,54.30,1468000,-7200,37,346.35
2025-12-17,TMPV,2025-12-30,390.00,PE,43.45,43.45,41.20,43.10,43.00,804000,-7200,17,346.35
2025-12-17,TMPV,2026-01-27,350.00,CE,12.10,13.90,11.30,11.50,11.50,852800,7200,919,346.35
2025-12-17,TMPV,2026-01-27,300.00,CE,52.00,53.05,50.00,50.00,48.95,38400,1600,4,346.35
2025-12-17,TMPV,2026-01-27,270.00,CE,0.00,0.00,0.00,85.75,78.05,0,0,0,346.35
2025-12-17,TMPV,2025-12-30,420.00,CE,0.10,0.15,0.05,0.05,0.05,1885600,-459200,1371,346.35
2025-12-17,TMPV,2025-12-30,310.00,CE,38.00,39.15,38.00,39.05,37.05,216800,0,5,346.35
2025-12-17,TMPV,2025-12-30,280.00,CE,0.00,0.00,0.00,66.85,66.90,0,0,0,346.35
2025-12-17,TMPV,2025-12-30,240.00,CE,0.00,0.00,0.00,106.05,106.80,800,0,0,346.35
2025-12-17,TMPV,2026-01-27,240.00,PE,0.00,0.00,0.00,0.05,0.05,0,0,0,346.35
2025-12-17,TMPV,2025-12-30,360.00,CE,2.00,2.70,1.80,1.95,1.95,12507200,105600,11988,346.35
2025-12-17,TMPV,2025-12-30,260.00,CE,0.00,0.00,0.00,85.40,86.85,2400,0,0,346.35
2025-12-17,TMPV,2026-02-24,320.00,PE,0.00,0.00,0.00,9.10,5.60,0,0,0,346.35
2025-12-17,TMPV,2026-02-24,300.00,PE,0.00,0.00,0.00,4.55,2.00,0,0,0,346.35
2025-12-17,TMPV,2025-12-30,380.00,PE,32.90,34.00,29.95,33.75,33.75,1619200,-12800,62,346.35
2025-12-17,TMPV,2025-12-30,260.00,PE,0.00,0.00,0.00,0.05,0.05,8000,0,0,346.35
2025-12-17,TMPV,2026-02-24,380.00,CE,7.20,8.30,7.20,7.90,6.75,32800,800,3,346.35
2025-12-17,TMPV,2026-02-24,360.00,CE,14.50,14.55,14.15,14.15,12.80,43200,2400,3,346.35
2025-12-17,TMPV,2026-01-27,330.00,CE,25.00,25.00,23.50,23.50,23.50,24800,800,9,346.35
2025-12-17,TMPV,2026-01-27,240.00,CE,0.00,0.00,0.00,175.15,107.85,0,0,0,346.35
2025-12-17,TMPV,2026-02-24,480.00,PE,0.00,0.00,0.00,121.65,128.75,0,0,0,346.35
2025-12-17,TMPV,2026-02-24,440.00,PE,0.00,0.00,0.00,84.80,89.70,0,0,0,346.35
2025-12-17,TMPV,2026-02-24,420.00,PE,0.00,0.00,0.00,68.50,70.75,800,0,0,346.35
2025-12-17,TMPV,2025-12-30,440.00,PE,0.00,0.00,0.00,95.75,92.80,51200,0,0,346.35
2025-12-17,TMPV,2025-12-30,240.00,PE,0.00,0.00,0.00,0.05,0.05,0,0,0,346.35
2025-12-17,TMPV,2026-02-24,480.00,CE,0.00,0.00,0.00,1.35,0.10,0,0,0,346.35
2025-12-17,TMPV,2026-01-27,500.00,CE,0.00,0.00,0.00,0.45,0.05,1600,0,0,346.35
2025-12-17,TMPV,2026-01-27,420.00,PE,0.00,0.00,0.00,67.50,71.40,10400,0,0,346.35
2025-12-17,TMPV,2025-12-30,340.00,CE,9.60,12.80,9.30,9.70,9.70,1797600,52000,4762,346.35
2025-12-17,TMPV,2026-01-27,260.00,PE,0.00,0.00,0.00,0.10,0.05,0,0,0,346.35
2025-12-17,TMPV,2025-12-30,480.00,PE,0.00,0.00,0.00,132.30,132.70,16800,0,0,346.35
2025-12-17,TMPV,2025-12-30,360.00,PE,15.00,15.55,12.05,14.85,14.85,4338400,-119200,1181,346.35
2025-12-17,TMPV,2025-12-30,330.00,PE,1.25,1.25,0.75,0.90,0.90,3553600,588800,5758,346.35
2025-12-17,TMPV,2025-12-30,300.00,PE,0.25,0.25,0.15,0.20,0.20,1831200,145600,322,346.35
2025-12-17,TMPV,2025-12-30,280.00,PE,0.00,0.00,0.00,0.10,0.05,7200,0,0,346.35
2025-12-17,TMPV,2026-01-27,460.00,CE,0.00,0.00,0.00,0.35,0.05,98400,0,0,346.35
2025-12-17,TMPV,2026-01-27,420.00,CE,0.85,0.85,0.70,0.70,0.70,224000,-10400,48,346.35
2025-12-17,TMPV,2025-12-30,300.00,CE,48.80,50.00,48.80,49.60,46.95,98400,-2400,4,346.35
2025-12-17,TMPV,2026-01-27,410.00,CE,1.15,1.15,0.90,0.90,0.90,259200,56800,172,346.35
2025-12-17,TMPV,2026-01-27,340.00,CE,18.30,19.70,16.40,17.15,17.15,460800,52800,290,346.35
2025-12-17,TMPV,2025-12-30,440.00,CE,0.10,0.10,0.05,0.10,0.05,2000000,-1600,20,346.35
2025-12-17,TMPV,2026-02-24,300.00,CE,0.00,0.00,0.00,61.50,51.50,0,0,0,346.35
2025-12-17,TMPV,2026-02-24,360.00,PE,22.00,22.00,22.00,22.00,22.75,3200,800,1,346.35
2025-12-17,TMPV,2026-01-27,430.00,PE,0.00,0.00,0.00,83.25,81.20,6400,0,0,346.35
2025-12-17,TMPV,2026-01-27,330.00,PE,5.00,5.00,4.35,4.70,4.70,252800,24800,433,346.35
2025-12-17,TMPV,2025-12-30,420.00,PE,71.50,71.50,71.50,71.50,72.85,393600,800,1,346.35
2025-12-17,TMPV,2025-12-30,310.00,PE,0.25,0.25,0.15,0.20,0.20,1955200,-3200,577,346.35
2025-12-17,TMPV,2025-12-30,290.00,PE,0.10,0.10,0.10,0.10,0.10,39200,-8800,12,346.35
2025-12-17,TMPV,2026-02-24,340.00,CE,25.00,25.00,23.95,23.95,22.25,9600,4000,6,346.35
2025-12-17,TMPV,2026-01-27,430.00,CE,0.00,0.00,0.00,0.80,0.20,3200,0,0,346.35
2025-12-17,TMPV,2026-01-27,300.00,PE,1.05,1.10,0.75,0.90,0.90,320000,41600,123,346.35
2025-12-17,TMPV,2026-01-27,360.00,PE,18.05,18.90,16.80,18.35,18.35,279200,26400,65,346.35
2025-12-17,TMPV,2026-01-27,260.00,CE,0.00,0.00,0.00,155.50,87.95,0,0,0,346.35
2025-12-17,TMPV,2025-12-30,450.00,CE,0.05,0.10,0.05,0.10,0.10,943200,2400,11,346.35
2025-12-17,TMPV,2026-01-27,290.00,CE,0.00,0.00,0.00,67.10,58.45,0,0,0,346.35
2025-12-17,TMPV,2026-02-24,260.00,CE,0.00,0.00,0.00,97.05,89.15,0,0,0,346.35
2025-12-17,TMPV,2025-12-30,430.00,PE,80.20,82.90,80.20,82.90,82.80,89600,800,2,346.35
2025-12-17,TMPV,2025-12-30,450.00,PE,0.00,0.00,0.00,99.55,102.75,218400,0,0,346.35
2025-12-17,TMPV,2025-12-30,470.00,PE,0.00,0.00,0.00,124.40,122.75,44800,0,0,346.35
2025-12-17,TMPV,2026-01-27,500.00,PE,148.25,148.50,148.25,148.50,150.55,44000,3200,4,346.35
2025-12-17,TMPV,2026-01-27,360.00,CE,8.00,9.45,7.40,7.70,7.70,813600,24800,288,346.35
2025-12-17,TMPV,2026-01-27,440.00,CE,0.50,0.50,0.40,0.45,0.45,80000,-800,7,346.35
2025-12-17,TMPV,2026-01-27,520.00,CE,0.00,0.00,0.00,0.10,0.05,20000,0,0,346.35
2025-12-17,TMPV,2025-12-30,270.00,PE,0.00,0.00,0.00,0.05,0.05,0,0,0,346.35
2025-12-17,TMPV,2025-12-30,320.00,PE,0.50,0.50,0.25,0.35,0.35,2376800,-209600,3279,346.35
2025-12-17,TMPV,2025-12-30,350.00,PE,7.60,8.00,5.55,7.50,7.50,4948000,-96000,3751,346.35
2025-12-17,TMPV,2026-01-27,280.00,PE,0.00,0.00,0.00,0.25,0.10,0,0,0,346.35
2025-12-17,TMPV,2025-12-30,410.00,CE,0.20,0.20,0.15,0.15,0.15,2835200,-124800,369,346.35
2025-12-17,TMPV,2025-12-30,390.00,CE,0.40,0.40,0.25,0.25,0.25,4657600,466400,3333,346.35
2025-12-17,TMPV,2026-02-24,320.00,CE,0.00,0.00,0.00,46.35,35.30,0,0,0,346.35
2025-12-17,TMPV,2025-12-30,460.00,PE,110.00,113.00,110.00,111.60,112.75,69600,-800,17,346.35
2025-12-17,TMPV,2026-01-27,290.00,PE,0.00,0.00,0.00,1.60,0.30,0,0,0,346.35
2025-12-17,TMPV,2026-02-24,280.00,PE,0.00,0.00,0.00,1.95,0.55,0,0,0,346.35
2025-12-17,TMPV,2026-01-27,310.00,CE,0.00,0.00,0.00,42.15,39.90,4800,0,0,346.35
2025-12-17,TMPV,2025-12-30,490.00,CE,0.00,0.00,0.00,0.05,0.05,8000,0,0,346.35
2025-12-17,TMPV,2025-12-30,470.00,CE,0.00,0.00,0.00,0.10,0.05,21600,0,0,346.35
2025-12-17,TMPV,2025-12-30,460.00,CE,0.10,0.10,0.05,0.05,0.05,291200,-14400,30,346.35
2025-12-17,TMPV,2026-01-27,370.00,CE,5.65,6.15,4.70,4.90,4.90,413600,67200,284,346.35
2025-12-17,TMPV,2025-12-30,370.00,PE,23.40,24.60,21.00,23.85,23.85,2525600,-16800,253,346.35
2025-12-17,TMPV,2026-01-27,270.00,PE,0.00,0.00,0.00,0.50,0.05,0,0,0,346.35
2025-12-17,TMPV,2026-01-27,310.00,PE,1.65,1.65,1.35,1.40,1.40,476800,412800,631,346.35
2025-12-17,TMPV,2026-01-27,390.00,PE,40.70,42.50,40.70,42.00,43.30,13600,10400,13,346.35
2025-12-17,TMPV,2026-01-27,410.00,PE,59.50,59.80,59.50,59.80,61.75,20800,16000,20,346.35
2025-12-17,TMPV,2025-12-30,500.00,CE,0.05,0.05,0.05,0.05,0.05,226400,-800,1,346.35
2025-12-17,TMPV,2025-12-30,520.00,CE,0.00,0.00,0.00,0.05,0.05,51200,0,0,346.35
2025-12-17,TMPV,2025-12-30,320.00,CE,28.95,30.55,26.65,26.95,26.95,257600,-17600,150,346.35
2025-12-17,TMPV,2025-12-30,380.00,CE,0.60,0.65,0.40,0.50,0.50,9974400,-80000,10243,346.35
2025-12-17,TMPV,2025-12-30,480.00,CE,0.00,0.00,0.00,0.05,0.05,239200,0,0,346.35
2025-12-17,TMPV,2026-01-27,320.00,CE,33.70,33.70,31.50,31.50,31.50,55200,-1600,6,346.35
2025-12-17,TMPV,2026-01-27,400.00,CE,1.75,1.75,1.25,1.30,1.30,1632000,244000,764,346.35
2025-12-17,TMPV,2026-02-24,420.00,CE,0.00,0.00,0.00,2.85,1.45,48000,0,0,346.35
2025-12-17,TMPV,2026-01-27,340.00,PE,8.10,8.30,7.00,7.80,7.80,300800,20800,175,346.35
2025-12-17,TMPV,2026-01-27,350.00,PE,12.35,13.00,11.05,12.70,12.70,568000,119200,221,346.35
2025-12-17,TMPV,2026-01-27,400.00,PE,50.50,52.00,48.80,51.00,51.00,107200,9600,16,346.35
2025-12-17,TMPV,2026-02-24,380.00,PE,0.00,0.00,0.00,35.00,36.45,800,0,0,346.35
2025-12-17,TMPV,2025-12-30,330.00,CE,18.55,21.35,17.30,17.80,17.80,356800,60000,815,346.35
2025-12-17,TMPV,2025-12-30,270.00,CE,0.00,0.00,0.00,144.35,76.90,0,0,0,346.35
2025-12-17,TMPV,2025-12-30,370.00,CE,1.10,1.25,0.80,0.90,0.90,10319200,48000,13315,346.35
2025-12-17,TMPV,2026-02-24,240.00,CE,0.00,0.00,0.00,116.25,108.85,0,0,0,346.35
2025-12-17,TMPV,2026-01-27,380.00,CE,3.80,4.00,3.05,3.15,3.15,932800,148000,1002,346.35
2025-12-17,TMPV,2025-12-30,400.00,CE,0.20,0.30,0.15,0.25,0.25,10067200,-599200,9892,346.35
2025-12-17,TMPV,2026-01-27,390.00,CE,2.30,2.45,1.95,2.00,2.00,237600,60000,161,346.35
2025-12-17,TMPV,2026-01-27,480.00,CE,0.00,0.00,0.00,0.65,0.05,4800,0,0,346.35
2025-12-17,TMPV,2026-02-24,280.00,CE,0.00,0.00,0.00,78.60,69.80,0,0,0,346.35
2025-12-17,TMPV,2026-02-24,440.00,CE,0.00,0.00,0.00,2.85,0.60,30400,0,0,346.35
2025-12-17,TMPV,2025-12-30,340.00,PE,3.25,3.25,2.10,2.75,2.75,5060800,134400,6799,346.35
2025-12-17,TMPV,2025-12-30,490.00,PE,0.00,0.00,0.00,126.80,142.70,4800,0,0,346.35
2025-12-17,TMPV,2026-01-27,320.00,PE,3.00,3.00,2.40,2.70,2.70,301600,108800,303,346.35
2025-12-17,TMPV,2026-01-27,460.00,PE,109.25,109.25,109.25,109.25,110.85,15200,3200,4,346.35
2025-12-17,TMPV,2026-02-24,240.00,PE,0.00,0.00,0.00,0.20,0.05,0,0,0,346.35
2025-12-17,TMPV,2026-02-24,260.00,PE,0.00,0.00,0.00,0.70,0.10,0,0,0,346.35
2025-12-17,TMPV,2026-02-24,340.00,PE,12.00,12.00,11.30,11.90,12.35,24000,5600,7,346.35
2025-12-17,TMPV,2026-02-24,400.00,PE,45.95,45.95,45.95,45.95,52.80,4000,800,1,346.35
2025-12-17,TMPV,2025-12-30,430.00,CE,0.05,0.10,0.05,0.10,0.05,1922400,-4000,8,346.35
2025-12-17,TMPV,2026-01-27,440.00,PE,0.00,0.00,0.00,89.75,91.05,22400,0,0,346.35
2025-12-17,TMPV,2025-12-30,350.00,CE,4.70,6.25,4.10,4.50,4.50,8310400,-263200,16918,346.35
2025-12-17,TMPV,2026-01-27,280.00,CE,0.00,0.00,0.00,136.00,68.20,0,0,0,346.35
2025-12-17,TMPV,2026-02-24,400.00,CE,5.00,5.00,3.10,4.35,3.25,87200,3200,9,346.35
2025-12-17,TMPV,2025-12-30,290.00,CE,0.00,0.00,0.00,67.80,56.90,800,0,0,346.35
2025-12-17,TMPV,2026-01-27,380.00,PE,32.40,32.40,32.40,32.40,34.70,104000,1600,2,346.35
2025-12-17,TMPV,2026-01-27,370.00,PE,23.60,26.25,23.30,24.80,26.85,17600,6400,11,346.35
2025-12-17,TMPV,2025-12-30,520.00,PE,172.50,172.50,171.50,171.50,172.65,72000,7200,13,346.35
2025-12-18,TMPV,2026-01-27,370.00,PE,27.05,30.45,24.60,25.00,25.00,19200,1600,8,345.80
2025-12-18,TMPV,2025-12-30,520.00,PE,0.00,0.00,0.00,171.50,173.25,72000,0,0,345.80
2025-12-18,TMPV,2025-12-30,500.00,PE,153.00,153.15,151.70,153.15,153.30,768000,0,20,345.80
2025-12-18,TMPV,2025-12-30,410.00,PE,68.10,70.90,62.00,62.85,62.85,364800,7200,64,345.80
2025-12-18,TMPV,2026-01-27,460.00,PE,111.85,111.85,111.85,111.85,111.45,15200,0,3,345.80
2025-12-18,TMPV,2026-02-24,240.00,PE,0.00,0.00,0.00,0.20,0.05,0,0,0,345.80
2025-12-18,TMPV,2026-02-24,260.00,PE,0.00,0.00,0.00,0.70,0.10,0,0,0,345.80
2025-12-18,TMPV,2026-02-24,340.00,PE,13.00,14.60,12.45,12.45,12.45,38400,14400,23,345.80
2025-12-18,TMPV,2026-02-24,400.00,PE,0.00,0.00,0.00,45.95,53.20,4000,0,0,345.80
2025-12-18,TMPV,2026-02-24,280.00,CE,0.00,0.00,0.00,78.60,69.20,0,0,0,345.80
2025-12-18,TMPV,2026-01-27,480.00,CE,0.00,0.00,0.00,0.65,0.05,4800,0,0,345.80
2025-12-18,TMPV,2026-01-27,390.00,CE,1.60,2.15,1.40,2.00,2.00,175200,-62400,235,345.80
2025-12-18,TMPV,2026-01-27,350.00,CE,11.45,12.05,8.00,11.40,11.40,1002400,149600,1700,345.80
2025-12-18,TMPV,2026-01-27,300.00,CE,43.75,51.05,42.45,49.00,48.35,54400,16000,54,345.80
2025-12-18,TMPV,2026-01-27,270.00,CE,0.00,0.00,0.00,85.75,77.45,0,0,0,345.80
2025-12-18,TMPV,2025-12-30,420.00,CE,0.05,0.15,0.05,0.05,0.05,1798400,-87200,544,345.80
2025-12-18,TMPV,2025-12-30,310.00,CE,30.50,38.25,28.65,37.15,37.15,216000,-800,73,345.80
2025-12-18,TMPV,2025-12-30,280.00,CE,65.20,66.70,65.20,66.70,66.70,2400,2400,6,345.80
2025-12-18,TMPV,2025-12-30,240.00,CE,0.00,0.00,0.00,106.05,106.25,800,0,0,345.80
2025-12-18,TMPV,2026-01-27,240.00,PE,0.00,0.00,0.00,0.05,0.05,0,0,0,345.80
2025-12-18,TMPV,2026-01-27,330.00,PE,5.50,7.20,4.10,4.40,4.40,325600,72800,407,345.80
2025-12-18,TMPV,2025-12-30,420.00,PE,76.95,81.10,72.70,72.75,72.75,394400,800,7,345.80
2025-12-18,TMPV,2025-12-30,310.00,PE,0.20,0.40,0.15,0.20,0.20,1896000,-59200,2150,345.80
2025-12-18,TMPV,2025-12-30,290.00,PE,0.10,0.20,0.05,0.10,0.05,72800,33600,108,345.80
2025-12-18,TMPV,2026-02-24,340.00,CE,21.10,23.60,18.85,23.40,23.40,28000,18400,25,345.80
2025-12-18,TMPV,2026-02-24,300.00,CE,0.00,0.00,0.00,61.50,50.85,0,0,0,345.80
2025-12-18,TMPV,2026-01-27,430.00,CE,0.00,0.00,0.00,0.80,0.15,3200,0,0,345.80
2025-12-18,TMPV,2026-01-27,410.00,CE,0.90,1.00,0.75,0.95,0.55,256800,-2400,7,345.80
2025-12-18,TMPV,2026-01-27,340.00,CE,15.20,17.60,12.20,16.70,16.70,535200,74400,829,345.80
2025-12-18,TMPV,2025-12-30,440.00,CE,0.10,0.10,0.10,0.10,0.05,1998400,-1600,3,345.80
2025-12-18,TMPV,2026-02-24,360.00,PE,0.00,0.00,0.00,22.00,22.90,3200,0,0,345.80
2025-12-18,TMPV,2026-01-27,430.00,PE,0.00,0.00,0.00,83.25,81.75,6400,0,0,345.80
2025-12-18,TMPV,2025-12-30,480.00,PE,131.00,131.00,131.00,131.00,133.35,16800,0,1,345.80
2025-12-18,TMPV,2025-12-30,360.00,PE,19.00,22.60,13.50,14.45,14.45,3991200,-347200,1900,345.80
2025-12-18,TMPV,2025-12-30,330.00,PE,1.40,2.60,0.60,0.85,0.85,3756800,203200,15116,345.80
2025-12-18,TMPV,2025-12-30,300.00,PE,0.15,0.30,0.15,0.15,0.15,1876800,45600,1134,345.80
2025-12-18,TMPV,2026-01-27,420.00,PE,75.90,75.90,71.00,71.00,72.00,11200,800,3,345.80
2025-12-18,TMPV,2025-12-30,280.00,PE,0.00,0.00,0.00,0.10,0.05,7200,0,0,345.80
2025-12-18,TMPV,2026-01-27,460.00,CE,0.30,0.30,0.30,0.30,0.05,77600,-20800,41,345.80
2025-12-18,TMPV,2026-01-27,420.00,CE,0.65,0.75,0.55,0.75,0.30,220800,-3200,62,345.80
2025-12-18,TMPV,2025-12-30,340.00,CE,9.40,10.50,4.85,9.55,9.55,1834400,36800,18863,345.80
2025-12-18,TMPV,2025-12-30,300.00,CE,42.00,48.40,38.45,47.50,47.50,85600,-12800,67,345.80
2025-12-18,TMPV,2026-01-27,260.00,PE,0.00,0.00,0.00,0.10,0.05,0,0,0,345.80
2025-12-18,TMPV,2026-02-24,240.00,CE,0.00,0.00,0.00,116.25,108.25,0,0,0,345.80
2025-12-18,TMPV,2026-01-27,380.00,CE,2.80,3.30,2.10,3.10,3.10,1164800,232000,962,345.80
2025-12-18,TMPV,2025-12-30,400.00,CE,0.20,0.25,0.15,0.20,0.20,9772000,-295200,7448,345.80
2025-12-18,TMPV,2025-12-30,370.00,CE,0.90,0.95,0.50,0.70,0.70,9072800,-1246400,23238,345.80
2025-12-18,TMPV,2026-01-27,440.00,PE,0.00,0.00,0.00,89.75,91.65,22400,0,0,345.80
2025-12-18,TMPV,2025-12-30,350.00,CE,4.50,4.60,1.85,3.90,3.90,8184800,-125600,42494,345.80
2025-12-18,TMPV,2025-12-30,430.00,CE,0.05,0.10,0.05,0.10,0.05,1880800,-41600,68,345.80
2025-12-18,TMPV,2026-01-27,280.00,CE,0.00,0.00,0.00,136.00,67.60,0,0,0,345.80
2025-12-18,TMPV,2026-01-27,370.00,CE,4.70,5.05,3.25,4.60,4.60,468800,55200,686,345.80
2025-12-18,TMPV,2025-12-30,370.00,PE,28.80,32.20,22.60,23.60,23.60,2402400,-123200,628,345.80
2025-12-18,TMPV,2026-01-27,270.00,PE,0.00,0.00,0.00,0.50,0.05,0,0,0,345.80
2025-12-18,TMPV,2026-01-27,390.00,PE,42.85,43.00,42.00,43.00,43.70,18400,4800,11,345.80
2025-12-18,TMPV,2026-01-27,410.00,PE,60.25,62.85,60.25,62.85,62.30,29600,8800,11,345.80
2025-12-18,TMPV,2026-01-27,310.00,PE,2.00,2.35,1.30,1.30,1.30,564000,87200,303,345.80
2025-12-18,TMPV,2025-12-30,360.00,CE,1.90,1.95,0.85,1.50,1.50,11460000,-1047200,45342,345.80
2025-12-18,TMPV,2025-12-30,500.00,CE,0.05,0.05,0.05,0.05,0.05,200000,-26400,34,345.80
2025-12-18,TMPV,2025-12-30,520.00,CE,0.00,0.00,0.00,0.05,0.05,51200,0,0,345.80
2025-12-18,TMPV,2026-01-27,240.00,CE,0.00,0.00,0.00,175.15,107.25,0,0,0,345.80
2025-12-18,TMPV,2026-01-27,330.00,CE,19.50,24.20,18.00,23.80,23.80,29600,4800,68,345.80
2025-12-18,TMPV,2026-02-24,360.00,CE,12.45,13.65,11.00,13.40,13.40,53600,10400,34,345.80
2025-12-18,TMPV,2026-02-24,380.00,CE,6.00,7.20,6.00,7.20,6.45,31200,-1600,7,345.80
2025-12-18,TMPV,2025-12-30,260.00,PE,0.00,0.00,0.00,0.05,0.05,8000,0,0,345.80
2025-12-18,TMPV,2025-12-30,380.00,PE,39.35,41.95,32.30,33.35,33.35,1410400,-208800,642,345.80
2025-12-18,TMPV,2026-02-24,300.00,PE,0.00,0.00,0.00,4.55,2.00,0,0,0,345.80
2025-12-18,TMPV,2026-02-24,320.00,PE,0.00,0.00,0.00,9.10,5.65,0,0,0,345.80
2025-12-18,TMPV,2025-12-30,260.00,CE,0.00,0.00,0.00,85.40,86.25,2400,0,0,345.80
2025-12-18,TMPV,2026-01-27,520.00,CE,0.00,0.00,0.00,0.10,0.05,20000,0,0,345.80
2025-12-18,TMPV,2025-12-30,270.00,PE,0.00,0.00,0.00,0.05,0.05,0,0,0,345.80
2025-12-18,TMPV,2025-12-30,320.00,PE,0.45,0.90,0.30,0.35,0.35,2430400,53600,6811,345.80
2025-12-18,TMPV,2025-12-30,350.00,PE,7.90,13.65,6.25,6.85,6.85,4511200,-436800,7959,345.80
2025-12-18,TMPV,2026-01-27,280.00,PE,0.00,0.00,0.00,0.25,0.10,0,0,0,345.80
2025-12-18,TMPV,2026-01-27,500.00,PE,152.30,156.45,148.00,151.05,151.20,64800,20800,26,345.80
2025-12-18,TMPV,2026-01-27,360.00,CE,7.55,8.25,5.10,7.40,7.40,1060800,247200,1158,345.80
2025-12-18,TMPV,2026-01-27,440.00,CE,0.40,0.45,0.40,0.45,0.45,192000,112000,171,345.80
2025-12-18,TMPV,2025-12-30,470.00,PE,0.00,0.00,0.00,124.40,123.35,44800,0,0,345.80
2025-12-18,TMPV,2025-12-30,450.00,PE,0.00,0.00,0.00,99.55,103.40,218400,0,0,345.80
2025-12-18,TMPV,2025-12-30,430.00,PE,0.00,0.00,0.00,82.90,83.40,89600,0,0,345.80
2025-12-18,TMPV,2026-02-24,260.00,CE,0.00,0.00,0.00,97.05,88.55,0,0,0,345.80
2025-12-18,TMPV,2026-02-24,420.00,PE,0.00,0.00,0.00,68.50,71.25,800,0,0,345.80
2025-12-18,TMPV,2025-12-30,440.00,PE,0.00,0.00,0.00,95.75,93.40,51200,0,0,345.80
2025-12-18,TMPV,2026-02-24,480.00,PE,0.00,0.00,0.00,121.65,129.40,0,0,0,345.80
2025-12-18,TMPV,2026-01-27,500.00,CE,0.00,0.00,0.00,0.45,0.05,1600,0,0,345.80
2025-12-18,TMPV,2026-02-24,480.00,CE,0.00,0.00,0.00,1.35,0.05,0,0,0,345.80
2025-12-18,TMPV,2025-12-30,240.00,PE,0.00,0.00,0.00,0.05,0.05,0,0,0,345.80
2025-12-18,TMPV,2026-02-24,440.00,PE,0.00,0.00,0.00,84.80,90.25,0,0,0,345.80
2025-12-18,TMPV,2025-12-30,490.00,PE,0.00,0.00,0.00,126.80,143.30,4800,0,0,345.80
2025-12-18,TMPV,2025-12-30,340.00,PE,3.15,6.65,2.15,2.45,2.45,5519200,458400,18486,345.80
2025-12-18,TMPV,2026-02-24,440.00,CE,0.00,0.00,0.00,2.85,0.55,30400,0,0,345.80
2025-12-18,TMPV,2026-01-27,320.00,PE,3.65,4.15,2.35,2.50,2.50,330400,28800,312,345.80
2025-12-18,TMPV,2025-12-30,270.00,CE,75.10,75.10,75.10,75.10,76.30,2400,2400,3,345.80
2025-12-18,TMPV,2026-02-24,380.00,PE,0.00,0.00,0.00,35.00,36.80,800,0,0,345.80
2025-12-18,TMPV,2026-01-27,400.00,PE,58.00,58.00,51.20,52.30,52.85,118400,11200,26,345.80
2025-12-18,TMPV,2026-01-27,350.00,PE,12.70,17.15,11.50,12.05,12.05,659200,91200,336,345.80
2025-12-18,TMPV,2026-01-27,340.00,PE,9.05,11.65,7.10,7.50,7.50,430400,129600,504,345.80
2025-12-18,TMPV,2026-02-24,420.00,CE,0.00,0.00,0.00,2.85,1.35,48000,0,0,345.80
2025-12-18,TMPV,2026-01-27,400.00,CE,1.20,1.45,1.00,1.35,1.35,1706400,74400,720,345.80
2025-12-18,TMPV,2026-01-27,320.00,CE,29.70,31.00,25.00,30.10,30.90,82400,27200,72,345.80
2025-12-18,TMPV,2025-12-30,480.00,CE,0.05,0.05,0.05,0.05,0.05,232000,-7200,39,345.80
2025-12-18,TMPV,2025-12-30,380.00,CE,0.45,0.60,0.30,0.40,0.40,7956000,-2018400,30674,345.80
2025-12-18,TMPV,2025-12-30,330.00,CE,14.00,19.00,10.75,17.70,17.70,507200,150400,3029,345.80
2025-12-18,TMPV,2025-12-30,320.00,CE,23.60,28.55,19.15,27.30,27.30,265600,8000,632,345.80
2025-12-18,TMPV,2026-01-27,310.00,CE,37.45,37.45,33.40,33.40,39.30,5600,800,2,345.80
2025-12-18,TMPV,2026-02-24,320.00,CE,0.00,0.00,0.00,46.35,34.70,0,0,0,345.80
2025-12-18,TMPV,2025-12-30,460.00,PE,0.00,0.00,0.00,111.60,113.35,69600,0,0,345.80
2025-12-18,TMPV,2026-01-27,290.00,PE,0.00,0.00,0.00,1.60,0.30,0,0,0,345.80
2025-12-18,TMPV,2026-02-24,280.00,PE,0.00,0.00,0.00,1.95,0.55,0,0,0,345.80
2025-12-18,TMPV,2026-01-27,290.00,CE,0.00,0.00,0.00,67.10,57.85,0,0,0,345.80
2025-12-18,TMPV,2026-01-27,260.00,CE,0.00,0.00,0.00,155.50,87.35,0,0,0,345.80
2025-12-18,TMPV,2025-12-30,450.00,CE,0.05,0.05,0.05,0.05,0.05,943200,0,19,345.80
2025-12-18,TMPV,2026-01-27,360.00,PE,22.40,23.75,17.45,18.00,18.00,285600,6400,74,345.80
2025-12-18,TMPV,2026-01-27,300.00,PE,1.15,1.30,0.75,0.80,0.80,393600,73600,286,345.80
2025-12-18,TMPV,2025-12-30,390.00,CE,0.25,0.40,0.20,0.20,0.20,4264800,-392800,10026,345.80
2025-12-18,TMPV,2025-12-30,410.00,CE,0.15,0.20,0.10,0.15,0.15,2955200,120000,4434,345.80
2025-12-18,TMPV,2025-12-30,460.00,CE,0.05,0.05,0.05,0.05,0.05,291200,0,18,345.80
2025-12-18,TMPV,2025-12-30,470.00,CE,0.10,0.10,0.05,0.05,0.05,20800,-800,8,345.80
2025-12-18,TMPV,2025-12-30,490.00,CE,0.00,0.00,0.00,0.05,0.05,8000,0,0,345.80
2025-12-18,TMPV,2025-12-30,400.00,PE,58.00,61.70,51.95,53.10,53.10,1410400,-57600,128,345.80
2025-12-18,TMPV,2025-12-30,390.00,PE,51.30,51.30,42.10,42.70,42.70,794400,-9600,79,345.80
2025-12-18,TMPV,2025-12-30,290.00,CE,55.25,56.90,55.25,56.90,56.90,800,0,6,345.80
2025-12-18,TMPV,2026-02-24,400.00,CE,3.80,4.00,2.80,3.65,3.65,112000,24800,65,345.80
2025-12-18,TMPV,2026-01-27,380.00,PE,32.85,34.40,32.65,32.65,32.65,106400,2400,7,345.80
2025-12-19,TMPV,2025-12-30,280.00,PE,0.00,0.00,0.00,0.10,0.05,7200,0,0,352.65
2025-12-19,TMPV,2025-12-30,360.00,PE,12.00,12.25,7.30,8.80,8.80,3636800,-354400,6178,352.65
2025-12-19,TMPV,2026-01-27,460.00,CE,0.30,0.30,0.30,0.30,0.30,82400,4800,7,352.65
2025-12-19,TMPV,2026-02-24,320.00,CE,0.00,0.00,0.00,46.35,40.10,0,0,0,352.65
2025-12-19,TMPV,2025-12-30,490.00,CE,0.00,0.00,0.00,0.05,0.05,8000,0,0,352.65
2025-12-19,TMPV,2025-12-30,470.00,CE,0.00,0.00,0.00,0.05,0.05,20800,0,0,352.65
2025-12-19,TMPV,2025-12-30,460.00,CE,0.00,0.00,0.00,0.05,0.05,291200,0,0,352.65
2025-12-19,TMPV,2025-12-30,410.00,CE,0.15,0.20,0.10,0.15,0.15,2936000,-19200,1907,352.65
2025-12-19,TMPV,2025-12-30,390.00,CE,0.25,0.35,0.20,0.30,0.30,4387200,122400,11457,352.65
2025-12-19,TMPV,2026-01-27,310.00,CE,0.00,0.00,0.00,33.40,45.45,5600,0,0,352.65
2025-12-19,TMPV,2026-02-24,280.00,PE,0.00,0.00,0.00,1.95,0.35,0,0,0,352.65
2025-12-19,TMPV,2026-01-27,290.00,PE,0.00,0.00,0.00,1.60,0.15,0,0,0,352.65
2025-12-19,TMPV,2025-12-30,460.00,PE,108.00,108.00,108.00,108.00,106.60,63200,-6400,8,352.65
2025-12-19,TMPV,2026-01-27,410.00,PE,57.70,57.70,55.85,56.35,55.85,32000,2400,8,352.65
2025-12-19,TMPV,2026-01-27,390.00,PE,36.50,38.00,36.50,37.70,37.70,16800,-1600,8,352.65
2025-12-19,TMPV,2026-01-27,310.00,PE,1.25,1.25,0.85,1.05,1.05,296800,-267200,604,352.65
2025-12-19,TMPV,2026-01-27,270.00,PE,0.00,0.00,0.00,0.50,0.05,0,0,0,352.65
2025-12-19,TMPV,2025-12-30,370.00,PE,20.95,20.95,15.35,17.15,17.15,2153600,-248800,1169,352.65
2025-12-19,TMPV,2026-01-27,370.00,CE,5.70,6.90,5.25,6.30,6.30,1041600,572800,1519,352.65
2025-12-19,TMPV,2026-01-27,280.00,CE,0.00,0.00,0.00,136.00,74.35,0,0,0,352.65
2025-12-19,TMPV,2025-12-30,350.00,CE,4.55,8.50,4.55,7.40,7.40,5407200,-2777600,30411,352.65
2025-12-19,TMPV,2025-12-30,430.00,CE,0.05,0.10,0.05,0.10,0.10,1755200,-125600,216,352.65
2025-12-19,TMPV,2026-01-27,440.00,PE,84.45,85.50,84.45,85.00,84.90,64800,42400,58,352.65
2025-12-19,TMPV,2025-12-30,400.00,CE,0.15,0.25,0.15,0.20,0.20,9155200,-616800,12113,352.65
2025-12-19,TMPV,2025-12-30,520.00,PE,166.05,166.05,166.05,166.05,166.05,68800,-3200,4,352.65
2025-12-19,TMPV,2026-01-27,370.00,PE,21.55,21.75,19.40,19.50,19.50,334400,315200,424,352.65
2025-12-19,TMPV,2026-01-27,500.00,CE,0.35,0.35,0.35,0.35,0.05,3200,1600,2,352.65
2025-12-19,TMPV,2026-02-24,480.00,CE,0.00,0.00,0.00,1.35,0.10,0,0,0,352.65
2025-12-19,TMPV,2026-02-24,320.00,PE,0.00,0.00,0.00,9.10,4.20,0,0,0,352.65
2025-12-19,TMPV,2025-12-30,240.00,PE,0.00,0.00,0.00,0.05,0.05,0,0,0,352.65
2025-12-19,TMPV,2025-12-30,440.00,PE,88.00,88.05,84.95,86.50,86.50,48000,-3200,28,352.65
2025-12-19,TMPV,2026-02-24,420.00,PE,0.00,0.00,0.00,68.50,65.00,800,0,0,352.65
2025-12-19,TMPV,2026-02-24,440.00,PE,0.00,0.00,0.00,84.80,83.75,0,0,0,352.65
2025-12-19,TMPV,2026-02-24,480.00,PE,0.00,0.00,0.00,121.65,122.65,0,0,0,352.65
2025-12-19,TMPV,2026-02-24,300.00,PE,2.40,2.40,2.40,2.40,1.40,800,800,1,352.65
2025-12-19,TMPV,2025-12-30,380.00,PE,30.40,30.60,24.80,26.60,26.60,1320000,-90400,801,352.65
2025-12-19,TMPV,2025-12-30,260.00,PE,0.00,0.00,0.00,0.05,0.05,8000,0,0,352.65
2025-12-19,TMPV,2026-02-24,380.00,CE,7.20,9.00,7.20,8.95,8.95,36800,5600,13,352.65
2025-12-19,TMPV,2026-02-24,360.00,CE,16.00,17.10,15.30,16.90,16.90,56000,2400,14,352.65
2025-12-19,TMPV,2026-01-27,330.00,CE,28.00,30.10,27.05,29.55,29.55,28800,-800,19,352.65
2025-12-19,TMPV,2026-01-27,240.00,CE,0.00,0.00,0.00,175.15,114.05,0,0,0,352.65
2025-12-19,TMPV,2025-12-30,520.00,CE,0.00,0.00,0.00,0.05,0.05,51200,0,0,352.65
2025-12-19,TMPV,2025-12-30,500.00,CE,0.05,0.05,0.05,0.05,0.05,208000,8000,11,352.65
2025-12-19,TMPV,2025-12-30,360.00,CE,1.70,3.25,1.70,2.80,2.80,9532000,-1928000,49364,352.65
2025-12-19,TMPV,2025-12-30,260.00,CE,0.00,0.00,0.00,85.40,93.10,2400,0,0,352.65
2025-12-19,TMPV,2025-12-30,290.00,PE,0.10,0.10,0.05,0.05,0.05,77600,4800,30,352.65
2025-12-19,TMPV,2025-12-30,420.00,PE,70.05,70.40,65.00,66.20,66.20,385600,-8800,39,352.65
2025-12-19,TMPV,2026-01-27,330.00,PE,3.60,3.70,2.75,3.10,3.10,326400,800,387,352.65
2025-12-19,TMPV,2026-01-27,430.00,PE,73.00,73.00,73.00,73.00,75.10,7200,800,1,352.65
2025-12-19,TMPV,2026-02-24,360.00,PE,20.00,20.00,18.40,18.40,19.15,3200,0,2,352.65
2025-12-19,TMPV,2025-12-30,310.00,PE,0.20,0.20,0.10,0.15,0.15,1840000,-56000,262,352.65
2025-12-19,TMPV,2025-12-30,440.00,CE,0.10,0.10,0.05,0.05,0.05,1792800,-205600,480,352.65
2025-12-19,TMPV,2026-01-27,340.00,CE,18.70,22.50,18.35,21.65,21.65,491200,-44000,204,352.65
2025-12-19,TMPV,2026-01-27,410.00,CE,1.00,1.15,0.95,1.00,1.00,502400,245600,326,352.65
2025-12-19,TMPV,2026-01-27,430.00,CE,1.30,1.30,0.55,0.60,0.60,5600,2400,5,352.65
2025-12-19,TMPV,2026-02-24,300.00,CE,0.00,0.00,0.00,61.50,57.05,0,0,0,352.65
2025-12-19,TMPV,2026-02-24,340.00,CE,27.65,27.65,26.40,27.65,27.65,27200,-800,3,352.65
2025-12-19,TMPV,2026-01-27,380.00,CE,3.30,4.30,2.45,4.00,4.00,1036000,-128800,1595,352.65
2025-12-19,TMPV,2026-02-24,240.00,CE,0.00,0.00,0.00,116.25,115.05,0,0,0,352.65
2025-12-19,TMPV,2025-12-30,370.00,CE,0.85,1.30,0.80,1.10,1.10,8683200,-389600,24116,352.65
2025-12-19,TMPV,2026-01-27,380.00,PE,28.80,30.00,27.00,27.15,27.15,129600,23200,37,352.65
2025-12-19,TMPV,2026-02-24,400.00,CE,4.25,5.00,2.65,4.80,4.15,117600,5600,55,352.65
2025-12-19,TMPV,2025-12-30,290.00,CE,0.00,0.00,0.00,56.90,63.15,800,0,0,352.65
2025-12-19,TMPV,2025-12-30,390.00,PE,40.15,40.55,34.65,36.20,36.20,769600,-24800,94,352.65
2025-12-19,TMPV,2025-12-30,400.00,PE,49.95,49.95,44.45,45.85,45.85,1262400,-148000,341,352.65
2025-12-19,TMPV,2025-12-30,410.00,PE,60.50,60.50,55.00,56.90,56.90,349600,-15200,41,352.65
2025-12-19,TMPV,2025-12-30,500.00,PE,147.00,148.70,147.00,148.00,146.50,767200,-800,9,352.65
2025-12-19,TMPV,2026-01-27,340.00,PE,7.40,7.40,4.85,5.25,5.25,692000,261600,916,352.65
2025-12-19,TMPV,2026-01-27,350.00,PE,11.00,11.00,8.00,8.85,8.85,838400,179200,639,352.65
2025-12-19,TMPV,2026-02-24,380.00,PE,32.00,32.00,32.00,32.00,31.85,0,-800,1,352.65
2025-12-19,TMPV,2025-12-30,320.00,CE,30.55,35.70,29.85,34.25,34.25,226400,-39200,114,352.65
2025-12-19,TMPV,2025-12-30,330.00,CE,20.00,26.05,20.00,24.35,24.35,424800,-82400,1088,352.65
2025-12-19,TMPV,2025-12-30,380.00,CE,0.45,0.70,0.45,0.55,0.55,7952800,-3200,17123,352.65
2025-12-19,TMPV,2025-12-30,270.00,CE,83.40,83.40,83.40,83.40,83.10,2400,0,3,352.65
2025-12-19,TMPV,2025-12-30,480.00,CE,0.05,0.05,0.05,0.05,0.05,224000,-8000,10,352.65
2025-12-19,TMPV,2026-01-27,320.00,CE,35.70,35.70,35.10,35.10,36.60,83200,800,2,352.65
2025-12-19,TMPV,2026-01-27,400.00,CE,1.50,2.10,1.45,1.75,1.75,2119200,412800,1517,352.65
2025-12-19,TMPV,2026-01-27,400.00,PE,45.30,47.30,42.95,44.95,44.95,248000,129600,177,352.65
2025-12-19,TMPV,2026-02-24,420.00,CE,2.70,3.00,2.65,2.85,1.90,47200,-800,6,352.65
2025-12-19,TMPV,2026-01-27,360.00,CE,7.95,10.80,7.95,10.05,10.05,1073600,12800,1931,352.65
2025-12-19,TMPV,2026-01-27,440.00,CE,0.50,0.55,0.45,0.50,0.50,219200,27200,124,352.65
2025-12-19,TMPV,2026-01-27,520.00,CE,0.00,0.00,0.00,0.10,0.05,20000,0,0,352.65
2025-12-19,TMPV,2025-12-30,270.00,PE,0.00,0.00,0.00,0.05,0.05,0,0,0,352.65
2025-12-19,TMPV,2026-01-27,500.00,PE,143.50,143.90,143.50,143.50,143.50,72000,7200,9,352.65
2025-12-19,TMPV,2025-12-30,320.00,PE,0.30,0.35,0.25,0.30,0.30,1857600,-572800,3070,352.65
2025-12-19,TMPV,2025-12-30,350.00,PE,6.05,6.05,2.55,3.35,3.35,3905600,-605600,21565,352.65
2025-12-19,TMPV,2026-01-27,280.00,PE,0.00,0.00,0.00,0.25,0.05,0,0,0,352.65
2025-12-19,TMPV,2026-01-27,320.00,PE,1.90,2.05,1.65,1.75,1.75,420000,89600,698,352.65
2025-12-19,TMPV,2025-12-30,310.00,CE,43.00,46.30,42.05,44.15,44.15,208800,-7200,12,352.65
2025-12-19,TMPV,2025-12-30,280.00,CE,0.00,0.00,0.00,66.70,73.10,2400,0,0,352.65
2025-12-19,TMPV,2025-12-30,240.00,CE,110.35,114.00,110.35,114.00,114.00,1600,800,2,352.65
2025-12-19,TMPV,2026-01-27,460.00,PE,106.65,106.65,104.25,105.00,104.70,64800,49600,66,352.65
2025-12-19,TMPV,2026-02-24,240.00,PE,0.00,0.00,0.00,0.20,0.05,0,0,0,352.65
2025-12-19,TMPV,2026-02-24,260.00,PE,0.00,0.00,0.00,0.70,0.05,0,0,0,352.65
2025-12-19,TMPV,2026-02-24,340.00,PE,11.55,11.55,9.45,9.50,9.50,38400,0,20,352.65
2025-12-19,TMPV,2026-02-24,400.00,PE,0.00,0.00,0.00,45.95,47.45,4000,0,0,352.65
2025-12-19,TMPV,2026-01-27,240.00,PE,0.00,0.00,0.00,0.05,0.05,0,0,0,352.65
2025-12-19,TMPV,2025-12-30,490.00,PE,0.00,0.00,0.00,126.80,136.55,4800,0,0,352.65
2025-12-19,TMPV,2025-12-30,340.00,PE,2.50,2.50,0.90,1.20,1.20,4707200,-812000,24588,352.65
2025-12-19,TMPV,2026-02-24,440.00,CE,0.00,0.00,0.00,2.85,0.80,30400,0,0,352.65
2025-12-19,TMPV,2026-02-24,280.00,CE,0.00,0.00,0.00,78.60,75.80,0,0,0,352.65
2025-12-19,TMPV,2026-01-27,480.00,CE,0.00,0.00,0.00,0.65,0.05,4800,0,0,352.65
2025-12-19,TMPV,2026-01-27,390.00,CE,2.25,2.70,2.15,2.50,2.50,233600,58400,191,352.65
2025-12-19,TMPV,2026-01-27,350.00,CE,12.45,16.10,12.45,15.00,15.00,1168800,166400,1622,352.65
2025-12-19,TMPV,2026-01-27,300.00,CE,55.00,56.40,53.75,56.40,56.40,62400,8000,24,352.65
2025-12-19,TMPV,2026-01-27,270.00,CE,0.00,0.00,0.00,85.75,84.25,0,0,0,352.65
2025-12-19,TMPV,2025-12-30,420.00,CE,0.10,0.10,0.05,0.10,0.10,1726400,-72000,197,352.65
2025-12-19,TMPV,2026-01-27,300.00,PE,0.75,0.75,0.55,0.60,0.60,372800,-20800,43,352.65
2025-12-19,TMPV,2026-01-27,260.00,CE,0.00,0.00,0.00,155.50,94.20,0,0,0,352.65
2025-12-19,TMPV,2026-01-27,290.00,CE,0.00,0.00,0.00,67.10,64.50,0,0,0,352.65
2025-12-19,TMPV,2026-02-24,260.00,CE,0.00,0.00,0.00,97.05,95.30,0,0,0,352.65
2025-12-19,TMPV,2025-12-30,430.00,PE,78.25,78.25,76.45,76.45,76.45,84000,-5600,8,352.65
2025-12-19,TMPV,2025-12-30,450.00,PE,98.90,98.90,97.30,97.35,96.60,203200,-15200,113,352.65
2025-12-19,TMPV,2025-12-30,470.00,PE,0.00,0.00,0.00,124.40,116.55,44800,0,0,352.65
2025-12-19,TMPV,2026-01-27,360.00,PE,14.30,15.50,12.55,13.60,13.60,369600,84000,254,352.65
2025-12-19,TMPV,2025-12-30,450.00,CE,0.05,0.10,0.05,0.05,0.05,915200,-28000,35,352.65
2025-12-19,TMPV,2026-01-27,420.00,CE,0.85,0.90,0.70,0.80,0.80,251200,30400,116,352.65
2025-12-19,TMPV,2025-12-30,340.00,CE,11.50,16.75,10.20,15.15,15.15,1288000,-546400,5717,352.65
2025-12-19,TMPV,2025-12-30,300.00,CE,50.15,52.95,50.10,52.95,53.15,76000,-9600,18,352.65
2025-12-19,TMPV,2026-01-27,260.00,PE,0.00,0.00,0.00,0.10,0.05,0,0,0,352.65
2025-12-19,TMPV,2026-01-27,420.00,PE,67.45,67.45,63.00,63.25,63.25,20800,9600,20,352.65
2025-12-19,TMPV,2025-12-30,480.00,PE,129.00,129.00,129.00,129.00,126.55,16800,0,1,352.65
2025-12-19,TMPV,2025-12-30,330.00,PE,0.55,0.65,0.40,0.50,0.50,3129600,-627200,9798,352.65
2025-12-19,TMPV,2025-12-30,300.00,PE,0.15,0.15,0.05,0.10,0.10,1712000,-164800,1061,352.65
2025-12-22,TMPV,2025-12-30,390.00,CE,0.30,0.45,0.25,0.35,0.35,5281600,894400,11607,359.15
2025-12-22,TMPV,2026-01-27,400.00,CE,2.00,2.25,1.65,1.95,1.95,2461600,342400,1869,359.15
2025-12-22,TMPV,2026-01-27,320.00,CE,39.00,44.65,39.00,42.35,42.10,84800,1600,8,359.15
2025-12-22,TMPV,2025-12-30,480.00,CE,0.05,0.05,0.05,0.05,0.05,223200,-800,1,359.15
2025-12-22,TMPV,2026-02-24,320.00,CE,0.00,0.00,0.00,46.35,45.25,0,0,0,359.15
2025-12-22,TMPV,2026-02-24,420.00,CE,3.00,3.30,2.65,2.65,2.65,49600,2400,8,359.15
2025-12-22,TMPV,2026-01-27,340.00,PE,4.50,5.20,3.60,4.00,4.00,812800,120800,651,359.15
2025-12-22,TMPV,2026-01-27,350.00,PE,8.35,8.85,6.15,6.70,6.70,1103200,264800,998,359.15
2025-12-22,TMPV,2026-01-27,400.00,PE,43.05,44.20,38.50,40.00,40.00,324800,76800,122,359.15
2025-12-22,TMPV,2026-02-24,380.00,PE,0.00,0.00,0.00,32.00,27.35,0,0,0,359.15
2025-12-22,TMPV,2025-12-30,270.00,CE,87.25,88.30,87.25,88.30,89.50,2400,0,6,359.15
2025-12-22,TMPV,2025-12-30,320.00,CE,35.70,41.25,35.70,39.25,39.25,220800,-5600,32,359.15
2025-12-22,TMPV,2025-12-30,330.00,CE,24.70,31.30,24.65,29.30,29.30,373600,-51200,474,359.15
2025-12-22,TMPV,2025-12-30,360.00,CE,3.25,5.50,2.50,4.15,4.15,8213600,-1318400,38882,359.15
2025-12-22,TMPV,2026-02-24,320.00,PE,0.00,0.00,0.00,9.10,3.00,0,0,0,359.15
2025-12-22,TMPV,2026-02-24,300.00,PE,1.95,1.95,1.95,1.95,0.90,2400,1600,2,359.15
2025-12-22,TMPV,2025-12-30,380.00,PE,26.25,26.25,19.55,21.50,21.50,1396800,76800,815,359.15
2025-12-22,TMPV,2025-12-30,260.00,PE,0.00,0.00,0.00,0.05,0.05,8000,0,0,359.15
2025-12-22,TMPV,2026-02-24,380.00,CE,9.20,12.65,9.20,10.50,10.15,38400,1600,6,359.15
2025-12-22,TMPV,2026-02-24,360.00,CE,17.50,19.95,17.10,18.90,18.90,56800,800,25,359.15
2025-12-22,TMPV,2025-12-30,500.00,CE,0.05,0.05,0.05,0.05,0.05,208000,0,4,359.15
2025-12-22,TMPV,2025-12-30,520.00,CE,0.00,0.00,0.00,0.05,0.05,51200,0,0,359.15
2025-12-22,TMPV,2025-12-30,260.00,CE,0.00,0.00,0.00,85.40,99.45,2400,0,0,359.15
2025-12-22,TMPV,2026-01-27,330.00,CE,30.00,35.15,30.00,32.90,33.45,35200,6400,19,359.15
2025-12-22,TMPV,2026-01-27,240.00,CE,0.00,0.00,0.00,175.15,120.45,0,0,0,359.15
2025-12-22,TMPV,2025-12-30,430.00,CE,0.05,0.10,0.05,0.05,0.05,1764800,9600,396,359.15
2025-12-22,TMPV,2026-01-27,280.00,CE,0.00,0.00,0.00,136.00,80.70,0,0,0,359.15
2025-12-22,TMPV,2025-12-30,350.00,CE,8.05,12.60,7.15,10.50,10.50,3741600,-1665600,12986,359.15
2025-12-22,TMPV,2026-01-27,370.00,CE,7.00,8.60,6.20,7.70,7.70,1189600,148000,1198,359.15
2025-12-22,TMPV,2025-12-30,370.00,PE,15.35,16.85,10.70,12.35,12.35,2160000,6400,2751,359.15
2025-12-22,TMPV,2026-01-27,270.00,PE,0.00,0.00,0.00,0.50,0.05,0,0,0,359.15
2025-12-22,TMPV,2026-01-27,310.00,PE,1.30,1.30,0.75,0.85,0.85,210400,-86400,309,359.15
2025-12-22,TMPV,2026-01-27,390.00,PE,30.85,32.10,29.95,31.25,31.25,52000,35200,49,359.15
2025-12-22,TMPV,2026-01-27,410.00,PE,49.50,49.80,48.30,49.50,49.50,42400,10400,17,359.15
2025-12-22,TMPV,2026-01-27,440.00,PE,80.00,80.00,77.25,78.35,78.65,85600,20800,26,359.15
2025-12-22,TMPV,2026-01-27,260.00,CE,0.00,0.00,0.00,155.50,100.55,0,0,0,359.15
2025-12-22,TMPV,2026-01-27,290.00,CE,0.00,0.00,0.00,67.10,70.80,0,0,0,359.15
2025-12-22,TMPV,2026-02-24,260.00,CE,0.00,0.00,0.00,97.05,101.65,0,0,0,359.15
2025-12-22,TMPV,2025-12-30,430.00,PE,75.00,75.00,69.40,70.70,70.70,76800,-7200,18,359.15
2025-12-22,TMPV,2025-12-30,450.00,PE,94.00,94.35,88.65,90.75,90.75,204800,1600,43,359.15
2025-12-22,TMPV,2025-12-30,470.00,PE,116.35,116.35,109.90,110.05,110.30,45600,800,8,359.15
2025-12-22,TMPV,2026-01-27,300.00,PE,0.65,0.65,0.50,0.50,0.50,370400,-2400,165,359.15
2025-12-22,TMPV,2026-01-27,360.00,PE,12.80,13.50,9.90,10.70,10.70,925600,556000,1153,359.15
2025-12-22,TMPV,2025-12-30,450.00,CE,0.05,0.10,0.05,0.05,0.05,911200,-4000,186,359.15
2025-12-22,TMPV,2026-01-27,280.00,PE,0.00,0.00,0.00,0.25,0.05,0,0,0,359.15
2025-12-22,TMPV,2026-01-27,500.00,PE,140.00,140.20,137.05,137.95,138.15,72800,800,13,359.15
2025-12-22,TMPV,2026-01-27,440.00,CE,0.55,0.60,0.50,0.50,0.50,234400,15200,21,359.15
2025-12-22,TMPV,2026-01-27,520.00,CE,0.20,0.25,0.20,0.25,0.25,24000,4000,8,359.15
2025-12-22,TMPV,2025-12-30,270.00,PE,0.00,0.00,0.00,0.05,0.05,0,0,0,359.15
2025-12-22,TMPV,2026-01-27,360.00,CE,12.00,13.35,9.95,12.05,12.05,1358400,284800,3210,359.15
2025-12-22,TMPV,2025-12-30,320.00,PE,0.40,0.40,0.15,0.20,0.20,1665600,-192000,2118,359.15
2025-12-22,TMPV,2025-12-30,350.00,PE,2.70,3.20,1.30,1.50,1.50,4249600,344000,19986,359.15
2025-12-22,TMPV,2026-01-27,460.00,CE,0.40,0.40,0.35,0.35,0.05,89600,7200,12,359.15
2025-12-22,TMPV,2026-01-27,420.00,CE,0.95,1.00,0.80,0.85,0.65,286400,35200,190,359.15
2025-12-22,TMPV,2025-12-30,340.00,CE,17.85,21.60,15.05,19.65,19.65,974400,-313600,2273,359.15
2025-12-22,TMPV,2025-12-30,300.00,CE,56.40,60.00,55.05,58.90,58.90,61600,-14400,26,359.15
2025-12-22,TMPV,2026-01-27,420.00,PE,59.00,59.50,57.25,59.00,59.00,32000,11200,23,359.15
2025-12-22,TMPV,2026-01-27,260.00,PE,0.00,0.00,0.00,0.10,0.05,0,0,0,359.15
2025-12-22,TMPV,2025-12-30,480.00,PE,0.00,0.00,0.00,129.00,120.25,16800,0,0,359.15
2025-12-22,TMPV,2025-12-30,360.00,PE,7.50,8.50,4.15,5.00,5.00,3801600,164800,11775,359.15
2025-12-22,TMPV,2025-12-30,330.00,PE,0.50,0.60,0.25,0.35,0.35,2372800,-756800,4612,359.15
2025-12-22,TMPV,2025-12-30,300.00,PE,0.10,0.10,0.05,0.05,0.05,1584000,-128000,400,359.15
2025-12-22,TMPV,2025-12-30,280.00,PE,0.00,0.00,0.00,0.10,0.05,7200,0,0,359.15
2025-12-22,TMPV,2026-01-27,370.00,PE,18.30,18.85,15.30,16.15,16.15,406400,72000,141,359.15
2025-12-22,TMPV,2025-12-30,520.00,PE,165.05,165.05,159.70,160.80,160.20,56000,-12800,26,359.15
2025-12-22,TMPV,2025-12-30,500.00,PE,145.00,145.00,139.05,140.45,140.45,745600,-21600,50,359.15
2025-12-22,TMPV,2025-12-30,410.00,PE,56.35,56.35,48.90,50.95,50.95,352000,2400,44,359.15
2025-12-22,TMPV,2025-12-30,400.00,PE,44.50,44.55,39.00,41.05,41.05,1202400,-60000,162,359.15
2025-12-22,TMPV,2026-02-24,280.00,PE,0.00,0.00,0.00,1.95,0.20,0,0,0,359.15
2025-12-22,TMPV,2026-01-27,290.00,PE,0.00,0.00,0.00,1.60,0.05,0,0,0,359.15
2025-12-22,TMPV,2025-12-30,460.00,PE,100.25,101.90,99.15,101.90,101.90,56800,-6400,26,359.15
2025-12-22,TMPV,2026-01-27,310.00,CE,0.00,0.00,0.00,33.40,51.35,5600,0,0,359.15
2025-12-22,TMPV,2025-12-30,420.00,CE,0.05,0.10,0.05,0.10,0.10,1673600,-52800,115,359.15
2025-12-22,TMPV,2026-01-27,270.00,CE,0.00,0.00,0.00,85.75,90.60,0,0,0,359.15
2025-12-22,TMPV,2026-01-27,300.00,CE,59.00,62.75,57.30,61.20,60.95,69600,7200,37,359.15
2025-12-22,TMPV,2026-01-27,350.00,CE,16.55,19.40,15.05,17.95,17.95,1306400,137600,1367,359.15
2025-12-22,TMPV,2026-01-27,390.00,CE,2.70,3.35,2.60,3.00,3.00,455200,221600,594,359.15
2025-12-22,TMPV,2026-01-27,480.00,CE,0.00,0.00,0.00,0.65,0.05,4800,0,0,359.15
2025-12-22,TMPV,2026-02-24,280.00,CE,0.00,0.00,0.00,78.60,82.05,0,0,0,359.15
2025-12-22,TMPV,2026-02-24,440.00,CE,1.80,1.80,1.55,1.75,1.05,30400,0,19,359.15
2025-12-22,TMPV,2026-02-24,400.00,PE,43.85,43.85,43.85,43.85,42.15,3200,-800,1,359.15
2025-12-22,TMPV,2026-02-24,340.00,PE,9.25,9.25,7.60,7.95,7.95,33600,-4800,23,359.15
2025-12-22,TMPV,2026-02-24,260.00,PE,0.00,0.00,0.00,0.70,0.05,0,0,0,359.15
2025-12-22,TMPV,2025-12-30,340.00,PE,1.00,1.10,0.45,0.50,0.50,4192000,-515200,11704,359.15
2025-12-22,TMPV,2025-12-30,490.00,PE,135.70,135.70,134.80,134.80,130.25,4000,-800,2,359.15
2025-12-22,TMPV,2026-01-27,240.00,PE,0.00,0.00,0.00,0.05,0.05,0,0,0,359.15
2025-12-22,TMPV,2026-01-27,320.00,PE,1.70,1.70,1.20,1.30,1.30,565600,145600,632,359.15
2025-12-22,TMPV,2026-01-27,460.00,PE,100.50,101.45,96.20,98.00,98.00,115200,50400,75,359.15
2025-12-22,TMPV,2026-02-24,240.00,PE,0.00,0.00,0.00,0.20,0.05,0,0,0,359.15
2025-12-22,TMPV,2025-12-30,240.00,CE,0.00,0.00,0.00,114.00,119.45,1600,0,0,359.15
2025-12-22,TMPV,2025-12-30,280.00,CE,0.00,0.00,0.00,66.70,79.50,2400,0,0,359.15
2025-12-22,TMPV,2025-12-30,310.00,CE,46.35,50.85,45.80,49.20,49.20,211200,2400,23,359.15
2025-12-22,TMPV,2026-01-27,430.00,CE,0.65,0.70,0.60,0.70,0.35,12800,7200,15,359.15
2025-12-22,TMPV,2026-01-27,410.00,CE,1.15,1.45,1.15,1.25,1.25,539200,36800,114,359.15
2025-12-22,TMPV,2026-01-27,340.00,CE,22.90,26.70,21.95,25.30,25.30,715200,224000,615,359.15
2025-12-22,TMPV,2026-02-24,340.00,CE,0.00,0.00,0.00,27.65,30.05,27200,0,0,359.15
2025-12-22,TMPV,2025-12-30,420.00,PE,64.75,64.75,58.80,60.85,60.85,389600,4000,34,359.15
2025-12-22,TMPV,2025-12-30,440.00,CE,0.05,0.05,0.05,0.05,0.05,1630400,-162400,214,359.15
2025-12-22,TMPV,2026-02-24,360.00,PE,13.45,15.00,13.45,15.00,15.00,11200,8000,10,359.15
2025-12-22,TMPV,2026-01-27,430.00,PE,73.50,73.50,70.70,70.70,68.85,7200,0,2,359.15
2025-12-22,TMPV,2026-01-27,330.00,PE,2.80,2.80,2.05,2.30,2.30,292000,-34400,425,359.15
2025-12-22,TMPV,2025-12-30,310.00,PE,0.25,0.25,0.10,0.10,0.10,1683200,-156800,300,359.15
2025-12-22,TMPV,2025-12-30,290.00,PE,0.05,0.05,0.05,0.05,0.05,40800,-36800,53,359.15
2025-12-22,TMPV,2026-02-24,300.00,CE,0.00,0.00,0.00,61.50,62.95,0,0,0,359.15
2025-12-22,TMPV,2026-02-24,480.00,PE,0.00,0.00,0.00,121.65,116.40,0,0,0,359.15
2025-12-22,TMPV,2026-02-24,440.00,PE,0.00,0.00,0.00,84.80,77.65,0,0,0,359.15
2025-12-22,TMPV,2026-02-24,420.00,PE,58.00,58.00,58.00,58.00,59.20,800,0,1,359.15
2025-12-22,TMPV,2025-12-30,440.00,PE,81.20,81.20,79.50,79.50,80.30,48000,0,2,359.15
2025-12-22,TMPV,2025-12-30,240.00,PE,0.00,0.00,0.00,0.05,0.05,0,0,0,359.15
2025-12-22,TMPV,2026-02-24,480.00,CE,0.00,0.00,0.00,1.35,0.15,0,0,0,359.15
2025-12-22,TMPV,2026-01-27,500.00,CE,0.00,0.00,0.00,0.35,0.05,3200,0,0,359.15
2025-12-22,TMPV,2026-01-27,380.00,PE,26.00,26.00,22.00,22.85,22.85,185600,56000,145,359.15
2025-12-22,TMPV,2025-12-30,290.00,CE,0.00,0.00,0.00,56.90,69.50,800,0,0,359.15
2025-12-22,TMPV,2026-02-24,400.00,CE,4.55,6.60,4.50,5.85,5.85,152800,35200,85,359.15
2025-12-22,TMPV,2025-12-30,390.00,PE,34.00,34.00,29.25,31.20,31.20,683200,-86400,233,359.15
2025-12-22,TMPV,2025-12-30,380.00,CE,0.75,0.90,0.50,0.70,0.70,7179200,-773600,13682,359.15
2025-12-22,TMPV,2025-12-30,370.00,CE,1.30,2.05,1.00,1.45,1.45,8608800,-74400,27659,359.15
2025-12-22,TMPV,2026-02-24,240.00,CE,0.00,0.00,0.00,116.25,121.45,0,0,0,359.15
2025-12-22,TMPV,2025-12-30,400.00,CE,0.20,0.25,0.15,0.20,0.20,9104800,-50400,7512,359.15
2025-12-22,TMPV,2026-01-27,380.00,CE,4.20,5.45,3.90,4.80,4.80,1208000,172000,1541,359.15
2025-12-22,TMPV,2025-12-30,490.00,CE,0.00,0.00,0.00,0.05,0.05,8000,0,0,359.15
2025-12-22,TMPV,2025-12-30,470.00,CE,0.10,0.10,0.10,0.10,0.05,21600,800,1,359.15
2025-12-22,TMPV,2025-12-30,460.00,CE,0.05,0.10,0.05,0.05,0.05,284800,-6400,61,359.15
2025-12-22,TMPV,2025-12-30,410.00,CE,0.15,0.15,0.10,0.15,0.15,2730400,-205600,974,359.15
2025-12-23,TMPV,2026-02-24,320.00,CE,0.00,0.00,0.00,46.35,48.70,0,0,0,363.25
2025-12-23,TMPV,2026-01-27,310.00,CE,0.00,0.00,0.00,33.40,55.25,5600,0,0,363.25
2025-12-23,TMPV,2025-12-30,490.00,CE,0.00,0.00,0.00,0.05,0.05,8000,0,0,363.25
2025-12-23,TMPV,2025-12-30,340.00,CE,18.85,26.60,18.55,23.10,23.10,896800,-77600,754,363.25
2025-12-23,TMPV,2026-01-27,420.00,CE,0.85,1.25,0.85,0.95,0.95,338400,52000,396,363.25
2025-12-23,TMPV,2026-01-27,460.00,CE,0.35,0.35,0.30,0.30,0.05,99200,9600,23,363.25
2025-12-23,TMPV,2025-12-30,280.00,PE,0.00,0.00,0.00,0.10,0.05,7200,0,0,363.25
2025-12-23,TMPV,2025-12-30,300.00,PE,0.05,0.10,0.05,0.10,0.10,1396800,-187200,452,363.25
2025-12-23,TMPV,2025-12-30,330.00,PE,0.30,0.30,0.15,0.20,0.20,2083200,-289600,2998,363.25
2025-12-23,TMPV,2026-01-27,260.00,PE,0.00,0.00,0.00,0.10,0.05,0,0,0,363.25
2025-12-23,TMPV,2025-12-30,360.00,PE,5.35,5.60,1.75,2.50,2.50,3596000,-205600,17723,363.25
2025-12-23,TMPV,2025-12-30,260.00,PE,0.00,0.00,0.00,0.05,0.05,8000,0,0,363.25
2025-12-23,TMPV,2025-12-30,380.00,PE,21.85,22.25,14.25,17.60,17.60,1415200,18400,1070,363.25
2025-12-23,TMPV,2025-12-30,500.00,CE,0.05,0.05,0.05,0.05,0.05,208000,0,1,363.25
2025-12-23,TMPV,2025-12-30,520.00,CE,0.00,0.00,0.00,0.05,0.05,51200,0,0,363.25
2025-12-23,TMPV,2025-12-30,260.00,CE,0.00,0.00,0.00,85.40,103.50,2400,0,0,363.25
2025-12-23,TMPV,2026-01-27,240.00,CE,0.00,0.00,0.00,175.15,124.50,0,0,0,363.25
2025-12-23,TMPV,2026-01-27,330.00,CE,33.85,39.45,33.85,37.10,37.10,32800,-2400,12,363.25
2025-12-23,TMPV,2026-02-24,360.00,CE,18.50,23.10,18.50,21.00,21.00,54400,-2400,43,363.25
2025-12-23,TMPV,2026-02-24,300.00,PE,0.00,0.00,0.00,1.95,0.70,2400,0,0,363.25
2025-12-23,TMPV,2026-02-24,320.00,PE,0.00,0.00,0.00,9.10,2.45,0,0,0,363.25
2025-12-23,TMPV,2026-02-24,380.00,CE,10.65,13.75,9.80,10.25,11.60,78400,40000,72,363.25
2025-12-23,TMPV,2025-12-30,360.00,CE,4.40,8.55,3.20,5.45,5.45,6227200,-1986400,24079,363.25
2025-12-23,TMPV,2026-01-27,270.00,CE,0.00,0.00,0.00,85.75,94.65,0,0,0,363.25
2025-12-23,TMPV,2026-01-27,300.00,CE,61.30,67.50,61.30,67.50,64.95,71200,1600,8,363.25
2025-12-23,TMPV,2026-01-27,350.00,CE,17.45,23.30,17.40,20.75,20.75,1187200,-119200,916,363.25
2025-12-23,TMPV,2026-01-27,390.00,CE,3.00,4.45,2.65,3.60,3.60,694400,239200,1271,363.25
2025-12-23,TMPV,2026-02-24,400.00,PE,0.00,0.00,0.00,43.85,38.95,3200,0,0,363.25
2025-12-23,TMPV,2026-02-24,340.00,PE,7.60,7.60,6.40,6.85,6.85,39200,5600,15,363.25
2025-12-23,TMPV,2026-02-24,260.00,PE,0.00,0.00,0.00,0.70,0.05,0,0,0,363.25
2025-12-23,TMPV,2026-02-24,240.00,PE,0.00,0.00,0.00,0.20,0.05,0,0,0,363.25
2025-12-23,TMPV,2026-01-27,460.00,PE,96.30,97.30,92.50,94.00,94.00,165600,50400,63,363.25
2025-12-23,TMPV,2026-01-27,320.00,PE,1.25,1.30,1.00,1.20,1.20,496800,-68800,585,363.25
2025-12-23,TMPV,2026-01-27,240.00,PE,0.00,0.00,0.00,0.05,0.05,0,0,0,363.25
2025-12-23,TMPV,2025-12-30,490.00,PE,128.80,128.80,128.25,128.25,126.25,4000,0,3,363.25
2025-12-23,TMPV,2025-12-30,340.00,PE,0.50,0.50,0.25,0.25,0.25,3779200,-412800,7778,363.25
2025-12-23,TMPV,2026-02-24,440.00,CE,1.75,1.75,1.75,1.75,1.75,30400,0,7,363.25
2025-12-23,TMPV,2026-02-24,280.00,CE,0.00,0.00,0.00,78.60,86.05,0,0,0,363.25
2025-12-23,TMPV,2026-01-27,480.00,CE,0.20,0.20,0.20,0.20,0.05,4000,-800,1,363.25
2025-12-23,TMPV,2025-12-30,240.00,CE,0.00,0.00,0.00,114.00,123.50,1600,0,0,363.25
2025-12-23,TMPV,2025-12-30,280.00,CE,0.00,0.00,0.00,66.70,83.55,2400,0,0,363.25
2025-12-23,TMPV,2025-12-30,310.00,CE,49.90,55.60,49.70,53.10,53.60,208000,-3200,49,363.25
2025-12-23,TMPV,2025-12-30,420.00,CE,0.10,0.10,0.05,0.10,0.10,1616000,-57600,472,363.25
2025-12-23,TMPV,2025-12-30,450.00,CE,0.05,0.05,0.05,0.05,0.05,888800,-22400,40,363.25
2025-12-23,TMPV,2026-01-27,360.00,PE,10.95,11.00,7.75,8.95,8.95,1416800,491200,1387,363.25
2025-12-23,TMPV,2026-01-27,300.00,PE,0.55,0.65,0.35,0.60,0.60,512800,142400,629,363.25
2025-12-23,TMPV,2025-12-30,470.00,PE,111.05,111.05,111.05,111.05,106.25,45600,0,3,363.25
2025-12-23,TMPV,2025-12-30,450.00,PE,0.00,0.00,0.00,90.75,86.30,204800,0,0,363.25
2025-12-23,TMPV,2025-12-30,430.00,PE,67.00,67.00,65.70,66.90,66.30,64000,-12800,18,363.25
2025-12-23,TMPV,2026-02-24,260.00,CE,0.00,0.00,0.00,97.05,105.70,0,0,0,363.25
2025-12-23,TMPV,2026-01-27,290.00,CE,0.00,0.00,0.00,67.10,74.80,0,0,0,363.25
2025-12-23,TMPV,2026-01-27,260.00,CE,0.00,0.00,0.00,155.50,104.60,0,0,0,363.25
2025-12-23,TMPV,2026-02-24,240.00,CE,0.00,0.00,0.00,116.25,125.50,0,0,0,363.25
2025-12-23,TMPV,2025-12-30,400.00,CE,0.20,0.25,0.10,0.15,0.15,8649600,-455200,7520,363.25
2025-12-23,TMPV,2025-12-30,370.00,CE,1.65,3.10,1.05,1.65,1.65,8544800,-64000,48846,363.25
2025-12-23,TMPV,2026-01-27,380.00,CE,4.75,7.10,4.30,5.80,5.80,1729600,521600,2578,363.25
2025-12-23,TMPV,2026-01-27,310.00,PE,0.80,0.80,0.65,0.75,0.75,189600,-20800,141,363.25
2025-12-23,TMPV,2026-01-27,270.00,PE,0.00,0.00,0.00,0.50,0.05,0,0,0,363.25
2025-12-23,TMPV,2025-12-30,370.00,PE,13.30,13.45,6.25,8.50,8.50,2798400,638400,5926,363.25
2025-12-23,TMPV,2026-01-27,370.00,CE,7.65,11.05,7.20,9.25,9.25,1660800,471200,2971,363.25
2025-12-23,TMPV,2026-01-27,280.00,CE,0.00,0.00,0.00,136.00,84.75,0,0,0,363.25
2025-12-23,TMPV,2026-01-27,520.00,CE,0.00,0.00,0.00,0.25,0.05,24000,0,0,363.25
2025-12-23,TMPV,2025-12-30,270.00,PE,0.00,0.00,0.00,0.05,0.05,0,0,0,363.25
2025-12-23,TMPV,2025-12-30,320.00,PE,0.20,0.20,0.10,0.15,0.15,1607200,-58400,1601,363.25
2025-12-23,TMPV,2025-12-30,350.00,PE,1.40,1.95,0.65,0.70,0.70,6724800,2475200,26115,363.25
2025-12-23,TMPV,2026-01-27,500.00,PE,135.00,135.00,131.35,131.35,134.10,88800,16000,22,363.25
2025-12-23,TMPV,2026-01-27,280.00,PE,0.00,0.00,0.00,0.25,0.05,0,0,0,363.25
2025-12-23,TMPV,2026-01-27,360.00,CE,12.10,16.45,11.40,14.10,14.10,1739200,380800,2827,363.25
2025-12-23,TMPV,2026-01-27,440.00,CE,0.55,0.60,0.40,0.55,0.55,307200,72800,212,363.25
2025-12-23,TMPV,2026-01-27,500.00,CE,0.25,0.35,0.25,0.25,0.05,8800,5600,8,363.25
2025-12-23,TMPV,2025-12-30,240.00,PE,0.00,0.00,0.00,0.05,0.05,0,0,0,363.25
2025-12-23,TMPV,2025-12-30,440.00,PE,74.10,74.10,74.10,74.10,76.30,47200,-800,1,363.25
2025-12-23,TMPV,2026-02-24,420.00,PE,51.00,51.00,51.00,51.00,55.60,1600,800,1,363.25
2025-12-23,TMPV,2026-01-27,420.00,PE,55.80,56.45,53.80,55.55,55.55,43200,11200,19,363.25
2025-12-23,TMPV,2025-12-30,300.00,CE,59.00,65.95,59.00,62.85,62.85,58400,-3200,39,363.25
2025-12-23,TMPV,2026-02-24,440.00,PE,0.00,0.00,0.00,84.80,73.85,0,0,0,363.25
2025-12-23,TMPV,2026-02-24,480.00,PE,0.00,0.00,0.00,121.65,112.40,0,0,0,363.25
2025-12-23,TMPV,2026-02-24,480.00,CE,0.00,0.00,0.00,1.35,0.20,0,0,0,363.25
2025-12-23,TMPV,2026-01-27,370.00,PE,15.65,16.25,12.25,14.05,14.05,678400,272000,786,363.25
2025-12-23,TMPV,2025-12-30,520.00,PE,160.80,160.80,157.80,157.80,156.20,53600,-2400,10,363.25
2025-12-23,TMPV,2025-12-30,500.00,PE,141.25,141.25,134.00,137.50,137.50,733600,-12000,23,363.25
2025-12-23,TMPV,2025-12-30,410.00,PE,52.05,52.05,44.45,46.90,46.90,340800,-11200,46,363.25
2025-12-23,TMPV,2025-12-30,400.00,PE,41.00,42.25,34.00,37.50,37.50,1177600,-24800,124,363.25
2025-12-23,TMPV,2025-12-30,390.00,PE,31.00,31.00,23.70,27.05,27.05,582400,-100800,249,363.25
2025-12-23,TMPV,2026-02-24,400.00,CE,5.60,6.75,5.00,6.10,6.10,208800,56000,142,363.25
2025-12-23,TMPV,2025-12-30,290.00,CE,76.00,76.00,76.00,76.00,73.55,0,-800,1,363.25
2025-12-23,TMPV,2026-01-27,380.00,PE,23.00,23.00,18.20,20.55,20.55,248000,62400,279,363.25
2025-12-23,TMPV,2026-01-27,400.00,PE,40.00,41.10,33.95,36.75,36.75,364800,40000,104,363.25
2025-12-23,TMPV,2025-12-30,270.00,CE,0.00,0.00,0.00,88.30,93.55,2400,0,0,363.25
2025-12-23,TMPV,2025-12-30,320.00,CE,39.25,43.50,39.25,43.50,43.60,216800,-4000,14,363.25
2025-12-23,TMPV,2025-12-30,330.00,CE,29.50,36.60,28.30,32.50,32.50,352000,-21600,71,363.25
2025-12-23,TMPV,2025-12-30,380.00,CE,0.70,1.05,0.50,0.55,0.55,7544000,364800,23606,363.25
2025-12-23,TMPV,2025-12-30,480.00,CE,0.05,0.05,0.05,0.05,0.05,222400,-800,1,363.25
2025-12-23,TMPV,2026-01-27,320.00,CE,44.00,47.05,44.00,47.00,45.80,88000,3200,17,363.25
2025-12-23,TMPV,2026-01-27,400.00,CE,2.20,2.85,1.80,2.25,2.25,2785600,324000,2665,363.25
2025-12-23,TMPV,2026-02-24,420.00,CE,3.25,4.00,2.35,3.45,2.85,53600,4000,14,363.25
2025-12-23,TMPV,2026-01-27,340.00,PE,4.00,4.10,2.75,3.20,3.20,984000,171200,742,363.25
2025-12-23,TMPV,2026-01-27,350.00,PE,6.75,6.85,4.65,5.40,5.40,1268000,164800,1127,363.25
2025-12-23,TMPV,2026-02-24,380.00,PE,0.00,0.00,0.00,32.00,24.75,0,0,0,363.25
2025-12-23,TMPV,2025-12-30,480.00,PE,0.00,0.00,0.00,129.00,116.25,16800,0,0,363.25
2025-12-23,TMPV,2025-12-30,430.00,CE,0.05,0.05,0.05,0.05,0.05,1741600,-23200,121,363.25
2025-12-23,TMPV,2026-01-27,440.00,PE,75.75,75.75,75.75,75.75,75.75,84800,-800,1,363.25
2025-12-23,TMPV,2025-12-30,350.00,CE,10.05,17.30,9.10,13.65,13.65,3319200,-422400,7003,363.25
2025-12-23,TMPV,2026-01-27,410.00,PE,45.15,45.90,44.50,44.50,46.05,50400,8000,11,363.25
2025-12-23,TMPV,2026-01-27,390.00,PE,31.25,31.65,25.40,27.85,27.85,121600,69600,103,363.25
2025-12-23,TMPV,2026-02-24,360.00,PE,12.00,13.20,12.00,13.15,13.15,15200,4000,7,363.25
2025-12-23,TMPV,2026-02-24,340.00,CE,33.55,37.00,33.05,36.15,32.95,20800,-6400,21,363.25
2025-12-23,TMPV,2025-12-30,290.00,PE,0.05,0.05,0.05,0.05,0.05,41600,800,12,363.25
2025-12-23,TMPV,2025-12-30,440.00,CE,0.05,0.05,0.05,0.05,0.05,1615200,-15200,35,363.25
2025-12-23,TMPV,2026-01-27,340.00,CE,25.00,31.20,25.00,28.20,28.20,743200,28000,197,363.25
2025-12-23,TMPV,2026-01-27,410.00,CE,1.20,1.80,1.15,1.40,1.40,693600,154400,531,363.25
2025-12-23,TMPV,2026-01-27,430.00,CE,0.70,0.90,0.65,0.75,0.75,94400,81600,112,363.25
2025-12-23,TMPV,2026-01-27,330.00,PE,2.30,2.35,1.60,1.85,1.85,416000,124000,703,363.25
2025-12-23,TMPV,2026-01-27,430.00,PE,62.00,64.60,62.00,64.60,64.90,20000,12800,17,363.25
2025-12-23,TMPV,2025-12-30,310.00,PE,0.10,0.15,0.05,0.10,0.10,1638400,-44800,407,363.25
2025-12-23,TMPV,2025-12-30,420.00,PE,60.50,60.50,53.75,57.20,57.20,380800,-8800,42,363.25
2025-12-23,TMPV,2026-02-24,300.00,CE,0.00,0.00,0.00,61.50,66.80,0,0,0,363.25
2025-12-23,TMPV,2025-12-30,470.00,CE,0.00,0.00,0.00,0.10,0.05,21600,0,0,363.25
2025-12-23,TMPV,2025-12-30,460.00,CE,0.05,0.05,0.05,0.05,0.05,275200,-9600,16,363.25
2025-12-23,TMPV,2025-12-30,410.00,CE,0.15,0.15,0.05,0.10,0.10,2175200,-555200,1862,363.25
2025-12-23,TMPV,2025-12-30,390.00,CE,0.30,0.45,0.20,0.25,0.25,4032000,-1249600,12717,363.25
2025-12-23,TMPV,2026-02-24,280.00,PE,0.00,0.00,0.00,1.95,0.15,0,0,0,363.25
2025-12-23,TMPV,2026-01-27,290.00,PE,0.00,0.00,0.00,1.60,0.05,0,0,0,363.25
2025-12-23,TMPV,2025-12-30,460.00,PE,0.00,0.00,0.00,101.90,96.25,56800,0,0,363.25
2025-12-24,TMPV,2026-01-27,320.00,PE,1.10,1.40,1.10,1.35,1.35,545600,48800,353,359.20
2025-12-24,TMPV,2026-01-27,440.00,CE,0.45,0.45,0.35,0.35,0.15,296000,-11200,17,359.20
2025-12-24,TMPV,2026-01-27,360.00,CE,14.55,15.00,11.25,11.45,11.45,2470400,731200,2740,359.20
2025-12-24,TMPV,2026-01-27,280.00,PE,0.00,0.00,0.00,0.25,0.05,0,0,0,359.20
2025-12-24,TMPV,2026-02-24,440.00,PE,0.00,0.00,0.00,84.80,77.65,0,0,0,359.20
2025-12-24,TMPV,2026-02-24,420.00,PE,0.00,0.00,0.00,51.00,59.15,1600,0,0,359.20
2025-12-24,TMPV,2025-12-30,440.00,PE,78.80,81.10,78.80,81.00,80.40,43200,-4000,17,359.20
2025-12-24,TMPV,2025-12-30,240.00,PE,0.00,0.00,0.00,0.05,0.05,0,0,0,359.20
2025-12-24,TMPV,2026-01-27,500.00,CE,0.00,0.00,0.00,0.25,0.05,8800,0,0,359.20
2025-12-24,TMPV,2026-02-24,480.00,CE,0.00,0.00,0.00,1.35,0.15,0,0,0,359.20
2025-12-24,TMPV,2026-02-24,480.00,PE,0.00,0.00,0.00,121.65,116.45,0,0,0,359.20
2025-12-24,TMPV,2025-12-30,370.00,CE,1.60,2.00,0.65,0.75,0.75,10134400,1589600,29607,359.20
2025-12-24,TMPV,2025-12-30,400.00,CE,0.20,0.20,0.05,0.10,0.10,7601600,-1048000,7167,359.20
2025-12-24,TMPV,2026-01-27,380.00,CE,5.80,5.95,4.25,4.35,4.35,2006400,276800,2030,359.20
2025-12-24,TMPV,2026-02-24,240.00,CE,0.00,0.00,0.00,116.25,121.45,0,0,0,359.20
2025-12-24,TMPV,2026-01-27,410.00,CE,1.65,1.65,1.00,1.05,1.05,790400,96800,317,359.20
2025-12-24,TMPV,2026-02-24,300.00,CE,0.00,0.00,0.00,61.50,62.85,0,0,0,359.20
2025-12-24,TMPV,2026-02-24,340.00,CE,31.20,31.20,31.15,31.20,29.75,20800,0,4,359.20
2025-12-24,TMPV,2025-12-30,290.00,PE,0.05,0.05,0.05,0.05,0.05,40800,-800,1,359.20
2025-12-24,TMPV,2025-12-30,310.00,PE,0.05,0.05,0.05,0.05,0.05,1406400,-232000,799,359.20
2025-12-24,TMPV,2025-12-30,420.00,PE,57.20,61.30,56.95,61.30,60.40,360000,-20800,30,359.20
2025-12-24,TMPV,2026-01-27,330.00,PE,1.85,2.55,1.85,2.15,2.15,612000,196000,606,359.20
2025-12-24,TMPV,2026-01-27,430.00,PE,67.25,68.80,66.75,68.10,68.85,42400,22400,29,359.20
2025-12-24,TMPV,2026-02-24,360.00,PE,13.25,15.25,13.25,15.25,15.40,19200,4000,8,359.20
2025-12-24,TMPV,2026-01-27,340.00,CE,27.45,27.45,24.55,24.80,24.80,772000,28800,67,359.20
2025-12-24,TMPV,2025-12-30,440.00,CE,0.00,0.00,0.00,0.05,0.05,1615200,0,0,359.20
2025-12-24,TMPV,2026-01-27,430.00,CE,0.50,0.60,0.50,0.50,0.50,105600,11200,37,359.20
2025-12-24,TMPV,2025-12-30,410.00,PE,50.00,51.00,50.00,51.00,50.45,308800,-32000,41,359.20
2025-12-24,TMPV,2025-12-30,500.00,PE,141.00,141.30,139.00,140.00,140.35,716800,-16800,49,359.20
2025-12-24,TMPV,2025-12-30,520.00,PE,159.90,161.65,159.90,161.65,161.65,53600,0,3,359.20
2025-12-24,TMPV,2026-01-27,370.00,PE,14.85,16.50,13.30,16.00,16.00,1164000,485600,1221,359.20
2025-12-24,TMPV,2026-01-27,380.00,PE,22.25,23.50,22.00,23.15,23.15,275200,27200,87,359.20
2025-12-24,TMPV,2026-02-24,400.00,CE,6.10,6.15,5.20,5.30,5.30,253600,44800,77,359.20
2025-12-24,TMPV,2025-12-30,290.00,CE,0.00,0.00,0.00,76.00,69.45,0,0,0,359.20
2025-12-24,TMPV,2025-12-30,390.00,PE,28.65,31.80,28.65,31.05,31.05,544000,-38400,68,359.20
2025-12-24,TMPV,2025-12-30,400.00,PE,39.25,41.60,39.10,41.00,41.00,1107200,-70400,169,359.20
2025-12-24,TMPV,2026-02-24,260.00,PE,0.00,0.00,0.00,0.70,0.05,0,0,0,359.20
2025-12-24,TMPV,2026-02-24,240.00,PE,0.00,0.00,0.00,0.20,0.05,0,0,0,359.20
2025-12-24,TMPV,2026-01-27,460.00,PE,95.00,99.00,95.00,99.00,99.00,180000,14400,23,359.20
2025-12-24,TMPV,2026-01-27,240.00,PE,0.00,0.00,0.00,0.05,0.05,0,0,0,359.20
2025-12-24,TMPV,2025-12-30,380.00,PE,17.15,21.75,17.15,21.20,21.20,1233600,-181600,557,359.20
2025-12-24,TMPV,2025-12-30,260.00,PE,0.00,0.00,0.00,0.05,0.05,8000,0,0,359.20
2025-12-24,TMPV,2025-12-30,260.00,CE,0.00,0.00,0.00,85.40,99.45,2400,0,0,359.20
2025-12-24,TMPV,2026-02-24,320.00,PE,0.00,0.00,0.00,9.10,2.85,0,0,0,359.20
2025-12-24,TMPV,2025-12-30,360.00,CE,5.45,6.00,2.25,2.40,2.40,6266400,39200,15430,359.20
2025-12-24,TMPV,2025-12-30,500.00,CE,0.05,0.05,0.05,0.05,0.05,208000,0,20,359.20
2025-12-24,TMPV,2025-12-30,520.00,CE,0.00,0.00,0.00,0.05,0.05,51200,0,0,359.20
2025-12-24,TMPV,2026-01-27,240.00,CE,0.00,0.00,0.00,175.15,120.45,0,0,0,359.20
2025-12-24,TMPV,2026-01-27,330.00,CE,35.00,35.00,32.60,32.60,32.60,51200,18400,27,359.20
2025-12-24,TMPV,2026-02-24,360.00,CE,20.60,20.80,17.90,18.50,18.50,58400,4000,21,359.20
2025-12-24,TMPV,2026-02-24,380.00,CE,11.50,11.80,9.60,10.10,9.85,84800,6400,22,359.20
2025-12-24,TMPV,2026-02-24,300.00,PE,1.75,1.75,1.75,1.75,0.85,4000,1600,2,359.20
2025-12-24,TMPV,2026-01-27,460.00,CE,0.30,0.30,0.30,0.30,0.05,92800,-6400,14,359.20
2025-12-24,TMPV,2025-12-30,280.00,PE,0.00,0.00,0.00,0.10,0.05,7200,0,0,359.20
2025-12-24,TMPV,2025-12-30,300.00,PE,0.05,0.05,0.05,0.05,0.05,1344800,-52000,123,359.20
2025-12-24,TMPV,2025-12-30,330.00,PE,0.20,0.20,0.05,0.10,0.10,1952000,-131200,1933,359.20
2025-12-24,TMPV,2025-12-30,360.00,PE,2.10,3.90,2.05,3.45,3.45,3495200,-100800,11545,359.20
2025-12-24,TMPV,2025-12-30,480.00,PE,120.50,120.50,120.50,120.50,120.35,16800,0,2,359.20
2025-12-24,TMPV,2026-01-27,260.00,PE,0.00,0.00,0.00,0.10,0.05,0,0,0,359.20
2025-12-24,TMPV,2026-01-27,420.00,PE,53.10,59.55,53.10,59.55,59.20,76000,32800,44,359.20
2025-12-24,TMPV,2025-12-30,340.00,CE,22.40,23.35,18.40,19.00,19.00,712800,-184000,857,359.20
2025-12-24,TMPV,2025-12-30,300.00,CE,61.00,61.00,58.85,58.85,58.85,56000,-2400,19,359.20
2025-12-24,TMPV,2026-01-27,420.00,CE,1.00,1.00,0.65,0.70,0.70,497600,159200,371,359.20
2025-12-24,TMPV,2026-01-27,360.00,PE,8.45,10.80,8.45,10.55,10.55,1993600,576800,1496,359.20
2025-12-24,TMPV,2026-01-27,300.00,PE,0.55,0.70,0.50,0.55,0.55,631200,118400,245,359.20
2025-12-24,TMPV,2025-12-30,470.00,PE,109.50,111.00,109.50,110.10,110.40,44000,-1600,5,359.20
2025-12-24,TMPV,2025-12-30,450.00,PE,90.50,90.90,89.00,90.80,90.80,194400,-10400,16,359.20
2025-12-24,TMPV,2025-12-30,430.00,PE,65.80,71.00,65.80,71.00,71.00,56800,-7200,17,359.20
2025-12-24,TMPV,2025-12-30,490.00,PE,0.00,0.00,0.00,128.25,130.35,4000,0,0,359.20
2025-12-24,TMPV,2025-12-30,340.00,PE,0.25,0.25,0.10,0.15,0.15,3187200,-592000,5015,359.20
2025-12-24,TMPV,2026-02-24,440.00,CE,1.75,1.75,1.70,1.70,0.95,32000,1600,11,359.20
2025-12-24,TMPV,2026-02-24,280.00,CE,0.00,0.00,0.00,78.60,82.00,0,0,0,359.20
2025-12-24,TMPV,2026-01-27,480.00,CE,0.00,0.00,0.00,0.20,0.05,4000,0,0,359.20
2025-12-24,TMPV,2025-12-30,240.00,CE,0.00,0.00,0.00,114.00,119.40,1600,0,0,359.20
2025-12-24,TMPV,2025-12-30,280.00,CE,0.00,0.00,0.00,66.70,79.45,2400,0,0,359.20
2025-12-24,TMPV,2026-01-27,390.00,CE,3.60,3.60,2.55,2.65,2.65,933600,239200,923,359.20
2025-12-24,TMPV,2025-12-30,310.00,CE,50.25,51.10,48.70,49.10,49.10,204800,-3200,11,359.20
2025-12-24,TMPV,2025-12-30,420.00,CE,0.10,0.10,0.05,0.05,0.05,1685600,69600,311,359.20
2025-12-24,TMPV,2026-01-27,270.00,CE,0.00,0.00,0.00,85.75,90.60,0,0,0,359.20
2025-12-24,TMPV,2026-01-27,300.00,CE,66.00,66.00,60.30,61.50,60.90,87200,16000,42,359.20
2025-12-24,TMPV,2026-01-27,350.00,CE,20.70,21.20,17.00,17.30,17.30,1421600,234400,718,359.20
2025-12-24,TMPV,2026-02-24,400.00,PE,0.00,0.00,0.00,43.85,42.00,3200,0,0,359.20
2025-12-24,TMPV,2026-02-24,340.00,PE,7.00,7.95,6.80,7.85,7.85,60000,20800,32,359.20
2025-12-24,TMPV,2025-12-30,450.00,CE,0.05,0.05,0.05,0.05,0.05,881600,-7200,9,359.20
2025-12-24,TMPV,2026-01-27,260.00,CE,0.00,0.00,0.00,155.50,100.55,0,0,0,359.20
2025-12-24,TMPV,2026-01-27,440.00,PE,77.20,79.00,76.80,78.80,78.80,124800,40000,54,359.20
2025-12-24,TMPV,2026-01-27,290.00,CE,0.00,0.00,0.00,67.10,70.75,0,0,0,359.20
2025-12-24,TMPV,2026-02-24,260.00,CE,0.00,0.00,0.00,97.05,101.65,0,0,0,359.20
2025-12-24,TMPV,2026-02-24,420.00,CE,2.70,3.15,2.70,2.75,2.25,61600,8000,12,359.20
2025-12-24,TMPV,2026-01-27,340.00,PE,3.30,3.90,3.05,3.75,3.75,1154400,170400,757,359.20
2025-12-24,TMPV,2026-01-27,350.00,PE,5.35,6.60,5.20,6.40,6.40,1927200,659200,2182,359.20
2025-12-24,TMPV,2026-01-27,400.00,PE,37.50,40.70,37.50,40.45,40.45,418400,53600,87,359.20
2025-12-24,TMPV,2026-02-24,380.00,PE,0.00,0.00,0.00,32.00,27.10,0,0,0,359.20
2025-12-24,TMPV,2025-12-30,270.00,CE,0.00,0.00,0.00,88.30,89.45,2400,0,0,359.20
2025-12-24,TMPV,2025-12-30,320.00,CE,40.60,41.15,39.45,41.15,39.50,212800,-4000,6,359.20
2025-12-24,TMPV,2025-12-30,330.00,CE,32.50,32.50,28.70,28.85,28.85,328800,-23200,40,359.20
2025-12-24,TMPV,2025-12-30,380.00,CE,0.55,0.60,0.25,0.30,0.30,6828800,-715200,12499,359.20
2025-12-24,TMPV,2025-12-30,480.00,CE,0.05,0.05,0.05,0.05,0.05,221600,-800,1,359.20
2025-12-24,TMPV,2026-01-27,320.00,CE,43.50,43.50,41.45,41.45,41.45,108000,20000,28,359.20
2025-12-24,TMPV,2026-01-27,400.00,CE,2.25,2.50,1.65,1.75,1.75,3344000,558400,1659,359.20
2025-12-24,TMPV,2025-12-30,390.00,CE,0.25,0.25,0.10,0.15,0.15,4138400,106400,6780,359.20
2025-12-24,TMPV,2025-12-30,410.00,CE,0.10,0.10,0.05,0.05,0.05,1844800,-330400,964,359.20
2025-12-24,TMPV,2025-12-30,460.00,CE,0.05,0.05,0.05,0.05,0.05,273600,-1600,2,359.20
2025-12-24,TMPV,2025-12-30,470.00,CE,0.00,0.00,0.00,0.10,0.05,21600,0,0,359.20
2025-12-24,TMPV,2025-12-30,490.00,CE,0.00,0.00,0.00,0.05,0.05,8000,0,0,359.20
2025-12-24,TMPV,2026-02-24,280.00,PE,0.00,0.00,0.00,1.95,0.15,0,0,0,359.20
2025-12-24,TMPV,2026-01-27,290.00,PE,0.00,0.00,0.00,1.60,0.05,0,0,0,359.20
2025-12-24,TMPV,2025-12-30,460.00,PE,0.00,0.00,0.00,101.90,100.40,56800,0,0,359.20
2025-12-24,TMPV,2026-02-24,320.00,CE,0.00,0.00,0.00,46.35,45.05,0,0,0,359.20
2025-12-24,TMPV,2026-01-27,310.00,CE,0.00,0.00,0.00,33.40,51.25,5600,0,0,359.20
2025-12-24,TMPV,2026-01-27,410.00,PE,48.00,49.50,48.00,49.50,49.75,82400,32000,40,359.20
2025-12-24,TMPV,2026-01-27,310.00,PE,0.70,0.90,0.65,0.80,0.45,253600,64000,133,359.20
2025-12-24,TMPV,2026-01-27,270.00,PE,0.00,0.00,0.00,0.50,0.05,0,0,0,359.20
2025-12-24,TMPV,2025-12-30,370.00,PE,8.20,12.20,7.85,11.75,11.75,2001600,-796800,4041,359.20
2025-12-24,TMPV,2026-01-27,370.00,CE,9.40,9.50,7.00,7.20,7.20,2080800,420000,1946,359.20
2025-12-24,TMPV,2026-01-27,390.00,PE,29.70,31.70,29.70,31.35,31.35,160000,38400,65,359.20
2025-12-24,TMPV,2026-01-27,280.00,CE,0.00,0.00,0.00,136.00,80.65,0,0,0,359.20
2025-12-24,TMPV,2025-12-30,430.00,CE,0.05,0.05,0.05,0.05,0.05,1730400,-11200,16,359.20
2025-12-24,TMPV,2025-12-30,350.00,CE,13.15,14.25,8.95,9.30,9.30,3213600,-105600,3961,359.20
2025-12-24,TMPV,2026-01-27,500.00,PE,133.00,138.00,133.00,138.00,138.00,105600,16800,22,359.20
2025-12-24,TMPV,2025-12-30,350.00,PE,0.70,0.70,0.40,0.50,0.50,5437600,-1287200,16771,359.20
2025-12-24,TMPV,2025-12-30,320.00,PE,0.10,0.10,0.05,0.05,0.05,1554400,-52800,644,359.20
2025-12-24,TMPV,2025-12-30,270.00,PE,0.00,0.00,0.00,0.05,0.05,0,0,0,359.20
2025-12-24,TMPV,2026-01-27,520.00,CE,0.10,0.10,0.10,0.10,0.10,22400,-1600,5,359.20
2025-12-26,TMPV,2026-02-24,400.00,CE,5.20,5.65,4.70,5.30,5.30,277600,24000,50,358.80
2025-12-26,TMPV,2025-12-30,290.00,CE,0.00,0.00,0.00,76.00,68.95,0,0,0,358.80
2025-12-26,TMPV,2025-12-30,520.00,PE,161.65,161.65,161.60,161.60,160.90,44800,-8800,12,358.80
2025-12-26,TMPV,2025-12-30,520.00,CE,0.00,0.00,0.00,0.05,0.05,51200,0,0,358.80
2025-12-26,TMPV,2025-12-30,500.00,CE,0.05,0.05,0.05,0.05,0.05,208000,0,10,358.80
2025-12-26,TMPV,2025-12-30,360.00,CE,2.40,2.60,0.95,2.00,2.00,5488800,-777600,33838,358.80
2025-12-26,TMPV,2025-12-30,260.00,CE,0.00,0.00,0.00,85.40,98.95,2400,0,0,358.80
2025-12-26,TMPV,2026-02-24,320.00,PE,0.00,0.00,0.00,9.10,2.75,0,0,0,358.80
2025-12-26,TMPV,2026-02-24,300.00,PE,0.00,0.00,0.00,1.75,0.80,4000,0,0,358.80
2025-12-26,TMPV,2025-12-30,380.00,PE,21.30,25.45,20.20,21.20,21.20,1062400,-171200,645,358.80
2025-12-26,TMPV,2025-12-30,260.00,PE,0.00,0.00,0.00,0.05,0.05,8000,0,0,358.80
2025-12-26,TMPV,2026-02-24,380.00,CE,10.10,10.65,9.10,10.15,10.15,112800,28000,92,358.80
2025-12-26,TMPV,2026-02-24,240.00,CE,0.00,0.00,0.00,116.25,120.95,0,0,0,358.80
2025-12-26,TMPV,2025-12-30,370.00,CE,0.75,1.00,0.30,0.55,0.55,8677600,-1456800,35781,358.80
2025-12-26,TMPV,2026-02-24,360.00,PE,16.50,16.50,16.50,16.50,15.35,20000,800,1,358.80
2025-12-26,TMPV,2026-01-27,330.00,PE,1.95,2.70,1.90,2.20,2.20,736000,124000,497,358.80
2025-12-26,TMPV,2025-12-30,290.00,PE,0.00,0.00,0.00,0.05,0.05,40800,0,0,358.80
2025-12-26,TMPV,2026-01-27,430.00,PE,72.50,72.50,72.00,72.00,69.35,44000,1600,2,358.80
2025-12-26,TMPV,2025-12-30,460.00,CE,0.05,0.05,0.05,0.05,0.05,273600,0,9,358.80
2025-12-26,TMPV,2025-12-30,470.00,CE,0.00,0.00,0.00,0.10,0.05,21600,0,0,358.80
2025-12-26,TMPV,2025-12-30,490.00,CE,0.00,0.00,0.00,0.05,0.05,8000,0,0,358.80
2025-12-26,TMPV,2026-01-27,310.00,CE,48.90,48.90,48.90,48.90,50.70,8800,3200,9,358.80
2025-12-26,TMPV,2026-02-24,320.00,CE,0.00,0.00,0.00,46.35,44.45,0,0,0,358.80
2025-12-26,TMPV,2025-12-30,460.00,PE,103.00,104.20,103.00,104.20,100.90,52800,-4000,6,358.80
2025-12-26,TMPV,2026-01-27,290.00,PE,0.00,0.00,0.00,1.60,0.05,0,0,0,358.80
2025-12-26,TMPV,2026-02-24,280.00,PE,0.00,0.00,0.00,1.95,0.15,0,0,0,358.80
2025-12-26,TMPV,2025-12-30,390.00,CE,0.10,0.15,0.05,0.10,0.10,3990400,-148000,3395,358.80
2025-12-26,TMPV,2025-12-30,410.00,CE,0.10,0.10,0.05,0.05,0.05,1776800,-68000,494,358.80
2025-12-26,TMPV,2026-02-24,360.00,CE,18.15,18.85,16.10,17.70,17.70,83200,24800,57,358.80
2025-12-26,TMPV,2026-01-27,330.00,CE,31.90,33.50,31.90,33.10,33.10,53600,2400,5,358.80
2025-12-26,TMPV,2026-01-27,240.00,CE,0.00,0.00,0.00,175.15,119.95,0,0,0,358.80
2025-12-26,TMPV,2026-01-27,520.00,CE,0.15,0.15,0.15,0.15,0.05,24800,2400,15,358.80
2025-12-26,TMPV,2026-01-27,440.00,CE,0.35,0.50,0.10,0.35,0.35,358400,62400,375,358.80
2025-12-26,TMPV,2026-01-27,360.00,CE,11.00,12.20,9.55,11.25,11.25,3016800,546400,3841,358.80
2025-12-26,TMPV,2026-01-27,500.00,PE,138.00,142.75,136.80,137.25,137.25,148800,43200,56,358.80
2025-12-26,TMPV,2026-01-27,280.00,PE,0.00,0.00,0.00,0.25,0.05,0,0,0,358.80
2025-12-26,TMPV,2025-12-30,350.00,PE,0.45,0.75,0.30,0.40,0.40,5578400,140800,33221,358.80
2025-12-26,TMPV,2025-12-30,320.00,PE,0.10,0.10,0.05,0.05,0.05,1158400,-396000,813,358.80
2025-12-26,TMPV,2025-12-30,270.00,PE,0.00,0.00,0.00,0.05,0.05,0,0,0,358.80
2025-12-26,TMPV,2025-12-30,450.00,CE,0.05,0.05,0.05,0.05,0.05,881600,0,13,358.80
2025-12-26,TMPV,2026-01-27,300.00,PE,0.65,0.65,0.55,0.60,0.60,726400,95200,391,358.80
2025-12-26,TMPV,2026-01-27,360.00,PE,10.95,12.70,9.90,10.70,10.70,2244800,251200,1009,358.80
2025-12-26,TMPV,2026-02-24,260.00,CE,0.00,0.00,0.00,97.05,101.15,0,0,0,358.80
2025-12-26,TMPV,2025-12-30,470.00,PE,0.00,0.00,0.00,110.10,110.90,44000,0,0,358.80
2025-12-26,TMPV,2025-12-30,450.00,PE,91.50,95.50,90.95,91.90,91.90,172800,-21600,32,358.80
2025-12-26,TMPV,2025-12-30,430.00,PE,72.00,75.00,71.30,71.75,71.75,48000,-8800,13,358.80
2025-12-26,TMPV,2026-01-27,290.00,CE,0.00,0.00,0.00,67.10,70.25,0,0,0,358.80
2025-12-26,TMPV,2026-01-27,260.00,CE,0.00,0.00,0.00,155.50,100.05,0,0,0,358.80
2025-12-26,TMPV,2026-02-24,480.00,CE,0.00,0.00,0.00,1.35,0.10,0,0,0,358.80
2025-12-26,TMPV,2026-01-27,500.00,CE,0.10,0.15,0.10,0.15,0.05,15200,6400,10,358.80
2025-12-26,TMPV,2026-02-24,440.00,PE,0.00,0.00,0.00,84.80,78.05,0,0,0,358.80
2025-12-26,TMPV,2026-02-24,420.00,PE,0.00,0.00,0.00,51.00,59.45,1600,0,0,358.80
2025-12-26,TMPV,2025-12-30,440.00,PE,82.00,82.00,80.80,81.80,81.80,38400,-4800,6,358.80
2025-12-26,TMPV,2026-02-24,480.00,PE,0.00,0.00,0.00,121.65,117.00,0,0,0,358.80
2025-12-26,TMPV,2025-12-30,240.00,PE,0.00,0.00,0.00,0.05,0.05,0,0,0,358.80
2025-12-26,TMPV,2026-01-27,260.00,PE,0.00,0.00,0.00,0.10,0.05,0,0,0,358.80
2025-12-26,TMPV,2026-01-27,420.00,PE,61.80,62.85,59.45,59.60,59.60,112800,36800,48,358.80
2025-12-26,TMPV,2025-12-30,300.00,CE,59.85,59.85,55.10,55.45,59.00,52000,-4000,15,358.80
2025-12-26,TMPV,2025-12-30,340.00,CE,18.95,19.80,14.85,17.70,17.70,578400,-134400,717,358.80
2025-12-26,TMPV,2026-01-27,420.00,CE,0.75,0.75,0.60,0.70,0.70,551200,53600,184,358.80
2025-12-26,TMPV,2026-01-27,460.00,CE,0.30,0.35,0.25,0.30,0.30,575200,482400,683,358.80
2025-12-26,TMPV,2025-12-30,280.00,PE,0.00,0.00,0.00,0.10,0.05,7200,0,0,358.80
2025-12-26,TMPV,2025-12-30,300.00,PE,0.05,0.05,0.05,0.05,0.05,1342400,-2400,17,358.80
2025-12-26,TMPV,2025-12-30,330.00,PE,0.10,0.15,0.05,0.10,0.10,1904800,-47200,983,358.80
2025-12-26,TMPV,2025-12-30,360.00,PE,3.95,6.25,2.50,3.25,3.25,2844000,-651200,7366,358.80
2025-12-26,TMPV,2025-12-30,480.00,PE,120.80,125.20,120.80,124.75,120.90,16800,0,6,358.80
2025-12-26,TMPV,2026-01-27,310.00,PE,0.85,0.95,0.75,0.80,0.80,309600,56000,235,358.80
2025-12-26,TMPV,2026-01-27,390.00,PE,32.20,35.00,31.55,31.85,31.85,196800,36800,66,358.80
2025-12-26,TMPV,2026-01-27,410.00,PE,51.10,52.90,49.00,49.50,49.50,104000,21600,28,358.80
2025-12-26,TMPV,2026-01-27,440.00,PE,80.20,82.75,80.20,82.50,79.20,169600,44800,56,358.80
2025-12-26,TMPV,2025-12-30,370.00,PE,10.95,15.75,10.60,12.30,12.30,1334400,-667200,2194,358.80
2025-12-26,TMPV,2026-01-27,370.00,CE,6.35,7.70,5.80,7.05,7.05,2555200,474400,2542,358.80
2025-12-26,TMPV,2026-01-27,280.00,CE,0.00,0.00,0.00,136.00,80.15,0,0,0,358.80
2025-12-26,TMPV,2025-12-30,430.00,CE,0.05,0.05,0.05,0.05,0.05,1728800,-1600,4,358.80
2025-12-26,TMPV,2025-12-30,350.00,CE,8.60,10.25,5.30,8.70,8.70,3253600,40000,4734,358.80
2025-12-26,TMPV,2026-01-27,270.00,PE,0.00,0.00,0.00,0.50,0.05,0,0,0,358.80
2025-12-26,TMPV,2026-01-27,320.00,PE,1.20,1.55,1.20,1.30,1.30,672800,127200,602,358.80
2025-12-26,TMPV,2026-01-27,240.00,PE,0.00,0.00,0.00,0.05,0.05,0,0,0,358.80
2025-12-26,TMPV,2025-12-30,490.00,PE,0.00,0.00,0.00,128.25,130.90,4000,0,0,358.80
2025-12-26,TMPV,2025-12-30,340.00,PE,0.10,0.20,0.10,0.15,0.15,3008000,-179200,2250,358.80
2025-12-26,TMPV,2026-02-24,440.00,CE,0.00,0.00,0.00,1.70,0.80,32000,0,0,358.80
2025-12-26,TMPV,2026-02-24,280.00,CE,0.00,0.00,0.00,78.60,81.50,0,0,0,358.80
2025-12-26,TMPV,2025-12-30,240.00,CE,0.00,0.00,0.00,114.00,118.95,1600,0,0,358.80
2025-12-26,TMPV,2025-12-30,280.00,CE,0.00,0.00,0.00,66.70,78.95,2400,0,0,358.80
2025-12-26,TMPV,2025-12-30,310.00,CE,47.30,48.50,45.20,48.50,48.50,203200,-1600,9,358.80
2025-12-26,TMPV,2025-12-30,420.00,CE,0.05,0.05,0.05,0.05,0.05,1640800,-44800,63,358.80
2025-12-26,TMPV,2026-01-27,270.00,CE,0.00,0.00,0.00,85.75,90.10,0,0,0,358.80
2025-12-26,TMPV,2026-01-27,300.00,CE,58.80,62.00,56.80,62.00,62.00,104000,16800,26,358.80
2025-12-26,TMPV,2026-01-27,350.00,CE,16.55,18.70,14.65,17.40,17.40,1541600,120000,1088,358.80
2025-12-26,TMPV,2026-01-27,390.00,CE,2.50,2.85,1.70,2.50,2.50,1072800,139200,1175,358.80
2025-12-26,TMPV,2026-01-27,480.00,CE,0.00,0.00,0.00,0.20,0.05,4000,0,0,358.80
2025-12-26,TMPV,2026-02-24,400.00,PE,43.00,44.00,43.00,44.00,42.20,4800,1600,2,358.80
2025-12-26,TMPV,2026-02-24,340.00,PE,7.50,8.00,6.65,6.70,6.70,68000,8000,10,358.80
2025-12-26,TMPV,2026-02-24,260.00,PE,0.00,0.00,0.00,0.70,0.05,0,0,0,358.80
2025-12-26,TMPV,2026-02-24,240.00,PE,0.00,0.00,0.00,0.20,0.05,0,0,0,358.80
2025-12-26,TMPV,2026-01-27,460.00,PE,99.00,102.15,98.00,98.65,98.65,199200,19200,24,358.80
2025-12-26,TMPV,2026-01-27,320.00,CE,41.40,41.80,38.60,41.45,41.45,108800,800,12,358.80
2025-12-26,TMPV,2025-12-30,320.00,CE,37.00,37.00,36.45,36.45,39.00,211200,-1600,4,358.80
2025-12-26,TMPV,2026-01-27,350.00,PE,6.25,7.90,5.90,6.45,6.45,2113600,186400,2100,358.80
2025-12-26,TMPV,2026-01-27,340.00,PE,3.50,4.70,3.50,3.80,3.80,1338400,184000,894,358.80
2025-12-26,TMPV,2026-02-24,420.00,CE,2.85,3.50,2.20,3.50,3.50,67200,5600,20,358.80
2025-12-26,TMPV,2026-01-27,400.00,CE,1.65,1.85,1.30,1.60,1.60,3640800,296800,1873,358.80
2025-12-26,TMPV,2026-01-27,400.00,PE,39.40,44.00,39.40,40.45,40.45,499200,80800,134,358.80
2025-12-26,TMPV,2026-02-24,380.00,PE,0.00,0.00,0.00,32.00,27.15,0,0,0,358.80
2025-12-26,TMPV,2025-12-30,380.00,CE,0.25,0.30,0.10,0.20,0.20,5812800,-1016000,13607,358.80
2025-12-26,TMPV,2025-12-30,270.00,CE,0.00,0.00,0.00,88.30,88.95,2400,0,0,358.80
2025-12-26,TMPV,2025-12-30,330.00,CE,26.45,30.00,25.45,29.60,29.60,325600,-3200,45,358.80
2025-12-26,TMPV,2025-12-30,480.00,CE,0.05,0.05,0.05,0.05,0.05,221600,0,2,358.80
2025-12-26,TMPV,2026-01-27,380.00,CE,4.00,4.70,3.45,4.20,4.20,2399200,392800,2794,358.80
2025-12-26,TMPV,2025-12-30,400.00,CE,0.10,0.10,0.05,0.05,0.05,6395200,-1206400,3008,358.80
2025-12-26,TMPV,2025-12-30,310.00,PE,0.05,0.10,0.05,0.05,0.05,1397600,-8800,15,358.80
2025-12-26,TMPV,2026-02-24,300.00,CE,0.00,0.00,0.00,61.50,62.30,0,0,0,358.80
2025-12-26,TMPV,2026-01-27,430.00,CE,0.50,0.55,0.45,0.55,0.55,168800,63200,123,358.80
2025-12-26,TMPV,2026-01-27,410.00,CE,1.00,1.20,0.70,0.95,0.95,937600,147200,677,358.80
2025-12-26,TMPV,2026-01-27,340.00,CE,24.20,25.65,21.40,24.55,24.55,882400,110400,221,358.80
2025-12-26,TMPV,2025-12-30,440.00,CE,0.05,0.05,0.05,0.05,0.05,1614400,-800,1,358.80
2025-12-26,TMPV,2026-02-24,340.00,CE,28.45,28.45,28.45,28.45,29.15,20800,0,1,358.80
2025-12-26,TMPV,2025-12-30,420.00,PE,60.70,65.50,60.70,61.50,61.50,304000,-56000,85,358.80
2025-12-26,TMPV,2026-01-27,380.00,PE,23.00,26.50,22.45,22.90,22.90,357600,82400,189,358.80
2025-12-26,TMPV,2026-01-27,370.00,PE,16.35,18.95,15.15,16.40,16.40,1252800,88800,693,358.80
2025-12-26,TMPV,2025-12-30,500.00,PE,140.00,145.00,140.00,141.75,141.75,698400,-18400,44,358.80
2025-12-26,TMPV,2025-12-30,410.00,PE,52.00,54.85,50.00,51.50,51.50,285600,-23200,31,358.80
2025-12-26,TMPV,2025-12-30,400.00,PE,41.00,45.55,40.25,42.10,42.10,1051200,-56000,112,358.80
2025-12-26,TMPV,2025-12-30,390.00,PE,30.80,35.25,30.80,32.40,32.40,520000,-24000,51,358.80
2025-12-29,TMPV,2025-12-30,360.00,PE,2.75,3.10,0.80,2.25,2.25,2017600,-826400,10833,358.60
2025-12-29,TMPV,2025-12-30,330.00,PE,0.05,0.10,0.05,0.05,0.05,1311200,-593600,1333,358.60
2025-12-29,TMPV,2025-12-30,300.00,PE,0.05,0.05,0.05,0.05,0.05,1339200,-3200,4,358.60
2025-12-29,TMPV,2025-12-30,280.00,PE,0.00,0.00,0.00,0.10,0.05,7200,0,0,358.60
2025-12-29,TMPV,2026-01-27,350.00,CE,19.00,20.75,17.05,17.55,17.55,1629600,88000,942,358.60
2025-12-29,TMPV,2026-01-27,300.00,CE,64.00,64.00,61.75,62.00,62.00,121600,17600,38,358.60
2025-12-29,TMPV,2026-01-27,270.00,CE,0.00,0.00,0.00,85.75,89.80,0,0,0,358.60
2025-12-29,TMPV,2025-12-30,340.00,PE,0.10,0.15,0.05,0.05,0.05,2342400,-665600,3141,358.60
2025-12-29,TMPV,2025-12-30,490.00,PE,0.00,0.00,0.00,128.25,131.35,4000,0,0,358.60
2025-12-29,TMPV,2026-01-27,240.00,PE,0.00,0.00,0.00,0.05,0.05,0,0,0,358.60
2025-12-29,TMPV,2026-01-27,320.00,PE,1.25,1.25,0.85,1.25,1.25,705600,32800,499,358.60
2025-12-29,TMPV,2026-01-27,460.00,PE,97.05,99.20,96.00,98.20,99.40,259200,60000,137,358.60
2025-12-29,TMPV,2026-02-24,240.00,PE,0.00,0.00,0.00,0.20,0.05,0,0,0,358.60
2025-12-29,TMPV,2025-12-30,310.00,CE,51.00,51.85,49.00,49.00,48.65,197600,-5600,16,358.60
2025-12-29,TMPV,2026-02-24,340.00,PE,6.70,7.50,6.05,6.95,6.95,72000,4000,14,358.60
2025-12-29,TMPV,2026-02-24,260.00,PE,0.00,0.00,0.00,0.70,0.05,0,0,0,358.60
2025-12-29,TMPV,2025-12-30,280.00,CE,0.00,0.00,0.00,66.70,78.65,2400,0,0,358.60
2025-12-29,TMPV,2025-12-30,240.00,CE,121.00,121.00,120.40,120.40,118.65,3200,1600,4,358.60
2025-12-29,TMPV,2025-12-30,420.00,CE,0.05,0.05,0.05,0.05,0.05,1616000,-24800,32,358.60
2025-12-29,TMPV,2026-02-24,400.00,PE,38.65,41.00,37.85,41.00,42.15,16800,12000,15,358.60
2025-12-29,TMPV,2026-02-24,440.00,CE,1.30,1.30,1.30,1.30,0.70,32000,0,15,358.60
2025-12-29,TMPV,2026-02-24,280.00,CE,0.00,0.00,0.00,78.60,81.10,0,0,0,358.60
2025-12-29,TMPV,2026-01-27,480.00,CE,0.20,0.20,0.15,0.15,0.05,5600,1600,7,358.60
2025-12-29,TMPV,2026-01-27,390.00,CE,2.50,4.90,2.45,2.65,2.65,1296800,224000,978,358.60
2025-12-29,TMPV,2026-01-27,370.00,PE,16.75,16.75,13.55,15.70,15.70,1300800,48000,784,358.60
2025-12-29,TMPV,2025-12-30,520.00,PE,0.00,0.00,0.00,161.60,161.30,44800,0,0,358.60
2025-12-29,TMPV,2025-12-30,500.00,PE,137.80,141.60,137.00,141.05,141.05,577600,-120800,164,358.60
2025-12-29,TMPV,2025-12-30,410.00,PE,47.50,51.30,47.50,50.50,50.50,260800,-24800,35,358.60
2025-12-29,TMPV,2025-12-30,400.00,PE,41.70,41.70,37.50,41.10,41.10,902400,-148800,284,358.60
2025-12-29,TMPV,2025-12-30,390.00,PE,29.00,31.30,27.00,30.85,30.85,462400,-57600,143,358.60
2025-12-29,TMPV,2026-02-24,400.00,CE,5.75,6.60,5.25,5.60,5.60,315200,37600,75,358.60
2025-12-29,TMPV,2025-12-30,290.00,CE,0.00,0.00,0.00,76.00,68.65,0,0,0,358.60
2025-12-29,TMPV,2026-01-27,380.00,PE,20.90,23.15,19.95,22.65,22.65,470400,112800,272,358.60
2025-12-29,TMPV,2026-01-27,430.00,CE,0.55,0.60,0.50,0.50,0.50,232800,64000,115,358.60
2025-12-29,TMPV,2026-02-24,300.00,CE,0.00,0.00,0.00,61.50,61.85,0,0,0,358.60
2025-12-29,TMPV,2026-02-24,340.00,CE,32.80,33.20,30.75,30.95,30.95,20800,0,6,358.60
2025-12-29,TMPV,2025-12-30,290.00,PE,0.00,0.00,0.00,0.05,0.05,40800,0,0,358.60
2025-12-29,TMPV,2025-12-30,310.00,PE,0.05,0.05,0.05,0.05,0.05,1395200,-2400,6,358.60
2025-12-29,TMPV,2026-02-24,360.00,PE,13.00,15.30,13.00,14.70,14.70,22400,2400,8,358.60
2025-12-29,TMPV,2026-01-27,430.00,PE,67.15,68.90,67.15,68.50,68.50,52000,8000,12,358.60
2025-12-29,TMPV,2026-01-27,330.00,PE,2.00,2.15,1.75,2.10,2.10,970400,234400,727,358.60
2025-12-29,TMPV,2025-12-30,420.00,PE,58.60,61.35,57.00,60.90,60.90,272800,-31200,54,358.60
2025-12-29,TMPV,2025-12-30,440.00,CE,0.05,0.05,0.05,0.05,0.05,1613600,-800,1,358.60
2025-12-29,TMPV,2026-01-27,340.00,CE,24.55,28.45,24.50,25.00,25.00,893600,11200,167,358.60
2025-12-29,TMPV,2026-01-27,410.00,CE,1.10,1.25,0.85,1.05,1.05,1086400,148800,588,358.60
2025-12-29,TMPV,2025-12-30,350.00,PE,0.30,0.40,0.10,0.20,0.20,5461600,-116800,10466,358.60
2025-12-29,TMPV,2026-01-27,500.00,PE,135.40,137.70,134.00,137.40,137.40,248000,99200,133,358.60
2025-12-29,TMPV,2026-01-27,280.00,PE,1.40,1.40,0.30,0.35,0.05,8000,8000,11,358.60
2025-12-29,TMPV,2026-01-27,360.00,CE,11.15,14.15,11.15,11.70,11.70,3287200,270400,4530,358.60
2025-12-29,TMPV,2026-01-27,440.00,CE,0.40,0.50,0.30,0.35,0.35,393600,35200,143,358.60
2025-12-29,TMPV,2025-12-30,430.00,CE,0.05,0.05,0.05,0.05,0.05,1718400,-10400,13,358.60
2025-12-29,TMPV,2025-12-30,350.00,CE,8.95,13.25,8.40,9.25,9.25,2592000,-661600,3059,358.60
2025-12-29,TMPV,2026-01-27,270.00,PE,0.00,0.00,0.00,0.50,0.05,0,0,0,358.60
2025-12-29,TMPV,2026-01-27,310.00,PE,0.80,0.80,0.70,0.75,0.75,323200,13600,144,358.60
2025-12-29,TMPV,2026-01-27,390.00,PE,28.50,31.45,28.00,31.00,31.00,242400,45600,124,358.60
2025-12-29,TMPV,2026-01-27,410.00,PE,47.55,49.25,47.25,48.90,50.25,124000,20000,25,358.60
2025-12-29,TMPV,2026-01-27,440.00,PE,75.00,78.70,75.00,78.70,79.55,194400,24800,31,358.60
2025-12-29,TMPV,2026-02-24,240.00,CE,0.00,0.00,0.00,116.25,120.65,0,0,0,358.60
2025-12-29,TMPV,2025-12-30,370.00,CE,0.40,1.00,0.10,0.20,0.20,7442400,-1235200,33720,358.60
2025-12-29,TMPV,2026-01-27,380.00,CE,4.30,5.60,4.05,4.40,4.40,3009600,610400,3046,358.60
2025-12-29,TMPV,2025-12-30,400.00,CE,0.05,0.10,0.05,0.05,0.05,6171200,-224000,1007,358.60
2025-12-29,TMPV,2026-02-24,420.00,CE,3.00,3.00,2.70,3.00,1.80,77600,10400,13,358.60
2025-12-29,TMPV,2026-01-27,400.00,CE,1.75,2.10,1.50,1.70,1.70,4104800,464000,2537,358.60
2025-12-29,TMPV,2026-01-27,320.00,CE,44.50,45.50,42.05,42.35,42.35,152800,44000,106,358.60
2025-12-29,TMPV,2026-01-27,350.00,PE,6.40,6.95,5.15,6.20,6.20,2293600,180000,2092,358.60
2025-12-29,TMPV,2026-01-27,400.00,PE,39.50,40.20,36.35,40.00,40.00,564000,64800,183,358.60
2025-12-29,TMPV,2026-01-27,340.00,PE,3.70,3.85,3.05,3.60,3.60,1439200,100800,1132,358.60
2025-12-29,TMPV,2025-12-30,480.00,CE,0.00,0.00,0.00,0.05,0.05,221600,0,0,358.60
2025-12-29,TMPV,2025-12-30,380.00,CE,0.20,0.30,0.05,0.10,0.10,5294400,-518400,10312,358.60
2025-12-29,TMPV,2025-12-30,270.00,CE,0.00,0.00,0.00,88.30,88.65,2400,0,0,358.60
2025-12-29,TMPV,2026-02-24,480.00,PE,112.00,112.00,112.00,112.00,117.40,800,800,1,358.60
2025-12-29,TMPV,2026-01-27,500.00,CE,0.10,0.15,0.10,0.10,0.10,38400,23200,45,358.60
2025-12-29,TMPV,2026-02-24,480.00,CE,0.00,0.00,0.00,1.35,0.10,0,0,0,358.60
2025-12-29,TMPV,2025-12-30,240.00,PE,0.00,0.00,0.00,0.05,0.05,0,0,0,358.60
2025-12-29,TMPV,2025-12-30,440.00,PE,80.50,81.30,80.50,81.30,81.35,36000,-2400,3,358.60
2025-12-29,TMPV,2026-02-24,420.00,PE,0.00,0.00,0.00,51.00,59.60,1600,0,0,358.60
2025-12-29,TMPV,2026-02-24,440.00,PE,0.00,0.00,0.00,84.80,78.35,0,0,0,358.60
2025-12-29,TMPV,2025-12-30,500.00,CE,0.05,0.05,0.05,0.05,0.05,206400,-1600,11,358.60
2025-12-29,TMPV,2025-12-30,360.00,CE,2.00,3.90,1.20,1.45,1.45,3593600,-1895200,15813,358.60
2025-12-29,TMPV,2025-12-30,260.00,CE,0.00,0.00,0.00,85.40,98.65,2400,0,0,358.60
2025-12-29,TMPV,2026-01-27,240.00,CE,0.00,0.00,0.00,175.15,119.65,0,0,0,358.60
2025-12-29,TMPV,2026-01-27,330.00,CE,36.00,37.00,33.00,33.20,33.20,59200,5600,43,358.60
2025-12-29,TMPV,2026-02-24,380.00,CE,11.20,11.20,9.85,10.00,10.00,115200,2400,42,358.60
2025-12-29,TMPV,2025-12-30,260.00,PE,0.00,0.00,0.00,0.05,0.05,8000,0,0,358.60
2025-12-29,TMPV,2026-02-24,360.00,CE,18.85,20.70,18.00,18.00,16.75,80800,-2400,46,358.60
2025-12-29,TMPV,2026-02-24,320.00,PE,0.00,0.00,0.00,9.10,2.55,0,0,0,358.60
2025-12-29,TMPV,2026-02-24,300.00,PE,0.00,0.00,0.00,1.75,0.70,4000,0,0,358.60
2025-12-29,TMPV,2025-12-30,380.00,PE,19.00,21.60,17.15,20.95,20.95,870400,-192000,514,358.60
2025-12-29,TMPV,2025-12-30,520.00,CE,0.00,0.00,0.00,0.05,0.05,51200,0,0,358.60
2025-12-29,TMPV,2026-01-27,290.00,PE,0.00,0.00,0.00,1.60,0.05,0,0,0,358.60
2025-12-29,TMPV,2025-12-30,460.00,PE,100.25,101.35,100.00,100.60,101.35,42400,-10400,16,358.60
2025-12-29,TMPV,2026-02-24,320.00,CE,0.00,0.00,0.00,46.35,43.90,0,0,0,358.60
2025-12-29,TMPV,2026-02-24,260.00,CE,0.00,0.00,0.00,97.05,100.85,0,0,0,358.60
2025-12-29,TMPV,2026-01-27,260.00,CE,0.00,0.00,0.00,155.50,99.75,0,0,0,358.60
2025-12-29,TMPV,2025-12-30,450.00,CE,0.05,0.05,0.05,0.05,0.05,868800,-12800,23,358.60
2025-12-29,TMPV,2026-01-27,290.00,CE,0.00,0.00,0.00,67.10,69.90,0,0,0,358.60
2025-12-29,TMPV,2026-01-27,360.00,PE,10.50,10.70,8.60,10.20,10.20,2421600,176800,2406,358.60
2025-12-29,TMPV,2026-01-27,300.00,PE,0.55,1.25,0.45,0.55,0.55,804800,78400,250,358.60
2025-12-29,TMPV,2025-12-30,470.00,PE,109.40,111.20,109.40,111.20,111.35,32000,-12000,16,358.60
2025-12-29,TMPV,2025-12-30,450.00,PE,88.75,91.40,88.75,91.40,91.40,154400,-18400,24,358.60
2025-12-29,TMPV,2025-12-30,430.00,PE,70.50,71.30,70.50,71.15,71.15,41600,-6400,8,358.60
2025-12-29,TMPV,2025-12-30,320.00,CE,41.50,41.50,38.40,38.75,38.75,192800,-18400,24,358.60
2025-12-29,TMPV,2026-02-24,380.00,PE,0.00,0.00,0.00,32.00,27.00,0,0,0,358.60
2025-12-29,TMPV,2025-12-30,330.00,CE,28.75,31.30,28.60,29.15,29.15,323200,-2400,17,358.60
2025-12-29,TMPV,2026-01-27,310.00,CE,54.00,54.00,52.00,52.00,52.00,12000,3200,20,358.60
2025-12-29,TMPV,2026-01-27,520.00,CE,0.15,0.15,0.15,0.15,0.05,24800,0,1,358.60
2025-12-29,TMPV,2025-12-30,270.00,PE,0.00,0.00,0.00,0.05,0.05,0,0,0,358.60
2025-12-29,TMPV,2025-12-30,320.00,PE,0.05,0.05,0.05,0.05,0.05,1172000,13600,115,358.60
2025-12-29,TMPV,2026-01-27,280.00,CE,0.00,0.00,0.00,136.00,79.85,0,0,0,358.60
2025-12-29,TMPV,2025-12-30,370.00,PE,11.50,11.95,7.95,11.05,11.05,1005600,-328800,1224,358.60
2025-12-29,TMPV,2026-01-27,370.00,CE,7.35,9.10,6.85,7.25,7.25,2902400,347200,3348,358.60
2025-12-29,TMPV,2025-12-30,490.00,CE,0.00,0.00,0.00,0.05,0.05,8000,0,0,358.60
2025-12-29,TMPV,2025-12-30,470.00,CE,0.00,0.00,0.00,0.10,0.05,21600,0,0,358.60
2025-12-29,TMPV,2025-12-30,460.00,CE,0.05,0.05,0.05,0.05,0.05,270400,-3200,4,358.60
2025-12-29,TMPV,2026-02-24,280.00,PE,0.00,0.00,0.00,1.95,0.15,0,0,0,358.60
2025-12-29,TMPV,2025-12-30,410.00,CE,0.05,0.05,0.05,0.05,0.05,1696800,-80000,107,358.60
2025-12-29,TMPV,2025-12-30,390.00,CE,0.10,0.15,0.05,0.05,0.05,3554400,-436000,3374,358.60
2025-12-29,TMPV,2026-01-27,460.00,CE,0.35,0.35,0.20,0.20,0.20,603200,28000,154,358.60
2025-12-29,TMPV,2026-01-27,420.00,CE,0.70,0.90,0.60,0.70,0.70,668800,117600,569,358.60
2025-12-29,TMPV,2025-12-30,340.00,CE,19.90,23.00,18.55,19.35,19.35,444800,-133600,525,358.60
2025-12-29,TMPV,2025-12-30,300.00,CE,62.10,62.10,58.85,59.00,58.65,44000,-8000,11,358.60
2025-12-29,TMPV,2025-12-30,480.00,PE,119.60,119.60,119.60,119.60,121.35,16000,-800,1,358.60
2025-12-29,TMPV,2026-01-27,260.00,PE,0.00,0.00,0.00,0.10,0.05,0,0,0,358.60
2025-12-29,TMPV,2026-01-27,420.00,PE,56.10,59.50,56.05,58.80,58.80,144800,32000,49,358.60
2025-12-30,TMPV,2025-12-30,340.00,CE,22.00,24.00,19.95,21.35,361.75,396800,-48000,136,361.75
2025-12-30,TMPV,2026-01-27,420.00,CE,0.70,0.80,0.55,0.70,0.70,982400,313600,1175,361.75
2025-12-30,TMPV,2026-01-27,460.00,CE,0.25,0.25,0.20,0.25,0.25,608800,5600,54,361.75
2025-12-30,TMPV,2026-01-27,420.00,PE,55.95,57.50,53.75,56.40,56.40,182400,37600,66,361.75
2025-12-30,TMPV,2026-01-27,260.00,PE,0.00,0.00,0.00,0.10,0.05,0,0,0,361.75
2025-12-30,TMPV,2025-12-30,480.00,PE,120.00,120.05,118.00,118.80,361.75,16000,0,12,361.75
2025-12-30,TMPV,2025-12-30,360.00,PE,1.75,1.75,0.05,0.10,361.75,1176800,-840800,5846,361.75
2025-12-30,TMPV,2025-12-30,330.00,PE,0.05,0.05,0.05,0.05,361.75,1304800,-6400,104,361.75
2025-12-30,TMPV,2025-12-30,460.00,PE,99.25,99.80,97.40,98.80,361.75,39200,-3200,36,361.75
2025-12-30,TMPV,2026-01-27,290.00,PE,0.00,0.00,0.00,1.60,0.05,0,0,0,361.75
2025-12-30,TMPV,2026-02-24,280.00,PE,0.00,0.00,0.00,1.95,0.10,0,0,0,361.75
2025-12-30,TMPV,2025-12-30,410.00,CE,0.05,0.05,0.05,0.05,361.75,1700000,3200,56,361.75
2025-12-30,TMPV,2025-12-30,390.00,CE,0.05,0.05,0.05,0.05,361.75,3547200,-7200,309,361.75
2025-12-30,TMPV,2025-12-30,460.00,CE,0.05,0.05,0.05,0.05,361.75,285600,15200,32,361.75
2025-12-30,TMPV,2025-12-30,470.00,CE,0.05,0.05,0.05,0.05,361.75,33600,12000,15,361.75
2025-12-30,TMPV,2025-12-30,490.00,CE,0.00,0.00,0.00,0.05,361.75,8000,0,0,361.75
2025-12-30,TMPV,2026-01-27,310.00,CE,54.80,54.80,53.40,53.70,53.25,18400,6400,21,361.75
2025-12-30,TMPV,2026-02-24,320.00,CE,0.00,0.00,0.00,46.35,46.55,0,0,0,361.75
2025-12-30,TMPV,2026-02-24,260.00,CE,0.00,0.00,0.00,97.05,103.95,0,0,0,361.75
2025-12-30,TMPV,2026-01-27,290.00,CE,0.00,0.00,0.00,67.10,73.00,0,0,0,361.75
2025-12-30,TMPV,2026-01-27,260.00,CE,0.00,0.00,0.00,155.50,102.85,0,0,0,361.75
2025-12-30,TMPV,2025-12-30,450.00,CE,0.05,0.05,0.05,0.05,361.75,904800,36000,64,361.75
2025-12-30,TMPV,2026-01-27,360.00,PE,9.40,10.00,7.70,8.80,8.80,3080000,658400,4480,361.75
2025-12-30,TMPV,2026-01-27,300.00,PE,0.55,0.55,0.35,0.50,0.50,922400,117600,406,361.75
2025-12-30,TMPV,2025-12-30,470.00,PE,108.00,110.20,108.00,109.85,361.75,28800,-3200,29,361.75
2025-12-30,TMPV,2025-12-30,450.00,PE,91.40,91.40,86.50,89.00,361.75,170400,16000,111,361.75
2025-12-30,TMPV,2025-12-30,430.00,PE,70.35,70.35,67.05,68.95,361.75,43200,1600,17,361.75
2025-12-30,TMPV,2025-12-30,350.00,CE,9.25,14.10,9.00,11.30,361.75,2298400,-293600,808,361.75
2025-12-30,TMPV,2026-01-27,280.00,CE,0.00,0.00,0.00,136.00,82.95,0,0,0,361.75
2025-12-30,TMPV,2025-12-30,430.00,CE,0.05,0.05,0.05,0.05,361.75,1729600,11200,14,361.75
2025-12-30,TMPV,2026-01-27,460.00,PE,96.35,96.45,93.00,95.65,95.65,312800,53600,85,361.75
2025-12-30,TMPV,2026-01-27,240.00,PE,0.00,0.00,0.00,0.05,0.05,0,0,0,361.75
2025-12-30,TMPV,2025-12-30,490.00,PE,129.50,129.50,129.50,129.50,361.75,4000,0,1,361.75
2025-12-30,TMPV,2025-12-30,340.00,PE,0.05,0.10,0.05,0.05,361.75,2148800,-193600,418,361.75
2025-12-30,TMPV,2026-02-24,440.00,CE,1.70,1.70,1.40,1.45,0.80,32000,0,4,361.75
2025-12-30,TMPV,2026-02-24,280.00,CE,0.00,0.00,0.00,78.60,84.20,0,0,0,361.75
2025-12-30,TMPV,2026-01-27,480.00,CE,0.00,0.00,0.00,0.15,0.05,5600,0,0,361.75
2025-12-30,TMPV,2026-01-27,390.00,CE,2.65,3.30,2.45,3.00,3.00,2700800,1404000,5402,361.75
2025-12-30,TMPV,2025-12-30,420.00,CE,0.05,0.05,0.05,0.05,361.75,1638400,22400,35,361.75
2025-12-30,TMPV,2026-01-27,270.00,CE,0.00,0.00,0.00,85.75,92.90,0,0,0,361.75
2025-12-30,TMPV,2026-01-27,300.00,CE,63.05,66.90,63.05,64.10,63.05,122400,800,34,361.75
2025-12-30,TMPV,2026-02-24,240.00,PE,0.00,0.00,0.00,0.20,0.05,0,0,0,361.75
2025-12-30,TMPV,2026-02-24,260.00,PE,0.00,0.00,0.00,0.70,0.05,0,0,0,361.75
2025-12-30,TMPV,2026-02-24,340.00,PE,6.50,6.90,5.85,6.05,6.05,81600,9600,17,361.75
2025-12-30,TMPV,2026-02-24,400.00,PE,0.00,0.00,0.00,41.00,39.60,16800,0,0,361.75
2025-12-30,TMPV,2025-12-30,310.00,CE,50.90,51.95,50.50,50.50,361.75,196000,-1600,9,361.75
2025-12-30,TMPV,2025-12-30,280.00,CE,0.00,0.00,0.00,66.70,361.75,2400,0,0,361.75
2025-12-30,TMPV,2025-12-30,240.00,CE,120.00,120.00,120.00,120.00,361.75,2400,-800,1,361.75
2025-12-30,TMPV,2026-01-27,350.00,CE,18.05,21.25,18.00,18.95,18.95,1758400,128800,2057,361.75
2025-12-30,TMPV,2026-02-24,400.00,CE,5.80,6.35,5.45,5.85,5.85,337600,22400,84,361.75
2025-12-30,TMPV,2025-12-30,390.00,PE,30.95,30.95,25.70,29.20,361.75,363200,-99200,189,361.75
2025-12-30,TMPV,2025-12-30,400.00,PE,40.00,40.75,35.65,38.75,361.75,693600,-208800,358,361.75
2025-12-30,TMPV,2025-12-30,410.00,PE,48.50,49.80,46.10,48.50,361.75,247200,-13600,22,361.75
2025-12-30,TMPV,2025-12-30,500.00,PE,138.10,139.60,136.05,139.60,361.75,576000,-1600,40,361.75
2025-12-30,TMPV,2025-12-30,520.00,PE,160.00,160.00,157.95,157.95,361.75,38400,-6400,47,361.75
2025-12-30,TMPV,2026-01-27,370.00,PE,16.05,16.05,12.40,14.00,14.00,1606400,305600,1936,361.75
2025-12-30,TMPV,2026-01-27,380.00,PE,20.65,21.95,18.70,20.70,20.70,642400,172000,600,361.75
2025-12-30,TMPV,2025-12-30,290.00,CE,0.00,0.00,0.00,76.00,361.75,0,0,0,361.75
2025-12-30,TMPV,2026-01-27,520.00,CE,0.15,0.15,0.15,0.15,0.05,24800,0,1,361.75
2025-12-30,TMPV,2026-01-27,360.00,CE,11.75,14.45,11.70,12.70,12.70,4062400,775200,9734,361.75
2025-12-30,TMPV,2025-12-30,320.00,PE,0.05,0.05,0.05,0.05,361.75,1172800,800,5,361.75
2025-12-30,TMPV,2026-01-27,440.00,CE,0.35,0.40,0.30,0.40,0.40,396800,3200,137,361.75
2025-12-30,TMPV,2025-12-30,350.00,PE,0.15,0.20,0.05,0.05,361.75,4650400,-811200,2947,361.75
2025-12-30,TMPV,2026-01-27,280.00,PE,0.30,0.30,0.30,0.30,0.05,8800,800,1,361.75
2025-12-30,TMPV,2026-01-27,500.00,PE,137.20,137.20,132.60,135.30,135.30,292000,44000,92,361.75
2025-12-30,TMPV,2025-12-30,270.00,PE,0.00,0.00,0.00,0.05,361.75,0,0,0,361.75
2025-12-30,TMPV,2025-12-30,370.00,CE,0.10,0.30,0.05,0.05,361.75,4967200,-2475200,14386,361.75
2025-12-30,TMPV,2025-12-30,400.00,CE,0.05,0.05,0.05,0.05,361.75,6192000,20800,338,361.75
2025-12-30,TMPV,2026-01-27,380.00,CE,4.40,5.60,4.25,4.85,4.85,3461600,452000,7327,361.75
2025-12-30,TMPV,2026-02-24,240.00,CE,0.00,0.00,0.00,116.25,123.75,0,0,0,361.75
2025-12-30,TMPV,2025-12-30,260.00,PE,0.00,0.00,0.00,0.05,361.75,8000,0,0,361.75
2025-12-30,TMPV,2026-02-24,360.00,CE,19.80,21.80,19.00,19.90,19.90,97600,16800,49,361.75
2025-12-30,TMPV,2026-01-27,330.00,CE,35.50,38.00,34.25,35.55,35.55,75200,16000,58,361.75
2025-12-30,TMPV,2026-01-27,240.00,CE,0.00,0.00,0.00,175.15,122.75,0,0,0,361.75
2025-12-30,TMPV,2025-12-30,520.00,CE,0.05,0.05,0.05,0.05,361.75,48800,-2400,8,361.75
2025-12-30,TMPV,2025-12-30,500.00,CE,0.05,0.05,0.05,0.05,361.75,233600,27200,36,361.75
2025-12-30,TMPV,2025-12-30,360.00,CE,1.45,4.55,0.30,1.15,361.75,1189600,-2404000,7028,361.75
2025-12-30,TMPV,2025-12-30,260.00,CE,0.00,0.00,0.00,85.40,361.75,2400,0,0,361.75
2025-12-30,TMPV,2026-02-24,380.00,CE,10.60,13.15,10.05,10.05,10.05,123200,8000,36,361.75
2025-12-30,TMPV,2026-02-24,320.00,PE,0.00,0.00,0.00,9.10,2.15,0,0,0,361.75
2025-12-30,TMPV,2026-02-24,300.00,PE,0.00,0.00,0.00,1.75,0.55,4000,0,0,361.75
2025-12-30,TMPV,2025-12-30,380.00,PE,19.80,19.90,15.90,18.85,361.75,732000,-138400,305,361.75
2025-12-30,TMPV,2026-01-27,440.00,PE,77.50,77.50,74.00,76.00,76.00,220000,25600,35,361.75
2025-12-30,TMPV,2026-01-27,410.00,PE,46.65,48.20,44.35,47.00,47.00,145600,21600,56,361.75
2025-12-30,TMPV,2026-01-27,390.00,PE,29.80,29.85,26.40,28.80,28.80,347200,104800,343,361.75
2025-12-30,TMPV,2026-01-27,310.00,PE,0.75,0.75,0.55,0.65,0.65,374400,51200,392,361.75
2025-12-30,TMPV,2026-01-27,270.00,PE,0.00,0.00,0.00,0.50,0.05,0,0,0,361.75
2025-12-30,TMPV,2025-12-30,370.00,PE,9.45,13.75,6.05,11.50,361.75,893600,-112000,420,361.75
2025-12-30,TMPV,2026-01-27,370.00,CE,8.20,9.30,7.25,7.90,7.90,3768800,866400,7149,361.75
2025-12-30,TMPV,2025-12-30,310.00,PE,0.05,0.05,0.05,0.05,361.75,1400800,5600,9,361.75
2025-12-30,TMPV,2025-12-30,290.00,PE,0.00,0.00,0.00,0.05,361.75,40800,0,0,361.75
2025-12-30,TMPV,2026-02-24,340.00,CE,32.60,32.60,32.40,32.40,30.70,21600,800,3,361.75
2025-12-30,TMPV,2026-02-24,300.00,CE,0.00,0.00,0.00,61.50,64.80,0,0,0,361.75
2025-12-30,TMPV,2026-01-27,430.00,CE,0.50,0.55,0.40,0.55,0.55,296800,64000,182,361.75
2025-12-30,TMPV,2026-01-27,410.00,CE,1.20,1.20,0.80,1.10,1.10,1539200,452800,2102,361.75
2025-12-30,TMPV,2026-01-27,340.00,CE,26.10,29.25,25.75,26.60,26.60,924000,30400,301,361.75
2025-12-30,TMPV,2025-12-30,440.00,CE,0.05,0.05,0.05,0.05,361.75,1613600,0,10,361.75
2025-12-30,TMPV,2026-02-24,360.00,PE,14.00,14.00,11.50,13.60,13.60,29600,7200,18,361.75
2025-12-30,TMPV,2026-01-27,330.00,PE,1.80,2.00,1.50,1.65,1.65,1318400,348000,1850,361.75
2025-12-30,TMPV,2026-01-27,430.00,PE,65.00,66.50,64.00,66.10,66.10,60800,8800,14,361.75
2025-12-30,TMPV,2025-12-30,420.00,PE,59.00,60.20,56.00,59.30,361.75,260800,-12000,66,361.75
2025-12-30,TMPV,2025-12-30,440.00,PE,78.50,79.40,76.00,78.45,361.75,35200,-800,20,361.75
2025-12-30,TMPV,2026-02-24,480.00,PE,0.00,0.00,0.00,112.00,114.30,800,0,0,361.75
2025-12-30,TMPV,2026-01-27,500.00,CE,0.15,0.15,0.10,0.15,0.15,41600,3200,11,361.75
2025-12-30,TMPV,2025-12-30,240.00,PE,0.00,0.00,0.00,0.05,361.75,0,0,0,361.75
2025-12-30,TMPV,2026-02-24,480.00,CE,0.00,0.00,0.00,1.35,0.10,0,0,0,361.75
2025-12-30,TMPV,2026-02-24,420.00,PE,59.65,59.65,55.00,55.00,56.75,2400,800,2,361.75
2025-12-30,TMPV,2026-02-24,440.00,PE,0.00,0.00,0.00,84.80,75.35,0,0,0,361.75
2025-12-30,TMPV,2025-12-30,330.00,CE,30.50,34.05,30.50,30.50,361.75,310400,-12800,31,361.75
2025-12-30,TMPV,2025-12-30,320.00,CE,41.00,42.00,41.00,41.80,361.75,186400,-6400,9,361.75
2025-12-30,TMPV,2026-01-27,320.00,CE,43.90,47.35,43.45,44.85,44.85,204000,51200,138,361.75
2025-12-30,TMPV,2026-01-27,400.00,CE,1.70,2.45,1.45,1.95,1.95,7248800,3144000,9962,361.75
2025-12-30,TMPV,2026-02-24,420.00,CE,3.20,3.40,2.95,2.95,2.95,80000,2400,6,361.75
2025-12-30,TMPV,2026-02-24,380.00,PE,25.00,25.00,24.50,24.50,24.50,1600,1600,2,361.75
2025-12-30,TMPV,2025-12-30,270.00,CE,0.00,0.00,0.00,88.30,361.75,2400,0,0,361.75
2025-12-30,TMPV,2026-01-27,350.00,PE,5.90,6.30,4.55,5.20,5.20,2680000,386400,3703,361.75
2025-12-30,TMPV,2026-01-27,320.00,PE,1.25,1.25,0.85,1.00,1.00,894400,188800,1582,361.75
2025-12-30,TMPV,2026-01-27,400.00,PE,38.60,38.70,35.00,37.55,37.55,733600,169600,315,361.75
2025-12-30,TMPV,2026-01-27,340.00,PE,3.55,3.60,2.60,2.95,2.95,1765600,326400,2344,361.75
2025-12-30,TMPV,2025-12-30,480.00,CE,0.05,0.05,0.05,0.05,361.75,220800,-800,14,361.75
2025-12-30,TMPV,2025-12-30,380.00,CE,0.05,0.10,0.05,0.05,361.75,4807200,-487200,3512,361.75
2025-12-30,TMPV,2025-12-30,300.00,PE,0.05,0.05,0.05,0.05,361.75,1340800,1600,5,361.75
2025-12-30,TMPV,2025-12-30,280.00,PE,0.00,0.00,0.00,0.10,361.75,7200,0,0,361.75
2025-12-30,TMPV,2025-12-30,300.00,CE,62.00,62.50,60.70,61.50,361.75,39200,-4800,7,361.75
2025-12-31,TMPV,2026-01-27,520.00,CE,0.10,0.10,0.10,0.10,0.05,32000,7200,32,367.35
2025-12-31,TMPV,2026-02-24,355.00,PE,0.00,0.00,0.00,14.05,9.20,0,0,0,367.35
2025-12-31,TMPV,2026-02-24,410.00,PE,0.00,0.00,0.00,49.65,43.25,0,0,0,367.35
2025-12-31,TMPV,2026-03-30,380.00,PE,0.00,0.00,0.00,31.20,24.55,0,0,0,367.35
2025-12-31,TMPV,2026-01-27,280.00,PE,0.30,0.30,0.30,0.30,0.05,10400,1600,2,367.35
2025-12-31,TMPV,2026-01-27,365.00,PE,11.35,11.40,7.75,8.20,8.20,352800,352800,1202,367.35
2025-12-31,TMPV,2026-01-27,270.00,CE,0.00,0.00,0.00,85.75,98.45,0,0,0,367.35
2025-12-31,TMPV,2026-01-27,300.00,CE,66.00,70.10,66.00,69.85,69.85,122400,0,41,367.35
2025-12-31,TMPV,2026-01-27,350.00,CE,19.50,24.30,18.10,23.45,23.45,1824800,66400,1341,367.35
2025-12-31,TMPV,2026-01-27,390.00,CE,3.15,4.10,2.70,3.90,3.90,2520000,-180800,5630,367.35
2025-12-31,TMPV,2026-01-27,480.00,CE,0.20,0.20,0.15,0.15,0.05,8000,2400,3,367.35
2025-12-31,TMPV,2026-02-24,280.00,CE,0.00,0.00,0.00,78.60,89.70,0,0,0,367.35
2025-12-31,TMPV,2026-02-24,345.00,CE,0.00,0.00,0.00,30.05,31.20,0,0,0,367.35
2025-12-31,TMPV,2026-01-27,240.00,PE,0.00,0.00,0.00,0.05,0.05,0,0,0,367.35
2025-12-31,TMPV,2026-01-27,320.00,PE,1.00,1.00,0.55,0.60,0.60,754400,-140000,1260,367.35
2025-12-31,TMPV,2026-02-24,260.00,PE,0.00,0.00,0.00,0.70,0.05,0,0,0,367.35
2025-12-31,TMPV,2026-02-24,340.00,PE,6.05,6.05,5.20,5.25,5.25,108000,26400,78,367.35
2025-12-31,TMPV,2026-02-24,400.00,PE,38.75,39.15,35.55,36.80,35.25,20000,3200,12,367.35
2025-12-31,TMPV,2026-01-27,460.00,PE,96.50,96.50,89.60,89.60,89.60,324000,11200,36,367.35
2025-12-31,TMPV,2026-02-24,240.00,PE,0.00,0.00,0.00,0.20,0.05,0,0,0,367.35
2025-12-31,TMPV,2026-02-24,440.00,CE,2.30,2.40,1.65,2.30,2.30,98400,66400,111,367.35
2025-12-31,TMPV,2026-01-27,355.00,CE,15.00,20.05,14.95,19.50,19.50,123200,123200,335,367.35
2025-12-31,TMPV,2026-02-24,320.00,CE,0.00,0.00,0.00,46.35,51.55,0,0,0,367.35
2025-12-31,TMPV,2026-02-24,330.00,CE,0.00,0.00,0.00,40.50,42.90,0,0,0,367.35
2025-12-31,TMPV,2026-03-30,300.00,CE,0.00,0.00,0.00,69.15,72.50,0,0,0,367.35
2025-12-31,TMPV,2026-03-30,320.00,CE,0.00,0.00,0.00,52.90,54.90,0,0,0,367.35
2025-12-31,TMPV,2026-03-30,380.00,CE,0.00,0.00,0.00,18.55,16.95,0,0,0,367.35
2025-12-31,TMPV,2026-01-27,290.00,PE,0.00,0.00,0.00,1.60,0.05,0,0,0,367.35
2025-12-31,TMPV,2026-01-27,355.00,PE,6.80,6.85,4.50,4.80,4.80,176800,176800,711,367.35
2025-12-31,TMPV,2026-02-24,280.00,PE,0.00,0.00,0.00,1.95,0.05,0,0,0,367.35
2025-12-31,TMPV,2026-01-27,310.00,CE,57.80,58.20,57.80,58.20,58.70,19200,800,11,367.35
2025-12-31,TMPV,2026-01-27,325.00,CE,0.00,0.00,0.00,40.00,44.20,0,0,0,367.35
2025-12-31,TMPV,2026-01-27,385.00,PE,0.00,0.00,0.00,27.10,21.25,0,0,0,367.35
2025-12-31,TMPV,2026-03-30,320.00,PE,0.00,0.00,0.00,6.40,3.30,0,0,0,367.35
2025-12-31,TMPV,2026-02-24,395.00,PE,0.00,0.00,0.00,37.90,31.50,0,0,0,367.35
2025-12-31,TMPV,2026-02-24,325.00,PE,0.00,0.00,0.00,4.60,2.10,0,0,0,367.35
2025-12-31,TMPV,2026-01-27,380.00,PE,21.60,21.60,15.70,16.40,16.40,696000,53600,554,367.35
2025-12-31,TMPV,2026-01-27,370.00,PE,13.50,14.80,9.95,10.50,10.50,2184800,578400,3074,367.35
2025-12-31,TMPV,2026-02-24,400.00,CE,6.00,7.95,5.35,7.45,7.45,351200,13600,329,367.35
2025-12-31,TMPV,2026-02-24,355.00,CE,0.00,0.00,0.00,24.05,24.45,0,0,0,367.35
2025-12-31,TMPV,2026-02-24,350.00,CE,0.00,0.00,0.00,26.95,27.70,0,0,0,367.35
2025-12-31,TMPV,2026-03-30,360.00,PE,0.00,0.00,0.00,20.35,14.50,0,0,0,367.35
2025-12-31,TMPV,2026-01-27,440.00,PE,76.60,76.60,70.00,70.00,70.00,220800,800,10,367.35
2025-12-31,TMPV,2026-02-24,335.00,PE,0.00,0.00,0.00,7.00,3.70,0,0,0,367.35
2025-12-31,TMPV,2026-02-24,375.00,PE,0.00,0.00,0.00,24.45,18.45,0,0,0,367.35
2025-12-31,TMPV,2026-03-30,370.00,PE,0.00,0.00,0.00,25.45,19.15,0,0,0,367.35
2025-12-31,TMPV,2026-01-27,390.00,PE,29.00,29.40,23.20,23.85,23.85,347200,0,97,367.35
2025-12-31,TMPV,2026-01-27,410.00,PE,47.50,47.60,40.25,41.35,41.35,152000,6400,31,367.35
2025-12-31,TMPV,2026-01-27,335.00,PE,1.90,2.00,1.45,1.50,1.50,46400,46400,92,367.35
2025-12-31,TMPV,2026-01-27,325.00,PE,2.45,2.45,0.85,0.85,0.55,4000,4000,9,367.35
2025-12-31,TMPV,2026-01-27,270.00,PE,0.00,0.00,0.00,0.50,0.05,0,0,0,367.35
2025-12-31,TMPV,2026-03-30,340.00,CE,0.00,0.00,0.00,38.85,39.40,0,0,0,367.35
2025-12-31,TMPV,2026-02-24,395.00,CE,0.00,0.00,0.00,8.30,7.10,0,0,0,367.35
2025-12-31,TMPV,2026-01-27,370.00,CE,8.25,11.00,7.45,10.50,10.50,4533600,764800,14370,367.35
2025-12-31,TMPV,2026-01-27,365.00,CE,12.70,13.75,8.80,13.10,13.10,468800,468800,2424,367.35
2025-12-31,TMPV,2026-01-27,280.00,CE,0.00,0.00,0.00,136.00,88.50,0,0,0,367.35
2025-12-31,TMPV,2026-01-27,310.00,PE,0.65,0.70,0.25,0.35,0.35,741600,367200,720,367.35
2025-12-31,TMPV,2026-01-27,350.00,PE,5.40,5.40,3.40,3.60,3.60,3000000,320000,5371,367.35
2025-12-31,TMPV,2026-01-27,375.00,PE,15.80,15.80,12.80,13.20,13.20,122400,122400,271,367.35
2025-12-31,TMPV,2026-01-27,400.00,PE,37.00,38.40,31.35,32.40,32.40,855200,121600,261,367.35
2025-12-31,TMPV,2026-02-24,350.00,PE,0.00,0.00,0.00,11.95,7.45,0,0,0,367.35
2025-12-31,TMPV,2026-02-24,380.00,PE,24.00,24.60,20.55,21.10,21.10,44000,42400,60,367.35
2025-12-31,TMPV,2026-03-30,340.00,PE,0.00,0.00,0.00,12.10,7.50,0,0,0,367.35
2025-12-31,TMPV,2026-03-30,350.00,PE,15.90,15.90,15.90,15.90,10.65,800,800,1,367.35
2025-12-31,TMPV,2026-01-27,400.00,CE,2.00,2.55,1.75,2.40,2.40,7712000,463200,7110,367.35
2025-12-31,TMPV,2026-02-24,310.00,CE,0.00,0.00,0.00,56.85,60.70,0,0,0,367.35
2025-12-31,TMPV,2026-02-24,420.00,CE,3.00,5.00,3.00,4.40,4.40,261600,181600,514,367.35
2025-12-31,TMPV,2026-03-30,350.00,CE,0.00,0.00,0.00,32.80,32.65,0,0,0,367.35
2025-12-31,TMPV,2026-01-27,340.00,PE,2.75,3.05,1.85,2.00,2.00,1863200,97600,2198,367.35
2025-12-31,TMPV,2026-01-27,320.00,CE,44.15,50.95,44.15,50.20,50.20,217600,13600,73,367.35
2025-12-31,TMPV,2026-01-27,395.00,CE,2.50,3.10,2.30,3.10,3.10,239200,239200,522,367.35
2025-12-31,TMPV,2026-01-27,500.00,CE,0.20,0.20,0.10,0.10,0.05,95200,53600,71,367.35
2025-12-31,TMPV,2026-02-24,375.00,CE,0.00,0.00,0.00,14.65,13.90,0,0,0,367.35
2025-12-31,TMPV,2026-02-24,480.00,PE,106.00,106.00,106.00,106.00,108.80,1600,800,1,367.35
2025-12-31,TMPV,2026-02-24,480.00,CE,0.00,0.00,0.00,1.35,0.15,0,0,0,367.35
2025-12-31,TMPV,2026-02-24,310.00,PE,0.00,0.00,0.00,2.25,0.80,0,0,0,367.35
2025-12-31,TMPV,2026-03-30,400.00,PE,0.00,0.00,0.00,44.40,37.50,0,0,0,367.35
2025-12-31,TMPV,2026-02-24,410.00,CE,0.00,0.00,0.00,5.20,4.00,0,0,0,367.35
2025-12-31,TMPV,2026-02-24,365.00,PE,13.40,13.40,13.40,13.40,13.35,800,800,1,367.35
2025-12-31,TMPV,2026-02-24,420.00,PE,0.00,0.00,0.00,55.00,51.80,2400,0,0,367.35
2025-12-31,TMPV,2026-02-24,440.00,PE,70.20,70.20,68.80,68.80,70.10,1600,1600,2,367.35
2025-12-31,TMPV,2026-01-27,345.00,CE,0.00,0.00,0.00,24.20,26.60,0,0,0,367.35
2025-12-31,TMPV,2026-02-24,360.00,PE,13.60,13.60,11.00,11.10,11.10,48800,19200,55,367.35
2025-12-31,TMPV,2026-01-27,430.00,PE,66.85,66.85,60.70,61.60,61.15,57600,-3200,10,367.35
2025-12-31,TMPV,2026-01-27,345.00,PE,3.90,3.90,2.55,2.70,2.70,111200,111200,231,367.35
2025-12-31,TMPV,2026-01-27,330.00,PE,1.65,1.70,1.00,1.05,1.05,1296800,-21600,2250,367.35
2025-12-31,TMPV,2026-03-30,420.00,CE,0.00,0.00,0.00,7.60,5.75,0,0,0,367.35
2025-12-31,TMPV,2026-03-30,330.00,CE,0.00,0.00,0.00,45.60,46.85,0,0,0,367.35
2025-12-31,TMPV,2026-02-24,385.00,CE,12.00,12.00,11.00,11.50,11.50,0,0,2,367.35
2025-12-31,TMPV,2026-02-24,370.00,CE,17.90,17.90,17.90,17.90,17.90,800,800,1,367.35
2025-12-31,TMPV,2026-02-24,340.00,CE,36.00,37.00,35.00,37.00,37.00,21600,0,10,367.35
2025-12-31,TMPV,2026-02-24,300.00,CE,0.00,0.00,0.00,61.50,70.20,0,0,0,367.35
2025-12-31,TMPV,2026-01-27,430.00,CE,0.50,0.55,0.35,0.45,0.45,597600,300800,958,367.35
2025-12-31,TMPV,2026-01-27,410.00,CE,1.10,1.45,1.00,1.40,1.40,2052800,513600,2753,367.35
2025-12-31,TMPV,2026-01-27,340.00,CE,26.55,32.75,26.00,31.95,31.95,918400,-5600,203,367.35
2025-12-31,TMPV,2026-02-24,370.00,PE,0.00,0.00,0.00,21.55,15.75,0,0,0,367.35
2025-12-31,TMPV,2026-01-27,335.00,CE,33.20,34.55,33.20,34.55,35.05,800,800,2,367.35
2025-12-31,TMPV,2026-01-27,420.00,CE,0.75,0.90,0.65,0.85,0.85,988800,6400,1368,367.35
2025-12-31,TMPV,2026-01-27,460.00,CE,0.25,0.25,0.20,0.20,0.20,608000,-800,31,367.35
2025-12-31,TMPV,2026-03-30,390.00,CE,12.05,12.05,12.05,12.05,13.25,4800,4800,6,367.35
2025-12-31,TMPV,2026-01-27,260.00,PE,0.00,0.00,0.00,0.10,0.05,0,0,0,367.35
2025-12-31,TMPV,2026-01-27,420.00,PE,56.05,57.10,50.95,50.95,50.95,183200,800,16,367.35
2025-12-31,TMPV,2026-02-24,385.00,PE,0.00,0.00,0.00,30.80,24.55,0,0,0,367.35
2025-12-31,TMPV,2026-03-30,330.00,PE,0.00,0.00,0.00,8.95,5.10,0,0,0,367.35
2025-12-31,TMPV,2026-02-24,320.00,PE,0.00,0.00,0.00,9.10,1.55,0,0,0,367.35
2025-12-31,TMPV,2026-02-24,300.00,PE,1.30,1.30,1.30,1.30,0.35,4800,800,1,367.35
2025-12-31,TMPV,2026-01-27,395.00,PE,30.90,30.90,30.90,30.90,29.00,800,800,1,367.35
2025-12-31,TMPV,2026-03-30,400.00,CE,0.00,0.00,0.00,12.10,10.15,0,0,0,367.35
2025-12-31,TMPV,2026-02-24,380.00,CE,11.60,14.00,11.00,13.80,13.80,155200,32000,214,367.35
2025-12-31,TMPV,2026-02-24,360.00,CE,19.90,23.95,19.90,23.30,23.30,108000,10400,77,367.35
2025-12-31,TMPV,2026-01-27,330.00,CE,35.20,41.80,35.20,40.60,40.60,93600,18400,65,367.35
2025-12-31,TMPV,2026-01-27,240.00,CE,0.00,0.00,0.00,175.15,128.30,0,0,0,367.35
2025-12-31,TMPV,2026-03-30,300.00,PE,0.00,0.00,0.00,2.95,1.20,0,0,0,367.35
2025-12-31,TMPV,2026-02-24,390.00,PE,0.00,0.00,0.00,34.30,27.90,0,0,0,367.35
2025-12-31,TMPV,2026-01-27,290.00,CE,0.00,0.00,0.00,67.10,78.55,0,0,0,367.35
2025-12-31,TMPV,2026-01-27,375.00,CE,7.75,8.70,5.90,8.35,8.35,311200,311200,1099,367.35
2025-12-31,TMPV,2026-02-24,260.00,CE,0.00,0.00,0.00,97.05,109.50,0,0,0,367.35
2025-12-31,TMPV,2026-02-24,335.00,CE,0.00,0.00,0.00,36.85,38.80,0,0,0,367.35
2025-12-31,TMPV,2026-02-24,390.00,CE,11.80,12.25,9.15,9.90,8.50,17600,17600,24,367.35
2025-12-31,TMPV,2026-03-30,370.00,CE,0.00,0.00,0.00,22.65,21.40,0,0,0,367.35
2025-12-31,TMPV,2026-01-27,300.00,PE,0.40,0.50,0.25,0.30,0.30,1063200,140800,952,367.35
2025-12-31,TMPV,2026-01-27,360.00,PE,8.70,9.25,5.90,6.30,6.30,3553600,473600,4522,367.35
2025-12-31,TMPV,2026-02-24,345.00,PE,0.00,0.00,0.00,10.10,6.00,0,0,0,367.35
2025-12-31,TMPV,2026-03-30,420.00,PE,0.00,0.00,0.00,59.65,52.80,0,0,0,367.35
2025-12-31,TMPV,2026-01-27,260.00,CE,0.00,0.00,0.00,155.50,108.40,0,0,0,367.35
2025-12-31,TMPV,2026-01-27,380.00,CE,5.05,6.85,4.45,6.50,6.50,3944000,482400,9824,367.35
2025-12-31,TMPV,2026-02-24,240.00,CE,0.00,0.00,0.00,116.25,129.35,0,0,0,367.35
2025-12-31,TMPV,2026-02-24,330.00,PE,0.00,0.00,0.00,5.70,2.80,0,0,0,367.35
2025-12-31,TMPV,2026-01-27,385.00,CE,3.95,5.25,3.50,5.05,5.05,177600,177600,511,367.35
2025-12-31,TMPV,2026-01-27,440.00,CE,0.35,0.40,0.25,0.30,0.30,464800,68000,504,367.35
2025-12-31,TMPV,2026-01-27,360.00,CE,12.55,16.85,12.00,16.15,16.15,3823200,-239200,7833,367.35
2025-12-31,TMPV,2026-03-30,390.00,PE,0.00,0.00,0.00,37.50,30.70,0,0,0,367.35
2025-12-31,TMPV,2026-01-27,500.00,PE,132.15,132.15,128.80,129.30,129.30,748800,456800,704,367.35
2025-12-31,TMPV,2026-03-30,360.00,CE,0.00,0.00,0.00,27.40,26.65,0,0,0,367.35
2025-12-31,TMPV,2026-02-24,365.00,CE,0.00,0.00,0.00,18.95,18.70,0,0,0,367.35
2025-12-31,TMPV,2026-02-24,325.00,CE,0.00,0.00,0.00,44.35,47.15,0,0,0,367.35
2026-01-01,TMPV,2026-01-27,350.00,PE,3.40,4.00,2.85,3.30,3.30,2893600,-106400,4482,367.55
2026-01-01,TMPV,2026-01-27,365.00,PE,7.95,9.15,6.80,7.90,7.90,573600,220800,1973,367.55
2026-01-01,TMPV,2026-02-24,400.00,CE,8.00,8.20,6.90,7.30,7.30,370400,19200,242,367.55
2026-01-01,TMPV,2026-01-27,345.00,PE,2.75,2.90,2.15,2.40,2.40,257600,146400,371,367.55
2026-01-01,TMPV,2026-02-24,395.00,PE,0.00,0.00,0.00,37.90,31.25,0,0,0,367.55
2026-01-01,TMPV,2026-03-30,360.00,PE,0.00,0.00,0.00,20.35,14.30,0,0,0,367.55
2026-01-01,TMPV,2026-01-27,370.00,PE,9.90,11.80,8.90,10.10,10.10,2669600,484800,3793,367.55
2026-01-01,TMPV,2026-02-24,350.00,CE,0.00,0.00,0.00,26.95,27.65,0,0,0,367.55
2026-01-01,TMPV,2026-02-24,355.00,CE,0.00,0.00,0.00,24.05,24.40,0,0,0,367.55
2026-01-01,TMPV,2026-02-24,440.00,CE,2.30,2.45,1.90,2.10,2.10,118400,20000,73,367.55
2026-01-01,TMPV,2026-01-27,460.00,PE,90.55,91.00,90.00,91.00,90.65,324800,800,11,367.55
2026-01-01,TMPV,2026-02-24,330.00,PE,0.00,0.00,0.00,5.70,2.70,0,0,0,367.55
2026-01-01,TMPV,2026-02-24,400.00,PE,33.50,36.00,33.50,34.85,34.85,28800,8800,11,367.55
2026-01-01,TMPV,2026-01-27,380.00,CE,6.85,7.50,5.10,5.70,5.70,4204800,260800,8548,367.55
2026-01-01,TMPV,2026-01-27,390.00,CE,4.10,4.45,2.80,3.20,3.20,2652000,132000,4804,367.55
2026-01-01,TMPV,2026-02-24,345.00,CE,0.00,0.00,0.00,30.05,31.15,0,0,0,367.55
2026-01-01,TMPV,2026-03-30,400.00,CE,0.00,0.00,0.00,12.10,10.05,0,0,0,367.55
2026-01-01,TMPV,2026-02-24,380.00,CE,14.20,14.65,12.40,13.00,13.00,240800,85600,176,367.55
2026-01-01,TMPV,2026-02-24,320.00,PE,0.00,0.00,0.00,9.10,1.45,0,0,0,367.55
2026-01-01,TMPV,2026-02-24,360.00,CE,23.90,25.05,21.90,23.15,23.15,104800,-3200,39,367.55
2026-01-01,TMPV,2026-03-30,300.00,PE,0.00,0.00,0.00,2.95,1.15,0,0,0,367.55
2026-01-01,TMPV,2026-01-27,395.00,PE,29.25,29.70,25.40,27.00,27.00,43200,42400,61,367.55
2026-01-01,TMPV,2026-02-24,390.00,PE,0.00,0.00,0.00,34.30,27.65,0,0,0,367.55
2026-01-01,TMPV,2026-02-24,480.00,PE,0.00,0.00,0.00,106.00,108.70,1600,0,0,367.55
2026-01-01,TMPV,2026-02-24,440.00,PE,69.45,69.45,69.45,69.45,69.90,4000,2400,3,367.55
2026-01-01,TMPV,2026-02-24,365.00,PE,13.40,13.85,13.40,13.65,13.65,7200,6400,10,367.55
2026-01-01,TMPV,2026-02-24,420.00,CE,5.00,5.00,3.80,4.05,4.05,554400,292800,590,367.55
2026-01-01,TMPV,2026-02-24,410.00,CE,0.00,0.00,0.00,5.20,3.90,0,0,0,367.55
2026-01-01,TMPV,2026-02-24,375.00,CE,0.00,0.00,0.00,14.65,13.80,0,0,0,367.55
2026-01-01,TMPV,2026-01-27,400.00,CE,2.45,2.70,1.35,1.75,1.75,6457600,-1254400,10645,367.55
2026-01-01,TMPV,2026-01-27,395.00,CE,3.25,3.45,2.05,2.40,2.40,410400,171200,948,367.55
2026-01-01,TMPV,2026-01-27,345.00,CE,26.65,27.65,25.05,27.20,27.20,7200,7200,27,367.55
2026-01-01,TMPV,2026-01-27,340.00,CE,31.95,34.45,29.10,31.15,31.15,901600,-16800,141,367.55
2026-01-01,TMPV,2026-01-27,410.00,CE,1.40,1.45,0.70,0.90,0.90,2328000,275200,4324,367.55
2026-01-01,TMPV,2026-01-27,430.00,CE,0.45,0.45,0.20,0.25,0.25,659200,61600,768,367.55
2026-01-01,TMPV,2026-02-24,340.00,CE,38.00,39.50,35.50,35.50,34.90,20000,-1600,12,367.55
2026-01-01,TMPV,2026-02-24,370.00,CE,17.00,18.00,17.00,17.65,17.65,4800,4000,10,367.55
2026-01-01,TMPV,2026-02-24,385.00,CE,11.00,12.00,11.00,12.00,12.00,0,0,2,367.55
2026-01-01,TMPV,2026-03-30,390.00,CE,12.05,19.00,12.05,17.05,13.15,8800,4000,7,367.55
2026-01-01,TMPV,2026-02-24,370.00,PE,0.00,0.00,0.00,21.55,15.50,0,0,0,367.55
2026-01-01,TMPV,2026-02-24,360.00,PE,11.50,11.65,10.30,11.40,10.90,61600,12800,30,367.55
2026-01-01,TMPV,2026-01-27,430.00,PE,60.00,61.75,60.00,61.25,61.00,56800,-800,6,367.55
2026-01-01,TMPV,2026-01-27,330.00,PE,1.05,1.15,0.80,0.90,0.90,1691200,394400,1660,367.55
2026-01-01,TMPV,2026-03-30,420.00,CE,0.00,0.00,0.00,7.60,5.65,0,0,0,367.55
2026-01-01,TMPV,2026-01-27,385.00,CE,5.35,5.75,3.80,4.30,4.30,317600,140000,931,367.55
2026-01-01,TMPV,2026-03-30,300.00,CE,0.00,0.00,0.00,69.15,72.65,0,0,0,367.55
2026-01-01,TMPV,2026-01-27,500.00,CE,0.15,0.15,0.05,0.10,0.10,118400,23200,75,367.55
2026-01-01,TMPV,2026-03-30,400.00,PE,0.00,0.00,0.00,44.40,37.25,0,0,0,367.55
2026-01-01,TMPV,2026-01-27,440.00,PE,72.00,72.00,70.50,70.50,70.80,222400,1600,4,367.55
2026-01-01,TMPV,2026-01-27,410.00,PE,41.35,43.25,38.35,41.30,41.30,169600,17600,63,367.55
2026-01-01,TMPV,2026-01-27,390.00,PE,25.00,25.65,21.45,22.75,22.75,339200,-8000,68,367.55
2026-01-01,TMPV,2026-01-27,325.00,PE,0.80,0.80,0.60,0.65,0.65,35200,31200,49,367.55
2026-01-01,TMPV,2026-02-24,375.00,PE,0.00,0.00,0.00,24.45,18.20,0,0,0,367.55
2026-01-01,TMPV,2026-03-30,370.00,PE,0.00,0.00,0.00,25.45,18.90,0,0,0,367.55
2026-01-01,TMPV,2026-03-30,340.00,CE,0.00,0.00,0.00,38.85,39.40,0,0,0,367.55
2026-01-01,TMPV,2026-01-27,350.00,CE,23.00,25.80,21.05,22.60,22.60,1852800,28000,731,367.55
2026-01-01,TMPV,2026-01-27,300.00,CE,70.00,70.00,68.30,68.70,68.70,121600,-800,12,367.55
2026-01-01,TMPV,2026-02-24,340.00,PE,5.50,5.60,4.85,5.20,5.20,133600,25600,52,367.55
2026-01-01,TMPV,2026-01-27,360.00,PE,5.55,7.00,5.05,6.00,6.00,3544000,-9600,4603,367.55
2026-01-01,TMPV,2026-01-27,320.00,PE,0.55,0.65,0.40,0.40,0.40,1483200,728800,1546,367.55
2026-01-01,TMPV,2026-01-27,300.00,PE,0.25,0.30,0.20,0.25,0.25,823200,-240000,522,367.55
2026-01-01,TMPV,2026-03-30,370.00,CE,0.00,0.00,0.00,22.65,21.35,0,0,0,367.55
2026-01-01,TMPV,2026-01-27,480.00,CE,0.10,0.15,0.10,0.15,0.15,35200,27200,39,367.55
2026-01-01,TMPV,2026-03-30,320.00,CE,0.00,0.00,0.00,52.90,54.95,0,0,0,367.55
2026-01-01,TMPV,2026-03-30,380.00,CE,21.95,21.95,18.15,18.15,16.85,800,800,2,367.55
2026-01-01,TMPV,2026-01-27,355.00,PE,4.55,5.30,3.80,4.40,4.40,287200,110400,1616,367.55
2026-01-01,TMPV,2026-01-27,385.00,PE,0.00,0.00,0.00,27.10,20.95,0,0,0,367.55
2026-01-01,TMPV,2026-02-24,300.00,PE,1.10,1.15,1.00,1.05,1.05,12800,8000,26,367.55
2026-01-01,TMPV,2026-01-27,330.00,CE,38.55,43.30,38.30,40.85,40.85,97600,4000,43,367.55
2026-01-01,TMPV,2026-02-24,320.00,CE,0.00,0.00,0.00,46.35,51.60,0,0,0,367.55
2026-01-01,TMPV,2026-02-24,395.00,CE,0.00,0.00,0.00,8.30,7.00,0,0,0,367.55
2026-01-01,TMPV,2026-02-24,345.00,PE,0.00,0.00,0.00,10.10,5.80,0,0,0,367.55
2026-01-01,TMPV,2026-03-30,420.00,PE,0.00,0.00,0.00,59.65,52.60,0,0,0,367.55
2026-01-01,TMPV,2026-02-24,335.00,CE,0.00,0.00,0.00,36.85,38.80,0,0,0,367.55
2026-01-01,TMPV,2026-01-27,310.00,CE,59.00,59.40,57.50,59.05,59.05,20800,1600,5,367.55
2026-01-01,TMPV,2026-01-27,355.00,CE,17.95,22.15,17.40,18.80,18.80,144800,21600,128,367.55
2026-01-01,TMPV,2026-01-27,375.00,CE,9.05,9.50,6.75,7.50,7.50,697600,386400,2620,367.55
2026-01-01,TMPV,2026-02-24,330.00,CE,0.00,0.00,0.00,40.50,42.90,0,0,0,367.55
2026-01-01,TMPV,2026-02-24,390.00,CE,9.75,10.80,9.15,10.15,10.15,32000,14400,55,367.55
2026-01-01,TMPV,2026-02-24,385.00,PE,0.00,0.00,0.00,30.80,24.30,0,0,0,367.55
2026-01-01,TMPV,2026-01-27,460.00,CE,0.20,0.20,0.15,0.15,0.15,617600,9600,735,367.55
2026-01-01,TMPV,2026-01-27,420.00,CE,0.90,0.90,0.40,0.50,0.50,1846400,857600,3073,367.55
2026-01-01,TMPV,2026-01-27,335.00,CE,0.00,0.00,0.00,34.55,35.05,800,0,0,367.55
2026-01-01,TMPV,2026-01-27,420.00,PE,52.00,52.80,47.65,50.55,50.55,181600,-1600,11,367.55
2026-01-01,TMPV,2026-02-24,335.00,PE,0.00,0.00,0.00,7.00,3.55,0,0,0,367.55
2026-01-01,TMPV,2026-02-24,420.00,PE,0.00,0.00,0.00,55.00,51.60,2400,0,0,367.55
2026-01-01,TMPV,2026-03-30,320.00,PE,0.00,0.00,0.00,6.40,3.20,0,0,0,367.55
2026-01-01,TMPV,2026-01-27,335.00,PE,1.55,1.55,1.15,1.30,1.30,131200,84800,196,367.55
2026-01-01,TMPV,2026-01-27,365.00,CE,14.05,14.90,11.20,12.35,12.35,724000,255200,2423,367.55
2026-01-01,TMPV,2026-01-27,370.00,CE,11.00,12.00,8.75,9.65,9.65,4904000,370400,12365,367.55
2026-01-01,TMPV,2026-01-27,310.00,PE,0.35,0.40,0.25,0.25,0.25,724800,-16800,165,367.55
2026-01-01,TMPV,2026-01-27,380.00,PE,16.55,18.00,14.30,16.00,16.00,772800,76800,758,367.55
2026-01-01,TMPV,2026-02-24,410.00,PE,0.00,0.00,0.00,49.65,43.05,0,0,0,367.55
2026-01-01,TMPV,2026-03-30,380.00,PE,0.00,0.00,0.00,31.20,24.30,0,0,0,367.55
2026-01-01,TMPV,2026-01-27,500.00,PE,128.65,132.10,127.35,130.15,130.15,777600,28800,48,367.55
2026-01-01,TMPV,2026-01-27,360.00,CE,16.15,18.10,13.95,15.30,15.30,3737600,-85600,3780,367.55
2026-01-01,TMPV,2026-01-27,440.00,CE,0.30,0.30,0.15,0.20,0.20,491200,26400,335,367.55
2026-01-01,TMPV,2026-03-30,390.00,PE,0.00,0.00,0.00,37.50,30.45,0,0,0,367.55
2026-01-01,TMPV,2026-01-27,520.00,CE,0.05,0.05,0.05,0.05,0.05,40800,8800,19,367.55
2026-01-01,TMPV,2026-03-30,360.00,CE,0.00,0.00,0.00,27.40,26.60,0,0,0,367.55
2026-01-01,TMPV,2026-01-27,280.00,PE,0.25,0.25,0.15,0.15,0.05,12000,1600,3,367.55
2026-01-01,TMPV,2026-02-24,355.00,PE,0.00,0.00,0.00,14.05,8.95,0,0,0,367.55
2026-01-01,TMPV,2026-01-27,375.00,PE,12.95,14.75,11.50,12.90,12.90,246400,124000,504,367.55
2026-01-01,TMPV,2026-01-27,400.00,PE,32.20,34.20,29.50,31.20,31.20,882400,27200,139,367.55
2026-01-01,TMPV,2026-02-24,350.00,PE,0.00,0.00,0.00,11.95,7.25,0,0,0,367.55
2026-01-01,TMPV,2026-02-24,380.00,PE,20.00,22.40,20.00,21.40,21.40,75200,31200,50,367.55
2026-01-01,TMPV,2026-03-30,340.00,PE,0.00,0.00,0.00,12.10,7.35,0,0,0,367.55
2026-01-01,TMPV,2026-03-30,350.00,PE,0.00,0.00,0.00,15.90,10.45,800,0,0,367.55
2026-01-01,TMPV,2026-01-27,320.00,CE,52.40,53.00,49.95,49.95,49.10,217600,0,5,367.55
2026-01-01,TMPV,2026-02-24,365.00,CE,19.60,19.60,19.60,19.60,18.60,800,800,1,367.55
2026-01-01,TMPV,2026-03-30,350.00,CE,0.00,0.00,0.00,32.80,32.60,0,0,0,367.55
2026-01-01,TMPV,2026-01-27,340.00,PE,1.70,2.20,1.55,1.75,1.75,1915200,52000,1624,367.55
2026-01-02,TMPV,2026-01-27,405.00,CE,1.10,1.50,1.05,1.30,1.30,154400,154400,295,370.35
2026-01-02,TMPV,2026-01-27,310.00,PE,0.25,0.25,0.15,0.20,0.20,764800,40000,259,370.35
2026-01-02,TMPV,2026-03-30,360.00,CE,0.00,0.00,0.00,27.40,28.20,0,0,0,370.35
2026-01-02,TMPV,2026-01-27,280.00,PE,0.00,0.00,0.00,0.15,0.05,12000,0,0,370.35
2026-01-02,TMPV,2026-01-27,365.00,PE,7.05,7.05,5.70,6.25,6.25,689600,116000,1209,370.35
2026-01-02,TMPV,2026-01-27,500.00,PE,126.50,128.05,126.20,127.25,127.25,778400,800,13,370.35
2026-01-02,TMPV,2026-02-24,355.00,PE,0.00,0.00,0.00,14.05,7.95,0,0,0,370.35
2026-01-02,TMPV,2026-02-24,410.00,PE,0.00,0.00,0.00,49.65,40.70,0,0,0,370.35
2026-01-02,TMPV,2026-03-30,380.00,PE,0.00,0.00,0.00,31.20,22.75,0,0,0,370.35
2026-01-02,TMPV,2026-03-30,390.00,PE,0.00,0.00,0.00,37.50,28.65,0,0,0,370.35
2026-01-02,TMPV,2026-01-27,520.00,CE,0.05,0.10,0.05,0.05,0.05,46400,5600,8,370.35
2026-01-02,TMPV,2026-01-27,440.00,CE,0.20,0.20,0.15,0.20,0.10,520000,28800,267,370.35
2026-01-02,TMPV,2026-01-27,360.00,CE,16.95,18.55,15.80,16.65,16.65,3576000,-161600,2476,370.35
2026-01-02,TMPV,2026-02-24,365.00,CE,21.00,21.00,21.00,21.00,20.05,800,0,1,370.35
2026-01-02,TMPV,2026-01-27,355.00,CE,21.00,22.05,19.85,20.30,20.30,151200,6400,53,370.35
2026-01-02,TMPV,2026-01-27,355.00,PE,3.80,3.80,3.10,3.40,3.40,352000,64800,907,370.35
2026-01-02,TMPV,2026-03-30,380.00,CE,17.25,17.25,17.25,17.25,18.05,1600,800,1,370.35
2026-01-02,TMPV,2026-03-30,320.00,CE,0.00,0.00,0.00,52.90,57.30,0,0,0,370.35
2026-01-02,TMPV,2026-03-30,300.00,CE,0.00,0.00,0.00,69.15,75.20,0,0,0,370.35
2026-01-02,TMPV,2026-02-24,320.00,CE,0.00,0.00,0.00,46.35,54.10,0,0,0,370.35
2026-01-02,TMPV,2026-02-24,330.00,CE,0.00,0.00,0.00,40.50,45.25,0,0,0,370.35
2026-01-02,TMPV,2026-01-27,385.00,PE,17.00,18.35,15.95,17.35,17.35,81600,81600,178,370.35
2026-01-02,TMPV,2026-01-27,310.00,CE,0.00,0.00,0.00,59.05,61.55,20800,0,0,370.35
2026-01-02,TMPV,2026-01-27,375.00,PE,10.45,11.85,9.95,10.90,10.90,452000,205600,791,370.35
2026-01-02,TMPV,2026-01-27,400.00,PE,28.80,30.85,28.00,29.75,29.75,904000,21600,160,370.35
2026-01-02,TMPV,2026-02-24,350.00,PE,0.00,0.00,0.00,11.95,6.40,0,0,0,370.35
2026-01-02,TMPV,2026-02-24,380.00,PE,19.30,19.70,18.25,19.05,19.40,156000,80800,104,370.35
2026-01-02,TMPV,2026-01-27,340.00,PE,1.50,1.50,1.15,1.30,1.30,1988000,72800,1923,370.35
2026-01-02,TMPV,2026-01-27,320.00,CE,0.00,0.00,0.00,49.95,51.75,217600,0,0,370.35
2026-01-02,TMPV,2026-01-27,400.00,CE,1.95,2.25,1.70,1.80,1.80,6769600,312000,6908,370.35
2026-01-02,TMPV,2026-03-30,340.00,PE,0.00,0.00,0.00,12.10,6.60,0,0,0,370.35
2026-01-02,TMPV,2026-03-30,350.00,PE,0.00,0.00,0.00,15.90,9.50,800,0,0,370.35
2026-01-02,TMPV,2026-02-24,420.00,CE,4.70,4.70,4.00,4.05,4.05,564000,9600,161,370.35
2026-01-02,TMPV,2026-03-30,350.00,CE,0.00,0.00,0.00,32.80,34.40,0,0,0,370.35
2026-01-02,TMPV,2026-01-27,350.00,PE,3.30,3.30,2.25,2.50,2.50,3226400,332800,2858,370.35
2026-01-02,TMPV,2026-02-24,385.00,PE,0.00,0.00,0.00,30.80,22.45,0,0,0,370.35
2026-01-02,TMPV,2026-03-30,390.00,CE,0.00,0.00,0.00,17.05,14.10,8800,0,0,370.35
2026-01-02,TMPV,2026-01-27,335.00,CE,38.00,38.25,37.35,37.55,37.55,4800,4000,8,370.35
2026-01-02,TMPV,2026-01-27,420.00,CE,0.50,0.55,0.35,0.45,0.45,3017600,1171200,2786,370.35
2026-01-02,TMPV,2026-01-27,460.00,CE,0.15,0.15,0.10,0.10,0.10,672800,55200,250,370.35
2026-01-02,TMPV,2026-01-27,420.00,PE,48.85,48.85,46.75,47.70,47.70,175200,-6400,35,370.35
2026-01-02,TMPV,2026-02-24,440.00,CE,2.05,2.15,2.00,2.05,2.05,123200,4800,13,370.35
2026-01-02,TMPV,2026-01-27,320.00,PE,0.40,0.45,0.25,0.30,0.30,1549600,66400,467,370.35
2026-01-02,TMPV,2026-01-27,300.00,CE,72.30,72.90,71.50,72.00,72.00,120800,-800,19,370.35
2026-01-02,TMPV,2026-01-27,405.00,PE,0.00,0.00,0.00,43.55,34.80,0,0,0,370.35
2026-01-02,TMPV,2026-01-27,460.00,PE,86.50,87.60,86.50,87.55,87.55,341600,16800,22,370.35
2026-01-02,TMPV,2026-02-24,340.00,PE,4.95,4.95,4.25,4.45,4.45,165600,32000,80,370.35
2026-01-02,TMPV,2026-02-24,400.00,PE,33.00,33.00,31.50,32.70,32.85,35200,6400,9,370.35
2026-01-02,TMPV,2026-02-24,405.00,PE,0.00,0.00,0.00,45.60,36.70,0,0,0,370.35
2026-01-02,TMPV,2026-01-27,350.00,CE,25.00,26.50,23.75,24.20,24.20,1816800,-36000,603,370.35
2026-01-02,TMPV,2026-01-27,390.00,CE,3.80,4.05,3.15,3.35,3.35,2352000,-300000,3699,370.35
2026-01-02,TMPV,2026-01-27,480.00,CE,0.00,0.00,0.00,0.15,0.05,35200,0,0,370.35
2026-01-02,TMPV,2026-02-24,345.00,CE,0.00,0.00,0.00,30.05,33.15,0,0,0,370.35
2026-01-02,TMPV,2026-01-27,380.00,PE,15.70,15.70,12.70,13.85,13.85,783200,10400,711,370.35
2026-01-02,TMPV,2026-01-27,370.00,PE,9.80,9.80,7.50,8.35,8.35,2423200,-246400,3653,370.35
2026-01-02,TMPV,2026-02-24,400.00,CE,7.75,8.10,7.15,7.45,7.45,395200,24800,272,370.35
2026-01-02,TMPV,2026-02-24,355.00,CE,0.00,0.00,0.00,24.05,26.10,0,0,0,370.35
2026-01-02,TMPV,2026-02-24,350.00,CE,0.00,0.00,0.00,26.95,29.55,0,0,0,370.35
2026-01-02,TMPV,2026-03-30,320.00,PE,0.00,0.00,0.00,6.40,2.80,0,0,0,370.35
2026-01-02,TMPV,2026-03-30,360.00,PE,0.00,0.00,0.00,20.35,13.15,0,0,0,370.35
2026-01-02,TMPV,2026-02-24,395.00,PE,0.00,0.00,0.00,37.90,29.15,0,0,0,370.35
2026-01-02,TMPV,2026-01-27,430.00,PE,56.00,58.25,56.00,58.25,58.25,58400,1600,4,370.35
2026-01-02,TMPV,2026-02-24,360.00,PE,10.00,10.20,9.35,9.60,9.60,64000,2400,54,370.35
2026-01-02,TMPV,2026-01-27,345.00,PE,1.75,2.00,1.65,1.80,1.80,306400,48800,232,370.35
2026-01-02,TMPV,2026-02-24,370.00,PE,14.45,14.45,14.45,14.45,14.10,800,800,1,370.35
2026-01-02,TMPV,2026-03-30,420.00,CE,0.00,0.00,0.00,7.60,6.15,0,0,0,370.35
2026-01-02,TMPV,2026-02-24,385.00,CE,0.00,0.00,0.00,12.00,10.85,0,0,0,370.35
2026-01-02,TMPV,2026-02-24,370.00,CE,19.00,19.15,17.85,18.30,18.30,12000,7200,15,370.35
2026-01-02,TMPV,2026-02-24,340.00,CE,38.00,38.65,37.95,38.20,37.00,22400,2400,6,370.35
2026-01-02,TMPV,2026-01-27,430.00,CE,0.20,0.25,0.20,0.25,0.25,727200,68000,239,370.35
2026-01-02,TMPV,2026-01-27,410.00,CE,1.15,1.15,0.85,0.90,0.90,2412000,84000,1917,370.35
2026-01-02,TMPV,2026-01-27,340.00,CE,32.05,35.45,32.05,33.00,33.00,878400,-23200,66,370.35
2026-01-02,TMPV,2026-01-27,330.00,PE,0.70,0.70,0.60,0.65,0.65,1929600,238400,1915,370.35
2026-01-02,TMPV,2026-03-30,400.00,CE,0.00,0.00,0.00,12.10,10.85,0,0,0,370.35
2026-01-02,TMPV,2026-01-27,395.00,PE,24.85,26.35,23.50,25.40,25.40,86400,43200,71,370.35
2026-01-02,TMPV,2026-02-24,300.00,PE,0.90,1.05,0.80,0.85,0.85,24800,12000,24,370.35
2026-01-02,TMPV,2026-02-24,320.00,PE,0.00,0.00,0.00,9.10,1.20,0,0,0,370.35
2026-01-02,TMPV,2026-02-24,390.00,PE,0.00,0.00,0.00,34.30,25.70,0,0,0,370.35
2026-01-02,TMPV,2026-02-24,395.00,CE,0.00,0.00,0.00,8.30,7.65,0,0,0,370.35
2026-01-02,TMPV,2026-03-30,300.00,PE,0.00,0.00,0.00,2.95,0.95,0,0,0,370.35
2026-01-02,TMPV,2026-01-27,330.00,CE,42.85,44.80,42.10,42.10,42.10,96000,-1600,40,370.35
2026-01-02,TMPV,2026-02-24,360.00,CE,25.00,25.50,23.55,23.55,23.55,105600,800,23,370.35
2026-01-02,TMPV,2026-02-24,380.00,CE,14.95,14.95,13.20,13.75,13.75,291200,50400,183,370.35
2026-01-02,TMPV,2026-02-24,405.00,CE,0.00,0.00,0.00,6.10,5.25,0,0,0,370.35
2026-01-02,TMPV,2026-01-27,385.00,CE,4.80,5.35,4.30,4.45,4.45,411200,93600,1243,370.35
2026-01-02,TMPV,2026-01-27,380.00,CE,6.45,7.20,5.75,6.00,6.00,3649600,-555200,8115,370.35
2026-01-02,TMPV,2026-02-24,330.00,PE,0.00,0.00,0.00,5.70,2.25,0,0,0,370.35
2026-01-02,TMPV,2026-02-24,335.00,CE,0.00,0.00,0.00,36.85,41.05,0,0,0,370.35
2026-01-02,TMPV,2026-03-30,420.00,PE,0.00,0.00,0.00,59.65,50.35,0,0,0,370.35
2026-01-02,TMPV,2026-02-24,345.00,PE,0.00,0.00,0.00,10.10,5.05,0,0,0,370.35
2026-01-02,TMPV,2026-01-27,360.00,PE,5.20,5.20,4.20,4.65,4.65,3648000,104000,3878,370.35
2026-01-02,TMPV,2026-01-27,300.00,PE,0.20,0.25,0.15,0.20,0.20,767200,-56000,428,370.35
2026-01-02,TMPV,2026-03-30,370.00,CE,0.00,0.00,0.00,22.65,22.70,0,0,0,370.35
2026-01-02,TMPV,2026-02-24,390.00,CE,10.75,10.80,9.75,9.75,9.75,56000,24000,36,370.35
2026-01-02,TMPV,2026-01-27,375.00,CE,8.20,9.40,7.60,7.95,7.95,1100800,403200,3658,370.35
2026-01-02,TMPV,2026-01-27,500.00,CE,0.10,0.15,0.10,0.10,0.10,119200,800,73,370.35
2026-01-02,TMPV,2026-01-27,395.00,CE,2.70,3.00,2.35,2.40,2.40,476800,66400,625,370.35
2026-01-02,TMPV,2026-02-24,375.00,CE,0.00,0.00,0.00,14.65,14.95,0,0,0,370.35
2026-01-02,TMPV,2026-02-24,440.00,PE,66.15,66.55,66.15,66.55,67.30,5600,1600,2,370.35
2026-01-02,TMPV,2026-02-24,410.00,CE,0.00,0.00,0.00,5.20,4.30,0,0,0,370.35
2026-01-02,TMPV,2026-02-24,480.00,PE,0.00,0.00,0.00,106.00,105.95,1600,0,0,370.35
2026-01-02,TMPV,2026-03-30,400.00,PE,0.00,0.00,0.00,44.40,35.30,0,0,0,370.35
2026-01-02,TMPV,2026-02-24,420.00,PE,0.00,0.00,0.00,55.00,49.15,2400,0,0,370.35
2026-01-02,TMPV,2026-02-24,365.00,PE,12.30,12.30,10.80,10.80,11.80,12800,5600,11,370.35
2026-01-02,TMPV,2026-01-27,345.00,CE,0.00,0.00,0.00,27.20,28.75,7200,0,0,370.35
2026-01-02,TMPV,2026-01-27,325.00,PE,0.45,0.50,0.45,0.50,0.35,60000,24800,48,370.35
2026-01-02,TMPV,2026-03-30,340.00,CE,0.00,0.00,0.00,38.85,41.40,0,0,0,370.35
2026-01-02,TMPV,2026-03-30,370.00,PE,0.00,0.00,0.00,25.45,17.55,0,0,0,370.35
2026-01-02,TMPV,2026-02-24,375.00,PE,15.00,15.20,15.00,15.20,16.65,1600,1600,2,370.35
2026-01-02,TMPV,2026-02-24,335.00,PE,0.00,0.00,0.00,7.00,3.00,0,0,0,370.35
2026-01-02,TMPV,2026-01-27,440.00,PE,67.50,68.35,67.50,68.00,68.10,224000,1600,4,370.35
2026-01-02,TMPV,2026-01-27,410.00,PE,38.00,39.25,37.50,38.35,38.35,169600,0,23,370.35
2026-01-02,TMPV,2026-01-27,390.00,PE,20.10,22.15,19.50,21.35,21.35,343200,4000,81,370.35
2026-01-02,TMPV,2026-01-27,335.00,PE,0.90,1.00,0.85,0.95,0.95,239200,108000,363,370.35
2026-01-02,TMPV,2026-01-27,365.00,CE,12.50,15.10,12.50,13.30,13.30,634400,-89600,1569,370.35
2026-01-02,TMPV,2026-01-27,370.00,CE,10.00,12.25,9.85,10.40,10.40,4320800,-583200,9207,370.35
2026-01-05,TMPV,2026-02-24,340.00,PE,4.35,4.35,3.85,3.85,3.85,181600,16000,51,373.55
2026-01-05,TMPV,2026-02-24,360.00,PE,9.10,9.50,8.35,8.65,8.65,90400,26400,55,373.55
2026-01-05,TMPV,2026-02-24,385.00,PE,0.00,0.00,0.00,30.80,20.25,0,0,0,373.55
2026-01-05,TMPV,2026-02-24,395.00,PE,0.00,0.00,0.00,37.90,26.70,0,0,0,373.55
2026-01-05,TMPV,2026-02-24,440.00,PE,0.00,0.00,0.00,66.55,64.35,5600,0,0,373.55
2026-01-05,TMPV,2026-03-30,400.00,PE,0.00,0.00,0.00,44.40,33.00,0,0,0,373.55
2026-01-05,TMPV,2026-02-24,420.00,CE,4.00,4.55,3.90,4.55,4.55,581600,17600,163,373.55
2026-01-05,TMPV,2026-01-27,360.00,CE,16.60,19.75,15.45,18.50,18.50,3379200,-196800,2186,373.55
2026-01-05,TMPV,2026-01-27,365.00,CE,13.15,16.10,12.35,14.95,14.95,563200,-71200,977,373.55
2026-01-05,TMPV,2026-01-27,400.00,CE,1.80,2.35,1.55,2.10,2.10,7099200,329600,9541,373.55
2026-01-05,TMPV,2026-01-27,440.00,CE,0.20,0.20,0.10,0.20,0.20,500000,-20000,109,373.55
2026-01-05,TMPV,2026-01-27,500.00,CE,0.10,0.10,0.10,0.10,0.10,119200,0,12,373.55
2026-01-05,TMPV,2026-01-27,520.00,CE,0.05,0.05,0.05,0.05,0.05,46400,0,4,373.55
2026-01-05,TMPV,2026-01-27,360.00,PE,4.70,4.70,3.25,3.95,3.95,3840000,192000,3332,373.55
2026-01-05,TMPV,2026-01-27,335.00,CE,0.00,0.00,0.00,37.55,40.15,4800,0,0,373.55
2026-01-05,TMPV,2026-01-27,355.00,CE,20.80,23.50,20.50,22.35,22.35,146400,-4800,37,373.55
2026-01-05,TMPV,2026-02-24,410.00,PE,0.00,0.00,0.00,49.65,38.00,0,0,0,373.55
2026-01-05,TMPV,2026-01-27,410.00,PE,39.00,39.25,34.95,36.70,36.30,172000,2400,23,373.55
2026-01-05,TMPV,2026-01-27,395.00,PE,24.25,25.10,22.10,23.05,23.05,135200,48800,81,373.55
2026-01-05,TMPV,2026-01-27,355.00,PE,3.40,3.40,2.60,2.85,2.85,421600,69600,528,373.55
2026-01-05,TMPV,2026-01-27,345.00,PE,1.70,1.80,1.35,1.45,1.45,312000,5600,274,373.55
2026-01-05,TMPV,2026-01-27,280.00,PE,0.00,0.00,0.00,0.15,0.05,12000,0,0,373.55
2026-01-05,TMPV,2026-03-30,400.00,CE,0.00,0.00,0.00,12.10,11.55,0,0,0,373.55
2026-01-05,TMPV,2026-03-30,390.00,CE,0.00,0.00,0.00,17.05,15.00,8800,0,0,373.55
2026-01-05,TMPV,2026-03-30,370.00,CE,0.00,0.00,0.00,22.65,24.10,0,0,0,373.55
2026-01-05,TMPV,2026-02-24,395.00,CE,0.00,0.00,0.00,8.30,8.20,0,0,0,373.55
2026-01-05,TMPV,2026-02-24,340.00,CE,38.25,42.00,37.00,42.00,39.25,25600,3200,5,373.55
2026-01-05,TMPV,2026-02-24,335.00,CE,0.00,0.00,0.00,36.85,43.45,0,0,0,373.55
2026-01-05,TMPV,2026-01-27,420.00,CE,0.45,0.50,0.30,0.50,0.50,2954400,-63200,2073,373.55
2026-01-05,TMPV,2026-03-30,340.00,CE,0.00,0.00,0.00,38.85,43.55,0,0,0,373.55
2026-01-05,TMPV,2026-01-27,340.00,CE,34.00,36.80,32.60,35.45,35.45,863200,-15200,35,373.55
2026-01-05,TMPV,2026-01-27,405.00,CE,1.25,1.65,1.10,1.50,1.50,201600,47200,315,373.55
2026-01-05,TMPV,2026-02-24,405.00,CE,0.00,0.00,0.00,6.10,5.65,0,0,0,373.55
2026-01-05,TMPV,2026-02-24,345.00,PE,0.00,0.00,0.00,10.10,4.10,0,0,0,373.55
2026-01-05,TMPV,2026-02-24,320.00,PE,0.00,0.00,0.00,9.10,0.90,0,0,0,373.55
2026-01-05,TMPV,2026-01-27,460.00,PE,87.00,88.25,84.20,85.00,85.00,336800,-4800,39,373.55
2026-01-05,TMPV,2026-01-27,325.00,PE,0.75,0.75,0.45,0.55,0.55,62400,2400,10,373.55
2026-01-05,TMPV,2026-02-24,355.00,PE,0.00,0.00,0.00,14.05,6.70,0,0,0,373.55
2026-01-05,TMPV,2026-02-24,375.00,PE,0.00,0.00,0.00,15.20,14.70,1600,0,0,373.55
2026-01-05,TMPV,2026-03-30,320.00,PE,0.00,0.00,0.00,6.40,2.35,0,0,0,373.55
2026-01-05,TMPV,2026-01-27,310.00,CE,0.00,0.00,0.00,59.05,64.60,20800,0,0,373.55
2026-01-05,TMPV,2026-01-27,375.00,CE,8.50,10.10,7.20,9.15,9.15,1292800,192000,4554,373.55
2026-01-05,TMPV,2026-01-27,430.00,CE,0.20,0.30,0.15,0.30,0.30,743200,16000,507,373.55
2026-01-05,TMPV,2026-01-27,480.00,CE,0.10,0.10,0.10,0.10,0.05,35200,0,13,373.55
2026-01-05,TMPV,2026-03-30,440.00,CE,0.00,0.00,0.00,4.60,3.50,0,0,0,373.55
2026-01-05,TMPV,2026-03-30,390.00,PE,0.00,0.00,0.00,37.50,26.55,0,0,0,373.55
2026-01-05,TMPV,2026-01-27,410.00,CE,1.00,1.15,0.75,1.00,1.00,2547200,135200,2929,373.55
2026-01-05,TMPV,2026-02-24,410.00,CE,5.40,6.10,5.30,6.10,6.10,1600,1600,10,373.55
2026-01-05,TMPV,2026-03-30,420.00,PE,0.00,0.00,0.00,59.65,47.70,0,0,0,373.55
2026-01-05,TMPV,2026-01-27,330.00,PE,0.60,0.60,0.45,0.50,0.50,1861600,-68000,490,373.55
2026-01-05,TMPV,2026-03-30,320.00,CE,0.00,0.00,0.00,52.90,59.90,0,0,0,373.55
2026-01-05,TMPV,2026-01-27,385.00,PE,17.80,17.80,14.50,15.45,15.45,136000,54400,212,373.55
2026-01-05,TMPV,2026-01-27,385.00,CE,4.35,5.80,3.90,5.25,5.25,572000,160800,1698,373.55
2026-01-05,TMPV,2026-02-24,345.00,CE,0.00,0.00,0.00,30.05,35.25,0,0,0,373.55
2026-01-05,TMPV,2026-02-24,380.00,CE,13.80,15.50,13.20,14.95,14.95,296000,4800,174,373.55
2026-01-05,TMPV,2026-02-24,400.00,CE,7.40,8.50,7.15,8.25,8.25,384000,-11200,240,373.55
2026-01-05,TMPV,2026-01-27,375.00,PE,10.70,11.10,8.75,9.45,9.45,624000,172000,1294,373.55
2026-01-05,TMPV,2026-01-27,405.00,PE,0.00,0.00,0.00,43.55,31.85,0,0,0,373.55
2026-01-05,TMPV,2026-03-30,300.00,PE,0.00,0.00,0.00,2.95,0.75,0,0,0,373.55
2026-01-05,TMPV,2026-03-30,360.00,PE,0.00,0.00,0.00,20.35,11.75,0,0,0,373.55
2026-01-05,TMPV,2026-03-30,370.00,PE,0.00,0.00,0.00,25.45,15.90,0,0,0,373.55
2026-01-05,TMPV,2026-01-27,320.00,CE,52.25,55.45,52.25,55.10,55.10,218400,800,6,373.55
2026-01-05,TMPV,2026-03-30,350.00,PE,0.00,0.00,0.00,15.90,8.35,800,0,0,373.55
2026-01-05,TMPV,2026-02-24,380.00,PE,19.25,19.30,17.05,17.85,17.85,169600,13600,49,373.55
2026-01-05,TMPV,2026-02-24,300.00,PE,0.85,0.85,0.75,0.80,0.80,27200,2400,25,373.55
2026-01-05,TMPV,2026-01-27,400.00,PE,29.80,30.05,26.00,27.35,27.35,940800,36800,226,373.55
2026-01-05,TMPV,2026-01-27,365.00,PE,6.15,6.45,4.90,5.30,5.30,813600,124000,1928,373.55
2026-01-05,TMPV,2026-02-24,350.00,CE,0.00,0.00,0.00,26.95,31.45,0,0,0,373.55
2026-01-05,TMPV,2026-01-27,390.00,CE,3.40,4.30,2.85,3.85,3.85,2472000,120000,3908,373.55
2026-01-05,TMPV,2026-01-27,350.00,CE,24.30,28.10,23.35,26.65,26.65,1801600,-15200,254,373.55
2026-01-05,TMPV,2026-01-27,380.00,CE,5.55,7.70,4.20,7.00,7.00,3566400,-83200,7312,373.55
2026-01-05,TMPV,2026-02-24,320.00,CE,0.00,0.00,0.00,46.35,56.85,0,0,0,373.55
2026-01-05,TMPV,2026-02-24,355.00,CE,0.00,0.00,0.00,24.05,27.90,0,0,0,373.55
2026-01-05,TMPV,2026-02-24,390.00,CE,9.70,11.40,9.70,10.95,10.95,66400,10400,54,373.55
2026-01-05,TMPV,2026-01-27,350.00,PE,2.50,2.50,1.90,2.05,2.05,3340800,114400,1919,373.55
2026-01-05,TMPV,2026-01-27,380.00,PE,13.70,14.20,11.45,12.20,12.20,841600,58400,867,373.55
2026-01-05,TMPV,2026-01-27,330.00,CE,43.80,46.05,43.10,46.05,44.95,100000,4000,13,373.55
2026-01-05,TMPV,2026-01-27,370.00,CE,10.85,12.90,9.45,11.85,11.85,3990400,-330400,8450,373.55
2026-01-05,TMPV,2026-01-27,345.00,CE,28.75,32.10,28.20,30.95,30.95,18400,11200,25,373.55
2026-01-05,TMPV,2026-03-30,440.00,PE,0.00,0.00,0.00,76.35,64.40,0,0,0,373.55
2026-01-05,TMPV,2026-03-30,380.00,PE,0.00,0.00,0.00,31.20,20.85,0,0,0,373.55
2026-01-05,TMPV,2026-02-24,420.00,PE,0.00,0.00,0.00,55.00,46.30,2400,0,0,373.55
2026-01-05,TMPV,2026-02-24,405.00,PE,0.00,0.00,0.00,45.60,34.05,0,0,0,373.55
2026-01-05,TMPV,2026-02-24,335.00,PE,0.00,0.00,0.00,7.00,2.35,0,0,0,373.55
2026-01-05,TMPV,2026-01-27,440.00,PE,66.00,66.10,66.00,66.10,65.10,225600,1600,2,373.55
2026-01-05,TMPV,2026-01-27,390.00,PE,21.70,21.70,18.15,19.10,19.10,358400,15200,124,373.55
2026-01-05,TMPV,2026-01-27,335.00,PE,0.90,0.90,0.70,0.75,0.75,225600,-13600,218,373.55
2026-01-05,TMPV,2026-01-27,300.00,PE,0.15,0.20,0.15,0.20,0.20,760000,-7200,95,373.55
2026-01-05,TMPV,2026-02-24,440.00,CE,2.05,2.40,2.00,2.15,1.20,117600,-5600,32,373.55
2026-01-05,TMPV,2026-02-24,365.00,CE,0.00,0.00,0.00,21.00,21.45,800,0,0,373.55
2026-01-05,TMPV,2026-02-24,330.00,CE,0.00,0.00,0.00,40.50,47.75,0,0,0,373.55
2026-01-05,TMPV,2026-01-27,340.00,PE,1.20,1.30,0.95,1.05,1.05,2160000,172000,2192,373.55
2026-01-05,TMPV,2026-02-24,350.00,PE,6.00,6.10,5.70,5.85,5.85,34400,34400,52,373.55
2026-01-05,TMPV,2026-02-24,370.00,PE,12.75,13.00,12.75,12.90,12.30,2400,1600,5,373.55
2026-01-05,TMPV,2026-02-24,390.00,PE,0.00,0.00,0.00,34.30,23.35,0,0,0,373.55
2026-01-05,TMPV,2026-03-30,340.00,PE,0.00,0.00,0.00,12.10,5.75,0,0,0,373.55
2026-01-05,TMPV,2026-03-30,300.00,CE,0.00,0.00,0.00,69.15,78.10,0,0,0,373.55
2026-01-05,TMPV,2026-03-30,360.00,CE,0.00,0.00,0.00,27.40,29.80,0,0,0,373.55
2026-01-05,TMPV,2026-02-24,385.00,CE,12.50,12.75,12.40,12.60,12.60,0,0,9,373.55
2026-01-05,TMPV,2026-02-24,360.00,CE,23.55,25.60,23.55,25.50,25.50,99200,-6400,40,373.55
2026-01-05,TMPV,2026-03-30,350.00,CE,0.00,0.00,0.00,32.80,36.30,0,0,0,373.55
2026-01-05,TMPV,2026-02-24,370.00,CE,18.00,20.10,18.00,18.95,18.65,21600,9600,30,373.55
2026-01-05,TMPV,2026-01-27,300.00,CE,72.60,74.55,72.45,74.55,74.55,122400,1600,7,373.55
2026-01-05,TMPV,2026-03-30,380.00,CE,19.00,19.00,18.50,18.50,18.50,1600,0,2,373.55
2026-01-05,TMPV,2026-03-30,420.00,CE,0.00,0.00,0.00,7.60,6.55,0,0,0,373.55
2026-01-05,TMPV,2026-02-24,375.00,CE,0.00,0.00,0.00,14.65,16.05,0,0,0,373.55
2026-01-05,TMPV,2026-01-27,500.00,PE,126.55,126.55,126.55,126.55,124.80,777600,-800,1,373.55
2026-01-05,TMPV,2026-01-27,320.00,PE,0.25,0.30,0.25,0.25,0.25,1463200,-86400,251,373.55
2026-01-05,TMPV,2026-02-24,365.00,PE,10.80,10.80,10.00,10.00,10.00,13600,800,5,373.55
2026-01-05,TMPV,2026-02-24,400.00,PE,32.00,32.00,30.00,30.15,30.15,44000,8800,16,373.55
2026-01-05,TMPV,2026-02-24,480.00,PE,104.00,104.25,104.00,104.25,103.00,5600,4000,5,373.55
2026-01-05,TMPV,2026-01-27,420.00,PE,48.00,48.00,44.35,45.45,45.45,176800,1600,14,373.55
2026-01-05,TMPV,2026-01-27,370.00,PE,8.40,8.55,6.55,7.15,7.15,2332800,-90400,4368,373.55
2026-01-05,TMPV,2026-01-27,310.00,PE,0.20,0.20,0.15,0.20,0.05,679200,-85600,192,373.55
2026-01-05,TMPV,2026-01-27,460.00,CE,0.15,0.15,0.10,0.15,0.05,673600,800,86,373.55
2026-01-05,TMPV,2026-01-27,395.00,CE,2.25,3.20,2.15,2.85,2.85,585600,108800,510,373.55
2026-01-05,TMPV,2026-02-24,330.00,PE,2.80,2.80,2.80,2.80,1.75,800,800,1,373.55
2026-01-05,TMPV,2026-01-27,430.00,PE,55.80,56.10,54.35,56.05,55.25,56800,-1600,5,373.55
2026-01-06,TMPV,2026-02-24,370.00,PE,15.00,17.55,14.20,14.45,14.45,7200,4800,18,368.90
2026-01-06,TMPV,2026-02-24,390.00,PE,0.00,0.00,0.00,34.30,26.20,0,0,0,368.90
2026-01-06,TMPV,2026-03-30,340.00,PE,0.00,0.00,0.00,12.10,6.60,0,0,0,368.90
2026-01-06,TMPV,2026-02-24,360.00,CE,19.45,22.50,18.60,22.05,22.05,113600,14400,56,368.90
2026-01-06,TMPV,2026-02-24,375.00,CE,0.00,0.00,0.00,14.65,13.50,0,0,0,368.90
2026-01-06,TMPV,2026-03-30,350.00,CE,0.00,0.00,0.00,32.80,32.80,0,0,0,368.90
2026-01-06,TMPV,2026-03-30,380.00,CE,15.00,16.00,15.00,16.00,16.00,2400,800,2,368.90
2026-01-06,TMPV,2026-03-30,420.00,CE,0.00,0.00,0.00,7.60,5.40,0,0,0,368.90
2026-01-06,TMPV,2026-01-27,320.00,PE,0.25,0.40,0.20,0.25,0.25,1436000,-27200,338,368.90
2026-01-06,TMPV,2026-01-27,500.00,PE,130.75,136.60,130.00,130.00,129.50,801600,24000,42,368.90
2026-01-06,TMPV,2026-01-27,300.00,CE,65.00,68.45,63.90,68.45,69.85,121600,-800,4,368.90
2026-01-06,TMPV,2026-02-24,370.00,CE,16.00,16.95,13.75,16.60,16.60,35200,13600,55,368.90
2026-01-06,TMPV,2026-01-27,340.00,CE,29.00,31.25,25.00,31.20,31.15,854400,-8800,124,368.90
2026-01-06,TMPV,2026-01-27,405.00,CE,1.50,1.50,0.65,0.90,0.90,344000,142400,1606,368.90
2026-01-06,TMPV,2026-02-24,405.00,CE,0.00,0.00,0.00,6.10,4.40,0,0,0,368.90
2026-01-06,TMPV,2026-03-30,340.00,CE,0.00,0.00,0.00,38.85,39.70,0,0,0,368.90
2026-01-06,TMPV,2026-01-27,325.00,PE,0.60,0.70,0.25,0.30,0.30,128800,66400,278,368.90
2026-01-06,TMPV,2026-01-27,460.00,PE,92.00,92.00,89.50,89.75,89.75,351200,14400,24,368.90
2026-01-06,TMPV,2026-02-24,320.00,PE,0.00,0.00,0.00,9.10,1.10,0,0,0,368.90
2026-01-06,TMPV,2026-02-24,355.00,PE,0.00,0.00,0.00,14.05,7.90,0,0,0,368.90
2026-01-06,TMPV,2026-02-24,345.00,PE,0.00,0.00,0.00,10.10,4.95,0,0,0,368.90
2026-01-06,TMPV,2026-02-24,340.00,PE,4.50,5.80,4.20,4.50,4.50,204000,22400,100,368.90
2026-01-06,TMPV,2026-02-24,360.00,PE,10.00,12.80,9.70,10.05,10.05,122400,32000,77,368.90
2026-01-06,TMPV,2026-02-24,385.00,PE,0.00,0.00,0.00,30.80,22.85,0,0,0,368.90
2026-01-06,TMPV,2026-02-24,395.00,PE,0.00,0.00,0.00,37.90,29.80,0,0,0,368.90
2026-01-06,TMPV,2026-02-24,440.00,PE,72.00,72.00,72.00,72.00,68.70,8800,3200,4,368.90
2026-01-06,TMPV,2026-03-30,400.00,PE,0.00,0.00,0.00,44.40,35.95,0,0,0,368.90
2026-01-06,TMPV,2026-01-27,360.00,CE,14.55,15.15,1.30,14.55,14.55,3337600,-41600,4100,368.90
2026-01-06,TMPV,2026-01-27,365.00,CE,7.25,11.95,7.15,11.25,11.25,519200,-44000,4395,368.90
2026-01-06,TMPV,2026-01-27,400.00,CE,1.70,2.00,0.85,1.25,1.25,6708800,-390400,12785,368.90
2026-01-06,TMPV,2026-01-27,440.00,CE,0.15,0.20,0.10,0.20,0.20,484800,-15200,72,368.90
2026-01-06,TMPV,2026-01-27,500.00,CE,0.05,0.10,0.05,0.10,0.05,119200,0,2,368.90
2026-01-06,TMPV,2026-01-27,520.00,CE,0.05,0.05,0.05,0.05,0.05,47200,800,3,368.90
2026-01-06,TMPV,2026-02-24,420.00,CE,3.20,3.65,2.95,3.50,3.50,582400,800,291,368.90
2026-01-06,TMPV,2026-01-27,360.00,PE,4.00,7.75,4.00,4.75,4.75,4085600,245600,10155,368.90
2026-01-06,TMPV,2026-01-27,430.00,PE,0.00,0.00,0.00,56.05,59.85,56800,0,0,368.90
2026-01-06,TMPV,2026-01-27,350.00,CE,19.60,22.85,16.75,22.10,22.10,1701600,-100000,1013,368.90
2026-01-06,TMPV,2026-01-27,330.00,CE,36.15,41.10,34.95,41.10,40.35,101600,1600,18,368.90
2026-01-06,TMPV,2026-02-24,320.00,CE,0.00,0.00,0.00,46.35,52.35,0,0,0,368.90
2026-01-06,TMPV,2026-01-27,380.00,PE,17.40,20.10,14.05,14.80,14.80,852800,11200,762,368.90
2026-01-06,TMPV,2026-01-27,350.00,PE,2.30,4.15,2.15,2.40,2.40,3252800,-88000,5277,368.90
2026-01-06,TMPV,2026-02-24,390.00,CE,7.00,8.80,7.00,8.60,8.60,77600,11200,42,368.90
2026-01-06,TMPV,2026-02-24,355.00,CE,0.00,0.00,0.00,24.05,24.40,0,0,0,368.90
2026-01-06,TMPV,2026-01-27,380.00,CE,5.55,5.80,2.65,4.60,4.60,3610400,44000,10883,368.90
2026-01-06,TMPV,2026-02-24,410.00,CE,5.15,5.70,4.30,5.70,5.70,6400,4800,9,368.90
2026-01-06,TMPV,2026-03-30,390.00,PE,0.00,0.00,0.00,37.50,29.15,0,0,0,368.90
2026-01-06,TMPV,2026-01-27,330.00,PE,0.60,1.00,0.45,0.45,0.45,2215200,353600,1993,368.90
2026-01-06,TMPV,2026-03-30,420.00,PE,0.00,0.00,0.00,59.65,51.30,0,0,0,368.90
2026-01-06,TMPV,2026-01-27,385.00,PE,19.55,24.25,17.80,18.55,18.55,141600,5600,86,368.90
2026-01-06,TMPV,2026-03-30,320.00,CE,0.00,0.00,0.00,52.90,55.60,0,0,0,368.90
2026-01-06,TMPV,2026-01-27,410.00,CE,0.80,1.05,0.50,0.65,0.65,2613600,66400,4062,368.90
2026-01-06,TMPV,2026-02-24,420.00,PE,53.40,53.40,53.40,53.40,50.25,3200,800,1,368.90
2026-01-06,TMPV,2026-02-24,405.00,PE,0.00,0.00,0.00,45.60,37.50,0,0,0,368.90
2026-01-06,TMPV,2026-02-24,335.00,PE,0.00,0.00,0.00,7.00,2.90,0,0,0,368.90
2026-01-06,TMPV,2026-01-27,440.00,PE,72.00,72.00,69.50,69.50,69.75,225600,0,2,368.90
2026-01-06,TMPV,2026-01-27,390.00,PE,24.40,28.60,21.75,22.70,22.70,349600,-8800,89,368.90
2026-01-06,TMPV,2026-01-27,300.00,PE,0.20,0.20,0.15,0.20,0.05,754400,-5600,190,368.90
2026-01-06,TMPV,2026-01-27,335.00,PE,1.05,1.45,0.65,0.75,0.75,297600,72000,1189,368.90
2026-01-06,TMPV,2026-03-30,380.00,PE,0.00,0.00,0.00,31.20,23.10,0,0,0,368.90
2026-01-06,TMPV,2026-01-27,370.00,CE,10.15,10.95,3.85,8.50,8.50,4015200,24800,15241,368.90
2026-01-06,TMPV,2026-02-24,330.00,CE,42.50,42.50,42.50,42.50,43.50,1600,1600,2,368.90
2026-01-06,TMPV,2026-02-24,365.00,CE,20.50,20.50,20.50,20.50,18.40,1600,800,1,368.90
2026-01-06,TMPV,2026-02-24,440.00,CE,1.50,2.00,1.50,1.75,1.75,118400,800,62,368.90
2026-01-06,TMPV,2026-03-30,440.00,PE,0.00,0.00,0.00,76.35,68.45,0,0,0,368.90
2026-01-06,TMPV,2026-01-27,345.00,CE,22.75,26.95,20.70,26.70,26.80,48800,30400,56,368.90
2026-01-06,TMPV,2026-03-30,440.00,CE,0.00,0.00,0.00,4.60,2.80,0,0,0,368.90
2026-01-06,TMPV,2026-01-27,480.00,CE,0.10,0.10,0.10,0.10,0.05,34400,-800,2,368.90
2026-01-06,TMPV,2026-01-27,430.00,CE,0.20,0.30,0.15,0.25,0.25,731200,-12000,262,368.90
2026-01-06,TMPV,2026-01-27,375.00,CE,8.15,8.95,0.10,6.25,6.25,2006400,713600,7024,368.90
2026-01-06,TMPV,2026-01-27,310.00,CE,57.20,58.40,53.85,58.40,59.90,22400,1600,6,368.90
2026-01-06,TMPV,2026-03-30,320.00,PE,0.00,0.00,0.00,6.40,2.75,0,0,0,368.90
2026-01-06,TMPV,2026-02-24,375.00,PE,0.00,0.00,0.00,15.20,16.85,1600,0,0,368.90
2026-01-06,TMPV,2026-02-24,385.00,CE,0.00,0.00,0.00,12.60,9.60,0,0,0,368.90
2026-01-06,TMPV,2026-03-30,300.00,CE,0.00,0.00,0.00,69.15,73.55,0,0,0,368.90
2026-01-06,TMPV,2026-03-30,360.00,CE,0.00,0.00,0.00,27.40,26.65,0,0,0,368.90
2026-01-06,TMPV,2026-01-27,340.00,PE,2.00,2.15,0.95,1.10,1.10,2344000,184000,4459,368.90
2026-01-06,TMPV,2026-02-24,350.00,PE,6.30,8.85,6.30,6.80,6.80,57600,23200,55,368.90
2026-01-06,TMPV,2026-01-27,420.00,PE,50.90,51.50,50.20,50.50,50.50,176800,0,4,368.90
2026-01-06,TMPV,2026-01-27,395.00,CE,2.00,2.00,1.05,1.65,1.65,564000,-21600,1676,368.90
2026-01-06,TMPV,2026-01-27,460.00,CE,0.10,0.15,0.10,0.15,0.05,664800,-8800,35,368.90
2026-01-06,TMPV,2026-01-27,310.00,PE,0.15,0.20,0.15,0.20,0.20,659200,-20000,84,368.90
2026-01-06,TMPV,2026-01-27,370.00,PE,8.75,13.70,7.60,8.70,8.70,2237600,-95200,5522,368.90
2026-01-06,TMPV,2026-02-24,480.00,PE,109.50,109.50,107.00,107.00,107.00,13600,8000,10,368.90
2026-01-06,TMPV,2026-02-24,365.00,PE,0.00,0.00,0.00,10.00,11.85,13600,0,0,368.90
2026-01-06,TMPV,2026-02-24,400.00,PE,35.10,36.00,33.50,33.50,33.50,50400,6400,8,368.90
2026-01-06,TMPV,2026-02-24,330.00,PE,3.50,3.50,2.00,2.90,2.90,14400,13600,24,368.90
2026-01-06,TMPV,2026-02-24,380.00,PE,23.10,24.05,20.00,20.00,20.00,180000,10400,70,368.90
2026-01-06,TMPV,2026-02-24,300.00,PE,1.10,1.10,0.75,0.75,0.20,40000,12800,26,368.90
2026-01-06,TMPV,2026-01-27,390.00,CE,3.70,3.70,1.50,2.40,2.40,2692000,220000,7483,368.90
2026-01-06,TMPV,2026-02-24,350.00,CE,0.00,0.00,0.00,26.95,27.75,0,0,0,368.90
2026-01-06,TMPV,2026-01-27,365.00,PE,7.85,10.70,6.05,6.55,6.55,1000800,187200,6882,368.90
2026-01-06,TMPV,2026-01-27,400.00,PE,31.00,37.20,30.50,31.15,31.15,906400,-34400,234,368.90
2026-01-06,TMPV,2026-03-30,350.00,PE,9.65,9.65,5.80,9.00,9.55,800,0,3,368.90
2026-01-06,TMPV,2026-01-27,385.00,CE,5.00,5.00,1.85,3.35,3.35,548000,-24000,3300,368.90
2026-01-06,TMPV,2026-02-24,380.00,CE,11.70,12.70,10.00,12.35,12.35,308000,12000,146,368.90
2026-01-06,TMPV,2026-02-24,400.00,CE,5.75,6.80,5.15,6.55,6.55,407200,23200,307,368.90
2026-01-06,TMPV,2026-01-27,375.00,PE,10.80,16.55,10.80,11.50,11.50,578400,-45600,1396,368.90
2026-01-06,TMPV,2026-01-27,405.00,PE,0.00,0.00,0.00,43.55,35.90,0,0,0,368.90
2026-01-06,TMPV,2026-03-30,300.00,PE,0.00,0.00,0.00,2.95,0.90,0,0,0,368.90
2026-01-06,TMPV,2026-03-30,360.00,PE,0.00,0.00,0.00,20.35,13.25,0,0,0,368.90
2026-01-06,TMPV,2026-03-30,370.00,PE,0.00,0.00,0.00,25.45,17.75,0,0,0,368.90
2026-01-06,TMPV,2026-02-24,345.00,CE,0.00,0.00,0.00,30.05,31.40,0,0,0,368.90
2026-01-06,TMPV,2026-01-27,320.00,CE,47.50,48.65,45.20,48.65,50.05,218400,0,7,368.90
2026-01-06,TMPV,2026-01-27,410.00,PE,46.60,46.60,40.00,40.25,40.50,169600,-2400,11,368.90
2026-01-06,TMPV,2026-02-24,410.00,PE,0.00,0.00,0.00,49.65,41.65,0,0,0,368.90
2026-01-06,TMPV,2026-01-27,335.00,CE,0.00,0.00,0.00,37.55,35.65,4800,0,0,368.90
2026-01-06,TMPV,2026-01-27,355.00,CE,22.00,22.00,13.20,18.15,18.15,209600,63200,318,368.90
2026-01-06,TMPV,2026-01-27,420.00,CE,0.40,0.40,0.25,0.40,0.40,2816800,-137600,1880,368.90
2026-01-06,TMPV,2026-02-24,335.00,CE,0.00,0.00,0.00,36.85,39.25,0,0,0,368.90
2026-01-06,TMPV,2026-02-24,340.00,CE,35.00,37.00,31.00,37.00,35.20,42400,16800,45,368.90
2026-01-06,TMPV,2026-02-24,395.00,CE,0.00,0.00,0.00,8.30,6.60,0,0,0,368.90
2026-01-06,TMPV,2026-03-30,370.00,CE,20.00,20.00,20.00,20.00,21.25,800,800,1,368.90
2026-01-06,TMPV,2026-03-30,390.00,CE,0.00,0.00,0.00,17.05,12.90,8800,0,0,368.90
2026-01-06,TMPV,2026-03-30,400.00,CE,9.20,9.20,9.20,9.20,9.80,800,800,1,368.90
2026-01-06,TMPV,2026-01-27,280.00,PE,0.05,0.05,0.05,0.05,0.05,12000,0,13,368.90
2026-01-06,TMPV,2026-01-27,345.00,PE,2.85,2.95,1.45,1.65,1.65,370400,58400,1063,368.90
2026-01-06,TMPV,2026-01-27,355.00,PE,3.30,5.70,3.10,3.35,3.35,536000,114400,2992,368.90
2026-01-06,TMPV,2026-01-27,395.00,PE,31.90,32.15,28.60,28.60,27.10,134400,-800,7,368.90
