date,open,high,low,close,volume
2019-07-23,1280.080810546875,1311.8104248046875,1236.3673095703125,1248.2603759765625,260200
2019-07-24,1253.8436279296875,1263.194580078125,1226.51708984375,1236.4581298828125,68906
2019-07-25,1252.844970703125,1283.6214599609375,1240.2257080078125,1273.544189453125,491229
2019-07-26,1280.080810546875,1296.4222412109375,1243.766357421875,1254.7060546875,102877
2019-07-29,1261.923583984375,1289.1593017578125,1243.766357421875,1266.0543212890625,164411
2019-07-30,1269.1864013671875,1275.2691650390625,1228.2874755859375,1233.1444091796875,320587
2019-07-31,1235.595703125,1247.3978271484375,1214.6241455078125,1237.502197265625,58743
2019-08-01,1233.780029296875,1263.6939697265625,1218.7548828125,1228.0150146484375,56036
2019-08-02,1230.6024169921875,1261.923583984375,1216.5306396484375,1241.7691650390625,50578
2019-08-05,1224.9737548828125,1261.923583984375,1207.6336669921875,1252.0279541015625,63900
2019-08-06,1248.3056640625,1271.002197265625,1247.4432373046875,1256.9757080078125,26854
2019-08-07,1260.743408203125,1269.2772216796875,1240.089599609375,1262.4228515625,58978
2019-08-08,1266.0997314453125,1298.101806640625,1243.766357421875,1266.41748046875,72135
2019-08-09,1284.2569580078125,1291.610595703125,1261.923583984375,1268.0062255859375,35155
2019-08-13,1263.5577392578125,1277.357177734375,1245.5821533203125,1252.0279541015625,60991
2019-08-14,1253.1173095703125,1264.647216796875,1190.65673828125,1224.656005859375,84588
2019-08-16,1224.610595703125,1242.3592529296875,1216.1220703125,1233.552978515625,48801
2019-08-19,1240.135009765625,1254.6607666015625,1226.51708984375,1244.038818359375,48128
2019-08-20,1249.213623046875,1252.5272216796875,1236.5035400390625,1239.1817626953125,40192
2019-08-21,1239.1817626953125,1246.489990234375,1227.4249267578125,1234.0977783203125,47032
2019-08-22,1236.094970703125,1238.3192138671875,1216.5306396484375,1225.10986328125,53912
2019-08-23,1217.66552734375,1228.2874755859375,1206.09033203125,1216.34912109375,61859
2019-08-26,1234.869384765625,1296.4222412109375,1209.76708984375,1272.091552734375,58490
2019-08-27,1276.040771484375,1286.299560546875,1245.5821533203125,1251.483154296875,50102
2019-08-28,1248.44189453125,1261.968994140625,1227.5157470703125,1235.9588623046875,201330
2019-08-29,1238.3192138671875,1238.3192138671875,1203.0035400390625,1209.5401611328125,148029
2019-08-30,1212.899169921875,1229.24072265625,1204.77392578125,1215.1234130859375,28457
2019-09-03,1214.7149658203125,1221.0699462890625,1197.3294677734375,1207.22509765625,31173
2019-09-04,1208.677734375,1216.5306396484375,1193.879638671875,1198.0103759765625,53962
2019-09-05,1206.9073486328125,1210.1756591796875,1192.0184326171875,1194.878173828125,23432
2019-09-06,1198.19189453125,1215.622802734375,1189.6126708984375,1197.738037109375,31140
2019-09-09,1197.1932373046875,1213.80712890625,1189.294921875,1205.5001220703125,34565
2019-09-11,1207.4520263671875,1221.977783203125,1198.37353515625,1205.99951171875,38834
2019-09-12,1212.4453125,1221.977783203125,1203.0489501953125,1211.2197265625,25701
2019-09-13,1216.848388671875,1239.2271728515625,1203.1851806640625,1223.8388671875,57731
2019-09-16,1232.7359619140625,1243.6756591796875,1208.3599853515625,1220.752197265625,126526
2019-09-17,1226.0631103515625,1231.9188232421875,1208.4052734375,1213.126220703125,31702
2019-09-18,1210.2664794921875,1216.0767822265625,1202.0048828125,1203.7298583984375,29287
2019-09-19,1207.4520263671875,1210.6295166015625,1196.5123291015625,1203.3212890625,21440
2019-09-20,1206.1810302734375,1393.7900390625,1195.6044921875,1279.263671875,339606
2019-09-23,1289.1593017578125,1453.4818115234375,1289.1593017578125,1410.1314697265625,789590
2019-09-24,1425.338134765625,1435.3245849609375,1402.6417236328125,1428.3795166015625,151947
2019-09-25,1426.2459716796875,1429.87744140625,1370.8665771484375,1397.7392578125,91106
2019-09-26,1398.6016845703125,1437.9573974609375,1275.54150390625,1325.3829345703125,613384
2019-09-27,1334.55224609375,1407.1356201171875,1334.55224609375,1402.95947265625,301724
2019-09-30,1393.5177001953125,1393.5177001953125,1366.327392578125,1375.7236328125,171868
2019-10-01,1389.0238037109375,1411.72021484375,1313.7169189453125,1348.6241455078125,149768
2019-10-03,1344.0394287109375,1349.0780029296875,1316.48583984375,1326.4722900390625,200548
2019-10-04,1334.779296875,1364.37548828125,1323.657958984375,1329.1505126953125,53695
2019-10-07,1325.564453125,1348.124755859375,1309.1322021484375,1330.69384765625,31044
2019-10-09,1339.000732421875,1370.3218994140625,1330.4669189453125,1349.0780029296875,103172
2019-10-10,1348.170166015625,1356.2047119140625,1320.2989501953125,1329.513671875,34796
2019-10-11,1339.046142578125,1367.1898193359375,1334.779296875,1346.4906005859375,104808
2019-10-14,1344.5386962890625,1365.7825927734375,1331.8287353515625,1342.1783447265625,138056
2019-10-15,1343.5400390625,1379.9451904296875,1330.6031494140625,1358.7921142578125,54563
2019-10-16,1373.5902099609375,1393.109130859375,1364.6478271484375,1379.4913330078125,110260
2019-10-17,1381.579345703125,1393.5631103515625,1368.14306640625,1379.3096923828125,55887
2019-10-18,1385.1199951171875,1423.47705078125,1379.3096923828125,1412.9005126953125,211825
2019-10-22,1413.5360107421875,1434.416748046875,1380.85302734375,1397.3760986328125,124405
2019-10-23,1398.1024169921875,1424.2940673828125,1389.0238037109375,1394.9703369140625,34697
2019-10-24,1397.194580078125,1406.136962890625,1367.2806396484375,1374.4072265625,65081
2019-10-25,1379.9451904296875,1387.34423828125,1345.08349609375,1357.4757080078125,30088
2019-10-27,1369.958740234375,1383.9398193359375,1362.6959228515625,1375.95068359375,6810
2019-10-29,1376.0867919921875,1379.8997802734375,1328.197265625,1334.2344970703125,120860
2019-10-30,1346.1728515625,1346.1728515625,1308.814453125,1314.715576171875,132618
2019-10-31,1326.290771484375,1359.9722900390625,1315.1695556640625,1324.20263671875,312278
2019-11-01,1324.20263671875,1343.630859375,1317.89306640625,1324.4296875,82118
2019-11-04,1332.4642333984375,1342.1783447265625,1318.8463134765625,1322.477783203125,39270
2019-11-05,1322.97705078125,1338.1837158203125,1312.3551025390625,1314.8970947265625,44741
2019-11-06,1312.3551025390625,1333.5535888671875,1298.2379150390625,1327.0625,61128
2019-11-07,1330.012939453125,1355.4329833984375,1322.7955322265625,1346.12744140625,58865
2019-11-08,1338.6376953125,1343.5400390625,1308.814453125,1327.9249267578125,80822
2019-11-11,1325.4737548828125,1333.6444091796875,1312.4913330078125,1323.06787109375,48351
2019-11-13,1323.06787109375,1396.28662109375,1287.706787109375,1359.654541015625,393686
2019-11-14,1357.248779296875,1357.248779296875,1330.012939453125,1333.5535888671875,217995
2019-11-15,1336.2772216796875,1341.5428466796875,1321.206787109375,1331.2386474609375,57855
2019-11-18,1331.2386474609375,1338.1837158203125,1311.8558349609375,1321.5245361328125,37153
2019-11-19,1317.5753173828125,1343.630859375,1317.5753173828125,1338.6829833984375,48125
2019-11-20,1335.9140625,1339.091552734375,1306.6356201171875,1316.077392578125,702601
2019-11-21,1316.3951416015625,1324.0211181640625,1303.68505859375,1306.5902099609375,36146
2019-11-22,1307.2711181640625,1307.2711181640625,1274.6336669921875,1280.1260986328125,42342
2019-11-25,1275.6322021484375,1293.60791015625,1273.7257080078125,1277.8111572265625,52675
2019-11-26,1280.080810546875,1300.9615478515625,1276.5401611328125,1284.2569580078125,72123
2019-11-27,1290.4302978515625,1310.0400390625,1282.8497314453125,1306.2724609375,50905
2019-11-28,1298.3287353515625,1322.7501220703125,1298.3287353515625,1313.6715087890625,34827
2019-11-29,1318.2108154296875,1343.630859375,1308.4967041015625,1314.3978271484375,64771
2019-12-02,1311.8558349609375,1356.3409423828125,1309.9947509765625,1343.086181640625,87071
2019-12-03,1341.815185546875,1342.6322021484375,1321.115966796875,1326.1092529296875,90214
2019-12-04,1330.830078125,1339.091552734375,1313.94384765625,1316.122802734375,61052
2019-12-05,1321.7060546875,1321.7060546875,1303.68505859375,1307.4527587890625,165078
2019-12-06,1307.3165283203125,1315.0333251953125,1290.112548828125,1309.677001953125,97503
2019-12-09,1305.5008544921875,1330.012939453125,1303.77587890625,1316.53125,40473
2019-12-10,1318.2108154296875,1329.9222412109375,1311.9012451171875,1316.75830078125,83975
2019-12-11,1316.8489990234375,1334.3707275390625,1307.3165283203125,1324.47509765625,85909
2019-12-12,1324.47509765625,1354.525146484375,1312.173583984375,1347.7161865234375,92182
2019-12-13,1354.9791259765625,1382.6688232421875,1335.187744140625,1350.212890625,102917
2019-12-16,1352.70947265625,1377.2216796875,1335.4600830078125,1343.9940185546875,137410
2019-12-17,1345.537353515625,1357.248779296875,1332.10107421875,1338.546875,48808
2019-12-18,1332.3280029296875,1339.000732421875,1309.3592529296875,1317.7115478515625,133234
2019-12-19,1313.7169189453125,1347.2623291015625,1313.7169189453125,1339.9993896484375,99303
2019-12-20,1324.0,1324.0,1257.800048828125,1262.0,81105
2019-12-23,1264.0,1279.0,1228.300048828125,1261.300048828125,49583
2019-12-24,1264.949951171875,1270.0,1232.0999755859375,1260.1500244140625,18108
2019-12-26,1260.1500244140625,1280.0,1200.0,1272.1500244140625,21839
2019-12-27,1272.1500244140625,1280.0,1252.0,1278.0999755859375,19077
2019-12-30,1284.5,1301.6500244140625,1265.0,1295.449951171875,29393
2019-12-31,1275.0,1297.0999755859375,1275.0,1285.25,46306
2020-01-01,1296.949951171875,1296.949951171875,1275.0,1290.0,6827
2020-01-02,1277.0,1300.0,1276.5,1294.199951171875,7048
2020-01-03,1295.0,1329.699951171875,1285.0,1322.25,32674
2020-01-06,1321.949951171875,1340.0,1275.0,1287.0,31293
2020-01-07,1298.0,1315.0,1289.0,1306.75,27246
2020-01-08,1300.0,1318.0,1285.050048828125,1310.699951171875,16798
2020-01-09,1319.0,1339.0,1285.0,1322.0999755859375,49113
2020-01-10,1337.4000244140625,1405.800048828125,1331.5,1372.4000244140625,147240
2020-01-13,1379.4000244140625,1411.0,1370.0999755859375,1376.8499755859375,37463
2020-01-14,1372.0,1411.0,1362.0,1369.199951171875,96552
2020-01-15,1373.800048828125,1373.800048828125,1315.0,1327.050048828125,89843
2020-01-16,1332.0,1345.0,1295.0999755859375,1306.3499755859375,68577
2020-01-17,1307.1500244140625,1314.75,1292.050048828125,1302.75,35098
2020-01-20,1303.0,1316.0,1280.0,1290.5999755859375,38416
2020-01-21,1290.0,1319.449951171875,1286.0,1310.1500244140625,37591
2020-01-22,1315.0,1315.3499755859375,1295.0,1303.300048828125,14625
2020-01-23,1309.0,1320.0,1302.0,1316.4000244140625,13495
2020-01-24,1318.0,1364.8499755859375,1301.449951171875,1329.050048828125,198401
2020-01-27,1312.0,1360.0,1312.0,1339.5999755859375,45579
2020-01-28,1340.8499755859375,1352.0,1324.0,1329.75,18818
2020-01-29,1331.0,1355.1500244140625,1331.0,1342.25,17111
2020-01-30,1323.0,1346.8499755859375,1323.0,1331.75,22645
2020-01-31,1349.0,1349.0,1295.0,1310.699951171875,16129
2020-02-03,1282.0,1315.0,1282.0,1292.300048828125,20304
2020-02-04,1301.0,1324.0,1293.800048828125,1311.300048828125,21892
2020-02-05,1318.0,1348.0,1313.949951171875,1338.5,38870
2020-02-06,1339.699951171875,1360.949951171875,1324.300048828125,1339.449951171875,25507
2020-02-07,1333.0,1340.0,1316.0,1328.949951171875,35789
2020-02-10,1332.0,1379.0,1317.0,1341.949951171875,186488
2020-02-11,1349.0,1365.0,1322.0,1334.199951171875,45537
2020-02-12,1339.800048828125,1344.0,1255.199951171875,1274.449951171875,290668
2020-02-13,1273.0,1278.1500244140625,1226.1500244140625,1268.6500244140625,208984
2020-02-14,1268.8499755859375,1280.0,1229.3499755859375,1233.0999755859375,56198
2020-02-17,1254.0,1254.0,1213.0,1223.5,85129
2020-02-18,1220.5,1227.0,1200.699951171875,1205.0999755859375,41542
2020-02-19,1210.0,1229.0,1202.0,1209.75,40075
2020-02-20,1213.9000244140625,1246.9000244140625,1213.3499755859375,1230.9000244140625,48608
2020-02-24,1225.0,1225.0,1190.0,1191.949951171875,44916
2020-02-25,1192.0,1217.9000244140625,1192.0,1200.199951171875,24401
2020-02-26,1195.0,1212.3499755859375,1190.0,1201.4000244140625,25367
2020-02-27,1198.0,1203.0,1189.0,1198.5999755859375,40112
2020-02-28,1188.0,1195.0,1175.0,1185.0,39171
2020-03-02,1185.0,1198.9000244140625,1182.050048828125,1190.199951171875,99510
2020-03-03,1199.0,1204.8499755859375,1154.0,1161.0,45482
2020-03-04,1168.949951171875,1178.6500244140625,1150.0,1157.1500244140625,41444
2020-03-05,1167.800048828125,1185.0,1160.0,1180.550048828125,27103
2020-03-06,1168.0,1221.0,1155.0,1191.9000244140625,36939
2020-03-09,1180.0,1192.75,1096.699951171875,1129.8499755859375,81699
2020-03-11,1130.0,1143.0,1096.5,1109.449951171875,55300
2020-03-12,1087.949951171875,1087.949951171875,1000.0,1038.5999755859375,57759
2020-03-13,1008.7000122070312,1029.949951171875,830.9000244140625,1006.7999877929688,113239
2020-03-16,1000.0,1018.4500122070312,947.0,963.8499755859375,492095
2020-03-17,980.0,980.0,920.0,948.7999877929688,48671
2020-03-18,974.0,974.0,899.2999877929688,905.0999755859375,32581
2020-03-19,880.0,925.0,835.0,895.9000244140625,280603
2020-03-20,898.5,969.9500122070312,851.0499877929688,949.5499877929688,42124
2020-03-23,825.0,999.0,805.0,863.0499877929688,58987
2020-03-24,900.0,900.0,821.2000122070312,830.1500244140625,34599
2020-03-25,801.0,850.0,801.0,834.5499877929688,58627
2020-03-26,835.7000122070312,870.2000122070312,829.5499877929688,861.2999877929688,29477
2020-03-27,915.1500244140625,915.1500244140625,835.0,852.5,34666
2020-03-30,839.5499877929688,889.0,826.0,881.4000244140625,30325
2020-03-31,910.0,949.0,866.75,935.4000244140625,141102
2020-04-01,935.4000244140625,949.0,904.9000244140625,929.6500244140625,14021
2020-04-03,914.2999877929688,949.0,893.0,934.1500244140625,40418
2020-04-07,969.9000244140625,1050.0,911.0,931.3499755859375,162721
2020-04-08,935.0,965.0,910.0,930.7000122070312,87733
2020-04-09,943.0,948.0,916.3499755859375,926.8499755859375,75668
2020-04-13,930.0,934.0,897.5,907.2000122070312,62956
2020-04-15,915.0,934.4000244140625,901.0,915.8499755859375,32470
2020-04-16,914.7999877929688,928.0499877929688,898.9500122070312,900.1500244140625,140790
2020-04-17,918.4000244140625,933.0,913.7999877929688,924.9000244140625,40359
2020-04-20,936.2999877929688,972.75,900.3499755859375,906.75,165835
2020-04-21,900.0,929.0,887.5499877929688,894.5,99664
2020-04-22,900.8499755859375,921.7999877929688,887.0499877929688,908.0499877929688,158811
2020-04-23,905.0,921.9500122070312,896.2000122070312,901.7999877929688,86092
2020-04-24,901.7999877929688,906.5499877929688,890.0,893.4500122070312,62319
2020-04-27,900.0,907.0,880.0499877929688,883.3499755859375,47484
2020-04-28,892.5,906.4500122070312,868.0,873.4000244140625,138274
2020-04-29,881.0,891.75,875.0,880.1500244140625,60887
2020-04-30,900.0,913.1500244140625,890.0999755859375,900.5499877929688,145626
2020-05-04,895.0,895.0,870.0,879.5,47410
2020-05-05,893.7999877929688,896.0499877929688,870.0499877929688,873.2000122070312,24424
2020-05-06,871.0,887.9500122070312,866.0499877929688,869.5499877929688,45865
2020-05-07,864.5,872.0,856.0,858.5,30256
2020-05-08,863.9500122070312,868.4500122070312,841.0,846.5999755859375,35925
2020-05-11,849.5999755859375,872.0,846.5499877929688,866.9000244140625,83316
2020-05-12,860.0,860.3499755859375,850.0,852.0,18231
2020-05-13,868.75,876.7999877929688,852.0,855.6500244140625,62936
2020-05-14,840.0499877929688,864.0,833.0,836.0999755859375,90247
2020-05-15,840.0,846.0,821.0,822.7000122070312,62438
2020-05-18,822.7000122070312,828.2999877929688,797.0499877929688,799.7999877929688,90489
2020-05-19,818.9500122070312,818.9500122070312,780.0,784.5,131999
2020-05-20,788.9000244140625,788.9000244140625,773.0,774.3499755859375,64779
2020-05-21,774.0,800.0,745.6500244140625,749.75,191499
2020-05-22,750.0,758.8499755859375,729.0,730.0999755859375,126820
2020-05-26,737.2999877929688,749.0,723.2999877929688,725.9500122070312,524000
2020-05-27,735.0,741.0,722.0,736.6500244140625,109664
2020-05-28,741.9500122070312,772.0,737.25,739.8499755859375,268491
2020-05-29,741.0,753.9000244140625,739.0,744.25,214975
2020-06-01,757.0,834.0,754.4000244140625,821.4000244140625,541641
2020-06-02,828.4000244140625,844.5,817.2999877929688,824.9000244140625,321593
2020-06-03,830.0,843.9000244140625,825.0,835.8499755859375,245789
2020-06-04,836.0,842.5,829.0,835.0,317234
2020-06-05,840.0,889.9000244140625,838.0499877929688,877.5,357750
2020-06-08,900.1500244140625,913.9500122070312,870.0,878.4500122070312,256663
2020-06-09,886.0,886.7999877929688,833.0,852.7999877929688,232007
2020-06-10,838.0,847.0,825.0,830.3499755859375,101410
2020-06-11,834.0,839.9500122070312,808.0,810.0499877929688,123269
2020-06-12,786.0,815.0,780.0,807.4000244140625,116248
2020-06-15,813.4000244140625,822.5499877929688,801.9500122070312,806.0999755859375,66773
2020-06-16,819.9500122070312,824.0,789.6500244140625,794.9500122070312,107848
2020-06-17,798.4000244140625,801.0,781.0,784.6500244140625,139361
2020-06-18,787.8499755859375,800.0,784.5499877929688,787.5,107016
2020-06-19,789.5,830.0,788.0,813.0,1355729
2020-06-22,825.0,839.7999877929688,822.0499877929688,832.2999877929688,175107
2020-06-23,838.0,859.9000244140625,832.1500244140625,854.8499755859375,226465
2020-06-24,861.0,888.5,855.25,867.8499755859375,569892
2020-06-25,871.0,896.0,871.0,880.5,455476
2020-06-26,895.25,927.0,891.25,914.3499755859375,603457
2020-06-29,920.0,929.0,885.5999755859375,922.3499755859375,224329
2020-06-30,927.0,948.75,903.0999755859375,941.1500244140625,259932
2020-07-01,939.0499877929688,964.0,919.0499877929688,954.2999877929688,174484
2020-07-02,966.0,979.0,955.0999755859375,963.4000244140625,161432
2020-07-03,965.0,988.0,940.0,979.5,320566
2020-07-06,982.0,1017.0,976.2000122070312,983.4000244140625,398732
2020-07-07,987.5,988.9500122070312,957.25,961.4000244140625,298448
2020-07-08,968.0,971.5,942.0,944.6500244140625,194584
2020-07-09,947.0,955.0,926.0499877929688,928.5,124766
2020-07-10,930.0,936.75,914.9000244140625,916.9500122070312,109164
2020-07-13,922.0,925.3499755859375,910.0,914.9000244140625,76563
2020-07-14,913.0,915.0,901.0499877929688,908.1500244140625,53845
2020-07-15,916.0,933.0,900.9000244140625,905.7999877929688,137247
2020-07-16,909.9000244140625,919.0,894.0,905.8499755859375,144234
2020-07-17,914.0,923.25,907.0,912.1500244140625,101310
2020-07-20,913.5,932.7000122070312,894.0,898.9500122070312,286602
2020-07-21,903.0,913.9500122070312,901.1500244140625,906.8499755859375,126509
2020-07-22,910.0,930.0,902.0,925.6500244140625,145317
2020-07-23,930.0,945.0,925.0,934.7999877929688,161417
2020-07-24,910.0,919.0,895.0,912.5999755859375,242174
2020-07-27,912.0999755859375,912.0999755859375,890.0,893.5499877929688,106000
2020-07-28,898.5,899.4000244140625,891.0,894.5,52148
2020-07-29,897.0,902.0,875.0,880.9500122070312,118544
2020-07-30,873.7999877929688,892.9500122070312,862.5999755859375,865.1500244140625,108002
2020-07-31,870.5,897.4000244140625,865.5,894.9500122070312,151889
2020-08-03,900.0999755859375,919.4000244140625,869.4500122070312,881.5999755859375,119427
2020-08-04,882.5999755859375,909.7000122070312,881.5999755859375,905.2999877929688,294577
2020-08-05,910.0,922.0,896.0,900.0999755859375,92645
2020-08-06,904.0,904.0,886.1500244140625,889.4000244140625,62322
2020-08-07,889.4000244140625,904.3499755859375,879.4000244140625,881.7999877929688,95492
2020-08-10,886.6500244140625,899.0,874.5999755859375,892.0,199347
2020-08-11,896.8499755859375,917.5999755859375,892.0,903.4000244140625,165785
2020-08-12,903.4500122070312,924.7999877929688,903.4500122070312,908.1500244140625,192428
2020-08-13,909.5,939.25,908.5499877929688,932.4000244140625,220323
2020-08-14,945.0,959.0,933.5499877929688,949.4000244140625,370796
2020-08-17,954.0,960.0,923.0,929.7999877929688,129296
2020-08-18,935.0,939.5,930.0499877929688,933.0999755859375,44972
2020-08-19,933.9000244140625,965.5499877929688,933.9000244140625,961.8499755859375,188952
2020-08-20,959.0,974.2000122070312,949.5,968.7999877929688,120059
2020-08-21,977.0,998.0,975.0,982.8499755859375,306358
2020-08-24,986.0,996.5,966.25,971.25,92187
2020-08-25,972.0,988.0999755859375,963.4500122070312,969.25,202487
2020-08-26,973.0,979.0,950.0,959.25,450210
2020-08-27,964.0,985.0,961.9000244140625,970.9000244140625,515635
2020-08-28,972.0,994.7000122070312,972.0,985.5999755859375,248761
2020-08-31,993.0,1009.0,941.4500122070312,950.75,297074
2020-09-01,952.2000122070312,961.1500244140625,936.2999877929688,945.5999755859375,82705
2020-09-02,952.3499755859375,985.0,951.0,974.75,106158
2020-09-03,979.9000244140625,990.7999877929688,971.75,981.3499755859375,56835
2020-09-04,960.25,968.9000244140625,945.0499877929688,947.5999755859375,142690
2020-09-07,955.8499755859375,957.3499755859375,920.5999755859375,925.0499877929688,712824
2020-09-08,928.7000122070312,943.7000122070312,900.0,901.1500244140625,183578
2020-09-09,899.0,914.5,894.7000122070312,901.7999877929688,366227
2020-09-10,907.0,912.0,895.9500122070312,899.25,230526
2020-09-11,903.0,903.0,893.5499877929688,898.4000244140625,172447
2020-09-14,902.7000122070312,913.0,902.0,907.5499877929688,357441
2020-09-15,913.7000122070312,923.0,912.0,915.0,142131
2020-09-16,919.2000122070312,920.9500122070312,906.4500122070312,908.5499877929688,70043
2020-09-17,907.6500244140625,922.5,902.0,916.2999877929688,155361
2020-09-18,922.9000244140625,924.7999877929688,898.4500122070312,900.7999877929688,79802
2020-09-21,904.0,905.9000244140625,896.2999877929688,898.75,98225
2020-09-22,892.0,900.25,866.0,892.9500122070312,69644
2020-09-23,897.2999877929688,900.0499877929688,882.0499877929688,884.2999877929688,76188
2020-09-24,880.0,884.9000244140625,855.25,858.5999755859375,107682
2020-09-25,864.9500122070312,875.9500122070312,846.5999755859375,852.2999877929688,173616
2020-09-28,855.0,872.9000244140625,849.9000244140625,861.25,79765
2020-09-29,867.9000244140625,874.8499755859375,853.0,854.9500122070312,532383
2020-09-30,861.2999877929688,864.8499755859375,855.0499877929688,859.5,340893
2020-10-01,866.0499877929688,873.0,859.9000244140625,861.0,226679
2020-10-05,865.0,878.0,865.0,870.75,59773
2020-10-06,872.0,879.9000244140625,870.1500244140625,872.0999755859375,82327
2020-10-07,875.7000122070312,886.75,865.0,876.75,85730
2020-10-08,878.9500122070312,887.0,860.0,864.9500122070312,79316
2020-10-09,864.0,880.9000244140625,863.9000244140625,870.7000122070312,642606
2020-10-12,874.9000244140625,885.0,864.4500122070312,866.4500122070312,176524
2020-10-13,867.0,872.4000244140625,857.0,861.5499877929688,188240
2020-10-14,859.9500122070312,867.7000122070312,848.0,859.2000122070312,82809
2020-10-15,860.5,868.0499877929688,853.0,858.5499877929688,163287
2020-10-16,855.0999755859375,867.0,850.7000122070312,863.7999877929688,32846
2020-10-19,866.0,900.4000244140625,857.0499877929688,896.4500122070312,130070
2020-10-20,895.0,895.9000244140625,882.0,884.8499755859375,33584
2020-10-21,882.0,904.5,882.0,901.6500244140625,150828
2020-10-22,901.6500244140625,923.2999877929688,898.0,917.2000122070312,113581
2020-10-23,919.9000244140625,924.4500122070312,905.2000122070312,918.0,45456
2020-10-26,915.0,917.4000244140625,880.0499877929688,889.0499877929688,55576
2020-10-27,886.7999877929688,936.9500122070312,884.1500244140625,929.5499877929688,239401
2020-10-28,933.7999877929688,937.2000122070312,902.8499755859375,907.0499877929688,50003
2020-10-29,900.0,900.0,882.0,886.7999877929688,156213
2020-10-30,888.2999877929688,909.0,883.8499755859375,893.7000122070312,47972
2020-11-02,888.0,900.4000244140625,868.5999755859375,875.6500244140625,86892
2020-11-03,880.0499877929688,892.75,875.0,877.4000244140625,58871
2020-11-04,884.9000244140625,888.9500122070312,871.25,878.7999877929688,25456
2020-11-05,892.75,905.0,881.0,894.1500244140625,70353
2020-11-06,914.0,941.75,905.0999755859375,937.8499755859375,251858
2020-11-09,935.0999755859375,954.75,935.0999755859375,949.2999877929688,121810
2020-11-10,952.5999755859375,970.0,940.0,948.75,107797
2020-11-11,946.9500122070312,958.75,936.0,944.25,41822
2020-11-12,949.4000244140625,975.5499877929688,949.4000244140625,967.7000122070312,173796
2020-11-13,967.7000122070312,1006.0,958.5999755859375,1000.25,222825
2020-11-14,1006.0,1010.0,972.0499877929688,986.1500244140625,36544
2020-11-17,997.0,1006.5499877929688,980.0,982.8499755859375,94002
2020-11-18,980.3499755859375,1089.9000244140625,980.3499755859375,1078.9000244140625,695220
2020-11-19,1078.0,1089.949951171875,1033.3499755859375,1044.550048828125,190460
2020-11-20,1049.0,1135.0,1044.0,1116.050048828125,249798
2020-11-23,1129.0,1163.0,1050.0,1072.75,176903
2020-11-24,1074.9000244140625,1087.8499755859375,1051.0999755859375,1072.300048828125,267122
2020-11-25,1077.699951171875,1085.0,1011.5,1025.5,141568
2020-11-26,1033.949951171875,1086.4000244140625,1030.300048828125,1076.949951171875,292405
2020-11-27,1092.0,1104.8499755859375,1061.0,1073.75,253387
2020-12-01,1081.1500244140625,1145.0,1073.8499755859375,1138.050048828125,280795
2020-12-02,1142.0,1200.0,1116.050048828125,1190.800048828125,294829
2020-12-03,1182.1500244140625,1238.949951171875,1170.0,1172.0,295720
2020-12-04,1184.0,1197.6500244140625,1150.0,1154.449951171875,162427
2020-12-07,1174.0,1174.0,1140.0,1154.949951171875,155809
2020-12-08,1165.0,1190.0,1148.0,1154.800048828125,225515
2020-12-09,1162.949951171875,1177.0,1152.0,1155.1500244140625,111606
2020-12-10,1167.25,1186.800048828125,1144.199951171875,1158.800048828125,310277
2020-12-11,1167.199951171875,1183.4000244140625,1152.0,1176.199951171875,168483
2020-12-14,1180.0,1180.0,1155.0,1161.4000244140625,119428
2020-12-15,1159.0,1166.550048828125,1151.1500244140625,1154.3499755859375,56631
2020-12-16,1159.300048828125,1206.75,1157.6500244140625,1194.9000244140625,323251
2020-12-17,1203.949951171875,1239.800048828125,1195.75,1232.699951171875,402509
2020-12-18,1244.4000244140625,1260.0,1201.050048828125,1246.949951171875,378273
2020-12-21,1244.5,1254.9000244140625,1181.0,1215.300048828125,145777
2020-12-22,1214.0,1225.0,1157.199951171875,1185.6500244140625,327649
2020-12-23,1197.0,1236.8499755859375,1190.25,1201.0,171273
2020-12-24,1218.0,1230.0,1200.0,1206.550048828125,246220
2020-12-28,1221.3499755859375,1228.0,1212.0,1217.550048828125,169125
2020-12-29,1223.199951171875,1227.9000244140625,1190.0,1203.050048828125,154970
2020-12-30,1205.699951171875,1239.9000244140625,1201.25,1208.9000244140625,197431
2020-12-31,1214.0,1217.9000244140625,1202.199951171875,1212.050048828125,296434
2021-01-01,1212.0,1238.5,1212.0,1232.699951171875,95451
2021-01-04,1239.0999755859375,1290.0,1235.0,1262.9000244140625,99581
2021-01-05,1259.5,1305.0,1225.0,1293.5999755859375,150290
2021-01-06,1295.0,1316.0,1291.0,1297.6500244140625,108081
2021-01-07,1302.0,1316.9000244140625,1291.25,1302.6500244140625,109031
2021-01-08,1307.550048828125,1330.0,1300.0,1315.0,285838
2021-01-11,1314.0,1314.0,1288.0,1296.9000244140625,92160
2021-01-12,1288.0,1301.0,1265.0,1269.300048828125,162360
2021-01-13,1277.800048828125,1294.0,1265.0,1280.5,159570
2021-01-14,1284.050048828125,1298.6500244140625,1265.0999755859375,1274.4000244140625,45754
2021-01-15,1279.4000244140625,1293.0,1260.0,1284.6500244140625,94356
2021-01-18,1291.0,1349.4000244140625,1286.699951171875,1344.5,370993
2021-01-19,1344.0,1419.0,1343.0,1391.25,715853
2021-01-20,1392.0,1408.25,1373.0,1393.0999755859375,330542
2021-01-21,1403.5,1408.75,1372.0,1377.300048828125,69623
2021-01-22,1380.0,1405.0,1367.0,1377.8499755859375,223509
2021-01-25,1391.4000244140625,1391.4000244140625,1349.75,1354.800048828125,100682
2021-01-27,1350.050048828125,1399.9000244140625,1346.0,1388.800048828125,184995
2021-01-28,1374.0,1419.449951171875,1344.949951171875,1354.800048828125,235173
2021-01-29,1365.4000244140625,1405.0,1364.300048828125,1388.300048828125,166513
2021-02-01,1388.300048828125,1398.550048828125,1357.1500244140625,1382.949951171875,62919
2021-02-02,1389.9000244140625,1507.3499755859375,1389.9000244140625,1445.4000244140625,415804
2021-02-03,1456.699951171875,1465.0,1421.0,1447.449951171875,321671
2021-02-04,1448.0,1534.0,1443.0,1518.050048828125,282242
2021-02-05,1518.0,1523.8499755859375,1481.5999755859375,1495.300048828125,79091
2021-02-08,1496.0,1504.75,1475.050048828125,1481.949951171875,90255
2021-02-09,1493.699951171875,1499.0,1439.199951171875,1458.6500244140625,244781
2021-02-10,1462.0,1487.449951171875,1430.0999755859375,1445.0,356376
2021-02-11,1445.0,1460.0,1405.0,1423.3499755859375,299192
2021-02-12,1429.0,1480.0,1425.5999755859375,1466.8499755859375,224960
2021-02-15,1475.0,1503.75,1465.0,1474.1500244140625,139523
2021-02-16,1480.800048828125,1515.0,1474.0,1500.5,170927
2021-02-17,1480.0,1504.75,1480.0,1498.949951171875,93001
2021-02-18,1509.800048828125,1570.0,1502.0,1532.8499755859375,310358
2021-02-19,1542.0,1635.0,1510.0,1521.5999755859375,425564
2021-02-22,1521.5999755859375,1529.949951171875,1430.0,1456.4000244140625,161553
2021-02-23,1477.199951171875,1517.5,1463.050048828125,1480.0,86666
2021-02-24,1494.6500244140625,1600.0,1485.9000244140625,1570.800048828125,216975
2021-02-25,1584.800048828125,1590.800048828125,1511.3499755859375,1537.9000244140625,184689
2021-02-26,1521.0,1564.0,1500.0,1528.1500244140625,139972
2021-03-01,1547.0,1559.8499755859375,1515.0,1525.199951171875,61354
2021-03-02,1526.4000244140625,1549.0,1509.0,1521.0,56964
2021-03-03,1532.8499755859375,1550.4000244140625,1510.0,1532.699951171875,154956
2021-03-04,1522.0,1546.9000244140625,1506.0,1512.800048828125,201501
2021-03-05,1514.75,1528.0,1485.0,1488.8499755859375,63126
2021-03-08,1504.0,1512.550048828125,1476.800048828125,1495.5,96026
2021-03-09,1508.0,1509.6500244140625,1464.5,1476.449951171875,54450
2021-03-10,1478.0,1523.9000244140625,1451.0,1466.25,131725
2021-03-12,1473.0,1481.25,1455.0,1471.0999755859375,61753
2021-03-15,1471.0,1476.9000244140625,1440.199951171875,1447.6500244140625,49333
2021-03-16,1454.0,1469.0,1425.949951171875,1442.050048828125,87214
2021-03-17,1447.9000244140625,1450.0,1425.199951171875,1439.75,47127
2021-03-18,1454.8499755859375,1467.550048828125,1416.1500244140625,1427.300048828125,45465
2021-03-19,1422.0,1433.0,1333.0,1413.8499755859375,157876
2021-03-22,1414.0,1428.0,1385.0,1388.5999755859375,77105
2021-03-23,1395.800048828125,1420.0,1385.0,1397.3499755859375,68727
2021-03-24,1390.0,1401.8499755859375,1368.0,1375.5999755859375,62821
2021-03-25,1375.0,1405.0,1330.199951171875,1391.6500244140625,88150
2021-03-26,1398.0,1498.300048828125,1375.300048828125,1453.550048828125,175036
2021-03-30,1453.550048828125,1481.550048828125,1431.050048828125,1439.3499755859375,135595
2021-03-31,1437.6500244140625,1438.0,1397.0,1410.050048828125,180576
2021-04-01,1413.800048828125,1424.699951171875,1391.0999755859375,1397.5,80643
2021-04-05,1390.0,1400.0,1365.1500244140625,1382.199951171875,88800
2021-04-06,1384.0,1395.550048828125,1360.0,1374.449951171875,100694
2021-04-07,1375.0,1389.9000244140625,1366.75,1375.0,37217
2021-04-08,1377.8499755859375,1405.5,1375.199951171875,1396.300048828125,47375
2021-04-09,1396.3499755859375,1407.949951171875,1375.0,1380.4000244140625,83100
2021-04-12,1378.0,1378.0,1298.550048828125,1309.449951171875,69205
2021-04-13,1315.0,1335.0,1305.8499755859375,1319.5999755859375,169333
2021-04-15,1316.5,1363.949951171875,1309.050048828125,1349.449951171875,426291
2021-04-16,1351.9000244140625,1374.949951171875,1345.300048828125,1371.3499755859375,142921
2021-04-19,1357.0,1412.0,1314.449951171875,1395.1500244140625,177488
2021-04-20,1395.0,1418.0,1381.0999755859375,1395.4000244140625,173676
2021-04-22,1395.0,1400.0,1368.4000244140625,1391.6500244140625,93857
2021-04-23,1387.0,1393.5999755859375,1369.0,1380.699951171875,155372
2021-04-26,1381.949951171875,1402.949951171875,1360.0999755859375,1369.0999755859375,189659
2021-04-27,1378.0,1401.9000244140625,1375.199951171875,1384.3499755859375,444609
2021-04-28,1408.0999755859375,1436.25,1362.0,1387.9000244140625,474157
2021-04-29,1405.0,1405.0,1377.0,1381.300048828125,110440
2021-04-30,1375.0,1399.4000244140625,1360.0,1381.25,167258
2021-05-03,1385.5999755859375,1399.0,1352.050048828125,1392.0,163384
2021-05-04,1392.0,1399.5999755859375,1365.0999755859375,1377.449951171875,95411
2021-05-05,1378.0999755859375,1387.550048828125,1363.0,1370.6500244140625,51196
2021-05-06,1374.699951171875,1385.0,1374.1500244140625,1380.5999755859375,27868
2021-05-07,1385.0,1394.449951171875,1368.0,1371.949951171875,160890
2021-05-10,1385.0999755859375,1397.0,1367.25,1375.3499755859375,136672
2021-05-11,1369.0,1385.0,1362.699951171875,1368.8499755859375,66321
2021-05-12,1381.0,1434.0,1371.0999755859375,1401.9000244140625,603531
2021-05-14,1414.0,1423.949951171875,1378.25,1391.800048828125,107932
2021-05-17,1391.0,1425.0,1382.0,1420.75,112679
2021-05-18,1410.800048828125,1470.0,1410.800048828125,1449.8499755859375,327604
2021-05-19,1448.0,1481.800048828125,1441.0,1450.199951171875,161989
2021-05-20,1448.0,1459.800048828125,1416.050048828125,1429.25,109513
2021-05-21,1432.0,1443.699951171875,1424.75,1433.0999755859375,141945
2021-05-24,1436.25,1483.25,1433.0999755859375,1475.699951171875,234226
2021-05-25,1481.0,1517.3499755859375,1466.0,1495.6500244140625,131448
2021-05-26,1490.5,1519.4000244140625,1482.949951171875,1501.3499755859375,100456
2021-05-27,1505.0,1600.0,1492.5,1579.25,247167
2021-05-28,1565.0,1600.0,1523.0999755859375,1588.75,181421
2021-05-31,1600.0,1730.0,1600.0,1668.8499755859375,1174066
2021-06-01,1685.0,1754.0,1651.0,1693.25,717658
2021-06-02,1698.0,1717.0,1668.0,1700.550048828125,314707
2021-06-03,1711.0,1717.449951171875,1681.0,1691.949951171875,146129
2021-06-04,1691.949951171875,1698.949951171875,1640.0,1650.5,194307
2021-06-07,1659.0,1698.0,1637.0,1685.6500244140625,269594
2021-06-08,1687.050048828125,1697.5999755859375,1661.0999755859375,1680.25,128082
2021-06-09,1692.1500244140625,1721.0,1665.0,1674.8499755859375,224477
2021-06-10,1680.0,1690.0,1660.0,1671.3499755859375,87950
2021-06-11,1684.0999755859375,1750.050048828125,1645.0,1648.550048828125,124172
2021-06-14,1659.0,1672.300048828125,1601.0,1660.5999755859375,124292
2021-06-15,1660.5999755859375,1698.0,1660.550048828125,1693.949951171875,103988
2021-06-16,1699.0,1728.0,1673.75,1720.300048828125,207324
2021-06-17,1725.25,1776.699951171875,1692.300048828125,1716.5,416009
2021-06-18,1730.0,1753.0,1656.949951171875,1743.449951171875,128040
2021-06-21,1700.0,1738.0,1695.050048828125,1719.4000244140625,152232
2021-06-22,1728.0,1767.6500244140625,1728.0,1739.25,125176
2021-06-23,1752.0,1851.0999755859375,1738.25,1806.550048828125,747874
2021-06-24,1828.0,1830.0,1800.0,1809.449951171875,180859
2021-06-25,1823.5999755859375,1839.9000244140625,1794.050048828125,1824.050048828125,448519
2021-06-28,1839.050048828125,1857.0,1792.1500244140625,1809.800048828125,142851
2021-06-29,1804.949951171875,1815.5,1771.0,1788.8499755859375,84656
2021-06-30,1801.0,1857.0,1801.0,1808.199951171875,248720
2021-07-01,1816.0,1826.949951171875,1778.800048828125,1793.699951171875,69271
2021-07-02,1810.0,1830.0,1766.6500244140625,1787.1500244140625,92544
2021-07-05,1794.9000244140625,1801.0,1761.0,1773.75,99623
2021-07-06,1771.050048828125,1784.25,1746.050048828125,1757.75,76698
2021-07-07,1753.0,1757.699951171875,1730.199951171875,1742.0999755859375,69427
2021-07-08,1742.0999755859375,1750.5,1695.0999755859375,1703.25,127100
2021-07-09,1711.199951171875,1725.0,1683.5,1713.449951171875,163245
2021-07-12,1718.449951171875,1736.0,1701.449951171875,1725.949951171875,468250
2021-07-13,1730.0,1804.0,1715.550048828125,1787.050048828125,235129
2021-07-14,1804.0,1840.0,1785.550048828125,1805.5,155095
2021-07-15,1806.5,1818.5,1770.0,1779.050048828125,87502
2021-07-16,1779.0,1784.0,1751.449951171875,1763.199951171875,107459
2021-07-19,1772.5,1777.9000244140625,1731.1500244140625,1738.800048828125,103293
2021-07-20,1739.25,1743.8499755859375,1710.0,1719.0,111360
2021-07-22,1726.449951171875,1735.0,1702.25,1711.0999755859375,131419
2021-07-23,1716.9000244140625,1716.9000244140625,1691.0999755859375,1695.800048828125,42756
2021-07-26,1688.0,1726.1500244140625,1678.1500244140625,1712.300048828125,69698
2021-07-27,1727.199951171875,1780.300048828125,1624.050048828125,1669.1500244140625,240727
2021-07-28,1675.1500244140625,1708.5,1653.75,1699.050048828125,107633
2021-07-29,1706.0,1707.0,1670.25,1686.5,103286
2021-07-30,1694.9000244140625,1725.0,1682.75,1699.1500244140625,85831
2021-08-02,1702.199951171875,1734.6500244140625,1661.4000244140625,1683.449951171875,223836
2021-08-03,1684.9000244140625,1697.75,1664.9000244140625,1670.699951171875,127132
2021-08-04,1683.0,1689.0,1629.0,1636.449951171875,75011
2021-08-05,1644.800048828125,1677.6500244140625,1631.050048828125,1666.3499755859375,72531
2021-08-06,1666.3499755859375,1696.300048828125,1651.050048828125,1663.8499755859375,93434
2021-08-09,1671.800048828125,1686.949951171875,1636.3499755859375,1644.25,50984
2021-08-10,1644.25,1658.4000244140625,1629.050048828125,1650.9000244140625,40981
2021-08-11,1658.800048828125,1717.0,1618.050048828125,1674.550048828125,136424
2021-08-12,1677.0,1724.4000244140625,1666.0,1718.3499755859375,78404
2021-08-13,1725.0,1759.949951171875,1713.300048828125,1747.949951171875,116726
2021-08-16,1761.5,1795.0,1731.0,1758.4000244140625,103044
2021-08-17,1758.4000244140625,1769.0,1724.3499755859375,1745.449951171875,124149
2021-08-18,1739.0,1765.800048828125,1705.0,1761.300048828125,79837
2021-08-20,1764.0,1807.0999755859375,1683.050048828125,1714.6500244140625,161033
2021-08-23,1715.0,1731.9000244140625,1624.3499755859375,1674.949951171875,82244
2021-08-24,1679.9000244140625,1725.0,1662.050048828125,1696.9000244140625,76587
2021-08-25,1701.9000244140625,1746.800048828125,1688.75,1731.0999755859375,82301
2021-08-26,1743.5,1775.699951171875,1722.4000244140625,1736.3499755859375,91908
2021-08-27,1750.0,1865.0,1735.0,1850.050048828125,540087
2021-08-30,1875.0,1925.0,1832.0,1921.699951171875,656830
2021-08-31,1925.0,1925.0,1886.0,1895.75,149686
2021-09-01,1910.0,1911.25,1857.5,1883.199951171875,130632
2021-09-02,1906.5,1917.949951171875,1872.3499755859375,1894.3499755859375,199503
2021-09-03,1900.0,1900.0,1843.0,1848.699951171875,202306
2021-09-06,1855.0,1872.75,1840.0,1851.8499755859375,87428
2021-09-07,1868.5999755859375,1899.0,1835.050048828125,1870.300048828125,238450
2021-09-08,1860.0,1898.0,1858.6500244140625,1876.75,238158
2021-09-09,1885.25,1913.449951171875,1852.0999755859375,1869.449951171875,227286
2021-09-13,1865.0,1876.449951171875,1839.050048828125,1861.0,80818
2021-09-14,1888.0,1917.0,1870.6500244140625,1907.300048828125,163938
2021-09-15,1919.0,1925.0,1890.199951171875,1905.9000244140625,159852
2021-09-16,1900.0,1943.9000244140625,1881.9000244140625,1908.050048828125,248127
2021-09-17,1901.0,1915.0,1835.050048828125,1843.199951171875,115350
2021-09-20,1843.199951171875,1884.6500244140625,1840.0,1875.1500244140625,105956
2021-09-21,1871.0,1905.0,1854.1500244140625,1875.0,118562
2021-09-22,1870.0,1904.0,1865.0999755859375,1869.1500244140625,138187
2021-09-23,1890.0,1905.9000244140625,1857.0,1898.0999755859375,119769
2021-09-24,1903.0,1918.25,1871.0999755859375,1878.699951171875,56336
2021-09-27,1888.0,1908.050048828125,1845.0999755859375,1855.0,134399
2021-09-28,1869.9000244140625,1869.9000244140625,1790.0,1800.6500244140625,87735
2021-09-29,1800.9000244140625,1838.800048828125,1797.0999755859375,1820.550048828125,152524
2021-09-30,1834.699951171875,1879.0,1821.300048828125,1870.5999755859375,70990
2021-10-01,1870.0,1873.8499755859375,1819.300048828125,1858.9000244140625,67958
2021-10-04,1860.0999755859375,1893.4000244140625,1845.0,1873.199951171875,169391
2021-10-05,1858.0,1905.5999755859375,1858.0,1877.949951171875,159998
2021-10-06,1879.0,1895.949951171875,1860.0999755859375,1873.3499755859375,60478
2021-10-07,1880.0,1898.0,1863.0,1871.5,64748
2021-10-08,1877.9000244140625,1887.5,1827.0,1839.75,62953
2021-10-11,1846.4000244140625,1870.050048828125,1820.550048828125,1830.5999755859375,66749
2021-10-12,1840.199951171875,1860.0,1819.0,1827.6500244140625,83711
2021-10-13,1834.949951171875,1877.0,1800.0,1806.8499755859375,132820
2021-10-14,1824.4000244140625,1846.5,1811.5999755859375,1819.0,92662
2021-10-18,1837.800048828125,1858.949951171875,1827.0,1829.5,92011
2021-10-19,1842.9000244140625,1864.0,1821.0,1846.25,93823
2021-10-20,1857.0,1857.9000244140625,1815.25,1830.25,93490
2021-10-21,1839.699951171875,1878.699951171875,1825.050048828125,1875.0,114209
2021-10-22,1888.0,1939.0,1880.3499755859375,1909.300048828125,338028
2021-10-25,1920.0,1970.0,1830.0,1850.199951171875,335087
2021-10-26,1864.9000244140625,1868.8499755859375,1818.0999755859375,1845.5999755859375,206780
2021-10-27,1920.050048828125,1932.8499755859375,1866.050048828125,1879.699951171875,529236
2021-10-28,1879.699951171875,1999.0,1878.800048828125,1983.6500244140625,1355503
2021-10-29,1997.949951171875,2153.75,1954.300048828125,2119.89990234375,960349
2021-11-01,2105.0,2170.0,2032.0999755859375,2079.699951171875,485302
2021-11-02,2090.0,2115.0,2041.300048828125,2062.449951171875,118552
2021-11-03,2066.199951171875,2144.75,2052.199951171875,2068.949951171875,385323
2021-11-04,2076.25,2123.699951171875,2060.0,2105.64990234375,42743
2021-11-08,2110.0,2124.35009765625,2071.199951171875,2086.89990234375,194599
2021-11-09,2094.949951171875,2208.39990234375,2084.449951171875,2185.050048828125,595914
2021-11-10,2185.050048828125,2222.10009765625,2151.0,2170.699951171875,207186
2021-11-11,2181.85009765625,2205.0,2132.14990234375,2172.300048828125,123304
2021-11-12,2160.199951171875,2232.0,2153.5,2211.300048828125,258341
2021-11-15,2230.0,2231.0,2137.0,2148.10009765625,91793
2021-11-16,2148.10009765625,2189.949951171875,2140.199951171875,2176.949951171875,384464
2021-11-17,2157.199951171875,2210.0,2150.050048828125,2191.699951171875,216359
2021-11-18,2200.0,2222.89990234375,2124.0,2149.550048828125,110299
2021-11-22,2158.14990234375,2184.64990234375,1978.25,2099.800048828125,240928
2021-11-23,2080.0,2155.0,2079.35009765625,2103.199951171875,107742
2021-11-24,2105.0,2109.89990234375,2055.699951171875,2085.800048828125,214763
2021-11-25,2094.14990234375,2101.449951171875,2040.0,2046.949951171875,248082
2021-11-26,2043.0,2063.199951171875,1975.0,1995.0,87944
2021-11-29,1955.0,2119.0,1954.050048828125,2083.35009765625,141832
2021-11-30,2106.0,2164.5,2022.0,2061.85009765625,239856
2021-12-01,2056.0,2087.699951171875,2008.300048828125,2017.9000244140625,122697
2021-12-02,2017.9000244140625,2139.0,2017.9000244140625,2112.85009765625,299002
2021-12-03,2090.300048828125,2130.5,2064.10009765625,2078.39990234375,54725
2021-12-06,2078.0,2086.85009765625,2035.0,2054.550048828125,57116
2021-12-07,2064.800048828125,2097.949951171875,2035.0,2065.699951171875,132978
2021-12-08,2077.550048828125,2119.449951171875,2077.550048828125,2092.75,176891
2021-12-09,2104.39990234375,2375.0,2100.14990234375,2300.39990234375,1034082
2021-12-10,2300.0,2372.0,2235.35009765625,2264.39990234375,481269
2021-12-13,2268.949951171875,2356.0,2264.550048828125,2307.60009765625,264261
2021-12-14,2305.0,2319.699951171875,2260.050048828125,2272.550048828125,71628
2021-12-15,2283.89990234375,2293.60009765625,2221.449951171875,2232.050048828125,63111
2021-12-16,2220.10009765625,2275.0,2194.0,2234.89990234375,270580
2021-12-17,2230.0,2262.64990234375,2170.0,2199.75,169226
2021-12-20,2215.0,2215.0,2076.60009765625,2121.64990234375,102709
2021-12-21,2127.0,2220.0,2100.10009765625,2201.0,240790
2021-12-22,2203.0,2332.0,2203.0,2284.449951171875,961653
2021-12-23,2276.949951171875,2306.949951171875,2255.0,2263.800048828125,93625
2021-12-24,2283.5,2345.39990234375,2232.0,2244.550048828125,220693
2021-12-27,2249.39990234375,2267.75,2175.300048828125,2195.5,134745
2021-12-28,2212.300048828125,2258.89990234375,2185.550048828125,2207.10009765625,182668
2021-12-29,2192.300048828125,2250.550048828125,2192.300048828125,2226.60009765625,182349
2021-12-30,2226.60009765625,2245.050048828125,2212.60009765625,2235.39990234375,197252
2021-12-31,2245.0,2283.75,2222.0,2233.60009765625,198115
2022-01-03,2251.449951171875,2268.60009765625,2185.60009765625,2205.449951171875,113948
2022-01-04,2223.89990234375,2237.64990234375,2190.0,2219.75,353471
2022-01-05,2229.550048828125,2249.89990234375,2200.0,2226.199951171875,222632
2022-01-06,2214.800048828125,2287.75,2200.050048828125,2225.25,423469
2022-01-07,2236.949951171875,2263.949951171875,2216.5,2227.10009765625,111305
2022-01-10,2242.949951171875,2296.699951171875,2223.0,2280.89990234375,289826
2022-01-11,2282.0,2348.0,2270.300048828125,2339.449951171875,255404
2022-01-12,2354.0,2360.550048828125,2295.449951171875,2316.449951171875,231632
2022-01-13,2320.0,2326.89990234375,2296.0,2306.5,128523
2022-01-14,2290.0,2354.0,2290.0,2341.550048828125,190526
2022-01-17,2349.699951171875,2385.89990234375,2314.0,2320.39990234375,135524
2022-01-18,2333.89990234375,2403.60009765625,2303.0,2368.550048828125,320744
2022-01-19,2368.550048828125,2368.550048828125,2304.0,2344.10009765625,242338
2022-01-20,2348.800048828125,2415.0,2342.699951171875,2389.25,209114
2022-01-21,2389.25,2389.25,2325.699951171875,2356.75,415539
2022-01-24,2348.699951171875,2434.0,2285.0,2408.39990234375,276068
2022-01-25,2430.85009765625,2468.10009765625,2360.10009765625,2400.14990234375,390068
2022-01-27,2405.0,2405.0,2135.89990234375,2224.449951171875,794479
2022-01-28,2241.0,2315.85009765625,2190.0,2270.5,265768
2022-01-31,2276.0,2333.550048828125,2195.10009765625,2301.050048828125,415951
2022-02-01,2311.85009765625,2373.949951171875,2232.550048828125,2287.10009765625,725023
2022-02-02,2287.10009765625,2377.199951171875,2263.89990234375,2296.699951171875,324514
2022-02-03,2298.0,2332.949951171875,2272.64990234375,2305.800048828125,161075
2022-02-04,2305.0,2365.0,2280.0,2335.39990234375,203322
2022-02-07,2344.0,2344.5,2223.800048828125,2258.0,191104
2022-02-08,2270.60009765625,2284.949951171875,2196.0,2221.25,122629
2022-02-09,2241.0,2250.0,2211.699951171875,2241.0,123789
2022-02-10,2211.0,2319.89990234375,2211.0,2238.0,369714
2022-02-11,2224.0,2249.89990234375,2170.050048828125,2179.25,242245
2022-02-14,2095.0,2136.39990234375,2006.550048828125,2091.0,289217
2022-02-15,2110.0,2135.949951171875,2025.550048828125,2045.8499755859375,378170
2022-02-16,2059.0,2084.0,2011.300048828125,2033.300048828125,565198
2022-02-17,2033.300048828125,2068.0,2023.300048828125,2055.89990234375,350822
2022-02-18,2030.0,2079.050048828125,2030.0,2065.64990234375,177031
2022-02-21,2046.0,2118.89990234375,2025.0,2101.10009765625,375444
2022-02-22,2030.0,2123.25,2030.0,2067.300048828125,306750
2022-02-23,2076.0,2120.0,2076.0,2097.199951171875,192678
2022-02-24,2040.0,2098.949951171875,2000.0,2045.550048828125,360203
2022-02-25,2068.60009765625,2149.949951171875,2065.35009765625,2131.89990234375,313838
2022-02-28,2096.0,2171.60009765625,2089.199951171875,2159.449951171875,180990
2022-03-02,2153.0,2212.5,2153.0,2179.199951171875,157039
2022-03-03,2200.0,2239.0,2146.0,2159.449951171875,217987
2022-03-04,2145.0,2199.0,2125.10009765625,2155.39990234375,88675
2022-03-07,2138.0,2148.800048828125,2080.199951171875,2108.949951171875,139363
2022-03-08,2104.0,2158.0,2104.0,2135.050048828125,132359
2022-03-09,2150.0,2163.75,2101.0,2142.75,310556
2022-03-10,2160.0,2177.85009765625,2142.0,2157.949951171875,145468
2022-03-11,2155.0,2174.949951171875,2110.0,2119.949951171875,78426
2022-03-14,2125.550048828125,2125.550048828125,2063.449951171875,2078.5,237058
2022-03-15,2078.5,2095.10009765625,2041.050048828125,2091.699951171875,178988
2022-03-16,2102.0,2202.60009765625,2102.0,2190.949951171875,231640
2022-03-17,2205.0,2208.0,2090.0,2101.35009765625,603010
2022-03-21,2120.300048828125,2124.85009765625,2079.39990234375,2091.449951171875,208149
2022-03-22,2100.0,2101.14990234375,2058.0,2077.14990234375,96849
2022-03-23,2089.949951171875,2096.300048828125,2029.3499755859375,2050.800048828125,512732
2022-03-24,1991.25,2054.0,1982.0,2038.6500244140625,251286
2022-03-25,2049.39990234375,2054.85009765625,1983.0,1989.300048828125,100470
2022-03-28,1985.0,2019.0,1944.5999755859375,2002.9000244140625,184576
2022-03-29,2009.9000244140625,2055.0,2000.0,2038.800048828125,149014
2022-03-30,2051.949951171875,2095.449951171875,2035.6500244140625,2083.5,149949
2022-03-31,2065.0,2179.0,2032.0,2157.949951171875,1052222
2022-04-01,2155.0,2155.0,2101.0,2114.300048828125,180591
2022-04-04,2096.0,2143.89990234375,2096.0,2130.550048828125,105731
2022-04-05,2140.0,2264.949951171875,2127.949951171875,2207.550048828125,350006
2022-04-06,2219.0,2243.949951171875,2173.85009765625,2209.449951171875,202906
2022-04-07,2210.0,2237.85009765625,2181.64990234375,2192.14990234375,98294
2022-04-08,2208.75,2246.64990234375,2187.949951171875,2238.949951171875,161106
2022-04-11,2240.0,2257.89990234375,2202.60009765625,2214.800048828125,178038
2022-04-12,2213.800048828125,2231.75,2150.0,2206.5,103405
2022-04-13,2201.0,2231.949951171875,2200.0,2226.699951171875,65098
2022-04-18,2224.0,2224.0,2141.60009765625,2183.5,127137
2022-04-19,2200.10009765625,2250.0,2125.0,2152.199951171875,76918
2022-04-20,2165.0,2177.85009765625,2127.699951171875,2137.449951171875,55650
2022-04-21,2145.10009765625,2169.699951171875,2123.199951171875,2143.5,122239
2022-04-22,2140.199951171875,2203.85009765625,2135.050048828125,2161.10009765625,163274
2022-04-25,2150.0,2158.949951171875,2095.050048828125,2100.0,171418
2022-04-26,2111.10009765625,2128.949951171875,2062.5,2087.85009765625,132818
2022-04-27,2082.0,2094.89990234375,2038.0,2084.64990234375,111258
2022-04-28,2100.0,2110.0,2053.199951171875,2097.85009765625,115355
2022-04-29,2092.0,2128.64990234375,2060.0,2096.550048828125,101104
2022-05-02,2090.0,2096.5,2041.449951171875,2051.35009765625,48561
2022-05-04,2066.699951171875,2072.89990234375,2000.0,2014.449951171875,70125
2022-05-05,2098.949951171875,2294.0,2088.050048828125,2221.10009765625,2654230
2022-05-06,2187.0,2275.0,2178.0,2254.199951171875,1542537
2022-05-09,2253.89990234375,2359.699951171875,2226.300048828125,2305.699951171875,1109904
2022-05-10,2295.0,2306.0,2077.39990234375,2230.550048828125,495998
2022-05-11,2235.0,2290.0,2185.0,2270.0,425040
2022-05-12,2255.0,2273.050048828125,2220.050048828125,2233.449951171875,185292
2022-05-13,2249.0,2307.550048828125,2245.199951171875,2290.60009765625,234536
2022-05-16,2308.0,2349.0,2224.60009765625,2251.800048828125,154711
2022-05-17,2275.699951171875,2319.25,2260.0,2294.35009765625,139859
2022-05-18,2312.64990234375,2345.0,2256.449951171875,2279.0,270494
2022-05-19,2249.0,2298.0,2228.10009765625,2275.050048828125,147689
2022-05-20,2292.300048828125,2323.0,2275.0,2289.14990234375,142509
2022-05-23,2301.199951171875,2338.0,2268.0,2297.050048828125,131873
2022-05-24,2290.050048828125,2314.35009765625,2237.050048828125,2283.10009765625,113498
2022-05-25,2283.89990234375,2299.0,2199.050048828125,2214.5,144343
2022-05-26,2205.949951171875,2210.60009765625,2172.199951171875,2191.199951171875,105221
2022-05-27,2198.0,2306.300048828125,2183.89990234375,2284.14990234375,171237
2022-05-30,2306.949951171875,2392.0,2294.0,2385.75,411157
2022-05-31,2392.0,2468.0,2345.0,2427.25,474302
2022-06-01,2427.25,2487.85009765625,2400.0,2456.35009765625,351443
2022-06-02,2460.0,2465.0,2392.10009765625,2418.39990234375,164924
2022-06-03,2427.0,2449.949951171875,2307.85009765625,2315.75,195149
2022-06-06,2315.75,2376.949951171875,2291.050048828125,2363.449951171875,193033
2022-06-07,2346.0,2372.949951171875,2311.050048828125,2351.60009765625,54080
2022-06-08,2369.25,2369.25,2270.5,2305.300048828125,113410
2022-06-09,2306.75,2355.89990234375,2289.800048828125,2352.39990234375,101910
2022-06-10,2320.0,2362.89990234375,2297.199951171875,2333.35009765625,175206
2022-06-13,2295.0,2354.300048828125,2252.0,2337.449951171875,157963
2022-06-14,2330.0,2364.0,2303.300048828125,2321.35009765625,151551
2022-06-15,2339.75,2339.75,2295.0,2304.699951171875,283896
2022-06-16,2322.14990234375,2358.0,2185.550048828125,2243.949951171875,359448
2022-06-17,2230.10009765625,2279.050048828125,2132.0,2173.14990234375,188864
2022-06-20,2148.0,2204.10009765625,2120.0,2187.949951171875,184960
2022-06-21,2190.0,2264.39990234375,2178.050048828125,2227.85009765625,160680
2022-06-22,2231.050048828125,2245.5,2188.0,2215.949951171875,95802
2022-06-23,2233.0,2310.0,2213.64990234375,2290.75,292754
2022-06-24,2292.949951171875,2310.0,2250.050048828125,2290.35009765625,190440
2022-06-27,2304.0,2360.0,2273.050048828125,2292.550048828125,289818
2022-06-28,2291.949951171875,2302.25,2272.89990234375,2284.800048828125,72430
2022-06-29,2279.949951171875,2325.0,2230.0,2310.199951171875,248063
2022-06-30,2314.0,2328.949951171875,2276.75,2300.89990234375,122566
2022-07-01,2260.35009765625,2311.5,2260.35009765625,2275.449951171875,97053
2022-07-04,2278.39990234375,2372.699951171875,2266.10009765625,2361.5,192539
2022-07-05,2381.0,2405.0,2344.25,2364.75,376434
2022-07-06,2374.800048828125,2530.0,2370.0,2517.0,1037060
2022-07-07,2540.0,2589.449951171875,2526.550048828125,2562.449951171875,667857
2022-07-08,2569.949951171875,2612.300048828125,2554.0,2589.10009765625,534204
2022-07-11,2600.0,2630.0,2576.10009765625,2610.85009765625,187883
2022-07-12,2607.0,2609.0,2529.10009765625,2540.800048828125,204632
2022-07-13,2542.0,2572.25,2515.0,2544.699951171875,187311
2022-07-14,2544.0,2571.0,2502.699951171875,2548.35009765625,204252
2022-07-15,2530.10009765625,2575.14990234375,2521.0,2559.449951171875,389496
2022-07-18,2579.0,2597.5,2554.10009765625,2586.550048828125,205877
2022-07-19,2570.0,2638.699951171875,2556.0,2590.89990234375,210716
2022-07-20,2586.10009765625,2626.800048828125,2575.14990234375,2598.550048828125,258551
2022-07-21,2600.0,2835.0,2594.0,2772.75,1136196
2022-07-22,2800.39990234375,2800.39990234375,2686.85009765625,2696.39990234375,355041
2022-07-25,2713.0,2713.0,2636.5,2662.89990234375,292148
2022-07-26,2676.550048828125,2762.949951171875,2635.39990234375,2713.39990234375,544688
2022-07-27,2713.39990234375,2750.0,2690.39990234375,2728.14990234375,250057
2022-07-28,2744.949951171875,2748.0,2685.949951171875,2722.25,335265
2022-07-29,2758.550048828125,2811.0,2701.35009765625,2736.14990234375,248397
2022-08-01,2744.0,2808.199951171875,2724.0,2745.64990234375,363460
2022-08-02,2744.89990234375,2824.35009765625,2729.35009765625,2759.550048828125,366158
2022-08-03,2759.89990234375,2768.0,2666.75,2671.60009765625,461656
2022-08-04,2689.0,2716.0,2642.0,2668.35009765625,303228
2022-08-05,2683.60009765625,2742.0,2675.35009765625,2688.199951171875,272399
2022-08-08,2694.949951171875,2797.0,2676.10009765625,2721.10009765625,382934
2022-08-10,2850.0,2850.0,2745.0,2770.39990234375,1043450
2022-08-11,2794.949951171875,2836.949951171875,2780.0,2798.300048828125,326247
2022-08-12,2811.800048828125,2837.699951171875,2786.10009765625,2797.25,386571
2022-08-16,2819.949951171875,2905.0,2807.0,2898.0,833499
2022-08-17,2909.10009765625,2924.10009765625,2870.0,2891.75,481683
2022-08-18,2878.949951171875,2935.0,2874.0,2890.5,459776
2022-08-19,2903.949951171875,2924.75,2813.5,2888.35009765625,335377
2022-08-22,2875.0,2917.10009765625,2852.10009765625,2869.550048828125,232574
2022-08-23,2845.0,2910.89990234375,2845.0,2868.10009765625,574029
2022-08-24,2870.0,3089.89990234375,2868.10009765625,3060.449951171875,843342
2022-08-25,3050.0,3174.0,3041.0,3144.39990234375,810380
2022-08-26,3151.0,3209.699951171875,3106.0,3170.64990234375,519283
2022-08-29,3140.0,3221.949951171875,3085.550048828125,3196.449951171875,501630
2022-08-30,3200.949951171875,3273.25,3155.89990234375,3262.75,574816
2022-09-01,3254.89990234375,3429.35009765625,3244.800048828125,3403.699951171875,1034069
2022-09-02,3390.0,3446.300048828125,3360.0,3368.89990234375,560330
2022-09-05,3350.0,3388.0,3253.64990234375,3289.199951171875,587410
2022-09-06,3317.89990234375,3376.0,3306.550048828125,3362.050048828125,407055
2022-09-07,3351.0,3380.0,3265.0,3310.300048828125,382798
2022-09-08,3336.64990234375,3379.0,3312.0,3318.25,363161
2022-09-09,3333.0,3356.949951171875,3305.0,3314.64990234375,215708
2022-09-12,3330.0,3350.0,3310.25,3329.60009765625,179592
2022-09-13,3360.0,3433.64990234375,3341.25,3358.85009765625,435755
2022-09-14,3309.89990234375,3355.949951171875,3271.0,3288.64990234375,299457
2022-09-15,3316.699951171875,3346.949951171875,3267.050048828125,3296.949951171875,288585
2022-09-16,3304.0,3315.800048828125,3100.0,3180.14990234375,482246
2022-09-19,3188.0,3223.300048828125,3106.050048828125,3157.800048828125,342412
2022-09-20,3184.199951171875,3218.800048828125,3131.10009765625,3150.550048828125,252096
2022-09-21,3162.64990234375,3200.0,3125.0,3129.64990234375,199589
2022-09-22,3136.300048828125,3219.949951171875,3100.0,3144.10009765625,334012
2022-09-23,3172.39990234375,3172.39990234375,3110.449951171875,3124.64990234375,162047
2022-09-26,3124.0,3125.449951171875,2966.050048828125,3002.199951171875,295539
2022-09-27,3001.0,3050.0,2968.0,3032.75,398174
2022-09-28,3027.0,3069.5,2991.60009765625,3009.699951171875,344491
2022-09-29,3050.0,3050.0,2973.0,2996.199951171875,291653
2022-09-30,3014.85009765625,3155.0,2992.0,3088.39990234375,310742
2022-10-03,3074.75,3125.10009765625,2983.449951171875,2994.800048828125,388862
2022-10-04,3059.449951171875,3115.0,3040.0,3080.800048828125,313948
2022-10-06,3108.75,3237.300048828125,3080.800048828125,3188.85009765625,507339
2022-10-07,3204.0,3309.89990234375,3177.699951171875,3296.10009765625,601549
2022-10-10,3281.949951171875,3281.949951171875,3209.050048828125,3230.550048828125,204689
2022-10-11,3239.0,3291.0,3185.0,3197.050048828125,294944
2022-10-12,3217.0,3259.85009765625,3173.0,3247.5,223256
2022-10-13,3259.0,3306.699951171875,3238.199951171875,3265.85009765625,393950
2022-10-14,3312.0,3335.0,3175.0,3194.300048828125,307787
2022-10-17,3190.050048828125,3231.75,3153.300048828125,3196.550048828125,303859
2022-10-18,3230.0,3273.89990234375,3185.60009765625,3211.60009765625,210090
2022-10-19,3227.0,3248.699951171875,3203.14990234375,3238.300048828125,263584
2022-10-20,3235.0,3235.0,3070.5,3132.800048828125,438628
2022-10-21,3145.550048828125,3175.35009765625,3020.0,3041.25,364038
2022-10-24,3060.0,3076.89990234375,3046.800048828125,3052.800048828125,16594
2022-10-25,3074.949951171875,3086.25,3020.60009765625,3055.25,263091
2022-10-27,3074.0,3078.0,3006.14990234375,3039.39990234375,250705
2022-10-28,3035.0,3035.0,2945.0,2962.10009765625,336034
2022-10-31,2962.0,3061.85009765625,2961.60009765625,3049.75,319759
2022-11-01,3072.449951171875,3194.199951171875,3060.0,3152.14990234375,504156
2022-11-02,3161.0,3185.0,3136.949951171875,3170.85009765625,199216
2022-11-03,3159.14990234375,3288.199951171875,3135.10009765625,3225.25,362379
2022-11-04,3235.0,3267.5,3201.0,3219.89990234375,226208
2022-11-07,3240.0,3283.0,3208.0,3262.35009765625,289197
2022-11-09,3292.0,3292.0,3090.0,3103.89990234375,251189
2022-11-10,3103.89990234375,3240.0,3054.5,3166.89990234375,507653
2022-11-11,3200.0,3222.0,3105.10009765625,3155.85009765625,692497
2022-11-14,3156.0,3213.550048828125,3011.10009765625,3025.199951171875,560133
2022-11-15,3027.0,3080.0,3014.39990234375,3027.85009765625,383627
2022-11-16,3043.949951171875,3090.0,3012.0,3035.64990234375,468068
2022-11-17,3030.0,3135.0,3013.89990234375,3122.199951171875,632485
2022-11-18,3125.0,3158.25,3062.75,3092.64990234375,485570
2022-11-21,3098.0,3120.0,3055.0,3082.949951171875,374330
2022-11-22,3089.0,3115.5,3043.050048828125,3059.449951171875,318799
2022-11-23,3071.0,3108.85009765625,3056.39990234375,3099.300048828125,331230
2022-11-24,3114.0,3170.0,3101.050048828125,3124.949951171875,549566
2022-11-25,3140.10009765625,3159.0,3080.0,3090.85009765625,340177
2022-11-28,3100.0,3131.89990234375,3087.14990234375,3103.35009765625,321071
2022-11-29,3105.0,3113.5,3010.0,3015.199951171875,383945
2022-11-30,3021.89990234375,3074.0,2979.0,3000.699951171875,6409415
2022-12-01,3009.949951171875,3030.0,2964.449951171875,2993.85009765625,499243
2022-12-02,2995.35009765625,3009.0,2922.199951171875,2978.10009765625,440688
2022-12-05,2975.0,3001.949951171875,2947.0,2975.60009765625,216805
2022-12-06,2974.949951171875,2994.89990234375,2936.699951171875,2944.10009765625,238124
2022-12-07,2925.0,2995.0,2921.0,2969.050048828125,428075
2022-12-08,2989.89990234375,2994.449951171875,2960.300048828125,2988.35009765625,224644
2022-12-09,3010.0,3035.800048828125,2940.0,2976.64990234375,329565
2022-12-12,2978.949951171875,2999.550048828125,2945.0,2991.39990234375,197711
2022-12-13,2982.050048828125,3015.60009765625,2979.0,2993.14990234375,120072
2022-12-14,3005.0,3029.0,2998.39990234375,3006.699951171875,307596
2022-12-15,3004.949951171875,3013.949951171875,2916.0,2930.199951171875,258936
2022-12-16,2920.0,2927.949951171875,2825.0,2838.5,425206
2022-12-19,2836.0,2903.5,2831.300048828125,2897.25,397439
2022-12-20,2893.10009765625,2936.0,2880.300048828125,2924.85009765625,380570
2022-12-21,2930.0,2951.199951171875,2831.199951171875,2841.0,195307
2022-12-22,2852.39990234375,2852.39990234375,2778.199951171875,2802.800048828125,234442
2022-12-23,2780.0,2783.949951171875,2666.25,2680.75,209507
2022-12-26,2685.0,2744.64990234375,2640.0,2724.64990234375,171579
2022-12-27,2750.14990234375,2757.550048828125,2708.60009765625,2742.64990234375,117811
2022-12-28,2735.050048828125,2762.75,2708.0,2724.35009765625,127712
2022-12-29,2725.0,2737.0,2678.949951171875,2684.199951171875,225208
2022-12-30,2694.5,2727.949951171875,2676.800048828125,2683.0,155615
2023-01-02,2685.0,2713.0,2662.5,2679.949951171875,135840
2023-01-03,2693.35009765625,2694.10009765625,2676.0,2689.39990234375,155374
2023-01-04,2690.0,2736.0,2690.0,2705.199951171875,313367
2023-01-05,2725.550048828125,2814.10009765625,2720.14990234375,2806.0,361324
2023-01-06,2821.0,2858.0,2810.300048828125,2843.60009765625,630345
2023-01-09,2861.050048828125,2882.35009765625,2830.64990234375,2862.10009765625,179843
2023-01-10,2860.0,2865.0,2801.550048828125,2841.64990234375,140490
2023-01-11,2848.0,2909.0,2825.0,2900.199951171875,457133
2023-01-12,2908.0,2935.0,2881.89990234375,2914.14990234375,212709
2023-01-13,2921.60009765625,2923.10009765625,2883.949951171875,2899.949951171875,103382
2023-01-16,2900.949951171875,2916.75,2861.199951171875,2872.39990234375,97665
2023-01-17,2878.699951171875,2896.85009765625,2835.0,2874.949951171875,88725
2023-01-18,2888.0,2925.0,2877.0,2920.35009765625,152461
2023-01-19,2920.699951171875,2979.0,2910.5,2918.64990234375,258856
2023-01-20,2934.89990234375,2945.85009765625,2911.10009765625,2933.75,131815
2023-01-23,2940.0,2952.050048828125,2917.64990234375,2947.699951171875,260669
2023-01-24,2957.449951171875,2957.449951171875,2920.0,2945.050048828125,147969
2023-01-25,2943.0,2947.0,2862.39990234375,2873.35009765625,191195
2023-01-27,2887.949951171875,2897.85009765625,2760.0,2803.199951171875,149121
2023-01-30,2813.0,2868.0,2786.14990234375,2814.85009765625,176771
2023-01-31,2815.0,2865.0,2802.5,2839.5,236077
2023-02-01,2860.0,2962.550048828125,2753.85009765625,2789.10009765625,623110
2023-02-02,2775.449951171875,2852.949951171875,2752.050048828125,2831.60009765625,236358
2023-02-03,2845.0,2849.0,2776.0,2805.85009765625,194330
2023-02-06,2804.0,2940.0,2782.10009765625,2932.0,197958
2023-02-07,2949.949951171875,3035.0,2901.0,3023.5,370039
2023-02-08,3031.949951171875,3090.0,3009.050048828125,3079.449951171875,408409
2023-02-09,3083.0,3140.0,3068.800048828125,3128.050048828125,262690
2023-02-10,3134.949951171875,3171.0,3097.050048828125,3166.300048828125,300374
2023-02-13,3195.0,3210.0,3005.550048828125,3079.64990234375,1255147
2023-02-14,3094.0,3171.0,3022.64990234375,3077.300048828125,613928
2023-02-15,3079.89990234375,3190.0,3074.449951171875,3149.60009765625,619722
2023-02-16,3165.35009765625,3205.0,3135.0,3188.39990234375,252897
2023-02-17,3192.0,3238.0,3121.199951171875,3136.14990234375,353966
2023-02-20,3154.050048828125,3224.89990234375,3139.0,3174.14990234375,305386
2023-02-21,3195.64990234375,3207.25,3145.0,3169.39990234375,314522
2023-02-22,3169.949951171875,3188.89990234375,3129.300048828125,3172.800048828125,218407
2023-02-23,3178.0,3180.0,3122.10009765625,3138.35009765625,155736
2023-02-24,3154.0,3174.0,3132.10009765625,3142.0,141718
2023-02-27,3149.699951171875,3179.0,3053.10009765625,3108.050048828125,220001
2023-02-28,3123.60009765625,3247.0,3104.800048828125,3217.35009765625,923123
2023-03-01,3232.0,3319.699951171875,3206.699951171875,3311.449951171875,556560
2023-03-02,3318.0,3339.85009765625,3286.0,3323.39990234375,351509
2023-03-03,3335.949951171875,3364.0,3311.050048828125,3328.75,446442
2023-03-06,3339.89990234375,3364.75,3301.35009765625,3318.449951171875,294806
2023-03-08,3318.449951171875,3398.89990234375,3300.0,3379.85009765625,448991
2023-03-09,3393.699951171875,3434.0,3380.0,3388.0,333450
2023-03-10,3379.85009765625,3386.64990234375,3327.0,3377.39990234375,194714
2023-03-13,3393.0,3401.050048828125,3265.050048828125,3274.449951171875,276376
2023-03-14,3287.0,3322.89990234375,3233.64990234375,3311.14990234375,330853
2023-03-15,3344.0,3347.949951171875,3286.0,3302.25,228737
2023-03-16,3282.050048828125,3344.64990234375,3252.0,3327.949951171875,257895
2023-03-17,3347.050048828125,3364.0,3286.60009765625,3312.550048828125,256724
2023-03-20,3300.0,3329.0,3266.449951171875,3298.85009765625,175472
2023-03-21,3299.0,3432.949951171875,3299.0,3412.35009765625,278420
2023-03-22,3413.050048828125,3427.199951171875,3301.050048828125,3309.89990234375,288396
2023-03-23,3310.0,3384.0,3301.35009765625,3360.449951171875,369001
2023-03-24,3377.35009765625,3392.0,3330.0,3346.699951171875,180779
2023-03-27,3354.0,3368.89990234375,3313.800048828125,3324.60009765625,171779
2023-03-28,3357.0,3385.0,3303.0,3338.64990234375,184543
2023-03-29,3339.89990234375,3415.64990234375,3333.0,3391.449951171875,1031003
2023-03-31,3391.0,3420.0,3350.10009765625,3365.14990234375,329944
2023-04-03,3388.0,3418.0,3338.0,3373.75,323147
2023-04-05,3388.949951171875,3390.0,3347.050048828125,3374.14990234375,221406
2023-04-06,3380.050048828125,3467.949951171875,3366.0,3397.10009765625,733361
2023-04-10,3419.89990234375,3419.89990234375,3369.699951171875,3397.64990234375,193423
2023-04-11,3383.0,3383.0,3267.10009765625,3277.449951171875,493329
2023-04-12,3293.89990234375,3301.300048828125,3196.550048828125,3203.550048828125,498526
2023-04-13,3216.800048828125,3256.64990234375,3173.0,3230.0,402975
2023-04-17,3250.0,3270.0,3213.0,3229.0,286059
2023-04-18,3240.0,3259.85009765625,3202.89990234375,3207.699951171875,277893
2023-04-19,3213.0,3243.0,3186.050048828125,3201.050048828125,266982
2023-04-20,3212.0,3231.75,3178.0,3184.300048828125,276392
2023-04-21,3198.0,3212.550048828125,3141.14990234375,3153.300048828125,267054
2023-04-24,3164.699951171875,3232.0,3160.64990234375,3217.39990234375,314556
2023-04-25,3228.0,3355.0,3210.050048828125,3336.10009765625,690245
2023-04-26,3345.0,3407.0,3330.0,3400.14990234375,361730
2023-04-27,3405.0,3421.89990234375,3376.050048828125,3411.60009765625,327674
2023-04-28,3409.0,3439.25,3386.0,3417.949951171875,251132
2023-05-02,3420.0,3464.25,3390.39990234375,3442.14990234375,331768
2023-05-03,3443.0,3480.0,3407.14990234375,3453.60009765625,359375
2023-05-04,3484.0,3662.75,3455.0,3645.35009765625,1282221
2023-05-05,3653.0,3753.64990234375,3649.949951171875,3718.85009765625,978769
2023-05-08,3728.449951171875,3818.39990234375,3720.0,3802.60009765625,321297
2023-05-09,3814.949951171875,3816.85009765625,3765.050048828125,3807.050048828125,395444
2023-05-10,3809.39990234375,3839.5,3791.0,3815.449951171875,253030
2023-05-11,3815.0,3870.14990234375,3805.10009765625,3860.449951171875,221052
2023-05-12,3851.14990234375,3956.0,3850.0,3942.550048828125,404269
2023-05-15,3935.0,3939.0,3845.0,3855.449951171875,227276
2023-05-16,3851.0,3933.75,3845.60009765625,3910.5,268910
2023-05-17,3904.5,3946.050048828125,3877.0,3918.89990234375,187846
2023-05-18,3920.5,3935.0,3890.550048828125,3897.5,141795
2023-05-19,3890.10009765625,3925.0,3845.60009765625,3894.75,154467
2023-05-22,3870.0,3927.85009765625,3809.5,3893.199951171875,275112
2023-05-23,3894.949951171875,3967.949951171875,3872.300048828125,3912.75,279818
2023-05-24,3912.0,3954.64990234375,3883.050048828125,3891.64990234375,205631
2023-05-25,3885.0,3957.0,3881.949951171875,3941.949951171875,339853
2023-05-26,3955.0,4012.300048828125,3950.0,4004.75,327697
2023-05-29,4025.949951171875,4058.10009765625,4012.300048828125,4031.14990234375,277673
2023-05-30,4028.0,4059.949951171875,4008.14990234375,4029.60009765625,179306
2023-05-31,4012.75,4299.0,3989.550048828125,4125.89990234375,1169176
2023-06-01,4131.5498046875,4140.0,3936.800048828125,3944.64990234375,421490
2023-06-02,3977.0,4028.199951171875,3938.5,4021.550048828125,397566
2023-06-05,4035.0,4069.0,3978.0,4033.0,316713
2023-06-06,4045.0,4091.949951171875,4032.949951171875,4057.64990234375,240261
2023-06-07,4068.60009765625,4162.0,4058.89990234375,4151.10009765625,241488
2023-06-08,4170.0,4171.9501953125,4085.0,4112.2998046875,171143
2023-06-09,4137.89990234375,4164.10009765625,4107.0,4151.2001953125,140674
2023-06-12,4157.4501953125,4173.7001953125,4097.14990234375,4151.4501953125,197995
2023-06-13,4155.64990234375,4329.85009765625,4140.7998046875,4319.7998046875,484212
2023-06-14,4327.0,4369.35009765625,4288.5498046875,4349.85009765625,282696
2023-06-15,4340.0,4348.25,4280.0,4313.64990234375,144416
2023-06-16,4300.0,4350.0,4288.0,4336.89990234375,153331
2023-06-19,4369.0,4411.2998046875,4311.75,4327.64990234375,177825
2023-06-20,4311.7998046875,4384.0,4311.7998046875,4376.0,231190
2023-06-21,4393.9501953125,4443.89990234375,4323.5498046875,4366.4501953125,304147
2023-06-22,4351.10009765625,4373.0,4261.0,4270.5,188292
2023-06-23,4279.89990234375,4303.7998046875,4216.5498046875,4239.7001953125,204714
2023-06-26,4237.0,4300.0,4216.2998046875,4285.35009765625,138748
2023-06-27,4315.25,4347.0,4270.0,4294.5,217841
2023-06-28,4324.75,4444.0,4301.0,4411.10009765625,339541
2023-06-30,4421.0,4444.0,4375.2998046875,4423.0,209317
2023-07-03,4450.0,4488.7001953125,4389.0498046875,4411.25,247575
2023-07-04,4411.25,4442.10009765625,4350.0,4360.7001953125,103281
2023-07-05,4370.0,4428.9501953125,4360.7001953125,4390.60009765625,89263
2023-07-06,4420.0,4445.25,4384.0,4400.14990234375,159465
2023-07-07,4400.0,4430.0,4353.0,4399.75,121844
2023-07-10,4414.85009765625,4426.60009765625,4350.0,4369.64990234375,117305
2023-07-11,4381.9501953125,4522.75,4380.2001953125,4499.25,300170
2023-07-12,4517.0,4555.0,4477.5,4528.4501953125,204362
2023-07-13,4544.75,4558.0,4395.0,4407.2998046875,226427
2023-07-14,4426.0,4463.2998046875,4355.35009765625,4383.7998046875,273514
2023-07-17,4393.89990234375,4456.7001953125,4377.14990234375,4418.9501953125,194300
2023-07-18,4421.0,4545.0,4421.0,4490.85009765625,350377
2023-07-19,4495.5,4614.35009765625,4485.0,4493.5,422756
2023-07-20,4500.0,4505.10009765625,4141.10009765625,4204.0,1566115
2023-07-21,4204.0,4317.64990234375,4199.2001953125,4225.7998046875,413021
2023-07-24,4250.0,4350.0,4250.0,4322.0498046875,291808
2023-07-25,4335.0,4369.4501953125,4271.14990234375,4333.10009765625,230780
2023-07-26,4335.35009765625,4420.4501953125,4331.4501953125,4398.5,214947
2023-07-27,4402.0,4491.5498046875,4368.0,4400.10009765625,334733
2023-07-28,4424.9501953125,4541.9501953125,4410.25,4516.2001953125,415070
2023-07-31,4505.5498046875,4608.0,4505.5498046875,4552.7998046875,254120
2023-08-01,4578.75,4589.2998046875,4498.0,4519.64990234375,119691
2023-08-02,4508.0,4557.0,4380.0,4408.0,217964
2023-08-03,4408.0,4438.0,4325.0,4372.9501953125,195937
2023-08-04,4311.0,4449.0,4311.0,4438.0498046875,199490
2023-08-07,4460.25,4541.14990234375,4417.60009765625,4525.9501953125,235866
2023-08-08,4547.9501953125,4547.9501953125,4445.0,4476.64990234375,151125
2023-08-09,4487.89990234375,4557.0,4415.5498046875,4520.9501953125,392322
2023-08-10,4519.85009765625,4550.0,4479.10009765625,4505.10009765625,169628
2023-08-11,4516.5498046875,4559.0,4487.0,4526.64990234375,212151
2023-08-14,4500.0,4500.0,4254.2001953125,4354.7001953125,753925
2023-08-16,4354.7001953125,4400.0,4255.10009765625,4299.85009765625,295770
2023-08-17,4309.85009765625,4341.89990234375,4275.5498046875,4313.7001953125,183884
2023-08-18,4314.7998046875,4343.4501953125,4270.0,4279.5,230500
2023-08-21,4298.7998046875,4331.2001953125,4251.0,4317.2001953125,294745
2023-08-22,4339.75,4339.75,4286.0,4324.2998046875,216566
2023-08-23,4344.0,4347.10009765625,4293.7998046875,4302.60009765625,144208
2023-08-24,4334.0,4390.0,4316.25,4336.9501953125,233683
2023-08-25,4339.9501953125,4345.0,4220.2001953125,4244.5,220479
2023-08-28,4259.89990234375,4310.0,4245.0,4264.10009765625,197684
2023-08-29,4274.89990234375,4329.9501953125,4244.10009765625,4318.85009765625,187724
2023-08-30,4335.0,4365.0,4323.5,4345.9501953125,187244
2023-08-31,4360.0,4390.0,4346.0,4381.5498046875,432110
2023-09-01,4381.35009765625,4399.0,4271.0,4291.4501953125,164901
2023-09-04,4300.0,4328.0,4245.25,4309.2998046875,298303
2023-09-05,4339.4501953125,4450.0,4315.10009765625,4440.7998046875,306152
2023-09-06,4469.89990234375,4540.0,4443.0498046875,4500.2998046875,504897
2023-09-07,4506.9501953125,4507.0,4442.5498046875,4448.60009765625,193416
2023-09-08,4464.89990234375,4515.0,4435.0,4458.5498046875,231272
2023-09-11,4484.9501953125,4678.0,4460.0498046875,4618.85009765625,684497
2023-09-12,4641.89990234375,4641.89990234375,4384.0,4401.89990234375,433279
2023-09-13,4419.0,4423.2001953125,4260.0,4341.10009765625,362583
2023-09-14,4360.0498046875,4387.5,4316.2998046875,4366.2001953125,138301
2023-09-15,4390.0,4396.89990234375,4340.60009765625,4379.39990234375,223156
2023-09-18,4377.0,4385.7998046875,4305.7001953125,4320.2998046875,105351
2023-09-20,4302.0,4427.89990234375,4285.10009765625,4329.0498046875,275335
2023-09-21,4345.0,4356.2001953125,4260.0,4276.2001953125,146287
2023-09-22,4317.0,4317.0,4165.0,4187.0,250138
2023-09-25,4219.2998046875,4219.64990234375,4123.0,4176.89990234375,274277
2023-09-26,4160.10009765625,4223.0,4151.2998046875,4205.2001953125,179832
2023-09-27,4225.0,4240.25,4168.7998046875,4233.35009765625,217834
2023-09-28,4250.0,4250.0,4087.699951171875,4101.7001953125,259081
2023-09-29,4120.0,4147.9501953125,4089.60009765625,4098.25,270878
2023-10-03,4103.9501953125,4149.9501953125,4058.14990234375,4091.949951171875,303772
2023-10-04,4055.199951171875,4089.85009765625,3978.35009765625,3997.5,438394
2023-10-05,4032.0,4107.14990234375,3997.5,4067.800048828125,310894
2023-10-06,4080.050048828125,4145.0,4068.0,4133.10009765625,207353
2023-10-09,4122.10009765625,4122.10009765625,4060.0,4099.7001953125,122211
2023-10-10,4119.89990234375,4205.85009765625,4088.050048828125,4192.7001953125,244817
2023-10-11,4213.2998046875,4226.2998046875,4170.0,4185.39990234375,158952
2023-10-12,4202.0498046875,4236.9501953125,4190.10009765625,4216.0498046875,246829
2023-10-13,4200.0,4235.0,4190.0,4229.2001953125,149733
2023-10-16,4239.9501953125,4299.39990234375,4225.89990234375,4281.4501953125,264960
2023-10-17,4287.9501953125,4307.85009765625,4254.25,4283.60009765625,130579
2023-10-18,4298.0,4339.39990234375,4083.050048828125,4098.2998046875,621225
2023-10-19,4098.2998046875,4121.60009765625,4032.25,4094.14990234375,388946
2023-10-20,4089.949951171875,4094.0,4001.0,4015.300048828125,204827
2023-10-23,4021.699951171875,4041.199951171875,3930.0,3942.699951171875,162161
2023-10-25,3949.0,4020.25,3895.300048828125,3930.5,261645
2023-10-26,3930.0,3995.35009765625,3850.0,3958.25,302100
2023-10-27,3989.949951171875,4085.5,3969.050048828125,4008.5,262816
2023-10-30,4036.60009765625,4101.0,3990.550048828125,4070.199951171875,114014
2023-10-31,4099.0,4125.0,4028.85009765625,4109.2998046875,205697
2023-11-01,4120.0,4147.0,4044.89990234375,4055.0,187184
2023-11-02,4089.699951171875,4112.7001953125,4067.550048828125,4076.949951171875,170196
2023-11-03,4105.5,4180.0,4078.050048828125,4167.5,183990
2023-11-06,4195.0,4223.5498046875,4141.2998046875,4203.7001953125,231433
2023-11-07,4214.0,4233.14990234375,4173.0,4208.7998046875,122172
2023-11-08,4239.0,4288.0,4218.0498046875,4275.5498046875,216669
2023-11-09,4284.89990234375,4372.9501953125,4216.0,4310.5,522498
2023-11-10,4328.0,4382.9501953125,4223.0,4239.2998046875,640836
2023-11-13,4235.89990234375,4307.85009765625,4202.5498046875,4262.75,157036
2023-11-15,4292.7001953125,4304.9501953125,4252.0,4258.7998046875,95758
2023-11-16,4285.0,4286.89990234375,4210.0498046875,4232.75,130755
2023-11-17,4242.0,4298.0,4215.75,4285.0498046875,121481
2023-11-20,4316.0,4365.35009765625,4295.0,4347.0,243547
2023-11-21,4393.9501953125,4429.89990234375,4335.0498046875,4345.2998046875,345900
2023-11-22,4360.10009765625,4375.64990234375,4220.2998046875,4234.39990234375,176385
2023-11-23,4250.0,4279.9501953125,4220.0,4260.5498046875,82762
2023-11-24,4265.0,4276.4501953125,4224.0,4262.35009765625,116246
2023-11-28,4289.0,4289.0,4195.5498046875,4255.25,184551
2023-11-29,4263.25,4274.2001953125,4231.64990234375,4244.0498046875,78223
2023-11-30,4256.0,4465.0,4234.10009765625,4419.75,558962
2023-12-01,4449.0,4449.0,4375.7998046875,4387.25,150704
2023-12-04,4419.75,4683.0,4419.10009765625,4630.75,798523
2023-12-05,4662.7001953125,4865.0498046875,4591.64990234375,4846.60009765625,860640
2023-12-06,4855.0,4885.4501953125,4721.75,4738.39990234375,248801
2023-12-07,4750.0498046875,4790.25,4699.5498046875,4744.7998046875,177991
2023-12-08,4789.89990234375,4843.35009765625,4684.4501953125,4746.7998046875,231897
2023-12-11,4778.0,4833.5,4760.0498046875,4786.85009765625,148181
2023-12-12,4798.10009765625,4819.75,4690.0498046875,4721.2998046875,201663
2023-12-13,4730.9501953125,4777.2998046875,4675.0498046875,4767.35009765625,166968
2023-12-14,4801.39990234375,4834.9501953125,4734.7001953125,4792.39990234375,150017
2023-12-15,4806.0498046875,4929.5498046875,4763.60009765625,4835.10009765625,371899
2023-12-18,4834.0,4957.0,4781.85009765625,4888.39990234375,356079
2023-12-19,4922.0,4925.60009765625,4800.0498046875,4838.9501953125,223298
2023-12-20,4854.0,4895.0,4562.14990234375,4614.35009765625,347680
2023-12-21,4599.2001953125,4705.4501953125,4529.10009765625,4684.5,191984
2023-12-22,4723.0,4765.0,4686.10009765625,4759.0,155535
2023-12-26,4771.35009765625,4824.0,4747.25,4771.35009765625,121004
2023-12-27,4799.9501953125,4822.89990234375,4724.0,4733.60009765625,165313
2023-12-28,4746.7001953125,4765.39990234375,4622.0,4642.9501953125,478064
2023-12-29,4669.0,4688.0,4618.60009765625,4674.85009765625,147991
2024-01-01,4674.85009765625,4715.0,4653.7998046875,4682.2001953125,84544
2024-01-02,4699.9501953125,4713.0,4600.0,4701.60009765625,178550
2024-01-03,4714.0,4829.89990234375,4699.10009765625,4775.5498046875,291954
2024-01-04,4818.89990234375,4866.0,4770.0498046875,4824.75,266936
2024-01-05,4855.9501953125,4900.0,4802.0,4832.35009765625,118877
2024-01-08,4856.0,4856.0,4740.0,4752.9501953125,60882
2024-01-09,4784.0,4973.64990234375,4780.0,4920.39990234375,571239
2024-01-10,4929.9501953125,4957.60009765625,4873.4501953125,4935.7001953125,241276
2024-01-11,4947.9501953125,4990.0498046875,4860.0,4871.85009765625,87455
2024-01-12,4909.89990234375,4909.89990234375,4771.64990234375,4783.9501953125,145377
2024-01-15,4809.0,4809.0,4725.0,4752.89990234375,104057
2024-01-16,4770.0,4842.2998046875,4750.0498046875,4809.2998046875,192280
2024-01-17,4798.0,4863.7001953125,4731.39990234375,4773.0498046875,163852
2024-01-18,4765.0,4797.39990234375,4665.0,4710.35009765625,151382
2024-01-19,4738.4501953125,4844.10009765625,4738.4501953125,4820.4501953125,132723
2024-01-23,4750.9501953125,4897.0,4735.89990234375,4770.5498046875,348426
2024-01-24,4764.9501953125,4814.89990234375,4613.7998046875,4731.25,293735
2024-01-25,4768.0,4794.9501953125,4665.0,4739.2998046875,114581
2024-01-29,4751.0,4807.14990234375,4715.39990234375,4791.5498046875,87854
2024-01-30,4825.0,4860.0,4715.9501953125,4729.75,152802
2024-01-31,4749.0,4762.75,4631.0,4671.60009765625,292837
2024-02-01,4692.0,4698.0,4340.2998046875,4546.0498046875,825760
2024-02-02,4546.0498046875,4594.9501953125,4463.0,4480.4501953125,315504
2024-02-05,4500.0,4538.5,4343.75,4368.2001953125,290961
2024-02-06,4378.0,4423.60009765625,4362.0498046875,4403.0,177927
2024-02-07,4434.5498046875,4629.2998046875,4434.5,4575.10009765625,281178
2024-02-08,4610.0,4610.0,4440.10009765625,4450.39990234375,132187
2024-02-09,4464.0,4501.4501953125,4412.7001953125,4489.4501953125,203496
2024-02-12,4484.89990234375,4552.2998046875,4400.0,4428.39990234375,149594
2024-02-13,4448.0,4485.35009765625,4375.7998046875,4464.85009765625,290402
2024-02-14,4441.85009765625,4621.10009765625,4427.85009765625,4558.39990234375,371445
2024-02-15,4575.0,4587.89990234375,4460.64990234375,4468.60009765625,286311
2024-02-16,4510.0,4539.7001953125,4469.4501953125,4524.14990234375,185797
2024-02-19,4540.0,4555.85009765625,4449.14990234375,4488.85009765625,155541
2024-02-20,4514.75,4547.0,4461.60009765625,4524.5,169172
2024-02-21,4640.0,5134.0,4640.0,4984.7001953125,4404765
2024-02-22,5200.0,5450.0,5081.60009765625,5425.0,4222692
2024-02-23,5420.0,5518.10009765625,5320.64990234375,5392.0498046875,1578299
2024-02-26,5359.0498046875,5432.2998046875,5136.0498046875,5296.2001953125,1164768
2024-02-27,5270.0,5474.75,5245.5,5450.5,656105
2024-02-28,5440.0,5552.0,5380.25,5428.60009765625,785448
2024-02-29,5444.9501953125,5485.0,5350.4501953125,5444.9501953125,527441
2024-03-01,5498.0,5524.60009765625,5455.0,5489.85009765625,345570
2024-03-04,5490.0,5665.0,5488.85009765625,5631.5498046875,484602
2024-03-05,5620.0,5695.0,5571.4501953125,5680.85009765625,340244
2024-03-06,5660.0,5720.0,5588.4501953125,5700.7001953125,401305
2024-03-07,5697.0498046875,5792.0,5675.0,5770.75,289128
2024-03-11,5801.0498046875,5933.89990234375,5770.75,5841.35009765625,693540
2024-03-12,5850.0,5855.0,5690.0,5718.0,310813
2024-03-13,5749.89990234375,5809.35009765625,5572.7001953125,5597.25,454668
2024-03-14,5614.89990234375,5658.2998046875,5520.0,5625.39990234375,354416
2024-03-15,5650.0,5789.7998046875,5585.5,5616.5498046875,810054
2024-03-18,5645.0,5785.0,5616.5498046875,5766.75,306134
2024-03-19,5787.5,5787.5,5611.5,5628.60009765625,245880
2024-03-20,5680.0,5769.85009765625,5560.0,5733.7001953125,272707
2024-03-21,5760.0,5877.0,5750.0,5864.89990234375,381358
2024-03-22,5875.0,6034.0498046875,5835.0498046875,5967.39990234375,514271
2024-03-26,5881.0,5986.60009765625,5875.2998046875,5929.7998046875,383434
2024-03-27,6110.0,6341.89990234375,6086.0,6279.35009765625,1232034
2024-03-28,6280.0,6471.9501953125,6222.7998046875,6360.85009765625,722060
2024-04-01,6422.4501953125,6568.2998046875,6397.0498046875,6504.64990234375,396061
2024-04-02,6545.0,6545.0,6372.64990234375,6429.85009765625,280233
2024-04-03,6458.0,6520.0,6431.85009765625,6504.0498046875,217760
2024-04-04,6593.0,6622.4501953125,6490.0498046875,6501.7998046875,325004
2024-04-05,6521.10009765625,6683.7001953125,6515.0,6669.85009765625,382254
2024-04-08,6670.0,6747.89990234375,6630.5,6699.75,179056
2024-04-09,6719.0,6721.60009765625,6495.64990234375,6529.7998046875,317551
2024-04-10,6578.64990234375,6666.0,6560.0,6641.5498046875,234204
2024-04-12,6650.0,6773.10009765625,6642.0,6752.9501953125,418148
2024-04-15,6660.0,6729.0498046875,6547.0498046875,6561.0498046875,333967
2024-04-16,6569.7001953125,6666.0,6525.0,6644.85009765625,268622
2024-04-18,6643.4501953125,6644.0,6310.0,6369.5,1041299
2024-04-19,6369.5,6369.5,6245.0,6292.60009765625,286043
2024-04-22,6375.0,6544.10009765625,6308.0,6525.2998046875,384870
2024-04-23,6569.7998046875,6569.7998046875,6295.39990234375,6307.4501953125,550348
2024-04-24,6366.7998046875,6381.5,6300.0498046875,6343.85009765625,239797
2024-04-25,6374.0,6461.2001953125,6345.5,6431.7001953125,260935
2024-04-26,6470.0,6489.9501953125,6377.7998046875,6410.4501953125,163903
2024-04-29,6460.60009765625,6463.9501953125,6349.2001953125,6451.89990234375,158748
2024-04-30,6500.0,6642.5,6454.0,6540.75,393914
2024-05-02,6585.0,6747.9501953125,6545.0,6682.5,317802
2024-05-03,6709.85009765625,6790.0,6638.10009765625,6698.5498046875,337954
2024-05-06,6710.0,7028.0,6710.0,6940.35009765625,689802
2024-05-07,6977.0,7040.0,6826.5498046875,6888.4501953125,384249
2024-05-08,6905.60009765625,7218.0,6802.7998046875,7186.75,545654
2024-05-09,7205.0,7205.0,6961.0498046875,6985.10009765625,412297
2024-05-10,7040.0,7210.0,7030.0,7178.35009765625,509593
2024-05-13,7550.0,8188.9501953125,7400.0,7984.25,3294820
2024-05-14,8035.0,8119.89990234375,7915.89990234375,8080.85009765625,856307
2024-05-15,8080.0,8125.0,7965.2001953125,8084.2998046875,460611
2024-05-16,8084.2998046875,8377.650390625,8027.60009765625,8305.150390625,1059012
2024-05-17,8300.0,8390.099609375,8235.0,8371.349609375,319044
2024-05-21,8350.0,8599.7998046875,8350.0,8549.2998046875,375839
2024-05-22,8555.0,8590.0,8384.5498046875,8413.2001953125,326374
2024-05-23,8460.0,8490.0,8356.5498046875,8423.5498046875,203242
2024-05-24,8477.7998046875,8508.75,8375.7998046875,8422.2001953125,163314
2024-05-27,8459.9501953125,8470.0,8261.099609375,8398.349609375,229846
2024-05-28,8365.099609375,8374.7001953125,8177.14990234375,8233.650390625,328008
2024-05-29,8133.0,8248.4501953125,8124.9501953125,8198.349609375,226167
2024-05-30,8142.2998046875,8291.650390625,8109.14990234375,8264.650390625,319976
2024-05-31,8328.0,8351.0,8166.89990234375,8317.9501953125,516112
2024-06-03,8500.5,8765.0,8395.25,8728.0,537121
2024-06-04,8750.0,8750.0,6982.39990234375,7666.75,1346607
2024-06-05,7850.0,7899.9501953125,7238.14990234375,7812.7001953125,1097810
2024-06-06,7801.0498046875,8144.7001953125,7801.0498046875,7987.5,483840
2024-06-07,8049.9501953125,8101.2001953125,7920.0,8073.25,323673
2024-06-10,8178.0498046875,8200.0,7994.2998046875,8061.9501953125,271789
2024-06-11,8145.0,8334.400390625,8072.10009765625,8095.25,434290
2024-06-12,8120.14990234375,8325.0,8120.0,8281.0,436181
2024-06-13,8350.0,8489.900390625,8305.0498046875,8446.599609375,386195
2024-06-14,8506.650390625,9145.0,8453.0498046875,9020.0,1242412
2024-06-18,9149.9501953125,9149.9501953125,8801.099609375,8867.0,517839
2024-06-19,8904.0,8913.75,8521.0,8544.0,601292
2024-06-20,8600.0,8665.599609375,8385.599609375,8539.2998046875,409555
2024-06-21,8590.0,8640.5,8355.0,8399.400390625,318529
2024-06-24,8389.0498046875,8565.349609375,8250.75,8465.2998046875,435447
2024-06-25,8494.9501953125,8597.849609375,8385.0498046875,8399.650390625,244800
2024-06-26,8426.0,8435.0,8235.7001953125,8390.849609375,336425
2024-06-27,8380.5,8690.849609375,8327.5498046875,8643.0498046875,654170
2024-06-28,8720.0,8720.150390625,8437.0,8490.900390625,400414
2024-07-01,8490.900390625,8645.849609375,8461.349609375,8587.400390625,251582
2024-07-02,8589.9501953125,8670.0,8414.0498046875,8514.2001953125,240074
2024-07-03,8536.0,8642.7001953125,8530.0,8617.849609375,235527
2024-07-04,8680.0,8808.7001953125,8580.150390625,8715.7998046875,329126
2024-07-05,8715.9501953125,8715.9501953125,8604.4501953125,8679.400390625,222477
2024-07-08,8700.0,8700.0,8492.0,8559.5498046875,161299
2024-07-09,8615.0,8714.9501953125,8567.150390625,8591.0,195613
2024-07-10,8624.9501953125,8624.9501953125,8381.599609375,8542.849609375,178905
2024-07-11,8585.0498046875,8590.0,8427.0,8457.9501953125,134239
2024-07-12,8400.0,8500.0,8191.0,8209.25,406193
2024-07-15,8210.2998046875,8265.0,8114.75,8251.150390625,279190
2024-07-16,8289.0,8299.9501953125,8184.9501953125,8232.2998046875,212920
2024-07-18,8234.7001953125,8249.900390625,7713.35009765625,7893.14990234375,715249
2024-07-19,7900.0,7909.7001953125,7600.0,7620.5,355166
2024-07-22,7525.14990234375,7759.85009765625,7425.0,7716.9501953125,363722
2024-07-23,7766.9501953125,7812.0498046875,7053.2001953125,7503.0498046875,714300
2024-07-24,7549.9501953125,7637.9501953125,7435.0,7522.60009765625,388681
2024-07-25,7450.0,7766.0,7410.0498046875,7623.7998046875,304924
2024-07-26,7698.9501953125,7870.0,7649.35009765625,7851.25,237187
2024-07-29,7899.0,7994.5,7812.0498046875,7974.2998046875,207473
2024-07-30,7990.0,8049.0,7830.0,7843.4501953125,136915
2024-07-31,7798.2001953125,7948.0,7790.0,7896.85009765625,274082
2024-08-01,7896.85009765625,7948.0,7735.0,7769.7998046875,143518
2024-08-02,7695.0498046875,7779.9501953125,7547.5498046875,7578.7998046875,195829
2024-08-05,7402.10009765625,7597.89990234375,7236.7998046875,7465.7001953125,335130
2024-08-06,7446.75,7650.0,7428.0,7465.7001953125,271285
2024-08-07,7556.0,7915.0,7470.35009765625,7870.39990234375,470318
2024-08-08,7881.0,8154.0,7776.0,7942.2998046875,630662
2024-08-09,8150.0,8263.75,7921.0,7972.10009765625,1288936
2024-08-12,7989.9501953125,7989.9501953125,7630.85009765625,7674.7001953125,499233
2024-08-13,7788.75,7788.75,7525.0,7544.7998046875,485092
2024-08-14,7600.0,7815.0,7451.0,7756.9501953125,505429
2024-08-16,7841.0,7925.0,7724.35009765625,7911.2001953125,383686
2024-08-19,7954.9501953125,7984.39990234375,7808.9501953125,7822.60009765625,140445
2024-08-20,7868.9501953125,7881.0,7735.5498046875,7800.75,180753
2024-08-21,7825.0,7930.0,7765.7998046875,7921.5498046875,139006
2024-08-22,7950.0,7950.0,7830.60009765625,7859.5498046875,112842
2024-08-23,7859.7998046875,7914.60009765625,7768.89990234375,7795.75,141683
2024-08-26,7820.0,7832.60009765625,7700.0,7790.39990234375,186052
2024-08-27,7828.7001953125,8024.25,7828.7001953125,7906.9501953125,465311
2024-08-28,7929.9501953125,7955.9501953125,7845.0498046875,7938.39990234375,153307
2024-08-29,7953.5,8014.4501953125,7789.2998046875,7876.5,261097
2024-08-30,7931.64990234375,7960.0,7843.2998046875,7936.0498046875,328066
2024-09-02,7945.0,7947.35009765625,7636.64990234375,7699.25,278992
2024-09-03,7748.64990234375,7828.7998046875,7680.7001953125,7767.89990234375,199718
2024-09-04,7754.89990234375,7765.0,7575.0,7639.0498046875,301420
2024-09-05,7655.0,7678.0,7611.39990234375,7650.10009765625,165098
2024-09-06,7650.0,7650.0,7500.0498046875,7516.39990234375,170226
2024-09-09,7500.0,7630.0,7431.5498046875,7600.89990234375,197525
2024-09-10,7600.89990234375,7640.85009765625,7510.0,7535.7001953125,175153
2024-09-11,7559.89990234375,7654.89990234375,7532.5498046875,7568.9501953125,137928
2024-09-12,7622.10009765625,7756.0,7615.0498046875,7720.2001953125,267442
2024-09-13,7774.25,7869.89990234375,7652.2998046875,7684.39990234375,282303
2024-09-16,7730.0,7897.0,7699.10009765625,7765.2001953125,355094
2024-09-17,7819.5,7883.64990234375,7762.5498046875,7873.64990234375,157996
2024-09-18,7873.64990234375,7917.5,7760.0,7785.25,164835
2024-09-19,7830.0,7832.85009765625,7350.0498046875,7502.7001953125,438617
2024-09-20,7560.0,7769.7998046875,7516.60009765625,7695.75,474901
2024-09-23,7750.0,7959.0,7750.0,7939.64990234375,267031
2024-09-24,7870.0,8100.0,7870.0,8078.2001953125,333336
2024-09-25,8099.0,8194.599609375,7992.4501953125,8178.35009765625,302067
2024-09-26,8214.0,8214.0,7962.5498046875,8070.39990234375,231382
2024-09-27,8090.0,8187.25,8065.0,8133.4501953125,339640
2024-09-30,7975.0,8196.0,7975.0,8055.0,266470
2024-10-01,8100.0,8303.25,8085.0498046875,8268.099609375,368953
2024-10-03,8201.0,8260.0,8045.7998046875,8110.2998046875,320792
2024-10-04,8090.0498046875,8104.2001953125,7880.0,7930.39990234375,305714
2024-10-07,7903.0,8060.0,7672.14990234375,7758.2998046875,193223
2024-10-08,7769.9501953125,8177.0,7745.0498046875,8154.64990234375,190857
2024-10-09,8152.75,8579.7998046875,8080.7998046875,8458.0498046875,567692
2024-10-10,8499.0,8619.7001953125,8444.0,8510.2998046875,321074
2024-10-11,8505.349609375,8608.0,8421.349609375,8553.7001953125,226675
2024-10-14,8592.599609375,8689.0,8539.25,8570.5,181469
2024-10-15,8620.0,8678.0,8545.0,8648.2998046875,192358
2024-10-16,8680.0,8940.599609375,8617.5,8769.349609375,660651
2024-10-17,8775.0,8815.0,8420.0498046875,8690.7001953125,407941
2024-10-18,8669.0498046875,8850.0,8560.0498046875,8783.0,197602
2024-10-21,8830.099609375,8871.2998046875,8260.0,8279.7001953125,337458
2024-10-22,8271.25,8378.0,8155.0498046875,8177.5498046875,267921
2024-10-23,8150.0498046875,8199.900390625,7620.25,7703.7998046875,553732
2024-10-24,7775.0,7905.0,7581.25,7648.10009765625,482630
2024-10-25,7716.7001953125,7737.35009765625,7415.10009765625,7521.64990234375,287311
2024-10-28,7520.0,7587.7001953125,7317.0,7338.9501953125,497757
2024-10-29,7339.5,7507.9501953125,7200.0498046875,7492.5,352099
2024-10-30,7503.4501953125,7531.2998046875,7390.0,7426.89990234375,262509
2024-10-31,7460.0,7479.85009765625,7318.0498046875,7429.4501953125,520624
2024-11-01,7474.0,7500.0,7384.0,7430.39990234375,39200
2024-11-04,7444.0,7452.0,7261.0,7360.85009765625,331535
2024-11-05,7400.9501953125,7438.5,6935.0,7132.85009765625,2177411
2024-11-06,7150.0,7197.9501953125,7037.10009765625,7164.0498046875,658234
2024-11-07,7190.0,7240.5498046875,6975.10009765625,6999.75,418991
2024-11-08,7030.0498046875,7118.89990234375,6949.0,7045.4501953125,565723
2024-11-11,7040.0,7268.14990234375,6995.35009765625,7237.7998046875,408263
2024-11-12,7296.0498046875,7308.75,6935.25,6964.25,547081
2024-11-13,6940.0,6999.0,6782.0,6802.0,509564
2024-11-14,6808.0,6834.14990234375,6629.85009765625,6680.14990234375,599381
2024-11-18,6700.35009765625,6745.4501953125,6605.0,6625.89990234375,327357
2024-11-19,6672.25,6788.39990234375,6626.2998046875,6701.60009765625,415057
2024-11-21,6701.60009765625,6830.0,6615.5,6760.7998046875,337186
2024-11-22,6774.9501953125,6939.0,6761.10009765625,6904.64990234375,254886
2024-11-25,7090.0,7299.9501953125,7051.0,7259.85009765625,745341
2024-11-26,7300.0,7390.0,7250.4501953125,7329.7001953125,456499
2024-11-27,7329.7001953125,7540.10009765625,7316.5,7496.2001953125,475285
2024-11-28,7520.0,7520.0,7340.7001953125,7394.85009765625,358113
2024-11-29,7435.0,7471.9501953125,7375.0,7421.25,191937
2024-12-02,7378.0,7508.9501953125,7340.0498046875,7490.75,353136
2024-12-03,7533.0,7635.0,7480.0498046875,7537.5498046875,339612
2024-12-04,7575.0,7722.5,7575.0,7664.2001953125,395551
2024-12-05,7650.0,7682.0,7420.0,7488.39990234375,424954
2024-12-06,7540.0,7574.0,7490.0,7552.39990234375,228818
2024-12-09,7575.9501953125,7640.0,7532.5498046875,7569.75,209644
2024-12-10,7636.0,7710.0,7570.2001953125,7693.25,265407
2024-12-11,7703.0,7787.0,7650.0,7728.75,173332
2024-12-12,7744.0,7755.0,7634.25,7657.0498046875,118184
2024-12-13,7615.0,7718.60009765625,7561.35009765625,7703.25,132883
2024-12-16,7703.25,7943.75,7689.2998046875,7890.35009765625,340801
2024-12-17,7890.35009765625,7960.0,7781.0,7817.4501953125,213086
2024-12-18,7812.0498046875,7814.75,7620.5,7657.14990234375,201768
2024-12-19,7620.0,7620.0,7335.10009765625,7351.89990234375,233391
2024-12-20,7359.7998046875,7407.4501953125,6886.0,6921.25,557249
2024-12-23,6966.0,7056.0,6893.0,6959.2001953125,167980
2024-12-24,7007.89990234375,7015.9501953125,6841.85009765625,6878.2001953125,159850
2024-12-26,6880.0,6955.4501953125,6843.0498046875,6945.2998046875,119925
2024-12-27,6968.7998046875,7006.9501953125,6822.0498046875,6846.89990234375,155724
2024-12-30,6812.0,6885.35009765625,6668.10009765625,6701.9501953125,901044
2024-12-31,6701.9501953125,6948.39990234375,6701.9501953125,6912.25,362642
2025-01-01,6912.0,6947.7001953125,6846.25,6928.4501953125,74460
2025-01-02,6910.5,6937.89990234375,6795.0,6891.7001953125,323524
2025-01-03,6900.0,6931.89990234375,6767.0,6800.14990234375,149381
2025-01-06,6800.0498046875,6826.9501953125,6573.7998046875,6620.2998046875,208851
2025-01-07,6627.64990234375,6741.89990234375,6627.64990234375,6706.2001953125,207775
2025-01-08,6699.9501953125,6717.9501953125,6567.4501953125,6657.0,162710
2025-01-09,6638.0,6692.0,6457.5,6482.4501953125,193962
2025-01-10,6480.0,6545.9501953125,6363.0,6415.64990234375,259956
2025-01-13,6352.0,6383.89990234375,6080.0,6109.25,389091
2025-01-14,6134.9501953125,6255.39990234375,6061.0498046875,6146.60009765625,254776
2025-01-15,6190.4501953125,6229.9501953125,6106.7001953125,6193.75,252993
2025-01-16,6238.10009765625,6353.0498046875,6220.2001953125,6308.25,170841
2025-01-17,6300.0,6553.7001953125,6251.64990234375,6527.5,385172
2025-01-20,6547.5498046875,6579.64990234375,6455.0498046875,6525.25,131130
2025-01-21,6525.25,6542.2001953125,6263.39990234375,6281.2001953125,337700
2025-01-22,6323.64990234375,6340.0,6114.0,6279.64990234375,303115
2025-01-23,6279.64990234375,6488.9501953125,6260.2001953125,6330.25,243034
2025-01-24,6360.0,6379.89990234375,6152.2998046875,6178.89990234375,145838
2025-01-27,6100.0,6177.7998046875,6009.0,6083.2998046875,241956
2025-01-28,6100.0,6184.75,5909.39990234375,5998.9501953125,270318
2025-01-29,6015.0,6139.2001953125,6015.0,6110.85009765625,119869
2025-01-30,6125.0,6133.9501953125,5678.0,5719.35009765625,854672
2025-01-31,5740.0,5947.85009765625,5710.10009765625,5874.64990234375,511763
2025-02-01,5920.0,5943.39990234375,5405.0,5499.5,510445
2025-02-03,5480.10009765625,5499.0,5105.5,5197.35009765625,1444875
2025-02-04,5271.35009765625,5650.0,5265.0,5629.5498046875,1337087
2025-02-05,5676.0,5805.5498046875,5640.0498046875,5744.9501953125,699315
2025-02-06,5794.9501953125,5874.35009765625,5642.25,5681.39990234375,384010
2025-02-07,5712.7998046875,5758.85009765625,5601.0498046875,5685.75,284417
2025-02-10,5674.9501953125,5724.2998046875,5558.5,5580.5,376402
2025-02-11,5596.0,5596.0,5408.64990234375,5436.85009765625,350160
2025-02-12,5423.0,5510.0,5226.2998046875,5449.5498046875,348968
2025-02-13,5450.10009765625,5569.0,5403.89990234375,5442.75,297830
2025-02-14,5455.0,5495.9501953125,5223.0,5263.75,296054
2025-02-17,5263.0,5275.9501953125,5142.0,5241.89990234375,252290
2025-02-18,5440.0,5515.0,5093.0,5142.0498046875,3924895
2025-02-19,5089.9501953125,5193.9501953125,5019.75,5123.85009765625,938108
2025-02-20,5100.0,5356.0,5072.0,5344.64990234375,757479
2025-02-21,5327.0,5365.9501953125,5185.0498046875,5291.39990234375,597090
2025-02-24,5248.2001953125,5409.0,5194.89990234375,5389.9501953125,557026
2025-02-25,5389.0,5391.89990234375,5241.4501953125,5301.7998046875,415818
2025-02-27,5301.7998046875,5317.7001953125,5105.2001953125,5144.7001953125,541660
2025-02-28,5110.0,5119.0,4918.0,4935.39990234375,784607
2025-03-03,4954.7998046875,5145.0,4890.0,5088.2998046875,558162
2025-03-04,5000.0,5212.0,5000.0,5191.39990234375,506485
2025-03-05,5100.0,5356.0,5100.0,5312.2998046875,445752
2025-03-06,5342.0,5432.0,5283.60009765625,5370.0,532908
2025-03-07,5370.0,5370.0498046875,5280.0,5326.5498046875,482112
2025-03-10,5328.0,5410.75,5139.64990234375,5160.2998046875,342786
2025-03-11,5100.0,5182.0,5080.0,5129.2998046875,549888
2025-03-12,5154.35009765625,5178.60009765625,5035.0,5139.7001953125,222937
2025-03-13,5152.0,5304.7001953125,5111.0,5118.5498046875,367022
2025-03-17,5160.0,5218.4501953125,5101.0,5187.64990234375,276511
2025-03-18,5187.64990234375,5187.64990234375,5187.64990234375,5187.64990234375,0
2025-03-19,5432.60009765625,5512.7998046875,5346.75,5475.60009765625,580679
2025-03-20,5500.0,5505.60009765625,5340.64990234375,5460.7001953125,442929
2025-03-21,5469.9501953125,5572.64990234375,5433.39990234375,5457.5,685475
2025-03-24,5471.14990234375,5598.0,5471.14990234375,5532.2001953125,310148
2025-03-25,5593.0,5594.9501953125,5397.5,5414.14990234375,265207
2025-03-26,5454.2001953125,5622.85009765625,5407.5498046875,5523.7001953125,729146
2025-03-27,5485.0,5578.4501953125,5445.0498046875,5540.35009765625,403518
2025-03-28,5559.9501953125,5625.0,5503.75,5546.25,420034
2025-04-01,5539.5,5548.0,5373.0,5399.14990234375,380081
2025-04-02,5425.2001953125,5431.89990234375,5211.10009765625,5313.14990234375,682715
2025-04-03,5250.0,5354.14990234375,5242.7001953125,5327.2998046875,224578
2025-04-04,5325.0,5331.0498046875,5075.7001953125,5095.89990234375,457097
2025-04-07,4684.4501953125,5022.35009765625,4684.4501953125,4963.5498046875,765239
2025-04-08,5041.0498046875,5119.9501953125,4970.0,5064.39990234375,304029
2025-04-09,5074.0,5090.89990234375,4970.0,5036.2001953125,353532
2025-04-11,5149.5,5173.9501953125,5052.0498046875,5143.2998046875,416323
2025-04-15,5220.0,5288.5,5158.5,5246.5,334196
2025-04-16,5280.0,5457.5,5252.5,5379.5,566818
2025-04-17,5422.5,5645.0,5294.5,5571.5,1143784
2025-04-21,5678.5,5699.0,5519.0,5629.0,684672
2025-04-22,5649.0,5704.0,5591.5,5682.5,325345
2025-04-23,5715.0,5792.0,5609.0,5713.0,376059
2025-04-24,5720.0,5733.0,5621.5,5688.5,374809
2025-04-25,5698.0,5708.5,5385.0,5499.0,638225
2025-04-28,5499.0,5558.5,5459.0,5536.0,205197
2025-04-29,5582.0,5625.0,5560.0,5583.5,224766
2025-04-30,5590.0,5604.0,5469.0,5522.5,316444
2025-05-02,5505.0,5531.0,5420.0,5441.0,203903
2025-05-05,5499.0,5504.5,5415.5,5487.5,241475
2025-05-06,5500.0,5500.0,5310.0,5334.0,400370
2025-05-07,5270.5,5445.0,5270.0,5397.5,270305
2025-05-08,5402.0,5439.5,5210.0,5287.5,345691
2025-05-09,5190.0,5468.0,5190.0,5440.5,321841
2025-05-12,5515.0,5715.0,5472.5,5587.0,669665
2025-05-13,5590.0,5699.0,5528.0,5636.5,638165
2025-05-14,5620.0,5745.0,5591.5,5635.0,400038
2025-05-15,5640.0,5747.5,5608.0,5735.0,356216
2025-05-16,5745.0,5866.0,5701.0,5820.0,418266
2025-05-19,5869.5,5913.0,5824.0,5838.0,181786
2025-05-20,5897.5,5898.0,5710.0,5738.5,444180
2025-05-21,5750.0,5899.5,5722.0,5886.5,266662
2025-05-22,5893.5,5959.0,5826.5,5924.0,286074
2025-05-23,5950.0,5989.5,5875.0,5961.0,208138
2025-05-26,5965.0,6048.0,5965.0,5996.5,219984
2025-05-27,6000.0,6050.0,5958.0,6014.5,244514
2025-05-28,6014.5,6062.0,5981.0,6015.0,160963
2025-05-29,6015.0,6070.0,5986.5,6043.5,160875
2025-05-30,6080.0,6118.0,5945.5,5971.0,296253
2025-06-02,5960.0,5990.5,5891.0,5974.5,159034
2025-06-03,5974.5,6080.0,5966.0,5995.0,197089
2025-06-04,6009.0,6050.0,5970.0,6041.5,171316
2025-06-05,6041.0,6080.0,6010.0,6031.5,135626
2025-06-06,6069.5,6175.5,6026.5,6051.5,336263
2025-06-09,6093.5,6240.5,6071.0,6215.0,270782
2025-06-10,6260.0,6260.0,6160.0,6168.0,207893
2025-06-11,6190.0,6195.0,6034.0,6077.0,294907
2025-06-12,6079.0,6099.0,5975.0,6021.0,369396
2025-06-13,5890.0,6017.5,5885.0,5999.0,220342
2025-06-16,6001.0,6045.0,5941.0,6014.0,133245
2025-06-17,6040.0,6084.0,6014.0,6034.5,101944
2025-06-18,6001.0,6089.5,6000.0,6044.0,165662
2025-06-19,6044.0,6068.5,5850.0,5869.0,130952
2025-06-20,5897.0,5991.0,5853.5,5968.5,241725
2025-06-23,5900.0,5959.0,5880.0,5923.5,88496
2025-06-24,5975.0,6067.0,5940.5,6003.5,228616
2025-06-25,6051.0,6065.0,5941.0,5966.5,138938
2025-06-26,5985.0,6025.0,5953.0,6012.5,110098
2025-06-27,6060.0,6175.0,6030.0,6069.5,241168
2025-06-30,6090.0,6133.5,6060.0,6080.5,157658
2025-07-01,6114.5,6144.5,5921.5,5949.5,365605
2025-07-02,5979.0,5989.5,5842.0,5906.0,284183
2025-07-03,5930.0,5938.5,5862.5,5871.5,193225
2025-07-04,5892.0,5901.5,5841.0,5862.0,153889
2025-07-07,5862.0,5862.0,5802.0,5844.0,89857
2025-07-08,5848.0,5885.0,5822.0,5840.0,242940
2025-07-09,5840.5,5940.0,5821.0,5898.0,204872
2025-07-10,5898.0,5929.0,5826.5,5893.5,189571
2025-07-11,5880.0,5897.0,5718.0,5756.5,280804
2025-07-14,5756.5,5782.5,5577.0,5647.5,456678
2025-07-15,5679.5,5725.0,5590.5,5608.0,454138
2025-07-16,5608.0,5618.0,5502.5,5551.0,590118
2025-07-17,5568.0,5664.0,5468.0,5637.5,1071876
2025-07-18,5684.0,5727.5,5630.5,5646.5,425486
2025-07-21,5666.0,5845.5,5635.5,5836.0,428913
2025-07-22,5850.5,5872.0,5731.0,5755.0,346363
2025-07-23,5771.5,5788.0,5675.0,5711.0,186980
2025-07-24,5711.0,5734.5,5655.0,5699.0,116292
2025-07-25,5699.0,5710.0,5610.5,5643.0,340538
2025-07-28,5640.0,5644.0,5525.0,5545.5,265335
2025-07-29,5545.0,5592.0,5478.0,5579.0,209954
2025-07-30,5610.0,5610.0,5470.0,5554.0,331867
2025-07-31,5510.0,5574.5,5489.5,5510.0,255793
2025-08-01,5539.0,5539.0,5360.5,5387.5,382061
2025-08-04,5310.0,5364.0,5014.5,5092.5,1957165
2025-08-05,5070.0,5099.0,5019.5,5084.0,614211
2025-08-06,5124.0,5124.0,5024.5,5097.0,385429
2025-08-07,5092.5,5140.0,5017.0,5118.5,355953
2025-08-08,5143.5,5143.5,5005.5,5022.0,348746
2025-08-11,5057.0,5122.5,5002.5,5047.0,429040
2025-08-12,5079.5,5089.5,5017.0,5071.5,273262
2025-08-13,5097.5,5102.0,5038.5,5087.0,231709
2025-08-14,5100.0,5105.5,5023.5,5030.0,237754
2025-08-18,5090.0,5090.0,5003.5,5037.5,307068
2025-08-19,5038.0,5082.0,5007.5,5068.0,204663
2025-08-20,5084.0,5140.5,5070.0,5121.5,312054
2025-08-21,5150.0,5195.0,5112.0,5141.5,377717
2025-08-22,5170.0,5170.0,5051.0,5063.0,219900
2025-08-25,5100.0,5113.5,5045.0,5100.5,246352
2025-08-26,5100.5,5109.5,5011.0,5022.0,482397
2025-08-28,5022.0,5039.5,4953.0,5000.5,335387
2025-08-29,5003.0,5060.5,4939.5,4999.0,251338
2025-09-01,5042.0,5140.5,5017.60009765625,5127.39990234375,242505
2025-09-02,5127.39990234375,5174.5,5097.0,5148.2001953125,306762
2025-09-03,5150.0,5209.89990234375,5148.2001953125,5188.39990234375,213167
2025-09-04,5220.0,5221.7998046875,5145.0,5162.7998046875,350954
2025-09-05,5162.7998046875,5185.2001953125,5070.0,5117.39990234375,259197
2025-09-08,5140.0,5187.2998046875,5097.60009765625,5108.2998046875,101582
2025-09-09,5111.0,5150.0,5091.0,5131.89990234375,150868
2025-09-10,5129.7998046875,5195.0,5121.0,5161.89990234375,184147
2025-09-11,5181.7001953125,5237.0,5157.10009765625,5218.10009765625,178386
2025-09-12,5224.0,5265.0,5201.0,5248.60009765625,196396
2025-09-15,5248.60009765625,5383.2998046875,5241.2001953125,5338.7998046875,435154
2025-09-16,5370.0,5376.89990234375,5316.60009765625,5349.0,154462
2025-09-17,5375.60009765625,5415.7998046875,5331.7001953125,5385.7998046875,196332
2025-09-18,5410.10009765625,5471.2998046875,5396.0,5436.0,293576
2025-09-19,5458.7998046875,5464.7001953125,5418.0,5436.89990234375,272034
2025-09-22,5430.0,5455.2998046875,5341.0,5362.7998046875,155891
2025-09-23,5360.2001953125,5375.39990234375,5285.0,5298.7001953125,167342
2025-09-24,5298.0,5349.7998046875,5223.60009765625,5237.2998046875,137979
2025-09-25,5237.0,5265.0,5184.0,5200.7001953125,308529
2025-09-26,5200.89990234375,5210.0,5121.0,5173.39990234375,348241
2025-09-29,5173.39990234375,5246.0,5167.10009765625,5207.7998046875,228230
2025-09-30,5201.0,5232.60009765625,5175.10009765625,5183.2998046875,215173
2025-10-01,5185.0,5208.0,5143.0,5199.0,94280
2025-10-03,5190.0,5208.5,5148.5,5183.5,291382
2025-10-06,5190.5,5244.5,5176.0,5218.0,156474
2025-10-07,5233.0,5343.0,5209.5,5219.5,382453
2025-10-08,5236.5,5236.5,5101.0,5128.5,399870
2025-10-09,5120.0,5162.0,5075.0,5146.5,212517
2025-10-10,5151.0,5210.0,5147.5,5186.0,180079
2025-10-13,5160.0,5175.5,5101.0,5147.5,284296
2025-10-14,5169.5,5169.5,5081.5,5119.5,299352
2025-10-15,5119.5,5228.0,5097.5,5173.5,218559
2025-10-16,5190.0,5260.0,5077.5,5212.0,542569
2025-10-17,5208.5,5227.0,5176.0,5202.0,145812
2025-10-20,5228.0,5273.5,5203.5,5231.5,141485
2025-10-21,5248.0,5262.0,5220.0,5240.0,26961
2025-10-23,5244.0,5279.5,5165.0,5181.5,333500
2025-10-24,5198.0,5210.0,5151.5,5181.0,245669
2025-10-27,5198.0,5240.0,5172.0,5238.0,72330
2025-10-28,5260.0,5275.0,5141.5,5175.5,236636
2025-10-29,5175.5,5300.0,5175.5,5289.0,193168
2025-10-30,5297.5,5306.0,5237.0,5279.0,121312
2025-10-31,5284.0,5295.5,5204.5,5220.0,146857
2025-11-03,5215.0,5279.0,5205.0,5256.0,79178
2025-11-04,5263.0,5270.5,5225.5,5244.0,101847
2025-11-06,5258.0,5280.5,5172.0,5228.0,302941
2025-11-07,5099.0,5151.0,4962.5,5016.5,1147124
2025-11-10,4964.0,5009.0,4921.5,4992.0,207748
2025-11-11,5021.5,5026.5,4941.0,4978.5,202095
2025-11-12,4994.0,5000.0,4911.0,4924.0,322415
2025-11-13,4933.0,4959.0,4896.0,4913.0,308690
2025-11-14,4913.0,4963.0,4899.0,4952.5,120184
2025-11-17,4955.0,5060.0,4926.0,5041.5,201519
2025-11-18,5041.5,5095.0,4998.5,5080.5,185933
2025-11-19,5081.5,5099.0,5037.0,5083.0,241340
2025-11-20,5083.0,5172.0,5083.0,5147.0,315841
2025-11-21,5130.0,5132.0,5068.5,5092.0,195539
2025-11-24,5092.0,5100.0,5024.5,5057.0,453211
2025-11-25,5042.5,5092.0,5035.0,5070.5,179842
2025-11-26,5070.5,5206.5,5058.0,5197.5,157689
2025-11-27,5235.0,5264.5,5188.5,5240.5,123457
2025-11-28,5260.0,5260.5,5170.0,5175.0,82669
2025-12-01,5218.0,5219.5,5148.5,5189.5,68252
2025-12-02,5171.0,5221.5,5161.0,5183.0,149427
2025-12-03,5183.0,5183.0,5088.5,5107.0,81229
2025-12-04,5100.0,5182.0,5095.0,5172.5,90233
2025-12-05,5172.5,5194.0,5140.5,5173.5,99564
2025-12-08,5171.5,5194.0,5049.0,5057.5,130551
2025-12-09,5051.0,5128.0,4981.0,5117.0,113585
2025-12-10,5109.5,5192.0,5098.0,5152.0,118196
2025-12-11,5154.0,5257.5,5147.0,5242.5,197330
2025-12-12,5270.0,5299.0,5230.0,5278.0,200377
2025-12-15,5288.0,5298.0,5200.5,5285.0,191017
2025-12-16,5280.0,5280.0,5227.0,5242.0,71299
2025-12-17,5238.0,5262.5,5152.0,5171.0,85858
2025-12-18,5185.0,5185.0,5075.5,5097.5,362593
2025-12-19,5106.0,5191.5,5100.0,5177.0,351488
2025-12-22,5180.5,5233.0,5170.0,5181.0,67499
2025-12-23,5185.0,5215.0,5151.0,5204.0,64953
2025-12-24,5212.5,5266.0,5202.0,5215.0,103441
2025-12-26,5215.0,5244.5,5164.5,5183.0,54254
2025-12-29,5218.5,5218.5,5155.0,5165.0,53679
2025-12-30,5155.0,5169.0,5100.0,5138.5,107504
2025-12-31,5150.0,5207.5,5141.5,5170.0,106827
2026-01-01,5183.0,5195.5,5146.0,5176.5,37884
2026-01-02,5156.5,5220.0,5156.5,5205.5,63490
2026-01-05,5230.0,5249.5,5131.0,5168.5,101498
2026-01-06,5168.5,5254.5,5160.5,5224.5,122892
2026-01-07,5215.0,5307.5,5181.5,5299.0,123203
2026-01-08,5312.0,5368.0,4983.5,5021.0,681840
2026-01-09,5050.0,5138.0,4983.5,5093.0,329338
2026-01-12,5075.0,5075.5,4951.0,5048.0,172796
2026-01-13,5050.0,5081.5,4923.0,4966.0,113004
2026-01-14,4960.5,4992.0,4925.0,4935.0,107017
2026-01-15,4935.0,4935.0,4935.0,4935.0,0
2026-01-16,4935.0,4960.0,4852.0,4872.5,186282
2026-01-19,4877.5,4942.0,4839.0,4865.5,238177
2026-01-20,4855.0,4855.0,4673.0,4691.5,413609
2026-01-21,4692.5,4751.5,4637.5,4707.5,349292
2026-01-22,4725.0,4807.0,4719.0,4755.5,145026
2026-01-23,4760.0,4775.0,4668.5,4694.5,114255
2026-01-27,4694.5,4777.0,4649.5,4707.5,178884
2026-01-28,4759.0,5075.0,4750.0,5043.5,419235
2026-01-29,5050.0,5547.5,4983.5,5474.0,2492153
2026-01-30,5440.0,5605.5,5400.0,5578.5,634906
2026-02-02,5490.0,5537.0,5368.5,5468.0,156864
2026-02-03,5641.5,5769.0,5608.0,5668.5,646658
2026-02-04,5661.0,5867.0,5582.5,5755.0,509746
2026-02-05,5750.0,5840.5,5663.0,5770.0,205411
2026-02-06,5769.0,5845.0,5726.5,5816.0,304093
2026-02-09,5845.0,5850.0,5748.0,5815.5,137449
2026-02-10,5850.0,5884.0,5806.0,5870.0,155125
2026-02-11,5851.0,5861.0,5781.0,5825.5,91365
2026-02-12,5819.0,5864.5,5760.0,5788.5,169801
2026-02-13,5788.5,5855.0,5726.5,5780.5,152957
2026-02-16,5781.0,5914.0,5742.5,5888.0,188248
2026-02-17,5922.5,5940.0,5806.0,5836.0,116120
2026-02-18,5836.0,5909.0,5771.5,5881.5,178419
2026-02-19,5885.0,5908.0,5695.0,5719.5,136031
2026-02-20,5725.0,6246.0,5719.5,5987.0,4034978
2026-02-23,6090.0,6090.0,5775.0,5917.5,831004
2026-02-24,5881.5,6075.0,5881.5,6056.0,782563
2026-02-25,6101.0,6180.0,6046.5,6167.5,363747
2026-02-26,6170.0,6205.5,6110.5,6133.0,283878
2026-02-27,6128.0,6128.0,6039.0,6073.0,602254
2026-03-02,5840.0,6073.0,5835.0,5983.0,275442
2026-03-04,5900.0,5911.5,5793.5,5830.5,275613
2026-03-05,5844.0,6000.5,5833.5,5929.0,268401
2026-03-06,5900.0,6118.0,5869.0,6062.0,377080
2026-03-09,5982.0,6000.0,5853.0,5982.5,249926
2026-03-10,6032.5,6250.0,6032.0,6224.5,474110
2026-03-11,6230.0,6325.0,6181.0,6280.0,599883
2026-03-12,6242.0,6429.5,6146.0,6409.0,596298
2026-03-13,6439.5,6554.0,6339.5,6392.5,1070957
2026-03-16,6400.0,6417.0,6162.5,6218.0,371084
2026-03-17,6237.5,6337.5,6176.5,6310.5,297126
2026-03-18,6320.5,6415.5,6280.5,6337.5,280678
2026-03-19,6261.0,6322.0,6178.5,6214.0,212355
2026-03-20,6250.0,6380.0,6250.0,6297.0,274862
2026-03-23,6264.0,6264.0,5975.0,6041.5,274731
2026-03-24,6200.0,6244.5,6045.0,6162.0,280421
2026-03-25,6200.0,6290.0,6185.5,6212.5,231844
2026-03-27,6190.0,6190.0,5987.0,6105.0,425645
2026-03-30,5995.0,6100.0,5911.0,5941.5,342351
2026-04-01,6180.0,6188.5,6012.0,6063.0,339497
2026-04-02,6021.5,6158.0,5916.5,6142.0,275527
2026-04-06,6150.0,6247.5,6088.0,6193.5,259645
2026-04-07,6175.0,6280.0,6081.5,6269.0,253657
2026-04-08,6399.0,6584.5,6370.0,6565.0,626418
2026-04-09,6575.0,6642.0,6483.5,6614.0,591302
2026-04-10,6642.0,6905.5,6612.5,6859.5,798909
2026-04-13,6725.0,6878.5,6688.0,6828.5,320237
2026-04-15,6890.0,6993.0,6844.0,6873.0,499662
2026-04-16,6873.5,6907.0,6732.5,6883.5,548523
2026-04-17,6880.0,7083.0,6833.5,7029.5,558816
2026-04-20,7054.5,7319.5,6993.5,7158.0,559841
2026-04-21,7200.0,7300.0,7184.0,7255.0,260767
2026-04-22,7253.0,7822.5,7161.0,7587.0,1729200
2026-04-23,7587.0,7650.0,7533.5,7575.5,376857
2026-04-24,7575.5,7594.0,7304.0,7328.5,343502
2026-04-27,7330.5,7475.0,7282.5,7430.5,267337
2026-04-28,7449.0,7490.0,7251.5,7288.0,296110
2026-04-29,7340.0,7373.0,7212.0,7264.5,361430
2026-04-30,7250.0,7305.0,7102.0,7230.0,327820
2026-05-01,7230.0,7230.0,7230.0,7230.0,0
2026-05-04,7269.0,7363.0,7185.0,7236.5,364239
2026-05-05,7248.0,7349.0,7215.0,7328.0,324323
2026-05-06,7389.0,7389.0,7135.0,7182.5,282411
2026-05-07,7183.0,7279.5,7000.0,7188.0,367185
2026-05-08,7210.0,7210.0,6991.5,7012.5,443952
2026-05-11,6662.0,6687.0,6323.5,6387.5,2419336
2026-05-12,6360.0,6403.0,6171.5,6328.5,976463
2026-05-13,6344.0,6395.0,6212.5,6305.0,367052
2026-05-14,6350.0,6439.0,6220.0,6429.0,327209
2026-05-15,6425.0,6433.5,6307.0,6381.0,249403
2026-05-18,6310.0,6445.0,6225.0,6413.5,370285
2026-05-19,6430.5,6463.5,6310.0,6329.0,344676
2026-05-20,6260.0,6624.0,6259.5,6605.0,546490
2026-05-21,6673.0,6718.0,6566.0,6598.0,498808
2026-05-22,6600.5,6741.0,6594.0,6689.5,371775
2026-05-25,6734.0,6826.0,6712.5,6755.0,263153
2026-05-26,6755.0,6822.0,6722.0,6804.0,200573
2026-05-27,6841.5,7244.0,6808.0,7219.0,636096
2026-05-28,7219.0,7219.0,7219.0,7219.0,0
2026-05-29,7280.0,7340.0,7121.0,7253.0,1105117
2026-06-01,7253.0,7254.0,7004.0,7027.5,452205
2026-06-02,6970.0,7169.0,6957.0,7146.0,511846
2026-06-03,7146.0,7247.0,7083.0,7196.0,309040
2026-06-04,7192.0,7327.0,7122.5,7156.0,298566
2026-06-05,7175.0,7217.0,7108.5,7167.5,249982
2026-06-08,7105.5,7129.5,6893.0,6958.0,240753
2026-06-09,7000.0,7063.5,6908.0,6931.0,254364
2026-06-10,6905.5,6951.5,6769.0,6801.0,463997
2026-06-11,6782.0,6815.5,6653.0,6719.0,262862
2026-06-12,6783.0,6854.5,6722.0,6770.5,188800
2026-06-15,6880.0,6977.5,6821.0,6922.5,227935
2026-06-16,6955.0,7079.5,6939.0,7021.0,366666
2026-06-17,7021.0,7187.5,6980.0,7164.0,298071
2026-06-18,7175.0,7254.0,7089.5,7229.0,239735
2026-06-19,7288.0,7304.0,7183.0,7248.0,241827
2026-06-22,7250.0,7290.5,7200.0,7258.0,150159
2026-06-23,7253.5,7285.0,7109.0,7158.5,186185
2026-06-24,7174.5,7199.0,6935.0,6967.5,280561
2026-06-25,7040.0,7098.0,6963.0,6993.0,231515
2026-06-26,6993.0,6993.0,6993.0,6993.0,0
2026-06-29,7000.0,7268.0,6886.5,7128.0,915384
2026-06-30,7070.0,7100.0,6993.0,7031.0,367996
2026-07-01,7046.0,7073.5,6915.0,6937.0,146578
2026-07-02,6950.0,6961.0,6830.5,6861.0,264804
2026-07-03,6881.0,6975.0,6752.0,6950.5,345071
2026-07-06,6985.5,7085.0,6891.0,7073.0,238108
2026-07-07,7107.0,7107.0,6868.0,6978.0,229515
2026-07-08,6908.5,6943.5,6725.0,6771.5,331230
2026-07-09,6780.0,6861.5,6780.0,6820.0,119092
2026-07-10,6835.0,6911.0,6812.0,6836.0,110261
2026-07-13,6800.0,6872.0,6715.5,6807.0,297882
2026-07-14,6778.5,6920.0,6744.0,6892.0,187662
2026-07-15,6940.0,7270.0,6926.5,7204.5,763817
2026-07-16,7210.5,7924.5,7191.0,7667.5,2577801
2026-07-17,7667.5,7706.5,7485.0,7506.0,366304
2026-07-20,7495.5,7574.0,7416.5,7517.0,272955
2026-07-21,7525.5,7633.0,7492.5,7532.0,254098
2026-07-22,7532.0,7639.0,7485.5,7506.0,212131
2026-07-23,7519.0,7684.5,7486.0,,304089
