date,open,high,low,close,volume
2019-07-23,216.1999969482422,219.14999389648438,215.14999389648438,217.64999389648438,3846881
2019-07-24,217.5,218.9499969482422,213.4499969482422,215.6999969482422,1690968
2019-07-25,216.10000610351562,220.0,211.0,214.0500030517578,4148175
2019-07-26,215.3000030517578,215.60000610351562,209.10000610351562,213.4499969482422,4479103
2019-07-29,213.5,213.89999389648438,204.10000610351562,205.14999389648438,3642296
2019-07-30,205.89999389648438,208.0,201.10000610351562,202.10000610351562,2875238
2019-07-31,201.60000610351562,202.9499969482422,197.8000030517578,201.89999389648438,4384931
2019-08-01,201.6999969482422,201.9499969482422,194.10000610351562,196.8000030517578,4009344
2019-08-02,194.6999969482422,202.14999389648438,194.25,199.5,3109814
2019-08-05,197.60000610351562,199.5,194.85000610351562,197.25,2295191
2019-08-06,195.3000030517578,203.3000030517578,195.3000030517578,201.85000610351562,4770543
2019-08-07,202.3000030517578,206.25,201.4499969482422,204.89999389648438,6120163
2019-08-08,204.89999389648438,211.4499969482422,203.85000610351562,206.3000030517578,5105516
2019-08-09,208.0,214.89999389648438,208.0,212.9499969482422,5559737
2019-08-13,212.9499969482422,213.75,207.1999969482422,208.39999389648438,5125593
2019-08-14,208.4499969482422,215.1999969482422,208.4499969482422,214.0,3676384
2019-08-16,213.89999389648438,214.9499969482422,209.64999389648438,213.89999389648438,2152191
2019-08-19,214.39999389648438,216.60000610351562,211.3000030517578,212.0,1881382
2019-08-20,212.10000610351562,212.5,205.14999389648438,205.85000610351562,1823430
2019-08-21,206.0,206.75,200.5,201.10000610351562,2235406
2019-08-22,200.8000030517578,200.89999389648438,196.5,197.5500030517578,2970844
2019-08-23,196.60000610351562,199.6999969482422,196.0500030517578,197.3000030517578,5629349
2019-08-26,202.39999389648438,203.35000610351562,194.60000610351562,202.64999389648438,3332737
2019-08-27,203.5,207.6999969482422,202.85000610351562,205.10000610351562,2434000
2019-08-28,205.0,207.5,202.75,205.0,1674581
2019-08-29,203.5500030517578,205.14999389648438,199.39999389648438,200.0500030517578,3138802
2019-08-30,201.0,202.9499969482422,199.14999389648438,202.35000610351562,3324682
2019-09-03,200.0,200.64999389648438,192.3000030517578,193.35000610351562,5785632
2019-09-04,193.0,193.0,188.4499969482422,190.89999389648438,5847593
2019-09-05,192.5500030517578,193.8000030517578,190.39999389648438,193.1999969482422,2928347
2019-09-06,193.60000610351562,196.6999969482422,193.3000030517578,194.6999969482422,1565369
2019-09-09,195.0,197.8000030517578,193.64999389648438,195.5,1534947
2019-09-11,195.75,198.35000610351562,195.75,197.35000610351562,1746891
2019-09-12,197.5,200.1999969482422,195.10000610351562,195.75,2256605
2019-09-13,196.0,202.14999389648438,193.89999389648438,201.0,2245097
2019-09-16,199.5,203.89999389648438,197.35000610351562,201.4499969482422,2090311
2019-09-17,200.85000610351562,201.1999969482422,193.5,194.35000610351562,2829653
2019-09-18,195.0,196.6999969482422,194.10000610351562,195.8000030517578,2266964
2019-09-19,195.5,196.5,190.25,191.8000030517578,2032982
2019-09-20,192.1999969482422,217.35000610351562,191.25,215.1999969482422,8240226
2019-09-23,216.1999969482422,225.0,216.1999969482422,220.5500030517578,5258243
2019-09-24,219.4499969482422,219.4499969482422,212.6999969482422,215.75,2701974
2019-09-25,214.9499969482422,215.6999969482422,207.3000030517578,210.10000610351562,3960724
2019-09-26,210.35000610351562,213.8000030517578,207.60000610351562,210.5,3991305
2019-09-27,210.10000610351562,210.60000610351562,205.85000610351562,207.0500030517578,1996223
2019-09-30,207.0,207.0,202.5,203.9499969482422,2199055
2019-10-01,204.39999389648438,205.64999389648438,193.6999969482422,199.85000610351562,3940452
2019-10-03,198.39999389648438,201.25,193.75,196.35000610351562,2884359
2019-10-04,197.5,198.1999969482422,188.85000610351562,189.64999389648438,2548653
2019-10-07,190.6999969482422,190.75,185.25,185.9499969482422,2614126
2019-10-09,185.5,193.35000610351562,184.10000610351562,192.35000610351562,3360027
2019-10-10,191.3000030517578,191.6999969482422,186.85000610351562,188.0,1878899
2019-10-11,189.14999389648438,190.75,186.85000610351562,189.1999969482422,2290001
2019-10-14,189.85000610351562,195.3000030517578,188.75,194.0500030517578,2856315
2019-10-15,194.89999389648438,198.5,194.0,196.9499969482422,2661814
2019-10-16,199.1999969482422,203.10000610351562,198.6999969482422,202.6999969482422,3790120
2019-10-17,203.0,208.1999969482422,202.0500030517578,206.89999389648438,3304474
2019-10-18,208.0500030517578,209.8000030517578,206.1999969482422,207.64999389648438,3446793
2019-10-22,205.0,205.39999389648438,192.5,195.89999389648438,9355044
2019-10-23,196.0,197.8000030517578,193.10000610351562,196.8000030517578,2890392
2019-10-24,198.0,199.4499969482422,194.5,197.64999389648438,3930744
2019-10-25,198.1999969482422,199.10000610351562,195.3000030517578,197.4499969482422,2875494
2019-10-27,197.64999389648438,198.89999389648438,197.0,197.5500030517578,178702
2019-10-29,197.89999389648438,200.0,196.89999389648438,199.1999969482422,2409517
2019-10-30,199.8000030517578,203.6999969482422,199.64999389648438,200.60000610351562,2471767
2019-10-31,202.0,203.0,199.1999969482422,202.3000030517578,2177954
2019-11-01,203.0,204.0,199.8000030517578,201.60000610351562,2770430
2019-11-04,203.0,206.6999969482422,202.14999389648438,203.35000610351562,4243318
2019-11-05,203.85000610351562,204.35000610351562,200.5,201.5500030517578,2190913
2019-11-06,201.9499969482422,203.75,199.89999389648438,202.25,1636076
2019-11-07,203.5,205.0,201.75,203.1999969482422,2560585
2019-11-08,203.1999969482422,204.89999389648438,200.0,202.25,2181870
2019-11-11,200.0,201.9499969482422,198.75,200.14999389648438,1436622
2019-11-13,200.14999389648438,202.1999969482422,194.5500030517578,195.25,2726347
2019-11-14,195.10000610351562,201.0,193.0,200.5500030517578,4639427
2019-11-15,200.3000030517578,202.25,199.0,201.0,2190854
2019-11-18,202.0,204.14999389648438,200.3000030517578,201.1999969482422,1975524
2019-11-19,201.4499969482422,202.4499969482422,198.6999969482422,201.39999389648438,2382060
2019-11-20,201.64999389648438,203.0,201.0,201.60000610351562,1906946
2019-11-21,201.60000610351562,202.1999969482422,200.3000030517578,201.0500030517578,1272618
2019-11-22,200.6999969482422,202.1999969482422,198.10000610351562,200.8000030517578,4861070
2019-11-25,201.0,201.14999389648438,198.0,200.6999969482422,1484115
2019-11-26,200.9499969482422,203.0,198.10000610351562,200.3000030517578,3628754
2019-11-27,200.6999969482422,205.1999969482422,200.0500030517578,203.6999969482422,2692917
2019-11-28,204.14999389648438,206.25,203.3000030517578,204.9499969482422,3042069
2019-11-29,206.0,208.1999969482422,203.89999389648438,204.64999389648438,2788327
2019-12-02,205.5,211.0,204.64999389648438,209.85000610351562,3517119
2019-12-03,210.4499969482422,210.85000610351562,201.4499969482422,202.0500030517578,3310100
2019-12-04,201.14999389648438,206.0,200.8000030517578,205.4499969482422,4612402
2019-12-05,204.6999969482422,206.39999389648438,200.89999389648438,201.1999969482422,2482546
2019-12-06,202.14999389648438,203.0,199.35000610351562,200.89999389648438,1407240
2019-12-09,200.89999389648438,201.85000610351562,198.39999389648438,199.6999969482422,1881525
2019-12-10,199.89999389648438,200.35000610351562,195.3000030517578,195.85000610351562,1652751
2019-12-11,196.5,197.25,190.1999969482422,191.5,4141191
2019-12-12,192.5,194.35000610351562,191.0500030517578,193.25,1583815
2019-12-13,194.1999969482422,199.35000610351562,193.64999389648438,197.89999389648438,2466144
2019-12-16,197.5,199.0,193.8000030517578,194.4499969482422,3104923
2019-12-17,195.25,199.1999969482422,194.1999969482422,198.5500030517578,1508604
2019-12-18,198.60000610351562,199.8000030517578,194.1999969482422,196.5500030517578,2341481
2019-12-19,196.5,198.25,195.64999389648438,197.0,931812
2019-12-20,195.75,197.0,193.10000610351562,194.4499969482422,5153265
2019-12-23,194.0,198.5500030517578,193.89999389648438,197.75,2275861
2019-12-24,198.0,198.64999389648438,195.25,196.5500030517578,938136
2019-12-26,196.60000610351562,197.4499969482422,193.60000610351562,194.10000610351562,1119466
2019-12-27,195.0,195.85000610351562,194.14999389648438,194.89999389648438,2876977
2019-12-30,194.6999969482422,197.39999389648438,193.5,195.64999389648438,2510251
2019-12-31,195.6999969482422,198.25,194.64999389648438,196.25,1972433
2020-01-01,197.1999969482422,197.75,195.8000030517578,197.0,1459556
2020-01-02,197.35000610351562,206.39999389648438,197.1999969482422,205.35000610351562,8633553
2020-01-03,204.9499969482422,205.8000030517578,202.25,203.39999389648438,2007973
2020-01-06,202.85000610351562,202.85000610351562,196.35000610351562,196.89999389648438,2119702
2020-01-07,198.10000610351562,202.5500030517578,196.6999969482422,199.0,3557312
2020-01-08,196.0,204.60000610351562,195.64999389648438,201.64999389648438,4943334
2020-01-09,203.89999389648438,209.3000030517578,203.85000610351562,207.9499969482422,5537880
2020-01-10,208.5500030517578,214.0,206.8000030517578,211.75,5362463
2020-01-13,212.60000610351562,214.8000030517578,210.64999389648438,211.5,2628821
2020-01-14,212.1999969482422,212.4499969482422,208.8000030517578,209.3000030517578,3725008
2020-01-15,209.0,212.89999389648438,206.64999389648438,212.0500030517578,3359831
2020-01-16,213.5,214.39999389648438,209.10000610351562,209.75,3126006
2020-01-17,209.64999389648438,212.39999389648438,208.60000610351562,210.39999389648438,1968147
2020-01-20,211.39999389648438,211.75,206.64999389648438,207.0500030517578,1743715
2020-01-21,206.0,209.89999389648438,205.6999969482422,207.60000610351562,3142796
2020-01-22,208.89999389648438,212.1999969482422,208.3000030517578,210.35000610351562,3780055
2020-01-23,210.0,214.9499969482422,209.4499969482422,213.64999389648438,4656562
2020-01-24,214.10000610351562,216.89999389648438,212.60000610351562,215.9499969482422,3540793
2020-01-27,214.60000610351562,218.89999389648438,214.3000030517578,215.5500030517578,2903622
2020-01-28,215.8000030517578,220.25,214.0500030517578,216.14999389648438,5093967
2020-01-29,216.75,218.25,213.25,214.0500030517578,3410299
2020-01-30,214.14999389648438,214.1999969482422,208.6999969482422,209.89999389648438,2971434
2020-01-31,210.5500030517578,211.75,203.5,204.5,2906515
2020-02-03,196.0500030517578,202.4499969482422,196.0500030517578,200.75,4031740
2020-02-04,202.8000030517578,210.0,202.4499969482422,206.8000030517578,3761981
2020-02-05,206.89999389648438,208.75,205.1999969482422,206.39999389648438,4000586
2020-02-06,207.25,209.25,204.5500030517578,207.5,3569538
2020-02-07,207.60000610351562,212.0,207.14999389648438,209.8000030517578,1957283
2020-02-10,209.8000030517578,210.8000030517578,206.14999389648438,207.10000610351562,1734578
2020-02-11,208.10000610351562,213.4499969482422,208.0,212.0,4444457
2020-02-12,212.0,214.0,210.25,211.39999389648438,3036372
2020-02-13,210.60000610351562,211.4499969482422,207.89999389648438,208.5500030517578,1177002
2020-02-14,208.39999389648438,212.25,205.0,205.64999389648438,3183445
2020-02-17,205.35000610351562,206.35000610351562,202.3000030517578,203.8000030517578,1397181
2020-02-18,203.25,203.60000610351562,197.75,200.85000610351562,4007197
2020-02-19,202.25,206.39999389648438,201.6999969482422,205.8000030517578,1630613
2020-02-20,204.9499969482422,210.25,200.10000610351562,205.39999389648438,3826080
2020-02-24,206.85000610351562,212.6999969482422,202.0,209.89999389648438,7946307
2020-02-25,211.0,214.0,209.3000030517578,211.60000610351562,6147428
2020-02-26,211.89999389648438,216.0500030517578,210.0500030517578,213.60000610351562,6034979
2020-02-27,213.60000610351562,215.14999389648438,210.5,211.60000610351562,3753324
2020-02-28,207.75,209.39999389648438,203.25,205.0500030517578,7650031
2020-03-02,208.60000610351562,216.5500030517578,199.8000030517578,202.25,5187934
2020-03-03,203.89999389648438,212.1999969482422,203.64999389648438,211.14999389648438,4549626
2020-03-04,211.35000610351562,213.0,204.6999969482422,208.10000610351562,3541106
2020-03-05,208.1999969482422,211.89999389648438,203.64999389648438,204.39999389648438,2414347
2020-03-06,198.75,206.5500030517578,195.39999389648438,205.10000610351562,2587514
2020-03-09,199.8000030517578,203.25,191.4499969482422,193.6999969482422,3909789
2020-03-11,194.10000610351562,196.4499969482422,189.8000030517578,190.4499969482422,3553042
2020-03-12,183.0,183.75,169.10000610351562,175.5,8015838
2020-03-13,166.0,190.6999969482422,152.0500030517578,187.75,3970438
2020-03-16,180.0,184.0500030517578,172.14999389648438,179.4499969482422,5362750
2020-03-17,180.5,181.75,170.10000610351562,171.39999389648438,6785864
2020-03-18,174.39999389648438,174.85000610351562,158.14999389648438,159.64999389648438,5655031
2020-03-19,154.0,161.14999389648438,149.39999389648438,153.9499969482422,11032806
2020-03-20,153.9499969482422,168.5500030517578,151.39999389648438,160.39999389648438,14150719
2020-03-23,145.0,150.89999389648438,139.5500030517578,145.85000610351562,4517269
2020-03-24,145.10000610351562,155.8000030517578,140.10000610351562,142.14999389648438,3874319
2020-03-25,139.0,144.4499969482422,138.0,139.35000610351562,6937525
2020-03-26,141.25,146.60000610351562,136.5500030517578,144.0500030517578,14408540
2020-03-27,148.5500030517578,152.0,141.0,141.5500030517578,7706424
2020-03-30,140.0,154.6999969482422,137.39999389648438,148.25,6410760
2020-03-31,152.0,157.0,146.6999969482422,155.6999969482422,3947970
2020-04-01,155.39999389648438,158.39999389648438,150.6999969482422,156.64999389648438,2690125
2020-04-03,156.60000610351562,156.64999389648438,151.5500030517578,153.0,3738943
2020-04-07,154.0,160.5,153.5,159.0,6642876
2020-04-08,158.5,159.5,148.1999969482422,149.6999969482422,10421305
2020-04-09,151.1999969482422,160.60000610351562,150.75,158.8000030517578,8828432
2020-04-13,158.9499969482422,172.35000610351562,157.25,165.0,12551498
2020-04-15,167.10000610351562,173.9499969482422,167.10000610351562,168.5500030517578,9909012
2020-04-16,167.10000610351562,174.64999389648438,163.85000610351562,169.6999969482422,6792496
2020-04-17,174.0,175.5,169.39999389648438,172.9499969482422,3706597
2020-04-20,175.89999389648438,175.89999389648438,169.9499969482422,170.3000030517578,2682022
2020-04-21,167.75,169.4499969482422,164.10000610351562,167.5500030517578,2369603
2020-04-22,167.39999389648438,177.6999969482422,166.35000610351562,176.5,5333046
2020-04-23,178.5,179.5,170.39999389648438,171.4499969482422,4629629
2020-04-24,169.89999389648438,171.60000610351562,166.1999969482422,167.9499969482422,2729008
2020-04-27,170.39999389648438,174.0,168.60000610351562,172.3000030517578,4140704
2020-04-28,179.0,179.0,166.85000610351562,167.6999969482422,13325257
2020-04-29,166.89999389648438,170.75,165.64999389648438,169.5,3900447
2020-04-30,171.1999969482422,174.85000610351562,170.5500030517578,171.64999389648438,4691743
2020-05-04,167.25,169.8000030517578,161.5,162.35000610351562,4948952
2020-05-05,165.0,168.85000610351562,163.75,164.8000030517578,4097025
2020-05-06,165.60000610351562,170.5500030517578,164.5,167.85000610351562,7032421
2020-05-07,167.89999389648438,170.8000030517578,166.8000030517578,168.60000610351562,4497992
2020-05-08,170.6999969482422,172.9499969482422,168.75,169.35000610351562,3874840
2020-05-11,170.14999389648438,174.6999969482422,170.14999389648438,173.9499969482422,4258713
2020-05-12,173.5,176.3000030517578,170.64999389648438,175.1999969482422,3910077
2020-05-13,182.10000610351562,191.0,182.0,183.0,14928662
2020-05-14,181.1999969482422,184.1999969482422,178.64999389648438,182.5,2891248
2020-05-15,184.0,184.6999969482422,179.85000610351562,181.8000030517578,6194720
2020-05-18,182.0,182.4499969482422,171.0,172.14999389648438,3640916
2020-05-19,173.89999389648438,176.8000030517578,170.25,174.60000610351562,3512226
2020-05-20,174.5,181.5500030517578,172.35000610351562,179.64999389648438,2833520
2020-05-21,180.6999969482422,183.6999969482422,177.5,181.0,5097083
2020-05-22,180.0,187.85000610351562,177.1999969482422,186.9499969482422,6953578
2020-05-26,187.8000030517578,190.0,185.5500030517578,188.5500030517578,5800498
2020-05-27,189.89999389648438,189.89999389648438,185.10000610351562,187.4499969482422,3151132
2020-05-28,187.25,192.0,185.39999389648438,191.3000030517578,3701233
2020-05-29,191.0,194.89999389648438,187.0,191.5500030517578,8512956
2020-06-01,191.8000030517578,195.64999389648438,188.3000030517578,188.9499969482422,6736796
2020-06-02,189.5,193.75,188.1999969482422,191.1999969482422,4978019
2020-06-03,193.25,194.0,186.75,187.75,4718925
2020-06-04,188.14999389648438,189.25,182.0500030517578,186.75,5769947
2020-06-05,188.0,196.35000610351562,186.3000030517578,195.10000610351562,7431679
2020-06-08,198.9499969482422,198.9499969482422,190.39999389648438,191.4499969482422,4469383
2020-06-09,192.1999969482422,195.25,186.85000610351562,187.8000030517578,4251785
2020-06-10,188.10000610351562,194.35000610351562,188.10000610351562,192.0,4235647
2020-06-11,191.5,194.25,189.0,189.5,3397620
2020-06-12,181.89999389648438,194.9499969482422,181.64999389648438,193.6999969482422,5199081
2020-06-15,192.85000610351562,194.39999389648438,190.10000610351562,191.5,1996939
2020-06-16,192.60000610351562,198.39999389648438,187.8000030517578,190.60000610351562,5481750
2020-06-17,188.5500030517578,191.5,185.35000610351562,187.14999389648438,3189979
2020-06-18,187.1999969482422,189.0,185.6999969482422,187.35000610351562,3259969
2020-06-19,188.39999389648438,194.0,187.5500030517578,190.8000030517578,7723363
2020-06-22,191.4499969482422,193.3000030517578,190.5500030517578,191.10000610351562,2476845
2020-06-23,191.8000030517578,196.1999969482422,191.10000610351562,193.25,4619623
2020-06-24,194.25,198.1999969482422,186.39999389648438,188.6999969482422,6600942
2020-06-25,188.10000610351562,191.35000610351562,185.35000610351562,186.25,4477214
2020-06-26,188.0,188.6999969482422,186.14999389648438,188.0,3303912
2020-06-29,188.0,188.64999389648438,183.1999969482422,187.5500030517578,3555861
2020-06-30,187.64999389648438,194.9499969482422,187.64999389648438,193.60000610351562,6481812
2020-07-01,194.14999389648438,195.6999969482422,190.39999389648438,192.1999969482422,2866671
2020-07-02,192.6999969482422,196.39999389648438,192.0500030517578,193.6999969482422,2693150
2020-07-03,194.60000610351562,196.25,192.0500030517578,195.8000030517578,4168368
2020-07-06,197.75,198.0,193.35000610351562,193.89999389648438,2632204
2020-07-07,194.60000610351562,194.60000610351562,191.10000610351562,193.25,2551741
2020-07-08,194.25,196.60000610351562,192.8000030517578,195.5500030517578,3253782
2020-07-09,196.39999389648438,202.89999389648438,195.60000610351562,202.0,8857415
2020-07-10,202.1999969482422,204.35000610351562,196.5,197.1999969482422,6643771
2020-07-13,197.1999969482422,199.6999969482422,193.75,198.4499969482422,5213191
2020-07-14,197.85000610351562,199.1999969482422,190.0,190.5,4391973
2020-07-15,192.5,193.25,187.6999969482422,188.64999389648438,4521037
2020-07-16,189.4499969482422,193.0,185.6999969482422,192.5,3137329
2020-07-17,193.10000610351562,195.60000610351562,191.3000030517578,193.4499969482422,3254793
2020-07-20,195.0,197.0,194.5,195.6999969482422,2204858
2020-07-21,201.0,208.0,200.0,204.9499969482422,12976607
2020-07-22,204.9499969482422,204.9499969482422,199.10000610351562,200.89999389648438,3320086
2020-07-23,201.5,202.25,197.25,197.9499969482422,3302917
2020-07-24,197.9499969482422,202.5,196.5,200.9499969482422,5135301
2020-07-27,205.89999389648438,208.9499969482422,202.0500030517578,207.14999389648438,11855463
2020-07-28,206.75,218.85000610351562,205.8000030517578,216.6999969482422,8290461
2020-07-29,216.5,219.60000610351562,213.75,215.60000610351562,5678086
2020-07-30,216.0,222.1999969482422,213.0500030517578,221.25,5871670
2020-07-31,221.25,225.5,217.60000610351562,220.10000610351562,6638453
2020-08-03,218.5,225.8000030517578,218.5,221.14999389648438,6020079
2020-08-04,221.10000610351562,225.14999389648438,220.25,221.5500030517578,4706837
2020-08-05,221.60000610351562,224.14999389648438,219.25,220.89999389648438,4114590
2020-08-06,221.35000610351562,224.75,221.10000610351562,222.9499969482422,3245608
2020-08-07,222.0,226.25,218.60000610351562,219.5500030517578,4871444
2020-08-10,221.0,223.5,219.5500030517578,221.85000610351562,3306247
2020-08-11,222.85000610351562,229.25,221.35000610351562,222.75,6916287
2020-08-12,222.5,223.1999969482422,219.3000030517578,221.8000030517578,2396639
2020-08-13,222.3000030517578,224.85000610351562,219.8000030517578,222.0,2238706
2020-08-14,221.8000030517578,224.5500030517578,218.85000610351562,220.75,2751124
2020-08-17,221.75,222.9499969482422,218.10000610351562,219.35000610351562,2479307
2020-08-18,219.5,229.1999969482422,219.5,228.1999969482422,5469182
2020-08-19,230.1999969482422,231.85000610351562,225.6999969482422,226.9499969482422,4820916
2020-08-20,224.8000030517578,228.3000030517578,224.0,225.35000610351562,1540485
2020-08-21,226.60000610351562,228.6999969482422,224.39999389648438,225.9499969482422,1700347
2020-08-24,226.5,227.25,223.14999389648438,224.1999969482422,2503427
2020-08-25,224.60000610351562,226.1999969482422,221.10000610351562,222.35000610351562,1638069
2020-08-26,223.60000610351562,223.60000610351562,219.60000610351562,220.85000610351562,2595484
2020-08-27,222.0,223.6999969482422,220.1999969482422,221.35000610351562,2046018
2020-08-28,222.10000610351562,225.14999389648438,220.35000610351562,222.4499969482422,4113864
2020-08-31,222.5,224.10000610351562,208.5500030517578,210.5500030517578,4230643
2020-09-01,211.0,214.35000610351562,208.39999389648438,213.0,4386376
2020-09-02,213.25,218.5,211.25,217.25,3871634
2020-09-03,218.3000030517578,220.0,213.5,214.60000610351562,3292415
2020-09-04,211.6999969482422,212.60000610351562,207.0,208.5,3950168
2020-09-07,208.5,212.35000610351562,206.4499969482422,210.5500030517578,4220400
2020-09-08,210.5,210.5,205.64999389648438,206.5,2070634
2020-09-09,205.75,210.5,204.3000030517578,209.4499969482422,2844517
2020-09-10,210.8000030517578,214.4499969482422,207.3000030517578,212.9499969482422,2591774
2020-09-11,212.9499969482422,214.5,211.10000610351562,212.4499969482422,1841491
2020-09-14,214.3000030517578,217.0,209.8000030517578,211.10000610351562,4594264
2020-09-15,210.9499969482422,217.85000610351562,210.5500030517578,217.4499969482422,3027667
2020-09-16,217.9499969482422,221.0,216.0500030517578,218.60000610351562,4891756
2020-09-17,218.0,222.6999969482422,217.39999389648438,220.3000030517578,4404608
2020-09-18,221.75,223.0,217.0500030517578,220.0,3567707
2020-09-21,220.0,220.25,207.6999969482422,209.75,2412725
2020-09-22,209.5,210.5500030517578,203.0,206.8000030517578,3532427
2020-09-23,206.39999389648438,211.39999389648438,204.5500030517578,209.25,4129810
2020-09-24,206.14999389648438,208.1999969482422,197.4499969482422,198.25,3308708
2020-09-25,201.6999969482422,206.6999969482422,199.0,205.5,4205656
2020-09-28,206.60000610351562,212.5500030517578,205.5500030517578,211.64999389648438,2153072
2020-09-29,214.0500030517578,218.5,210.8000030517578,216.64999389648438,4723181
2020-09-30,218.0,218.25,213.89999389648438,217.0,3645700
2020-10-01,218.5,221.9499969482422,217.5500030517578,221.1999969482422,3358699
2020-10-05,221.1999969482422,224.1999969482422,219.4499969482422,221.35000610351562,3259415
2020-10-06,222.9499969482422,227.75,220.10000610351562,225.3000030517578,4929339
2020-10-07,226.0,237.75,225.0,234.8000030517578,16914910
2020-10-08,234.8000030517578,239.9499969482422,231.39999389648438,238.14999389648438,8142299
2020-10-09,236.5500030517578,240.5500030517578,235.0,239.35000610351562,6602984
2020-10-12,238.0,242.35000610351562,233.1999969482422,238.39999389648438,6441927
2020-10-13,237.0,249.35000610351562,236.8000030517578,241.75,16150050
2020-10-14,241.9499969482422,248.0,240.14999389648438,246.60000610351562,10384771
2020-10-15,248.0,250.0,240.8000030517578,243.35000610351562,8031726
2020-10-16,243.3000030517578,249.0,240.14999389648438,248.0,12591419
2020-10-19,249.1999969482422,249.6999969482422,243.39999389648438,247.60000610351562,10966621
2020-10-20,249.89999389648438,254.89999389648438,247.0500030517578,251.4499969482422,20195023
2020-10-21,251.89999389648438,254.3000030517578,245.9499969482422,253.35000610351562,9477826
2020-10-22,253.0,255.60000610351562,249.5,253.60000610351562,11569723
2020-10-23,255.5,256.0,245.0,247.39999389648438,15337661
2020-10-26,248.6999969482422,249.0,242.4499969482422,245.0500030517578,8116705
2020-10-27,245.0500030517578,257.0,243.64999389648438,255.85000610351562,13206984
2020-10-28,253.85000610351562,254.6999969482422,250.35000610351562,251.8000030517578,4873497
2020-10-29,250.5,255.0,248.6999969482422,254.0,4794121
2020-10-30,254.85000610351562,265.79998779296875,252.39999389648438,259.70001220703125,18101740
2020-11-02,260.0,261.8999938964844,257.20001220703125,260.5,6267645
2020-11-03,262.1000061035156,263.04998779296875,257.6499938964844,262.0,5173220
2020-11-04,262.0,265.29998779296875,259.6499938964844,264.3999938964844,4122454
2020-11-05,251.85000610351562,258.70001220703125,251.0,255.75,12065738
2020-11-06,257.0,257.0,246.64999389648438,248.0,8457488
2020-11-09,249.4499969482422,252.0,247.10000610351562,249.3000030517578,8012202
2020-11-10,251.0,256.3999938964844,248.39999389648438,249.89999389648438,8645746
2020-11-11,251.5,260.8999938964844,251.5,259.70001220703125,9322013
2020-11-12,258.1000061035156,264.3500061035156,256.20001220703125,262.8500061035156,6698839
2020-11-13,261.5,262.25,255.75,257.70001220703125,7158835
2020-11-14,259.8999938964844,260.8999938964844,258.04998779296875,259.0,489361
2020-11-17,261.0,272.0,260.0,268.04998779296875,13207472
2020-11-18,267.20001220703125,267.70001220703125,260.6499938964844,262.0,8891945
2020-11-19,259.8500061035156,265.8500061035156,256.45001220703125,258.70001220703125,7297426
2020-11-20,259.1000061035156,261.8999938964844,253.75,257.1000061035156,4879945
2020-11-23,259.0,262.5,257.5,258.1499938964844,6727698
2020-11-24,258.20001220703125,260.45001220703125,254.5500030517578,255.14999389648438,4054652
2020-11-25,255.9499969482422,259.20001220703125,255.1999969482422,256.20001220703125,6671995
2020-11-26,257.70001220703125,262.6000061035156,253.5500030517578,260.75,5364946
2020-11-27,261.3999938964844,263.20001220703125,257.5,261.04998779296875,10177429
2020-12-01,262.20001220703125,269.54998779296875,260.8999938964844,262.0,6262243
2020-12-02,262.0,264.20001220703125,259.20001220703125,262.5,5076458
2020-12-03,264.5,264.5,259.29998779296875,261.1000061035156,5223075
2020-12-04,262.0,263.0,249.89999389648438,252.5500030517578,11266087
2020-12-07,256.25,256.29998779296875,250.5500030517578,253.10000610351562,9578732
2020-12-08,254.5,259.6000061035156,253.0,257.1000061035156,9736539
2020-12-09,258.8999938964844,259.6000061035156,251.0,252.85000610351562,13190004
2020-12-10,250.6999969482422,251.0,245.1999969482422,248.3000030517578,11038230
2020-12-11,249.5,250.4499969482422,243.75,245.8000030517578,7933577
2020-12-14,247.0,249.0,245.0500030517578,246.4499969482422,4162472
2020-12-15,247.9499969482422,248.1999969482422,243.10000610351562,247.60000610351562,7713444
2020-12-16,249.10000610351562,249.6999969482422,245.10000610351562,247.25,7488289
2020-12-17,248.5,251.5,246.1999969482422,246.75,8321438
2020-12-18,247.0500030517578,252.1999969482422,246.5,251.0500030517578,7695230
2020-12-21,250.89999389648438,250.89999389648438,225.9499969482422,235.39999389648438,12498745
2020-12-22,235.60000610351562,239.14999389648438,227.25,237.60000610351562,10098570
2020-12-23,234.89999389648438,238.75,231.5,237.1999969482422,8750579
2020-12-24,255.0,260.8999938964844,245.0,246.6999969482422,24151514
2020-12-28,247.0,247.85000610351562,244.6999969482422,247.1999969482422,4547753
2020-12-29,247.5500030517578,248.25,242.5,244.39999389648438,5978220
2020-12-30,245.5,253.0,241.6999969482422,252.39999389648438,10481131
2020-12-31,252.0,252.6999969482422,246.89999389648438,248.85000610351562,7969910
2021-01-01,249.0,251.6999969482422,248.14999389648438,250.85000610351562,4011077
2021-01-04,252.89999389648438,253.8000030517578,250.0,252.89999389648438,4860584
2021-01-05,252.0,256.6499938964844,250.4499969482422,254.1999969482422,9383253
2021-01-06,255.39999389648438,262.0,253.25,261.1000061035156,8653520
2021-01-07,265.0,267.1000061035156,261.20001220703125,263.0,7685276
2021-01-08,265.0,271.3999938964844,264.29998779296875,269.95001220703125,8135272
2021-01-11,268.79998779296875,271.79998779296875,266.0,270.3500061035156,6276642
2021-01-12,270.0,274.6000061035156,266.70001220703125,268.1000061035156,5997355
2021-01-13,268.1000061035156,269.3999938964844,261.1000061035156,264.8999938964844,5267492
2021-01-14,265.0,270.5,263.1499938964844,267.04998779296875,4747011
2021-01-15,266.3999938964844,267.0,259.6000061035156,264.1000061035156,5926799
2021-01-18,264.1000061035156,264.54998779296875,248.0,256.04998779296875,7230336
2021-01-19,256.95001220703125,262.79998779296875,256.29998779296875,261.95001220703125,3685114
2021-01-20,261.0,263.8500061035156,257.6499938964844,262.1000061035156,4999049
2021-01-21,263.5,265.3500061035156,249.10000610351562,252.5500030517578,8233030
2021-01-22,255.0,259.8999938964844,250.89999389648438,257.70001220703125,6396348
2021-01-25,261.3999938964844,264.25,254.89999389648438,257.0,9713572
2021-01-27,256.1000061035156,260.5,251.1999969482422,252.5,9165809
2021-01-28,250.0,250.5,246.0,248.0,9545181
2021-01-29,251.75,251.75,241.75,243.35000610351562,9156862
2021-02-01,246.39999389648438,262.0,242.10000610351562,260.79998779296875,8108261
2021-02-02,263.70001220703125,279.6000061035156,261.1000061035156,276.25,12896237
2021-02-03,276.1000061035156,278.70001220703125,268.0,268.95001220703125,8099652
2021-02-04,268.0,275.0,266.1499938964844,272.75,7803083
2021-02-05,273.0,275.6000061035156,268.54998779296875,271.29998779296875,5119967
2021-02-08,272.5,278.20001220703125,272.0,274.3500061035156,5445773
2021-02-09,276.8500061035156,279.45001220703125,269.8500061035156,270.54998779296875,4725675
2021-02-10,271.3500061035156,277.79998779296875,271.0,271.8999938964844,6276033
2021-02-11,272.20001220703125,277.79998779296875,271.5,276.8999938964844,5475278
2021-02-12,275.0,284.8999938964844,274.25,277.45001220703125,9937677
2021-02-15,281.0,285.8999938964844,279.0,283.3999938964844,7339663
2021-02-16,285.8999938964844,287.29998779296875,280.20001220703125,284.04998779296875,6116048
2021-02-17,285.75,290.3999938964844,284.20001220703125,286.6499938964844,10058896
2021-02-18,290.0,290.5,280.79998779296875,282.79998779296875,7081013
2021-02-19,288.5,288.5,273.04998779296875,275.29998779296875,18015854
2021-02-22,275.5,276.8999938964844,265.6499938964844,266.95001220703125,7287185
2021-02-23,269.0,270.8500061035156,263.1499938964844,264.70001220703125,7106597
2021-02-24,266.0,270.29998779296875,265.04998779296875,268.3999938964844,3316417
2021-02-25,271.20001220703125,281.6000061035156,271.1499938964844,279.70001220703125,9436339
2021-02-26,277.0,288.5,271.5,273.5,21250569
2021-03-01,275.54998779296875,279.6499938964844,273.5,277.8999938964844,4095441
2021-03-02,278.8999938964844,283.3999938964844,277.1000061035156,278.79998779296875,4657410
2021-03-03,280.70001220703125,285.8999938964844,279.54998779296875,282.1000061035156,5079575
2021-03-04,281.5,294.29998779296875,278.75,292.0,10478749
2021-03-05,291.95001220703125,298.29998779296875,283.1499938964844,284.79998779296875,14706128
2021-03-08,287.0,291.0,284.20001220703125,285.75,4470385
2021-03-09,287.79998779296875,293.29998779296875,285.20001220703125,291.04998779296875,6082622
2021-03-10,292.54998779296875,293.79998779296875,289.0,292.0,3837384
2021-03-12,293.0,293.8999938964844,287.5,289.5,5744777
2021-03-15,290.8999938964844,290.8999938964844,279.0,283.6499938964844,4879115
2021-03-16,284.8999938964844,290.0,284.25,285.54998779296875,7122222
2021-03-17,285.8999938964844,287.3500061035156,280.0,280.8500061035156,5016639
2021-03-18,283.0,285.95001220703125,277.45001220703125,281.04998779296875,4353319
2021-03-19,278.0,284.6000061035156,274.04998779296875,283.45001220703125,6753108
2021-03-22,284.45001220703125,297.79998779296875,278.0,295.6000061035156,11182565
2021-03-23,297.20001220703125,306.3999938964844,293.54998779296875,304.45001220703125,11750637
2021-03-24,302.8500061035156,307.5,300.8999938964844,303.79998779296875,9936778
2021-03-25,307.0,307.20001220703125,293.0,294.1000061035156,6506272
2021-03-26,297.6499938964844,301.6000061035156,293.54998779296875,294.8999938964844,7195972
2021-03-30,296.79998779296875,303.5,295.3500061035156,299.8500061035156,6088708
2021-03-31,299.25,310.95001220703125,299.0,308.8500061035156,7721201
2021-04-01,311.8500061035156,313.45001220703125,307.25,311.0,4689185
2021-04-05,310.3999938964844,314.8999938964844,301.54998779296875,306.04998779296875,7064466
2021-04-06,307.0,309.6000061035156,303.29998779296875,305.5,4010075
2021-04-07,305.70001220703125,311.29998779296875,305.5,308.6499938964844,2808495
2021-04-08,310.0,326.8999938964844,309.29998779296875,320.79998779296875,7223424
2021-04-09,326.0,329.8999938964844,314.29998779296875,316.3500061035156,13515479
2021-04-12,310.8999938964844,312.20001220703125,299.54998779296875,304.29998779296875,10520709
2021-04-13,305.0,309.04998779296875,298.5,302.29998779296875,5975419
2021-04-15,303.0,306.5,293.0,295.20001220703125,9069002
2021-04-16,296.95001220703125,305.45001220703125,295.3999938964844,300.70001220703125,5575878
2021-04-19,295.0,302.25,292.3999938964844,300.95001220703125,7452061
2021-04-20,309.20001220703125,313.8500061035156,292.45001220703125,295.70001220703125,12222234
2021-04-22,294.8999938964844,297.29998779296875,285.29998779296875,295.6000061035156,7474006
2021-04-23,293.20001220703125,298.79998779296875,292.20001220703125,295.20001220703125,6813166
2021-04-26,297.0,304.5,295.25,303.3500061035156,5179998
2021-04-27,303.95001220703125,307.5,302.04998779296875,306.54998779296875,3740765
2021-04-28,308.3999938964844,311.25,304.5,308.8500061035156,4312684
2021-04-29,311.0,315.0,307.25,314.04998779296875,6658734
2021-04-30,314.0,319.8500061035156,306.75,309.04998779296875,19822885
2021-05-03,304.5,312.79998779296875,301.20001220703125,311.6499938964844,6232670
2021-05-04,315.0,315.0,306.20001220703125,306.95001220703125,5668182
2021-05-05,310.8999938964844,312.29998779296875,307.1499938964844,311.45001220703125,2600385
2021-05-06,313.0,316.20001220703125,310.1000061035156,314.3999938964844,3861134
2021-05-07,315.0,317.79998779296875,311.1000061035156,312.25,3399984
2021-05-10,314.20001220703125,315.1499938964844,310.0,311.3500061035156,4632214
2021-05-11,307.5,316.8999938964844,306.1000061035156,314.8999938964844,3809984
2021-05-12,313.8999938964844,314.8999938964844,308.04998779296875,309.04998779296875,3974894
2021-05-14,309.1000061035156,311.8500061035156,300.0,307.1000061035156,4140603
2021-05-17,307.8999938964844,311.70001220703125,304.54998779296875,310.20001220703125,4763864
2021-05-18,314.5,316.95001220703125,310.1000061035156,315.6499938964844,4169602
2021-05-19,315.5,324.8999938964844,315.0,317.6499938964844,10886866
2021-05-20,319.45001220703125,322.0,314.3500061035156,320.0,5608173
2021-05-21,322.70001220703125,324.3500061035156,320.25,321.45001220703125,4039119
2021-05-24,321.45001220703125,328.29998779296875,319.5,326.20001220703125,4875842
2021-05-25,326.54998779296875,327.1000061035156,321.25,322.29998779296875,3511483
2021-05-26,322.29998779296875,325.0,319.3999938964844,323.1000061035156,3103367
2021-05-27,322.0,335.0,319.5,330.1000061035156,12478623
2021-05-28,330.1000061035156,331.3999938964844,324.25,325.6499938964844,2648245
2021-05-31,325.3999938964844,328.45001220703125,322.5,326.79998779296875,2664186
2021-06-01,327.0,328.8999938964844,323.1000061035156,324.20001220703125,2649537
2021-06-02,324.3999938964844,332.3999938964844,322.54998779296875,331.1000061035156,5346766
2021-06-03,332.1000061035156,336.0,331.3999938964844,333.95001220703125,3322366
2021-06-04,333.79998779296875,337.29998779296875,331.20001220703125,332.04998779296875,1739342
2021-06-07,333.79998779296875,342.79998779296875,333.1499938964844,339.04998779296875,4163074
2021-06-08,340.3500061035156,341.79998779296875,336.3999938964844,340.3500061035156,2954871
2021-06-09,340.0,341.6000061035156,332.25,334.3500061035156,2484987
2021-06-10,335.79998779296875,344.1499938964844,334.79998779296875,341.54998779296875,3729387
2021-06-11,341.8999938964844,343.20001220703125,335.95001220703125,337.70001220703125,1478762
2021-06-14,337.8999938964844,340.8999938964844,332.5,340.3500061035156,1670528
2021-06-15,340.0,344.45001220703125,337.45001220703125,341.45001220703125,2056457
2021-06-16,341.0,344.0,337.6000061035156,338.8999938964844,2006979
2021-06-17,336.6000061035156,348.8999938964844,336.0,346.25,7239110
2021-06-18,346.8999938964844,347.5,335.3500061035156,341.29998779296875,3129778
2021-06-21,337.8999938964844,345.8500061035156,335.0,344.75,2879360
2021-06-22,345.3500061035156,351.5,343.20001220703125,346.25,2549800
2021-06-23,346.8999938964844,348.5,343.5,345.1499938964844,1690045
2021-06-24,345.1499938964844,347.8500061035156,342.54998779296875,346.5,3375247
2021-06-25,346.8999938964844,349.5,345.1499938964844,348.04998779296875,2206671
2021-06-28,349.75,350.8500061035156,343.75,344.3500061035156,2552962
2021-06-29,344.29998779296875,345.79998779296875,342.0,344.3999938964844,1671869
2021-06-30,343.54998779296875,346.45001220703125,339.6499938964844,340.6499938964844,2767540
2021-07-01,341.29998779296875,342.6000061035156,338.6000061035156,340.29998779296875,1909998
2021-07-02,341.5,341.95001220703125,337.25,339.25,955697
2021-07-05,340.79998779296875,345.25,339.5,340.29998779296875,1403833
2021-07-06,341.29998779296875,359.95001220703125,341.29998779296875,351.8500061035156,12291310
2021-07-07,353.79998779296875,358.54998779296875,350.6499938964844,357.45001220703125,4334221
2021-07-08,357.70001220703125,361.8500061035156,355.75,360.75,5505696
2021-07-09,360.8999938964844,364.45001220703125,357.54998779296875,363.6000061035156,2443343
2021-07-12,364.1000061035156,376.3999938964844,363.6499938964844,371.75,6429310
2021-07-13,373.54998779296875,374.29998779296875,367.20001220703125,368.95001220703125,3725976
2021-07-14,370.95001220703125,375.8500061035156,368.1000061035156,373.0,4877918
2021-07-15,374.0,389.0,373.70001220703125,386.20001220703125,7207046
2021-07-16,387.45001220703125,387.70001220703125,381.70001220703125,383.04998779296875,3141218
2021-07-19,382.29998779296875,388.3500061035156,380.3999938964844,386.54998779296875,3708612
2021-07-20,391.0,408.8999938964844,387.6499938964844,404.45001220703125,16347083
2021-07-22,407.25,407.25,398.1000061035156,400.20001220703125,4093799
2021-07-23,403.25,409.5,400.5,402.29998779296875,7785242
2021-07-26,402.5,409.5,390.95001220703125,408.1000061035156,8586195
2021-07-27,408.8500061035156,414.0,401.54998779296875,408.79998779296875,7469960
2021-07-28,410.45001220703125,411.70001220703125,402.95001220703125,409.3999938964844,3242782
2021-07-29,411.3999938964844,413.20001220703125,405.04998779296875,408.75,3312853
2021-07-30,411.79998779296875,415.3500061035156,406.0,411.1499938964844,2700828
2021-08-02,412.0,419.95001220703125,410.45001220703125,418.1000061035156,2758639
2021-08-03,420.8500061035156,423.04998779296875,414.6000061035156,422.20001220703125,2912201
2021-08-04,424.5,427.3999938964844,418.0,419.04998779296875,3559071
2021-08-05,417.54998779296875,421.6000061035156,414.70001220703125,418.8999938964844,2472169
2021-08-06,419.0,419.0,402.29998779296875,403.8999938964844,5940472
2021-08-09,407.8500061035156,409.95001220703125,403.0,405.45001220703125,1861592
2021-08-10,407.1499938964844,407.20001220703125,395.29998779296875,400.70001220703125,3317325
2021-08-11,399.8999938964844,405.0,391.79998779296875,398.25,3337019
2021-08-12,400.29998779296875,408.0,395.45001220703125,399.79998779296875,4066743
2021-08-13,401.5,404.95001220703125,396.20001220703125,402.45001220703125,2351561
2021-08-16,402.45001220703125,404.1499938964844,395.3999938964844,396.25,1762903
2021-08-17,398.3999938964844,402.79998779296875,392.25,401.5,2736839
2021-08-18,404.8999938964844,411.0,400.8999938964844,409.3999938964844,7112861
2021-08-20,407.8999938964844,413.6499938964844,390.0,391.79998779296875,6967987
2021-08-23,396.70001220703125,396.70001220703125,381.25,390.6499938964844,5438059
2021-08-24,392.70001220703125,396.5,386.29998779296875,395.3500061035156,3978409
2021-08-25,396.8999938964844,399.3500061035156,393.0,397.04998779296875,2891821
2021-08-26,398.0,400.8999938964844,391.1499938964844,398.3500061035156,3558058
2021-08-27,401.0,411.45001220703125,397.5,410.04998779296875,4555890
2021-08-30,412.1000061035156,420.3999938964844,412.0,417.70001220703125,5235500
2021-08-31,417.70001220703125,422.45001220703125,413.45001220703125,421.04998779296875,6342929
2021-09-01,423.0,424.04998779296875,418.79998779296875,421.5,1910281
2021-09-02,421.54998779296875,432.0,421.5,428.70001220703125,4193528
2021-09-03,430.8500061035156,437.8500061035156,425.5,437.1000061035156,4507212
2021-09-06,440.8500061035156,442.0,436.6499938964844,438.29998779296875,3574072
2021-09-07,437.1499938964844,442.5,434.0,441.5,2060092
2021-09-08,441.45001220703125,441.45001220703125,433.5,435.95001220703125,3195625
2021-09-09,432.95001220703125,440.3500061035156,432.1000061035156,438.3500061035156,1362416
2021-09-13,437.1000061035156,439.70001220703125,434.3999938964844,436.25,1790853
2021-09-14,436.54998779296875,436.8500061035156,428.5,432.45001220703125,2872240
2021-09-15,432.45001220703125,438.04998779296875,431.45001220703125,437.04998779296875,2587288
2021-09-16,437.04998779296875,439.70001220703125,427.79998779296875,430.20001220703125,3329646
2021-09-17,431.8999938964844,432.3500061035156,418.45001220703125,419.79998779296875,5274442
2021-09-20,416.8999938964844,419.20001220703125,408.25,409.79998779296875,4182620
2021-09-21,407.75,414.0,402.3999938964844,413.20001220703125,4386443
2021-09-22,414.6499938964844,422.8500061035156,413.04998779296875,419.5,3233311
2021-09-23,421.8999938964844,422.8999938964844,415.1000061035156,419.54998779296875,2177190
2021-09-24,421.0,423.5,408.8500061035156,410.70001220703125,2871092
2021-09-27,412.0,420.0,407.45001220703125,418.0,4682546
2021-09-28,421.0,424.5,411.1000061035156,413.1000061035156,4657118
2021-09-29,410.0,410.0,401.1499938964844,406.45001220703125,5728780
2021-09-30,408.0,408.3500061035156,398.3999938964844,400.20001220703125,9312005
2021-10-01,399.8999938964844,404.79998779296875,396.0,402.25,4662848
2021-10-04,404.8999938964844,409.95001220703125,402.5,406.5,4122450
2021-10-05,406.45001220703125,407.6000061035156,402.79998779296875,403.6499938964844,2505330
2021-10-06,404.0,405.79998779296875,393.5,394.8999938964844,4685363
2021-10-07,398.95001220703125,404.70001220703125,397.29998779296875,402.8999938964844,5508787
2021-10-08,404.8999938964844,406.0,401.25,403.04998779296875,3321119
2021-10-11,404.0,406.95001220703125,400.29998779296875,402.95001220703125,3522402
2021-10-12,402.8500061035156,405.0,398.54998779296875,403.6000061035156,2117480
2021-10-13,406.0,407.8999938964844,403.04998779296875,404.0,3780216
2021-10-14,407.0,414.79998779296875,405.25,408.75,5426954
2021-10-18,418.0,418.0,409.54998779296875,410.6000061035156,5319195
2021-10-19,412.25,412.79998779296875,387.04998779296875,389.3500061035156,8255248
2021-10-20,391.0,399.8999938964844,387.6000061035156,392.75,5245333
2021-10-21,394.8500061035156,394.8500061035156,378.20001220703125,379.8999938964844,9834178
2021-10-22,380.20001220703125,381.70001220703125,372.0,376.1000061035156,5253226
2021-10-25,378.0,378.20001220703125,365.75,375.8999938964844,3368928
2021-10-26,377.70001220703125,381.29998779296875,373.25,380.3500061035156,3427318
2021-10-27,375.0,387.04998779296875,373.70001220703125,381.8500061035156,5357395
2021-10-28,383.6000061035156,392.5,380.79998779296875,390.04998779296875,7419992
2021-10-29,392.0,406.8500061035156,382.25,404.79998779296875,10104769
2021-11-01,406.0,412.6499938964844,402.95001220703125,409.79998779296875,3997407
2021-11-02,410.0,414.45001220703125,405.1000061035156,407.25,1970517
2021-11-03,408.75,414.70001220703125,403.5,412.8999938964844,2147236
2021-11-04,413.20001220703125,414.70001220703125,412.25,413.20001220703125,320391
2021-11-08,415.0,430.3500061035156,413.45001220703125,429.75,7089536
2021-11-09,430.8999938964844,435.0,426.5,431.25,2378131
2021-11-10,427.6000061035156,433.3999938964844,424.79998779296875,428.3500061035156,2202717
2021-11-11,426.5,426.75,416.8500061035156,421.20001220703125,1653866
2021-11-12,424.0,427.1499938964844,419.70001220703125,422.8500061035156,1246774
2021-11-15,423.0,425.1000061035156,418.1000061035156,421.25,1057472
2021-11-16,421.29998779296875,424.0,407.75,409.79998779296875,1933354
2021-11-17,407.79998779296875,410.95001220703125,405.04998779296875,409.1499938964844,1448686
2021-11-18,408.0,411.8500061035156,396.5,400.8500061035156,1868114
2021-11-22,400.8500061035156,402.8500061035156,385.0,388.70001220703125,3484890
2021-11-23,387.0,396.79998779296875,383.20001220703125,395.79998779296875,2061119
2021-11-24,397.04998779296875,398.54998779296875,390.79998779296875,393.5,2461617
2021-11-25,392.8999938964844,393.5,389.0,390.6000061035156,997067
2021-11-26,386.0,387.75,370.8999938964844,372.3500061035156,5577674
2021-11-29,370.0,375.3999938964844,360.04998779296875,369.1499938964844,2691096
2021-11-30,370.0,378.1000061035156,367.0,374.6000061035156,4809537
2021-12-01,379.6000061035156,380.45001220703125,368.04998779296875,371.3999938964844,4416048
2021-12-02,371.8999938964844,379.3999938964844,368.0,377.3500061035156,2307562
2021-12-03,377.29998779296875,387.3999938964844,375.79998779296875,376.6000061035156,5101471
2021-12-06,378.6000061035156,378.95001220703125,368.29998779296875,370.1499938964844,1157264
2021-12-07,372.8999938964844,377.25,370.8999938964844,372.75,1229614
2021-12-08,376.3999938964844,380.3999938964844,375.20001220703125,376.95001220703125,1526507
2021-12-09,379.3999938964844,381.0,375.1000061035156,377.54998779296875,1862168
2021-12-10,377.6000061035156,381.3500061035156,376.6499938964844,377.6499938964844,1486593
2021-12-13,382.6499938964844,382.6499938964844,378.6000061035156,379.8500061035156,2654339
2021-12-14,377.8999938964844,380.8500061035156,374.0,378.54998779296875,1789446
2021-12-15,378.6000061035156,381.8999938964844,375.29998779296875,378.8999938964844,1796520
2021-12-16,380.0,381.6000061035156,374.6000061035156,375.70001220703125,2366346
2021-12-17,375.6000061035156,377.20001220703125,367.0,368.6000061035156,1784077
2021-12-20,361.20001220703125,364.20001220703125,347.0,350.29998779296875,6661464
2021-12-21,353.04998779296875,363.79998779296875,351.25,361.45001220703125,2065774
2021-12-22,361.25,367.0,359.70001220703125,363.75,1383949
2021-12-23,367.0,370.5,365.0,369.3999938964844,1546807
2021-12-24,369.5,370.79998779296875,363.20001220703125,367.8999938964844,1174085
2021-12-27,367.0,370.75,364.0,369.95001220703125,635418
2021-12-28,370.20001220703125,381.20001220703125,368.70001220703125,380.20001220703125,2526008
2021-12-29,380.75,382.1499938964844,374.5,375.79998779296875,935759
2021-12-30,375.70001220703125,377.95001220703125,369.6000061035156,370.95001220703125,2179706
2021-12-31,372.3999938964844,384.29998779296875,372.0,377.5,1907096
2022-01-03,378.75,389.45001220703125,378.20001220703125,387.0,1643912
2022-01-04,387.54998779296875,391.70001220703125,383.29998779296875,390.45001220703125,3034913
2022-01-05,389.95001220703125,394.6499938964844,388.75,393.70001220703125,1521048
2022-01-06,390.1000061035156,393.0,383.54998779296875,387.04998779296875,2579347
2022-01-07,387.04998779296875,401.95001220703125,387.04998779296875,397.25,2731750
2022-01-10,400.0,401.95001220703125,397.29998779296875,399.3500061035156,2408661
2022-01-11,401.0,405.0,393.3500061035156,397.6499938964844,2105501
2022-01-12,398.25,402.70001220703125,395.6499938964844,397.8999938964844,1370663
2022-01-13,399.0,400.5,394.6499938964844,396.3999938964844,2490304
2022-01-14,395.1000061035156,405.0,394.20001220703125,402.70001220703125,2146874
2022-01-17,403.5,408.70001220703125,395.0,407.79998779296875,3057067
2022-01-18,410.0,410.0,379.0,380.6499938964844,7265319
2022-01-19,381.95001220703125,382.0,373.1000061035156,374.8500061035156,3999114
2022-01-20,375.25,379.79998779296875,372.45001220703125,375.1000061035156,3354873
2022-01-21,374.6000061035156,374.6000061035156,364.04998779296875,368.6499938964844,1426135
2022-01-24,368.0,371.20001220703125,349.0,352.8500061035156,4250468
2022-01-25,351.95001220703125,356.5,343.45001220703125,351.5,3178488
2022-01-27,350.8999938964844,354.29998779296875,340.45001220703125,351.6499938964844,2852549
2022-01-28,354.3999938964844,367.1000061035156,353.0,360.70001220703125,3157848
2022-01-31,364.6000061035156,369.25,363.0,365.1499938964844,1955762
2022-02-01,370.0,382.8500061035156,366.5,380.3999938964844,6354846
2022-02-02,383.70001220703125,386.29998779296875,377.8500061035156,380.0,3322525
2022-02-03,377.29998779296875,384.29998779296875,377.29998779296875,381.8999938964844,3772405
2022-02-04,383.0,384.8999938964844,378.0,380.3999938964844,5637748
2022-02-07,380.0,383.8999938964844,374.20001220703125,382.6499938964844,2535377
2022-02-08,383.0,386.1000061035156,373.25,376.29998779296875,2089451
2022-02-09,379.3500061035156,385.8999938964844,376.8500061035156,382.79998779296875,2140597
2022-02-10,381.75,384.3999938964844,373.3999938964844,374.8500061035156,4638095
2022-02-11,375.0,375.8500061035156,366.6000061035156,367.8999938964844,2050063
2022-02-14,362.0,365.0,354.04998779296875,355.1000061035156,1341336
2022-02-15,357.0,365.0,353.75,363.54998779296875,2027130
2022-02-16,365.1000061035156,367.8500061035156,359.5,360.70001220703125,1368175
2022-02-17,362.5,364.5,357.5,359.79998779296875,1439893
2022-02-18,352.70001220703125,354.0,337.20001220703125,338.3500061035156,11901556
2022-02-21,334.20001220703125,341.29998779296875,331.25,338.54998779296875,5812598
2022-02-22,334.0,338.45001220703125,331.1000061035156,337.3500061035156,3078034
2022-02-23,338.8999938964844,340.5,329.6000061035156,330.95001220703125,5312647
2022-02-24,316.0,322.3500061035156,302.04998779296875,306.95001220703125,12821969
2022-02-25,311.0,315.95001220703125,306.1000061035156,308.70001220703125,5240212
2022-02-28,306.29998779296875,315.95001220703125,302.95001220703125,314.25,7116898
2022-03-02,312.79998779296875,314.8500061035156,301.0,304.1499938964844,6623505
2022-03-03,308.6000061035156,311.1000061035156,287.8999938964844,290.20001220703125,11872107
2022-03-04,285.20001220703125,296.20001220703125,283.70001220703125,292.6000061035156,6171233
2022-03-07,287.95001220703125,289.0,278.0,281.20001220703125,6936569
2022-03-08,281.04998779296875,284.54998779296875,274.0,282.8999938964844,6513565
2022-03-09,285.79998779296875,292.6499938964844,281.0,291.6499938964844,7788795
2022-03-10,300.0,302.0,291.0,293.20001220703125,5031572
2022-03-11,293.0,296.0,290.29998779296875,293.45001220703125,4357253
2022-03-14,294.6499938964844,297.5,289.04998779296875,291.20001220703125,2658414
2022-03-15,293.6000061035156,301.8500061035156,292.8500061035156,295.1000061035156,6826748
2022-03-16,300.0,311.45001220703125,297.0,309.3500061035156,6876362
2022-03-17,314.20001220703125,314.8999938964844,305.45001220703125,306.20001220703125,9901093
2022-03-21,306.0,309.20001220703125,300.0,300.3500061035156,4583683
2022-03-22,300.45001220703125,302.8999938964844,296.04998779296875,300.8999938964844,3537814
2022-03-23,303.0,303.3500061035156,295.54998779296875,297.8500061035156,4697043
2022-03-24,296.95001220703125,299.6499938964844,295.0,297.04998779296875,4048136
2022-03-25,299.8999938964844,299.8999938964844,294.54998779296875,297.79998779296875,3115402
2022-03-28,299.3999938964844,299.3999938964844,288.5,291.79998779296875,4811353
2022-03-29,293.04998779296875,303.25,293.04998779296875,302.45001220703125,8193664
2022-03-30,300.79998779296875,304.79998779296875,298.79998779296875,303.04998779296875,6489029
2022-03-31,303.04998779296875,303.70001220703125,298.75,299.25,4950492
2022-04-01,298.8999938964844,306.5,298.5,304.95001220703125,3456879
2022-04-04,305.5,313.5,305.1000061035156,311.6499938964844,3638554
2022-04-05,314.45001220703125,317.70001220703125,310.3500061035156,316.79998779296875,5323145
2022-04-06,316.79998779296875,325.0,315.45001220703125,320.70001220703125,7255760
2022-04-07,320.20001220703125,327.3999938964844,320.04998779296875,325.6000061035156,5192205
2022-04-08,327.25,339.79998779296875,323.45001220703125,337.3500061035156,8276853
2022-04-11,338.45001220703125,369.5,338.29998779296875,360.20001220703125,30662312
2022-04-12,364.0,371.6000061035156,355.75,359.6499938964844,19884358
2022-04-13,359.95001220703125,374.20001220703125,359.0,369.20001220703125,17817591
2022-04-18,369.0,379.6499938964844,360.5,363.3999938964844,10936057
2022-04-19,366.75,370.0,351.0,354.25,9971239
2022-04-20,355.0,375.79998779296875,355.0,371.29998779296875,13525255
2022-04-21,378.8999938964844,384.3500061035156,374.79998779296875,377.3500061035156,14385266
2022-04-22,378.0,381.0,371.04998779296875,374.20001220703125,5946333
2022-04-25,371.79998779296875,387.6000061035156,370.0,376.3500061035156,12835090
2022-04-26,382.0,391.0,381.29998779296875,385.1499938964844,11192640
2022-04-27,385.0,387.70001220703125,376.25,384.54998779296875,11121579
2022-04-28,389.8999938964844,389.8999938964844,380.45001220703125,383.3500061035156,7163762
2022-04-29,384.70001220703125,385.5,370.75,372.20001220703125,10529413
2022-05-02,371.6000061035156,380.5,368.75,378.1499938964844,5959678
2022-05-04,379.54998779296875,382.0,364.6499938964844,368.1000061035156,5415006
2022-05-05,371.0,375.3500061035156,364.95001220703125,366.3500061035156,5794511
2022-05-06,360.54998779296875,372.3500061035156,360.54998779296875,365.3999938964844,5868878
2022-05-09,363.3500061035156,369.0,359.45001220703125,366.75,3690073
2022-05-10,368.54998779296875,373.8999938964844,355.0,358.20001220703125,6322735
2022-05-11,360.0,365.79998779296875,351.20001220703125,359.04998779296875,5728451
2022-05-12,356.8500061035156,382.0,349.29998779296875,373.54998779296875,7493279
2022-05-13,378.0,378.54998779296875,356.1000061035156,359.1000061035156,10195371
2022-05-16,367.0,377.70001220703125,360.3500061035156,368.0,50459752
2022-05-17,371.0,372.1499938964844,364.0,368.79998779296875,9431128
2022-05-18,369.25,372.6000061035156,359.70001220703125,361.1000061035156,11887905
2022-05-19,358.1499938964844,364.95001220703125,357.25,364.0,9179791
2022-05-20,368.0,368.0,362.04998779296875,363.0,4308673
2022-05-23,365.6499938964844,367.29998779296875,362.3999938964844,363.45001220703125,3889679
2022-05-24,364.79998779296875,365.70001220703125,360.45001220703125,361.45001220703125,4200025
2022-05-25,362.3999938964844,364.25,360.6499938964844,361.70001220703125,2440985
2022-05-26,362.1499938964844,366.29998779296875,359.70001220703125,365.3999938964844,3900318
2022-05-27,368.0,368.1499938964844,363.75,366.29998779296875,1603075
2022-05-30,368.5,372.5,366.75,371.54998779296875,5001959
2022-05-31,371.54998779296875,372.79998779296875,368.6499938964844,369.3999938964844,11507115
2022-06-01,370.0,373.0,369.1499938964844,371.6499938964844,2369910
2022-06-02,371.3999938964844,376.3500061035156,370.95001220703125,373.5,5215564
2022-06-03,375.0,375.3500061035156,365.3500061035156,366.8999938964844,8010976
2022-06-06,366.0,369.5,363.8500061035156,364.8999938964844,10390245
2022-06-07,363.6000061035156,367.5,361.70001220703125,363.3500061035156,5708056
2022-06-08,363.3999938964844,364.54998779296875,361.79998779296875,363.04998779296875,5020929
2022-06-09,363.0,368.5,362.5,365.29998779296875,5238450
2022-06-10,363.25,366.6000061035156,363.25,365.1499938964844,3916129
2022-06-13,363.04998779296875,364.95001220703125,361.8999938964844,362.70001220703125,4509163
2022-06-14,362.1000061035156,363.29998779296875,358.0,359.54998779296875,6976071
2022-06-15,359.8999938964844,362.45001220703125,359.0,361.95001220703125,4077501
2022-06-16,363.8500061035156,364.1499938964844,358.6499938964844,359.3999938964844,2940387
2022-06-17,359.0,361.04998779296875,356.6499938964844,357.3500061035156,4012167
2022-06-20,357.5,359.95001220703125,356.1000061035156,357.29998779296875,2297837
2022-06-21,358.1000061035156,360.95001220703125,358.1000061035156,358.8999938964844,3693727
2022-06-22,358.8999938964844,358.8999938964844,355.5,357.95001220703125,2588905
2022-06-23,358.3999938964844,362.0,358.04998779296875,358.95001220703125,2799410
2022-06-24,362.0,362.0,359.20001220703125,360.6000061035156,2713333
2022-06-27,362.25,365.70001220703125,360.5,365.1499938964844,3073581
2022-06-28,365.8500061035156,367.3500061035156,363.5,366.45001220703125,4285971
2022-06-29,364.95001220703125,367.5,364.1000061035156,365.5,4586257
2022-06-30,365.54998779296875,365.95001220703125,362.1000061035156,363.0,4383329
2022-07-01,363.95001220703125,368.6000061035156,362.1000061035156,367.54998779296875,2763265
2022-07-04,366.95001220703125,369.8999938964844,366.04998779296875,368.54998779296875,2275112
2022-07-05,368.95001220703125,371.25,365.6000061035156,366.6499938964844,3120800
2022-07-06,367.0,370.3500061035156,366.95001220703125,368.25,2209031
2022-07-07,369.8999938964844,369.8999938964844,366.1000061035156,366.95001220703125,2378264
2022-07-08,367.0,369.04998779296875,366.0,368.45001220703125,2126285
2022-07-11,367.1000061035156,369.95001220703125,366.8500061035156,369.20001220703125,3135297
2022-07-12,368.79998779296875,372.8500061035156,367.75,370.8999938964844,2870836
2022-07-13,372.95001220703125,373.95001220703125,370.29998779296875,371.20001220703125,2291028
2022-07-14,372.79998779296875,372.79998779296875,368.5,369.8999938964844,2772420
2022-07-15,368.0,371.29998779296875,368.0,369.1499938964844,3856534
2022-07-18,370.6000061035156,372.3999938964844,369.6000061035156,370.70001220703125,1745124
2022-07-19,369.29998779296875,371.5,369.29998779296875,370.95001220703125,1567448
2022-07-20,369.95001220703125,371.95001220703125,366.6000061035156,367.8500061035156,7381308
2022-07-21,368.0,371.3500061035156,366.25,370.75,3275734
2022-07-22,370.0,373.1000061035156,368.95001220703125,372.54998779296875,3091493
2022-07-25,372.54998779296875,373.5,370.3999938964844,371.1499938964844,3224932
2022-07-26,371.04998779296875,371.1499938964844,368.54998779296875,369.95001220703125,3457867
2022-07-27,369.25,372.20001220703125,368.70001220703125,370.8500061035156,2093379
2022-07-28,372.5,372.5,369.6000061035156,370.8500061035156,2711190
2022-07-29,372.3999938964844,376.0,370.0,374.79998779296875,6522804
2022-08-01,377.0,378.0,374.25,375.3999938964844,2858911
2022-08-02,375.3999938964844,382.79998779296875,374.95001220703125,378.6499938964844,9280180
2022-08-03,380.0,382.3999938964844,376.5,381.75,4871595
2022-08-04,382.0,383.75,378.0,381.25,6766464
2022-08-05,381.1000061035156,383.04998779296875,380.04998779296875,382.6499938964844,5063415
2022-08-08,382.8500061035156,382.95001220703125,378.8500061035156,380.20001220703125,3347503
2022-08-10,380.0,381.6499938964844,378.3999938964844,380.04998779296875,4144801
2022-08-11,382.0,382.0,378.6000061035156,380.20001220703125,2409612
2022-08-12,380.0,388.0,378.8500061035156,384.79998779296875,5187959
2022-08-16,388.8999938964844,399.0,385.45001220703125,396.1000061035156,11560886
2022-08-17,398.75,404.95001220703125,397.0,398.29998779296875,9431378
2022-08-18,398.29998779296875,414.5,396.5,409.6000061035156,15635959
2022-08-19,412.0,427.0,410.29998779296875,420.45001220703125,25171485
2022-08-22,418.1000061035156,420.25,404.3500061035156,408.0,11430999
2022-08-23,400.0,414.45001220703125,398.0,405.45001220703125,15303452
2022-08-24,405.45001220703125,407.54998779296875,398.1000061035156,404.1499938964844,15732854
2022-08-25,404.1499938964844,408.29998779296875,395.8999938964844,397.1499938964844,11274377
2022-08-26,400.0,406.70001220703125,392.20001220703125,402.8500061035156,13259855
2022-08-29,397.0,405.5,395.1000061035156,403.45001220703125,7557377
2022-08-30,406.6499938964844,412.8500061035156,404.5,411.25,7851221
2022-09-01,409.6000061035156,413.79998779296875,407.6499938964844,409.79998779296875,10762759
2022-09-02,411.45001220703125,418.29998779296875,405.54998779296875,415.6000061035156,8068140
2022-09-05,417.1499938964844,419.6499938964844,414.04998779296875,417.95001220703125,6074232
2022-09-06,419.3999938964844,441.0,417.5,436.5,23184248
2022-09-07,440.04998779296875,457.5,436.0,448.8999938964844,28272706
2022-09-08,453.95001220703125,464.0,446.25,461.8999938964844,14949706
2022-09-09,465.29998779296875,484.70001220703125,451.8500061035156,454.70001220703125,29429693
2022-09-12,454.6000061035156,479.5,440.6000061035156,475.6499938964844,27759936
2022-09-13,483.25,488.6499938964844,476.25,486.5,17846212
2022-09-14,482.0,533.7000122070312,482.0,524.5999755859375,57236617
2022-09-15,529.0,544.6500244140625,509.3999938964844,538.75,37879876
2022-09-16,530.9500122070312,550.0,511.04998779296875,516.7000122070312,42869715
2022-09-19,517.0,572.9500122070312,514.0,564.9000244140625,75771183
2022-09-20,579.0,585.7000122070312,567.5,574.3499755859375,43803577
2022-09-21,572.0,575.7999877929688,532.7999877929688,541.3499755859375,48990918
2022-09-22,524.5,548.7999877929688,516.0999755859375,534.0499877929688,24714675
2022-09-23,535.0,555.0,535.0,539.3499755859375,17014661
2022-09-26,537.0,544.0,499.1000061035156,511.20001220703125,17756139
2022-09-27,507.95001220703125,524.0,474.0,504.3500061035156,29131156
2022-09-28,495.0,514.3499755859375,491.04998779296875,500.04998779296875,12029150
2022-09-29,509.6000061035156,519.0,495.20001220703125,506.3500061035156,11297808
2022-09-30,507.0,523.1500244140625,501.0,515.5999755859375,11027478
2022-10-03,516.0999755859375,519.9500122070312,471.04998779296875,488.6499938964844,14296197
2022-10-04,502.3999938964844,506.3999938964844,482.8999938964844,492.20001220703125,12515966
2022-10-06,497.8999938964844,513.7999877929688,496.1499938964844,506.8999938964844,9447220
2022-10-07,506.79998779296875,527.0,499.79998779296875,521.7999877929688,9384553
2022-10-10,517.0,537.9500122070312,515.3499755859375,522.6500244140625,12806265
2022-10-11,525.0,526.5999755859375,498.29998779296875,500.20001220703125,7659702
2022-10-12,502.75,507.45001220703125,484.20001220703125,505.45001220703125,11786907
2022-10-13,505.3999938964844,505.3999938964844,491.5,496.8500061035156,6212954
2022-10-14,508.0,512.0,497.5,501.8500061035156,6337662
2022-10-17,499.0,522.7000122070312,497.45001220703125,520.5499877929688,9626670
2022-10-18,523.0,524.2000122070312,506.04998779296875,507.8500061035156,10116195
2022-10-19,511.0,519.0,506.70001220703125,510.70001220703125,6646701
2022-10-20,509.0,519.0,507.0,517.7000122070312,5223412
2022-10-21,518.0,522.9000244140625,503.79998779296875,512.5999755859375,9693780
2022-10-24,518.0,521.0499877929688,516.0,516.9000244140625,1415497
2022-10-25,516.2000122070312,521.7999877929688,511.6499938964844,513.0999755859375,5007924
2022-10-27,515.3499755859375,532.5999755859375,513.25,527.5999755859375,10067299
2022-10-28,530.2000122070312,530.2000122070312,515.6500244140625,520.0999755859375,6679582
2022-10-31,522.4500122070312,538.5999755859375,521.3499755859375,532.9500122070312,8601980
2022-11-01,535.0,545.5999755859375,533.75,544.0499877929688,8669246
2022-11-02,546.75,549.0,539.2999877929688,545.0,7740170
2022-11-03,540.0,547.5,538.5,539.5,3945015
2022-11-04,540.9000244140625,560.2999877929688,538.8499755859375,558.5999755859375,8028860
2022-11-07,561.0,573.0,553.1500244140625,568.0999755859375,9287441
2022-11-09,570.0,580.7000122070312,561.2000122070312,564.5,10307830
2022-11-10,563.0,568.4000244140625,551.5,558.1500244140625,5700059
2022-11-11,565.0,566.9000244140625,553.8499755859375,557.5499877929688,5254274
2022-11-14,558.9000244140625,586.5499877929688,557.5499877929688,580.2999877929688,9070550
2022-11-15,583.9000244140625,593.0,575.2999877929688,586.4500122070312,11897606
2022-11-16,586.5,593.5,568.2000122070312,577.2000122070312,8557056
2022-11-17,578.0,581.2999877929688,570.25,574.2000122070312,3652873
2022-11-18,574.5,576.0,563.9000244140625,574.0999755859375,4114267
2022-11-21,573.0,573.7999877929688,562.7000122070312,564.0499877929688,3480076
2022-11-22,564.0,578.4500122070312,560.5,565.8499755859375,7405911
2022-11-23,567.7999877929688,571.0,560.2000122070312,562.9000244140625,2782614
2022-11-24,564.25,565.9500122070312,554.5499877929688,557.8499755859375,3977412
2022-11-25,560.4000244140625,567.4000244140625,556.5499877929688,564.6500244140625,4010892
2022-11-28,564.0,572.5,562.7999877929688,568.4500122070312,4078114
2022-11-29,569.5999755859375,574.4000244140625,563.75,564.9500122070312,3646853
2022-11-30,565.9000244140625,573.9500122070312,560.5499877929688,570.75,6139270
2022-12-01,573.5,585.0,569.5,580.9500122070312,8400806
2022-12-02,582.5499877929688,584.1500244140625,573.4000244140625,577.9500122070312,7097523
2022-12-05,580.8499755859375,582.3499755859375,571.7999877929688,573.3499755859375,5491648
2022-12-06,572.5,585.0,570.5999755859375,581.0,6009003
2022-12-07,582.9000244140625,588.3499755859375,575.0999755859375,582.0,5406859
2022-12-08,583.9500122070312,590.7999877929688,581.5999755859375,587.75,2897290
2022-12-09,593.9000244140625,598.0,572.25,581.0,7795856
2022-12-12,580.0,587.2999877929688,573.4000244140625,585.0499877929688,4062852
2022-12-13,587.0,589.0,583.0499877929688,584.5499877929688,2436178
2022-12-14,585.0999755859375,589.5,581.0499877929688,582.2000122070312,1682787
2022-12-15,583.0,584.0,558.75,561.2000122070312,5047769
2022-12-16,558.0,568.5999755859375,553.5,556.0499877929688,4854309
2022-12-19,556.9500122070312,566.3499755859375,555.0,563.8499755859375,2341796
2022-12-20,563.9000244140625,565.0,554.0999755859375,560.0999755859375,2314297
2022-12-21,562.0,564.0,532.2000122070312,539.2000122070312,6698446
2022-12-22,543.5,544.5999755859375,525.25,532.8499755859375,7913985
2022-12-23,528.9500122070312,531.7999877929688,486.0,491.25,10542194
2022-12-26,493.95001220703125,522.3499755859375,489.8999938964844,514.1500244140625,8583591
2022-12-27,520.0,527.2999877929688,509.3500061035156,523.2999877929688,5808135
2022-12-28,525.0,527.5,516.4500122070312,518.4000244140625,3959786
2022-12-29,517.2000122070312,534.4000244140625,504.6000061035156,522.75,7354986
2022-12-30,525.0,531.9000244140625,522.0999755859375,524.0999755859375,3361557
2023-01-02,526.75,530.9000244140625,523.0,526.5,2226882
2023-01-03,527.5,533.4000244140625,523.0499877929688,530.9500122070312,3247177
2023-01-04,532.2000122070312,536.75,517.4000244140625,518.8499755859375,7145153
2023-01-05,518.9500122070312,525.9500122070312,513.5499877929688,524.75,3166328
2023-01-06,525.8499755859375,528.4500122070312,514.3499755859375,519.7999877929688,3454408
2023-01-09,523.0,527.5,520.6500244140625,524.75,1841059
2023-01-10,526.5,526.5,502.70001220703125,514.4500122070312,5366443
2023-01-11,515.9500122070312,515.9500122070312,505.6499938964844,508.1000061035156,3308303
2023-01-12,509.8999938964844,514.5,507.0,510.3999938964844,4129397
2023-01-13,511.3999938964844,520.5,511.3999938964844,518.6500244140625,4195766
2023-01-16,521.0,521.5999755859375,512.9000244140625,517.0,2181662
2023-01-17,517.25,520.5,511.29998779296875,517.5,2346252
2023-01-18,517.9000244140625,522.4500122070312,513.0,520.4500122070312,2338626
2023-01-19,519.0,525.4000244140625,517.0499877929688,519.25,2809131
2023-01-20,520.0,523.0,515.4000244140625,517.75,2656548
2023-01-23,518.0,518.7000122070312,498.25,501.1000061035156,4154237
2023-01-24,502.20001220703125,508.5,497.95001220703125,498.95001220703125,2166537
2023-01-25,497.0,498.0,450.70001220703125,460.20001220703125,33646469
2023-01-27,457.5,457.5,345.1499938964844,380.45001220703125,91035714
2023-01-30,400.0,427.6499938964844,352.0,387.5,71717149
2023-01-31,394.0,414.6499938964844,390.1000061035156,401.20001220703125,40532400
2023-02-01,409.20001220703125,412.70001220703125,320.5,334.1000061035156,78282914
2023-02-02,355.0,367.0,315.29998779296875,352.54998779296875,79579639
2023-02-03,351.95001220703125,380.70001220703125,318.5,373.6000061035156,58296804
2023-02-06,371.0,383.79998779296875,358.45001220703125,379.75,33168803
2023-02-07,384.5,406.70001220703125,371.70001220703125,384.04998779296875,42723721
2023-02-08,393.6499938964844,397.6000061035156,382.0,384.6499938964844,18573925
2023-02-09,378.0,378.0,354.0,357.79998779296875,28134958
2023-02-10,354.75,368.45001220703125,350.0,360.79998779296875,12021081
2023-02-13,363.5,366.8999938964844,336.54998779296875,342.45001220703125,20202357
2023-02-14,344.0,349.0,325.1000061035156,336.5,29650470
2023-02-15,336.5,350.95001220703125,335.0,344.8500061035156,14504126
2023-02-16,351.8999938964844,354.29998779296875,346.1499938964844,347.79998779296875,13932368
2023-02-17,346.3999938964844,355.95001220703125,343.0,353.29998779296875,12417704
2023-02-20,349.70001220703125,356.0,345.6499938964844,352.45001220703125,10433187
2023-02-21,353.3500061035156,366.5,351.5,352.8500061035156,18031338
2023-02-22,352.0,352.0,332.1000061035156,335.3999938964844,12696127
2023-02-23,336.0,343.8500061035156,331.3500061035156,336.8999938964844,10669135
2023-02-24,339.29998779296875,346.95001220703125,338.70001220703125,345.25,10758533
2023-02-27,340.3999938964844,344.45001220703125,326.0,329.8999938964844,8739164
2023-02-28,330.0,353.45001220703125,324.29998779296875,342.1000061035156,21986286
2023-03-01,344.20001220703125,354.8999938964844,344.20001220703125,353.6000061035156,14144946
2023-03-02,354.45001220703125,372.0,347.29998779296875,370.70001220703125,24526040
2023-03-03,382.70001220703125,399.3999938964844,375.6000061035156,391.8500061035156,40022359
2023-03-06,397.79998779296875,404.8999938964844,381.29998779296875,385.5,24525562
2023-03-08,384.79998779296875,393.5,378.6499938964844,392.1000061035156,12403307
2023-03-09,394.8500061035156,395.0,383.0,384.70001220703125,10496900
2023-03-10,380.0,382.3500061035156,373.3999938964844,378.3500061035156,8021603
2023-03-13,382.8999938964844,389.1499938964844,366.3999938964844,368.0,12295435
2023-03-14,366.04998779296875,367.8500061035156,340.79998779296875,353.3999938964844,18116432
2023-03-15,354.5,367.0,347.6499938964844,365.1499938964844,17244370
2023-03-16,365.8999938964844,384.0,360.25,378.79998779296875,17263261
2023-03-17,384.0,386.6499938964844,371.04998779296875,378.45001220703125,12121438
2023-03-20,376.1000061035156,376.54998779296875,360.29998779296875,365.3999938964844,9301805
2023-03-21,369.70001220703125,374.70001220703125,366.20001220703125,370.8999938964844,7159231
2023-03-22,373.3999938964844,378.20001220703125,371.3999938964844,375.54998779296875,6498593
2023-03-23,373.0,377.29998779296875,370.3999938964844,372.1499938964844,8428310
2023-03-24,373.0,376.5,368.04998779296875,371.79998779296875,9512792
2023-03-27,372.6000061035156,374.79998779296875,367.45001220703125,370.0,6288107
2023-03-28,371.79998779296875,373.6499938964844,354.29998779296875,358.95001220703125,15688794
2023-03-29,360.0,367.04998779296875,358.20001220703125,363.8999938964844,9558023
2023-03-31,367.5,370.6000061035156,364.0,365.54998779296875,5945285
2023-04-03,368.95001220703125,376.6499938964844,363.5,374.79998779296875,6083504
2023-04-05,374.5,380.8999938964844,371.25,379.95001220703125,6528840
2023-04-06,378.8500061035156,386.5,377.20001220703125,383.6000061035156,5658596
2023-04-10,385.70001220703125,389.6000061035156,383.25,384.3500061035156,3153982
2023-04-11,385.95001220703125,388.5,380.79998779296875,384.3999938964844,3415299
2023-04-12,385.8999938964844,397.75,382.70001220703125,396.04998779296875,9415387
2023-04-13,394.8999938964844,396.6000061035156,390.04998779296875,392.6499938964844,6239974
2023-04-17,392.0,395.04998779296875,387.04998779296875,391.54998779296875,4916449
2023-04-18,391.54998779296875,394.29998779296875,379.8999938964844,383.04998779296875,3986619
2023-04-19,384.0,388.20001220703125,377.6499938964844,380.04998779296875,3600019
2023-04-20,380.5,382.29998779296875,378.1000061035156,380.70001220703125,4345525
2023-04-21,381.25,382.0,373.3999938964844,375.1000061035156,4286701
2023-04-24,375.1000061035156,382.8999938964844,373.3500061035156,380.29998779296875,3030412
2023-04-25,381.6499938964844,387.54998779296875,380.6000061035156,382.5,4790001
2023-04-26,382.0,390.0,380.1499938964844,386.45001220703125,4369712
2023-04-27,386.45001220703125,390.5,382.75,388.79998779296875,5093452
2023-04-28,390.0,399.5,384.1000061035156,396.5,11030482
2023-05-02,398.0,399.3999938964844,389.04998779296875,394.3999938964844,7419371
2023-05-03,392.8999938964844,400.54998779296875,375.75,383.6499938964844,13078081
2023-05-04,384.0,390.8500061035156,380.6000061035156,388.29998779296875,6828148
2023-05-05,388.5,406.0,387.45001220703125,400.54998779296875,11844907
2023-05-08,404.79998779296875,408.8999938964844,400.70001220703125,405.5,6282119
2023-05-09,407.8999938964844,412.3999938964844,403.45001220703125,405.6499938964844,7401793
2023-05-10,407.8500061035156,409.29998779296875,402.5,408.29998779296875,3823364
2023-05-11,410.0,415.0,406.20001220703125,412.20001220703125,5043085
2023-05-12,411.0,414.75,407.1000061035156,410.0,5365495
2023-05-15,411.0,411.5,403.1000061035156,406.6000061035156,2396533
2023-05-16,405.0,409.79998779296875,399.79998779296875,400.8999938964844,3189110
2023-05-17,400.0,407.0,399.29998779296875,406.29998779296875,4399478
2023-05-18,408.0,408.79998779296875,395.5,399.04998779296875,4266534
2023-05-19,399.04998779296875,406.0,395.6499938964844,403.1499938964844,4401094
2023-05-22,405.5,433.70001220703125,405.0,423.8999938964844,17691079
2023-05-23,428.79998779296875,440.95001220703125,424.45001220703125,427.29998779296875,18654251
2023-05-24,428.1000061035156,430.0,419.6000061035156,422.29998779296875,6096592
2023-05-25,421.0,424.6499938964844,415.70001220703125,419.20001220703125,4130074
2023-05-26,421.3999938964844,425.6499938964844,417.5,424.54998779296875,3769455
2023-05-29,426.8999938964844,430.8999938964844,422.75,427.0,7799828
2023-05-30,427.0,432.95001220703125,425.3500061035156,430.8999938964844,3733902
2023-05-31,430.3999938964844,430.79998779296875,420.8500061035156,423.6000061035156,6180317
2023-06-01,425.0,431.25,424.0,429.25,3422014
2023-06-02,431.45001220703125,440.0,431.45001220703125,438.04998779296875,5425758
2023-06-05,440.04998779296875,441.6499938964844,437.04998779296875,439.04998779296875,3391422
2023-06-06,441.79998779296875,460.95001220703125,440.0,459.1499938964844,15043392
2023-06-07,461.0,461.5,452.5,455.75,4545088
2023-06-08,456.0,460.0,445.8500061035156,451.70001220703125,4925548
2023-06-09,452.0,458.1499938964844,451.0,455.70001220703125,4370589
2023-06-12,456.0,458.3999938964844,453.45001220703125,456.29998779296875,2768142
2023-06-13,457.5,463.79998779296875,455.54998779296875,458.95001220703125,2313541
2023-06-14,460.25,465.5,459.3999938964844,464.6000061035156,4260531
2023-06-15,466.0,468.8999938964844,457.04998779296875,458.3500061035156,2606044
2023-06-16,461.3999938964844,465.6000061035156,457.0,460.8999938964844,4270855
2023-06-19,460.8999938964844,464.04998779296875,449.25,452.8500061035156,2390979
2023-06-20,453.5,455.6000061035156,446.6000061035156,448.95001220703125,3007712
2023-06-21,449.0,452.3500061035156,444.6000061035156,448.1000061035156,2653187
2023-06-22,449.3999938964844,452.95001220703125,441.75,444.8500061035156,2318198
2023-06-23,445.0,445.0,424.0,425.79998779296875,4859137
2023-06-26,425.75,433.8999938964844,419.29998779296875,432.04998779296875,3401951
2023-06-27,434.0,440.6499938964844,433.1499938964844,433.8500061035156,3022273
2023-06-28,435.3999938964844,441.79998779296875,431.8500061035156,434.25,6405277
2023-06-30,436.0,441.0,425.0,425.8999938964844,6318237
2023-07-03,428.3999938964844,437.20001220703125,428.0,435.8500061035156,3025642
2023-07-04,436.45001220703125,438.8999938964844,431.1000061035156,432.70001220703125,1585173
2023-07-05,433.3999938964844,434.70001220703125,426.70001220703125,432.3999938964844,2057486
2023-07-06,432.0,435.20001220703125,429.54998779296875,431.5,2151838
2023-07-07,430.0,430.70001220703125,416.5,417.8999938964844,3734746
2023-07-10,419.0,424.8500061035156,412.04998779296875,419.5,3524816
2023-07-11,421.0,422.25,418.45001220703125,419.75,2512215
2023-07-12,420.0,423.0,415.0,421.54998779296875,2231762
2023-07-13,421.54998779296875,422.6499938964844,414.6499938964844,416.8999938964844,2744632
2023-07-14,416.8999938964844,419.20001220703125,414.04998779296875,416.6000061035156,7579025
2023-07-17,418.0,422.6000061035156,415.04998779296875,416.6000061035156,5100742
2023-07-18,416.95001220703125,424.70001220703125,414.29998779296875,416.20001220703125,3809061
2023-07-19,417.6000061035156,421.0,416.20001220703125,419.29998779296875,2260225
2023-07-20,420.04998779296875,423.54998779296875,418.54998779296875,420.8999938964844,2876080
2023-07-21,419.3999938964844,419.5,415.29998779296875,416.1000061035156,1990506
2023-07-24,417.0,428.79998779296875,415.45001220703125,422.75,3203223
2023-07-25,423.1499938964844,441.8999938964844,423.1499938964844,440.1000061035156,6432788
2023-07-26,443.70001220703125,448.3500061035156,436.70001220703125,443.5,5027847
2023-07-27,444.29998779296875,455.0,438.6499938964844,449.75,4479151
2023-07-28,455.0,456.6499938964844,448.04998779296875,454.79998779296875,4573656
2023-07-31,455.0,468.79998779296875,454.79998779296875,463.0,5162855
2023-08-01,464.0,468.3500061035156,452.6499938964844,461.54998779296875,3111674
2023-08-02,462.0,469.3500061035156,450.0,460.8999938964844,8819107
2023-08-03,465.0,481.1499938964844,458.45001220703125,474.3500061035156,12633488
2023-08-04,477.0,477.5,470.1000061035156,471.75,2994518
2023-08-07,473.3999938964844,476.0,468.75,474.1000061035156,2245398
2023-08-08,474.95001220703125,476.0,456.25,466.20001220703125,5371066
2023-08-09,466.20001220703125,466.75,460.5,462.6499938964844,2483919
2023-08-10,463.04998779296875,465.8500061035156,454.70001220703125,457.20001220703125,2526713
2023-08-11,457.5,463.3999938964844,454.0,456.3999938964844,2572588
2023-08-14,450.54998779296875,452.5,437.6499938964844,440.95001220703125,4208119
2023-08-16,440.29998779296875,440.29998779296875,432.1000061035156,437.20001220703125,1740262
2023-08-17,437.3999938964844,447.0,433.6499938964844,446.0,2130151
2023-08-18,445.95001220703125,460.95001220703125,439.79998779296875,453.04998779296875,4745941
2023-08-21,454.1000061035156,469.0,453.6000061035156,465.25,3554493
2023-08-22,468.25,470.6499938964844,462.3500061035156,463.79998779296875,3093757
2023-08-23,464.5,466.79998779296875,450.1000061035156,453.29998779296875,3474824
2023-08-24,456.45001220703125,462.0,446.95001220703125,448.95001220703125,4316497
2023-08-25,448.20001220703125,448.29998779296875,430.1000061035156,434.6000061035156,5518417
2023-08-28,439.20001220703125,444.5,432.1000061035156,438.8500061035156,3347943
2023-08-29,440.0,447.5,436.45001220703125,441.20001220703125,4051913
2023-08-30,444.70001220703125,445.5,440.20001220703125,444.04998779296875,2230876
2023-08-31,439.8500061035156,442.3500061035156,425.1000061035156,428.3999938964844,12006942
2023-09-01,427.54998779296875,437.3999938964844,425.5,433.8999938964844,3846763
2023-09-04,435.3500061035156,443.95001220703125,435.1499938964844,441.1499938964844,4347480
2023-09-05,441.29998779296875,444.45001220703125,437.5,440.20001220703125,2261743
2023-09-06,441.0,442.0,433.5,437.75,2410656
2023-09-07,437.95001220703125,440.6000061035156,435.20001220703125,439.45001220703125,2211370
2023-09-08,440.04998779296875,441.20001220703125,436.8999938964844,439.20001220703125,1913450
2023-09-11,439.25,453.3999938964844,439.25,450.8999938964844,5287778
2023-09-12,453.8999938964844,453.8999938964844,436.6499938964844,445.0,5467782
2023-09-13,447.0,449.95001220703125,440.3500061035156,443.8999938964844,2583760
2023-09-14,444.79998779296875,446.3999938964844,441.70001220703125,445.20001220703125,2000637
2023-09-15,445.0,448.1000061035156,442.5,445.04998779296875,2963506
2023-09-18,445.0,445.70001220703125,433.0,436.6499938964844,3707587
2023-09-20,436.5,438.3500061035156,425.04998779296875,428.1499938964844,2289507
2023-09-21,427.5,430.6000061035156,423.20001220703125,426.1000061035156,2680700
2023-09-22,426.0,428.5,418.04998779296875,420.95001220703125,2666687
2023-09-25,420.5,425.95001220703125,414.70001220703125,422.8999938964844,3913804
2023-09-26,423.29998779296875,434.0,422.45001220703125,429.75,6162665
2023-09-27,428.0,431.8500061035156,426.0,430.45001220703125,1952178
2023-09-28,431.0,431.5,418.6499938964844,419.8999938964844,3461405
2023-09-29,423.79998779296875,428.5,420.0,424.79998779296875,2835399
2023-10-03,424.04998779296875,434.3999938964844,422.5,432.20001220703125,2833284
2023-10-04,430.0,434.0,424.29998779296875,429.6499938964844,3214525
2023-10-05,430.0,434.8500061035156,428.75,432.8500061035156,1287179
2023-10-06,434.0,437.0,431.79998779296875,435.70001220703125,1547935
2023-10-09,430.1000061035156,437.5,427.5,430.20001220703125,4370429
2023-10-10,430.1499938964844,438.8500061035156,428.0,437.20001220703125,3288646
2023-10-11,438.8999938964844,447.0,438.0,445.1000061035156,3228077
2023-10-12,449.0,450.3500061035156,444.04998779296875,445.6000061035156,1700298
2023-10-13,444.5,445.79998779296875,438.8999938964844,439.8999938964844,950920
2023-10-16,439.0,444.79998779296875,438.95001220703125,443.25,1353905
2023-10-17,443.54998779296875,444.5,440.1000061035156,442.6499938964844,1043674
2023-10-18,442.3999938964844,444.0,431.5,433.0,1919224
2023-10-19,432.54998779296875,440.04998779296875,430.1000061035156,437.45001220703125,1131689
2023-10-20,437.0,439.54998779296875,428.1000061035156,430.8500061035156,2066618
2023-10-23,432.75,432.75,411.6000061035156,415.95001220703125,1925177
2023-10-25,417.0,422.75,413.6000061035156,417.95001220703125,3289897
2023-10-26,414.6000061035156,422.5,407.75,416.29998779296875,2296586
2023-10-27,419.45001220703125,423.95001220703125,415.1000061035156,417.25,1693364
2023-10-30,420.20001220703125,423.6000061035156,416.0,421.95001220703125,1290400
2023-10-31,423.95001220703125,427.45001220703125,421.0,424.45001220703125,1078687
2023-11-01,425.5,425.5,404.04998779296875,406.6499938964844,5188883
2023-11-02,411.0,423.3999938964844,410.1499938964844,419.70001220703125,3289570
2023-11-03,421.0,423.95001220703125,417.25,420.8999938964844,1579359
2023-11-06,421.95001220703125,425.0,420.0,421.25,1061040
2023-11-07,421.79998779296875,423.3500061035156,418.1000061035156,419.54998779296875,662939
2023-11-08,421.6000061035156,426.0,419.20001220703125,421.0,1055490
2023-11-09,422.3999938964844,423.54998779296875,415.95001220703125,418.29998779296875,882283
2023-11-10,418.75,419.8500061035156,415.45001220703125,418.1000061035156,1025880
2023-11-13,421.8500061035156,422.1499938964844,418.3999938964844,419.3999938964844,698694
2023-11-15,421.0,423.5,417.70001220703125,418.1499938964844,2736651
2023-11-16,420.0,420.6499938964844,417.0,419.8999938964844,1724084
2023-11-17,422.0,428.0,418.0,421.1000061035156,2116735
2023-11-20,421.1000061035156,424.25,418.20001220703125,421.5,1481395
2023-11-21,422.3999938964844,424.29998779296875,419.1000061035156,420.1499938964844,1003554
2023-11-22,420.0,421.20001220703125,413.25,414.25,1457858
2023-11-23,416.75,416.75,408.6000061035156,415.6000061035156,1212949
2023-11-24,415.95001220703125,416.0,411.3500061035156,414.29998779296875,1929621
2023-11-28,421.0,435.45001220703125,417.25,431.20001220703125,7654493
2023-11-29,435.0,437.29998779296875,428.04998779296875,435.6499938964844,4081524
2023-11-30,436.0,443.0,430.70001220703125,439.25,6906477
2023-12-01,444.0,444.0,438.0,442.0,2478791
2023-12-04,460.0,475.79998779296875,453.25,474.54998779296875,13146040
2023-12-05,475.0,513.5,474.54998779296875,509.04998779296875,22838581
2023-12-06,515.0,523.6500244140625,499.5,501.1000061035156,13223984
2023-12-07,503.70001220703125,508.3999938964844,496.3500061035156,505.1000061035156,3608185
2023-12-08,508.95001220703125,509.6000061035156,482.3500061035156,494.3500061035156,4085720
2023-12-11,497.8999938964844,506.5,489.5,504.0,4277828
2023-12-12,506.04998779296875,510.5,497.75,501.3500061035156,3392736
2023-12-13,504.0,513.4000244140625,502.04998779296875,509.04998779296875,3481573
2023-12-14,514.7999877929688,523.4000244140625,511.8500061035156,520.25,5858223
2023-12-15,523.7000122070312,529.4000244140625,514.5,522.4000244140625,5777967
2023-12-18,530.0,532.5,524.2999877929688,525.6500244140625,2875095
2023-12-19,528.4000244140625,530.5499877929688,517.0,522.3499755859375,2762093
2023-12-20,524.0,526.2999877929688,486.0,490.45001220703125,5434428
2023-12-21,481.0,505.8999938964844,480.45001220703125,503.8999938964844,3610387
2023-12-22,505.1000061035156,510.3999938964844,498.25,503.79998779296875,2571515
2023-12-26,504.0,508.54998779296875,502.6499938964844,505.3500061035156,1869260
2023-12-27,520.9500122070312,523.0,513.1500244140625,517.0,5618393
2023-12-28,518.0,519.9500122070312,512.0499877929688,514.25,1945694
2023-12-29,514.5999755859375,522.4500122070312,511.6000061035156,520.9000244140625,2686563
2024-01-01,520.8499755859375,539.7000122070312,519.7999877929688,534.2999877929688,4251624
2024-01-02,537.0,537.0,518.5,530.9000244140625,2655551
2024-01-03,538.4500122070312,549.0,528.1500244140625,536.0999755859375,13711402
2024-01-04,538.3499755859375,554.5499877929688,536.75,549.4500122070312,6112049
2024-01-05,550.0,557.9000244140625,538.4000244140625,542.3499755859375,5130749
2024-01-08,544.25,544.25,526.9000244140625,530.2000122070312,3333769
2024-01-09,535.8499755859375,538.7999877929688,523.25,525.2000122070312,2741683
2024-01-10,528.7000122070312,528.7000122070312,518.25,526.1500244140625,1792977
2024-01-11,529.1500244140625,541.9500122070312,525.4000244140625,538.25,2505937
2024-01-12,543.0,544.75,531.0999755859375,532.4000244140625,2315342
2024-01-15,537.0,537.2000122070312,526.5,531.4500122070312,1838608
2024-01-16,533.7999877929688,534.9500122070312,525.0,528.7000122070312,2732941
2024-01-17,528.0,539.3499755859375,518.25,520.5499877929688,6229815
2024-01-18,522.6500244140625,526.9500122070312,509.0,524.1500244140625,2084710
2024-01-19,526.8499755859375,538.0,525.25,537.0999755859375,2661086
2024-01-23,543.7999877929688,543.7999877929688,517.0499877929688,525.0499877929688,2682760
2024-01-24,525.0499877929688,531.0,514.5,527.4500122070312,3893697
2024-01-25,530.0,566.0,526.3499755859375,560.1500244140625,8019238
2024-01-29,570.9000244140625,578.9000244140625,562.7999877929688,574.0999755859375,7828638
2024-01-30,574.2000122070312,583.9500122070312,568.0499877929688,570.8499755859375,4572466
2024-01-31,573.4000244140625,586.4500122070312,547.0,560.2999877929688,13741694
2024-02-01,568.0,569.7999877929688,554.0499877929688,565.0499877929688,6228014
2024-02-02,570.6500244140625,572.25,554.5499877929688,557.4000244140625,3263916
2024-02-05,560.0,563.1500244140625,551.0,555.0,2366641
2024-02-06,558.9500122070312,568.0,549.9500122070312,566.5999755859375,2969565
2024-02-07,570.0,575.9500122070312,564.2999877929688,568.2000122070312,2248160
2024-02-08,570.0,571.25,559.6500244140625,563.3499755859375,2089376
2024-02-09,564.7000122070312,582.25,552.5499877929688,576.2000122070312,6956624
2024-02-12,582.0999755859375,587.2000122070312,560.25,563.5,3475737
2024-02-13,566.3499755859375,570.0,552.5,568.25,2529788
2024-02-14,560.1500244140625,573.3499755859375,559.6500244140625,570.9000244140625,2094616
2024-02-15,573.9000244140625,574.7999877929688,568.8499755859375,572.25,1240706
2024-02-16,573.2000122070312,590.6500244140625,573.0499877929688,585.0999755859375,9619487
2024-02-19,588.7999877929688,594.0,581.9000244140625,584.8499755859375,3141571
2024-02-20,584.8499755859375,590.0,579.4500122070312,588.7999877929688,1867263
2024-02-21,591.9000244140625,596.7000122070312,583.25,587.7999877929688,4209055
2024-02-22,593.0,595.0,583.0,592.75,1838366
2024-02-23,593.7999877929688,608.7000122070312,587.25,602.9500122070312,4824640
2024-02-26,602.9500122070312,615.25,602.5999755859375,608.5999755859375,5715227
2024-02-27,607.9500122070312,612.5,599.0,603.3499755859375,3604237
2024-02-28,603.9000244140625,606.0,585.0999755859375,589.25,2831925
2024-02-29,589.25,609.7000122070312,584.0,605.9000244140625,3263796
2024-03-01,608.0999755859375,620.0,607.0,617.5999755859375,4011709
2024-03-04,621.25,621.75,612.5499877929688,617.1500244140625,1878206
2024-03-05,625.0,625.0,610.7999877929688,613.0999755859375,2430074
2024-03-06,612.9500122070312,613.6500244140625,595.5,598.2999877929688,4127035
2024-03-07,598.2999877929688,606.5999755859375,596.5,603.1500244140625,2393414
2024-03-11,604.9000244140625,612.4000244140625,600.2000122070312,602.0499877929688,2547145
2024-03-12,605.0,605.9000244140625,584.0499877929688,587.5499877929688,2900178
2024-03-13,589.3499755859375,590.3499755859375,550.7999877929688,559.25,5946259
2024-03-14,555.5,584.7000122070312,551.7000122070312,582.4500122070312,3200499
2024-03-15,583.7999877929688,603.8499755859375,575.8499755859375,600.75,3693325
2024-03-18,595.0,595.0,582.2000122070312,584.6500244140625,6348109
2024-03-19,582.0,588.5999755859375,572.5499877929688,580.2999877929688,2021483
2024-03-20,581.3499755859375,587.5,566.5999755859375,576.3499755859375,1678012
2024-03-21,580.0,590.9000244140625,580.0,587.2000122070312,1977799
2024-03-22,588.0,594.7000122070312,581.5499877929688,589.3499755859375,1818091
2024-03-26,589.3499755859375,600.4000244140625,586.5,595.0499877929688,2175165
2024-03-27,598.0,610.0,596.9500122070312,601.5,5070366
2024-03-28,607.5,617.0,602.25,612.3499755859375,3861492
2024-04-01,619.4000244140625,626.6500244140625,613.2999877929688,621.5,3976554
2024-04-02,622.0,637.0999755859375,619.6500244140625,634.7000122070312,4503263
2024-04-03,632.0,640.2999877929688,626.5,634.9500122070312,4389047
2024-04-04,640.0,640.7999877929688,623.5999755859375,624.7000122070312,2100754
2024-04-05,624.75,633.25,618.2000122070312,627.2000122070312,2386291
2024-04-08,627.2000122070312,634.5,622.0999755859375,630.5499877929688,2965491
2024-04-09,631.4000244140625,633.9500122070312,618.5499877929688,623.0999755859375,2431726
2024-04-10,620.4000244140625,628.75,620.4000244140625,625.6500244140625,1293786
2024-04-12,623.5,630.2999877929688,605.5999755859375,608.8499755859375,4161320
2024-04-15,600.0,615.5999755859375,593.4500122070312,606.8499755859375,2647237
2024-04-16,604.9500122070312,622.0,601.25,617.5499877929688,1983635
2024-04-18,637.7999877929688,637.7999877929688,611.0,615.25,4944023
2024-04-19,612.0,614.1500244140625,601.0499877929688,609.6500244140625,2001911
2024-04-22,616.0,621.0999755859375,613.0999755859375,616.2999877929688,1566507
2024-04-23,621.25,639.0,618.75,636.5499877929688,3751042
2024-04-24,641.0,646.7999877929688,635.0999755859375,644.4500122070312,4701815
2024-04-25,644.0,649.0,629.2000122070312,638.3499755859375,3367321
2024-04-26,642.0,642.0,630.0999755859375,632.3499755859375,1663147
2024-04-29,638.0,638.2999877929688,625.0999755859375,629.6500244140625,2217374
2024-04-30,634.0,634.0,616.25,619.9000244140625,5514688
2024-05-02,615.0,630.9000244140625,609.1500244140625,625.7000122070312,6286712
2024-05-03,629.5,634.4500122070312,616.2999877929688,622.4500122070312,2566478
2024-05-06,625.0499877929688,625.75,599.8499755859375,607.4500122070312,3525659
2024-05-07,610.7000122070312,612.2000122070312,588.7999877929688,593.9500122070312,2548462
2024-05-08,590.9500122070312,601.0,588.0,594.5499877929688,2526772
2024-05-09,596.0,596.1500244140625,572.0,574.2999877929688,2481928
2024-05-10,576.0,586.0,573.2999877929688,581.7999877929688,3039660
2024-05-13,584.0499877929688,591.75,569.4000244140625,588.2000122070312,2203837
2024-05-14,587.0999755859375,616.9500122070312,587.0,610.2000122070312,3537595
2024-05-15,612.0,618.25,609.9000244140625,613.25,1479399
2024-05-16,613.0999755859375,616.4500122070312,606.2000122070312,615.4000244140625,2013842
2024-05-17,616.0,622.1500244140625,611.1500244140625,620.7000122070312,2065379
2024-05-21,620.9000244140625,634.75,613.2999877929688,631.7000122070312,3811359
2024-05-22,631.7000122070312,635.75,621.6500244140625,633.0499877929688,2209062
2024-05-23,635.0,648.2999877929688,626.5999755859375,646.5,4718924
2024-05-24,648.0,656.9500122070312,627.3499755859375,635.2999877929688,4865705
2024-05-27,638.7000122070312,638.7000122070312,626.5999755859375,632.5,1632214
2024-05-28,633.9000244140625,636.5,627.0,629.6500244140625,2482711
2024-05-29,626.5499877929688,633.5,620.4000244140625,630.0999755859375,1702062
2024-05-30,628.9500122070312,630.9500122070312,616.3499755859375,619.1500244140625,2485481
2024-05-31,625.0,639.8499755859375,622.6500244140625,634.0499877929688,3662225
2024-06-03,668.0,676.6500244140625,653.4500122070312,670.7999877929688,11189978
2024-06-04,670.7999877929688,670.9500122070312,518.3499755859375,556.5999755859375,20044195
2024-06-05,575.0,601.8499755859375,550.25,598.9000244140625,6564509
2024-06-06,608.0,622.25,603.75,610.0499877929688,3774112
2024-06-07,610.0499877929688,624.0,607.2999877929688,621.2999877929688,3023546
2024-06-10,626.0,643.0499877929688,624.0,640.3499755859375,4340712
2024-06-11,645.9000244140625,650.0,637.5999755859375,639.75,2706589
2024-06-12,644.75,675.75,638.0,668.7000122070312,5320428
2024-06-13,678.7000122070312,680.4500122070312,654.6500244140625,664.5,8012245
2024-06-14,689.0,689.0,672.2000122070312,677.2000122070312,15699653
2024-06-18,682.9500122070312,682.9500122070312,670.2999877929688,674.0999755859375,2670571
2024-06-19,674.6500244140625,675.2999877929688,654.2999877929688,666.7999877929688,3104511
2024-06-20,666.0,669.5,657.0499877929688,659.1500244140625,2840525
2024-06-21,659.1500244140625,667.9500122070312,653.0,657.4500122070312,3723454
2024-06-24,655.0499877929688,662.4500122070312,643.25,657.75,2151184
2024-06-25,662.4000244140625,666.5499877929688,644.0,648.7999877929688,2786086
2024-06-26,648.7999877929688,665.9000244140625,648.0499877929688,657.0499877929688,4247865
2024-06-27,658.0,678.1500244140625,652.4500122070312,660.6500244140625,6564930
2024-06-28,666.0,674.9500122070312,660.0,670.25,3948035
2024-07-01,668.0,701.7999877929688,664.0499877929688,695.0,6820204
2024-07-02,696.9500122070312,706.9500122070312,679.2999877929688,692.3499755859375,5783589
2024-07-03,695.0,699.4000244140625,687.6500244140625,692.7000122070312,1357858
2024-07-04,693.2999877929688,694.6500244140625,671.75,682.0999755859375,4072206
2024-07-05,682.0999755859375,691.0,677.0,686.0,4592446
2024-07-08,686.4500122070312,688.5499877929688,679.2000122070312,683.5499877929688,2099399
2024-07-09,682.0,688.0,671.4000244140625,677.6500244140625,2756185
2024-07-10,680.0,681.6500244140625,656.2000122070312,665.0,7590766
2024-07-11,680.0,687.9500122070312,672.5999755859375,679.1500244140625,6139579
2024-07-12,680.5,682.4500122070312,673.75,676.5,1807744
2024-07-15,686.5499877929688,690.4500122070312,681.5,684.2000122070312,2184021
2024-07-16,689.4500122070312,692.0,683.25,685.3499755859375,2484802
2024-07-18,685.3499755859375,692.4500122070312,679.0,690.25,3034365
2024-07-19,691.0499877929688,692.4500122070312,670.4000244140625,677.9000244140625,2613915
2024-07-22,677.8499755859375,688.5999755859375,673.75,687.0999755859375,3014997
2024-07-23,688.0,695.0,662.5999755859375,691.3499755859375,4681258
2024-07-24,691.3499755859375,693.0,680.0999755859375,682.4000244140625,1157565
2024-07-25,678.0999755859375,685.0,672.5,675.9000244140625,1226783
2024-07-26,676.0499877929688,691.4500122070312,676.0499877929688,686.4000244140625,1914855
2024-07-29,692.0,693.5,671.0,679.8499755859375,3176753
2024-07-30,679.8499755859375,681.0499877929688,671.2000122070312,674.4500122070312,1526425
2024-07-31,677.75,686.6500244140625,672.3499755859375,679.9500122070312,5007055
2024-08-01,680.0,681.0,655.0,664.0,7613696
2024-08-02,661.0,662.2999877929688,648.5999755859375,652.7999877929688,3552731
2024-08-05,647.0,650.5499877929688,633.75,636.1500244140625,3071394
2024-08-06,638.0999755859375,649.0,622.9500122070312,625.5499877929688,2519055
2024-08-07,634.0,648.0,633.5499877929688,643.2999877929688,2259244
2024-08-08,644.9500122070312,645.25,637.0999755859375,638.5,1121594
2024-08-09,645.0,645.5,630.0999755859375,632.0,2605583
2024-08-12,621.0999755859375,641.0,617.75,635.4500122070312,3209718
2024-08-13,635.2999877929688,638.9500122070312,622.0999755859375,624.4000244140625,1379099
2024-08-14,626.5,628.9000244140625,617.5,623.2000122070312,930171
2024-08-16,625.0,641.9500122070312,623.4500122070312,640.5,958226
2024-08-19,643.0,643.6500244140625,632.2000122070312,633.7000122070312,938492
2024-08-20,636.0,639.4500122070312,624.6500244140625,626.4500122070312,1390850
2024-08-21,627.0,631.75,624.7999877929688,629.25,1038309
2024-08-22,629.4500122070312,639.5,622.4500122070312,631.7999877929688,5299763
2024-08-23,656.0,660.0,631.5999755859375,633.5999755859375,14351644
2024-08-26,638.9500122070312,639.9000244140625,625.4000244140625,627.6500244140625,3688932
2024-08-27,628.7999877929688,629.8499755859375,622.0499877929688,624.4500122070312,2374774
2024-08-28,626.0499877929688,627.25,615.0999755859375,616.4000244140625,2570418
2024-08-29,617.7000122070312,619.0,600.7000122070312,612.5,6301579
2024-08-30,612.6500244140625,621.6500244140625,609.4000244140625,617.0499877929688,3540177
2024-09-02,620.0,624.2000122070312,616.2999877929688,620.4000244140625,2224671
2024-09-03,622.25,622.5,614.1500244140625,617.7999877929688,2546441
2024-09-04,615.0,629.0,612.5999755859375,627.0999755859375,2347174
2024-09-05,628.9500122070312,636.75,627.4000244140625,631.8499755859375,2834101
2024-09-06,627.0,631.0,620.2999877929688,623.25,2085086
2024-09-09,622.9000244140625,631.5,614.75,630.1500244140625,1675042
2024-09-10,630.1500244140625,631.0,623.7000122070312,627.0499877929688,1466555
2024-09-11,627.0,632.0,620.6500244140625,623.0,1659410
2024-09-12,626.0999755859375,629.7000122070312,620.5999755859375,628.1500244140625,1052634
2024-09-13,628.1500244140625,635.75,625.5,629.5999755859375,1898585
2024-09-16,631.0,633.8499755859375,626.25,627.2999877929688,737033
2024-09-17,625.9500122070312,627.4000244140625,620.7000122070312,623.0,1091216
2024-09-18,623.0,626.0,615.0,620.0999755859375,736543
2024-09-19,624.0,624.0,598.0,608.4000244140625,2512582
2024-09-20,611.0,618.7999877929688,607.0499877929688,616.5499877929688,1799104
2024-09-23,620.0,624.0,617.0999755859375,622.0499877929688,1601273
2024-09-24,620.0,623.9000244140625,615.9000244140625,618.2999877929688,1309122
2024-09-25,618.2999877929688,619.5999755859375,610.0,616.0499877929688,1456337
2024-09-26,616.0499877929688,627.0499877929688,610.8499755859375,625.1500244140625,1936586
2024-09-27,625.0,636.4500122070312,623.1500244140625,634.0,3874843
2024-09-30,634.0,643.2999877929688,628.0499877929688,632.5499877929688,4215188
2024-10-01,630.2000122070312,634.75,623.0,632.4500122070312,1508022
2024-10-03,623.0,633.0,613.0499877929688,617.4500122070312,1552493
2024-10-04,615.4500122070312,622.0,604.5999755859375,610.7000122070312,1538542
2024-10-07,615.0,619.3499755859375,586.6500244140625,590.3499755859375,3195158
2024-10-08,588.7000122070312,610.4000244140625,584.4500122070312,606.4000244140625,3481559
2024-10-09,610.0,617.4000244140625,605.75,607.9500122070312,3148946
2024-10-10,610.7999877929688,613.4500122070312,582.0,585.25,6417410
2024-10-11,588.9500122070312,592.7999877929688,583.0499877929688,585.2000122070312,1939238
2024-10-14,587.9500122070312,590.7999877929688,583.4000244140625,588.9000244140625,1202564
2024-10-15,590.2000122070312,597.0,586.5499877929688,590.3499755859375,1805205
2024-10-16,590.3499755859375,594.4500122070312,576.4000244140625,589.0499877929688,20191089
2024-10-17,588.0,595.7999877929688,569.2999877929688,571.25,3483057
2024-10-18,571.5,577.4000244140625,558.9500122070312,573.9500122070312,5208678
2024-10-21,574.2999877929688,577.9000244140625,566.2999877929688,571.9000244140625,3650658
2024-10-22,569.0,583.25,556.0999755859375,558.5,5527745
2024-10-23,561.0,564.5499877929688,551.7000122070312,555.8499755859375,4336713
2024-10-24,557.0,562.5499877929688,553.5,558.9000244140625,1330005
2024-10-25,556.0499877929688,561.0,545.2000122070312,552.7000122070312,1607719
2024-10-28,552.7000122070312,582.25,547.0499877929688,569.4000244140625,6419282
2024-10-29,570.0,576.25,566.6500244140625,575.0,2417223
2024-10-30,574.9000244140625,585.75,570.4500122070312,579.7000122070312,2364199
2024-10-31,579.7000122070312,586.7999877929688,574.3499755859375,580.5499877929688,2016146
2024-11-01,582.9500122070312,585.5,580.0499877929688,582.4500122070312,216563
2024-11-04,579.9500122070312,580.7000122070312,566.0,571.4000244140625,1059806
2024-11-05,571.0,575.0,565.3499755859375,572.0,625470
2024-11-06,572.0,585.0,572.0,582.6500244140625,1682970
2024-11-07,584.2000122070312,585.0499877929688,569.4000244140625,570.7000122070312,822608
2024-11-08,574.7000122070312,574.7000122070312,561.5,564.9000244140625,901220
2024-11-11,564.0,567.7999877929688,558.5499877929688,560.4000244140625,745179
2024-11-12,561.9500122070312,565.5,554.5,556.5999755859375,761972
2024-11-13,554.0,558.25,541.25,545.3499755859375,838603
2024-11-14,545.3499755859375,552.2999877929688,541.0499877929688,544.5,1535042
2024-11-18,541.0,555.0,537.9000244140625,550.5499877929688,1707792
2024-11-19,551.0499877929688,560.3499755859375,546.9000244140625,549.5499877929688,1267125
2024-11-21,494.6000061035156,500.0,453.04998779296875,484.1499938964844,38274180
2024-11-22,477.1499938964844,514.8499755859375,477.1499938964844,499.8500061035156,11645446
2024-11-25,513.5,514.2999877929688,503.20001220703125,504.95001220703125,5805213
2024-11-26,507.29998779296875,508.29998779296875,491.70001220703125,493.70001220703125,4602794
2024-11-27,497.0,523.5,489.04998779296875,515.0,8458453
2024-11-28,518.5,522.5499877929688,510.6499938964844,513.0,6194006
2024-11-29,515.5,535.7000122070312,513.5,531.5,6608627
2024-12-02,532.0,541.0,530.0499877929688,538.7999877929688,3153526
2024-12-03,541.0999755859375,571.9500122070312,539.0,566.5499877929688,5596923
2024-12-04,572.7000122070312,572.7000122070312,560.4000244140625,564.7000122070312,1530852
2024-12-05,569.0,573.3499755859375,563.4000244140625,571.0999755859375,3051624
2024-12-06,571.7000122070312,573.5499877929688,564.5,565.2999877929688,855417
2024-12-09,568.0,576.75,565.0,571.2999877929688,1156965
2024-12-10,571.75,574.5499877929688,566.0999755859375,573.5,1086901
2024-12-11,578.0,584.2000122070312,575.4500122070312,578.4500122070312,2670785
2024-12-12,578.0,579.7000122070312,570.2000122070312,571.75,2304456
2024-12-13,570.0,574.9500122070312,564.0499877929688,572.75,2266790
2024-12-16,573.25,578.75,571.8499755859375,576.9500122070312,1121729
2024-12-17,576.0,578.5,569.5499877929688,571.0999755859375,1085240
2024-12-18,577.0,579.0,563.0999755859375,564.5499877929688,1635003
2024-12-19,555.75,564.4000244140625,553.6500244140625,563.2999877929688,1365391
2024-12-20,563.5,569.5999755859375,547.0,548.7999877929688,2113009
2024-12-23,551.0,554.5,547.25,550.6500244140625,832775
2024-12-24,552.0,557.0,542.0,543.0999755859375,978111
2024-12-26,544.0,550.75,540.4000244140625,548.7999877929688,1688865
2024-12-27,550.0,553.4500122070312,546.5,547.9500122070312,1167271
2024-12-30,548.0,558.9000244140625,541.4500122070312,544.5999755859375,3433945
2024-12-31,545.9500122070312,549.0499877929688,533.5,535.7999877929688,1065733
2025-01-01,537.0,542.0,530.5499877929688,538.5999755859375,844154
2025-01-02,544.0,550.7000122070312,538.5,549.8499755859375,2762768
2025-01-03,551.7999877929688,553.7000122070312,546.0499877929688,548.7000122070312,2142459
2025-01-06,547.6500244140625,548.0,526.0999755859375,529.9000244140625,3644057
2025-01-07,532.6500244140625,539.7000122070312,525.2999877929688,535.75,758887
2025-01-08,537.0,540.5499877929688,530.25,538.0499877929688,1397351
2025-01-09,539.0,539.9000244140625,522.1500244140625,525.25,1332797
2025-01-10,522.0999755859375,523.9500122070312,508.45001220703125,511.25,1984355
2025-01-13,504.0,514.0,491.20001220703125,493.20001220703125,2284737
2025-01-14,494.1000061035156,517.4000244140625,494.1000061035156,515.3499755859375,1755495
2025-01-15,518.0,524.9000244140625,512.75,519.2999877929688,1765699
2025-01-16,534.0,543.0999755859375,528.2000122070312,540.1500244140625,4303187
2025-01-17,542.0,542.6500244140625,530.2000122070312,536.25,964325
2025-01-20,538.75,539.0999755859375,530.0,535.3499755859375,669217
2025-01-21,535.3499755859375,548.6500244140625,530.5499877929688,531.75,2560552
2025-01-22,533.75,538.6500244140625,526.4000244140625,536.6500244140625,1658282
2025-01-23,535.7999877929688,552.0,530.75,548.7999877929688,1841473
2025-01-24,551.9000244140625,561.9000244140625,547.0,551.7999877929688,3859868
2025-01-27,548.75,552.2000122070312,533.3499755859375,534.9000244140625,1868811
2025-01-28,539.9000244140625,550.9500122070312,526.1500244140625,543.1500244140625,1310270
2025-01-29,543.0,551.0999755859375,518.0,522.0999755859375,11092387
2025-01-30,528.2999877929688,528.2999877929688,497.1000061035156,509.54998779296875,10002380
2025-01-31,511.0,518.2999877929688,509.54998779296875,512.7999877929688,2315032
2025-02-01,516.0,517.7000122070312,487.0,501.5,5527354
2025-02-03,500.0,500.0,486.54998779296875,495.1499938964844,4400205
2025-02-04,498.20001220703125,514.75,497.5,513.7000122070312,3229502
2025-02-05,516.9000244140625,526.3499755859375,512.25,521.7999877929688,1748997
2025-02-06,521.5,524.4500122070312,512.0,514.1500244140625,745901
2025-02-07,514.1500244140625,522.4500122070312,507.29998779296875,512.75,2084178
2025-02-10,517.0,519.9500122070312,504.04998779296875,506.75,2018861
2025-02-11,508.0,512.0999755859375,493.3500061035156,499.8999938964844,2784189
2025-02-12,502.0,505.6000061035156,481.29998779296875,501.1000061035156,1909072
2025-02-13,505.0,510.54998779296875,500.04998779296875,502.5,1036149
2025-02-14,502.75,508.1499938964844,483.79998779296875,489.5,2619355
2025-02-17,488.0,490.6499938964844,479.20001220703125,488.29998779296875,2529934
2025-02-18,491.8999938964844,493.45001220703125,474.1000061035156,486.75,2265606
2025-02-19,478.04998779296875,490.3999938964844,474.04998779296875,479.8999938964844,1721933
2025-02-20,480.04998779296875,484.29998779296875,477.6000061035156,482.8500061035156,1676642
2025-02-21,483.1000061035156,486.5,476.0,481.95001220703125,3329038
2025-02-24,477.0,478.8999938964844,469.0,470.3999938964844,2118594
2025-02-25,472.0,473.8500061035156,466.70001220703125,469.25,3465845
2025-02-27,470.0,472.8500061035156,459.1499938964844,469.79998779296875,4261863
2025-02-28,467.8999938964844,468.6499938964844,458.0,464.95001220703125,3502154
2025-03-03,465.0,474.1000061035156,455.0,471.79998779296875,2019207
2025-03-04,469.8999938964844,480.8500061035156,465.6499938964844,475.0,1247846
2025-03-05,474.04998779296875,493.0,474.0,491.1000061035156,2223913
2025-03-06,491.1499938964844,500.6499938964844,487.0,498.5,3280234
2025-03-07,497.5,505.3999938964844,491.95001220703125,499.79998779296875,1851476
2025-03-10,498.0,508.0,486.8999938964844,489.6000061035156,1626327
2025-03-11,485.0,497.04998779296875,480.1000061035156,495.54998779296875,1903051
2025-03-12,495.54998779296875,501.95001220703125,485.3999938964844,489.20001220703125,2004582
2025-03-13,491.8999938964844,493.6000061035156,484.3999938964844,485.79998779296875,1626551
2025-03-17,488.0,494.75,486.1000061035156,490.54998779296875,2759538
2025-03-18,490.54998779296875,490.54998779296875,490.54998779296875,490.54998779296875,0
2025-03-19,498.0,508.75,498.0,507.04998779296875,1284144
2025-03-20,508.0,512.4500122070312,503.3999938964844,504.70001220703125,1239801
2025-03-21,505.0,517.0,505.0,514.5,4271244
2025-03-24,516.9000244140625,522.0,510.54998779296875,519.2999877929688,2892707
2025-03-25,530.0,538.6500244140625,518.1500244140625,520.5499877929688,6690237
2025-03-26,522.0,537.7000122070312,519.5499877929688,532.4500122070312,4409160
2025-03-27,530.0499877929688,545.2999877929688,526.2000122070312,542.7999877929688,3250046
2025-03-28,544.9000244140625,552.0,536.2999877929688,538.3499755859375,1557007
2025-04-01,538.0,542.8499755859375,529.2000122070312,529.9000244140625,953159
2025-04-02,527.5999755859375,536.5499877929688,524.3499755859375,534.0499877929688,1395075
2025-04-03,530.6500244140625,544.2000122070312,530.5,540.7000122070312,857218
2025-04-04,540.5999755859375,543.9500122070312,525.5999755859375,528.2000122070312,1254580
2025-04-07,495.0,532.0,480.3500061035156,525.2000122070312,3055609
2025-04-08,535.0,539.0999755859375,527.4500122070312,536.7999877929688,1899103
2025-04-09,536.7999877929688,552.2999877929688,531.1500244140625,547.7999877929688,4262270
2025-04-11,553.75,556.7999877929688,544.0,548.6500244140625,3541770
2025-04-15,555.0,559.2000122070312,550.25,558.0499877929688,2937116
2025-04-16,559.9500122070312,566.5,552.4000244140625,565.75,3073452
2025-04-17,565.75,571.0999755859375,562.1500244140625,569.7999877929688,2468247
2025-04-21,572.2999877929688,582.2999877929688,567.8499755859375,578.9000244140625,3429479
2025-04-22,580.0,584.7999877929688,575.0999755859375,577.9000244140625,4202944
2025-04-23,582.6500244140625,582.9000244140625,569.2999877929688,574.3499755859375,2666108
2025-04-24,574.3499755859375,580.0,568.4000244140625,572.0,4092552
2025-04-25,572.0,574.2000122070312,544.0,548.7000122070312,3491060
2025-04-28,548.8499755859375,552.8499755859375,541.0,544.9500122070312,2686840
2025-04-29,549.0,552.0999755859375,530.0999755859375,533.9500122070312,7512372
2025-04-30,540.0,546.2000122070312,533.0499877929688,539.7000122070312,5851731
2025-05-02,537.5499877929688,542.5999755859375,527.25,528.4500122070312,2360666
2025-05-05,535.7999877929688,549.6500244140625,529.5999755859375,541.4000244140625,8102588
2025-05-06,542.0,543.7000122070312,532.1500244140625,535.1500244140625,3127458
2025-05-07,532.7999877929688,538.3499755859375,526.2999877929688,535.2000122070312,4047668
2025-05-08,536.0,538.9500122070312,520.0499877929688,524.4000244140625,3213287
2025-05-09,516.0,529.2999877929688,512.25,527.4500122070312,1880094
2025-05-12,540.0,544.0999755859375,536.0,541.6500244140625,1225930
2025-05-13,542.2000122070312,542.9000244140625,534.2999877929688,536.9000244140625,3438632
2025-05-14,540.0,545.0,536.0499877929688,543.5999755859375,2627027
2025-05-15,543.9000244140625,549.0,539.2000122070312,547.5499877929688,3683829
2025-05-16,548.2000122070312,565.9000244140625,547.1500244140625,563.5,3560785
2025-05-19,566.0,569.5499877929688,559.3499755859375,565.5499877929688,2203178
2025-05-20,565.5999755859375,571.6500244140625,560.4000244140625,562.0499877929688,1767473
2025-05-21,562.0999755859375,570.4000244140625,561.0,567.7999877929688,1295557
2025-05-22,567.4500122070312,569.25,561.5999755859375,567.75,1559623
2025-05-23,567.75,576.0,566.25,570.9000244140625,1332383
2025-05-26,571.3499755859375,576.3499755859375,564.4000244140625,567.1500244140625,1001361
2025-05-27,567.1500244140625,568.9000244140625,558.7999877929688,562.7000122070312,1515100
2025-05-28,562.7000122070312,567.0,558.6500244140625,561.6500244140625,1014166
2025-05-29,561.9500122070312,563.7999877929688,555.7000122070312,561.4500122070312,1409636
2025-05-30,561.4500122070312,563.25,551.2999877929688,553.5,2313117
2025-06-02,553.5499877929688,559.5499877929688,549.1500244140625,555.5499877929688,1040982
2025-06-03,553.7999877929688,557.5,548.0999755859375,552.4000244140625,1762419
2025-06-04,550.5999755859375,554.7999877929688,547.5,552.4500122070312,3448423
2025-06-05,552.5,556.5,549.0,550.1500244140625,1079232
2025-06-06,551.25,557.2000122070312,549.2999877929688,555.1500244140625,2821698
2025-06-09,563.0,563.0,554.1500244140625,560.0,3268930
2025-06-10,564.0,566.5,558.5,561.0999755859375,3239799
2025-06-11,562.5499877929688,567.0,556.5,561.25,2553077
2025-06-12,563.0,563.5999755859375,545.0999755859375,548.3499755859375,1837409
2025-06-13,541.0,546.7000122070312,536.0499877929688,542.5,1348657
2025-06-16,543.9500122070312,552.9000244140625,537.2999877929688,550.1500244140625,1253497
2025-06-17,551.0,556.5999755859375,546.7999877929688,550.9000244140625,1406479
2025-06-18,552.6500244140625,553.1500244140625,543.7000122070312,545.0499877929688,568472
2025-06-19,545.0499877929688,546.4500122070312,531.0,532.7999877929688,1961693
2025-06-20,532.75,535.6500244140625,528.4500122070312,533.4500122070312,2656096
2025-06-23,530.0,539.5,528.4500122070312,535.5499877929688,1012046
2025-06-24,539.0,562.7999877929688,539.0,554.2000122070312,5718874
2025-06-25,556.9000244140625,560.7000122070312,551.2999877929688,559.4000244140625,2448107
2025-06-26,562.0,569.4000244140625,558.9500122070312,566.75,3048051
2025-06-27,569.5,579.75,565.0999755859375,574.9500122070312,3563465
2025-06-30,575.0499877929688,579.0499877929688,572.2000122070312,577.4500122070312,2003082
2025-07-01,582.0,587.7999877929688,578.5999755859375,580.25,2877528
2025-07-02,582.0,597.5999755859375,581.5499877929688,594.2000122070312,3821770
2025-07-03,596.4500122070312,597.2000122070312,585.3499755859375,588.75,1598094
2025-07-04,588.75,601.75,588.75,595.75,2859715
2025-07-07,596.0,596.8499755859375,585.2999877929688,592.0,2012239
2025-07-08,591.7999877929688,592.9500122070312,580.0,591.5499877929688,2642993
2025-07-09,591.0,595.9500122070312,589.0,590.3499755859375,1963293
2025-07-10,594.0,594.8499755859375,580.0999755859375,585.4000244140625,3219282
2025-07-11,585.0999755859375,591.9000244140625,583.25,587.1500244140625,1938933
2025-07-14,586.75,591.4000244140625,584.5,590.1500244140625,1926899
2025-07-15,591.6500244140625,594.7999877929688,588.3499755859375,593.0999755859375,1498073
2025-07-16,593.0,597.25,586.0499877929688,595.5,1804740
2025-07-17,595.4000244140625,595.8499755859375,589.5,594.5999755859375,1461633
2025-07-18,595.0,599.75,591.0,596.7000122070312,2212883
2025-07-21,599.3499755859375,614.9000244140625,597.1500244140625,613.25,4226198
2025-07-22,615.0,624.9500122070312,613.7999877929688,620.5499877929688,5876411
2025-07-23,623.0,623.7000122070312,613.5,620.4000244140625,1165692
2025-07-24,620.4000244140625,623.3499755859375,616.0,620.4000244140625,1389419
2025-07-25,617.4000244140625,619.0,609.0,613.0999755859375,2413503
2025-07-28,611.9000244140625,619.9500122070312,606.2000122070312,611.0499877929688,1834138
2025-07-29,610.0,612.4000244140625,602.6500244140625,610.0499877929688,3278602
2025-07-30,612.9500122070312,620.75,609.0,617.8499755859375,2616022
2025-07-31,613.0,624.7999877929688,589.9000244140625,592.7000122070312,5782494
2025-08-01,594.8499755859375,615.3499755859375,588.75,607.9500122070312,4599912
2025-08-04,609.75,615.0,603.7000122070312,605.25,1664433
2025-08-05,606.0,607.9500122070312,598.7000122070312,602.7000122070312,795422
2025-08-06,605.0,606.8499755859375,588.1500244140625,589.9000244140625,1895039
2025-08-07,588.0,594.1500244140625,580.2000122070312,592.3499755859375,1936155
2025-08-08,592.0,595.8499755859375,578.0,580.0,1252179
2025-08-11,580.1500244140625,591.2999877929688,580.0499877929688,588.8499755859375,839347
2025-08-12,591.6500244140625,591.6500244140625,585.5499877929688,587.1500244140625,1053756
2025-08-13,587.5,589.25,574.25,580.8499755859375,2109517
2025-08-14,580.8499755859375,584.5,571.5499877929688,578.0499877929688,1974038
2025-08-18,595.0,605.4500122070312,589.2000122070312,590.0499877929688,4190190
2025-08-19,593.0,595.5499877929688,587.2999877929688,592.4000244140625,1898159
2025-08-20,593.4500122070312,594.0999755859375,589.25,591.9000244140625,1086467
2025-08-21,593.25,593.2999877929688,585.0499877929688,588.75,1540533
2025-08-22,588.7999877929688,590.0,576.0,577.1500244140625,1671189
2025-08-25,581.0,582.0,577.8499755859375,581.0,1458400
2025-08-26,580.0,581.0,571.75,572.7999877929688,1527366
2025-08-28,569.5499877929688,569.9500122070312,559.5999755859375,561.7999877929688,1815158
2025-08-29,563.0,569.2000122070312,560.0,563.2000122070312,1166207
2025-09-01,565.2000122070312,569.9000244140625,563.4500122070312,567.0999755859375,1366250
2025-09-02,568.0999755859375,573.0,564.2999877929688,567.25,801958
2025-09-03,570.0,576.9500122070312,569.0499877929688,573.75,2203149
2025-09-04,590.0,596.2999877929688,566.0499877929688,567.7000122070312,6090485
2025-09-05,572.0,572.7000122070312,562.5,566.7000122070312,923506
2025-09-08,570.0,577.3499755859375,565.0499877929688,570.2999877929688,938525
2025-09-09,573.0,576.0,566.5,567.5999755859375,1107979
2025-09-10,570.0,572.5999755859375,566.4000244140625,566.8499755859375,1629387
2025-09-11,566.7999877929688,566.7999877929688,549.0,560.4000244140625,39018032
2025-09-12,563.0999755859375,568.0,559.7999877929688,560.5499877929688,3773680
2025-09-15,562.6500244140625,571.5,561.0,568.75,1812617
2025-09-16,575.75,578.4500122070312,570.5,573.6500244140625,2635252
2025-09-17,577.8499755859375,583.5,575.7000122070312,582.0499877929688,5524985
2025-09-18,583.9000244140625,584.25,576.5,581.0,2063929
2025-09-19,588.0,588.5,578.2000122070312,582.4500122070312,3482230
2025-09-22,585.0,600.7999877929688,581.2000122070312,590.2999877929688,4982920
2025-09-23,591.9500122070312,594.6500244140625,579.1500244140625,591.5999755859375,2989117
2025-09-24,589.0,598.3499755859375,581.6500244140625,582.6500244140625,2053504
2025-09-25,585.0,588.7999877929688,577.7999877929688,579.4000244140625,1932523
2025-09-26,580.75,581.7999877929688,564.0499877929688,565.2000122070312,1858418
2025-09-29,570.7999877929688,571.4500122070312,561.2000122070312,562.1500244140625,1344417
2025-09-30,562.75,573.2000122070312,562.75,569.9500122070312,1873402
2025-10-01,572.0,574.4000244140625,565.5,571.0999755859375,1195512
2025-10-03,573.9000244140625,579.9500122070312,570.2999877929688,576.1500244140625,2062648
2025-10-06,576.1500244140625,577.7999877929688,571.0,573.7999877929688,898456
2025-10-07,573.0,575.9000244140625,568.0999755859375,569.9500122070312,1122712
2025-10-08,569.9500122070312,571.7000122070312,556.2999877929688,566.2999877929688,1866324
2025-10-09,566.4000244140625,569.1500244140625,562.0499877929688,565.9000244140625,816362
2025-10-10,565.7999877929688,573.0,564.5,569.25,891468
2025-10-13,565.2000122070312,567.9500122070312,563.0,566.75,1134328
2025-10-14,567.9000244140625,568.0999755859375,557.5499877929688,563.5999755859375,975792
2025-10-15,563.3499755859375,569.0,563.3499755859375,567.0,1377329
2025-10-16,569.5,573.4500122070312,566.5499877929688,569.7000122070312,1111183
2025-10-17,569.7000122070312,569.7000122070312,562.2999877929688,563.5999755859375,931716
2025-10-20,570.0,570.0,560.5999755859375,565.5,950800
2025-10-21,569.0,569.2000122070312,565.7000122070312,567.5,166817
2025-10-23,570.4000244140625,574.5,563.0,564.3499755859375,2700038
2025-10-24,565.0,566.5999755859375,552.8499755859375,555.0,1704636
2025-10-27,557.0999755859375,561.9000244140625,552.25,560.25,2124784
2025-10-28,563.0,563.25,553.0,554.9000244140625,1487028
2025-10-29,555.0,575.0,555.0,571.75,3787089
2025-10-30,574.0,574.25,565.0,567.9000244140625,928349
2025-10-31,567.9000244140625,571.25,563.25,565.4000244140625,1161448
2025-11-03,568.3499755859375,582.75,566.7000122070312,577.2000122070312,6022756
2025-11-04,582.7999877929688,588.75,565.9000244140625,567.4000244140625,4438364
2025-11-06,567.5499877929688,569.3499755859375,557.0999755859375,558.4000244140625,1388630
2025-11-07,558.5,563.9500122070312,550.5499877929688,558.7999877929688,1593499
2025-11-10,558.9500122070312,563.0,555.0499877929688,556.0999755859375,916236
2025-11-11,558.0,561.0999755859375,552.1500244140625,557.5499877929688,1177397
2025-11-12,560.0,570.0499877929688,557.1500244140625,562.5499877929688,1748539
2025-11-13,564.5,566.2000122070312,558.5,559.3499755859375,685786
2025-11-14,562.5,564.7999877929688,558.7000122070312,563.2000122070312,1082167
2025-11-17,564.7000122070312,565.4000244140625,559.25,560.2999877929688,618154
2025-11-18,568.0,568.0,556.75,557.7999877929688,904843
2025-11-19,557.4000244140625,561.0,554.5,555.2999877929688,847533
2025-11-20,562.0,562.0,555.0,555.75,1248817
2025-11-21,555.75,556.0499877929688,545.0,547.5499877929688,1961101
2025-11-24,548.8499755859375,549.5,542.0499877929688,544.5999755859375,2247682
2025-11-25,547.0999755859375,548.3499755859375,543.5999755859375,545.8499755859375,693469
2025-11-26,546.5,552.0,544.5499877929688,550.0,948636
2025-11-27,552.4500122070312,553.2999877929688,547.0,548.7000122070312,481061
2025-11-28,549.2999877929688,551.8499755859375,546.1500244140625,550.2000122070312,602009
2025-12-01,551.4000244140625,551.7999877929688,542.9000244140625,543.3499755859375,766104
2025-12-02,544.9500122070312,547.0,541.0,543.0,1754719
2025-12-03,546.9000244140625,546.9000244140625,533.6500244140625,535.3499755859375,2219149
2025-12-04,535.5999755859375,543.5,527.5999755859375,536.9000244140625,2474836
2025-12-05,536.9000244140625,537.5,531.7999877929688,533.7999877929688,1243514
2025-12-08,534.7000122070312,540.5499877929688,526.5499877929688,528.9500122070312,1893815
2025-12-09,528.0999755859375,534.5,523.4000244140625,533.0499877929688,2139922
2025-12-10,533.0499877929688,536.5,528.6500244140625,529.7000122070312,904955
2025-12-11,529.6500244140625,537.3499755859375,525.4500122070312,536.0999755859375,2781951
2025-12-12,536.9000244140625,549.9500122070312,536.9000244140625,548.1500244140625,2488693
2025-12-15,547.75,556.2999877929688,542.9500122070312,553.4500122070312,1239318
2025-12-16,553.0,554.7999877929688,544.2000122070312,548.7000122070312,1901877
2025-12-17,547.0,549.9000244140625,539.5,541.2999877929688,518141
2025-12-18,540.0,542.2999877929688,534.6500244140625,535.7999877929688,834090
2025-12-19,538.0,540.9000244140625,535.0999755859375,539.6500244140625,836741
2025-12-22,542.0,545.2000122070312,538.6500244140625,539.9500122070312,872083
2025-12-23,563.0,563.5,544.25,546.9000244140625,9559898
2025-12-24,550.0,553.4000244140625,547.5999755859375,548.0999755859375,2136787
2025-12-26,549.9000244140625,555.0,548.2000122070312,554.6500244140625,1919198
2025-12-29,556.9000244140625,556.9000244140625,549.6500244140625,552.0999755859375,1228806
2025-12-30,553.9000244140625,553.9000244140625,548.9500122070312,550.0,2305901
2025-12-31,551.9000244140625,556.9000244140625,550.0499877929688,556.3499755859375,1063795
2026-01-01,556.9000244140625,561.0,555.0999755859375,559.6500244140625,1568506
2026-01-02,560.0,566.5,558.1500244140625,565.4000244140625,1371653
2026-01-05,568.7000122070312,573.0999755859375,567.0499877929688,571.25,2369536
2026-01-06,572.0,572.0,561.3499755859375,563.5499877929688,1015560
2026-01-07,563.9500122070312,565.7999877929688,560.6500244140625,562.0,3920663
2026-01-08,562.0,562.0,545.1500244140625,546.7000122070312,1330617
2026-01-09,546.7000122070312,548.5,535.6500244140625,536.9500122070312,1242111
2026-01-12,536.9500122070312,540.2000122070312,528.5999755859375,538.7000122070312,2484225
2026-01-13,540.0,545.2000122070312,533.5499877929688,537.6500244140625,1093928
2026-01-14,537.6500244140625,551.3499755859375,533.5,549.5499877929688,1736723
2026-01-15,549.5499877929688,549.5499877929688,549.5499877929688,549.5499877929688,0
2026-01-16,551.5,558.4500122070312,545.7000122070312,553.75,2077235
2026-01-19,551.2999877929688,555.4000244140625,546.9500122070312,552.1500244140625,1523060
2026-01-20,552.1500244140625,554.3499755859375,534.9000244140625,536.2999877929688,1184287
2026-01-21,534.0,545.0,531.2000122070312,538.6500244140625,1735277
2026-01-22,543.7999877929688,548.5,541.1500244140625,546.5999755859375,1903090
2026-01-23,546.6500244140625,548.5,511.1000061035156,518.5999755859375,6489381
2026-01-27,526.6500244140625,535.9000244140625,524.0499877929688,532.25,2374373
2026-01-28,533.9500122070312,539.0999755859375,531.0499877929688,533.9500122070312,1738702
2026-01-29,535.0,538.3499755859375,528.7999877929688,536.0499877929688,2837060
2026-01-30,536.0499877929688,536.0499877929688,507.8999938964844,510.1499938964844,6130082
2026-02-02,499.8500061035156,513.4500122070312,493.3500061035156,510.5,2967802
2026-02-03,533.0,540.5,519.5,528.25,3149032
2026-02-04,530.9000244140625,538.0,522.5499877929688,536.9500122070312,977308
2026-02-05,536.0,536.9500122070312,528.2000122070312,533.0499877929688,1363472
2026-02-06,530.0,531.5499877929688,524.0,529.4500122070312,554714
2026-02-09,533.8499755859375,544.8499755859375,530.3499755859375,542.4500122070312,1236310
2026-02-10,547.0,547.0,533.0,538.5,1575847
2026-02-11,540.7999877929688,542.25,535.0,541.25,1085688
2026-02-12,541.0,541.0,529.0,532.8499755859375,953137
2026-02-13,526.8499755859375,530.5,517.25,519.4500122070312,1297366
2026-02-16,520.0,526.4000244140625,513.2000122070312,524.7000122070312,705071
2026-02-17,523.7000122070312,528.5,520.8499755859375,522.0,2242675
2026-02-18,522.0,525.8499755859375,520.0499877929688,523.0,1773473
2026-02-19,522.0,526.3499755859375,510.79998779296875,512.1500244140625,2535330
2026-02-20,512.1500244140625,517.7999877929688,508.6499938964844,512.0,2376908
2026-02-23,512.0,518.6500244140625,510.75,515.2999877929688,926117
2026-02-24,514.9500122070312,516.9500122070312,506.95001220703125,514.5,1586025
2026-02-25,514.75,518.5,507.3999938964844,511.1000061035156,1574610
2026-02-26,513.0,515.7999877929688,510.0,512.1500244140625,1099252
2026-02-27,512.0,512.0499877929688,499.0,500.3999938964844,2428507
2026-03-02,490.1000061035156,493.3999938964844,480.1000061035156,490.75,2820015
2026-03-04,482.0,482.20001220703125,471.54998779296875,476.1499938964844,2300996
2026-03-05,479.0,482.3999938964844,469.45001220703125,480.0,1744314
2026-03-06,475.70001220703125,480.75,463.3500061035156,466.75,1326098
2026-03-09,459.0,459.0,443.25,451.95001220703125,4222293
2026-03-10,459.1000061035156,465.70001220703125,454.1000061035156,462.1000061035156,2249388
2026-03-11,462.5,471.3500061035156,456.0,457.79998779296875,1879908
2026-03-12,455.0,455.54998779296875,445.0,446.45001220703125,5554429
2026-03-13,445.0,446.29998779296875,424.3999938964844,425.3500061035156,4856344
2026-03-16,425.54998779296875,434.95001220703125,424.75,429.0,6857558
2026-03-17,432.79998779296875,436.29998779296875,428.1000061035156,434.20001220703125,2154056
2026-03-18,438.0,444.29998779296875,433.45001220703125,441.25,3070154
2026-03-19,433.0,435.75,418.25,419.95001220703125,2679767
2026-03-20,425.0,427.6000061035156,419.0,420.54998779296875,2282335
2026-03-23,416.79998779296875,416.79998779296875,394.0,395.3500061035156,4333904
2026-03-24,407.8999938964844,413.5,395.1000061035156,407.54998779296875,5189341
2026-03-25,414.0,427.70001220703125,414.0,421.79998779296875,4840404
2026-03-27,418.0,418.6000061035156,407.6000061035156,408.8500061035156,6114057
2026-03-30,405.0,411.0,399.3999938964844,401.25,4653934
2026-04-01,415.0,422.79998779296875,409.1000061035156,420.3500061035156,3593392
2026-04-02,414.5,420.0,406.70001220703125,418.45001220703125,2016351
2026-04-06,420.45001220703125,431.1000061035156,412.3999938964844,430.04998779296875,2653255
2026-04-07,426.95001220703125,426.95001220703125,418.0,420.45001220703125,3100760
2026-04-08,438.0,462.45001220703125,435.0,446.75,7851973
2026-04-09,446.95001220703125,446.95001220703125,432.0,434.04998779296875,4904296
2026-04-10,437.0,447.0,435.25,445.20001220703125,3576120
2026-04-13,432.95001220703125,443.79998779296875,427.5,441.0,2307559
2026-04-15,449.8999938964844,457.5,448.04998779296875,454.0,2825450
2026-04-16,457.0,460.25,451.1000061035156,458.04998779296875,2057087
2026-04-17,459.20001220703125,461.95001220703125,456.1000061035156,459.0,1899655
2026-04-20,459.0,464.0,453.0,454.8999938964844,1733571
2026-04-21,455.95001220703125,460.0,453.54998779296875,456.25,1471622
2026-04-22,453.5,463.6499938964844,451.0,460.8999938964844,1475937
2026-04-23,457.95001220703125,457.95001220703125,449.0,450.3999938964844,2393788
2026-04-24,451.0,457.70001220703125,440.3999938964844,451.20001220703125,3729295
2026-04-27,453.5,468.79998779296875,453.45001220703125,460.5,3444150
2026-04-28,462.8500061035156,465.0,456.0,458.79998779296875,1789522
2026-04-29,463.70001220703125,465.5,453.0,454.6000061035156,1778884
2026-04-30,450.20001220703125,450.20001220703125,440.1000061035156,444.20001220703125,3322936
2026-05-01,444.20001220703125,444.20001220703125,444.20001220703125,444.20001220703125,0
2026-05-04,446.0,460.75,438.04998779296875,445.29998779296875,12403895
2026-05-05,439.0,441.1000061035156,431.5,433.1000061035156,8250228
2026-05-06,438.54998779296875,449.6000061035156,435.79998779296875,446.8999938964844,5333664
2026-05-07,446.5,454.20001220703125,445.1000061035156,450.6499938964844,4351743
2026-05-08,449.0,457.95001220703125,442.5,444.29998779296875,5045246
2026-05-11,441.75,441.75,432.3999938964844,436.20001220703125,4019675
2026-05-12,434.8999938964844,442.0,425.20001220703125,426.95001220703125,3306821
2026-05-13,428.1499938964844,441.1499938964844,425.3999938964844,438.3999938964844,3622406
2026-05-14,438.8999938964844,447.1499938964844,433.25,443.8999938964844,3486802
2026-05-15,449.0,451.54998779296875,431.3999938964844,433.75,2812091
2026-05-18,430.0,431.70001220703125,421.1000061035156,430.1499938964844,2003511
2026-05-19,430.5,434.6000061035156,428.79998779296875,431.70001220703125,1856159
2026-05-20,428.20001220703125,431.6000061035156,425.1499938964844,430.25,1976324
2026-05-21,435.0,438.0,430.95001220703125,436.45001220703125,2915980
2026-05-22,438.6000061035156,441.0,435.1000061035156,436.3500061035156,2717748
2026-05-25,437.1000061035156,444.6499938964844,437.1000061035156,441.95001220703125,3029764
2026-05-26,442.04998779296875,455.95001220703125,440.6000061035156,449.70001220703125,4449009
2026-05-27,450.0,462.0,449.70001220703125,459.75,4281809
2026-05-28,459.75,459.75,459.75,459.75,0
2026-05-29,460.95001220703125,461.95001220703125,445.45001220703125,447.8500061035156,3804649
2026-06-01,448.6000061035156,452.0,433.1000061035156,434.8999938964844,2903380
2026-06-02,432.0,441.6000061035156,429.6499938964844,439.3500061035156,4263528
2026-06-03,438.20001220703125,440.5,424.0,426.95001220703125,8611792
2026-06-04,425.8999938964844,429.79998779296875,423.6499938964844,426.3500061035156,2808700
2026-06-05,430.0,430.45001220703125,415.0,417.54998779296875,7371968
2026-06-08,415.20001220703125,422.75,411.1000061035156,415.29998779296875,3402602
2026-06-09,416.5,417.75,412.6000061035156,416.0,1816420
2026-06-10,416.0,417.6499938964844,408.25,409.79998779296875,2195127
2026-06-11,407.54998779296875,410.1499938964844,404.79998779296875,406.04998779296875,1605560
2026-06-12,412.25,426.04998779296875,408.70001220703125,423.1000061035156,2885819
2026-06-15,431.3999938964844,435.8999938964844,427.0,428.8500061035156,3311686
2026-06-16,431.6000061035156,431.6000061035156,424.1000061035156,426.04998779296875,2106091
2026-06-17,427.95001220703125,428.25,422.5,426.45001220703125,2960337
2026-06-18,428.0,433.8500061035156,423.20001220703125,430.0,3210633
2026-06-19,429.95001220703125,433.0,421.79998779296875,423.95001220703125,2145518
2026-06-22,426.1499938964844,429.0,422.6000061035156,428.0,3536363
2026-06-23,428.95001220703125,429.3999938964844,414.0,414.8500061035156,3043505
2026-06-24,416.0,428.0,415.1499938964844,426.8500061035156,4347023
2026-06-25,429.8999938964844,434.29998779296875,422.54998779296875,423.75,3173028
2026-06-26,423.75,423.75,423.75,423.75,0
2026-06-29,421.54998779296875,427.25,420.3500061035156,424.25,2985056
2026-06-30,425.0,425.8500061035156,419.6499938964844,421.8500061035156,3012504
2026-07-01,420.29998779296875,423.0,418.1000061035156,418.8500061035156,3312629
2026-07-02,422.20001220703125,431.5,421.3500061035156,428.95001220703125,6105874
2026-07-03,431.70001220703125,444.20001220703125,430.0,443.3999938964844,6168156
2026-07-06,445.0,445.04998779296875,438.6000061035156,441.3999938964844,2292569
2026-07-07,444.0,444.0,434.54998779296875,435.8999938964844,1295358
2026-07-08,431.04998779296875,435.70001220703125,419.0,421.1000061035156,1658779
2026-07-09,422.3500061035156,429.79998779296875,421.8999938964844,428.1499938964844,2408597
2026-07-10,432.0,440.79998779296875,431.1000061035156,436.45001220703125,2035547
2026-07-13,430.0,434.45001220703125,429.3999938964844,432.1499938964844,733484
2026-07-14,429.75,436.45001220703125,427.20001220703125,429.79998779296875,2665735
2026-07-15,430.0,439.8999938964844,430.0,435.25,2405317
2026-07-16,438.0,440.29998779296875,432.5,433.6000061035156,1467915
2026-07-17,433.54998779296875,439.70001220703125,431.1499938964844,438.5,1898550
2026-07-20,436.79998779296875,442.3500061035156,432.0,437.79998779296875,1504285
2026-07-21,439.29998779296875,445.25,436.20001220703125,440.8500061035156,2327392
2026-07-22,440.0,440.04998779296875,430.0,430.79998779296875,1257009
2026-07-23,428.6499938964844,431.29998779296875,421.45001220703125,,1504080
