date,open,high,low,close,volume
2019-07-23,325.70001220703125,329.7349853515625,320.81500244140625,327.69000244140625,22236910
2019-07-24,327.4100036621094,329.3999938964844,313.5,317.3550109863281,27679890
2019-07-25,319.8900146484375,324.3399963378906,299.6199951171875,304.6499938964844,102905770
2019-07-26,304.6499938964844,327.79998779296875,299.3999938964844,326.4599914550781,69450800
2019-07-29,327.2749938964844,330.0,318.0,325.2650146484375,34784730
2019-07-30,326.0,329.8999938964844,323.1300048828125,324.9949951171875,22849050
2019-07-31,323.30499267578125,326.7650146484375,316.010009765625,325.2049865722656,24381300
2019-08-01,323.1000061035156,326.1000061035156,317.3999938964844,322.2099914550781,18925160
2019-08-02,318.8999938964844,328.7550048828125,312.0,323.7900085449219,33560190
2019-08-05,319.9800109863281,319.9800109863281,314.29998779296875,316.0050048828125,20133710
2019-08-06,316.0050048828125,328.70001220703125,315.31500244140625,327.2250061035156,20051390
2019-08-07,327.5,332.5,325.2300109863281,326.5799865722656,23989100
2019-08-08,329.0,336.0,326.1000061035156,333.4700012207031,15877420
2019-08-09,335.9949951171875,344.9599914550781,334.0,341.9700012207031,21017570
2019-08-13,341.9700012207031,342.3999938964844,320.80499267578125,322.18499755859375,19006940
2019-08-14,326.9949951171875,332.989990234375,324.5,328.9949951171875,27702370
2019-08-16,328.05999755859375,335.8900146484375,325.3349914550781,333.7200012207031,17581540
2019-08-19,336.489990234375,337.8999938964844,331.1000061035156,332.80499267578125,14328420
2019-08-20,332.70001220703125,333.44000244140625,323.5249938964844,329.4100036621094,16887170
2019-08-21,328.989990234375,332.19500732421875,324.6199951171875,326.1449890136719,15528010
2019-08-22,325.8999938964844,325.8999938964844,309.8450012207031,311.4100036621094,25061940
2019-08-23,311.79998779296875,320.0,299.79998779296875,317.43499755859375,31437870
2019-08-26,327.3999938964844,333.8800048828125,318.30499267578125,332.42498779296875,29500170
2019-08-27,335.20001220703125,339.79998779296875,334.010009765625,335.7749938964844,22259370
2019-08-28,334.8800048828125,336.2650146484375,329.67498779296875,332.635009765625,12509150
2019-08-29,332.3699951171875,333.0,327.6000061035156,329.92999267578125,15299260
2019-08-30,331.0150146484375,334.70001220703125,326.0,333.25,21189530
2019-09-03,330.29998779296875,331.5,323.4200134277344,325.8500061035156,11997260
2019-09-04,326.70001220703125,327.43499755859375,320.79998779296875,325.0249938964844,18793490
2019-09-05,328.6000061035156,330.5,324.2799987792969,329.2699890136719,15012260
2019-09-06,333.0,338.79998779296875,329.79998779296875,337.29998779296875,17008940
2019-09-09,337.3999938964844,345.0,335.2149963378906,343.7349853515625,18025510
2019-09-11,344.5350036621094,345.6000061035156,338.5299987792969,341.6400146484375,13011120
2019-09-12,340.25,342.8999938964844,337.05999755859375,338.2349853515625,11640860
2019-09-13,338.8999938964844,343.6000061035156,337.25,342.7349853515625,13283630
2019-09-16,339.5,344.9949951171875,338.2300109863281,341.885009765625,11797670
2019-09-17,342.4949951171875,343.3999938964844,335.3999938964844,336.8399963378906,13618720
2019-09-18,340.70001220703125,346.45001220703125,338.8500061035156,341.385009765625,18536680
2019-09-19,342.6000061035156,342.6400146484375,334.0299987792969,336.2049865722656,12376920
2019-09-20,338.5299987792969,375.0,328.2650146484375,370.2200012207031,56480860
2019-09-23,382.0,407.0,376.3900146484375,402.375,40110020
2019-09-24,402.5,402.5,392.70001220703125,396.17498779296875,21896040
2019-09-25,396.0,399.8900146484375,389.0,393.0899963378906,24147290
2019-09-26,395.5,401.5,394.510009765625,400.0799865722656,23881650
2019-09-27,400.6000061035156,408.5,399.0,405.739990234375,20244780
2019-09-30,406.5899963378906,411.17498779296875,403.1000061035156,404.6050109863281,22563610
2019-10-01,408.0,408.9100036621094,394.6300048828125,399.239990234375,16155060
2019-10-03,398.5,400.4949951171875,393.18499755859375,395.9800109863281,12458400
2019-10-04,397.8999938964844,400.3999938964844,389.2300109863281,390.3949890136719,14782660
2019-10-07,388.0,395.82501220703125,381.94500732421875,390.0899963378906,14061520
2019-10-09,391.5,403.5,388.0050048828125,402.3900146484375,13566000
2019-10-10,401.364990234375,401.5,393.1000061035156,394.8900146484375,11027880
2019-10-11,397.8999938964844,401.5,392.5,397.32000732421875,16238660
2019-10-14,398.79998779296875,400.6300048828125,385.30499267578125,388.3299865722656,17683520
2019-10-15,389.5,391.6000061035156,384.29998779296875,387.94500732421875,13948940
2019-10-16,391.0,403.20001220703125,390.0,401.6400146484375,23817690
2019-10-17,402.0050048828125,411.7200012207031,400.1000061035156,410.67999267578125,21035930
2019-10-18,410.0,419.8999938964844,408.0,413.7650146484375,18362130
2019-10-22,416.5,421.9849853515625,400.010009765625,403.4150085449219,50347550
2019-10-23,408.9949951171875,411.0,396.79998779296875,403.8349914550781,24422490
2019-10-24,406.20001220703125,408.0,401.2550048828125,402.614990234375,12675570
2019-10-25,403.7799987792969,406.385009765625,390.0,398.7250061035156,17580980
2019-10-27,401.5,401.5,395.5,397.8900146484375,2146910
2019-10-29,399.0,406.0,396.2449951171875,404.7250061035156,13355150
2019-10-30,407.4949951171875,407.4949951171875,398.5,399.20001220703125,13385540
2019-10-31,400.4200134277344,405.0,399.5,402.7550048828125,12512200
2019-11-01,402.8999938964844,411.0,402.1000061035156,406.9849853515625,18756120
2019-11-04,408.70001220703125,417.75,407.614990234375,411.29998779296875,18631580
2019-11-05,417.20001220703125,425.5,413.5,422.7799987792969,29346520
2019-11-06,426.0,428.0,417.6650085449219,418.81500244140625,20766950
2019-11-07,420.4700012207031,423.9200134277344,418.82000732421875,422.5849914550781,11416030
2019-11-08,422.0,424.0,414.79998779296875,415.94500732421875,15096930
2019-11-11,416.0,418.79998779296875,414.2900085449219,416.9049987792969,7693020
2019-11-13,416.69000244140625,417.5,413.20001220703125,414.4549865722656,8990150
2019-11-14,415.79998779296875,422.1000061035156,412.0400085449219,421.05499267578125,13836290
2019-11-15,422.0199890136719,424.7250061035156,417.55499267578125,418.760009765625,11931710
2019-11-18,419.8999938964844,420.9549865722656,414.5150146484375,415.489990234375,9273640
2019-11-19,416.5,418.2149963378906,412.625,413.57501220703125,8295350
2019-11-20,414.0,418.20001220703125,412.739990234375,413.8550109863281,8138790
2019-11-21,414.0,416.0,411.20001220703125,412.364990234375,7028530
2019-11-22,413.0,414.3800048828125,404.1000061035156,407.8299865722656,12226150
2019-11-25,410.0,414.9150085449219,406.2300109863281,414.1700134277344,13893040
2019-11-26,414.5,417.3949890136719,408.70001220703125,409.8349914550781,15027270
2019-11-27,412.1000061035156,412.489990234375,409.5,411.8349914550781,4850640
2019-11-28,412.0,413.9049987792969,406.5,410.2049865722656,9697080
2019-11-29,409.5,413.5,406.2349853515625,407.4200134277344,8319830
2019-12-02,407.5,407.7349853515625,392.010009765625,395.0450134277344,20654040
2019-12-03,393.9949951171875,399.5,388.6499938964844,396.4549865722656,19843820
2019-12-04,395.79998779296875,400.4100036621094,393.5,399.0849914550781,14308300
2019-12-05,399.0849914550781,403.3999938964844,396.79998779296875,399.0849914550781,12553040
2019-12-06,401.0,402.7799987792969,392.739990234375,395.1650085449219,11713550
2019-12-09,396.9599914550781,397.1449890136719,388.0249938964844,394.4849853515625,12689420
2019-12-10,395.0,399.5,394.54998779296875,398.68499755859375,11594800
2019-12-11,400.1499938964844,405.5,398.4049987792969,403.67999267578125,13659810
2019-12-12,405.0,406.5,401.0050048828125,405.7149963378906,10870560
2019-12-13,407.0,408.92498779296875,404.1099853515625,407.19500732421875,8616560
2019-12-16,408.7950134277344,408.7950134277344,403.1549987792969,403.94500732421875,8260690
2019-12-17,405.69500732421875,415.5,404.69500732421875,413.57501220703125,13794840
2019-12-18,414.0450134277344,415.885009765625,410.1050109863281,411.93499755859375,11097750
2019-12-19,411.30499267578125,414.5,408.5299987792969,409.18499755859375,7361040
2019-12-20,410.70001220703125,414.5,408.1000061035156,413.55999755859375,10542340
2019-12-23,413.8599853515625,418.3999938964844,413.0,416.0,11378790
2019-12-24,415.79998779296875,418.07000732421875,412.56500244140625,413.95001220703125,7519790
2019-12-26,414.9949951171875,419.6449890136719,413.32501220703125,418.7099914550781,12650200
2019-12-27,419.79998779296875,426.0,419.20001220703125,425.2650146484375,11266480
2019-12-30,427.4849853515625,428.1549987792969,423.0,424.3299865722656,8319100
2019-12-31,424.70001220703125,426.6400146484375,421.8599853515625,423.4750061035156,7796080
2020-01-01,423.7799987792969,425.20001220703125,422.1000061035156,423.1300048828125,4070420
2020-01-02,424.0,429.57501220703125,423.5,424.6050109863281,8638440
2020-01-03,422.0,423.4800109863281,417.29998779296875,419.3450012207031,11768500
2020-01-06,416.3999938964844,420.3999938964844,398.3800048828125,399.6700134277344,28667350
2020-01-07,405.5,409.20001220703125,399.6199951171875,400.7650146484375,21490420
2020-01-08,395.0,406.0350036621094,395.0,404.9949951171875,16305760
2020-01-09,410.5899963378906,414.79998779296875,408.0,412.4200134277344,14193880
2020-01-10,413.010009765625,418.5899963378906,411.79998779296875,414.4849853515625,11066240
2020-01-13,416.79998779296875,418.2250061035156,414.6000061035156,416.45001220703125,6451520
2020-01-14,417.0,420.239990234375,415.0450134277344,419.29998779296875,7034340
2020-01-15,418.9949951171875,422.0,417.0050048828125,420.7250061035156,6169760
2020-01-16,419.0,422.9949951171875,418.79998779296875,422.0249938964844,5787280
2020-01-17,421.70001220703125,424.20001220703125,420.20001220703125,423.17498779296875,6711290
2020-01-20,422.8999938964844,425.2950134277344,412.5150146484375,415.260009765625,8486390
2020-01-21,414.9949951171875,418.6099853515625,411.7049865722656,413.8599853515625,8979220
2020-01-22,418.6000061035156,418.6499938964844,412.3349914550781,414.2200012207031,7979010
2020-01-23,412.29998779296875,416.385009765625,408.5,412.5799865722656,11545220
2020-01-24,412.0,420.56500244140625,411.1000061035156,419.45001220703125,8648920
2020-01-27,417.3999938964844,420.79998779296875,415.3999938964844,416.43499755859375,7821550
2020-01-28,415.0150146484375,424.8999938964844,415.0150146484375,421.29998779296875,10527640
2020-01-29,424.489990234375,444.3999938964844,421.510009765625,441.8999938964844,45814130
2020-01-30,446.3999938964844,448.5,434.4849853515625,436.42999267578125,35777740
2020-01-31,437.0,442.010009765625,433.3800048828125,436.5899963378906,17369270
2020-02-03,425.0199890136719,437.69000244140625,425.0199890136719,435.93499755859375,10941810
2020-02-04,438.7950134277344,455.0,437.7149963378906,451.92498779296875,19583230
2020-02-05,451.5,453.9949951171875,447.7650146484375,452.82000732421875,12856310
2020-02-06,452.82000732421875,467.7850036621094,452.5,466.635009765625,18464770
2020-02-07,466.3949890136719,468.69000244140625,462.6099853515625,465.42999267578125,9503260
2020-02-10,466.0,473.3999938964844,464.0,472.17498779296875,11608790
2020-02-11,473.70001220703125,478.5,473.6000061035156,474.93499755859375,11674290
2020-02-12,477.0,478.2200012207031,472.20001220703125,476.8699951171875,8829640
2020-02-13,476.6000061035156,480.05999755859375,473.5,479.5350036621094,6810390
2020-02-14,480.0,481.5,476.79998779296875,478.17498779296875,7311180
2020-02-17,478.17498779296875,479.79998779296875,475.0050048828125,477.6650085449219,7164840
2020-02-18,476.94000244140625,477.19500732421875,470.1600036621094,475.79998779296875,7286110
2020-02-19,478.5,488.70001220703125,478.010009765625,487.80499267578125,11720490
2020-02-20,486.7900085449219,492.3399963378906,485.375,488.0450134277344,16346430
2020-02-24,484.0,487.6000061035156,475.1199951171875,480.3949890136719,12633890
2020-02-25,484.989990234375,484.989990234375,478.3999938964844,482.5950012207031,9593090
2020-02-26,481.5,483.7749938964844,476.7250061035156,481.0,8513460
2020-02-27,481.5,481.5,471.2099914550781,475.9800109863281,11748700
2020-02-28,464.0,464.0,431.17498779296875,446.5849914550781,49414100
2020-03-02,460.0,461.7950134277344,430.56500244140625,436.07501220703125,22382160
2020-03-03,440.0,447.4949951171875,432.0050048828125,445.4100036621094,20235030
2020-03-04,446.6000061035156,449.67999267578125,422.5,428.6400146484375,24729910
2020-03-05,431.0,436.7550048828125,427.31500244140625,433.07000732421875,18332950
2020-03-06,412.5,423.79998779296875,403.6499938964844,422.5849914550781,33122380
2020-03-09,407.0,412.75,394.5150146484375,402.67999267578125,35456270
2020-03-11,401.3999938964844,411.8900146484375,398.5,403.06500244140625,27936830
2020-03-12,386.0,386.9949951171875,362.80999755859375,373.43499755859375,52726190
2020-03-13,344.0,404.3500061035156,328.1050109863281,395.2550048828125,48499170
2020-03-16,383.3450012207031,383.3450012207031,360.0,367.2250061035156,31404670
2020-03-17,370.2099914550781,373.4700012207031,340.20001220703125,344.4849853515625,25585480
2020-03-18,349.0,353.0,301.8900146484375,306.135009765625,54435800
2020-03-19,280.0,305.30499267578125,248.47000122070312,274.6099853515625,83247130
2020-03-20,279.9849853515625,304.3999938964844,262.1650085449219,295.19000244140625,61101890
2020-03-23,265.67498779296875,270.0,222.5,226.61500549316406,48442350
2020-03-24,247.1999969482422,256.864990234375,210.46499633789062,247.4199981689453,62572210
2020-03-25,245.0,270.0,240.0,258.55999755859375,62263550
2020-03-26,263.7300109863281,293.6499938964844,256.5050048828125,279.3699951171875,50961240
2020-03-27,295.5,304.0,250.0,254.22999572753906,71706090
2020-03-30,239.0050048828125,241.44000244140625,222.60000610351562,224.2100067138672,76983550
2020-03-31,230.50999450683594,234.0,210.0,221.5800018310547,110431110
2020-04-01,218.0,228.69000244140625,213.26499938964844,221.93499755859375,64083010
2020-04-03,226.8800048828125,234.3699951171875,218.30499267578125,220.75,61726720
2020-04-07,224.5,228.60000610351562,208.14999389648438,225.3350067138672,111614780
2020-04-08,218.39999389648438,237.39999389648438,214.4149932861328,233.2899932861328,91093390
2020-04-09,239.10000610351562,256.614990234375,236.7100067138672,255.18499755859375,71932460
2020-04-13,252.0,252.0,226.59500122070312,228.72999572753906,81831990
2020-04-15,234.5,236.8000030517578,216.83999633789062,218.2449951171875,93336280
2020-04-16,214.5,225.0,212.1999969482422,222.0,72467400
2020-04-17,235.5,237.58999633789062,223.52000427246094,230.81500244140625,101915460
2020-04-20,232.5,234.5500030517578,226.5,230.8249969482422,54031770
2020-04-21,221.0,221.0,208.5,209.97500610351562,73839850
2020-04-22,205.9949951171875,217.0,202.23500061035156,214.8249969482422,90627230
2020-04-23,216.0,221.91000366210938,211.1999969482422,217.2449951171875,71440060
2020-04-24,211.35000610351562,211.35000610351562,197.0050048828125,197.625,104944510
2020-04-27,200.0,208.5,191.56500244140625,204.40499877929688,144952470
2020-04-28,208.10000610351562,224.41000366210938,203.5,222.80999755859375,147563440
2020-04-29,220.0050048828125,237.5,220.0050048828125,229.64500427246094,150601540
2020-04-30,236.5050048828125,241.89500427246094,229.11500549316406,231.80999755859375,88833050
2020-05-04,220.0,220.22000122070312,202.85499572753906,207.96499633789062,73127450
2020-05-05,213.0,213.5,199.6999969482422,200.23500061035156,115212090
2020-05-06,201.0,213.19000244140625,195.23500061035156,210.625,131496960
2020-05-07,209.89500427246094,216.98500061035156,204.8350067138672,206.05499267578125,77702040
2020-05-08,213.0,213.0,201.5,202.4149932861328,69663750
2020-05-11,207.0,209.27000427246094,199.52999877929688,201.5050048828125,76549900
2020-05-12,198.97000122070312,208.0,197.7100067138672,206.97000122070312,103365270
2020-05-13,222.0,223.9949951171875,214.5,216.10499572753906,94411850
2020-05-14,215.89999389648438,225.89500427246094,209.67999267578125,211.1999969482422,143075310
2020-05-15,211.9949951171875,213.66000366210938,205.60000610351562,208.64500427246094,80267260
2020-05-18,209.0,209.34500122070312,192.60000610351562,193.86000061035156,108205710
2020-05-19,196.0,200.35499572753906,192.22000122070312,196.4949951171875,94135140
2020-05-20,197.0,206.0,193.5,204.27999877929688,163185080
2020-05-21,205.89999389648438,207.7550048828125,197.4499969482422,199.02000427246094,98795420
2020-05-22,197.5,200.6999969482422,186.52499389648438,189.52999877929688,161950940
2020-05-26,191.8000030517578,193.375,182.15499877929688,182.89999389648438,98692950
2020-05-27,183.0,194.60000610351562,178.3000030517578,193.64500427246094,173352460
2020-05-28,195.39999389648438,198.3000030517578,192.6999969482422,194.77000427246094,90517750
2020-05-29,191.39999389648438,198.0,189.10000610351562,195.36500549316406,103618470
2020-06-01,199.7050018310547,222.63999938964844,199.7050018310547,216.0850067138672,189159830
2020-06-02,216.52499389648438,237.5,216.0850067138672,234.6199951171875,234424700
2020-06-03,241.6999969482422,249.68499755859375,239.8000030517578,241.19000244140625,187051760
2020-06-04,241.39999389648438,245.36500549316406,227.67999267578125,231.30499267578125,163153500
2020-06-05,234.39999389648438,240.89999389648438,227.5,239.03500366210938,158500390
2020-06-08,250.5,254.77000427246094,247.55499267578125,250.72500610351562,149925030
2020-06-09,253.5,253.5,241.52999877929688,244.36000061035156,123730770
2020-06-10,244.0,247.0,240.10000610351562,243.56500244140625,89614430
2020-06-11,241.0,245.89999389648438,232.00999450683594,233.88999938964844,100427670
2020-06-12,220.0,247.0,219.89999389648438,245.01499938964844,168024570
2020-06-15,242.0,242.9949951171875,233.10000610351562,235.13999938964844,120703460
2020-06-16,245.1999969482422,245.5399932861328,228.5,236.5,129143510
2020-06-17,234.6999969482422,242.5,233.2050018310547,239.60000610351562,96502790
2020-06-18,237.5,254.1699981689453,237.3000030517578,252.59500122070312,127382680
2020-06-19,256.20001220703125,271.4549865722656,256.0,269.8599853515625,186038260
2020-06-22,274.0,286.3599853515625,272.79998779296875,284.0299987792969,139393260
2020-06-23,289.9949951171875,310.92498779296875,283.29998779296875,302.54998779296875,161869530
2020-06-24,312.5,312.5,291.1000061035156,293.44500732421875,201088070
2020-06-25,287.80499267578125,304.6000061035156,285.1000061035156,300.5350036621094,159821300
2020-06-26,304.25,305.8800048828125,287.2049865722656,290.3500061035156,125724990
2020-06-29,283.3999938964844,289.44500732421875,277.0,285.7950134277344,116139990
2020-06-30,291.0,293.6650085449219,281.6000061035156,283.1000061035156,97030570
2020-07-01,283.1000061035156,296.8699951171875,280.6000061035156,295.3900146484375,127048960
2020-07-02,298.0,301.6000061035156,292.5,296.42498779296875,116197340
2020-07-03,298.0,298.94500732421875,292.1000061035156,293.1499938964844,85435970
2020-07-06,297.0,313.4649963378906,295.5,310.8800048828125,114375830
2020-07-07,315.0,341.9649963378906,312.5299987792969,335.19500732421875,228764010
2020-07-08,335.19500732421875,340.8800048828125,318.010009765625,320.80499267578125,191261830
2020-07-09,323.5,337.989990234375,319.510009765625,333.0,187577860
2020-07-10,327.5,339.5,327.2049865722656,331.4150085449219,161504130
2020-07-13,336.0,337.79998779296875,321.6199951171875,323.4599914550781,131364670
2020-07-14,321.9800109863281,321.9800109863281,312.2349853515625,319.0950012207031,124044220
2020-07-15,323.0,329.7699890136719,312.2250061035156,314.92498779296875,109802620
2020-07-16,318.0,321.5,310.2300109863281,320.4800109863281,99999250
2020-07-17,321.0,332.29998779296875,320.5,330.1300048828125,84256260
2020-07-20,334.4949951171875,345.3949890136719,331.6499938964844,344.1499938964844,105554950
2020-07-21,350.0,351.95001220703125,321.864990234375,329.2449951171875,259600480
2020-07-22,332.0,334.0,319.3599853515625,325.29998779296875,170696590
2020-07-23,325.29998779296875,332.0,321.6050109863281,329.7799987792969,87180350
2020-07-24,324.5,329.0,322.0,325.18499755859375,66376830
2020-07-27,326.29998779296875,328.0,315.2200012207031,317.114990234375,70898670
2020-07-28,317.5,326.0,316.1199951171875,323.9599914550781,82116970
2020-07-29,324.5,332.8999938964844,323.9599914550781,328.42498779296875,80700220
2020-07-30,329.5400085449219,332.3999938964844,320.5050048828125,321.8299865722656,65082780
2020-07-31,323.6000061035156,327.29998779296875,318.125,325.1300048828125,72353970
2020-08-03,324.3999938964844,324.3999938964844,316.8999938964844,317.45001220703125,44639200
2020-08-04,320.20001220703125,326.0,314.2850036621094,323.55999755859375,66791450
2020-08-05,325.6000061035156,333.0,324.7950134277344,326.2149963378906,69853800
2020-08-06,329.20001220703125,337.8800048828125,325.5,334.5199890136719,81729060
2020-08-07,333.29998779296875,348.1449890136719,331.0,346.42999267578125,101512670
2020-08-10,349.3999938964844,355.68499755859375,341.32000732421875,344.2950134277344,71292450
2020-08-11,346.2300109863281,349.4549865722656,340.4700012207031,345.739990234375,55718180
2020-08-12,342.5,345.0,336.20001220703125,341.82501220703125,56625270
2020-08-13,345.0,347.20001220703125,340.1000061035156,341.9649963378906,46633590
2020-08-14,342.5,344.8800048828125,330.6199951171875,333.1099853515625,55313350
2020-08-17,335.0,339.95001220703125,331.239990234375,338.4800109863281,46705720
2020-08-18,339.8999938964844,343.7950134277344,336.6600036621094,341.989990234375,47062980
2020-08-19,344.70001220703125,346.5,340.1000061035156,340.9949951171875,41988490
2020-08-20,337.79998779296875,341.45001220703125,335.30499267578125,339.3800048828125,36774590
2020-08-21,343.0,344.0,338.0,338.92999267578125,26273800
2020-08-24,340.29998779296875,351.5,340.1050109863281,349.2049865722656,62055750
2020-08-25,352.5,366.0,351.0,364.2900085449219,98540590
2020-08-26,366.5,370.70001220703125,363.1000061035156,364.55499267578125,66650850
2020-08-27,365.69500732421875,366.8399963378906,359.6400146484375,363.25,46110620
2020-08-28,365.0,368.79998779296875,361.7049865722656,367.0799865722656,42513280
2020-08-31,371.5,374.9849853515625,346.5,348.7799987792969,85297660
2020-09-01,351.70001220703125,367.3999938964844,350.0199890136719,364.385009765625,60651820
2020-09-02,364.2699890136719,368.0,357.3450012207031,366.864990234375,42810110
2020-09-03,366.79998779296875,367.67498779296875,360.5,361.9700012207031,32213660
2020-09-04,354.1499938964844,364.9800109863281,352.07501220703125,359.67999267578125,49146490
2020-09-07,360.70001220703125,362.8999938964844,347.760009765625,350.5150146484375,46651680
2020-09-08,352.0,357.489990234375,347.5,350.0,44487030
2020-09-09,347.70001220703125,349.3450012207031,339.2449951171875,342.2850036621094,45632470
2020-09-10,345.6499938964844,352.3450012207031,341.79998779296875,349.8699951171875,47622820
2020-09-11,349.0,355.7699890136719,345.6700134277344,354.44000244140625,46083840
2020-09-14,355.70001220703125,357.5050048828125,342.0,344.07000732421875,45315090
2020-09-15,347.5,352.4200134277344,345.5,351.3399963378906,38936370
2020-09-16,351.7950134277344,356.739990234375,348.1650085449219,352.1499938964844,39077180
2020-09-17,348.8800048828125,351.70001220703125,345.6199951171875,347.19500732421875,27811560
2020-09-18,349.1400146484375,350.3800048828125,342.8999938964844,347.4800109863281,37690870
2020-09-21,346.2799987792969,346.70001220703125,331.42498779296875,333.0150146484375,36274190
2020-09-22,332.8999938964844,335.3800048828125,321.7049865722656,330.29998779296875,42249680
2020-09-23,333.0,334.3999938964844,320.0199890136719,324.385009765625,42443280
2020-09-24,319.1000061035156,319.4750061035156,300.69000244140625,302.8900146484375,59637770
2020-09-25,308.0,316.7149963378906,302.8800048828125,313.8949890136719,62325930
2020-09-28,317.79998779296875,335.0,316.2749938964844,333.5150146484375,55886950
2020-09-29,335.79998779296875,337.20001220703125,325.45001220703125,329.4750061035156,46434460
2020-09-30,329.3900146484375,334.385009765625,326.0,327.8599853515625,36035360
2020-10-01,332.5,346.0,331.5050048828125,344.2799987792969,53821060
2020-10-05,346.5,351.8999938964844,337.0249938964844,338.2900085449219,42071900
2020-10-06,343.989990234375,348.0,339.1199951171875,347.42999267578125,47587570
2020-10-07,340.0,340.0,328.5299987792969,333.114990234375,65710800
2020-10-08,335.3999938964844,338.79998779296875,330.20001220703125,332.6449890136719,44618100
2020-10-09,332.489990234375,341.8450012207031,330.5,331.7900085449219,56840990
2020-10-12,335.0,337.94000244140625,330.5,332.7200012207031,32046520
2020-10-13,331.9949951171875,334.0,324.364990234375,327.260009765625,37776570
2020-10-14,326.79998779296875,338.2349853515625,323.2699890136719,337.2049865722656,53044470
2020-10-15,336.82000732421875,337.0,320.1000061035156,321.4750061035156,52680190
2020-10-16,323.635009765625,326.94500732421875,317.010009765625,323.135009765625,50762360
2020-10-19,325.510009765625,329.4700012207031,319.6600036621094,326.7200012207031,42066370
2020-10-20,325.5,328.95001220703125,322.67999267578125,326.2149963378906,32520900
2020-10-21,327.0,329.5,310.135009765625,323.2850036621094,75364600
2020-10-22,316.0,334.5,315.0,331.44500732421875,70857690
2020-10-23,333.1400146484375,335.67999267578125,330.29998779296875,331.69000244140625,32047770
2020-10-26,333.0,333.0,323.6650085449219,329.3900146484375,35462450
2020-10-27,332.6000061035156,346.5,327.79998779296875,345.32501220703125,60209460
2020-10-28,344.8949890136719,348.989990234375,334.7900085449219,337.0799865722656,46491050
2020-10-29,336.7799987792969,343.20001220703125,333.375,338.0050048828125,37803490
2020-10-30,336.4949951171875,339.1000061035156,325.2850036621094,330.8999938964844,42876230
2020-11-02,332.55499267578125,344.739990234375,327.4649963378906,341.9800109863281,42885510
2020-11-03,343.0,352.0,341.5849914550781,349.0799865722656,44460450
2020-11-04,346.8999938964844,356.9949951171875,346.20001220703125,356.1449890136719,43711430
2020-11-05,361.0,375.0,358.7650146484375,373.69000244140625,63321410
2020-11-06,373.4100036621094,382.7300109863281,370.4100036621094,378.07501220703125,57440500
2020-11-09,381.0,387.8699951171875,378.6050109863281,386.5,41498980
2020-11-10,389.8949890136719,424.3949890136719,388.2799987792969,420.8550109863281,114214480
2020-11-11,421.1000061035156,442.9549865722656,413.3949890136719,426.8800048828125,138966540
2020-11-12,426.0,432.5,420.0050048828125,429.8299865722656,55900380
2020-11-13,426.0,441.0,425.0,437.6050109863281,60884590
2020-11-14,440.0,443.5,434.0,437.4800109863281,7894790
2020-11-17,439.8699951171875,450.3949890136719,434.5,448.79998779296875,58515230
2020-11-18,447.5,467.79998779296875,446.3999938964844,465.375,75130190
2020-11-19,462.8900146484375,478.5,451.2550048828125,453.6549987792969,83510050
2020-11-20,457.19500732421875,476.2149963378906,451.5249938964844,471.5849914550781,87364100
2020-11-23,476.8999938964844,486.92999267578125,473.3550109863281,481.1449890136719,73250390
2020-11-24,483.5,486.20001220703125,477.0,481.06500244140625,42973850
2020-11-25,482.20001220703125,482.5,467.5,468.9750061035156,47633210
2020-11-26,465.5,485.3999938964844,464.0,482.125,62732080
2020-11-27,485.8999938964844,496.0,478.5150146484375,490.8800048828125,123647070
2020-12-01,495.1199951171875,495.239990234375,482.5249938964844,486.1099853515625,40174270
2020-12-02,486.3999938964844,488.3999938964844,478.5,482.3900146484375,36549700
2020-12-03,486.5,489.0,481.70001220703125,486.7449951171875,28768440
2020-12-04,487.0,495.79998779296875,481.5,487.5350036621094,36793780
2020-12-07,487.0,492.4949951171875,481.5,482.94500732421875,31151240
2020-12-08,485.0,486.5,477.5,479.2149963378906,29710760
2020-12-09,482.0,485.2850036621094,479.1199951171875,484.4150085449219,19659920
2020-12-10,485.0,486.0,478.5,479.4800109863281,19259630
2020-12-11,480.5,488.8999938964844,480.5,484.385009765625,26700190
2020-12-14,485.75,491.4700012207031,484.79998779296875,489.864990234375,17863480
2020-12-15,488.9949951171875,515.0,486.885009765625,512.25,59367960
2020-12-16,519.9000244140625,522.5,512.0,514.6599731445312,32691840
2020-12-17,513.9849853515625,530.3150024414062,510.1600036621094,528.6699829101562,37331520
2020-12-18,525.0,528.4949951171875,516.5,525.25,32550430
2020-12-21,522.7999877929688,523.469970703125,490.5199890136719,504.18499755859375,35515700
2020-12-22,507.0,512.5,482.635009765625,501.1400146484375,54735210
2020-12-23,500.0,516.5999755859375,497.0350036621094,508.8900146484375,34314570
2020-12-24,513.89501953125,521.89501953125,510.6000061035156,518.489990234375,26255590
2020-12-28,518.489990234375,524.47998046875,517.5,520.4099731445312,19326060
2020-12-29,522.5,524.7000122070312,516.75,520.0499877929688,19695290
2020-12-30,520.0499877929688,534.7999877929688,517.4000244140625,533.4149780273438,38647000
2020-12-31,533.5,537.25,527.2000122070312,529.52001953125,28692120
2021-01-01,531.02001953125,533.7999877929688,525.0,528.0150146484375,14471870
2021-01-04,532.4000244140625,532.4000244140625,519.6199951171875,521.6199951171875,23336590
2021-01-05,521.7999877929688,522.4199829101562,506.25,511.8999938964844,39534000
2021-01-06,513.0,516.8350219726562,499.0299987792969,503.0299987792969,36079230
2021-01-07,506.5,513.155029296875,502.1300048828125,508.1000061035156,30357500
2021-01-08,513.0,513.875,504.20001220703125,508.20001220703125,29984510
2021-01-11,510.79998779296875,511.0950012207031,495.82501220703125,498.42498779296875,29241640
2021-01-12,498.42498779296875,509.8999938964844,495.1000061035156,504.2200012207031,33359080
2021-01-13,506.6000061035156,507.3999938964844,482.625,490.2900085449219,32693730
2021-01-14,490.2900085449219,496.67999267578125,483.3999938964844,487.7349853515625,26808110
2021-01-15,487.70001220703125,492.70001220703125,484.239990234375,488.3599853515625,25449160
2021-01-18,487.0,488.0,468.6000061035156,471.9849853515625,37034130
2021-01-19,476.510009765625,499.4949951171875,475.20001220703125,495.9150085449219,47674650
2021-01-20,496.79998779296875,503.260009765625,490.1000061035156,498.19500732421875,33147070
2021-01-21,499.29998779296875,522.5,499.0,511.8299865722656,70618090
2021-01-22,513.5,513.7000122070312,494.55999755859375,497.2550048828125,30847960
2021-01-25,504.8999938964844,516.2999877929688,489.0,490.8699951171875,36730600
2021-01-27,492.1300048828125,494.55999755859375,481.1000061035156,484.5,28004930
2021-01-28,477.9549865722656,490.8999938964844,472.30999755859375,481.0249938964844,34773290
2021-01-29,488.6700134277344,495.0,470.7099914550781,473.4549865722656,42607950
2021-02-01,477.5,508.0,466.6499938964844,505.8599853515625,42907450
2021-02-02,510.0,533.7949829101562,509.489990234375,517.3200073242188,43479930
2021-02-03,521.8599853515625,527.0,514.0,524.510009765625,26507830
2021-02-04,521.4000244140625,554.2999877929688,520.60498046875,550.4849853515625,53258880
2021-02-05,552.5999755859375,562.7000122070312,547.0,553.85498046875,44379870
2021-02-08,554.2000122070312,566.5,547.530029296875,549.77001953125,28008090
2021-02-09,553.75,553.9000244140625,538.260009765625,540.030029296875,22639040
2021-02-10,543.469970703125,550.2349853515625,539.5,547.5900268554688,26380120
2021-02-11,547.0,558.7999877929688,545.5750122070312,556.7050170898438,20289470
2021-02-12,557.0,561.7999877929688,553.2050170898438,557.7449951171875,16252680
2021-02-15,560.5349731445312,579.9000244140625,560.0,577.9849853515625,31688260
2021-02-16,579.1400146484375,582.219970703125,569.030029296875,576.0250244140625,21268100
2021-02-17,573.0,579.9000244140625,567.0,570.5150146484375,23463950
2021-02-18,569.9000244140625,571.4749755859375,552.219970703125,556.3350219726562,23175130
2021-02-19,556.0,562.1950073242188,542.5,549.7949829101562,27444560
2021-02-22,548.0,553.8699951171875,533.4749755859375,537.6849975585938,20005630
2021-02-23,542.0,550.4650268554688,535.0,538.3699951171875,21902450
2021-02-24,544.4000244140625,557.8900146484375,538.2999877929688,556.2899780273438,19087950
2021-02-25,560.0999755859375,561.9949951171875,551.135009765625,552.9949951171875,15845950
2021-02-26,543.0,545.4000244140625,522.0999755859375,526.489990234375,37133260
2021-03-01,531.5,536.989990234375,519.5,526.6799926757812,20318810
2021-03-02,530.0,541.0,526.2050170898438,531.6300048828125,22086340
2021-03-03,536.4149780273438,557.3350219726562,534.010009765625,554.2899780273438,22524130
2021-03-04,543.0,556.7150268554688,540.0999755859375,548.5900268554688,22346980
2021-03-05,544.0,551.9749755859375,540.2100219726562,544.489990234375,20757600
2021-03-08,546.9000244140625,549.39501953125,531.0999755859375,532.0650024414062,17210420
2021-03-09,537.0999755859375,544.5,533.5,541.5050048828125,18114960
2021-03-10,544.0,556.0999755859375,544.0,554.5050048828125,21912500
2021-03-12,560.0,567.0,552.0999755859375,555.7849731445312,25080130
2021-03-15,557.10498046875,558.5650024414062,535.0549926757812,543.905029296875,20870080
2021-03-16,548.844970703125,550.7000122070312,542.0,545.594970703125,15613050
2021-03-17,546.0,546.0399780273438,534.4450073242188,535.97998046875,11347580
2021-03-18,542.2999877929688,554.5,530.5,537.1849975585938,23390580
2021-03-19,531.5999755859375,547.9000244140625,519.0050048828125,545.3250122070312,32203100
2021-03-22,544.6500244140625,549.7000122070312,533.7000122070312,538.9349975585938,19384610
2021-03-23,541.0,544.5,535.0,537.8800048828125,18490380
2021-03-24,537.4000244140625,537.4000244140625,526.0,527.030029296875,17376430
2021-03-25,528.0,530.0,510.31500244140625,512.219970703125,23432710
2021-03-26,517.0,524.7999877929688,513.5,518.3049926757812,23474600
2021-03-30,523.4849853515625,526.0,515.0,519.35498046875,18452800
2021-03-31,518.5,521.8800048828125,512.2949829101562,514.9849853515625,18459750
2021-04-01,521.0,528.8499755859375,516.1950073242188,527.2150268554688,21482340
2021-04-05,525.9000244140625,525.9000244140625,492.05999755859375,496.25,37396800
2021-04-06,505.0,505.94500732421875,495.260009765625,499.30999755859375,20709060
2021-04-07,498.0,510.8999938964844,494.0,507.7099914550781,24027820
2021-04-08,510.0,511.5,501.5,502.95001220703125,14078790
2021-04-09,500.0,501.0,484.5,487.2300109863281,29026460
2021-04-12,474.0,474.0,440.0,451.1000061035156,45000460
2021-04-13,453.510009765625,477.489990234375,451.4049987792969,472.875,31750190
2021-04-15,470.80999755859375,475.0,456.6099853515625,466.0299987792969,28971850
2021-04-16,466.1000061035156,469.0,459.0,461.6600036621094,21426480
2021-04-19,445.0,450.3999938964844,436.20001220703125,447.9599914550781,34265070
2021-04-20,456.29998779296875,469.8999938964844,455.5199890136719,461.364990234375,33945970
2021-04-22,455.0,471.3999938964844,450.57501220703125,468.8699951171875,25635390
2021-04-23,462.1099853515625,475.9800109863281,461.04998779296875,466.7799987792969,27295250
2021-04-26,469.0,482.8999938964844,469.0,473.6549987792969,29039890
2021-04-27,474.70001220703125,488.9849853515625,474.6549987792969,486.5050048828125,26449970
2021-04-28,491.5,531.0,491.5,528.0900268554688,85764540
2021-04-29,535.0,552.5,533.0,548.4849853515625,72584860
2021-04-30,535.0,552.4650268554688,532.77001953125,545.1900024414062,41248880
2021-05-03,531.6300048828125,558.0,529.125,555.114990234375,40335910
2021-05-04,561.0,574.9949951171875,556.0,561.5750122070312,48383470
2021-05-05,568.2999877929688,570.0,545.239990234375,551.5150146484375,43786930
2021-05-06,556.7999877929688,561.989990234375,547.3350219726562,552.8800048828125,22231110
2021-05-07,559.0,561.3150024414062,545.7999877929688,549.3800048828125,18510330
2021-05-10,557.5,557.5,544.5,549.75,19973390
2021-05-11,541.125,545.8099975585938,539.0,542.469970703125,16172480
2021-05-12,541.3099975585938,544.0,532.9400024414062,535.8400268554688,15393360
2021-05-14,540.5,540.5,526.7000122070312,533.0349731445312,15257620
2021-05-17,535.0,549.0,531.5050048828125,543.010009765625,24115830
2021-05-18,550.0999755859375,570.5,550.0999755859375,568.875,31478830
2021-05-19,567.4949951171875,572.2899780273438,559.5,563.1199951171875,22509060
2021-05-20,562.7999877929688,565.7999877929688,554.5,558.875,14888270
2021-05-21,566.0,569.5,558.6300048828125,563.1749877929688,18569660
2021-05-24,563.4000244140625,568.7999877929688,559.0,560.2899780273438,12150600
2021-05-25,564.0,565.8800048828125,558.2000122070312,561.864990234375,13155460
2021-05-26,564.0,579.47998046875,558.6099853515625,577.114990234375,29167460
2021-05-27,577.9949951171875,578.2150268554688,565.0999755859375,568.219970703125,21525900
2021-05-28,572.4000244140625,575.0,559.2100219726562,561.0750122070312,15263750
2021-05-31,562.0,566.469970703125,556.0,562.7949829101562,17958110
2021-06-01,564.4000244140625,581.7999877929688,562.5399780273438,578.47998046875,28534510
2021-06-02,575.6500244140625,584.5,574.2550048828125,580.864990234375,20131950
2021-06-03,584.0,591.5,578.0150146484375,590.1500244140625,22303780
2021-06-04,591.5,601.0,590.0,599.344970703125,24453670
2021-06-07,580.0,584.385009765625,568.2449951171875,572.9749755859375,28358050
2021-06-08,575.0999755859375,581.7000122070312,572.0150146484375,575.5399780273438,17890070
2021-06-09,579.5,579.5,562.72998046875,567.4500122070312,15381120
2021-06-10,571.5,611.5,567.7000122070312,608.6400146484375,52961200
2021-06-11,610.5349731445312,623.0,604.52001953125,612.0,37027210
2021-06-14,606.969970703125,624.9000244140625,597.5599975585938,619.4149780273438,26336010
2021-06-15,621.9000244140625,623.97998046875,615.0,616.114990234375,15236610
2021-06-16,614.0,616.0900268554688,606.280029296875,608.1599731445312,14816580
2021-06-17,592.0,611.5,592.0,605.0250244140625,18718570
2021-06-18,608.989990234375,614.7999877929688,596.5050048828125,608.7050170898438,27096150
2021-06-21,600.0,613.5,598.7100219726562,611.5999755859375,12719620
2021-06-22,615.0,618.9000244140625,600.0,601.6799926757812,15406110
2021-06-23,605.0999755859375,611.5,600.0999755859375,601.5599975585938,12382150
2021-06-24,602.7000122070312,610.7999877929688,601.0999755859375,604.3599853515625,10824210
2021-06-25,605.7000122070312,610.7000122070312,603.02001953125,607.5800170898438,9619940
2021-06-28,610.0,611.77001953125,601.5,603.7050170898438,8284810
2021-06-29,604.0,613.7650146484375,600.2100219726562,605.239990234375,13100790
2021-06-30,605.0,612.5,600.0,601.5850219726562,12257940
2021-07-01,604.0,604.0,594.0,596.7150268554688,11206010
2021-07-02,600.0,603.0,596.5,599.7750244140625,8112980
2021-07-05,602.9000244140625,609.594970703125,600.60498046875,607.27001953125,8631790
2021-07-06,605.5,634.280029296875,605.2999877929688,620.239990234375,34913930
2021-07-07,622.0,628.5999755859375,616.0399780273438,619.8599853515625,19479250
2021-07-08,618.0,622.0900268554688,608.0399780273438,611.780029296875,11305600
2021-07-09,608.2999877929688,617.0999755859375,606.10498046875,613.614990234375,14475440
2021-07-12,617.5,619.8900146484375,610.3599853515625,614.9550170898438,9787400
2021-07-13,618.5,622.5,614.0,615.4299926757812,10021270
2021-07-14,615.0,618.2000122070312,612.0,613.3900146484375,7765740
2021-07-15,613.3900146484375,617.719970703125,610.2000122070312,612.969970703125,8709900
2021-07-16,612.5,619.0,609.719970703125,612.5449829101562,9631210
2021-07-19,608.7999877929688,612.2999877929688,593.5,601.5399780273438,12905320
2021-07-20,602.0,602.7949829101562,586.7999877929688,594.1849975585938,14018370
2021-07-22,593.0,624.4000244140625,592.114990234375,619.5549926757812,34885910
2021-07-23,618.9000244140625,622.5,614.0,618.0900268554688,9537390
2021-07-26,615.0,619.8300170898438,613.0,616.2449951171875,7335020
2021-07-27,618.0,632.7000122070312,617.5,623.14501953125,20685280
2021-07-28,625.7899780273438,628.4000244140625,615.7000122070312,626.2000122070312,11491530
2021-07-29,628.9949951171875,643.0,626.405029296875,640.010009765625,14846640
2021-07-30,641.6849975585938,641.6849975585938,621.219970703125,622.8099975585938,14068850
2021-08-02,627.0,628.39501953125,617.0,620.0499877929688,10124350
2021-08-03,621.5,634.2000122070312,620.5999755859375,633.1900024414062,10917100
2021-08-04,634.2999877929688,647.7449951171875,631.5,635.9149780273438,16320910
2021-08-05,635.4000244140625,635.5499877929688,623.2000122070312,624.8250122070312,8665670
2021-08-06,628.5,629.9500122070312,621.0999755859375,622.4299926757812,7297890
2021-08-09,622.5,626.9949951171875,613.60498046875,619.3150024414062,8811790
2021-08-10,622.5,624.844970703125,614.2050170898438,617.010009765625,7310090
2021-08-11,617.6099853515625,619.9949951171875,605.7000122070312,616.780029296875,7919290
2021-08-12,618.0999755859375,625.489990234375,615.125,619.9500122070312,7946020
2021-08-13,621.0,622.885009765625,613.0999755859375,615.655029296875,6679320
2021-08-16,614.9000244140625,639.5,610.385009765625,637.7150268554688,14233350
2021-08-17,640.9949951171875,643.6849975585938,630.5,641.010009765625,16027760
2021-08-18,643.4000244140625,664.0,640.60498046875,654.4099731445312,21537300
2021-08-20,647.1950073242188,673.27001953125,645.5650024414062,666.1099853515625,21647320
2021-08-23,674.0,681.9500122070312,669.7000122070312,675.219970703125,17383400
2021-08-24,677.5,704.9000244140625,672.7949829101562,698.010009765625,26229900
2021-08-25,700.5,705.4000244140625,692.0999755859375,694.4949951171875,15096670
2021-08-26,690.0,699.3250122070312,685.5,693.1950073242188,12345880
2021-08-27,695.0,702.4349975585938,687.2000122070312,696.6599731445312,9359060
2021-08-30,699.594970703125,719.7000122070312,698.0,716.5499877929688,15043820
2021-08-31,716.0,759.8800048828125,713.0,752.4500122070312,29464380
2021-09-01,752.5,767.4500122070312,748.3350219726562,751.9600219726562,22277890
2021-09-02,750.0,758.6400146484375,744.5050048828125,749.844970703125,11833780
2021-09-03,750.0,755.5,746.1749877929688,752.3400268554688,8802470
2021-09-06,755.0,761.5,748.510009765625,750.635009765625,8970710
2021-09-07,752.8900146484375,756.625,740.719970703125,745.72998046875,8360130
2021-09-08,745.7000122070312,751.4000244140625,741.10498046875,746.3200073242188,8592560
2021-09-09,743.0,746.0,738.0,743.0650024414062,7004360
2021-09-13,743.0650024414062,749.5,735.2000122070312,744.5549926757812,8025650
2021-09-14,748.0,753.0,740.7999877929688,741.7550048828125,7192580
2021-09-15,744.5,748.0,738.0,741.4149780273438,6572830
2021-09-16,744.5,744.5,733.0499877929688,741.1500244140625,5771290
2021-09-17,744.5499877929688,767.9949951171875,736.0,742.8800048828125,34749690
2021-09-20,736.0,758.0999755859375,732.0750122070312,744.2449951171875,10838060
2021-09-21,748.114990234375,784.7100219726562,740.0999755859375,781.385009765625,19931330
2021-09-22,785.0,789.5,777.0999755859375,779.364990234375,15005410
2021-09-23,786.3599853515625,799.9000244140625,780.4650268554688,789.905029296875,21091470
2021-09-24,794.9849853515625,794.9849853515625,772.5650024414062,779.3400268554688,11293460
2021-09-27,784.9000244140625,786.0,774.0050048828125,779.5449829101562,6507740
2021-09-28,781.5,782.5,742.5050048828125,754.3300170898438,15723010
2021-09-29,752.9000244140625,763.5850219726562,745.614990234375,751.5399780273438,9458790
2021-09-30,754.5,770.0,749.0900268554688,766.8099975585938,14907070
2021-10-01,762.0,763.9199829101562,747.5,752.2750244140625,9377400
2021-10-04,758.7999877929688,776.9000244140625,756.0150146484375,769.5050048828125,10901980
2021-10-05,768.2999877929688,776.5,763.4099731445312,772.4199829101562,7732430
2021-10-06,781.0,788.0599975585938,768.5,773.5150146484375,17646310
2021-10-07,784.5900268554688,788.5,773.7999877929688,774.7899780273438,9405500
2021-10-08,775.0,782.9000244140625,771.2000122070312,773.219970703125,7565710
2021-10-11,777.3900146484375,790.4400024414062,775.2000122070312,781.7100219726562,9086480
2021-10-12,781.0,792.5,775.0,785.5750122070312,10994490
2021-10-13,790.7899780273438,801.0,786.1300048828125,792.9299926757812,10524380
2021-10-14,796.9000244140625,796.9000244140625,781.2349853515625,786.2899780273438,11348490
2021-10-18,805.0,805.0,780.0800170898438,786.5549926757812,8550980
2021-10-19,789.0,791.469970703125,767.0999755859375,773.9299926757812,12449890
2021-10-20,774.0999755859375,783.35498046875,757.5,776.135009765625,11028990
2021-10-21,783.0,783.0,768.5,773.72998046875,6394610
2021-10-22,775.5999755859375,793.5,766.5,771.02001953125,15173760
2021-10-25,775.0,783.7750244140625,735.0499877929688,764.6649780273438,11697290
2021-10-26,769.5,789.4949951171875,765.1099853515625,785.5650024414062,16605750
2021-10-27,787.0,791.9949951171875,746.0999755859375,748.2150268554688,31122330
2021-10-28,754.0,759.5999755859375,735.3400268554688,748.4249877929688,15723020
2021-10-29,748.0,754.969970703125,731.3049926757812,740.02001953125,9483340
2021-11-01,743.0,750.02001953125,722.0,741.39501953125,10373140
2021-11-02,746.6699829101562,755.5,740.0250244140625,745.5349731445312,6871160
2021-11-03,748.5999755859375,753.8800048828125,745.0999755859375,751.625,6687040
2021-11-04,756.0999755859375,756.9000244140625,751.5,752.510009765625,940330
2021-11-08,754.3900146484375,771.3150024414062,748.5999755859375,767.364990234375,9003010
2021-11-09,770.0,775.4400024414062,755.0,757.75,8002470
2021-11-10,754.5,761.0,750.5,758.14501953125,4649890
2021-11-11,757.02001953125,760.094970703125,741.0,745.27001953125,6344000
2021-11-12,750.0,760.0250244140625,745.2999877929688,757.9099731445312,4971280
2021-11-15,757.9000244140625,762.7449951171875,749.0,753.4249877929688,4025180
2021-11-16,752.5,765.0,750.0750122070312,755.5700073242188,5980490
2021-11-17,752.7999877929688,769.2000122070312,752.125,760.7650146484375,6455740
2021-11-18,762.0,769.77001953125,744.0,748.4949951171875,7725390
2021-11-22,749.2000122070312,751.4500122070312,699.0050048828125,705.8300170898438,19352430
2021-11-23,700.0,717.7999877929688,692.4099731445312,711.4299926757812,11875890
2021-11-24,716.0,731.97998046875,706.5999755859375,717.72998046875,10993800
2021-11-25,715.0,720.5,708.6799926757812,712.5800170898438,6154860
2021-11-26,702.0999755859375,704.7899780273438,677.5,680.7050170898438,16890820
2021-11-29,676.7000122070312,698.0,667.8300170898438,690.5750122070312,14918150
2021-11-30,691.0,719.97998046875,684.9249877929688,699.7249755859375,21955390
2021-12-01,703.219970703125,710.77001953125,695.0999755859375,703.8699951171875,11367680
2021-12-02,709.0,721.0,702.239990234375,718.0499877929688,8477040
2021-12-03,716.0,723.3800048828125,705.5,706.9249877929688,8164110
2021-12-06,706.9249877929688,709.5900268554688,693.8099975585938,695.1749877929688,8582530
2021-12-07,704.7999877929688,717.0,695.7999877929688,710.3150024414062,10796080
2021-12-08,712.0,738.635009765625,712.0,736.1500244140625,14026910
2021-12-09,740.0,746.8099975585938,733.7000122070312,744.030029296875,10769500
2021-12-10,737.4000244140625,746.7000122070312,736.0,745.25,6791450
2021-12-13,747.0,747.7000122070312,719.9000244140625,721.875,12985990
2021-12-14,718.0,718.0,703.5,706.5900268554688,12764810
2021-12-15,707.25,707.25,683.0999755859375,684.7249755859375,18175280
2021-12-16,694.5,706.344970703125,693.2899780273438,702.885009765625,17683180
2021-12-17,700.0,702.5,686.5,690.1099853515625,16805110
2021-12-20,685.0,686.4849853515625,649.260009765625,663.4149780273438,22263190
2021-12-21,672.5150146484375,675.0,654.0,657.7550048828125,13755910
2021-12-22,663.5,679.0750122070312,662.3800048828125,677.1199951171875,12678980
2021-12-23,684.0,699.3499755859375,683.8250122070312,691.7750244140625,13393990
2021-12-24,698.489990234375,698.7949829101562,675.760009765625,685.2000122070312,9807740
2021-12-27,675.0999755859375,690.8800048828125,665.405029296875,689.0750122070312,9123600
2021-12-28,698.0,698.0,686.1749877929688,690.6649780273438,8624640
2021-12-29,688.489990234375,694.9949951171875,685.3049926757812,691.1649780273438,5323790
2021-12-30,689.989990234375,694.4949951171875,685.6900024414062,687.1099853515625,6589920
2021-12-31,688.2000122070312,699.9000244140625,687.5549926757812,697.72998046875,7699070
2022-01-03,697.5,724.39501953125,697.5,721.9600219726562,12697250
2022-01-04,725.0,737.5,723.5499877929688,734.2999877929688,9591730
2022-01-05,746.989990234375,769.114990234375,741.5,767.0800170898438,25832620
2022-01-06,752.5,777.9349975585938,752.0999755859375,774.8250122070312,15359860
2022-01-07,776.39501953125,778.5,758.5,765.9349975585938,11659510
2022-01-10,768.5999755859375,775.9000244140625,766.9749755859375,773.1300048828125,6390600
2022-01-11,773.9000244140625,775.9949951171875,757.0999755859375,766.9849853515625,10379120
2022-01-12,772.5999755859375,786.9000244140625,769.1799926757812,777.4500122070312,14584040
2022-01-13,782.7999877929688,784.9550170898438,777.4000244140625,780.8350219726562,6163740
2022-01-14,777.5,784.6099853515625,772.8499755859375,783.219970703125,5696350
2022-01-17,781.9500122070312,791.0,780.155029296875,785.260009765625,6797740
2022-01-18,789.9949951171875,794.5,771.60498046875,774.4000244140625,11300240
2022-01-19,785.0,804.5,747.2999877929688,757.1799926757812,50003170
2022-01-20,761.0,765.0,740.0999755859375,753.0250244140625,29103830
2022-01-21,740.25,749.9000244140625,730.5850219726562,737.375,13704500
2022-01-24,735.0,735.0,681.77001953125,693.1749877929688,25025820
2022-01-25,690.0,699.5999755859375,675.219970703125,696.375,25259340
2022-01-27,682.3599853515625,690.2349853515625,670.8099975585938,683.7000122070312,17610280
2022-01-28,696.10498046875,704.5599975585938,684.5,686.7249755859375,14675220
2022-01-31,697.989990234375,707.5900268554688,693.010009765625,700.0250244140625,12512490
2022-02-01,707.5900268554688,711.5800170898438,688.5999755859375,701.4600219726562,13834490
2022-02-02,710.0,728.0,709.5,724.7449951171875,13398210
2022-02-03,725.2999877929688,728.7050170898438,710.0,711.0650024414062,8398560
2022-02-04,709.0,718.8400268554688,705.5,715.8400268554688,8232080
2022-02-07,716.5,716.5,688.0999755859375,693.0599975585938,11830120
2022-02-08,700.0,714.7000122070312,691.469970703125,705.5,16405420
2022-02-09,712.85498046875,715.7899780273438,707.0,711.7349853515625,6491660
2022-02-10,713.5,724.0,706.5,713.7000122070312,12442000
2022-02-11,704.0,707.9949951171875,692.10498046875,701.1599731445312,12764610
2022-02-14,681.0,693.0,674.405029296875,678.594970703125,11697660
2022-02-15,680.0,719.5,678.594970703125,714.2050170898438,13468200
2022-02-16,718.5,722.4949951171875,705.0,706.8599853515625,10540410
2022-02-17,712.0,712.7999877929688,698.2000122070312,708.2449951171875,9036160
2022-02-18,702.0,711.5999755859375,701.0,703.010009765625,7625170
2022-02-21,700.0,708.0900268554688,691.0999755859375,700.635009765625,8166640
2022-02-22,680.0,703.614990234375,678.9000244140625,701.135009765625,12587320
2022-02-23,706.0,711.7349853515625,702.7449951171875,704.4550170898438,7952280
2022-02-24,680.0,690.02001953125,659.2449951171875,662.780029296875,19300400
2022-02-25,680.0,698.9949951171875,675.9000244140625,696.9400024414062,14132810
2022-02-28,686.0,702.5,680.6599731445312,700.22998046875,15808910
2022-03-02,691.7999877929688,693.635009765625,676.2000122070312,683.155029296875,16080090
2022-03-03,692.0,694.4299926757812,672.5,674.8350219726562,13339990
2022-03-04,668.8400268554688,669.7999877929688,650.0,653.7899780273438,19965090
2022-03-07,635.0,637.0,610.0,612.5,28435880
2022-03-08,612.7999877929688,621.7349853515625,591.2899780273438,616.1849975585938,28857830
2022-03-09,621.9500122070312,652.5,612.1849975585938,647.25,22801310
2022-03-10,679.4000244140625,679.4000244140625,650.0999755859375,658.489990234375,20915610
2022-03-11,655.0,668.5,649.0050048828125,662.7999877929688,12647710
2022-03-14,660.0999755859375,668.9000244140625,650.0,666.5449829101562,12668460
2022-03-15,667.719970703125,675.0,660.5,666.655029296875,14792700
2022-03-16,678.0,689.9400024414062,674.3350219726562,684.0599975585938,16335960
2022-03-17,694.77001953125,705.6900024414062,693.010009765625,699.4400024414062,16706780
2022-03-21,700.0,701.875,685.0,687.0399780273438,9620190
2022-03-22,687.0,701.0,676.7000122070312,698.5800170898438,12737960
2022-03-23,705.0,710.4000244140625,697.0,700.47998046875,11767500
2022-03-24,696.9000244140625,703.5549926757812,688.125,699.7550048828125,7837160
2022-03-25,705.9000244140625,706.7449951171875,694.0,697.3499755859375,7023730
2022-03-28,699.0,703.5,687.0,700.1400146484375,9369730
2022-03-29,704.0,706.0,698.4500122070312,703.9349975585938,7159500
2022-03-30,710.0,727.4450073242188,709.9000244140625,725.1849975585938,12722540
2022-03-31,728.7949829101562,744.5,724.0650024414062,725.9949951171875,16330110
2022-04-01,722.9949951171875,744.9000244140625,722.030029296875,740.8099975585938,8715130
2022-04-04,744.9000244140625,759.0900268554688,743.0,749.0650024414062,10497590
2022-04-05,743.5,747.9949951171875,733.0,738.844970703125,10720820
2022-04-06,735.0,742.5,730.0,734.6950073242188,7670310
2022-04-07,731.0,735.5999755859375,727.0,729.02001953125,7182660
2022-04-08,732.8300170898438,742.5,726.0,736.6599731445312,8819730
2022-04-11,734.5050048828125,738.4000244140625,729.5,733.6649780273438,5975080
2022-04-12,729.9949951171875,729.9949951171875,722.0,727.4500122070312,8055980
2022-04-13,731.2999877929688,738.0,728.2050170898438,732.844970703125,6723170
2022-04-18,726.5499877929688,737.5,723.1599731445312,726.14501953125,7582220
2022-04-19,730.0,744.3300170898438,715.0999755859375,725.9550170898438,11911100
2022-04-20,727.4949951171875,729.469970703125,696.0,703.25,15581810
2022-04-21,709.9000244140625,718.7000122070312,704.72998046875,713.8099975585938,8753430
2022-04-22,708.0,720.7000122070312,707.1400146484375,711.0750122070312,8079870
2022-04-25,700.0,707.4949951171875,695.0,700.5499877929688,6849530
2022-04-26,713.0999755859375,726.2949829101562,709.7000122070312,724.0549926757812,10124190
2022-04-27,710.0,710.0,668.885009765625,671.4099731445312,39843570
2022-04-28,674.7999877929688,680.5,658.0,672.7650146484375,24990940
2022-04-29,680.0,682.3599853515625,665.0999755859375,667.1799926757812,13375170
2022-05-02,655.0,664.9849853515625,652.5499877929688,662.614990234375,12387410
2022-05-04,662.989990234375,666.780029296875,629.0,633.9749755859375,16491150
2022-05-05,640.0,649.7449951171875,629.0,630.9450073242188,14860280
2022-05-06,620.0999755859375,620.5050048828125,597.5,600.030029296875,30648650
2022-05-09,596.0999755859375,613.5250244140625,583.2550048828125,603.6950073242188,19356480
2022-05-10,600.0,611.3049926757812,590.0,592.844970703125,11779330
2022-05-11,595.7000122070312,599.6599731445312,573.7000122070312,580.7000122070312,18613390
2022-05-12,575.0,576.4749755859375,550.5900268554688,559.3400268554688,24940440
2022-05-13,570.0,574.9000244140625,550.0,551.5750122070312,21053150
2022-05-16,557.5,571.1950073242188,548.7999877929688,564.5399780273438,14149550
2022-05-17,566.0,584.9000244140625,565.2000122070312,583.72998046875,14017700
2022-05-18,588.9949951171875,595.6699829101562,579.0,581.52001953125,16550940
2022-05-19,565.0999755859375,574.5,561.0999755859375,570.7000122070312,10650250
2022-05-20,584.0,584.1950073242188,571.2000122070312,576.9600219726562,10986100
2022-05-23,582.5,590.625,577.1199951171875,579.4000244140625,9680210
2022-05-24,578.2999877929688,583.2999877929688,572.5,579.8800048828125,10840690
2022-05-25,583.9000244140625,587.77001953125,580.1799926757812,582.739990234375,8675980
2022-05-26,585.0,587.5449829101562,565.3400268554688,581.780029296875,12595460
2022-05-27,590.0,607.7000122070312,586.10498046875,599.3499755859375,16258050
2022-05-30,608.7999877929688,612.7000122070312,604.1099853515625,611.1199951171875,8174840
2022-05-31,611.0,616.9199829101562,601.64501953125,608.2150268554688,15489660
2022-06-01,606.0,613.0,597.7249755859375,601.0150146484375,8876200
2022-06-02,600.7000122070312,608.0,594.9199829101562,605.7849731445312,7508090
2022-06-03,612.5,616.7999877929688,601.4000244140625,602.8200073242188,10434650
2022-06-06,600.8200073242188,605.0,591.0999755859375,602.0999755859375,7376570
2022-06-07,598.0,598.9949951171875,583.364990234375,587.8599853515625,8969820
2022-06-08,590.0,605.4000244140625,580.2249755859375,595.4299926757812,13341460
2022-06-09,590.5,593.1599731445312,585.5,589.85498046875,12376740
2022-06-10,582.5,583.5,565.239990234375,566.75,21518910
2022-06-13,552.5050048828125,555.4000244140625,532.5,535.8250122070312,19327850
2022-06-14,534.7000122070312,546.0999755859375,528.4199829101562,537.5750122070312,18845410
2022-06-15,541.7999877929688,549.989990234375,539.614990234375,548.4949951171875,16599430
2022-06-16,556.5,561.4949951171875,525.4849853515625,528.3900146484375,21796860
2022-06-17,522.0,547.5,522.0,541.9550170898438,19379390
2022-06-20,542.7999877929688,551.0,535.2000122070312,547.0449829101562,11194560
2022-06-21,552.5,556.4000244140625,545.5,554.9149780273438,10023590
2022-06-22,553.1500244140625,553.1500244140625,540.5,543.9600219726562,8983460
2022-06-23,544.5599975585938,549.5,534.2999877929688,544.8150024414062,11018570
2022-06-24,551.0,561.6649780273438,545.5,558.7750244140625,13049330
2022-06-27,570.0,572.5,558.7750244140625,564.1199951171875,10490080
2022-06-28,560.7000122070312,561.9000244140625,552.5,557.625,7395000
2022-06-29,548.5,555.4000244140625,546.0,551.280029296875,7559820
2022-06-30,551.280029296875,553.52001953125,537.7000122070312,540.0499877929688,11982750
2022-07-01,536.4000244140625,563.39501953125,533.5050048828125,561.4400024414062,12218900
2022-07-04,561.2899780273438,564.89501953125,554.0999755859375,563.030029296875,7898180
2022-07-05,566.0,575.5,562.64501953125,566.1099853515625,12284530
2022-07-06,568.0,593.885009765625,564.5900268554688,591.6699829101562,22229520
2022-07-07,593.5,598.6900024414062,581.5999755859375,586.0700073242188,13352470
2022-07-08,592.7999877929688,592.7999877929688,580.0999755859375,587.3200073242188,8032820
2022-07-11,585.0,590.39501953125,581.3800048828125,586.1500244140625,7613370
2022-07-12,584.97998046875,595.9550170898438,578.4000244140625,587.35498046875,9754460
2022-07-13,592.9949951171875,597.9000244140625,586.6599731445312,587.8900146484375,8869340
2022-07-14,592.5,592.6950073242188,579.469970703125,583.0850219726562,6929200
2022-07-15,585.5,592.8250122070312,581.2849731445312,591.52001953125,5698590
2022-07-18,596.989990234375,606.8099975585938,593.135009765625,605.97998046875,9664320
2022-07-19,604.0,609.8150024414062,600.2050170898438,606.594970703125,9785600
2022-07-20,614.9000244140625,614.9600219726562,604.2050170898438,607.4400024414062,8270920
2022-07-21,607.9000244140625,628.3150024414062,603.5999755859375,626.6900024414062,13254930
2022-07-22,627.0999755859375,632.5,621.77001953125,625.8250122070312,9532950
2022-07-25,624.0,633.4000244140625,618.5,622.7000122070312,7240230
2022-07-26,630.0,638.3699951171875,621.25,626.4450073242188,15304060
2022-07-27,627.9000244140625,642.9400024414062,619.5,639.635009765625,14449890
2022-07-28,652.2000122070312,710.9949951171875,652.2000122070312,707.6599731445312,64857820
2022-07-29,717.5,726.0,712.5,720.9099731445312,26067620
2022-08-01,725.10498046875,731.0,719.2000122070312,726.0999755859375,12270770
2022-08-02,720.14501953125,735.5999755859375,718.219970703125,734.1900024414062,12491240
2022-08-03,732.5999755859375,737.6400146484375,721.7999877929688,729.635009765625,12186210
2022-08-04,733.89501953125,738.5,720.5,731.6649780273438,9494810
2022-08-05,733.9949951171875,736.7949829101562,727.60498046875,730.469970703125,7580780
2022-08-08,730.0,739.7999877929688,726.4000244140625,734.219970703125,9574820
2022-08-10,736.9000244140625,736.9000244140625,710.5,714.9400024414062,19065230
2022-08-11,724.4000244140625,732.5,721.7349853515625,731.89501953125,10270510
2022-08-12,730.2000122070312,734.2999877929688,727.2050170898438,730.9400024414062,10369410
2022-08-16,733.9000244140625,738.4000244140625,727.2100219726562,728.6099853515625,8044640
2022-08-17,730.0,763.7999877929688,729.5999755859375,752.7100219726562,23444140
2022-08-18,749.0,758.8800048828125,745.239990234375,748.8250122070312,8353540
2022-08-19,751.0,753.8699951171875,727.0999755859375,730.1699829101562,11004270
2022-08-22,726.0999755859375,727.97998046875,708.885009765625,710.219970703125,10608620
2022-08-23,708.5,725.0,705.0,720.77001953125,10886030
2022-08-24,716.5,723.6400146484375,714.0,717.6900024414062,9530960
2022-08-25,721.280029296875,723.9000244140625,702.510009765625,704.7150268554688,13542960
2022-08-26,712.0,714.1500244140625,702.5700073242188,706.2100219726562,7591390
2022-08-29,688.0999755859375,701.5499877929688,686.135009765625,696.4349975585938,9967350
2022-08-30,700.0,733.5,700.0,730.625,17313810
2022-09-01,722.8599853515625,733.385009765625,714.2000122070312,718.1300048828125,14625790
2022-09-02,721.7100219726562,731.2999877929688,717.344970703125,719.0349731445312,9063700
2022-09-05,719.0700073242188,725.4000244140625,715.7999877929688,719.6199951171875,7070250
2022-09-06,722.875,725.5,710.5,711.9349975585938,7919050
2022-09-07,707.7999877929688,720.7949829101562,707.0,716.6500244140625,7919940
2022-09-08,722.0,727.9450073242188,717.5,725.7650146484375,7722510
2022-09-09,730.0,732.4000244140625,716.5,718.0900268554688,6496070
2022-09-12,721.6849975585938,731.989990234375,718.7849731445312,728.6900024414062,8347160
2022-09-13,733.0,744.4000244140625,731.239990234375,740.344970703125,13827000
2022-09-14,727.2150268554688,756.0,727.2150268554688,748.344970703125,14933880
2022-09-15,748.9949951171875,753.2849731445312,736.969970703125,738.6300048828125,7174200
2022-09-16,738.5,748.0150146484375,719.4349975585938,727.4099731445312,11870360
2022-09-19,727.5,752.4450073242188,719.094970703125,749.6099853515625,16481170
2022-09-20,756.9949951171875,771.5,756.5,763.5399780273438,16134500
2022-09-21,764.0,773.5,758.60498046875,769.0650024414062,12392620
2022-09-22,767.0,777.7999877929688,760.0,771.9550170898438,12810390
2022-09-23,771.47998046875,773.1500244140625,747.5,750.7150268554688,14123310
2022-09-26,743.7000122070312,746.0,712.9000244140625,725.9500122070312,18752050
2022-09-27,732.5,737.9949951171875,721.0050048828125,724.2849731445312,11428290
2022-09-28,717.9000244140625,729.75,716.010009765625,720.25,8690690
2022-09-29,731.25,731.6900024414062,708.8049926757812,710.4749755859375,9696320
2022-09-30,708.0999755859375,736.2000122070312,702.6799926757812,733.5750122070312,16186650
2022-10-03,733.7000122070312,739.7999877929688,714.4600219726562,717.1799926757812,8201980
2022-10-04,733.5,750.5,730.635009765625,748.8699951171875,11914950
2022-10-06,755.0,759.9000244140625,734.6900024414062,740.4149780273438,15100600
2022-10-07,738.5449829101562,740.7750244140625,727.2249755859375,734.5150146484375,9911960
2022-10-10,726.5,733.7999877929688,722.0999755859375,729.3400268554688,6531130
2022-10-11,730.7000122070312,735.25,717.260009765625,720.280029296875,7322060
2022-10-12,720.5,725.8499755859375,714.5,722.6199951171875,7407310
2022-10-13,722.0499877929688,722.5999755859375,711.469970703125,715.1649780273438,6086550
2022-10-14,730.0,734.5,722.0999755859375,727.25,8390120
2022-10-17,725.4949951171875,737.22998046875,721.7000122070312,735.52001953125,6174010
2022-10-18,740.0,743.0,732.0999755859375,739.0399780273438,9069750
2022-10-19,741.7000122070312,744.0,735.0,738.0399780273438,6271770
2022-10-20,736.9949951171875,744.9000244140625,726.0999755859375,743.239990234375,10260540
2022-10-21,749.0,749.0,715.3049926757812,719.2750244140625,23869600
2022-10-24,731.0,731.0,719.0,720.6500244140625,2278840
2022-10-25,724.2550048828125,724.2550048828125,709.0,710.2899780273438,9098990
2022-10-27,718.5999755859375,721.0,693.0999755859375,697.1099853515625,16414580
2022-10-28,700.0,709.0,698.0,700.6849975585938,8396690
2022-10-31,709.4000244140625,714.9600219726562,704.5999755859375,714.4099731445312,8189860
2022-11-01,719.6950073242188,723.5999755859375,716.0,720.9500122070312,7627420
2022-11-02,720.7000122070312,724.0,714.0050048828125,715.6199951171875,5859140
2022-11-03,710.5,719.5,709.2100219726562,712.1599731445312,6323130
2022-11-04,712.1599731445312,722.489990234375,712.1599731445312,721.2000122070312,9219250
2022-11-07,724.8099975585938,725.0650024414062,711.0999755859375,719.0050048828125,7224940
2022-11-09,723.5,723.5,711.4650268554688,714.4000244140625,6896340
2022-11-10,715.7999877929688,716.5,696.4550170898438,697.510009765625,10081820
2022-11-11,714.9000244140625,715.7849731445312,699.5,705.14501953125,12333420
2022-11-14,705.489990234375,710.7000122070312,700.10498046875,702.5800170898438,8550600
2022-11-15,703.5150146484375,706.239990234375,698.0999755859375,702.5750122070312,7195210
2022-11-16,701.0999755859375,703.4849853515625,685.260009765625,689.5050048828125,13362040
2022-11-17,687.0,695.0,683.2000122070312,689.5050048828125,7339440
2022-11-18,690.989990234375,692.7999877929688,675.0,679.1500244140625,13276890
2022-11-21,674.7000122070312,674.7000122070312,661.0349731445312,667.9099731445312,10717480
2022-11-22,668.0250244140625,672.7750244140625,666.030029296875,668.5050048828125,9587690
2022-11-23,671.8499755859375,680.5,669.0,678.0050048828125,8936670
2022-11-24,681.39501953125,683.9849853515625,673.72998046875,677.135009765625,7546110
2022-11-25,677.0,677.7999877929688,667.5,674.75,8590580
2022-11-28,672.9000244140625,683.280029296875,672.85498046875,677.7449951171875,6040540
2022-11-29,677.5,680.8900146484375,672.0999755859375,673.4149780273438,6818600
2022-11-30,673.5,675.4199829101562,667.7999877929688,672.094970703125,14828310
2022-12-01,675.4600219726562,677.0,670.7000122070312,674.7750244140625,9816160
2022-12-02,673.02001953125,674.1950073242188,664.7000122070312,667.5750122070312,14386020
2022-12-05,667.4550170898438,669.9000244140625,663.2000122070312,666.0449829101562,10292500
2022-12-06,667.4400024414062,673.5,663.2000122070312,669.85498046875,8409800
2022-12-07,672.4949951171875,672.4949951171875,660.0999755859375,662.52001953125,9610270
2022-12-08,668.0,668.0,656.0,658.1950073242188,11377840
2022-12-09,660.25,661.7999877929688,649.0,651.7449951171875,11312920
2022-12-12,650.8099975585938,653.9000244140625,639.2000122070312,650.6500244140625,11000480
2022-12-13,650.7000122070312,664.7999877929688,650.7000122070312,662.010009765625,9586360
2022-12-14,665.7999877929688,668.85498046875,662.6599731445312,665.52001953125,6782830
2022-12-15,663.2000122070312,671.4000244140625,660.4000244140625,662.5399780273438,8577060
2022-12-16,659.0,669.530029296875,656.0,659.6900024414062,8802330
2022-12-19,660.010009765625,670.5,659.7000122070312,668.7000122070312,6595590
2022-12-20,666.0,669.885009765625,658.5,664.2849731445312,6077160
2022-12-21,669.3900146484375,669.3900146484375,650.5,652.6699829101562,6223900
2022-12-22,657.0,657.5,640.7000122070312,649.0650024414062,8497060
2022-12-23,645.0,646.5999755859375,634.0050048828125,637.4600219726562,9943030
2022-12-26,637.4650268554688,646.989990234375,630.0,643.3699951171875,5305350
2022-12-27,646.5999755859375,653.0,643.0,650.469970703125,7810350
2022-12-28,647.5,657.0,646.405029296875,647.6099853515625,7559340
2022-12-29,644.0,652.0499877929688,640.239990234375,651.0900268554688,5218800
2022-12-30,655.0,671.989990234375,651.5,657.52001953125,15202660
2023-01-02,656.5,661.0,648.4749755859375,655.375,5793400
2023-01-03,656.5,666.0,653.0,660.625,7420810
2023-01-04,659.5,663.7999877929688,655.0,657.0999755859375,6712530
2023-01-05,649.0,649.0,602.5050048828125,610.0050048828125,51023000
2023-01-06,613.0,613.9949951171875,594.1599731445312,598.0399780273438,29319220
2023-01-09,602.0,607.7999877929688,595.5,599.3350219726562,14005480
2023-01-10,599.9000244140625,601.5,587.5,590.4149780273438,11203750
2023-01-11,593.0,594.9000244140625,586.5549926757812,589.5750122070312,11088910
2023-01-12,590.655029296875,596.489990234375,585.7000122070312,589.8400268554688,14769490
2023-01-13,592.0,598.5,587.2000122070312,597.780029296875,11084900
2023-01-16,600.0,607.219970703125,597.4550170898438,601.0900268554688,9083390
2023-01-17,601.9949951171875,601.9949951171875,594.0,598.4949951171875,8170050
2023-01-18,600.39501953125,604.9000244140625,598.5,599.864990234375,7962810
2023-01-19,598.2999877929688,602.9650268554688,596.0650024414062,601.2449951171875,5481420
2023-01-20,601.25,601.9749755859375,583.719970703125,586.0399780273438,8330900
2023-01-23,588.0999755859375,593.5,584.0999755859375,586.2999877929688,8560640
2023-01-24,589.2349853515625,592.0999755859375,584.2650146484375,585.5050048828125,6081450
2023-01-25,585.0050048828125,585.5050048828125,577.7000122070312,579.5900268554688,8278370
2023-01-27,581.5,586.155029296875,568.0,576.0700073242188,16213520
2023-01-30,577.0050048828125,606.6199951171875,577.0050048828125,602.1799926757812,24481600
2023-01-31,605.0,605.0,587.4000244140625,588.6400146484375,19967880
2023-02-01,594.4000244140625,598.0399780273438,570.8900146484375,581.719970703125,26348660
2023-02-02,581.9000244140625,581.9000244140625,564.5,571.7650146484375,20250440
2023-02-03,577.0,603.0,574.7050170898438,601.4249877929688,14868920
2023-02-06,600.0,612.4000244140625,595.5599975585938,610.4199829101562,10738200
2023-02-07,612.2949829101562,618.2000122070312,610.0,616.0549926757812,14721930
2023-02-08,616.5,637.7000122070312,616.280029296875,635.1649780273438,19032080
2023-02-09,637.489990234375,648.780029296875,633.5250244140625,645.5,18381540
2023-02-10,645.39501953125,652.760009765625,642.0,643.5499877929688,12912820
2023-02-13,643.4949951171875,647.3150024414062,629.7050170898438,634.5499877929688,7365570
2023-02-14,635.3800048828125,647.2349853515625,631.0,645.8699951171875,10340900
2023-02-15,645.0,649.5999755859375,639.72998046875,648.9949951171875,6189790
2023-02-16,650.5,652.4749755859375,642.0,643.72998046875,5290480
2023-02-17,641.0,647.5800170898438,636.75,641.6699829101562,6160440
2023-02-20,642.5,644.35498046875,634.2999877929688,636.739990234375,4657320
2023-02-21,639.5,640.8250122070312,635.2000122070312,637.9249877929688,4485090
2023-02-22,633.0999755859375,636.0,618.5,619.864990234375,9347000
2023-02-23,621.4000244140625,626.2449951171875,612.2650146484375,620.2349853515625,8097680
2023-02-24,625.375,628.5999755859375,620.0,623.625,6077610
2023-02-27,621.5,624.0999755859375,613.5,619.4500122070312,5950040
2023-02-28,622.0,624.6599731445312,609.0,611.2100219726562,9778520
2023-03-01,610.010009765625,620.39501953125,610.010009765625,615.4849853515625,5448040
2023-03-02,616.52001953125,620.9600219726562,607.0050048828125,608.2999877929688,5822980
2023-03-03,612.1799926757812,614.0999755859375,607.2999877929688,610.0050048828125,7120370
2023-03-06,614.0,618.2999877929688,612.0050048828125,613.4849853515625,6084770
2023-03-08,612.9000244140625,612.9000244140625,598.5,599.6849975585938,13427950
2023-03-09,600.0,604.0,589.010009765625,590.1300048828125,9408580
2023-03-10,586.5,588.739990234375,578.0999755859375,587.4149780273438,7708610
2023-03-13,586.9000244140625,594.75,581.0999755859375,583.35498046875,7933560
2023-03-14,584.0,585.0,571.614990234375,573.155029296875,13725650
2023-03-15,580.0,582.0,570.0999755859375,571.875,6794730
2023-03-16,572.969970703125,575.5,566.5,571.510009765625,8849630
2023-03-17,574.0050048828125,581.6749877929688,568.8099975585938,573.2349853515625,10471510
2023-03-20,573.9000244140625,574.0449829101562,548.5700073242188,555.0800170898438,17127560
2023-03-21,560.1799926757812,571.5,558.614990234375,571.010009765625,11301140
2023-03-22,574.97998046875,585.7000122070312,573.5,583.4199829101562,12425340
2023-03-23,580.9500122070312,590.0,577.25,583.3049926757812,10544190
2023-03-24,580.3900146484375,582.9749755859375,562.719970703125,564.9249877929688,12780420
2023-03-27,569.7999877929688,572.5,558.4550170898438,559.3049926757812,11187430
2023-03-28,562.10498046875,562.4400024414062,552.27001953125,553.4450073242188,9481360
2023-03-29,556.2150268554688,564.5999755859375,555.5,562.52001953125,11096120
2023-03-31,569.4000244140625,569.4000244140625,558.6199951171875,561.6749877929688,12678280
2023-04-03,565.5,573.4000244140625,563.219970703125,571.5050048828125,7453860
2023-04-05,583.2000122070312,594.7050170898438,574.3150024414062,576.1300048828125,24333290
2023-04-06,576.0999755859375,595.9000244140625,570.5549926757812,593.219970703125,17405020
2023-04-10,594.4949951171875,596.989990234375,581.0999755859375,582.8800048828125,9282570
2023-04-11,585.7999877929688,588.0,581.114990234375,583.7750244140625,8116200
2023-04-12,583.7000122070312,587.6749877929688,578.5999755859375,585.6950073242188,10230690
2023-04-13,585.6950073242188,593.7000122070312,585.0399780273438,590.4450073242188,8330060
2023-04-17,599.7999877929688,599.7999877929688,590.0,596.14501953125,6728570
2023-04-18,597.5,599.4000244140625,587.0250244140625,591.5650024414062,6408890
2023-04-19,591.5650024414062,596.0,588.0,594.7750244140625,5549280
2023-04-20,596.0,596.594970703125,588.614990234375,591.27001953125,4367310
2023-04-21,591.2999877929688,594.5,582.7999877929688,593.7899780273438,6431010
2023-04-24,594.0,596.469970703125,587.7000122070312,593.375,5448920
2023-04-25,595.989990234375,609.27001953125,592.8699951171875,607.5250244140625,14944750
2023-04-26,610.0,611.97998046875,601.3300170898438,605.594970703125,9740070
2023-04-27,607.5,625.4450073242188,606.5999755859375,620.0050048828125,28271360
2023-04-28,624.3900146484375,629.5999755859375,611.0999755859375,628.010009765625,14896680
2023-05-02,633.0,633.4650268554688,622.47998046875,624.9149780273438,9912540
2023-05-03,623.8049926757812,625.5,615.594970703125,618.0250244140625,6682510
2023-05-04,619.7000122070312,639.9000244140625,618.2150268554688,639.0250244140625,12451410
2023-05-05,637.9949951171875,644.7999877929688,633.1649780273438,638.9849853515625,11600400
2023-05-08,639.4450073242188,669.510009765625,638.7999877929688,665.7949829101562,22247350
2023-05-09,665.0,673.9849853515625,654.2000122070312,655.2249755859375,21307700
2023-05-10,659.094970703125,666.5,652.5,663.1500244140625,8353210
2023-05-11,665.9000244140625,668.0,662.5,666.344970703125,5674940
2023-05-12,665.0,673.364990234375,660.469970703125,671.4400024414062,9120780
2023-05-15,671.4400024414062,675.0,668.5800170898438,671.22998046875,7390760
2023-05-16,672.0,684.9000244140625,670.0,678.4600219726562,12651330
2023-05-17,678.5,681.0449829101562,666.2000122070312,670.5050048828125,7407850
2023-05-18,675.97998046875,683.0650024414062,674.5150146484375,678.9400024414062,11067180
2023-05-19,680.0,682.0,671.2000122070312,678.4199829101562,5928340
2023-05-22,678.4199829101562,681.7999877929688,676.1900024414062,679.3049926757812,4197920
2023-05-23,681.0050048828125,687.39501953125,675.7100219726562,678.0549926757812,7901960
2023-05-24,676.9000244140625,684.85498046875,672.9749755859375,678.594970703125,5539360
2023-05-25,677.7999877929688,684.7999877929688,674.6099853515625,684.114990234375,5302600
2023-05-26,684.6599731445312,692.0,684.1199951171875,690.4500122070312,6940730
2023-05-29,694.02001953125,697.1900024414062,690.1799926757812,693.2050170898438,6407280
2023-05-30,694.7999877929688,701.875,693.0050048828125,700.5800170898438,8819230
2023-05-31,700.489990234375,702.5999755859375,692.72998046875,698.9849853515625,21476270
2023-06-01,702.4000244140625,705.72998046875,695.1099853515625,704.0499877929688,5900260
2023-06-02,707.5750122070312,710.0,700.5,702.3900146484375,6642090
2023-06-05,707.0,709.1599731445312,701.3049926757812,704.3200073242188,5771620
2023-06-06,702.5,713.2000122070312,702.5,711.39501953125,6905860
2023-06-07,712.0,714.0999755859375,706.2000122070312,707.9949951171875,5344830
2023-06-08,708.0,711.0999755859375,699.5150146484375,701.010009765625,4553600
2023-06-09,701.2750244140625,708.25,701.2050170898438,703.7150268554688,4473610
2023-06-12,705.0150146484375,711.0,704.1599731445312,709.77001953125,5132550
2023-06-13,710.0,720.0,710.0,716.6749877929688,8001340
2023-06-14,718.2000122070312,718.2000122070312,708.2050170898438,709.6849975585938,4015200
2023-06-15,709.5,714.1699829101562,705.5999755859375,712.6599731445312,4370180
2023-06-16,717.0,721.8599853515625,713.0999755859375,720.3200073242188,14148580
2023-06-19,721.1950073242188,739.885009765625,720.2249755859375,738.6199951171875,11845900
2023-06-20,737.614990234375,737.614990234375,720.0999755859375,724.8800048828125,8638260
2023-06-21,727.5,728.5900268554688,717.7000122070312,720.614990234375,5468040
2023-06-22,720.010009765625,720.4149780273438,702.0,703.0,8271940
2023-06-23,702.094970703125,705.5,695.6099853515625,698.9650268554688,8152260
2023-06-26,699.0,703.5,694.5,699.8699951171875,5635390
2023-06-27,703.0,703.0,695.4000244140625,701.9249877929688,7097890
2023-06-28,705.4349975585938,712.5,704.0,709.02001953125,7097820
2023-06-30,710.0,719.5,709.1199951171875,716.0599975585938,8879080
2023-07-03,716.0599975585938,735.5,716.0,733.2999877929688,12092270
2023-07-04,765.0,792.0,761.2650146484375,786.0449829101562,41622080
2023-07-05,787.9949951171875,799.989990234375,778.0,783.875,19786660
2023-07-06,777.5999755859375,782.4000244140625,773.5,776.625,10459840
2023-07-07,772.0,774.8900146484375,760.5599975585938,762.2349853515625,10949150
2023-07-10,762.2349853515625,762.9949951171875,743.22998046875,753.3250122070312,14515180
2023-07-11,756.7000122070312,768.0,738.0999755859375,744.4000244140625,16750430
2023-07-12,746.989990234375,750.7999877929688,739.8150024414062,743.1950073242188,11317550
2023-07-13,746.9949951171875,752.2899780273438,741.5999755859375,747.4600219726562,7470520
2023-07-14,747.4000244140625,751.8900146484375,739.989990234375,748.2349853515625,7266000
2023-07-17,752.0,754.2000122070312,744.2000122070312,751.094970703125,5067440
2023-07-18,752.0,755.5,737.3099975585938,742.0,13097090
2023-07-19,744.1950073242188,759.9000244140625,743.0,758.469970703125,9759430
2023-07-20,755.0999755859375,763.7150268554688,750.2000122070312,759.6599731445312,6494360
2023-07-21,759.6599731445312,765.77001953125,753.3099975585938,758.1749877929688,6733940
2023-07-24,758.1649780273438,764.47998046875,756.0349731445312,758.1599731445312,5843420
2023-07-25,764.9400024414062,764.9400024414062,754.10498046875,760.64501953125,8508690
2023-07-26,763.5,773.4000244140625,733.0999755859375,743.3150024414062,22288660
2023-07-27,757.7899780273438,757.7899780273438,726.77001953125,728.4099731445312,21471720
2023-07-28,731.9000244140625,739.4600219726562,721.0,738.1599731445312,10070500
2023-07-31,734.5,736.989990234375,728.10498046875,730.030029296875,7493150
2023-08-01,730.030029296875,733.0,724.4000244140625,726.969970703125,7527650
2023-08-02,729.0,729.0,714.5,720.344970703125,8985360
2023-08-03,717.5,722.4299926757812,701.8049926757812,710.8350219726562,10818980
2023-08-04,713.9000244140625,720.5,707.1300048828125,714.8699951171875,7313490
2023-08-07,716.2000122070312,718.2750244140625,707.1599731445312,712.2150268554688,7184090
2023-08-08,713.5,720.5,708.5150146484375,717.3599853515625,8073620
2023-08-09,720.0,721.4000244140625,709.0,712.5349731445312,5115720
2023-08-10,710.0050048828125,717.4000244140625,709.2000122070312,714.385009765625,6161300
2023-08-11,714.385009765625,715.9000244140625,703.10498046875,706.0599975585938,6303960
2023-08-14,704.0,705.8900146484375,694.0549926757812,701.8049926757812,6937850
2023-08-16,699.4000244140625,699.4000244140625,692.0,698.1500244140625,5987950
2023-08-17,702.0,702.0,690.2999877929688,692.3250122070312,7101180
2023-08-18,689.3499755859375,691.5800170898438,684.5,686.2100219726562,7455330
2023-08-21,680.0999755859375,706.2999877929688,680.0999755859375,704.8200073242188,12308310
2023-08-22,705.10498046875,715.3499755859375,705.0,706.9949951171875,12487800
2023-08-23,710.0,714.9000244140625,700.2999877929688,711.64501953125,8032480
2023-08-24,715.0,718.594970703125,712.0999755859375,713.7449951171875,9103600
2023-08-25,711.5,727.8099975585938,710.0999755859375,721.1500244140625,13032760
2023-08-28,722.4949951171875,726.0999755859375,713.8099975585938,723.5599975585938,7036260
2023-08-29,725.0,731.094970703125,723.5999755859375,729.3350219726562,14183050
2023-08-30,732.5999755859375,733.0900268554688,725.7999877929688,726.8099975585938,4602680
2023-08-31,728.0,728.5,713.5,716.2999877929688,14129800
2023-09-01,716.85498046875,732.9400024414062,715.5,732.0599975585938,6760760
2023-09-04,737.0,737.0,725.8400268554688,727.0250244140625,5813630
2023-09-05,728.2999877929688,735.844970703125,728.0,734.510009765625,12213530
2023-09-06,731.530029296875,739.7000122070312,729.0700073242188,738.780029296875,6051570
2023-09-07,738.0,738.780029296875,730.3699951171875,736.3200073242188,5496220
2023-09-08,739.0,744.9949951171875,737.0,741.0650024414062,6246420
2023-09-11,742.5,744.4000244140625,736.2000122070312,739.1649780273438,4068490
2023-09-12,742.0999755859375,745.9000244140625,730.5499877929688,743.1300048828125,9635170
2023-09-13,742.9299926757812,750.8250122070312,738.0650024414062,747.5900268554688,5798460
2023-09-14,747.5900268554688,751.1699829101562,742.7050170898438,749.4299926757812,6503720
2023-09-15,749.9000244140625,756.5150146484375,745.5549926757812,749.219970703125,7874940
2023-09-18,748.8900146484375,756.0,746.5,754.864990234375,7066180
2023-09-20,748.864990234375,764.7000122070312,748.2999877929688,753.9000244140625,8441900
2023-09-21,753.0,758.364990234375,742.5,748.4199829101562,6757250
2023-09-22,749.39501953125,757.7000122070312,745.3599853515625,747.135009765625,5263040
2023-09-25,757.5,784.989990234375,751.0,781.9849853515625,23475330
2023-09-26,781.989990234375,789.9949951171875,777.5,787.0650024414062,12468200
2023-09-27,785.5,785.5,774.2750244140625,783.7550048828125,7441100
2023-09-28,780.4749755859375,782.9000244140625,771.8049926757812,773.9000244140625,7775050
2023-09-29,773.9000244140625,784.7999877929688,772.5,781.0750122070312,5730050
2023-10-03,778.0800170898438,797.5499877929688,775.5,796.760009765625,9445550
2023-10-04,802.5,804.2999877929688,782.0,785.405029296875,11763840
2023-10-05,791.4849853515625,791.4849853515625,782.6900024414062,785.0900268554688,7950610
2023-10-06,785.0,819.2000122070312,784.5,816.85498046875,21450340
2023-10-09,810.2050170898438,813.5,801.7999877929688,802.77001953125,7478000
2023-10-10,805.5,813.5,802.0999755859375,808.3599853515625,9650240
2023-10-11,813.97998046875,817.2999877929688,809.5449829101562,810.1950073242188,7123720
2023-10-12,812.5,812.7000122070312,800.2999877929688,801.4299926757812,7640920
2023-10-13,799.9550170898438,808.2899780273438,795.60498046875,805.1649780273438,6622820
2023-10-16,804.4299926757812,806.9000244140625,798.2650146484375,803.5999755859375,4382460
2023-10-17,808.0,815.9000244140625,805.7550048828125,809.2999877929688,8382830
2023-10-18,805.0,808.4600219726562,785.0,786.655029296875,15446420
2023-10-19,784.3300170898438,792.2999877929688,773.0999755859375,784.155029296875,10614530
2023-10-20,781.0,783.2349853515625,772.25,776.9199829101562,7711530
2023-10-23,780.0,788.489990234375,776.135009765625,779.8900146484375,8822300
2023-10-25,779.8900146484375,785.6950073242188,767.5999755859375,769.4450073242188,7087740
2023-10-26,762.510009765625,765.5999755859375,740.1199951171875,742.1799926757812,13246300
2023-10-27,750.9949951171875,754.9000244140625,741.6599731445312,750.719970703125,9119440
2023-10-30,750.5800170898438,752.6849975585938,735.25,750.3049926757812,7992760
2023-10-31,756.97998046875,757.969970703125,746.0499877929688,749.2650146484375,7494100
2023-11-01,752.0,754.9000244140625,745.7650146484375,747.1900024414062,4627780
2023-11-02,753.0,761.5,741.1199951171875,744.9099731445312,8550300
2023-11-03,752.7999877929688,753.7949829101562,737.2449951171875,741.1500244140625,11387550
2023-11-06,745.5999755859375,757.1950073242188,744.260009765625,756.2050170898438,6340430
2023-11-07,764.0,764.0,744.5999755859375,749.5599975585938,15630070
2023-11-08,752.7000122070312,753.5999755859375,740.6649780273438,745.9949951171875,9167170
2023-11-09,748.5,748.5,736.6699829101562,738.6699829101562,7717910
2023-11-10,737.0,745.4000244140625,734.64501953125,744.47998046875,4962610
2023-11-13,744.780029296875,745.0,731.9000244140625,736.0850219726562,7322400
2023-11-15,743.9400024414062,747.6199951171875,711.9149780273438,722.4299926757812,19234400
2023-11-16,694.4550170898438,738.0700073242188,693.125,736.2449951171875,45570430
2023-11-17,714.0499877929688,726.0,710.8049926757812,722.0999755859375,20800340
2023-11-20,715.0999755859375,723.9000244140625,705.010009765625,706.8599853515625,19029400
2023-11-21,708.5,712.885009765625,703.0,710.3150024414062,16662250
2023-11-22,708.64501953125,717.7849731445312,706.5499877929688,712.8350219726562,10414040
2023-11-23,713.5,716.0,705.5999755859375,707.364990234375,6061580
2023-11-24,710.7999877929688,711.6799926757812,701.0999755859375,702.0800170898438,7264990
2023-11-28,703.5,713.5,702.989990234375,712.7550048828125,7281580
2023-11-29,713.4000244140625,716.8599853515625,711.405029296875,713.010009765625,6824300
2023-11-30,713.2000122070312,716.3599853515625,708.5650024414062,712.1900024414062,12719340
2023-12-01,716.0,727.9849853515625,714.2000122070312,725.9349975585938,9004770
2023-12-04,734.0,742.0,731.5050048828125,740.7650146484375,11014260
2023-12-05,743.0,744.0,732.0050048828125,734.97998046875,15222420
2023-12-06,739.0,745.9000244140625,736.5050048828125,742.7100219726562,7018000
2023-12-07,739.0,744.0,732.5999755859375,739.1199951171875,6688620
2023-12-08,739.0549926757812,739.8099975585938,727.4000244140625,730.760009765625,11443880
2023-12-11,732.5,735.27001953125,727.0050048828125,729.2750244140625,5900550
2023-12-12,728.0,735.4000244140625,728.0,731.4550170898438,6333120
2023-12-13,729.9849853515625,730.4500122070312,720.7000122070312,725.7999877929688,6829550
2023-12-14,736.8499755859375,751.125,730.010009765625,747.4199829101562,17295670
2023-12-15,752.885009765625,752.8900146484375,744.5,751.5050048828125,11739380
2023-12-18,754.7999877929688,761.0,752.5999755859375,758.760009765625,10827980
2023-12-19,764.0999755859375,764.1599731445312,753.5,763.2650146484375,7914080
2023-12-20,765.0,769.5,746.0150146484375,749.39501953125,8745460
2023-12-21,742.6599731445312,747.7000122070312,730.5499877929688,736.7150268554688,9130820
2023-12-22,741.89501953125,744.0,724.2999877929688,729.530029296875,11294850
2023-12-26,732.5,734.4000244140625,714.5250244140625,716.22998046875,12258440
2023-12-27,721.989990234375,732.3400268554688,719.0900268554688,723.280029296875,16052790
2023-12-28,727.5,729.0,720.0,725.864990234375,18560640
2023-12-29,723.1649780273438,734.2999877929688,720.5150146484375,732.7750244140625,9128020
2024-01-01,733.6950073242188,733.6950073242188,727.2999877929688,729.905029296875,3314890
2024-01-02,732.4000244140625,744.510009765625,728.0050048828125,743.0050048828125,11129900
2024-01-03,744.4949951171875,748.5850219726562,736.8200073242188,738.47998046875,5534050
2024-01-04,756.0,773.39501953125,756.0,770.5549926757812,29118790
2024-01-05,773.4949951171875,778.9000244140625,767.3099975585938,771.114990234375,10526010
2024-01-08,767.7000122070312,783.0,763.1300048828125,773.5999755859375,11212090
2024-01-09,777.4000244140625,781.0,769.7999877929688,772.5449829101562,12470830
2024-01-10,771.5999755859375,773.5250244140625,766.0,768.0549926757812,5590720
2024-01-11,768.0,779.3300170898438,765.10498046875,766.9749755859375,6517410
2024-01-12,768.4000244140625,771.89501953125,761.7000122070312,766.10498046875,8086380
2024-01-15,769.7949829101562,769.7949829101562,745.4000244140625,747.7999877929688,9972200
2024-01-16,747.5,761.4500122070312,742.7899780273438,745.6649780273438,11947230
2024-01-17,730.3300170898438,747.8200073242188,730.219970703125,735.885009765625,13802710
2024-01-18,729.5999755859375,735.1749877929688,723.4000244140625,726.5549926757812,16869960
2024-01-19,736.0,738.8800048828125,726.125,731.9099731445312,8308100
2024-01-23,735.2899780273438,735.5,704.260009765625,707.0700073242188,25332970
2024-01-24,710.4000244140625,710.4000244140625,699.6799926757812,705.530029296875,20636750
2024-01-25,705.530029296875,712.5800170898438,703.5999755859375,708.5499877929688,11683490
2024-01-29,708.5499877929688,722.4949951171875,708.510009765625,719.1649780273438,18603610
2024-01-30,698.8499755859375,698.8499755859375,680.5,681.719970703125,41531470
2024-01-31,682.0,692.0999755859375,681.2000122070312,686.2899780273438,18105120
2024-02-01,686.5900268554688,687.9949951171875,673.2999877929688,674.3300170898438,19111370
2024-02-02,675.5,691.0,675.2999877929688,684.8300170898438,13675080
2024-02-05,689.4000244140625,689.5,660.0,660.8200073242188,17712220
2024-02-06,664.7999877929688,669.9000244140625,653.5,659.8150024414062,24395330
2024-02-07,664.0999755859375,673.760009765625,662.5250244140625,670.9199829101562,15382370
2024-02-08,673.1849975585938,673.75,653.6699829101562,657.5650024414062,21932090
2024-02-09,658.0,667.77001953125,657.2000122070312,665.4500122070312,12098740
2024-02-12,666.9450073242188,667.1849975585938,655.1500244140625,656.9149780273438,5447840
2024-02-13,660.0,663.9000244140625,655.3099975585938,660.364990234375,9480140
2024-02-14,656.385009765625,665.5999755859375,655.0,664.6500244140625,6361260
2024-02-15,664.5999755859375,667.739990234375,658.5650024414062,661.9400024414062,8808590
2024-02-16,665.0050048828125,666.0,660.2000122070312,661.9199829101562,10294310
2024-02-19,664.8900146484375,680.6900024414062,662.530029296875,671.280029296875,13158810
2024-02-20,671.1900024414062,679.2000122070312,668.125,676.3599853515625,11067090
2024-02-21,679.0,679.0,666.5050048828125,668.8800048828125,8549440
2024-02-22,669.10498046875,670.6849975585938,656.0999755859375,667.4949951171875,10223740
2024-02-23,667.4000244140625,671.9000244140625,663.260009765625,669.7849731445312,12803110
2024-02-26,669.0,670.7999877929688,662.4199829101562,664.3250122070312,8920560
2024-02-27,663.0999755859375,664.2000122070312,649.1099853515625,655.625,11503060
2024-02-28,657.2000122070312,659.6749877929688,647.5,649.8699951171875,5353210
2024-02-29,649.9000244140625,653.9000244140625,636.6199951171875,649.5349731445312,16990980
2024-03-01,651.1749877929688,660.8699951171875,650.2100219726562,657.14501953125,9190800
2024-03-04,658.7999877929688,663.9949951171875,655.7449951171875,660.2449951171875,3971180
2024-03-05,660.2449951171875,663.625,627.2000122070312,632.4249877929688,17175580
2024-03-06,633.25,634.5900268554688,618.780029296875,631.125,21047920
2024-03-07,635.0,646.8599853515625,632.5399780273438,642.10498046875,14694210
2024-03-11,655.0,655.2000122070312,640.4000244140625,643.375,12039710
2024-03-12,640.5,648.5,634.135009765625,643.60498046875,10946770
2024-03-13,643.9249877929688,651.4949951171875,639.155029296875,645.614990234375,11321830
2024-03-14,645.614990234375,647.0,629.780029296875,639.7449951171875,12198650
2024-03-15,637.5050048828125,657.7999877929688,636.0,651.4349975585938,19705000
2024-03-18,651.4349975585938,655.5,645.6099853515625,650.4650268554688,6764250
2024-03-19,650.969970703125,666.719970703125,650.5,659.625,14080870
2024-03-20,661.0,673.0999755859375,660.5999755859375,664.9500122070312,14908310
2024-03-21,670.75,677.1649780273438,665.7150268554688,671.5750122070312,18060920
2024-03-22,670.5,680.2999877929688,668.6300048828125,676.0900268554688,11252380
2024-03-26,675.4500122070312,694.5,674.5,691.010009765625,18503210
2024-03-27,694.5750122070312,704.9000244140625,690.5,702.2750244140625,15512750
2024-03-28,703.2100219726562,734.9299926757812,703.2100219726562,724.5250244140625,35745180
2024-04-01,726.125,734.344970703125,722.0050048828125,725.094970703125,11252380
2024-04-02,725.094970703125,725.5,713.5,720.739990234375,9676150
2024-04-03,719.7000122070312,732.3350219726562,718.614990234375,730.9249877929688,9589430
2024-04-04,734.5,735.0,725.5,728.3400268554688,10405890
2024-04-05,723.4749755859375,725.9000244140625,715.5999755859375,717.5650024414062,12004940
2024-04-08,721.5,722.6950073242188,714.280029296875,717.85498046875,5182100
2024-04-09,722.0,723.5349731445312,712.4500122070312,719.3599853515625,7102810
2024-04-10,723.5900268554688,725.4000244140625,716.0,723.0250244140625,5679860
2024-04-12,722.4000244140625,726.4000244140625,715.6300048828125,722.9550170898438,10925880
2024-04-15,714.5050048828125,719.8800048828125,706.344970703125,707.625,7584480
2024-04-16,700.9949951171875,703.4299926757812,693.0999755859375,695.4249877929688,9632930
2024-04-18,692.8099975585938,699.5,686.5999755859375,689.3200073242188,13851330
2024-04-19,684.0050048828125,715.0,681.0050048828125,711.9500122070312,12183750
2024-04-22,716.72998046875,730.5999755859375,716.72998046875,729.219970703125,11652720
2024-04-23,730.9000244140625,733.989990234375,723.6799926757812,725.989990234375,10815670
2024-04-24,728.2999877929688,741.9450073242188,725.0,732.9149780273438,8869290
2024-04-25,733.0,736.4849853515625,712.510009765625,729.489990234375,11733540
2024-04-26,700.0,700.0,669.1500244140625,673.1199951171875,58147230
2024-04-29,678.9949951171875,683.9600219726562,671.3049926757812,682.6599731445312,16810300
2024-04-30,682.9949951171875,697.5,682.1950073242188,692.35498046875,17986750
2024-05-02,693.7849731445312,696.9949951171875,686.5,688.27001953125,11395720
2024-05-03,732.9000244140625,740.0,690.6950073242188,693.1500244140625,68186010
2024-05-06,700.7949829101562,701.9949951171875,684.5,685.9849853515625,12299880
2024-05-07,688.9949951171875,694.3099975585938,678.7999877929688,687.2550048828125,12981260
2024-05-08,687.1500244140625,687.9550170898438,678.5,679.9450073242188,7259250
2024-05-09,679.989990234375,683.27001953125,658.5,660.5150146484375,13811150
2024-05-10,663.8900146484375,669.7999877929688,660.1199951171875,668.4149780273438,8249080
2024-05-13,668.4000244140625,674.4299926757812,662.0,671.875,5122560
2024-05-14,671.0,674.1849975585938,665.760009765625,667.5700073242188,7558400
2024-05-15,669.2000122070312,673.1950073242188,664.5050048828125,668.0,5950590
2024-05-16,670.0349731445312,676.2100219726562,662.3049926757812,674.7150268554688,10598510
2024-05-17,674.7000122070312,678.0,670.10498046875,672.739990234375,4801580
2024-05-21,670.5,678.5,670.5,674.2849731445312,7616240
2024-05-22,677.7449951171875,677.7449951171875,672.7249755859375,674.4550170898438,4160460
2024-05-23,675.9550170898438,685.3499755859375,673.0050048828125,682.6649780273438,7093170
2024-05-24,682.0,691.0,679.2999877929688,683.6900024414062,7420430
2024-05-27,685.9000244140625,695.9550170898438,681.0,689.5499877929688,6554710
2024-05-28,691.39501953125,694.5,685.6900024414062,687.3049926757812,7528670
2024-05-29,687.7999877929688,690.7999877929688,678.5349731445312,680.6699829101562,7213310
2024-05-30,677.989990234375,679.89501953125,659.405029296875,661.64501953125,11555750
2024-05-31,666.4949951171875,677.1950073242188,664.239990234375,669.77001953125,28417330
2024-06-03,694.885009765625,698.8699951171875,683.2949829101562,691.5549926757812,11482120
2024-06-04,691.594970703125,691.594970703125,637.5700073242188,650.9550170898438,32993870
2024-06-05,660.4000244140625,686.2000122070312,653.5549926757812,683.6649780273438,12185170
2024-06-06,685.0,701.2949829101562,682.22998046875,692.5800170898438,14657160
2024-06-07,699.5,729.9000244140625,694.0999755859375,719.1400146484375,29840520
2024-06-10,725.0,725.0,707.5250244140625,708.885009765625,8723180
2024-06-11,708.2999877929688,716.9000244140625,705.0999755859375,713.8099975585938,12052130
2024-06-12,714.7999877929688,727.7000122070312,711.5,721.7750244140625,12685080
2024-06-13,725.219970703125,732.5,723.2150268554688,729.4949951171875,13454950
2024-06-14,729.60498046875,737.0,724.7000122070312,734.155029296875,11874880
2024-06-18,736.5,742.9450073242188,730.0,733.469970703125,9469040
2024-06-19,733.469970703125,734.89501953125,717.7899780273438,723.39501953125,5204000
2024-06-20,722.0,726.489990234375,711.0999755859375,720.7100219726562,9001580
2024-06-21,723.9299926757812,726.5,707.5,713.4249877929688,14998180
2024-06-24,707.5999755859375,710.6950073242188,702.0549926757812,708.1849975585938,6356540
2024-06-25,710.0999755859375,714.0,699.7999877929688,707.4450073242188,15608110
2024-06-26,707.0,717.9249877929688,703.5,715.8200073242188,9125520
2024-06-27,715.0,723.9000244140625,708.3049926757812,716.6749877929688,11376060
2024-06-28,716.5,722.5999755859375,710.530029296875,711.5549926757812,8295840
2024-07-01,707.5,730.4000244140625,707.5,727.6749877929688,7727450
2024-07-02,727.5,727.594970703125,712.2000122070312,716.5599975585938,12810270
2024-07-03,718.9949951171875,728.4650268554688,717.0,725.8800048828125,8363930
2024-07-04,730.10498046875,732.5,710.0,710.7050170898438,18979770
2024-07-05,713.4000244140625,714.989990234375,707.7000122070312,713.7999877929688,9310790
2024-07-08,714.4949951171875,714.7650146484375,704.7000122070312,709.8250122070312,6777050
2024-07-09,710.9849853515625,714.239990234375,704.2000122070312,706.8049926757812,9735030
2024-07-10,706.7999877929688,712.9349975585938,702.0999755859375,705.4949951171875,8097140
2024-07-11,708.7899780273438,708.7899780273438,693.0,695.030029296875,9718010
2024-07-12,699.6950073242188,704.5,691.5050048828125,700.4299926757812,10688330
2024-07-15,702.0050048828125,708.5,699.5250244140625,706.375,5333730
2024-07-16,708.0,709.0,700.52001953125,705.9099731445312,5582000
2024-07-18,704.7100219726562,711.7899780273438,697.114990234375,711.0,8646050
2024-07-19,711.0,711.0,691.0,693.22998046875,9385980
2024-07-22,693.2000122070312,695.8599853515625,684.9400024414062,688.4249877929688,5751930
2024-07-23,693.4000244140625,694.4849853515625,662.0,672.7100219726562,19322120
2024-07-24,663.0,665.469970703125,654.10498046875,660.7150268554688,31006260
2024-07-25,656.0,666.5999755859375,655.14501953125,664.7750244140625,9509650
2024-07-26,667.5050048828125,680.8400268554688,666.7100219726562,678.9749755859375,11101840
2024-07-29,682.385009765625,685.5,676.5750122070312,681.2449951171875,7485650
2024-07-30,681.2449951171875,689.9000244140625,678.2999877929688,682.3599853515625,11794130
2024-07-31,682.6950073242188,685.5,679.2999877929688,680.6950073242188,8896590
2024-08-01,683.1500244140625,684.4000244140625,675.0,677.1649780273438,8395230
2024-08-02,672.5,675.0,667.3099975585938,672.5,6222180
2024-08-05,665.0,665.0,653.260009765625,659.6699829101562,9440410
2024-08-06,662.5999755859375,669.7000122070312,651.1500244140625,653.8350219726562,8918280
2024-08-07,660.0,665.9349975585938,658.1099853515625,663.7150268554688,4642840
2024-08-08,662.5050048828125,667.8049926757812,657.135009765625,658.219970703125,6903890
2024-08-09,670.0,670.0,659.0999755859375,661.8200073242188,6994900
2024-08-12,661.9099731445312,664.5,656.405029296875,660.8150024414062,6748870
2024-08-13,664.4949951171875,664.4949951171875,645.219970703125,646.5050048828125,10723270
2024-08-14,648.25,648.9949951171875,643.094970703125,645.8499755859375,7742760
2024-08-16,650.5,660.0,642.5,659.0900268554688,7534190
2024-08-19,663.7999877929688,665.5999755859375,659.3599853515625,661.635009765625,5287300
2024-08-20,664.7349853515625,677.3900146484375,661.635009765625,672.219970703125,9571590
2024-08-21,672.1950073242188,674.72998046875,669.5,673.5349731445312,6331110
2024-08-22,675.0,676.5,672.3900146484375,674.3599853515625,7282600
2024-08-23,675.5,676.2000122070312,670.4949951171875,673.5850219726562,6180450
2024-08-26,677.5999755859375,681.9000244140625,675.60498046875,677.8350219726562,8983430
2024-08-27,677.8350219726562,687.3350219726562,673.0,686.3599853515625,20359020
2024-08-28,687.5999755859375,691.7000122070312,685.2000122070312,690.0,8489860
2024-08-29,688.905029296875,715.7999877929688,688.155029296875,706.35498046875,26391590
2024-08-30,707.10498046875,721.5050048828125,707.10498046875,720.0150146484375,20443670
2024-09-02,727.4000244140625,745.0,722.9000244140625,744.0050048828125,22963780
2024-09-03,746.0,746.0,720.6099853515625,735.3800048828125,18986560
2024-09-04,725.4949951171875,737.7000122070312,724.5250244140625,729.9500122070312,8867460
2024-09-05,732.0,732.6649780273438,719.2999877929688,724.489990234375,6734470
2024-09-06,725.5549926757812,739.5,725.5549926757812,731.7150268554688,18428270
2024-09-09,732.4000244140625,737.7949829101562,726.280029296875,734.7449951171875,8789380
2024-09-10,736.9949951171875,736.9949951171875,719.2999877929688,724.1849975585938,13089320
2024-09-11,725.0,743.2000122070312,720.6300048828125,734.5549926757812,11048900
2024-09-12,742.0,744.0,729.6599731445312,742.8300170898438,14467640
2024-09-13,742.8300170898438,766.0,735.2000122070312,759.8499755859375,22084380
2024-09-16,768.0,768.0,732.2000122070312,734.5750122070312,26795550
2024-09-17,733.75,745.5,728.614990234375,736.5499877929688,15677860
2024-09-18,738.7249755859375,767.25,737.8499755859375,763.1099853515625,29749930
2024-09-19,767.5,774.7999877929688,756.0,759.0349731445312,17206440
2024-09-20,763.5,765.5,748.7249755859375,758.2449951171875,16450040
2024-09-23,762.5750122070312,763.594970703125,753.1699829101562,759.510009765625,5734970
2024-09-24,759.7000122070312,760.344970703125,748.3900146484375,755.4199829101562,10695400
2024-09-25,754.5,764.0,749.8049926757812,762.3900146484375,12720380
2024-09-26,764.0,777.9400024414062,758.7550048828125,776.8400268554688,16681650
2024-09-27,778.0,781.0,771.0999755859375,775.5999755859375,11781310
2024-09-30,774.5999755859375,782.4000244140625,767.614990234375,770.2999877929688,9619520
2024-10-01,766.010009765625,781.4650268554688,765.0999755859375,770.2999877929688,7882880
2024-10-03,761.0,770.0,738.0999755859375,743.385009765625,10406620
2024-10-04,742.0,743.0,715.5,721.135009765625,17681110
2024-10-07,721.135009765625,732.4000244140625,719.030029296875,726.9400024414062,9362270
2024-10-08,726.4849853515625,729.5399780273438,716.0050048828125,718.6950073242188,9038050
2024-10-09,721.5999755859375,742.6799926757812,720.6099853515625,730.0449829101562,10543750
2024-10-10,732.0,736.7999877929688,727.2999877929688,731.969970703125,5594270
2024-10-11,732.5,733.0,722.60498046875,730.2000122070312,3615870
2024-10-14,729.27001953125,731.385009765625,720.0,720.8800048828125,4451810
2024-10-15,724.489990234375,725.614990234375,697.9000244140625,701.6900024414062,14855670
2024-10-16,701.0,705.9349975585938,692.0,695.635009765625,11256980
2024-10-17,698.094970703125,699.8800048828125,687.0999755859375,689.9500122070312,6897550
2024-10-18,689.2999877929688,693.864990234375,682.0700073242188,689.9550170898438,7449290
2024-10-21,690.905029296875,695.0750122070312,671.7249755859375,678.0900268554688,22099660
2024-10-22,680.0,683.2999877929688,664.364990234375,667.7899780273438,17006190
2024-10-23,660.5750122070312,709.885009765625,660.0999755859375,699.5800170898438,26373910
2024-10-24,701.25,712.2849731445312,699.0599975585938,704.0900268554688,8951250
2024-10-25,704.0900268554688,705.9949951171875,689.3300170898438,691.0150146484375,10223240
2024-10-28,692.0,704.5,687.5,691.135009765625,7149810
2024-10-29,690.9099731445312,706.0,680.219970703125,702.25,14097500
2024-10-30,699.9000244140625,702.0449829101562,693.2000122070312,695.5,5660440
2024-10-31,694.9000244140625,697.0800170898438,687.9749755859375,688.9749755859375,7301530
2024-11-01,693.0,694.4550170898438,690.2000122070312,692.3599853515625,450110
2024-11-04,697.5,697.5,675.2899780273438,684.3699951171875,7162390
2024-11-05,684.5,701.4949951171875,671.2000122070312,693.0349731445312,12234300
2024-11-06,693.5,702.4099731445312,689.22998046875,700.6199951171875,6962620
2024-11-07,700.6199951171875,703.89501953125,687.0,690.4500122070312,4590470
2024-11-08,690.4500122070312,695.155029296875,684.0999755859375,689.594970703125,4248400
2024-11-11,686.0,690.4199829101562,675.2150268554688,677.8800048828125,7623160
2024-11-12,681.9000244140625,683.6849975585938,661.5,663.8200073242188,10572330
2024-11-13,663.5,670.2249755859375,652.6599731445312,656.5999755859375,8673470
2024-11-14,657.22998046875,663.9450073242188,653.0,654.9149780273438,5277030
2024-11-18,663.2999877929688,665.7000122070312,655.5,656.7949829101562,5965350
2024-11-19,659.4349975585938,664.47998046875,656.0999755859375,659.530029296875,8040460
2024-11-21,661.4000244140625,661.4000244140625,645.0999755859375,646.5650024414062,11010800
2024-11-22,647.0,672.239990234375,645.60498046875,668.39501953125,9698550
2024-11-25,678.989990234375,686.2999877929688,666.72998046875,668.5399780273438,11327510
2024-11-26,672.2000122070312,673.97998046875,660.844970703125,661.7949829101562,6632780
2024-11-27,665.0,673.3300170898438,661.2249755859375,670.52001953125,6420100
2024-11-28,671.4000244140625,672.625,649.5,650.9400024414062,15768820
2024-11-29,651.9000244140625,660.9000244140625,651.0349731445312,657.5900268554688,7096430
2024-12-02,659.5,666.5,649.0999755859375,665.0650024414062,9202490
2024-12-03,669.614990234375,672.239990234375,663.0800170898438,667.5449829101562,13136660
2024-12-04,670.1749877929688,676.4400024414062,666.6849975585938,674.0,11304410
2024-12-05,676.0,688.989990234375,668.5449829101562,685.0399780273438,13482430
2024-12-06,687.594970703125,693.5,677.864990234375,685.030029296875,8332070
2024-12-09,685.010009765625,692.5,682.7899780273438,686.8350219726562,8409100
2024-12-10,688.47998046875,695.885009765625,684.405029296875,693.6199951171875,12045630
2024-12-11,695.989990234375,716.5,689.3099975585938,711.510009765625,19931040
2024-12-12,712.1849975585938,714.8400268554688,707.5,712.5800170898438,9667960
2024-12-13,709.9000244140625,721.7249755859375,698.0599975585938,718.280029296875,12504360
2024-12-16,718.280029296875,724.7999877929688,715.6099853515625,720.8400268554688,7960740
2024-12-17,720.0,725.739990234375,711.0,715.280029296875,10318560
2024-12-18,714.9000244140625,717.8800048828125,706.0399780273438,707.4450073242188,7275140
2024-12-19,695.0,702.4450073242188,688.7849731445312,691.85498046875,9076750
2024-12-20,691.3350219726562,702.4000244140625,680.469970703125,684.8250122070312,27000190
2024-12-23,689.7000122070312,697.6900024414062,685.594970703125,686.6699829101562,5829280
2024-12-24,688.2000122070312,691.0,679.4000244140625,680.8200073242188,6014270
2024-12-26,683.0399780273438,685.7999877929688,680.0050048828125,681.5750122070312,3290960
2024-12-27,684.6849975585938,697.6699829101562,683.0399780273438,690.7750244140625,5554180
2024-12-30,690.0,699.5,686.5,688.8250122070312,4908760
2024-12-31,686.9949951171875,687.7000122070312,679.2000122070312,682.2999877929688,6153980
2025-01-01,682.2999877929688,694.7949829101562,680.5999755859375,693.530029296875,4187210
2025-01-02,698.0,743.0,697.0999755859375,738.9199829101562,31716510
2025-01-03,738.9749755859375,750.0,735.9249877929688,740.7249755859375,15059280
2025-01-06,750.0,759.989990234375,731.6749877929688,734.9349975585938,19059760
2025-01-07,735.4949951171875,744.6900024414062,730.14501953125,735.39501953125,10425380
2025-01-08,736.1849975585938,738.844970703125,725.6699829101562,735.5399780273438,8444660
2025-01-09,733.844970703125,735.5399780273438,723.5999755859375,727.7449951171875,6681410
2025-01-10,727.7449951171875,736.7050170898438,724.5050048828125,728.8049926757812,8089630
2025-01-13,724.0,725.510009765625,713.4000244140625,715.094970703125,6642740
2025-01-14,723.0,738.7999877929688,719.114990234375,733.5,9980110
2025-01-15,734.0499877929688,735.0,710.52001953125,717.739990234375,6817500
2025-01-16,720.0,728.9000244140625,719.405029296875,725.9749755859375,8608490
2025-01-17,722.0999755859375,728.4949951171875,715.6300048828125,718.2100219726562,6652740
2025-01-20,718.2100219726562,747.0,718.2100219726562,744.010009765625,10679710
2025-01-21,745.0,748.5,727.760009765625,729.1649780273438,10032060
2025-01-22,733.9000244140625,742.0250244140625,726.0349731445312,739.7150268554688,7273680
2025-01-23,734.0999755859375,752.4000244140625,732.5,744.3250122070312,10302950
2025-01-24,744.3250122070312,750.5,733.8300170898438,743.8599853515625,6796870
2025-01-27,738.010009765625,747.4500122070312,726.0,729.5449829101562,6928100
2025-01-28,739.0,770.6799926757812,734.5,760.6599731445312,24789330
2025-01-29,765.7249755859375,778.7000122070312,756.89501953125,775.9650268554688,15149200
2025-01-30,785.0,825.0650024414062,785.0,790.1649780273438,56488830
2025-01-31,792.5,798.0650024414062,779.0999755859375,788.510009765625,18335460
2025-02-01,788.0,810.9949951171875,778.4400024414062,800.010009765625,16153780
2025-02-03,792.219970703125,843.9299926757812,792.10498046875,842.5800170898438,43369260
2025-02-04,842.5,849.0,830.2999877929688,847.5349731445312,19663000
2025-02-05,850.0,858.8699951171875,844.5499877929688,850.9450073242188,18674930
2025-02-06,853.4249877929688,866.280029296875,846.2000122070312,850.72998046875,17094730
2025-02-07,858.5,858.5,838.3900146484375,847.4249877929688,9665400
2025-02-10,847.8800048828125,848.7999877929688,822.0,828.6799926757812,12438380
2025-02-11,829.9000244140625,835.510009765625,813.9349975585938,819.1199951171875,9630590
2025-02-12,814.9650268554688,828.4000244140625,802.5,821.405029296875,14837310
2025-02-13,819.7050170898438,849.7999877929688,819.7050170898438,840.9000244140625,18003130
2025-02-14,840.85498046875,845.5599975585938,828.2000122070312,839.22998046875,8633150
2025-02-17,822.0250244140625,848.7999877929688,822.0250244140625,842.6599731445312,8627990
2025-02-18,843.0,848.0,836.0700073242188,846.5900268554688,8689770
2025-02-19,845.9149780273438,852.9000244140625,840.0,843.9450073242188,8961980
2025-02-20,835.5850219726562,845.5599975585938,834.5650024414062,839.9450073242188,7900700
2025-02-21,836.0,842.030029296875,828.7999877929688,839.6699829101562,6086470
2025-02-24,832.7999877929688,839.9000244140625,831.10498046875,835.4949951171875,3552600
2025-02-25,835.4949951171875,852.6649780273438,833.8049926757812,848.8800048828125,10985410
2025-02-27,854.260009765625,873.9000244140625,854.260009765625,870.5399780273438,18382830
2025-02-28,866.5,867.0,851.0050048828125,853.030029296875,17545800
2025-03-03,853.5999755859375,865.0800170898438,843.8099975585938,862.7849731445312,8749960
2025-03-04,852.219970703125,861.9299926757812,851.364990234375,858.594970703125,7655060
2025-03-05,845.5,850.0,822.0999755859375,829.8699951171875,16300920
2025-03-06,836.5,845.97998046875,827.5549926757812,841.0850219726562,8814220
2025-03-07,840.989990234375,847.0,836.64501953125,840.4500122070312,4729460
2025-03-10,843.7750244140625,863.7899780273438,832.60498046875,834.260009765625,10164530
2025-03-11,830.5,837.5,821.125,834.0449829101562,8135670
2025-03-12,834.1099853515625,852.4500122070312,827.2550048828125,848.4450073242188,20882230
2025-03-13,850.0,856.0,839.2999877929688,842.0449829101562,12173510
2025-03-17,839.9199829101562,862.9949951171875,838.5999755859375,858.0349731445312,11020850
2025-03-18,858.0349731445312,858.0349731445312,858.0349731445312,858.0349731445312,0
2025-03-19,870.0,887.9000244140625,868.260009765625,873.1599731445312,12898200
2025-03-20,872.5,876.8049926757812,854.114990234375,867.9650268554688,7924330
2025-03-21,903.9949951171875,908.9000244140625,883.0999755859375,891.6099853515625,27448010
2025-03-24,909.594970703125,911.5,892.7000122070312,909.0050048828125,14332170
2025-03-25,912.5,926.0050048828125,897.7050170898438,906.7249755859375,17482600
2025-03-26,910.2050170898438,912.6900024414062,884.9949951171875,886.60498046875,8862110
2025-03-27,886.0999755859375,905.5399780273438,882.2249755859375,900.385009765625,20920440
2025-03-28,899.760009765625,902.8900146484375,886.0999755859375,894.5599975585938,9770990
2025-04-01,878.3300170898438,892.5,867.0999755859375,869.8200073242188,11834240
2025-04-02,873.0,875.9849853515625,861.2000122070312,866.9249877929688,6464950
2025-04-03,865.0,876.5,846.02001953125,859.4600219726562,13966330
2025-04-04,865.5999755859375,879.7000122070312,858.3800048828125,871.885009765625,18496580
2025-04-07,834.0,860.0499877929688,830.7150268554688,856.7999877929688,13981240
2025-04-08,865.0,887.2999877929688,865.0,882.2249755859375,14775630
2025-04-09,881.5,884.2000122070312,862.5,873.5800170898438,10487740
2025-04-11,882.5050048828125,897.3499755859375,881.0700073242188,892.1099853515625,10097220
2025-04-15,925.5499877929688,929.0,907.5499877929688,914.0999755859375,12633610
2025-04-16,914.9500122070312,917.1500244140625,896.4000244140625,905.6500244140625,7198220
2025-04-17,904.0,919.0,895.2000122070312,916.25,11415130
2025-04-21,917.0,931.5,914.1500244140625,927.3499755859375,7824150
2025-04-22,929.5,939.2999877929688,923.0,926.0499877929688,11293580
2025-04-23,928.2000122070312,934.8499755859375,915.0,932.2999877929688,10818710
2025-04-24,962.0,966.0,927.2999877929688,930.0999755859375,18496710
2025-04-25,931.0499877929688,934.4500122070312,899.0,911.2000122070312,10893540
2025-04-28,908.0,912.5,900.0499877929688,909.2999877929688,9946560
2025-04-29,913.0,914.5999755859375,896.0,909.2999877929688,11768180
2025-04-30,884.0,888.7999877929688,855.5999755859375,863.4500122070312,39690570
2025-05-02,857.5499877929688,891.5,856.5999755859375,886.8499755859375,18933030
2025-05-05,887.75,903.2999877929688,886.5999755859375,893.2000122070312,8930610
2025-05-06,891.0999755859375,897.4000244140625,875.0,879.75,12040870
2025-05-07,875.0,899.75,872.2999877929688,898.6500244140625,11635570
2025-05-08,897.7000122070312,907.4500122070312,877.5,883.25,12018090
2025-05-09,865.0,878.0999755859375,860.5,864.0999755859375,12151340
2025-05-12,884.9000244140625,903.0,882.5499877929688,901.8499755859375,10638220
2025-05-13,900.4000244140625,916.3499755859375,899.0999755859375,904.2000122070312,13363000
2025-05-14,904.5,911.0499877929688,901.2000122070312,908.0999755859375,7594000
2025-05-15,909.9500122070312,921.5,902.7999877929688,918.8499755859375,10385000
2025-05-16,918.8499755859375,928.5999755859375,913.3499755859375,916.7000122070312,6251920
2025-05-19,916.7000122070312,928.9500122070312,916.7000122070312,925.5499877929688,7162740
2025-05-20,929.7999877929688,931.0,906.9000244140625,907.9000244140625,8106160
2025-05-21,910.0,928.0,902.8499755859375,919.75,7321500
2025-05-22,919.75,919.9000244140625,907.0499877929688,913.9000244140625,6159740
2025-05-23,913.9000244140625,928.6500244140625,911.0999755859375,924.3499755859375,4251690
2025-05-26,925.5,933.6500244140625,925.0,926.9500122070312,5476790
2025-05-27,927.0,929.0,914.2999877929688,917.0999755859375,7150000
2025-05-28,924.5,929.4500122070312,914.0999755859375,926.75,6507400
2025-05-29,925.0,927.9500122070312,916.0,920.4000244140625,7081750
2025-05-30,917.0,920.3499755859375,912.0999755859375,918.0499877929688,15041740
2025-06-02,913.0,916.5,904.0,911.8499755859375,6619630
2025-06-03,910.5999755859375,912.7999877929688,897.0,897.9000244140625,9080270
2025-06-04,897.5,903.9500122070312,896.4500122070312,898.7000122070312,5544930
2025-06-05,898.7000122070312,898.7000122070312,886.9500122070312,893.4000244140625,7853320
2025-06-06,894.5,943.4000244140625,887.5999755859375,937.1500244140625,19783860
2025-06-09,955.0,978.7999877929688,940.2999877929688,960.75,23496010
2025-06-10,970.0,970.0,948.5499877929688,949.75,9044040
2025-06-11,949.0,957.0,940.4000244140625,942.5,11860810
2025-06-12,944.9000244140625,953.2999877929688,935.5,936.8499755859375,12388330
2025-06-13,915.0,936.5499877929688,914.7000122070312,933.0999755859375,10182020
2025-06-16,956.0,956.0,925.0,938.0,7016290
2025-06-17,941.5,943.5,917.5,923.0,6110175
2025-06-18,927.0,932.5,915.0,919.0,5002923
2025-06-19,919.0,922.5,894.0,900.5,6585940
2025-06-20,897.0,907.5,886.0,905.0,14320241
2025-06-23,899.0,918.0,890.5,915.5,5870597
2025-06-24,920.0,936.0,914.5,916.5,11555634
2025-06-25,918.0,930.0,916.0,928.0,6623799
2025-06-26,930.0,953.5,928.5,951.5,11677790
2025-06-27,950.0,959.5,936.0,947.0,21637194
2025-06-30,956.0,956.0,934.0,936.5,6086081
2025-07-01,932.5,941.7999877929688,928.0,936.6500244140625,5381327
2025-07-02,933.0,939.8499755859375,914.0,923.0,9394493
2025-07-03,922.0,924.5,905.2000122070312,910.1500244140625,7606558
2025-07-04,922.0,940.7000122070312,919.0,925.2999877929688,10613046
2025-07-07,925.0,929.2999877929688,918.0999755859375,924.6500244140625,3383973
2025-07-08,918.7999877929688,929.5,918.7999877929688,927.6500244140625,3851432
2025-07-09,926.5,946.0,924.0,940.5999755859375,5341529
2025-07-10,943.0,951.7000122070312,942.25,947.6500244140625,5409906
2025-07-11,938.7000122070312,947.1500244140625,931.5499877929688,933.5,4278038
2025-07-14,932.0,932.0,911.2999877929688,918.8499755859375,6657978
2025-07-15,919.0,930.5999755859375,918.0,928.4000244140625,3892075
2025-07-16,924.0,927.0,919.4000244140625,921.75,3952491
2025-07-17,925.9500122070312,926.25,916.0,923.2999877929688,4583882
2025-07-18,920.5,944.9000244140625,920.0,942.0,7893820
2025-07-21,938.9000244140625,951.0,937.3499755859375,948.4500122070312,4660232
2025-07-22,955.0,962.0,940.0,952.5499877929688,6237382
2025-07-23,954.0,970.9500122070312,953.6500244140625,968.2999877929688,9694991
2025-07-24,970.0,970.0,954.0,958.9500122070312,5189112
2025-07-25,906.4000244140625,924.9000244140625,898.0,913.75,24415481
2025-07-28,909.25,913.75,879.0,880.5,14011284
2025-07-29,875.0499877929688,894.0,873.5,886.5499877929688,11323854
2025-07-30,890.9500122070312,892.5999755859375,875.0,884.8499755859375,5054496
2025-07-31,872.0,887.8499755859375,868.0,881.2000122070312,6999179
2025-08-01,884.7999877929688,895.8499755859375,873.0,875.5999755859375,5300299
2025-08-04,874.0,886.75,873.7000122070312,885.2999877929688,3969985
2025-08-05,889.0,893.5999755859375,882.4000244140625,891.9000244140625,4446791
2025-08-06,888.0,895.5,874.5999755859375,876.6500244140625,4212648
2025-08-07,871.0,882.0,867.25,879.0999755859375,5998002
2025-08-08,877.0,888.2999877929688,876.0,877.1500244140625,3736916
2025-08-11,877.1500244140625,888.2999877929688,872.75,877.7999877929688,5367926
2025-08-12,877.2000122070312,884.9000244140625,851.5,853.0,8257312
2025-08-13,854.5499877929688,864.0,849.0,860.0,10117225
2025-08-14,860.0,866.9000244140625,855.4500122070312,861.4500122070312,5379250
2025-08-18,875.0,919.6500244140625,875.0,905.2000122070312,16277779
2025-08-19,905.9500122070312,909.9000244140625,890.5,902.2999877929688,5764382
2025-08-20,900.5499877929688,902.0,886.0499877929688,887.7999877929688,5561646
2025-08-21,888.0,901.2999877929688,884.0,895.5999755859375,6697533
2025-08-22,895.0,903.9000244140625,892.0,894.5,6424895
2025-08-25,902.0999755859375,908.0,898.1500244140625,900.7999877929688,5837876
2025-08-26,899.9500122070312,901.9000244140625,873.5,876.25,6712926
2025-08-28,870.2000122070312,884.5,869.7000122070312,876.8499755859375,8349342
2025-08-29,870.8499755859375,888.0,870.8499755859375,877.8499755859375,5672446
2025-09-01,877.8499755859375,894.7999877929688,877.8499755859375,889.3499755859375,4101526
2025-09-02,895.0,899.5499877929688,886.1500244140625,890.0999755859375,6103185
2025-09-03,892.7000122070312,898.8499755859375,880.0499877929688,896.2999877929688,5493809
2025-09-04,915.0,948.0,912.25,934.75,21738706
2025-09-05,942.0,942.3499755859375,932.0,937.5999755859375,5467260
2025-09-08,937.5999755859375,949.6500244140625,935.6500244140625,944.2999877929688,5657331
2025-09-09,944.0,949.4000244140625,940.0,948.4000244140625,5417393
2025-09-10,951.0499877929688,969.6500244140625,947.7000122070312,967.9500122070312,6836239
2025-09-11,968.0,975.9000244140625,965.5999755859375,970.25,5982627
2025-09-12,972.25,1004.5999755859375,970.8499755859375,1003.25,11412561
2025-09-15,999.0,1025.699951171875,998.0999755859375,1009.8499755859375,9989753
2025-09-16,1005.8499755859375,1015.2999877929688,1000.0,1003.25,7602155
2025-09-17,1010.0,1011.7999877929688,1000.3499755859375,1007.5,6995023
2025-09-18,1007.0,1009.7999877929688,990.0,996.5,9738376
2025-09-19,991.0,996.0,988.5999755859375,992.4500122070312,6736440
2025-09-22,989.9500122070312,1010.9000244140625,989.0,1006.5,4250045
2025-09-23,999.0,1028.800048828125,999.0,1025.5,10230040
2025-09-24,1021.5,1036.0,1020.4000244140625,1029.75,6433184
2025-09-25,1020.0,1031.0999755859375,1008.0,1012.75,16731453
2025-09-26,1008.0499877929688,1010.5,981.0499877929688,985.0999755859375,9109737
2025-09-29,990.0,997.7999877929688,981.0999755859375,990.9500122070312,5804877
2025-09-30,990.0,1002.2999877929688,989.4500122070312,998.9000244140625,7182200
2025-10-01,991.5,1000.0,977.75,987.7000122070312,6932272
2025-10-03,975.0,992.2000122070312,972.0,989.75,7692197
2025-10-06,993.0,1023.0,992.0999755859375,1008.9000244140625,9299635
2025-10-07,1008.9000244140625,1029.5,1008.9000244140625,1016.5499877929688,7991437
2025-10-08,1012.0499877929688,1028.0,1012.0499877929688,1023.1500244140625,4448915
2025-10-09,1023.0,1029.0,1014.9500122070312,1024.0999755859375,4444154
2025-10-10,1018.0999755859375,1027.5,1017.0,1023.8499755859375,3714548
2025-10-13,1023.8499755859375,1040.0,1021.5,1036.75,7684523
2025-10-14,1040.0,1042.0999755859375,1011.3499755859375,1019.1500244140625,7668358
2025-10-15,1026.0,1063.0,1018.4000244140625,1059.9000244140625,10205158
2025-10-16,1062.0,1081.0999755859375,1058.8499755859375,1065.75,9901992
2025-10-17,1056.0999755859375,1076.449951171875,1056.0999755859375,1070.0999755859375,5761670
2025-10-20,1081.5,1086.5,1072.199951171875,1081.0,5700858
2025-10-21,1084.9000244140625,1089.0,1081.0,1086.5,911624
2025-10-23,1090.0,1102.5,1083.9000244140625,1094.1500244140625,11143407
2025-10-24,1093.5,1098.5999755859375,1087.4000244140625,1089.75,6440277
2025-10-27,1090.949951171875,1094.0,1075.75,1084.4000244140625,7366175
2025-10-28,1078.0,1092.4000244140625,1063.050048828125,1072.75,12324341
2025-10-29,1072.0,1079.1500244140625,1061.25,1062.949951171875,5386803
2025-10-30,1063.0,1066.800048828125,1045.0,1052.300048828125,4271927
2025-10-31,1052.0,1069.449951171875,1041.4000244140625,1042.800048828125,5315632
2025-11-03,1037.0,1048.0,1031.0,1043.0999755859375,4135617
2025-11-04,1040.0,1060.4000244140625,1035.0,1057.0,6202540
2025-11-06,1037.0,1052.800048828125,1035.0,1041.9000244140625,5776277
2025-11-07,1039.0,1076.9000244140625,1034.199951171875,1066.5999755859375,6940923
2025-11-10,1066.5999755859375,1088.0,1062.9000244140625,1085.0,5692236
2025-11-11,1043.699951171875,1043.699951171875,997.0,1005.2000122070312,23762890
2025-11-12,1011.0,1018.4000244140625,1008.7999877929688,1013.2000122070312,11131278
2025-11-13,1012.5,1019.4000244140625,1003.5,1005.4000244140625,8503994
2025-11-14,1004.9000244140625,1019.9000244140625,1002.5999755859375,1018.5,4381122
2025-11-17,1021.0,1033.0,1017.0,1026.800048828125,6011603
2025-11-18,1021.2000122070312,1024.0999755859375,1011.7000122070312,1013.5999755859375,4562185
2025-11-19,1009.0,1016.0999755859375,1004.5999755859375,1005.5999755859375,5158832
2025-11-20,1015.0,1031.699951171875,1007.2999877929688,1028.5999755859375,5459073
2025-11-21,1020.0,1027.5999755859375,1001.5,1004.0999755859375,6304584
2025-11-24,1005.0,1009.2999877929688,990.0,994.0,9574900
2025-11-25,995.0,996.9000244140625,984.5,986.2000122070312,6376983
2025-11-26,986.2000122070312,1012.7999877929688,981.2999877929688,1010.7000122070312,9772235
2025-11-27,1015.5999755859375,1044.9000244140625,1010.9000244140625,1033.800048828125,12076038
2025-11-28,1038.0,1043.5,1031.0,1037.5,4983147
2025-12-01,1041.9000244140625,1042.0,1018.7999877929688,1021.0999755859375,6459837
2025-12-02,1014.5,1036.0,1013.9000244140625,1025.5,6706145
2025-12-03,1021.0,1026.300048828125,1014.2000122070312,1021.4000244140625,5895670
2025-12-04,1018.0,1032.300048828125,1016.0,1029.0999755859375,5404918
2025-12-05,1028.9000244140625,1061.0,1026.5,1048.0,13123572
2025-12-08,1048.0,1049.800048828125,1023.0,1026.4000244140625,5189635
2025-12-09,1025.0,1026.0,1013.7000122070312,1016.7000122070312,5968501
2025-12-10,1016.0,1021.7000122070312,1007.2999877929688,1010.2999877929688,4990527
2025-12-11,1011.9000244140625,1020.5,1000.0999755859375,1006.4000244140625,4670539
2025-12-12,1000.0,1020.7999877929688,1000.0,1017.2999877929688,4381711
2025-12-15,1015.0,1016.5,1008.0,1012.7000122070312,3958977
2025-12-16,1007.5,1010.5999755859375,996.5,998.4000244140625,3861617
2025-12-17,1000.0,1011.2000122070312,995.2999877929688,999.5999755859375,4695550
2025-12-18,1002.0999755859375,1009.7000122070312,995.0,1000.2999877929688,3103997
2025-12-19,1003.2000122070312,1014.0,1002.5,1008.2999877929688,5126009
2025-12-22,1008.2999877929688,1015.4000244140625,1005.0,1007.7999877929688,3921237
2025-12-23,1013.5,1018.0,1005.7000122070312,1011.4000244140625,4712043
2025-12-24,1011.0,1037.4000244140625,1006.0,1011.7000122070312,5984816
2025-12-26,1011.7000122070312,1011.7000122070312,998.0,1000.0,5211460
2025-12-29,1003.0,1003.9000244140625,989.5999755859375,998.0,6715489
2025-12-30,994.0999755859375,997.5999755859375,987.0999755859375,989.2999877929688,7473887
2025-12-31,990.0,994.2000122070312,978.4000244140625,986.7999877929688,9895270
2026-01-01,988.2000122070312,989.0,969.0,973.0999755859375,7118751
2026-01-02,972.9000244140625,994.2000122070312,960.5999755859375,990.4500122070312,6206869
2026-01-05,979.7000122070312,999.1500244140625,975.0,978.75,10564157
2026-01-06,978.0,987.0,973.2999877929688,977.3499755859375,8380183
2026-01-07,973.0499877929688,976.4500122070312,965.0499877929688,968.7999877929688,7048491
2026-01-08,968.5,978.3499755859375,965.2999877929688,971.9500122070312,4410256
2026-01-09,970.0999755859375,983.0,953.7000122070312,959.5999755859375,7598970
2026-01-12,958.7999877929688,961.4000244140625,939.8499755859375,951.9000244140625,5640136
2026-01-13,950.0,955.8499755859375,939.0,949.0,6765116
2026-01-14,947.0,953.9000244140625,943.1500244140625,945.9500122070312,4452202
2026-01-15,945.9500122070312,945.9500122070312,945.9500122070312,945.9500122070312,0
2026-01-16,940.2000122070312,963.0,936.7999877929688,950.25,10710080
2026-01-19,950.5,972.9000244140625,948.8499755859375,969.4500122070312,7000442
2026-01-20,975.7000122070312,975.7000122070312,927.9000244140625,933.2000122070312,9001207
2026-01-21,925.0,947.2999877929688,921.0,936.25,5375254
2026-01-22,947.0,947.0,934.25,942.8499755859375,5518756
2026-01-23,942.8499755859375,951.4000244140625,926.2999877929688,927.8499755859375,6535035
2026-01-27,930.0,931.9500122070312,907.7000122070312,914.7000122070312,15312488
2026-01-28,914.7000122070312,936.9000244140625,914.7000122070312,935.1500244140625,6046468
2026-01-29,935.1500244140625,939.7999877929688,923.7000122070312,935.1500244140625,6430445
2026-01-30,928.3499755859375,938.0,925.1500244140625,929.8499755859375,10151379
2026-02-02,887.0,909.4000244140625,887.0,903.7000122070312,11874989
2026-02-03,960.0,972.7999877929688,941.9000244140625,964.4000244140625,15261370
2026-02-04,965.0,975.7000122070312,944.1500244140625,963.2999877929688,17489015
2026-02-05,964.0,968.5,953.0,964.75,6020258
2026-02-06,973.9500122070312,986.5,966.0999755859375,981.7000122070312,13742927
2026-02-09,988.0,988.0,971.5999755859375,983.1500244140625,4852548
2026-02-10,983.1500244140625,985.1500244140625,961.2999877929688,965.5999755859375,6166752
2026-02-11,965.2999877929688,974.5,961.4000244140625,968.9500122070312,3597342
2026-02-12,968.2999877929688,1002.0,965.0,999.0999755859375,10346853
2026-02-13,995.0,1032.0,992.7999877929688,1024.75,21613987
2026-02-16,1023.0499877929688,1029.300048828125,1003.2999877929688,1012.75,4460636
2026-02-17,1012.75,1016.3499755859375,1004.0,1014.1500244140625,2913899
2026-02-18,1014.5499877929688,1025.699951171875,1007.0499877929688,1023.7999877929688,4929647
2026-02-19,1024.0,1024.5,1007.0,1017.0499877929688,9866245
2026-02-20,1015.9000244140625,1036.5999755859375,1008.75,1030.199951171875,6922705
2026-02-23,1032.449951171875,1046.0,1029.050048828125,1031.0,9452225
2026-02-24,1026.300048828125,1028.75,1010.2999877929688,1023.5499877929688,6610984
2026-02-25,1028.0,1034.0,1013.4000244140625,1021.0499877929688,3182612
2026-02-26,1020.75,1031.199951171875,1006.0499877929688,1012.9500122070312,4336261
2026-02-27,1008.9500122070312,1014.9000244140625,993.0999755859375,995.9000244140625,8145772
2026-03-02,971.0,990.4000244140625,968.0,978.25,8493269
2026-03-04,967.0,967.0,941.2999877929688,945.0999755859375,8964293
2026-03-05,958.0,968.25,945.9000244140625,962.4000244140625,6181254
2026-03-06,960.0,961.5,946.5999755859375,950.2000122070312,6560051
2026-03-09,921.7999877929688,941.0999755859375,909.0499877929688,938.0499877929688,9182152
2026-03-10,950.0,952.1500244140625,931.8499755859375,939.7999877929688,8474956
2026-03-11,932.2000122070312,941.25,890.0,893.6500244140625,11172537
2026-03-12,880.0999755859375,888.2000122070312,858.3499755859375,863.0999755859375,15508258
2026-03-13,861.0,868.3499755859375,848.7999877929688,855.0499877929688,6668639
2026-03-16,850.0999755859375,881.9000244140625,850.0999755859375,878.1500244140625,8982957
2026-03-17,878.1500244140625,881.0499877929688,859.5499877929688,868.5999755859375,7941385
2026-03-18,876.0999755859375,893.9500122070312,858.2000122070312,880.0999755859375,12375517
2026-03-19,868.2000122070312,869.9000244140625,826.7000122070312,832.2000122070312,11585591
2026-03-20,836.7000122070312,841.9500122070312,819.25,830.5499877929688,14881843
2026-03-23,818.0999755859375,818.7999877929688,787.9000244140625,812.5999755859375,15835828
2026-03-24,830.0,854.0,817.5999755859375,849.0,18828248
2026-03-25,862.0499877929688,888.7999877929688,853.2999877929688,882.75,15995501
2026-03-27,875.0,875.1500244140625,841.25,843.7999877929688,11282824
2026-03-30,831.0,834.9000244140625,799.0,801.5499877929688,20377282
2026-04-01,832.7999877929688,842.0499877929688,814.7999877929688,817.2999877929688,15094026
2026-04-02,809.0,830.0499877929688,792.4500122070312,826.8499755859375,9113618
2026-04-06,828.9000244140625,853.0,814.25,850.8499755859375,12504591
2026-04-07,848.0,862.7999877929688,844.4500122070312,855.0999755859375,11569047
2026-04-08,890.0,926.0,881.0,915.0499877929688,13826150
2026-04-09,902.0,913.4000244140625,891.4000244140625,903.25,9457820
2026-04-10,915.75,927.2999877929688,912.2999877929688,924.5499877929688,9491544
2026-04-13,896.1500244140625,905.9000244140625,881.0999755859375,898.9500122070312,10723313
2026-04-15,925.0,925.0,911.0999755859375,913.1500244140625,5975197
2026-04-16,919.0,932.5999755859375,904.0,905.9000244140625,11805227
2026-04-17,902.1500244140625,910.4500122070312,895.7999877929688,908.25,6035241
2026-04-20,908.25,920.9000244140625,898.0,917.75,6184179
2026-04-21,919.5,945.9500122070312,919.0,938.8499755859375,6713975
2026-04-22,938.0,946.3499755859375,930.1500244140625,934.75,5759028
2026-04-23,926.0999755859375,929.8499755859375,909.3499755859375,918.3499755859375,9143598
2026-04-24,920.0,924.7000122070312,909.7999877929688,921.5499877929688,3982355
2026-04-27,923.0499877929688,928.9500122070312,908.2999877929688,921.7999877929688,7813458
2026-04-28,921.7999877929688,929.9000244140625,914.3499755859375,923.6500244140625,7119135
2026-04-29,925.0,937.0,916.5999755859375,930.0,5438997
2026-04-30,945.0,975.0,933.9000244140625,937.0,27364272
2026-05-01,937.0,937.0,937.0,937.0,0
2026-05-04,938.0999755859375,966.0,938.0999755859375,950.2000122070312,7503756
2026-05-05,950.2000122070312,961.0999755859375,933.1500244140625,958.5999755859375,7290077
2026-05-06,965.0,984.0,965.0,980.75,7771237
2026-05-07,992.25,992.25,969.0,972.75,7873561
2026-05-08,971.0,971.9500122070312,951.0,955.3499755859375,5555386
2026-05-11,946.0,956.0,933.5499877929688,936.0499877929688,5581022
2026-05-12,928.0,932.6500244140625,901.75,904.2000122070312,7174645
2026-05-13,902.0,907.4000244140625,890.0499877929688,896.1500244140625,7422952
2026-05-14,902.9000244140625,915.0,889.0,912.1500244140625,6815238
2026-05-15,913.0,921.5999755859375,907.3499755859375,910.4500122070312,5012279
2026-05-18,900.0,925.0,890.7000122070312,921.0999755859375,6387223
2026-05-19,927.5999755859375,930.0,920.0999755859375,923.5499877929688,8313548
2026-05-20,910.0,926.2999877929688,908.4500122070312,923.0999755859375,5864990
2026-05-21,933.0,934.9000244140625,903.25,907.6500244140625,9713326
2026-05-22,908.0999755859375,924.0,908.0999755859375,916.5499877929688,4811990
2026-05-25,926.0999755859375,944.0,924.4500122070312,941.9000244140625,7065528
2026-05-26,943.9500122070312,948.4000244140625,928.0999755859375,930.2000122070312,8489543
2026-05-27,932.0,935.9500122070312,923.0,931.1500244140625,5349669
2026-05-28,931.1500244140625,931.1500244140625,931.1500244140625,931.1500244140625,0
2026-05-29,915.0999755859375,937.7999877929688,895.2999877929688,908.25,46752428
2026-06-01,911.4500122070312,918.0,888.0,889.0499877929688,6887616
2026-06-02,874.0,884.4000244140625,860.4500122070312,882.0,15697997
2026-06-03,882.0,882.0,863.5,876.7999877929688,14747769
2026-06-04,870.2000122070312,879.1500244140625,868.0,874.4000244140625,9676279
2026-06-05,874.0,913.0,874.0,889.4000244140625,13274646
2026-06-08,873.0,879.4000244140625,866.5,871.0999755859375,6203084
2026-06-09,886.0,888.75,872.0999755859375,886.9000244140625,9183355
2026-06-10,890.0999755859375,894.7000122070312,880.0999755859375,884.0999755859375,6939714
2026-06-11,880.0,886.9500122070312,868.5,870.5499877929688,5191085
2026-06-12,881.2000122070312,921.0,881.0999755859375,918.2999877929688,11729668
2026-06-15,942.0,959.0,939.0,942.2999877929688,11989428
2026-06-16,946.0,963.9000244140625,946.0,959.6500244140625,9335988
2026-06-17,955.0999755859375,961.7999877929688,951.5499877929688,958.4000244140625,5682977
2026-06-18,958.3499755859375,960.9500122070312,948.0,958.8499755859375,5750456
2026-06-19,954.0499877929688,971.7000122070312,953.25,961.7999877929688,12941776
2026-06-22,966.0499877929688,972.9500122070312,961.5499877929688,968.2999877929688,5680845
2026-06-23,968.2999877929688,977.7000122070312,960.5,962.4000244140625,8202516
2026-06-24,952.4000244140625,993.9000244140625,952.4000244140625,990.9500122070312,9873777
2026-06-25,996.2000122070312,1005.5999755859375,978.9000244140625,980.4000244140625,12807092
2026-06-26,980.4000244140625,980.4000244140625,980.4000244140625,980.4000244140625,0
2026-06-29,975.2999877929688,992.2999877929688,975.2999877929688,982.0499877929688,19875760
2026-06-30,986.9000244140625,1010.9500122070312,977.7000122070312,1004.75,12445420
2026-07-01,1000.4000244140625,1025.4000244140625,998.9000244140625,1014.9000244140625,6834299
2026-07-02,994.7000122070312,1025.699951171875,993.4000244140625,1018.4000244140625,8168339
2026-07-03,1035.0,1040.0,1017.5999755859375,1031.4000244140625,9399193
2026-07-06,1040.0,1040.199951171875,1024.800048828125,1029.0999755859375,4819952
2026-07-07,1024.0,1052.9000244140625,1024.0,1042.5,9101171
2026-07-08,1025.0,1034.699951171875,1004.0999755859375,1010.4000244140625,8313859
2026-07-09,1000.0,1013.5,994.0999755859375,1003.7999877929688,11712515
2026-07-10,1010.0999755859375,1023.9000244140625,1004.2000122070312,1020.5,7039305
2026-07-13,1014.0,1028.0,1003.7000122070312,1022.5999755859375,4874070
2026-07-14,1007.0,1022.0,995.2000122070312,1006.5999755859375,6458393
2026-07-15,1006.5999755859375,1037.300048828125,1006.5999755859375,1021.2999877929688,5538356
2026-07-16,1024.0,1042.4000244140625,1021.2000122070312,1037.5999755859375,9079076
2026-07-17,1044.9000244140625,1058.5,1037.5999755859375,1056.300048828125,12882360
2026-07-20,1057.0,1067.699951171875,1038.199951171875,1064.0,9348760
2026-07-21,1064.0,1074.4000244140625,1060.9000244140625,1069.199951171875,6970658
2026-07-22,1064.0,1070.5999755859375,1056.0999755859375,1060.300048828125,6757716
2026-07-23,1053.300048828125,1061.199951171875,1036.5,1039.800048828125,8016651
