date,open,high,low,close,volume
2019-07-23,33.650001525878906,34.133331298828125,32.75,32.95000076293945,30391386
2019-07-24,33.04999923706055,33.400001525878906,31.950000762939453,32.53333282470703,24861369
2019-07-25,32.733333587646484,33.416664123535156,32.400001525878906,33.04999923706055,40596891
2019-07-26,33.29999923706055,33.29999923706055,32.61666488647461,32.883331298828125,21059481
2019-07-29,32.68333435058594,32.766666412353516,30.716665267944336,30.91666603088379,41593818
2019-07-30,31.133333206176758,33.46666717529297,31.083332061767578,32.79999923706055,114516858
2019-07-31,32.46666717529297,34.5,32.33333206176758,34.233333587646484,68598411
2019-08-01,33.78333282470703,33.93333435058594,32.233333587646484,32.916664123535156,38784582
2019-08-02,32.33333206176758,32.883331298828125,31.41666603088379,31.78333282470703,41095086
2019-08-05,31.649999618530273,31.649999618530273,30.399999618530273,30.833332061767578,70443657
2019-08-06,30.799999237060547,32.56666564941406,30.799999237060547,32.31666564941406,42197172
2019-08-07,32.29999923706055,32.79999923706055,31.399999618530273,31.616666793823242,33700071
2019-08-08,31.733333587646484,32.46666717529297,31.16666603088379,32.33333206176758,31400160
2019-08-09,32.25,32.96666717529297,32.166664123535156,32.54999923706055,17455608
2019-08-13,32.54999923706055,32.81666564941406,31.133333206176758,31.41666603088379,22317750
2019-08-14,31.333332061767578,32.0,30.700000762939453,31.683332443237305,21367104
2019-08-16,31.683332443237305,32.166664123535156,31.350000381469727,32.03333282470703,16438485
2019-08-19,32.133331298828125,32.79999923706055,31.799999237060547,32.61666488647461,20751876
2019-08-20,32.29999923706055,32.45000076293945,30.66666603088379,31.116666793823242,27155040
2019-08-21,31.200000762939453,31.766666412353516,30.5,30.649999618530273,25750647
2019-08-22,30.950000762939453,31.399999618530273,30.700000762939453,31.100000381469727,35013807
2019-08-23,31.266666412353516,33.650001525878906,30.933332443237305,33.29999923706055,51949131
2019-08-26,33.983333587646484,35.0,33.400001525878906,34.06666564941406,51918060
2019-08-27,34.0,34.93333435058594,33.916664123535156,34.54999923706055,27645471
2019-08-28,34.400001525878906,34.849998474121094,34.25,34.56666564941406,26066439
2019-08-29,34.416664123535156,35.45000076293945,33.58333206176758,34.900001525878906,60333249
2019-08-30,34.666664123535156,35.0,33.54999923706055,34.29999923706055,26464308
2019-09-03,33.75,34.599998474121094,33.46666717529297,33.61666488647461,20432799
2019-09-04,33.633331298828125,35.733333587646484,33.633331298828125,35.5,51820020
2019-09-05,35.666664123535156,36.483333587646484,35.400001525878906,35.95000076293945,46413759
2019-09-06,35.83333206176758,36.5,35.650001525878906,36.349998474121094,29489361
2019-09-09,36.56666564941406,36.96666717529297,36.25,36.56666564941406,30785802
2019-09-11,36.56666564941406,37.11666488647461,35.733333587646484,35.983333587646484,28361922
2019-09-12,36.166664123535156,36.733333587646484,35.68333435058594,36.0,26803833
2019-09-13,36.03333282470703,36.599998474121094,35.133331298828125,36.21666717529297,22195425
2019-09-16,37.0,37.79999923706055,36.233333587646484,36.43333435058594,53785869
2019-09-17,36.650001525878906,37.483333587646484,35.81666564941406,36.016666412353516,55784604
2019-09-18,36.349998474121094,36.79999923706055,35.21666717529297,35.633331298828125,34163946
2019-09-19,35.900001525878906,35.900001525878906,34.650001525878906,34.766666412353516,20922834
2019-09-20,35.133331298828125,36.983333587646484,34.56666564941406,36.03333282470703,63740280
2019-09-23,36.75,38.54999923706055,36.133331298828125,37.483333587646484,60392520
2019-09-24,37.5,37.75,36.83333206176758,37.28333282470703,33511350
2019-09-25,37.166664123535156,37.18333435058594,35.96666717529297,36.31666564941406,18553128
2019-09-26,36.25,37.266666412353516,35.766666412353516,37.0,24021438
2019-09-27,36.81666564941406,37.08333206176758,35.95000076293945,36.04999923706055,18383574
2019-09-30,36.11666488647461,36.29999923706055,35.03333282470703,36.099998474121094,23611185
2019-10-01,36.20000076293945,37.06666564941406,35.21666717529297,35.71666717529297,30449868
2019-10-03,35.400001525878906,35.733333587646484,34.766666412353516,35.133331298828125,20914977
2019-10-04,35.33333206176758,35.83333206176758,34.75,34.983333587646484,26160762
2019-10-07,35.03333282470703,35.416664123535156,34.5,34.78333282470703,18641931
2019-10-09,35.0,35.54999923706055,34.68333435058594,35.133331298828125,20174292
2019-10-10,35.03333282470703,35.483333587646484,34.633331298828125,35.21666717529297,13718334
2019-10-11,35.233333587646484,35.46666717529297,34.666664123535156,35.016666412353516,18654189
2019-10-14,35.20000076293945,36.71666717529297,35.166664123535156,36.31666564941406,33280899
2019-10-15,36.650001525878906,37.04999923706055,36.04999923706055,36.83333206176758,25630197
2019-10-16,37.0,37.53333282470703,36.71666717529297,37.31666564941406,31470330
2019-10-17,37.31666564941406,37.83333206176758,37.21666717529297,37.733333587646484,24550347
2019-10-18,37.650001525878906,40.33333206176758,37.633331298828125,38.849998474121094,77943672
2019-10-22,38.93333435058594,39.349998474121094,38.21666717529297,38.45000076293945,28561275
2019-10-23,38.45000076293945,38.849998474121094,37.766666412353516,37.983333587646484,32842875
2019-10-24,38.150001525878906,38.733333587646484,37.53333282470703,38.650001525878906,21415911
2019-10-25,38.666664123535156,39.08333206176758,38.21666717529297,38.900001525878906,22725063
2019-10-27,38.93333435058594,39.150001525878906,38.75,38.883331298828125,2065533
2019-10-29,39.099998474121094,40.133331298828125,38.900001525878906,39.56666564941406,27978864
2019-10-30,39.96666717529297,40.70000076293945,39.233333587646484,39.78333282470703,28093326
2019-10-31,39.95000076293945,40.133331298828125,39.21666717529297,39.383331298828125,23706222
2019-11-01,39.599998474121094,40.58333206176758,39.36666488647461,40.133331298828125,25696773
2019-11-04,40.349998474121094,40.70000076293945,39.68333435058594,39.83333206176758,32659980
2019-11-05,38.43333435058594,38.633331298828125,37.20000076293945,37.53333282470703,62888307
2019-11-06,37.483333587646484,37.5,36.04999923706055,36.46666717529297,50423022
2019-11-07,36.516666412353516,36.75,35.900001525878906,36.29999923706055,26145681
2019-11-08,36.21666717529297,37.599998474121094,36.21666717529297,36.483333587646484,40157721
2019-11-11,36.383331298828125,36.71666717529297,35.916664123535156,36.28333282470703,22302711
2019-11-13,36.266666412353516,36.53333282470703,35.733333587646484,36.36666488647461,26958765
2019-11-14,36.483333587646484,36.96666717529297,36.266666412353516,36.43333435058594,17998971
2019-11-15,36.56666564941406,37.45000076293945,36.53333282470703,37.08333206176758,16088199
2019-11-18,37.016666412353516,37.43333435058594,36.516666412353516,36.633331298828125,17733186
2019-11-19,36.58333206176758,37.33333206176758,36.53333282470703,37.150001525878906,11950386
2019-11-20,37.31666564941406,37.58333206176758,36.79999923706055,36.93333435058594,20834538
2019-11-21,36.86666488647461,37.11666488647461,36.56666564941406,36.79999923706055,12233283
2019-11-22,36.733333587646484,36.93333435058594,36.0,36.483333587646484,17271447
2019-11-25,36.11666488647461,36.31666564941406,34.96666717529297,35.58333206176758,33287655
2019-11-26,35.983333587646484,36.266666412353516,34.20000076293945,34.383331298828125,31860954
2019-11-27,34.5,34.83333206176758,34.20000076293945,34.349998474121094,12796782
2019-11-28,34.349998474121094,35.08333206176758,34.08333206176758,34.766666412353516,22439826
2019-11-29,34.849998474121094,35.133331298828125,34.21666717529297,34.36666488647461,14661717
2019-12-02,34.43333435058594,34.53333282470703,33.58333206176758,34.36666488647461,20186343
2019-12-03,34.25,34.400001525878906,33.483333587646484,33.666664123535156,26022180
2019-12-04,33.733333587646484,33.93333435058594,33.36666488647461,33.75,18411348
2019-12-05,33.93333435058594,34.43333435058594,33.81666564941406,34.016666412353516,19073526
2019-12-06,34.166664123535156,34.666664123535156,33.83333206176758,34.21666717529297,24794031
2019-12-09,34.266666412353516,35.0,34.016666412353516,34.166664123535156,18155055
2019-12-10,34.28333282470703,34.29999923706055,32.58333206176758,33.233333587646484,35565381
2019-12-11,33.56666564941406,33.56666564941406,32.18333435058594,32.81666564941406,39852759
2019-12-12,33.099998474121094,33.150001525878906,32.54999923706055,32.93333435058594,32591919
2019-12-13,33.266666412353516,33.733333587646484,32.83333206176758,33.33333206176758,28292490
2019-12-16,33.46666717529297,34.099998474121094,33.166664123535156,33.68333435058594,19226304
2019-12-17,33.68333435058594,33.81666564941406,33.33333206176758,33.400001525878906,12393666
2019-12-18,33.45000076293945,33.58333206176758,33.21666717529297,33.483333587646484,13404162
2019-12-19,33.416664123535156,33.599998474121094,33.166664123535156,33.36666488647461,10160163
2019-12-20,33.383331298828125,33.46666717529297,32.83333206176758,32.93333435058594,10121097
2019-12-23,32.900001525878906,33.349998474121094,32.83333206176758,32.95000076293945,22862667
2019-12-24,32.95000076293945,33.266666412353516,32.83333206176758,33.20000076293945,11035944
2019-12-26,33.20000076293945,33.56666564941406,32.78333282470703,32.95000076293945,22525710
2019-12-27,33.099998474121094,33.916664123535156,33.04999923706055,33.233333587646484,17607090
2019-12-30,33.383331298828125,33.599998474121094,33.20000076293945,33.31666564941406,9577833
2019-12-31,33.400001525878906,34.0,33.20000076293945,33.349998474121094,22468632
2020-01-01,33.43333435058594,33.650001525878906,33.133331298828125,33.383331298828125,15438294
2020-01-02,33.54999923706055,34.599998474121094,33.29999923706055,34.383331298828125,26262750
2020-01-03,34.400001525878906,34.633331298828125,33.45000076293945,33.650001525878906,21950223
2020-01-06,33.166664123535156,33.633331298828125,31.883333206176758,32.31666564941406,36402729
2020-01-07,32.78333282470703,33.0,31.766666412353516,32.11666488647461,33298260
2020-01-08,31.683332443237305,32.383331298828125,31.483333587646484,31.816665649414062,20424309
2020-01-09,32.33333206176758,32.416664123535156,31.933332443237305,32.33333206176758,41681037
2020-01-10,32.33333206176758,32.86666488647461,32.33333206176758,32.400001525878906,23088681
2020-01-13,32.733333587646484,33.08333206176758,32.516666412353516,32.666664123535156,28538664
2020-01-14,32.95000076293945,33.400001525878906,32.650001525878906,33.28333282470703,21417702
2020-01-15,33.400001525878906,34.883331298828125,33.166664123535156,34.61666488647461,39241374
2020-01-16,35.33333206176758,35.75,34.78333282470703,35.25,54250446
2020-01-17,35.20000076293945,36.31666564941406,34.900001525878906,36.20000076293945,33279852
2020-01-20,36.33333206176758,36.33333206176758,34.54999923706055,35.0,28115967
2020-01-21,34.666664123535156,35.33333206176758,34.61666488647461,35.016666412353516,17126625
2020-01-22,35.016666412353516,35.016666412353516,33.33333206176758,33.650001525878906,46807380
2020-01-23,33.70000076293945,34.849998474121094,33.383331298828125,33.71666717529297,64975338
2020-01-24,33.78333282470703,34.54999923706055,33.766666412353516,33.95000076293945,20621760
2020-01-27,33.900001525878906,34.5,33.666664123535156,33.883331298828125,24177363
2020-01-28,33.86666488647461,34.016666412353516,33.133331298828125,33.400001525878906,32134050
2020-01-29,33.633331298828125,33.71666717529297,33.233333587646484,33.516666412353516,28345554
2020-01-30,33.75,34.483333587646484,33.43333435058594,33.58333206176758,33639177
2020-01-31,32.08333206176758,33.0,29.966665267944336,30.216665267944336,169747995
2020-02-03,28.333332061767578,29.149999618530273,26.91666603088379,27.833332061767578,76345218
2020-02-04,28.183332443237305,29.03333282470703,28.149999618530273,28.28333282470703,44426844
2020-02-05,28.333332061767578,29.383333206176758,28.183332443237305,28.966665267944336,45829710
2020-02-06,29.28333282470703,29.333332061767578,28.549999237060547,29.0,31688880
2020-02-07,29.03333282470703,29.333332061767578,28.733333587646484,29.183332443237305,30367869
2020-02-10,29.28333282470703,29.28333282470703,28.616666793823242,28.833332061767578,37802355
2020-02-11,28.633333206176758,29.066665649414062,28.433332443237305,28.566665649414062,40352259
2020-02-12,28.466665267944336,28.549999237060547,27.833332061767578,28.0,23629242
2020-02-13,28.0,28.5,27.716665267944336,28.399999618530273,25245033
2020-02-14,28.41666603088379,28.583332061767578,27.549999237060547,27.683332443237305,28646769
2020-02-17,27.700000762939453,27.850000381469727,26.833332061767578,27.0,36810129
2020-02-18,26.91666603088379,27.966665267944336,26.516666412353516,27.600000381469727,45656493
2020-02-19,27.75,28.299999237060547,27.316665649414062,28.233333587646484,29175999
2020-02-20,28.216665267944336,29.03333282470703,27.950000762939453,28.850000381469727,38155335
2020-02-24,28.566665649414062,28.566665649414062,27.083332061767578,27.316665649414062,25592289
2020-02-25,27.399999618530273,27.933332443237305,27.399999618530273,27.5,17040831
2020-02-26,27.366666793823242,27.566665649414062,26.433332443237305,26.766666412353516,19537644
2020-02-27,26.833332061767578,26.91666603088379,25.716665267944336,25.816665649414062,42868818
2020-02-28,25.516666412353516,25.516666412353516,24.28333282470703,24.649999618530273,52332150
2020-03-02,25.333332061767578,25.633333206176758,24.0,24.316665649414062,27625068
2020-03-03,24.466665267944336,25.049999237060547,24.083332061767578,24.833332061767578,57863331
2020-03-04,24.899999618530273,25.066665649414062,23.516666412353516,24.950000762939453,61044003
2020-03-05,25.5,25.5,24.216665267944336,24.366666793823242,46784883
2020-03-06,23.633333206176758,24.049999237060547,23.049999237060547,23.833332061767578,29644698
2020-03-09,23.299999237060547,23.5,22.549999237060547,23.233333587646484,51248196
2020-03-11,23.16666603088379,23.383333206176758,22.53333282470703,22.950000762939453,36373143
2020-03-12,22.049999237060547,22.25,20.799999237060547,21.883333206176758,71924844
2020-03-13,20.0,23.516666412353516,20.0,23.299999237060547,65882406
2020-03-16,22.833332061767578,23.316665649414062,21.66666603088379,21.966665267944336,41016261
2020-03-17,22.0,23.799999237060547,21.950000762939453,23.233333587646484,37733433
2020-03-18,23.299999237060547,26.716665267944336,22.383333206176758,24.933332443237305,98464686
2020-03-19,23.016666412353516,24.16666603088379,20.966665267944336,21.516666412353516,60526506
2020-03-20,21.66666603088379,24.0,21.5,23.766666412353516,55460706
2020-03-23,21.683332443237305,22.549999237060547,19.049999237060547,19.816665649414062,24523071
2020-03-24,20.66666603088379,21.16666603088379,18.66666603088379,19.483333587646484,27422100
2020-03-25,19.266666412353516,21.116666793823242,18.866666793823242,20.899999618530273,18227226
2020-03-26,21.083332061767578,22.816665649414062,20.366666793823242,22.450000762939453,37021584
2020-03-27,24.66666603088379,25.583332061767578,22.91666603088379,24.383333206176758,47228853
2020-03-30,24.216665267944336,25.299999237060547,23.566665649414062,24.200000762939453,46529544
2020-03-31,24.983333587646484,25.266666412353516,24.200000762939453,24.816665649414062,21484521
2020-04-01,24.600000381469727,25.41666603088379,22.466665267944336,23.016666412353516,28985310
2020-04-03,23.91666603088379,23.966665267944336,22.833332061767578,23.316665649414062,27952953
2020-04-07,24.266666412353516,24.333332061767578,22.833332061767578,23.0,37884333
2020-04-08,23.0,23.766666412353516,21.700000762939453,22.133333206176758,50097555
2020-04-09,22.466665267944336,23.816665649414062,22.350000381469727,23.383333206176758,29167602
2020-04-13,24.333332061767578,24.5,23.366666793823242,23.5,29985114
2020-04-15,24.0,24.41666603088379,22.966665267944336,23.200000762939453,34458015
2020-04-16,23.5,24.066665649414062,23.399999618530273,23.66666603088379,70586814
2020-04-17,24.16666603088379,24.366666793823242,23.549999237060547,23.766666412353516,59145438
2020-04-20,24.100000381469727,25.766666412353516,23.816665649414062,25.116666793823242,104546547
2020-04-21,24.983333587646484,25.683332443237305,24.100000381469727,25.299999237060547,62019870
2020-04-22,25.316665649414062,25.899999618530273,24.966665267944336,25.53333282470703,31721535
2020-04-23,25.566665649414062,26.366666793823242,25.233333587646484,25.333332061767578,39150099
2020-04-24,25.03333282470703,25.899999618530273,24.450000762939453,24.850000381469727,72877884
2020-04-27,25.066665649414062,25.28333282470703,24.383333206176758,24.549999237060547,21745512
2020-04-28,24.75,24.833332061767578,24.233333587646484,24.41666603088379,14137194
2020-04-29,24.649999618530273,24.700000762939453,24.049999237060547,24.383333206176758,29327631
2020-04-30,24.700000762939453,24.816665649414062,23.78333282470703,24.03333282470703,51318042
2020-05-04,23.516666412353516,23.566665649414062,22.333332061767578,22.483333587646484,36058335
2020-05-05,22.866666793823242,22.866666793823242,21.716665267944336,21.799999237060547,25048227
2020-05-06,21.766666412353516,21.950000762939453,20.91666603088379,21.216665267944336,31888788
2020-05-07,21.133333206176758,21.450000762939453,20.850000381469727,20.883333206176758,26103246
2020-05-08,21.16666603088379,21.25,19.833332061767578,19.899999618530273,39644082
2020-05-11,20.16666603088379,20.66666603088379,19.78333282470703,20.049999237060547,43531365
2020-05-12,19.899999618530273,20.399999618530273,19.25,20.183332443237305,40166454
2020-05-13,21.466665267944336,22.200000762939453,20.75,21.899999618530273,84071691
2020-05-14,21.483333587646484,21.833332061767578,21.083332061767578,21.216665267944336,33954891
2020-05-15,21.016666412353516,22.933332443237305,20.75,22.583332061767578,100684062
2020-05-18,23.66666603088379,23.933332443237305,21.333332061767578,21.5,128706990
2020-05-19,21.850000381469727,22.216665267944336,20.549999237060547,20.766666412353516,63288999
2020-05-20,20.866666793823242,21.399999618530273,20.566665649414062,21.066665649414062,50209938
2020-05-21,21.466665267944336,21.799999237060547,20.799999237060547,21.0,61140009
2020-05-22,20.833332061767578,21.183332443237305,20.5,21.016666412353516,34434273
2020-05-26,21.183332443237305,21.766666412353516,21.116666793823242,21.66666603088379,32415078
2020-05-27,21.683332443237305,22.366666793823242,21.399999618530273,22.216665267944336,48061671
2020-05-28,22.316665649414062,23.466665267944336,22.066665649414062,23.216665267944336,70314837
2020-05-29,23.0,23.483333587646484,22.66666603088379,23.066665649414062,40149138
2020-06-01,23.333332061767578,23.66666603088379,23.066665649414062,23.133333206176758,47417268
2020-06-02,23.200000762939453,23.466665267944336,22.883333206176758,23.216665267944336,21847401
2020-06-03,23.433332443237305,24.733333587646484,23.16666603088379,24.53333282470703,72952329
2020-06-04,24.53333282470703,24.933332443237305,23.899999618530273,24.266666412353516,30651105
2020-06-05,24.466665267944336,24.78333282470703,24.28333282470703,24.649999618530273,28620174
2020-06-08,25.066665649414062,25.799999237060547,24.716665267944336,24.883333206176758,45790467
2020-06-09,25.116666793823242,25.383333206176758,24.183332443237305,24.350000381469727,35356647
2020-06-10,24.549999237060547,24.850000381469727,23.91666603088379,24.483333587646484,28261539
2020-06-11,24.616666793823242,24.899999618530273,23.433332443237305,23.549999237060547,31884348
2020-06-12,22.466665267944336,24.083332061767578,22.466665267944336,23.966665267944336,42305706
2020-06-15,23.983333587646484,24.183332443237305,23.149999618530273,23.649999618530273,27797562
2020-06-16,24.28333282470703,24.299999237060547,23.066665649414062,23.549999237060547,31937172
2020-06-17,23.716665267944336,24.266666412353516,23.549999237060547,23.883333206176758,35644017
2020-06-18,23.983333587646484,25.75,23.883333206176758,25.616666793823242,100177014
2020-06-19,25.816665649414062,27.16666603088379,25.483333587646484,26.683332443237305,85894965
2020-06-22,27.299999237060547,27.633333206176758,26.733333587646484,27.100000381469727,68067777
2020-06-23,27.28333282470703,27.91666603088379,26.833332061767578,27.766666412353516,66445521
2020-06-24,28.03333282470703,28.53333282470703,27.350000381469727,27.5,69841656
2020-06-25,27.316665649414062,28.316665649414062,27.0,27.899999618530273,60786960
2020-06-26,28.316665649414062,28.816665649414062,27.933332443237305,28.433332443237305,46124379
2020-06-29,28.316665649414062,29.566665649414062,28.100000381469727,29.183332443237305,69975135
2020-06-30,31.03333282470703,31.399999618530273,29.333332061767578,29.549999237060547,186678036
2020-07-01,29.549999237060547,29.766666412353516,29.183332443237305,29.566665649414062,35384595
2020-07-02,29.983333587646484,30.16666603088379,29.5,29.683332443237305,27362040
2020-07-03,30.333332061767578,32.650001525878906,30.16666603088379,32.400001525878906,205331484
2020-07-06,32.733333587646484,34.516666412353516,32.33333206176758,34.06666564941406,132074268
2020-07-07,33.900001525878906,34.46666717529297,33.233333587646484,34.016666412353516,93081504
2020-07-08,33.666664123535156,35.133331298828125,33.516666412353516,34.516666412353516,68150529
2020-07-09,34.20000076293945,34.31666564941406,33.166664123535156,33.28333282470703,54329937
2020-07-10,33.28333282470703,33.83333206176758,32.78333282470703,33.233333587646484,36404634
2020-07-13,33.56666564941406,33.78333282470703,32.56666564941406,32.83333206176758,32371863
2020-07-14,33.099998474121094,33.383331298828125,31.850000381469727,32.36666488647461,57521871
2020-07-15,33.166664123535156,33.20000076293945,31.799999237060547,32.03333282470703,37963695
2020-07-16,32.166664123535156,32.25,31.383333206176758,31.483333587646484,36942912
2020-07-17,31.466665267944336,32.81666564941406,31.350000381469727,32.666664123535156,30369327
2020-07-20,32.666664123535156,33.29999923706055,32.099998474121094,32.25,34037145
2020-07-21,32.53333282470703,33.599998474121094,32.20000076293945,33.08333206176758,42519072
2020-07-22,33.29999923706055,33.31666564941406,32.166664123535156,32.633331298828125,26700693
2020-07-23,32.666664123535156,34.5,32.516666412353516,34.166664123535156,63984771
2020-07-24,34.31666564941406,34.883331298828125,33.733333587646484,34.04999923706055,68255931
2020-07-27,34.25,34.25,32.75,33.133331298828125,34955964
2020-07-28,32.400001525878906,33.06666564941406,31.78333282470703,32.18333435058594,64748145
2020-07-29,32.18333435058594,33.400001525878906,32.166664123535156,32.43333435058594,52234014
2020-07-30,32.599998474121094,32.78333282470703,31.649999618530273,31.883333206176758,36716154
2020-07-31,31.933332443237305,32.25,31.25,31.950000762939453,44032875
2020-08-03,32.0,33.06666564941406,31.683332443237305,32.266666412353516,31139499
2020-08-04,32.650001525878906,33.666664123535156,32.29999923706055,33.46666717529297,51828114
2020-08-05,33.650001525878906,34.08333206176758,32.95000076293945,33.46666717529297,34169139
2020-08-06,33.46666717529297,33.78333282470703,32.86666488647461,33.016666412353516,20002308
2020-08-07,33.099998474121094,33.58333206176758,32.78333282470703,33.06666564941406,23311572
2020-08-10,35.150001525878906,37.96666717529297,34.79999923706055,36.099998474121094,197460327
2020-08-11,36.46666717529297,36.78333282470703,35.08333206176758,35.28333282470703,64308066
2020-08-12,35.31666564941406,37.06666564941406,35.11666488647461,36.883331298828125,86740731
2020-08-13,37.0,38.46666717529297,36.54999923706055,38.150001525878906,89867817
2020-08-14,38.33333206176758,39.483333587646484,36.516666412353516,37.71666717529297,102780930
2020-08-17,38.29999923706055,38.31666564941406,36.633331298828125,36.93333435058594,45730728
2020-08-18,37.0,37.733333587646484,36.56666564941406,37.233333587646484,44837076
2020-08-19,37.54999923706055,38.36666488647461,37.266666412353516,37.43333435058594,50101056
2020-08-20,37.0,37.666664123535156,36.54999923706055,37.29999923706055,34004268
2020-08-21,37.5,37.83333206176758,36.93333435058594,37.36666488647461,29551281
2020-08-24,37.0,38.33333206176758,36.86666488647461,38.20000076293945,53662929
2020-08-25,38.383331298828125,38.650001525878906,37.099998474121094,37.46666717529297,43986726
2020-08-26,37.53333282470703,37.733333587646484,36.86666488647461,37.266666412353516,36546204
2020-08-27,37.28333282470703,37.54999923706055,36.599998474121094,36.766666412353516,27418104
2020-08-28,37.983333587646484,38.25,36.93333435058594,37.349998474121094,48606249
2020-08-31,37.5,37.70000076293945,35.0,35.36666488647461,42730581
2020-09-01,35.666664123535156,36.233333587646484,34.79999923706055,35.983333587646484,34287075
2020-09-02,35.983333587646484,36.56666564941406,35.416664123535156,36.33333206176758,17392587
2020-09-03,36.5,36.78333282470703,35.93333435058594,36.150001525878906,26656869
2020-09-04,35.166664123535156,36.166664123535156,35.11666488647461,35.46666717529297,29954895
2020-09-07,35.633331298828125,36.04999923706055,34.900001525878906,35.20000076293945,19157754
2020-09-08,35.36666488647461,35.53333282470703,33.86666488647461,34.21666717529297,30300756
2020-09-09,33.766666412353516,34.483333587646484,33.233333587646484,33.68333435058594,34565667
2020-09-10,33.883331298828125,34.233333587646484,33.0,33.86666488647461,23708142
2020-09-11,34.0,34.25,33.766666412353516,34.08333206176758,14088816
2020-09-14,35.33333206176758,36.54999923706055,34.79999923706055,35.68333435058594,53551527
2020-09-15,35.349998474121094,35.666664123535156,34.650001525878906,34.93333435058594,26941557
2020-09-16,35.0,35.166664123535156,34.099998474121094,34.483333587646484,14635695
2020-09-17,34.166664123535156,34.96666717529297,34.133331298828125,34.516666412353516,21721305
2020-09-18,34.666664123535156,34.86666488647461,34.06666564941406,34.633331298828125,27984618
2020-09-21,34.56666564941406,34.599998474121094,31.700000762939453,32.099998474121094,40827702
2020-09-22,32.11666488647461,32.20000076293945,30.333332061767578,30.733333587646484,48561300
2020-09-23,31.016666412353516,31.833332061767578,30.78333282470703,31.28333282470703,48748803
2020-09-24,30.733333587646484,30.983333587646484,29.883333206176758,30.149999618530273,30841869
2020-09-25,30.633333206176758,31.466665267944336,30.450000762939453,31.100000381469727,19431048
2020-09-28,31.333332061767578,32.766666412353516,31.28333282470703,32.483333587646484,21869313
2020-09-29,32.900001525878906,33.099998474121094,31.600000381469727,32.0,27336762
2020-09-30,32.0,32.150001525878906,31.299999237060547,31.91666603088379,14189412
2020-10-01,32.08333206176758,32.53333282470703,31.66666603088379,32.03333282470703,12637821
2020-10-05,32.133331298828125,32.233333587646484,31.53333282470703,32.06666564941406,11784675
2020-10-06,32.20000076293945,32.33333206176758,31.549999237060547,31.91666603088379,19176597
2020-10-07,31.950000762939453,32.150001525878906,31.299999237060547,31.383333206176758,13131330
2020-10-08,31.66666603088379,31.766666412353516,30.866666793823242,31.183332443237305,13561056
2020-10-09,31.066665649414062,31.350000381469727,30.600000381469727,30.933332443237305,12672492
2020-10-12,31.016666412353516,31.66666603088379,30.866666793823242,31.183332443237305,21410115
2020-10-13,31.183332443237305,31.316665649414062,30.333332061767578,30.5,19966965
2020-10-14,30.649999618530273,31.25,30.383333206176758,30.516666412353516,22321728
2020-10-15,30.583332061767578,30.816665649414062,29.28333282470703,29.466665267944336,15857307
2020-10-16,29.233333587646484,30.450000762939453,29.233333587646484,30.333332061767578,21800793
2020-10-19,30.466665267944336,30.649999618530273,29.483333587646484,30.016666412353516,22512567
2020-10-20,29.716665267944336,30.366666793823242,29.683332443237305,29.983333587646484,14685903
2020-10-21,30.0,30.933332443237305,29.716665267944336,30.799999237060547,28952280
2020-10-22,30.78333282470703,31.716665267944336,30.549999237060547,31.03333282470703,28783392
2020-10-23,31.28333282470703,31.41666603088379,30.716665267944336,30.866666793823242,17663049
2020-10-26,30.866666793823242,30.91666603088379,29.683332443237305,29.983333587646484,18531900
2020-10-27,29.966665267944336,30.149999618530273,29.566665649414062,29.899999618530273,12329295
2020-10-28,29.899999618530273,30.016666412353516,29.233333587646484,29.41666603088379,13325832
2020-10-29,29.216665267944336,29.633333206176758,28.78333282470703,28.883333206176758,16816755
2020-10-30,28.966665267944336,29.950000762939453,28.816665649414062,29.0,27632397
2020-11-02,29.28333282470703,29.866666793823242,29.083332061767578,29.549999237060547,14246079
2020-11-03,29.616666793823242,30.133333206176758,29.616666793823242,29.799999237060547,10505982
2020-11-04,30.083332061767578,30.116666793823242,29.299999237060547,29.633333206176758,10174500
2020-11-05,29.799999237060547,31.149999618530273,29.683332443237305,30.966665267944336,21741264
2020-11-06,30.700000762939453,31.16666603088379,30.5,30.816665649414062,20163741
2020-11-09,31.5,31.633333206176758,30.583332061767578,31.016666412353516,24865398
2020-11-10,31.0,32.08333206176758,30.683332443237305,31.799999237060547,31640469
2020-11-11,31.983333587646484,32.46666717529297,31.5,31.899999618530273,24266727
2020-11-12,32.03333282470703,32.166664123535156,31.333332061767578,31.41666603088379,32573475
2020-11-13,31.299999237060547,32.416664123535156,30.91666603088379,32.233333587646484,23221539
2020-11-14,32.400001525878906,32.400001525878906,32.133331298828125,32.20000076293945,2843181
2020-11-17,32.516666412353516,32.58333206176758,31.91666603088379,32.04999923706055,13608048
2020-11-18,32.04999923706055,32.766666412353516,31.899999618530273,32.18333435058594,31608804
2020-11-19,32.166664123535156,36.08333206176758,31.899999618530273,34.36666488647461,127231584
2020-11-20,35.04999923706055,36.633331298828125,34.83333206176758,36.11666488647461,111976335
2020-11-23,36.18333435058594,36.349998474121094,34.83333206176758,35.33333206176758,32719695
2020-11-24,35.33333206176758,36.29999923706055,35.33333206176758,35.900001525878906,32900253
2020-11-25,36.0,36.79999923706055,35.29999923706055,35.61666488647461,37300935
2020-11-26,35.79999923706055,36.43333435058594,35.61666488647461,36.29999923706055,28747059
2020-11-27,36.483333587646484,37.93333435058594,36.349998474121094,37.03333282470703,42740469
2020-12-01,37.03333282470703,37.599998474121094,36.766666412353516,37.266666412353516,32351613
2020-12-02,37.33333206176758,38.33333206176758,37.18333435058594,37.849998474121094,48411381
2020-12-03,38.03333282470703,38.93333435058594,37.95000076293945,38.33333206176758,48553872
2020-12-04,38.633331298828125,39.33333206176758,38.133331298828125,38.58333206176758,46007778
2020-12-07,38.61666488647461,38.916664123535156,38.11666488647461,38.31666564941406,26587011
2020-12-08,38.516666412353516,38.68333435058594,37.03333282470703,37.71666717529297,36642735
2020-12-09,38.58333206176758,40.83333206176758,38.266666412353516,38.983333587646484,147504747
2020-12-10,38.93333435058594,38.93333435058594,37.483333587646484,38.133331298828125,38748615
2020-12-11,38.133331298828125,38.79999923706055,37.78333282470703,38.21666717529297,41079909
2020-12-14,38.54999923706055,39.75,38.400001525878906,39.516666412353516,75008775
2020-12-15,39.133331298828125,39.766666412353516,39.06666564941406,39.416664123535156,32266752
2020-12-16,39.666664123535156,40.233333587646484,39.11666488647461,39.36666488647461,38725125
2020-12-17,39.33333206176758,40.28333282470703,38.599998474121094,40.099998474121094,56242236
2020-12-18,40.483333587646484,40.900001525878906,39.516666412353516,40.416664123535156,97760322
2020-12-21,40.233333587646484,41.06666564941406,36.383331298828125,37.31666564941406,86979072
2020-12-22,37.31666564941406,38.03333282470703,35.45000076293945,37.416664123535156,73882653
2020-12-23,37.733333587646484,38.650001525878906,37.5,38.483333587646484,39047973
2020-12-24,38.71666717529297,39.383331298828125,38.099998474121094,38.29999923706055,28256172
2020-12-28,38.733333587646484,38.849998474121094,37.96666717529297,38.20000076293945,28341882
2020-12-29,38.400001525878906,38.733333587646484,37.983333587646484,38.25,20782080
2020-12-30,38.33333206176758,38.43333435058594,37.79999923706055,38.133331298828125,18996630
2020-12-31,38.56666564941406,40.25,38.46666717529297,39.983333587646484,112170381
2021-01-01,40.33333206176758,42.666664123535156,40.20000076293945,42.133331298828125,201696168
2021-01-04,43.0,43.93333435058594,42.29999923706055,43.766666412353516,105614565
2021-01-05,43.33333206176758,44.416664123535156,43.0,43.83333206176758,64361523
2021-01-06,44.0,45.133331298828125,43.21666717529297,44.383331298828125,74098809
2021-01-07,44.79999923706055,45.0,43.766666412353516,43.916664123535156,46011027
2021-01-08,44.349998474121094,44.58333206176758,43.849998474121094,44.03333282470703,19906347
2021-01-11,44.266666412353516,45.18333435058594,43.18333435058594,44.86666488647461,42426342
2021-01-12,44.983333587646484,45.31666564941406,44.46666717529297,44.81666564941406,32608233
2021-01-13,44.849998474121094,45.900001525878906,44.150001525878906,44.68333435058594,38455479
2021-01-14,44.916664123535156,47.0,44.849998474121094,46.383331298828125,94302666
2021-01-15,46.233333587646484,46.5,44.133331298828125,44.483333587646484,44817729
2021-01-18,44.61666488647461,45.08333206176758,42.766666412353516,44.516666412353516,53634528
2021-01-19,44.849998474121094,46.06666564941406,44.70000076293945,45.68333435058594,64391526
2021-01-20,45.78333282470703,46.31666564941406,44.96666717529297,45.166664123535156,39771243
2021-01-21,45.5,45.93333435058594,44.099998474121094,44.633331298828125,31082454
2021-01-22,44.5,45.166664123535156,43.633331298828125,44.11666488647461,30823161
2021-01-25,44.58333206176758,44.916664123535156,42.96666717529297,43.56666564941406,22702206
2021-01-27,43.666664123535156,44.79999923706055,43.599998474121094,44.233333587646484,55897923
2021-01-28,43.666664123535156,44.900001525878906,43.28333282470703,43.733333587646484,49918659
2021-01-29,43.599998474121094,45.416664123535156,42.33333206176758,43.349998474121094,77617473
2021-02-01,43.33333206176758,44.93333435058594,41.86666488647461,44.56666564941406,47400000
2021-02-02,44.916664123535156,45.599998474121094,43.79999923706055,44.5,32215686
2021-02-03,44.733333587646484,47.06666564941406,44.71666717529297,46.36666488647461,63440358
2021-02-04,46.58333206176758,47.266666412353516,45.68333435058594,46.983333587646484,55032168
2021-02-05,47.33333206176758,47.733333587646484,46.233333587646484,46.733333587646484,29863140
2021-02-08,47.06666564941406,47.666664123535156,46.5,46.916664123535156,31927191
2021-02-09,47.150001525878906,47.33333206176758,45.79999923706055,45.983333587646484,48306774
2021-02-10,46.29999923706055,47.45000076293945,46.11666488647461,46.61666488647461,33662136
2021-02-11,46.43333435058594,46.83333206176758,44.86666488647461,45.133331298828125,35392794
2021-02-12,45.28333282470703,45.666664123535156,44.71666717529297,45.416664123535156,24806265
2021-02-15,45.78333282470703,45.983333587646484,44.93333435058594,45.36666488647461,23422254
2021-02-16,45.36666488647461,46.150001525878906,44.18333435058594,44.383331298828125,48715293
2021-02-17,44.03333282470703,46.58333206176758,44.03333282470703,46.36666488647461,46231716
2021-02-18,46.45000076293945,47.96666717529297,45.95000076293945,47.18333435058594,43649379
2021-02-19,46.79999923706055,47.56666564941406,44.33333206176758,45.133331298828125,51636933
2021-02-22,45.166664123535156,45.516666412353516,43.08333206176758,43.43333435058594,28665003
2021-02-23,43.75,45.20000076293945,43.416664123535156,44.733333587646484,32119296
2021-02-24,45.21666717529297,46.31666564941406,45.06666564941406,45.45000076293945,22656720
2021-02-25,45.70000076293945,47.666664123535156,45.68333435058594,47.233333587646484,59326020
2021-02-26,46.45000076293945,47.45000076293945,45.33333206176758,45.70000076293945,38633409
2021-03-01,46.233333587646484,49.0,45.983333587646484,48.650001525878906,62059455
2021-03-02,49.31666564941406,51.18333435058594,48.83333206176758,50.5,106691166
2021-03-03,50.95000076293945,51.33333206176758,50.233333587646484,50.96666717529297,39659358
2021-03-04,50.5,51.650001525878906,50.016666412353516,50.93333435058594,30333900
2021-03-05,50.266666412353516,51.0,48.25,49.0,29141961
2021-03-08,49.33333206176758,50.233333587646484,48.06666564941406,48.349998474121094,34685358
2021-03-09,48.68333435058594,49.133331298828125,46.416664123535156,46.666664123535156,37113744
2021-03-10,47.133331298828125,47.54999923706055,46.349998474121094,46.58333206176758,24247668
2021-03-12,47.416664123535156,47.83333206176758,46.416664123535156,46.68333435058594,39599325
2021-03-15,47.11666488647461,47.11666488647461,44.46666717529297,45.70000076293945,30156603
2021-03-16,45.83333206176758,46.18333435058594,45.166664123535156,45.95000076293945,29273370
2021-03-17,45.83333206176758,46.150001525878906,44.28333282470703,44.61666488647461,35855832
2021-03-18,44.78333282470703,45.166664123535156,42.68333435058594,43.266666412353516,45353232
2021-03-19,42.79999923706055,43.349998474121094,41.666664123535156,42.650001525878906,56393928
2021-03-22,42.900001525878906,43.983333587646484,42.45000076293945,42.650001525878906,38945382
2021-03-23,42.633331298828125,43.25,42.04999923706055,42.20000076293945,38253711
2021-03-24,42.166664123535156,42.233333587646484,40.53333282470703,40.81666564941406,32029023
2021-03-25,40.883331298828125,41.11666488647461,38.61666488647461,39.75,60718449
2021-03-26,40.0,41.416664123535156,39.983333587646484,40.79999923706055,36092943
2021-03-30,41.33333206176758,42.31666564941406,40.96666717529297,41.93333435058594,42697440
2021-03-31,41.93333435058594,42.33333206176758,41.5,41.70000076293945,24134520
2021-04-01,42.0,42.33333206176758,41.43333435058594,42.03333282470703,30019032
2021-04-05,42.28333282470703,44.0,41.666664123535156,43.79999923706055,61276776
2021-04-06,44.099998474121094,44.983333587646484,42.93333435058594,43.650001525878906,61173012
2021-04-07,43.983333587646484,44.81666564941406,43.666664123535156,43.766666412353516,38346498
2021-04-08,44.11666488647461,44.54999923706055,43.166664123535156,43.349998474121094,25322349
2021-04-09,43.666664123535156,43.849998474121094,43.0,43.29999923706055,15591087
2021-04-12,42.633331298828125,42.83333206176758,40.166664123535156,40.633331298828125,35499102
2021-04-13,40.70000076293945,42.06666564941406,40.54999923706055,41.86666488647461,19430589
2021-04-15,41.666664123535156,43.233333587646484,41.46666717529297,42.83333206176758,42679908
2021-04-16,42.75,43.166664123535156,41.86666488647461,42.666664123535156,21451458
2021-04-19,41.36666488647461,42.150001525878906,40.71666717529297,41.133331298828125,30034584
2021-04-20,41.61666488647461,42.54999923706055,41.21666717529297,41.43333435058594,26634339
2021-04-22,41.03333282470703,42.233333587646484,40.849998474121094,42.016666412353516,23128215
2021-04-23,41.95000076293945,43.0,41.78333282470703,42.29999923706055,27613263
2021-04-26,42.666664123535156,43.233333587646484,42.56666564941406,43.11666488647461,16704927
2021-04-27,43.016666412353516,43.36666488647461,42.78333282470703,43.06666564941406,19097265
2021-04-28,43.46666717529297,43.516666412353516,42.733333587646484,42.93333435058594,19394331
2021-04-29,43.33333206176758,43.75,43.04999923706055,43.28333282470703,16660074
2021-04-30,42.71666717529297,45.483333587646484,42.599998474121094,43.916664123535156,53187741
2021-05-03,43.666664123535156,44.28333282470703,42.95000076293945,43.416664123535156,19524450
2021-05-04,43.79999923706055,45.75,43.516666412353516,44.266666412353516,52932507
2021-05-05,44.53333282470703,46.166664123535156,44.166664123535156,45.95000076293945,51816273
2021-05-06,46.56666564941406,47.70000076293945,45.79999923706055,47.46666717529297,61565505
2021-05-07,47.58333206176758,47.79999923706055,45.766666412353516,45.96666717529297,32525013
2021-05-10,46.33333206176758,48.633331298828125,46.21666717529297,48.25,67119504
2021-05-11,47.58333206176758,49.916664123535156,47.150001525878906,49.516666412353516,70482693
2021-05-12,50.81666564941406,51.86666488647461,48.599998474121094,48.95000076293945,136024881
2021-05-14,49.266666412353516,49.56666564941406,47.516666412353516,47.78333282470703,47657991
2021-05-17,48.166664123535156,49.70000076293945,47.96666717529297,49.383331298828125,51486270
2021-05-18,50.166664123535156,51.666664123535156,49.766666412353516,51.53333282470703,97548693
2021-05-19,51.43333435058594,52.633331298828125,51.016666412353516,51.71666717529297,83953914
2021-05-20,51.983333587646484,52.900001525878906,51.0,52.266666412353516,67499931
2021-05-21,52.83333206176758,53.0,52.08333206176758,52.53333282470703,58163772
2021-05-24,52.78333282470703,53.33333206176758,52.06666564941406,52.28333282470703,74623869
2021-05-25,52.61666488647461,52.61666488647461,49.599998474121094,49.733333587646484,53594838
2021-05-26,50.0,51.400001525878906,49.666664123535156,49.916664123535156,45070683
2021-05-27,50.266666412353516,50.31666564941406,47.400001525878906,49.516666412353516,360249207
2021-05-28,49.5,49.86666488647461,48.133331298828125,48.28333282470703,44625315
2021-05-31,48.516666412353516,48.733333587646484,47.900001525878906,48.46666717529297,29061186
2021-06-01,51.0,51.0,48.666664123535156,48.983333587646484,74882883
2021-06-02,48.75,50.33333206176758,48.666664123535156,50.11666488647461,24742749
2021-06-03,50.416664123535156,50.650001525878906,49.733333587646484,50.400001525878906,26792298
2021-06-04,50.53333282470703,51.06666564941406,50.28333282470703,50.93333435058594,23574183
2021-06-07,51.0,51.416664123535156,50.79999923706055,51.099998474121094,16889640
2021-06-08,51.20000076293945,51.266666412353516,49.416664123535156,50.983333587646484,31918326
2021-06-09,51.133331298828125,51.83333206176758,49.849998474121094,50.233333587646484,31016931
2021-06-10,50.31666564941406,50.983333587646484,50.03333282470703,50.68333435058594,17381064
2021-06-11,50.666664123535156,51.666664123535156,50.04999923706055,51.349998474121094,25835898
2021-06-14,51.0,51.11666488647461,49.18333435058594,50.58333206176758,26533281
2021-06-15,50.666664123535156,50.96666717529297,50.016666412353516,50.233333587646484,22951029
2021-06-16,50.0,50.5,49.416664123535156,49.900001525878906,19709055
2021-06-17,49.400001525878906,49.916664123535156,48.21666717529297,48.71666717529297,22419540
2021-06-18,48.849998474121094,49.0,46.83333206176758,48.733333587646484,34091544
2021-06-21,47.33333206176758,50.0,47.33333206176758,49.733333587646484,23199468
2021-06-22,50.0,50.666664123535156,49.666664123535156,50.46666717529297,28261329
2021-06-23,51.70000076293945,56.666664123535156,50.83333206176758,56.166664123535156,363893778
2021-06-24,56.31666564941406,57.83333206176758,55.599998474121094,57.04999923706055,169690515
2021-06-25,57.04999923706055,58.633331298828125,56.95000076293945,58.33333206176758,71399592
2021-06-28,58.71666717529297,59.03333282470703,57.666664123535156,57.916664123535156,38881053
2021-06-29,57.81666564941406,58.61666488647461,57.516666412353516,58.21666717529297,49605246
2021-06-30,58.61666488647461,59.633331298828125,58.266666412353516,59.33333206176758,43091670
2021-07-01,59.266666412353516,61.96666717529297,59.03333282470703,61.54999923706055,87835578
2021-07-02,61.81666564941406,61.81666564941406,60.08333206176758,60.21666717529297,40351092
2021-07-05,60.43333435058594,60.666664123535156,59.53333282470703,59.733333587646484,22985568
2021-07-06,59.5,60.733333587646484,59.46666717529297,60.349998474121094,41588856
2021-07-07,60.03333282470703,61.133331298828125,59.633331298828125,60.96666717529297,17834940
2021-07-08,61.266666412353516,62.46666717529297,59.70000076293945,60.21666717529297,44887437
2021-07-09,60.21666717529297,60.900001525878906,60.06666564941406,60.28333282470703,18512454
2021-07-12,60.33333206176758,61.650001525878906,60.33333206176758,61.28333282470703,18021216
2021-07-13,61.33333206176758,61.599998474121094,60.04999923706055,60.54999923706055,15530661
2021-07-14,60.36666488647461,61.54999923706055,60.266666412353516,61.383331298828125,18423249
2021-07-15,61.383331298828125,61.46666717529297,59.81666564941406,59.983333587646484,14669931
2021-07-16,60.166664123535156,60.400001525878906,59.56666564941406,59.883331298828125,21219636
2021-07-19,59.83333206176758,62.58333206176758,59.21666717529297,62.0,45407127
2021-07-20,62.21666717529297,62.25,60.08333206176758,60.400001525878906,21901098
2021-07-22,60.70000076293945,61.58333206176758,60.666664123535156,61.5,14278368
2021-07-23,61.400001525878906,61.733333587646484,60.53333282470703,60.883331298828125,12770211
2021-07-26,60.883331298828125,61.666664123535156,60.06666564941406,61.53333282470703,13753260
2021-07-27,61.53333282470703,61.75,60.599998474121094,61.016666412353516,14436747
2021-07-28,61.0,63.86666488647461,60.83333206176758,63.31666564941406,48274629
2021-07-29,63.650001525878906,63.900001525878906,62.650001525878906,62.93333435058594,27425199
2021-07-30,62.81666564941406,62.81666564941406,60.83333206176758,61.54999923706055,28756776
2021-08-02,61.666664123535156,62.33333206176758,61.150001525878906,61.266666412353516,21084204
2021-08-03,61.266666412353516,61.633331298828125,60.516666412353516,60.75,17656980
2021-08-04,60.83333206176758,61.599998474121094,58.266666412353516,58.483333587646484,38353227
2021-08-05,58.666664123535156,59.70000076293945,58.03333282470703,58.86666488647461,33065568
2021-08-06,58.96666717529297,59.93333435058594,58.33333206176758,58.46666717529297,23813595
2021-08-09,55.0,57.633331298828125,54.11666488647461,57.04999923706055,110821485
2021-08-10,57.04999923706055,58.06666564941406,55.900001525878906,56.416664123535156,32690748
2021-08-11,56.416664123535156,57.56666564941406,55.099998474121094,57.416664123535156,27235548
2021-08-12,57.29999923706055,58.08333206176758,56.666664123535156,57.95000076293945,17966661
2021-08-13,58.06666564941406,58.53333282470703,57.516666412353516,58.166664123535156,27821241
2021-08-16,58.04999923706055,58.516666412353516,57.483333587646484,58.11666488647461,12560913
2021-08-17,58.03333282470703,58.83333206176758,57.43333435058594,58.68333435058594,18039039
2021-08-18,58.70000076293945,60.61666488647461,57.75,58.03333282470703,34210602
2021-08-20,57.29999923706055,58.29999923706055,56.766666412353516,57.016666412353516,15542163
2021-08-23,57.46666717529297,58.96666717529297,56.383331298828125,58.383331298828125,26688300
2021-08-24,58.33333206176758,59.483333587646484,58.133331298828125,59.21666717529297,14925912
2021-08-25,59.099998474121094,60.18333435058594,59.099998474121094,59.983333587646484,16571559
2021-08-26,60.11666488647461,60.733333587646484,59.79999923706055,60.43333435058594,21301485
2021-08-27,60.5,62.0,60.43333435058594,61.766666412353516,28167945
2021-08-30,61.633331298828125,62.25,61.233333587646484,61.349998474121094,13619223
2021-08-31,61.29999923706055,62.46666717529297,61.21666717529297,62.21666717529297,21603702
2021-09-01,62.400001525878906,64.11666870117188,62.18333435058594,63.28333282470703,26940252
2021-09-02,63.58333206176758,64.1500015258789,63.25,63.383331298828125,25664589
2021-09-03,64.0,66.51666259765625,63.516666412353516,66.19999694824219,52170660
2021-09-06,67.08333587646484,67.63333129882812,64.91666412353516,65.1500015258789,36365391
2021-09-07,65.1500015258789,66.0,64.44999694824219,64.76666259765625,15882570
2021-09-08,65.33333587646484,66.46666717529297,64.75,65.69999694824219,19285563
2021-09-09,65.58333587646484,66.41666412353516,65.16666412353516,65.68333435058594,11581218
2021-09-13,65.83333587646484,66.21666717529297,65.21666717529297,65.5,10518984
2021-09-14,65.1500015258789,68.0,64.9000015258789,67.46666717529297,29010315
2021-09-15,67.94999694824219,69.5999984741211,67.56666564941406,69.26666259765625,35238519
2021-09-16,69.30000305175781,69.66666412353516,68.25,68.51666259765625,12378501
2021-09-17,68.61666870117188,69.11666870117188,66.9000015258789,68.43333435058594,16039149
2021-09-20,67.5,68.6500015258789,67.01666259765625,67.19999694824219,12243591
2021-09-21,67.19999694824219,69.08333587646484,67.19999694824219,68.1500015258789,20777913
2021-09-22,68.13333129882812,68.94999694824219,67.93333435058594,68.6500015258789,9672642
2021-09-23,69.0,70.23332977294922,68.8499984741211,69.1500015258789,19379646
2021-09-24,69.33333587646484,70.16666412353516,67.86666870117188,68.5,17282355
2021-09-27,68.69999694824219,69.9000015258789,67.58333587646484,68.0,10315860
2021-09-28,68.33333587646484,70.81666564941406,68.05000305175781,70.11666870117188,29934006
2021-09-29,70.30000305175781,70.80000305175781,67.9000015258789,68.38333129882812,27378225
2021-09-30,68.66666412353516,69.18333435058594,67.23332977294922,67.6500015258789,34237251
2021-10-01,66.66666412353516,68.08333587646484,66.38333129882812,67.25,22069932
2021-10-04,67.33333587646484,68.69999694824219,67.25,68.5999984741211,16627587
2021-10-05,68.93333435058594,69.21666717529297,68.18333435058594,68.61666870117188,18733530
2021-10-06,68.63333129882812,69.5,66.0,66.43333435058594,15618651
2021-10-07,67.0,67.93333435058594,66.83333587646484,67.69999694824219,7587423
2021-10-08,67.66666412353516,67.88333129882812,66.46666717529297,66.71666717529297,9881742
2021-10-11,66.71666717529297,70.33333587646484,66.71666717529297,69.53333282470703,21749220
2021-10-12,69.56666564941406,70.56666564941406,68.18333435058594,70.08333587646484,18331041
2021-10-13,70.36666870117188,71.31666564941406,69.03333282470703,69.55000305175781,16863453
2021-10-14,69.76666259765625,70.88333129882812,69.68333435058594,70.18333435058594,15404877
2021-10-18,68.41666412353516,73.83333587646484,68.33333587646484,72.38333129882812,40084623
2021-10-19,73.06666564941406,73.06666564941406,68.58333587646484,68.94999694824219,15424062
2021-10-20,68.94999694824219,70.06666564941406,67.61666870117188,68.26666259765625,16082943
2021-10-21,68.61666870117188,69.0,67.68333435058594,68.13333129882812,15707487
2021-10-22,68.36666870117188,68.96666717529297,66.66666412353516,67.1500015258789,10288875
2021-10-25,67.5,67.5,64.58333587646484,67.0999984741211,13207770
2021-10-26,67.0999984741211,69.08333587646484,67.03333282470703,68.73332977294922,9505146
2021-10-27,68.81666564941406,69.91666412353516,68.68333435058594,69.01666259765625,9492999
2021-10-28,69.01666259765625,69.28333282470703,66.63333129882812,66.76666259765625,11429706
2021-10-29,65.93333435058594,72.94999694824219,61.150001525878906,68.94999694824219,95295024
2021-11-01,69.23332977294922,69.5999984741211,65.43333435058594,66.8499984741211,23954010
2021-11-02,67.33333587646484,67.86666870117188,65.75,66.86666870117188,19613109
2021-11-03,67.31666564941406,68.75,66.48332977294922,66.78333282470703,25307715
2021-11-04,67.4000015258789,67.43333435058594,67.0999984741211,67.28333282470703,1434759
2021-11-08,67.18333435058594,71.0999984741211,67.18333435058594,70.81666564941406,35893830
2021-11-09,70.81666564941406,74.73332977294922,70.81666564941406,73.5999984741211,51756600
2021-11-10,73.63333129882812,73.80000305175781,72.98332977294922,73.23332977294922,15949584
2021-11-11,73.25,75.0,73.16666412353516,74.43333435058594,23431827
2021-11-12,75.16666412353516,76.0,74.03333282470703,74.53333282470703,23132022
2021-11-15,74.91666412353516,75.33333587646484,73.58333587646484,74.21666717529297,8602539
2021-11-16,74.1500015258789,74.66666412353516,72.23332977294922,72.5999984741211,8030718
2021-11-17,72.56666564941406,72.5999984741211,71.01666259765625,71.81666564941406,18084606
2021-11-18,71.8499984741211,72.5,69.46666717529297,69.61666870117188,28766142
2021-11-22,69.96666717529297,70.13333129882812,66.91666412353516,67.66666412353516,17243226
2021-11-23,67.83333587646484,70.55000305175781,67.56666564941406,70.33333587646484,17089326
2021-11-24,70.69999694824219,70.98332977294922,69.0,69.44999694824219,11478315
2021-11-25,69.44999694824219,70.86666870117188,68.55000305175781,70.55000305175781,9875469
2021-11-26,69.5,70.11666870117188,65.53333282470703,66.06666564941406,22881369
2021-11-29,65.41666412353516,67.0999984741211,62.93333435058594,65.75,14850591
2021-11-30,65.75,68.43333435058594,65.73332977294922,67.91666412353516,32274063
2021-12-01,68.0,68.76666259765625,67.16666412353516,68.61666870117188,14136084
2021-12-02,68.03333282470703,68.93333435058594,67.41666412353516,68.63333129882812,13228377
2021-12-03,68.61666870117188,69.93333435058594,68.53333282470703,68.88333129882812,12481431
2021-12-06,68.88333129882812,70.4000015258789,68.88333129882812,69.28333282470703,14751723
2021-12-07,69.80000305175781,71.56666564941406,69.4000015258789,70.13333129882812,23275224
2021-12-08,70.3499984741211,70.98332977294922,69.43333435058594,69.6500015258789,9462426
2021-12-09,68.69999694824219,69.78333282470703,68.06666564941406,69.25,12294123
2021-12-10,69.19999694824219,70.28333282470703,68.36666870117188,68.51666259765625,18276354
2021-12-13,68.93333435058594,70.46666717529297,68.73332977294922,69.6500015258789,27024840
2021-12-14,69.80000305175781,70.96666717529297,69.55000305175781,69.93333435058594,19438713
2021-12-15,69.83333587646484,70.11666870117188,68.80000305175781,69.33333587646484,14031681
2021-12-16,69.66666412353516,70.26666259765625,68.51666259765625,69.06666564941406,23209956
2021-12-17,69.25,69.38333129882812,66.76666259765625,67.0999984741211,12549333
2021-12-20,66.96666717529297,66.96666717529297,63.883331298828125,65.08333587646484,16835343
2021-12-21,65.13333129882812,67.1500015258789,65.13333129882812,66.5,10884186
2021-12-22,66.83333587646484,68.06666564941406,66.83333587646484,67.80000305175781,8943987
2021-12-23,68.13333129882812,69.91666412353516,68.13333129882812,69.63333129882812,8703837
2021-12-24,69.4000015258789,69.56666564941406,67.46666717529297,68.01666259765625,9183225
2021-12-27,68.0,69.1500015258789,67.16666412353516,68.98332977294922,8676960
2021-12-28,69.5999984741211,69.69999694824219,68.5,69.01666259765625,10372101
2021-12-29,68.96666717529297,70.96666717529297,68.96666717529297,69.9000015258789,24965061
2021-12-30,69.93333435058594,70.80000305175781,68.33333587646484,69.98332977294922,42195855
2021-12-31,70.0,71.0,69.53333282470703,69.98332977294922,12683187
2022-01-03,69.91666412353516,70.73332977294922,69.83333587646484,70.41666412353516,8974341
2022-01-04,70.83333587646484,73.01666259765625,70.4000015258789,72.05000305175781,31336737
2022-01-05,71.91666412353516,72.30000305175781,70.86666870117188,71.0999984741211,11957511
2022-01-06,70.33333587646484,71.05000305175781,70.19999694824219,70.63333129882812,8820915
2022-01-07,70.63333129882812,71.31666564941406,69.16666412353516,69.3499984741211,12974964
2022-01-10,69.6500015258789,70.5,69.33333587646484,70.28333282470703,9408897
2022-01-11,70.33333587646484,70.71666717529297,69.51666259765625,70.1500015258789,10022118
2022-01-12,70.33333587646484,70.6500015258789,69.5999984741211,70.19999694824219,7794744
2022-01-13,70.63333129882812,70.76666259765625,69.08333587646484,69.8499984741211,12144687
2022-01-14,69.69999694824219,74.03333282470703,69.46666717529297,73.36666870117188,27463650
2022-01-17,74.0,74.26666259765625,71.93333435058594,72.16666412353516,28842888
2022-01-18,72.76666259765625,72.83333587646484,69.19999694824219,69.44999694824219,17939775
2022-01-19,69.71666717529297,70.13333129882812,68.33333587646484,69.38333129882812,30378717
2022-01-20,69.66666412353516,70.93333435058594,69.1500015258789,70.78333282470703,20278191
2022-01-21,70.46666717529297,70.55000305175781,68.33333587646484,68.98332977294922,17723898
2022-01-24,68.98332977294922,69.58333587646484,65.01666259765625,65.76666259765625,20025537
2022-01-25,65.43333435058594,68.5,64.73332977294922,68.06666564941406,29718342
2022-01-27,67.30000305175781,68.76666259765625,66.05000305175781,68.30000305175781,23800311
2022-01-28,68.91666412353516,70.33333587646484,68.44999694824219,69.03333282470703,24666333
2022-01-31,71.56666564941406,73.25,69.21666717529297,69.9000015258789,53776260
2022-02-01,70.55000305175781,70.81666564941406,67.78333282470703,69.13333129882812,29395494
2022-02-02,69.8499984741211,70.73332977294922,69.5,70.25,30206025
2022-02-03,70.33333587646484,70.48332977294922,69.18333435058594,69.31666564941406,11555226
2022-02-04,69.81666564941406,69.86666870117188,68.11666870117188,68.26666259765625,17933076
2022-02-07,68.30000305175781,68.5999984741211,66.53333282470703,67.36666870117188,18325029
2022-02-08,67.4000015258789,67.96666717529297,65.46666717529297,66.5,26278878
2022-02-09,66.46666717529297,67.75,66.03333282470703,67.53333282470703,15305202
2022-02-10,67.6500015258789,68.25,66.83333587646484,67.5999984741211,12104241
2022-02-11,66.94999694824219,67.88333129882812,66.61666870117188,66.78333282470703,11505933
2022-02-14,65.66666412353516,66.46666717529297,64.28333282470703,65.30000305175781,31961610
2022-02-15,65.4000015258789,66.46666717529297,64.19999694824219,66.31666564941406,10746255
2022-02-16,66.58333587646484,67.11666870117188,65.51666259765625,66.33333587646484,13420629
2022-02-17,66.41666412353516,68.21666717529297,66.1500015258789,67.0,19166469
2022-02-18,66.66666412353516,67.19999694824219,66.33333587646484,66.66666412353516,10616886
2022-02-21,66.0,67.28333282470703,65.61666870117188,66.05000305175781,10470885
2022-02-22,65.0,66.69999694824219,64.44999694824219,65.78333282470703,20409699
2022-02-23,65.80000305175781,66.8499984741211,65.80000305175781,66.33333587646484,10145349
2022-02-24,65.23332977294922,65.58333587646484,62.33333206176758,62.61666488647461,24915339
2022-02-25,64.28333282470703,67.05000305175781,63.96666717529297,66.71666717529297,22461840
2022-02-28,65.68333435058594,70.5,65.4000015258789,70.1500015258789,35587689
2022-03-02,69.18333435058594,73.19999694824219,69.18333435058594,72.0,51608091
2022-03-03,72.66666412353516,73.31666564941406,70.88333129882812,71.68333435058594,28625697
2022-03-04,71.33333587646484,74.91666412353516,70.8499984741211,71.63333129882812,46128378
2022-03-07,70.93333435058594,72.80000305175781,68.8499984741211,71.41666412353516,38244033
2022-03-08,72.1500015258789,72.58333587646484,69.4000015258789,71.0,20461842
2022-03-09,71.46666717529297,75.11666870117188,71.06666564941406,74.1500015258789,30245265
2022-03-10,75.11666870117188,75.5,71.88333129882812,72.25,37328694
2022-03-11,72.75,72.93333435058594,71.36666870117188,71.5999984741211,29348391
2022-03-14,72.0,72.03333282470703,69.73332977294922,69.93333435058594,28491564
2022-03-15,69.33333587646484,70.05000305175781,67.75,68.51666259765625,23328489
2022-03-16,69.63333129882812,69.96666717529297,68.86666870117188,69.66666412353516,23656146
2022-03-17,70.06666564941406,70.5999984741211,69.0,69.80000305175781,36269526
2022-03-21,70.0,71.46666717529297,68.96666717529297,69.63333129882812,38413833
2022-03-22,69.76666259765625,70.21666717529297,68.33333587646484,69.93333435058594,19632078
2022-03-23,71.30000305175781,71.30000305175781,68.94999694824219,69.13333129882812,33279774
2022-03-24,68.63333129882812,69.68333435058594,68.08333587646484,69.16666412353516,15609300
2022-03-25,69.36666870117188,69.4000015258789,68.31666564941406,68.66666412353516,22413369
2022-03-28,68.66666412353516,68.93333435058594,67.8499984741211,68.3499984741211,13461477
2022-03-29,68.66666412353516,69.53333282470703,68.5,69.13333129882812,12104067
2022-03-30,70.63333129882812,70.63333129882812,69.21666717529297,69.48332977294922,22181898
2022-03-31,70.06666564941406,70.78333282470703,68.91666412353516,70.26666259765625,21738033
2022-04-01,70.31666564941406,72.33333587646484,70.08333587646484,71.69999694824219,45845880
2022-04-04,72.5,73.44999694824219,71.93333435058594,73.1500015258789,29426580
2022-04-05,73.80000305175781,74.56666564941406,72.5,72.86666870117188,29299197
2022-04-06,72.66666412353516,73.66666412353516,72.4000015258789,73.33333587646484,27765654
2022-04-07,74.0,79.30000305175781,73.8499984741211,78.11666870117188,162897504
2022-04-08,79.56666564941406,80.73332977294922,78.31666564941406,79.86666870117188,86792331
2022-04-11,80.61666870117188,82.73332977294922,80.3499984741211,81.31666564941406,53098242
2022-04-12,81.31666564941406,82.13333129882812,79.1500015258789,80.80000305175781,34166946
2022-04-13,81.3499984741211,83.41666412353516,81.3499984741211,82.36666870117188,35185764
2022-04-18,82.0,85.43333435058594,81.41666412353516,84.98332977294922,58066713
2022-04-19,85.0,86.5,82.68333435058594,83.43333435058594,39192846
2022-04-20,84.23332977294922,85.19999694824219,83.53333282470703,84.43333435058594,31402827
2022-04-21,84.81666564941406,86.23332977294922,83.96666717529297,84.30000305175781,32102493
2022-04-22,84.1500015258789,85.55000305175781,83.61666870117188,83.88333129882812,14025423
2022-04-25,83.33333587646484,83.33333587646484,80.91666412353516,81.93333435058594,15988692
2022-04-26,82.3499984741211,84.46666717529297,82.33333587646484,83.5,16455561
2022-04-27,82.51666259765625,82.98332977294922,80.94999694824219,82.16666412353516,13818495
2022-04-28,83.33333587646484,83.33333587646484,81.16666412353516,82.21666717529297,9256521
2022-04-29,82.58333587646484,83.28333282470703,78.91666412353516,79.51666259765625,21932493
2022-05-02,78.33333587646484,79.80000305175781,77.9000015258789,79.38333129882812,13942155
2022-05-04,79.66666412353516,79.94999694824219,76.26666259765625,77.06666564941406,16041333
2022-05-05,78.28333282470703,79.46666717529297,77.33333587646484,78.30000305175781,18857412
2022-05-06,77.41666412353516,78.08333587646484,75.75,76.05000305175781,16795458
2022-05-09,75.0,75.71666717529297,73.83333587646484,75.16666412353516,23472795
2022-05-10,75.0,76.46666717529297,74.03333282470703,74.30000305175781,13234959
2022-05-11,74.96666717529297,75.06666564941406,71.91666412353516,73.0,17541396
2022-05-12,73.33333587646484,74.38333129882812,72.05000305175781,72.76666259765625,23454804
2022-05-13,73.46666717529297,75.23332977294922,72.36666870117188,72.91666412353516,12118287
2022-05-16,72.93333435058594,75.8499984741211,72.0999984741211,75.61666870117188,15258537
2022-05-17,76.26666259765625,77.96666717529297,75.38333129882812,77.58333587646484,17055900
2022-05-18,78.16666412353516,79.08333587646484,77.33333587646484,77.69999694824219,18878982
2022-05-19,76.5,76.93333435058594,74.73332977294922,75.83333587646484,11176905
2022-05-20,77.0,79.44999694824219,76.51666259765625,78.31666564941406,17729133
2022-05-23,78.75,80.06666564941406,76.76666259765625,77.13333129882812,15413691
2022-05-24,73.33333587646484,77.78333282470703,73.03333282470703,77.21666717529297,36815832
2022-05-25,77.33333587646484,78.48332977294922,75.16666412353516,75.44999694824219,12376107
2022-05-26,75.73332977294922,76.51666259765625,74.19999694824219,75.33333587646484,11313504
2022-05-27,76.66666412353516,77.55000305175781,75.73332977294922,76.96666717529297,11187723
2022-05-30,77.96666717529297,78.43333435058594,76.33333587646484,76.88333129882812,8326164
2022-05-31,77.13333129882812,78.6500015258789,76.55000305175781,78.25,13674072
2022-06-01,78.44999694824219,82.56666564941406,78.25,82.03333282470703,34360020
2022-06-02,82.73332977294922,83.18333435058594,81.38333129882812,81.91666412353516,26049855
2022-06-03,82.33333587646484,82.6500015258789,80.58333587646484,80.75,11056728
2022-06-06,80.30000305175781,81.78333282470703,79.43333435058594,81.13333129882812,13057254
2022-06-07,82.0,82.8499984741211,80.71666717529297,81.93333435058594,28241430
2022-06-08,82.31666564941406,83.48332977294922,81.3499984741211,81.76666259765625,24623397
2022-06-09,81.73332977294922,82.48332977294922,81.03333282470703,81.8499984741211,6650814
2022-06-10,81.0,82.48332977294922,80.5,82.23332977294922,9887892
2022-06-13,81.0,81.0,78.28333282470703,78.5,13056528
2022-06-14,78.01666259765625,80.80000305175781,78.01666259765625,80.44999694824219,11702244
2022-06-15,81.03333282470703,81.21666717529297,79.61666870117188,80.05000305175781,9599067
2022-06-16,80.4000015258789,81.30000305175781,77.03333282470703,77.46666717529297,12906030
2022-06-17,76.66666412353516,79.55000305175781,76.26666259765625,78.23332977294922,20333781
2022-06-20,78.33333587646484,78.75,74.56666564941406,75.71666717529297,12914700
2022-06-21,76.61666870117188,77.46666717529297,76.08333587646484,76.75,12811437
2022-06-22,76.38333129882812,76.6500015258789,75.01666259765625,75.28333282470703,11056173
2022-06-23,75.5999984741211,76.0999984741211,75.01666259765625,75.63333129882812,9004842
2022-06-24,76.31666564941406,77.96666717529297,76.0999984741211,77.83333587646484,9668958
2022-06-27,78.33333587646484,80.43333435058594,78.23332977294922,80.01666259765625,14977953
2022-06-28,79.81666564941406,80.16666412353516,78.26666259765625,78.81666564941406,9497565
2022-06-29,78.30000305175781,79.23332977294922,78.06666564941406,78.69999694824219,20182623
2022-06-30,78.5,79.73332977294922,77.26666259765625,78.03333282470703,19573899
2022-07-01,77.66666412353516,78.5,75.75,76.5999984741211,15324042
2022-07-04,76.23332977294922,77.55000305175781,75.6500015258789,76.56666564941406,13538427
2022-07-05,77.26666259765625,78.30000305175781,76.03333282470703,76.4000015258789,14922519
2022-07-06,76.5999984741211,77.23332977294922,74.71666717529297,77.01666259765625,21103464
2022-07-07,77.16666412353516,79.28333282470703,77.03333282470703,78.88333129882812,19351467
2022-07-08,79.36666870117188,80.81666564941406,77.81666564941406,78.66666412353516,21179418
2022-07-11,78.5999984741211,79.46666717529297,77.93333435058594,78.25,10090566
2022-07-12,77.83333587646484,78.93333435058594,76.73332977294922,77.41666412353516,12953874
2022-07-13,77.30000305175781,78.43333435058594,77.0,77.81666564941406,12866319
2022-07-14,78.0,79.31666564941406,77.88333129882812,79.13333129882812,16879224
2022-07-15,79.16666412353516,82.23332977294922,79.13333129882812,81.83333587646484,24300105
2022-07-18,83.25,86.93333435058594,83.05000305175781,84.81666564941406,114055476
2022-07-19,84.53333282470703,86.21666717529297,84.01666259765625,85.05000305175781,30352653
2022-07-20,86.03333282470703,86.16666412353516,84.33333587646484,84.96666717529297,16157313
2022-07-21,85.0,89.96666717529297,84.80000305175781,89.56666564941406,56209248
2022-07-22,89.94999694824219,90.03333282470703,88.46666717529297,88.93333435058594,28925541
2022-07-25,89.9000015258789,91.46666717529297,89.3499984741211,90.01666259765625,27481563
2022-07-26,90.25,90.33333587646484,87.66666412353516,88.96666717529297,16387791
2022-07-27,89.41666412353516,91.28333282470703,89.26666259765625,91.05000305175781,26434413
2022-07-28,91.33333587646484,92.30000305175781,90.38333129882812,90.78333282470703,26787639
2022-07-29,91.33333587646484,92.0999984741211,90.66666412353516,91.73332977294922,14660187
2022-08-01,92.06666564941406,95.93333435058594,90.96666717529297,94.73332977294922,24181113
2022-08-02,95.30000305175781,95.68333435058594,93.03333282470703,94.0,32577612
2022-08-03,94.33333587646484,94.69999694824219,91.33333587646484,92.28333282470703,15700254
2022-08-04,92.75,95.83333587646484,91.98332977294922,94.71666717529297,39839988
2022-08-05,94.96666717529297,95.0,89.08333587646484,92.05000305175781,80363784
2022-08-08,91.81666564941406,94.53333282470703,91.5999984741211,93.94999694824219,21774303
2022-08-10,93.93333435058594,96.0999984741211,93.58333587646484,95.80000305175781,28967340
2022-08-11,96.16666412353516,97.41666412353516,95.21666717529297,95.81666564941406,23053884
2022-08-12,96.0,97.38333129882812,95.73332977294922,97.03333282470703,13774848
2022-08-16,97.5,98.44999694824219,96.71666717529297,97.91666412353516,18326535
2022-08-17,98.41666412353516,98.56666564941406,96.86666870117188,97.11666870117188,12973041
2022-08-18,97.01666259765625,98.16666412353516,95.58333587646484,96.25,16134525
2022-08-19,96.5,97.4000015258789,94.44999694824219,95.03333282470703,17598678
2022-08-22,95.0,96.75,94.26666259765625,96.36666870117188,18811092
2022-08-23,95.76666259765625,99.86666870117188,95.63333129882812,99.48332977294922,30535758
2022-08-24,100.0,100.30000305175781,97.16666412353516,98.01666259765625,20796507
2022-08-25,98.51666259765625,99.76666259765625,98.3499984741211,98.9000015258789,22580238
2022-08-26,99.16666412353516,102.63333129882812,99.16666412353516,101.78333282470703,31345068
2022-08-29,100.5999984741211,103.76666259765625,100.21666717529297,102.94999694824219,27834195
2022-08-30,103.76666259765625,103.94999694824219,101.05000305175781,102.16666412353516,25458348
2022-09-01,102.28333282470703,106.93333435058594,102.0,106.5999984741211,33768936
2022-09-02,107.0,109.9000015258789,106.83333587646484,108.18333435058594,37018653
2022-09-05,109.28333282470703,109.63333129882812,108.11666870117188,109.30000305175781,24073551
2022-09-06,109.81666564941406,111.26666259765625,108.26666259765625,108.55000305175781,28364094
2022-09-07,108.80000305175781,109.91666412353516,108.58333587646484,109.75,14016204
2022-09-08,110.33333587646484,110.46666717529297,109.03333282470703,109.38333129882812,13824843
2022-09-09,109.66666412353516,110.93333435058594,109.23332977294922,109.38333129882812,16733637
2022-09-12,109.94999694824219,113.26666259765625,108.68333435058594,112.8499984741211,39074646
2022-09-13,113.5,113.86666870117188,111.68333435058594,111.93333435058594,18851928
2022-09-14,111.66666412353516,113.1500015258789,111.01666259765625,111.96666717529297,48838458
2022-09-15,114.6500015258789,114.6500015258789,108.5999984741211,111.0999984741211,25552945
2022-09-16,111.3499984741211,113.5,109.44999694824219,111.0,27675466
2022-09-19,112.3499984741211,113.75,110.0,110.5,18503444
2022-09-20,111.5,112.0999984741211,110.0,110.19999694824219,13735873
2022-09-21,110.4000015258789,110.55000305175781,107.6500015258789,108.44999694824219,16931740
2022-09-22,108.5999984741211,112.0,107.5999984741211,110.0,20701188
2022-09-23,110.55000305175781,111.0,106.0999984741211,106.6500015258789,15215768
2022-09-26,105.0,105.0,99.5,100.69999694824219,41567351
2022-09-27,101.25,101.8499984741211,98.44999694824219,99.75,28782718
2022-09-28,99.0,100.94999694824219,98.5999984741211,99.1500015258789,24892912
2022-09-29,99.9000015258789,100.69999694824219,98.3499984741211,99.0,74476855
2022-09-30,99.3499984741211,101.3499984741211,96.25,100.94999694824219,28502920
2022-10-03,101.44999694824219,103.0,98.0999984741211,98.44999694824219,21407465
2022-10-04,100.25,102.44999694824219,99.8499984741211,102.05000305175781,14768228
2022-10-06,102.94999694824219,105.0,102.4000015258789,104.6500015258789,20520361
2022-10-07,105.19999694824219,106.5,104.0,106.25,20045623
2022-10-10,105.0999984741211,105.5999984741211,103.94999694824219,104.44999694824219,11511957
2022-10-11,105.0,105.4000015258789,102.55000305175781,103.05000305175781,11739022
2022-10-12,102.6500015258789,103.44999694824219,101.0,103.25,6659580
2022-10-13,103.25,104.4000015258789,101.05000305175781,101.4000015258789,7795689
2022-10-14,103.0,103.5999984741211,100.44999694824219,100.80000305175781,7476515
2022-10-17,100.5,102.75,99.94999694824219,101.80000305175781,9943468
2022-10-18,102.3499984741211,106.9000015258789,102.05000305175781,105.94999694824219,21766333
2022-10-19,106.6500015258789,109.19999694824219,105.30000305175781,105.9000015258789,22878764
2022-10-20,106.80000305175781,109.1500015258789,106.55000305175781,108.0,25579790
2022-10-21,108.55000305175781,108.94999694824219,102.69999694824219,103.55000305175781,19880033
2022-10-24,104.5999984741211,105.3499984741211,104.3499984741211,104.80000305175781,3728536
2022-10-25,105.0,105.5,103.55000305175781,105.05000305175781,13217298
2022-10-27,105.6500015258789,108.9000015258789,105.19999694824219,107.8499984741211,29990758
2022-10-28,108.0,108.55000305175781,103.9000015258789,105.3499984741211,20059496
2022-10-31,105.9000015258789,107.19999694824219,105.1500015258789,106.8499984741211,12793983
2022-11-01,107.30000305175781,110.4000015258789,106.75,108.5,26521676
2022-11-02,108.5,110.25,106.80000305175781,107.0999984741211,19881462
2022-11-03,106.80000305175781,112.19999694824219,106.5,109.94999694824219,34173239
2022-11-04,110.5999984741211,111.4000015258789,108.5999984741211,108.94999694824219,22356935
2022-11-07,109.4000015258789,110.30000305175781,108.80000305175781,109.6500015258789,15333789
2022-11-09,110.19999694824219,111.19999694824219,107.6500015258789,108.05000305175781,17033165
2022-11-10,108.05000305175781,108.5,104.69999694824219,106.69999694824219,12937603
2022-11-11,108.0,108.44999694824219,106.69999694824219,107.30000305175781,11075218
2022-11-14,107.30000305175781,107.6500015258789,105.44999694824219,106.5999984741211,10547759
2022-11-15,106.69999694824219,107.4000015258789,105.44999694824219,107.05000305175781,11675691
2022-11-16,108.94999694824219,109.80000305175781,107.3499984741211,108.30000305175781,27372424
2022-11-17,108.19999694824219,111.3499984741211,108.0999984741211,110.5999984741211,26985734
2022-11-18,110.8499984741211,111.4000015258789,106.4000015258789,107.3499984741211,23962357
2022-11-21,107.0999984741211,107.19999694824219,104.5,105.80000305175781,16407321
2022-11-22,105.19999694824219,107.80000305175781,105.05000305175781,107.44999694824219,11999335
2022-11-23,108.0,109.0999984741211,106.3499984741211,106.9000015258789,21024176
2022-11-24,107.0,107.4000015258789,106.05000305175781,107.0,12820212
2022-11-25,107.30000305175781,108.0,106.6500015258789,107.1500015258789,8834584
2022-11-28,107.0999984741211,108.75,106.94999694824219,107.4000015258789,11289089
2022-11-29,107.9000015258789,107.9000015258789,105.25,106.1500015258789,8717535
2022-11-30,106.5,106.55000305175781,104.1500015258789,105.0999984741211,27869373
2022-12-01,105.6500015258789,106.3499984741211,103.8499984741211,104.1500015258789,19098551
2022-12-02,104.55000305175781,106.44999694824219,104.30000305175781,106.1500015258789,13020973
2022-12-05,106.3499984741211,107.5999984741211,105.0,107.44999694824219,17476086
2022-12-06,107.25,108.4000015258789,105.5,105.69999694824219,13880227
2022-12-07,106.25,107.1500015258789,105.44999694824219,105.69999694824219,11943855
2022-12-08,105.0,105.5,104.25,105.30000305175781,15789329
2022-12-09,106.0,106.9000015258789,104.5,105.80000305175781,12630851
2022-12-12,106.0,106.55000305175781,104.0,104.55000305175781,19335542
2022-12-13,105.0999984741211,105.4000015258789,104.4000015258789,105.1500015258789,7421330
2022-12-14,105.1500015258789,105.6500015258789,104.8499984741211,105.44999694824219,6168426
2022-12-15,105.25,105.6500015258789,102.75,103.25,10186774
2022-12-16,102.25,102.4000015258789,97.8499984741211,99.44999694824219,38364152
2022-12-19,99.44999694824219,100.8499984741211,97.75,100.44999694824219,22872344
2022-12-20,100.75,101.5999984741211,99.0,101.30000305175781,10478941
2022-12-21,101.8499984741211,102.19999694824219,98.44999694824219,99.19999694824219,11606766
2022-12-22,99.5,99.9000015258789,96.80000305175781,98.25,14577136
2022-12-23,98.94999694824219,99.1500015258789,96.0,96.55000305175781,23099245
2022-12-26,96.5999984741211,99.8499984741211,94.6500015258789,99.25,12096095
2022-12-27,99.80000305175781,100.94999694824219,98.4000015258789,100.25,10240049
2022-12-28,99.5999984741211,100.9000015258789,99.25,99.75,9470020
2022-12-29,98.5,99.80000305175781,98.30000305175781,98.9000015258789,11367064
2022-12-30,99.4000015258789,101.3499984741211,99.25,99.9000015258789,9236774
2023-01-02,100.4000015258789,101.19999694824219,99.9000015258789,100.25,6973552
2023-01-03,100.30000305175781,100.9000015258789,99.80000305175781,100.3499984741211,8833881
2023-01-04,100.69999694824219,100.9000015258789,98.44999694824219,98.75,8927128
2023-01-05,99.0,100.1500015258789,98.30000305175781,99.94999694824219,10448282
2023-01-06,99.80000305175781,100.5,98.69999694824219,98.94999694824219,7215940
2023-01-09,99.9000015258789,101.69999694824219,99.5,100.0,11920266
2023-01-10,100.0,100.0999984741211,98.30000305175781,99.1500015258789,10397112
2023-01-11,100.3499984741211,100.75,99.55000305175781,100.19999694824219,11130194
2023-01-12,100.44999694824219,100.5,98.9000015258789,99.4000015258789,9299447
2023-01-13,99.5,100.0999984741211,97.4000015258789,99.94999694824219,11684608
2023-01-16,100.44999694824219,103.0,100.19999694824219,102.0999984741211,16485682
2023-01-17,102.3499984741211,103.0,101.5,102.9000015258789,11762030
2023-01-18,103.0999984741211,104.0,102.0999984741211,102.69999694824219,13005273
2023-01-19,102.0,103.0,101.8499984741211,102.8499984741211,4842895
2023-01-20,102.9000015258789,103.4000015258789,101.5999984741211,101.80000305175781,7912700
2023-01-23,102.3499984741211,102.5,101.0999984741211,101.55000305175781,9725869
2023-01-24,101.55000305175781,101.8499984741211,100.1500015258789,100.6500015258789,10169994
2023-01-25,100.19999694824219,100.9000015258789,98.80000305175781,99.1500015258789,9232812
2023-01-27,99.5999984741211,99.94999694824219,92.44999694824219,94.30000305175781,24624255
2023-01-30,92.94999694824219,92.94999694824219,87.0,88.94999694824219,62828817
2023-01-31,90.30000305175781,96.25,89.05000305175781,94.94999694824219,59004021
2023-02-01,97.0,97.25,89.05000305175781,90.94999694824219,44092961
2023-02-02,89.55000305175781,93.5,88.30000305175781,93.0999984741211,24502896
2023-02-03,93.4000015258789,94.4000015258789,91.69999694824219,93.8499984741211,15906920
2023-02-06,93.5,95.0,93.19999694824219,94.5,7015869
2023-02-07,94.5,95.0999984741211,93.75,94.44999694824219,10315670
2023-02-08,94.94999694824219,96.30000305175781,94.3499984741211,96.0999984741211,11577350
2023-02-09,96.3499984741211,96.69999694824219,95.55000305175781,95.80000305175781,6577385
2023-02-10,95.55000305175781,96.6500015258789,95.3499984741211,96.25,10685751
2023-02-13,96.25,97.19999694824219,94.44999694824219,94.6500015258789,13582939
2023-02-14,94.80000305175781,95.1500015258789,93.0999984741211,94.5999984741211,9624926
2023-02-15,94.05000305175781,94.80000305175781,93.4000015258789,94.6500015258789,11575131
2023-02-16,95.9000015258789,98.4000015258789,94.25,97.75,32927840
2023-02-17,97.55000305175781,98.6500015258789,96.19999694824219,96.44999694824219,20383244
2023-02-20,96.69999694824219,96.75,94.19999694824219,94.9000015258789,17505922
2023-02-21,95.94999694824219,96.19999694824219,94.5999984741211,95.55000305175781,11933886
2023-02-22,95.69999694824219,96.1500015258789,94.80000305175781,95.0,14589841
2023-02-23,95.0999984741211,95.69999694824219,93.6500015258789,95.4000015258789,16196352
2023-02-24,95.6500015258789,95.9000015258789,95.0,95.3499984741211,8061923
2023-02-27,95.3499984741211,95.69999694824219,93.1500015258789,95.4000015258789,13928820
2023-02-28,95.1500015258789,96.1500015258789,94.4000015258789,94.5999984741211,10965145
2023-03-01,95.19999694824219,97.0999984741211,94.80000305175781,97.05000305175781,14285091
2023-03-02,97.19999694824219,97.55000305175781,96.19999694824219,96.69999694824219,10048980
2023-03-03,97.25,97.69999694824219,95.5999984741211,95.8499984741211,7938348
2023-03-06,96.3499984741211,97.25,95.9000015258789,96.44999694824219,8289319
2023-03-08,96.25,96.4000015258789,94.5,96.0999984741211,14292676
2023-03-09,96.1500015258789,96.9000015258789,95.25,95.44999694824219,7884249
2023-03-10,94.30000305175781,95.5,93.55000305175781,94.9000015258789,9620249
2023-03-13,94.05000305175781,94.9000015258789,91.9000015258789,92.3499984741211,11482697
2023-03-14,92.8499984741211,92.94999694824219,91.19999694824219,92.75,14285446
2023-03-15,93.5,94.25,92.19999694824219,92.5999984741211,8318506
2023-03-16,92.69999694824219,92.69999694824219,89.6500015258789,91.9000015258789,12278142
2023-03-17,93.0999984741211,94.69999694824219,92.9000015258789,93.4000015258789,13158718
2023-03-20,93.0,93.3499984741211,91.75,92.6500015258789,6579446
2023-03-21,93.0,93.44999694824219,92.3499984741211,93.0999984741211,5886671
2023-03-22,93.5,93.94999694824219,92.5,92.6500015258789,6096408
2023-03-23,92.30000305175781,92.75,90.8499984741211,92.0999984741211,9969670
2023-03-24,93.94999694824219,94.5,91.19999694824219,91.55000305175781,16650432
2023-03-27,93.0999984741211,93.75,91.3499984741211,91.75,15959308
2023-03-28,91.75,92.5,90.0,90.30000305175781,14999850
2023-03-29,90.19999694824219,92.05000305175781,89.9000015258789,91.55000305175781,36103221
2023-03-31,94.25,98.44999694824219,94.25,97.55000305175781,64455094
2023-04-03,98.94999694824219,99.0,95.80000305175781,96.5999984741211,24154016
2023-04-05,95.05000305175781,98.44999694824219,95.05000305175781,98.25,24875169
2023-04-06,97.5999984741211,99.0,97.55000305175781,98.75,11440418
2023-04-10,98.9000015258789,100.55000305175781,98.75,99.9000015258789,10870304
2023-04-11,100.4000015258789,100.94999694824219,98.80000305175781,100.0,8458648
2023-04-12,100.1500015258789,101.0999984741211,99.5,100.80000305175781,8938731
2023-04-13,100.80000305175781,101.80000305175781,100.5,100.9000015258789,9153834
2023-04-17,101.0,101.5,100.0,101.4000015258789,8323162
2023-04-18,101.4000015258789,103.8499984741211,101.19999694824219,102.94999694824219,19758227
2023-04-19,103.0,103.0999984741211,101.25,101.4000015258789,11271768
2023-04-20,101.5,103.30000305175781,101.3499984741211,102.8499984741211,13241812
2023-04-21,102.69999694824219,103.5,102.19999694824219,102.80000305175781,5625649
2023-04-24,102.80000305175781,103.19999694824219,101.5,101.80000305175781,5994078
2023-04-25,101.80000305175781,102.0,100.75,101.1500015258789,5696053
2023-04-26,100.80000305175781,101.9000015258789,100.4000015258789,101.6500015258789,4576455
2023-04-27,101.19999694824219,102.0999984741211,101.1500015258789,101.44999694824219,5362153
2023-04-28,101.94999694824219,103.44999694824219,101.25,103.30000305175781,11812226
2023-05-02,104.0,105.0999984741211,103.5,104.30000305175781,13598952
2023-05-03,104.1500015258789,106.55000305175781,103.6500015258789,106.3499984741211,16034319
2023-05-04,106.94999694824219,108.25,106.5,107.25,15414305
2023-05-05,107.05000305175781,107.94999694824219,105.80000305175781,106.30000305175781,9315810
2023-05-08,106.30000305175781,107.5,106.0,107.30000305175781,6721354
2023-05-09,107.19999694824219,108.1500015258789,106.5999984741211,107.55000305175781,10063354
2023-05-10,107.9000015258789,108.5999984741211,107.25,108.05000305175781,10360986
2023-05-11,108.25,109.0,107.5,108.5999984741211,9435021
2023-05-12,108.6500015258789,108.6500015258789,106.5999984741211,107.30000305175781,6855025
2023-05-15,107.0999984741211,108.5999984741211,106.9000015258789,107.6500015258789,7833289
2023-05-16,107.69999694824219,109.0999984741211,107.4000015258789,108.44999694824219,9051577
2023-05-17,108.80000305175781,109.75,107.94999694824219,108.25,9456088
2023-05-18,108.5,109.25,107.25,107.80000305175781,7220608
2023-05-19,107.80000305175781,107.8499984741211,105.69999694824219,107.0,9255095
2023-05-22,108.55000305175781,111.30000305175781,107.5999984741211,110.44999694824219,27946526
2023-05-23,110.94999694824219,111.05000305175781,107.75,107.9000015258789,15214733
2023-05-24,107.9000015258789,109.30000305175781,107.30000305175781,108.80000305175781,10722681
2023-05-25,108.0,110.75,108.0,109.5999984741211,11158044
2023-05-26,109.55000305175781,111.0,109.0999984741211,110.69999694824219,7958341
2023-05-29,111.0,111.80000305175781,110.19999694824219,111.44999694824219,10330215
2023-05-30,111.44999694824219,112.5999984741211,111.0,111.25,7803617
2023-05-31,110.55000305175781,112.44999694824219,110.19999694824219,112.1500015258789,15741522
2023-06-01,112.19999694824219,113.44999694824219,112.0,112.9000015258789,9185292
2023-06-02,113.4000015258789,113.5,112.0,113.30000305175781,9939324
2023-06-05,113.3499984741211,118.6500015258789,113.3499984741211,115.6500015258789,35214281
2023-06-06,116.25,118.5,115.9000015258789,118.05000305175781,18999553
2023-06-07,118.75,119.0,117.5,118.05000305175781,11262532
2023-06-08,118.5,118.69999694824219,116.4000015258789,117.55000305175781,11188999
2023-06-09,118.0,121.44999694824219,116.69999694824219,120.3499984741211,19873573
2023-06-12,120.94999694824219,123.9000015258789,118.75,119.0999984741211,24331332
2023-06-13,119.9000015258789,122.44999694824219,118.9000015258789,122.0999984741211,16552079
2023-06-14,122.3499984741211,123.1500015258789,121.0999984741211,121.4000015258789,8660080
2023-06-15,121.4000015258789,122.75,120.05000305175781,121.94999694824219,13948239
2023-06-16,122.30000305175781,127.25,121.6500015258789,125.19999694824219,32649860
2023-06-19,126.3499984741211,126.3499984741211,124.44999694824219,124.8499984741211,10053869
2023-06-20,125.0,126.75,123.9000015258789,125.1500015258789,15471361
2023-06-21,126.1500015258789,126.30000305175781,121.75,122.80000305175781,14141162
2023-06-22,123.55000305175781,127.3499984741211,122.80000305175781,123.44999694824219,25032998
2023-06-23,123.75,123.9000015258789,119.5,120.05000305175781,12413343
2023-06-26,121.0,122.55000305175781,120.0,121.4000015258789,17369553
2023-06-27,122.0999984741211,122.5999984741211,117.9000015258789,118.4000015258789,19093714
2023-06-28,119.1500015258789,122.4000015258789,118.0999984741211,120.75,61890385
2023-06-30,121.4000015258789,126.69999694824219,120.75,125.75,27973500
2023-07-03,126.0,126.0,122.69999694824219,123.75,15492508
2023-07-04,124.0,124.19999694824219,121.55000305175781,122.05000305175781,7595425
2023-07-05,122.55000305175781,123.75,121.05000305175781,121.75,15615891
2023-07-06,122.30000305175781,125.0999984741211,121.9000015258789,124.80000305175781,16906327
2023-07-07,124.3499984741211,125.9000015258789,123.6500015258789,124.05000305175781,22837962
2023-07-10,124.19999694824219,124.6500015258789,122.5,123.0,9068813
2023-07-11,123.44999694824219,128.64999389648438,123.4000015258789,127.4000015258789,46215137
2023-07-12,128.3000030517578,128.5,126.55000305175781,127.6500015258789,18031857
2023-07-13,127.75,128.8000030517578,125.0,125.5,12374030
2023-07-14,126.0,127.5,124.0999984741211,127.1500015258789,9577719
2023-07-17,127.80000305175781,128.25,126.4000015258789,127.1500015258789,9411535
2023-07-18,127.69999694824219,128.3000030517578,125.25,127.0999984741211,8994063
2023-07-19,127.75,127.75,126.69999694824219,126.9000015258789,8975718
2023-07-20,127.0,127.25,125.55000305175781,126.0,10187180
2023-07-21,126.3499984741211,126.6500015258789,124.75,124.94999694824219,9926528
2023-07-24,125.3499984741211,127.75,125.0,126.0,13121674
2023-07-25,126.55000305175781,127.19999694824219,125.3499984741211,127.05000305175781,7151050
2023-07-26,127.05000305175781,127.3499984741211,125.6500015258789,126.0,12681896
2023-07-27,126.19999694824219,128.8000030517578,126.0,127.25,11597763
2023-07-28,129.25,131.6999969482422,128.0,130.14999389648438,37245053
2023-07-31,130.3000030517578,131.0,128.85000610351562,130.6999969482422,16197160
2023-08-01,131.0,133.25,130.0500030517578,130.4499969482422,17079508
2023-08-02,130.4499969482422,130.6999969482422,123.69999694824219,125.3499984741211,20816954
2023-08-03,125.55000305175781,126.5,123.5,124.6500015258789,12415922
2023-08-04,126.30000305175781,128.0500030517578,125.5,127.5999984741211,10589274
2023-08-07,128.4499969482422,129.1999969482422,126.5999984741211,128.5500030517578,8339894
2023-08-08,128.6999969482422,130.0,127.5999984741211,129.14999389648438,12505272
2023-08-09,129.8000030517578,132.39999389648438,129.0,131.6999969482422,13111006
2023-08-10,131.60000610351562,133.14999389648438,129.10000610351562,129.39999389648438,11116731
2023-08-11,130.1999969482422,133.25,129.5500030517578,132.0500030517578,10967883
2023-08-14,131.9499969482422,131.9499969482422,129.4499969482422,130.5,8529502
2023-08-16,130.75,131.89999389648438,129.4499969482422,131.3000030517578,7062446
2023-08-17,131.4499969482422,131.60000610351562,128.25,128.6999969482422,7162118
2023-08-18,128.25,129.60000610351562,126.75,127.1500015258789,8997702
2023-08-21,127.19999694824219,129.6999969482422,127.1500015258789,129.25,5063202
2023-08-22,129.6999969482422,133.6999969482422,129.35000610351562,133.3000030517578,20596242
2023-08-23,133.9499969482422,135.39999389648438,132.8000030517578,133.39999389648438,19426832
2023-08-24,135.0500030517578,135.5,133.60000610351562,134.39999389648438,17543374
2023-08-25,137.25,137.9499969482422,133.0500030517578,133.39999389648438,33919926
2023-08-28,136.10000610351562,136.39999389648438,134.60000610351562,134.89999389648438,13346571
2023-08-29,135.3000030517578,135.85000610351562,134.10000610351562,134.5500030517578,11118400
2023-08-30,135.5,135.5,134.25,134.5500030517578,12555619
2023-08-31,134.5500030517578,135.0500030517578,132.1999969482422,133.1999969482422,14954352
2023-09-01,134.0500030517578,138.39999389648438,133.89999389648438,137.85000610351562,23415545
2023-09-04,139.5,142.35000610351562,139.1999969482422,140.5500030517578,28262276
2023-09-05,141.3000030517578,141.89999389648438,139.1999969482422,139.6999969482422,11695197
2023-09-06,140.5,140.75,137.75,138.3000030517578,10151022
2023-09-07,138.4499969482422,141.0,137.60000610351562,139.85000610351562,18438943
2023-09-08,140.5500030517578,144.3000030517578,140.1999969482422,143.3000030517578,16579557
2023-09-11,144.35000610351562,147.14999389648438,143.0500030517578,144.6999969482422,19902175
2023-09-12,144.60000610351562,144.9499969482422,133.60000610351562,134.14999389648438,48752780
2023-09-13,135.0,136.9499969482422,133.3000030517578,135.85000610351562,19282289
2023-09-14,138.0,138.6999969482422,135.5,136.8000030517578,13197189
2023-09-15,137.5,138.1999969482422,135.10000610351562,135.6999969482422,9651337
2023-09-18,145.0,145.0,139.0,139.89999389648438,51859825
2023-09-20,140.0,140.10000610351562,136.25,136.89999389648438,19080613
2023-09-21,137.0,138.0,134.60000610351562,135.25,9531884
2023-09-22,134.14999389648438,136.89999389648438,134.0500030517578,136.0500030517578,12604969
2023-09-25,136.3000030517578,136.85000610351562,133.60000610351562,136.60000610351562,14984591
2023-09-26,136.60000610351562,138.3000030517578,135.89999389648438,137.64999389648438,12315581
2023-09-27,137.39999389648438,137.5500030517578,135.6999969482422,136.60000610351562,8713378
2023-09-28,136.89999389648438,138.0,134.60000610351562,135.0500030517578,22012674
2023-09-29,136.0,138.64999389648438,135.75,138.3000030517578,8504659
2023-10-03,137.89999389648438,140.60000610351562,137.1999969482422,139.1999969482422,19010910
2023-10-04,138.0,139.14999389648438,136.5500030517578,138.85000610351562,14912053
2023-10-05,139.5,141.35000610351562,138.10000610351562,138.9499969482422,15996620
2023-10-06,139.0,140.5,138.64999389648438,139.0,4987359
2023-10-09,136.1999969482422,137.60000610351562,135.0500030517578,135.75,10489249
2023-10-10,137.39999389648438,141.0,136.5,139.9499969482422,15593722
2023-10-11,139.9499969482422,140.5,137.5,137.75,10778916
2023-10-12,137.9499969482422,138.6999969482422,137.1999969482422,138.1999969482422,7567439
2023-10-13,136.3000030517578,138.1999969482422,136.3000030517578,137.4499969482422,8303230
2023-10-16,137.0,137.89999389648438,136.5500030517578,137.39999389648438,7785480
2023-10-17,137.5,138.89999389648438,137.5,138.5500030517578,6076896
2023-10-18,138.75,138.9499969482422,136.39999389648438,137.0500030517578,6806231
2023-10-19,136.0,137.1999969482422,135.0500030517578,137.0,7775836
2023-10-20,136.6999969482422,136.89999389648438,133.5,134.1999969482422,8982112
2023-10-23,134.3000030517578,135.89999389648438,131.39999389648438,132.6999969482422,19333777
2023-10-25,132.5,134.64999389648438,129.25,131.1999969482422,10225867
2023-10-26,130.0,130.1999969482422,127.0,128.85000610351562,18167694
2023-10-27,129.25,132.85000610351562,129.25,132.1999969482422,8761931
2023-10-30,133.5,133.9499969482422,130.8000030517578,131.9499969482422,9052085
2023-10-31,132.5,133.64999389648438,130.75,133.25,8098744
2023-11-01,133.75,134.5500030517578,132.0500030517578,132.39999389648438,10431945
2023-11-02,133.6999969482422,135.0,133.3000030517578,134.75,4885035
2023-11-03,135.14999389648438,137.0,134.75,135.9499969482422,9154983
2023-11-06,136.9499969482422,138.0,136.0,137.64999389648438,7070089
2023-11-07,137.5500030517578,138.9499969482422,136.6999969482422,138.0500030517578,8587321
2023-11-08,137.75,141.14999389648438,137.6999969482422,140.39999389648438,9755483
2023-11-09,139.9499969482422,139.9499969482422,137.60000610351562,137.9499969482422,5481774
2023-11-10,137.5,139.10000610351562,137.0500030517578,138.8000030517578,5781314
2023-11-13,139.14999389648438,144.1999969482422,139.0500030517578,143.39999389648438,20245049
2023-11-15,144.5,145.39999389648438,142.5,143.0500030517578,11440473
2023-11-16,143.25,144.35000610351562,142.1999969482422,142.60000610351562,11453235
2023-11-17,142.85000610351562,146.5,141.8000030517578,146.10000610351562,13496261
2023-11-20,146.39999389648438,146.75,143.14999389648438,143.85000610351562,7741502
2023-11-21,144.14999389648438,144.5500030517578,142.25,142.85000610351562,9972235
2023-11-22,143.25,143.4499969482422,140.14999389648438,141.85000610351562,7445272
2023-11-23,141.85000610351562,142.5500030517578,139.10000610351562,139.35000610351562,13138745
2023-11-24,139.9499969482422,142.14999389648438,137.35000610351562,140.35000610351562,19614754
2023-11-28,141.64999389648438,141.8000030517578,140.39999389648438,141.3000030517578,8595693
2023-11-29,142.0500030517578,142.64999389648438,140.5,141.0,14680789
2023-11-30,141.0,146.35000610351562,140.75,145.89999389648438,27591484
2023-12-01,147.9499969482422,150.3000030517578,146.75,147.4499969482422,34466616
2023-12-04,152.0,157.5,151.60000610351562,153.5500030517578,51416976
2023-12-05,153.6999969482422,155.10000610351562,149.9499969482422,152.0,29109123
2023-12-06,152.60000610351562,157.14999389648438,151.85000610351562,156.14999389648438,26688698
2023-12-07,161.8000030517578,161.8000030517578,158.25,160.35000610351562,51346222
2023-12-08,161.35000610351562,162.35000610351562,157.3000030517578,158.75,22869782
2023-12-11,159.8000030517578,163.25,159.14999389648438,161.25,22941648
2023-12-12,162.4499969482422,162.8000030517578,160.0,160.8000030517578,16306341
2023-12-13,160.1999969482422,163.89999389648438,159.39999389648438,162.85000610351562,16804086
2023-12-14,163.10000610351562,164.35000610351562,162.60000610351562,164.0,13887946
2023-12-15,166.0,170.1999969482422,165.25,169.0500030517578,39766631
2023-12-18,171.75,174.35000610351562,169.4499969482422,172.6999969482422,35901409
2023-12-19,172.89999389648438,174.39999389648438,171.10000610351562,173.0500030517578,14732129
2023-12-20,173.75,176.3000030517578,166.14999389648438,167.25,24511237
2023-12-21,165.0,171.85000610351562,164.0500030517578,170.64999389648438,22646625
2023-12-22,171.9499969482422,175.25,169.39999389648438,174.8000030517578,19640046
2023-12-26,178.0,184.5,178.0,181.9499969482422,52736391
2023-12-27,184.0,184.89999389648438,179.10000610351562,180.1999969482422,26206240
2023-12-28,181.5,184.25,180.8000030517578,182.6999969482422,20453485
2023-12-29,182.9499969482422,185.1999969482422,181.10000610351562,184.1999969482422,19305150
2024-01-01,184.8000030517578,187.0,184.4499969482422,184.9499969482422,18008785
2024-01-02,186.0,186.1999969482422,179.75,182.14999389648438,22790965
2024-01-03,182.35000610351562,184.6999969482422,180.60000610351562,182.35000610351562,18738690
2024-01-04,182.5,187.64999389648438,182.5,186.89999389648438,25403124
2024-01-05,187.6999969482422,188.64999389648438,184.0500030517578,185.9499969482422,22023938
2024-01-08,186.75,187.5,183.1999969482422,183.60000610351562,11472441
2024-01-09,184.89999389648438,186.6999969482422,184.1999969482422,184.64999389648438,11550790
2024-01-10,184.39999389648438,186.0,182.0500030517578,185.60000610351562,8701594
2024-01-11,187.0,187.64999389648438,183.8000030517578,184.35000610351562,10942508
2024-01-12,185.35000610351562,185.5,183.10000610351562,183.5,8853157
2024-01-15,184.89999389648438,189.89999389648438,184.10000610351562,188.64999389648438,24570393
2024-01-16,188.89999389648438,190.25,185.10000610351562,186.8000030517578,16471601
2024-01-17,186.3000030517578,188.5,183.8000030517578,185.64999389648438,16350370
2024-01-18,185.64999389648438,189.0,180.0,188.1999969482422,24831623
2024-01-19,190.0,193.6999969482422,190.0,191.85000610351562,22303305
2024-01-23,195.25,195.5,184.39999389648438,187.10000610351562,26628471
2024-01-24,186.8000030517578,190.1999969482422,184.0,189.25,14742783
2024-01-25,190.75,192.0,188.3000030517578,189.6999969482422,12592882
2024-01-29,190.0,193.6999969482422,187.5500030517578,190.89999389648438,28919512
2024-01-30,192.0,192.35000610351562,187.0,187.89999389648438,20894159
2024-01-31,188.1999969482422,189.10000610351562,184.85000610351562,185.89999389648438,23757415
2024-02-01,187.6999969482422,188.39999389648438,181.5500030517578,183.39999389648438,27835431
2024-02-02,185.0,187.75,183.85000610351562,184.60000610351562,27710061
2024-02-05,187.0,187.0,178.8000030517578,181.5500030517578,23880364
2024-02-06,182.39999389648438,183.5500030517578,180.6999969482422,183.10000610351562,12134363
2024-02-07,184.14999389648438,184.14999389648438,179.64999389648438,181.6999969482422,14192151
2024-02-08,182.1999969482422,187.10000610351562,181.75,184.8000030517578,29094709
2024-02-09,185.5,185.6999969482422,176.5,180.64999389648438,21081134
2024-02-12,181.25,183.10000610351562,173.64999389648438,174.64999389648438,19640568
2024-02-13,174.75,176.89999389648438,171.75,176.60000610351562,13961795
2024-02-14,177.25,182.14999389648438,175.3000030517578,181.60000610351562,23449380
2024-02-15,183.0,186.3000030517578,182.60000610351562,185.9499969482422,17335763
2024-02-16,189.0,190.39999389648438,186.85000610351562,188.3000030517578,29843059
2024-02-19,189.9499969482422,192.5,188.3000030517578,188.75,25343215
2024-02-20,189.10000610351562,191.4499969482422,186.25,190.64999389648438,17809897
2024-02-21,191.3000030517578,192.5500030517578,187.0,188.6999969482422,17870782
2024-02-22,189.75,196.0,188.6999969482422,194.75,31992371
2024-02-23,196.3000030517578,207.0,195.9499969482422,205.3000030517578,76179371
2024-02-26,205.64999389648438,206.89999389648438,202.8000030517578,204.25,27013630
2024-02-27,203.5500030517578,209.0,203.10000610351562,205.35000610351562,28877205
2024-02-28,206.1999969482422,209.0,201.4499969482422,205.64999389648438,38996363
2024-02-29,205.4499969482422,205.89999389648438,199.75,205.10000610351562,24059731
2024-03-01,205.9499969482422,208.0500030517578,204.8000030517578,205.60000610351562,12949604
2024-03-04,207.9499969482422,212.9499969482422,206.35000610351562,209.60000610351562,34272251
2024-03-05,211.0,213.75,209.85000610351562,210.75,24964592
2024-03-06,211.8000030517578,213.4499969482422,205.60000610351562,210.4499969482422,26236957
2024-03-07,211.4499969482422,216.8000030517578,211.14999389648438,215.1999969482422,41484038
2024-03-11,216.4499969482422,216.4499969482422,211.89999389648438,212.5500030517578,22800967
2024-03-12,211.0,211.35000610351562,201.5,204.25,34719550
2024-03-13,204.10000610351562,205.60000610351562,188.1999969482422,190.3000030517578,41620003
2024-03-14,189.0,197.14999389648438,186.25,195.25,34622781
2024-03-15,196.75,196.75,179.10000610351562,188.85000610351562,88781999
2024-03-18,190.0,192.0,187.0500030517578,189.89999389648438,22999225
2024-03-19,190.0,192.4499969482422,184.5500030517578,185.39999389648438,27819341
2024-03-20,186.89999389648438,187.9499969482422,182.5,187.4499969482422,16235947
2024-03-21,190.0,197.5,190.0,196.85000610351562,43152810
2024-03-22,196.5,198.9499969482422,192.75,197.5,31321524
2024-03-26,197.0,200.5,195.9499969482422,199.39999389648438,25723863
2024-03-27,200.0,203.9499969482422,198.0,199.4499969482422,37817130
2024-03-28,200.5,202.4499969482422,199.0,201.5,17425093
2024-04-01,205.0,212.75,203.75,211.10000610351562,45840349
2024-04-02,213.75,222.64999389648438,212.60000610351562,221.0,93873385
2024-04-03,221.6999969482422,225.4499969482422,218.85000610351562,221.5,47658754
2024-04-04,223.5,223.89999389648438,218.25,220.3000030517578,18279026
2024-04-05,220.35000610351562,226.0,218.75,224.5,25365958
2024-04-08,225.5500030517578,225.6999969482422,222.10000610351562,223.5500030517578,16422350
2024-04-09,224.8000030517578,228.89999389648438,221.1999969482422,228.14999389648438,29048035
2024-04-10,229.0,232.85000610351562,226.5,228.75,37218693
2024-04-12,231.3000030517578,235.39999389648438,230.5500030517578,233.5,57174716
2024-04-15,230.0,238.0,226.0,234.4499969482422,51676313
2024-04-16,232.5,236.9499969482422,230.0,233.4499969482422,32508661
2024-04-18,235.60000610351562,237.39999389648438,229.1999969482422,231.14999389648438,18623078
2024-04-19,228.5500030517578,234.5,225.6999969482422,233.3000030517578,27227241
2024-04-22,236.0,236.14999389648438,232.3000030517578,233.3000030517578,17549094
2024-04-23,234.25,236.10000610351562,231.75,234.35000610351562,19202860
2024-04-24,235.25,239.14999389648438,234.10000610351562,236.5,33392337
2024-04-25,236.39999389648438,240.0500030517578,235.4499969482422,237.60000610351562,16197834
2024-04-26,238.5,241.64999389648438,237.89999389648438,238.9499969482422,20473627
2024-04-29,240.14999389648438,240.1999969482422,234.85000610351562,235.39999389648438,19876408
2024-04-30,236.3000030517578,237.3000030517578,233.1999969482422,233.75,14514418
2024-05-02,234.6999969482422,237.39999389648438,230.75,234.75,19171145
2024-05-03,237.10000610351562,238.0,231.14999389648438,234.10000610351562,15782582
2024-05-06,235.10000610351562,235.85000610351562,230.0,231.85000610351562,32422021
2024-05-07,232.5,235.8000030517578,225.4499969482422,227.39999389648438,26418769
2024-05-08,227.1999969482422,232.64999389648438,224.60000610351562,231.60000610351562,18952985
2024-05-09,234.5,238.1999969482422,225.3000030517578,226.1999969482422,35229412
2024-05-10,227.89999389648438,228.5,223.14999389648438,227.10000610351562,18478580
2024-05-13,228.39999389648438,228.6999969482422,221.0,224.75,32874369
2024-05-14,225.75,231.89999389648438,225.75,230.9499969482422,23191411
2024-05-15,231.8000030517578,234.5,229.5500030517578,232.85000610351562,33045920
2024-05-16,234.75,240.0,227.5,237.89999389648438,55556781
2024-05-17,241.0,249.64999389648438,237.85000610351562,248.1999969482422,82231249
2024-05-21,283.0,283.0,271.04998779296875,274.1499938964844,127035921
2024-05-22,277.0,284.5,264.29998779296875,283.6000061035156,85801218
2024-05-23,286.29998779296875,293.29998779296875,283.20001220703125,288.5,70631009
2024-05-24,288.0,299.8999938964844,286.0,297.20001220703125,63609206
2024-05-27,301.75,303.20001220703125,289.6499938964844,294.45001220703125,49890427
2024-05-28,295.70001220703125,295.75,285.04998779296875,289.1000061035156,33893805
2024-05-29,285.3999938964844,293.95001220703125,285.0,292.1499938964844,31645904
2024-05-30,293.0,296.29998779296875,289.6499938964844,290.6499938964844,42769599
2024-05-31,294.20001220703125,297.20001220703125,286.29998779296875,295.95001220703125,51397345
2024-06-03,323.0,323.0,309.29998779296875,318.6499938964844,67256146
2024-06-04,312.0,312.0,230.0500030517578,255.5500030517578,268052657
2024-06-05,264.5,264.5,230.0,260.3500061035156,193487058
2024-06-06,267.0,281.5,267.0,273.6499938964844,95502477
2024-06-07,274.0,284.54998779296875,268.70001220703125,283.20001220703125,60109827
2024-06-10,288.8999938964844,292.0,281.1000061035156,283.3999938964844,42363741
2024-06-11,287.0,290.5,285.3500061035156,286.20001220703125,32269277
2024-06-12,287.8999938964844,293.0,286.04998779296875,290.5,33990756
2024-06-13,293.8999938964844,303.0,287.04998779296875,300.8999938964844,49511492
2024-06-14,305.0,310.5,301.5,309.6000061035156,67366844
2024-06-18,313.0,321.0,312.25,318.25,64859245
2024-06-19,319.8999938964844,319.8999938964844,304.1000061035156,309.29998779296875,58698689
2024-06-20,309.79998779296875,313.3500061035156,302.25,311.8999938964844,39505506
2024-06-21,312.70001220703125,314.0,304.1000061035156,304.95001220703125,37620968
2024-06-24,304.79998779296875,311.8999938964844,297.45001220703125,309.75,39139609
2024-06-25,310.8999938964844,314.95001220703125,309.20001220703125,309.70001220703125,29124110
2024-06-26,310.0,311.5,305.8500061035156,306.8500061035156,24238007
2024-06-27,306.1000061035156,308.1499938964844,301.20001220703125,304.5,39996580
2024-06-28,306.0,309.79998779296875,302.75,305.8999938964844,24256902
2024-07-01,310.95001220703125,312.5,305.8500061035156,307.6499938964844,39495237
2024-07-02,309.0,309.0,303.0,306.1000061035156,23974162
2024-07-03,307.0,315.45001220703125,305.75,314.5,44919849
2024-07-04,317.3999938964844,318.5,313.04998779296875,317.3500061035156,35591681
2024-07-05,317.6499938964844,326.79998779296875,314.5,324.04998779296875,63125211
2024-07-08,328.45001220703125,335.79998779296875,325.6000061035156,334.6000061035156,70983243
2024-07-09,338.0,339.3500061035156,328.70001220703125,334.79998779296875,52225572
2024-07-10,340.0,340.5,324.1499938964844,333.8500061035156,46779965
2024-07-11,335.5,338.20001220703125,333.0,335.5,31919433
2024-07-12,336.8999938964844,337.5,328.1000061035156,333.1000061035156,24517961
2024-07-15,336.0,336.04998779296875,331.0,331.3999938964844,22021426
2024-07-16,333.25,334.3999938964844,324.5,326.1499938964844,26585927
2024-07-18,326.5,326.70001220703125,312.29998779296875,313.54998779296875,48043715
2024-07-19,309.8999938964844,316.8999938964844,305.0,306.29998779296875,43313606
2024-07-22,306.0,314.70001220703125,297.29998779296875,312.29998779296875,39386992
2024-07-23,317.0,317.0,281.1000061035156,301.45001220703125,76513131
2024-07-24,302.5,306.5,299.29998779296875,300.1000061035156,24099148
2024-07-25,297.95001220703125,303.3999938964844,293.3999938964844,301.45001220703125,27820556
2024-07-26,303.79998779296875,310.5,302.0,309.8999938964844,24512844
2024-07-29,312.79998779296875,325.6000061035156,310.8500061035156,321.3500061035156,51391698
2024-07-30,325.20001220703125,326.54998779296875,317.6000061035156,318.1000061035156,41111245
2024-07-31,319.8999938964844,320.6000061035156,315.45001220703125,316.04998779296875,25709971
2024-08-01,317.70001220703125,317.70001220703125,308.04998779296875,311.1499938964844,28141436
2024-08-02,305.29998779296875,308.70001220703125,301.70001220703125,302.95001220703125,26155604
2024-08-05,289.8500061035156,297.45001220703125,285.0,290.25,50390560
2024-08-06,292.0,302.6000061035156,286.3500061035156,287.25,39171936
2024-08-07,295.5,301.0,289.79998779296875,300.20001220703125,22199473
2024-08-08,301.0,302.70001220703125,297.1499938964844,298.25,21963656
2024-08-09,302.5,305.0,300.6499938964844,302.20001220703125,15551076
2024-08-12,299.0,303.6499938964844,298.25,301.3999938964844,15361379
2024-08-13,302.0,302.6499938964844,295.3999938964844,296.1499938964844,14746085
2024-08-14,296.1499938964844,297.04998779296875,290.6499938964844,293.70001220703125,16641055
2024-08-16,296.5,303.8999938964844,296.0,303.29998779296875,21353408
2024-08-19,304.79998779296875,305.54998779296875,301.1000061035156,302.1499938964844,12232725
2024-08-20,302.1499938964844,304.5,297.79998779296875,303.1499938964844,14183642
2024-08-21,303.0,306.75,302.54998779296875,305.3999938964844,11862616
2024-08-22,306.3999938964844,306.8999938964844,303.5,304.5,13074829
2024-08-23,305.5,309.20001220703125,304.1000061035156,306.0,21891698
2024-08-26,308.70001220703125,308.8999938964844,305.79998779296875,306.70001220703125,15280637
2024-08-27,306.6000061035156,307.45001220703125,299.6000061035156,300.8999938964844,16873099
2024-08-28,301.04998779296875,304.5,299.5,299.95001220703125,14005947
2024-08-29,299.3500061035156,301.04998779296875,292.1000061035156,296.20001220703125,19185385
2024-08-30,296.79998779296875,302.1499938964844,294.3500061035156,299.29998779296875,28684991
2024-09-02,301.95001220703125,301.95001220703125,295.04998779296875,296.8999938964844,11713172
2024-09-03,300.0,301.3500061035156,296.75,297.1499938964844,13971488
2024-09-04,297.1499938964844,301.8999938964844,295.29998779296875,298.95001220703125,17937646
2024-09-05,299.0,299.5,290.0,290.6000061035156,26342723
2024-09-06,290.3500061035156,290.3500061035156,282.04998779296875,283.6000061035156,30062372
2024-09-09,282.0,284.5,275.75,281.54998779296875,29170063
2024-09-10,282.5,288.3500061035156,282.29998779296875,285.75,19982334
2024-09-11,286.45001220703125,290.45001220703125,284.3500061035156,288.04998779296875,21650737
2024-09-12,290.8999938964844,292.5,289.0,291.70001220703125,16102095
2024-09-13,293.0,294.0,289.6000061035156,289.95001220703125,12330463
2024-09-16,290.8999938964844,292.20001220703125,288.3999938964844,290.3999938964844,9184637
2024-09-17,290.5,290.8500061035156,283.8999938964844,284.29998779296875,15946216
2024-09-18,284.8999938964844,286.0,280.3999938964844,282.8500061035156,10450571
2024-09-19,284.0,284.8500061035156,267.1000061035156,272.70001220703125,44560220
2024-09-20,274.0,279.3999938964844,272.8500061035156,277.3500061035156,38501362
2024-09-23,280.0,286.70001220703125,278.6499938964844,286.29998779296875,19445968
2024-09-24,286.29998779296875,293.3999938964844,284.54998779296875,291.79998779296875,25346532
2024-09-25,294.0,295.0,287.6499938964844,289.8500061035156,19263084
2024-09-26,290.6000061035156,291.8999938964844,289.04998779296875,290.5,18343882
2024-09-27,292.3500061035156,294.8500061035156,289.20001220703125,293.45001220703125,208588855
2024-09-30,293.45001220703125,294.6000061035156,283.6000061035156,285.1000061035156,32695169
2024-10-01,285.1000061035156,286.6000061035156,282.54998779296875,283.95001220703125,13883476
2024-10-03,275.04998779296875,286.29998779296875,275.04998779296875,278.70001220703125,27321529
2024-10-04,278.70001220703125,281.8999938964844,273.54998779296875,277.20001220703125,17451235
2024-10-07,277.3999938964844,278.8999938964844,265.0,267.3500061035156,21704629
2024-10-08,267.0,281.5,265.54998779296875,280.25,29190708
2024-10-09,282.0,286.6000061035156,278.5,282.3999938964844,18984175
2024-10-10,283.95001220703125,289.6000061035156,283.3999938964844,286.8999938964844,19155691
2024-10-11,287.20001220703125,288.6499938964844,284.1499938964844,285.8999938964844,9677338
2024-10-14,286.1000061035156,289.20001220703125,284.6499938964844,285.70001220703125,11386559
2024-10-15,287.1499938964844,289.45001220703125,285.75,288.8500061035156,14701531
2024-10-16,288.1499938964844,291.04998779296875,284.75,285.70001220703125,11835439
2024-10-17,286.04998779296875,287.8999938964844,281.70001220703125,284.54998779296875,11695551
2024-10-18,282.8999938964844,287.79998779296875,277.79998779296875,287.1499938964844,10095514
2024-10-21,286.29998779296875,287.45001220703125,281.1000061035156,282.29998779296875,8393942
2024-10-22,282.0,282.1499938964844,270.6499938964844,271.6499938964844,15240897
2024-10-23,271.0,274.70001220703125,266.29998779296875,268.6499938964844,13503954
2024-10-24,269.0,273.1499938964844,268.3500061035156,271.3500061035156,10700271
2024-10-25,271.0,276.0,257.45001220703125,272.3500061035156,40406841
2024-10-28,276.70001220703125,277.95001220703125,267.3999938964844,270.04998779296875,24479817
2024-10-29,271.20001220703125,284.5,270.8500061035156,283.6499938964844,34271117
2024-10-30,283.45001220703125,294.75,282.04998779296875,288.54998779296875,40787587
2024-10-31,287.95001220703125,288.45001220703125,283.75,284.8999938964844,18720310
2024-11-01,286.6499938964844,290.25,286.0,288.6499938964844,5265231
2024-11-04,289.0,289.0,280.29998779296875,284.1499938964844,15157659
2024-11-05,282.5,287.20001220703125,277.1499938964844,286.3500061035156,18761867
2024-11-06,287.5,304.29998779296875,287.20001220703125,301.8500061035156,52804364
2024-11-07,301.0,302.0,296.1000061035156,300.3500061035156,24357284
2024-11-08,300.3500061035156,304.5,295.75,297.75,22935845
2024-11-11,297.5,303.79998779296875,294.3999938964844,299.75,20155408
2024-11-12,300.0,300.8500061035156,287.29998779296875,290.1499938964844,14292965
2024-11-13,288.0,288.8500061035156,279.45001220703125,281.54998779296875,20001842
2024-11-14,282.0,284.45001220703125,275.5,280.95001220703125,20541591
2024-11-18,283.0,286.70001220703125,277.25,278.04998779296875,12999925
2024-11-19,280.0,285.20001220703125,277.0,279.0,13160982
2024-11-21,278.45001220703125,278.45001220703125,270.25,275.45001220703125,14858108
2024-11-22,276.0,283.5,275.5,280.8500061035156,13268900
2024-11-25,290.0,299.0,287.95001220703125,292.3500061035156,49366681
2024-11-26,294.0,301.0,293.1499938964844,297.8999938964844,27347402
2024-11-27,298.8500061035156,307.95001220703125,297.45001220703125,307.3500061035156,39464505
2024-11-28,308.0,309.5,304.3500061035156,305.75,27772319
2024-11-29,305.70001220703125,310.6000061035156,305.0,308.0,23241947
2024-12-02,307.79998779296875,309.3999938964844,303.29998779296875,306.8999938964844,15549685
2024-12-03,309.0,312.75,307.79998779296875,312.1000061035156,21405136
2024-12-04,316.0,320.8500061035156,311.20001220703125,312.8500061035156,41441172
2024-12-05,314.0,315.3999938964844,310.6000061035156,314.5,17911694
2024-12-06,314.5,315.8500061035156,313.1000061035156,313.75,8359798
2024-12-09,313.6000061035156,317.1000061035156,313.25,314.6000061035156,11830104
2024-12-10,317.54998779296875,318.29998779296875,314.0,314.8500061035156,15811501
2024-12-11,314.8999938964844,316.5,313.0,314.1000061035156,9281006
2024-12-12,313.54998779296875,316.0,312.1000061035156,312.95001220703125,10978047
2024-12-13,313.0,316.3500061035156,308.1499938964844,315.6499938964844,15557064
2024-12-16,315.79998779296875,317.3500061035156,314.0,316.20001220703125,10543307
2024-12-17,315.54998779296875,318.6499938964844,310.0,310.6000061035156,18053073
2024-12-18,310.20001220703125,310.6000061035156,301.6499938964844,303.79998779296875,16598070
2024-12-19,295.0,300.45001220703125,295.0,298.5,13349532
2024-12-20,298.0,302.1000061035156,289.3500061035156,290.8500061035156,14964305
2024-12-23,294.0,295.29998779296875,288.0,294.3500061035156,10201072
2024-12-24,296.25,297.3500061035156,291.5,292.45001220703125,10685518
2024-12-26,293.0,296.0,292.5,295.20001220703125,9172485
2024-12-27,295.8500061035156,296.1499938964844,291.3500061035156,292.04998779296875,9495184
2024-12-30,292.04998779296875,292.5,282.8500061035156,284.8999938964844,25876258
2024-12-31,284.5,294.0,284.25,293.1499938964844,15725947
2025-01-01,293.1499938964844,294.6000061035156,290.25,293.8999938964844,6954271
2025-01-02,294.45001220703125,297.79998779296875,291.3500061035156,296.79998779296875,13361957
2025-01-03,296.5,297.25,291.5,291.95001220703125,8167968
2025-01-06,292.54998779296875,292.54998779296875,280.54998779296875,282.1499938964844,12638091
2025-01-07,282.1499938964844,288.20001220703125,281.04998779296875,287.0,13247733
2025-01-08,287.0,287.0,280.1000061035156,282.1000061035156,10996122
2025-01-09,281.25,284.1000061035156,279.6000061035156,281.25,12715512
2025-01-10,280.0,281.0,270.0,271.0,15317565
2025-01-13,265.0,268.8999938964844,258.29998779296875,259.6000061035156,19429753
2025-01-14,263.0,271.0,261.20001220703125,269.8999938964844,18938129
2025-01-15,272.0,272.20001220703125,266.29998779296875,267.8500061035156,11376064
2025-01-16,273.3999938964844,278.04998779296875,271.3999938964844,276.1499938964844,17234302
2025-01-17,275.45001220703125,283.8999938964844,274.04998779296875,282.1499938964844,12741720
2025-01-20,283.20001220703125,287.79998779296875,280.70001220703125,285.79998779296875,10483849
2025-01-21,285.79998779296875,286.8999938964844,278.25,279.0,13020489
2025-01-22,279.0,279.29998779296875,266.29998779296875,270.3500061035156,21272549
2025-01-23,268.79998779296875,276.95001220703125,267.1000061035156,273.95001220703125,11978782
2025-01-24,273.95001220703125,276.70001220703125,268.79998779296875,270.1499938964844,10164897
2025-01-27,267.0,267.0,261.79998779296875,262.95001220703125,13710372
2025-01-28,263.5,265.70001220703125,252.6999969482422,258.25,29049716
2025-01-29,259.0,268.0,259.0,267.20001220703125,14361301
2025-01-30,268.8500061035156,280.5,267.8999938964844,278.75,46735932
2025-01-31,283.8999938964844,294.20001220703125,281.6000061035156,292.6499938964844,50252116
2025-02-01,295.95001220703125,299.6000061035156,269.29998779296875,281.79998779296875,61832253
2025-02-03,277.8500061035156,277.8500061035156,263.29998779296875,274.1499938964844,41786023
2025-02-04,276.0,286.0,275.8999938964844,284.5,29035155
2025-02-05,285.6499938964844,291.79998779296875,285.0,288.95001220703125,18818511
2025-02-06,288.95001220703125,289.95001220703125,279.0,279.75,16834939
2025-02-07,280.75,282.29998779296875,273.1000061035156,277.04998779296875,26682639
2025-02-10,278.8999938964844,282.20001220703125,272.0,273.45001220703125,21789085
2025-02-11,273.79998779296875,274.0,262.75,265.04998779296875,23839025
2025-02-12,264.95001220703125,265.75,254.0,259.1499938964844,27997028
2025-02-13,259.1499938964844,265.5,258.6000061035156,261.54998779296875,18016813
2025-02-14,262.20001220703125,264.5,248.1999969482422,250.35000610351562,25683310
2025-02-17,248.9499969482422,250.0,242.60000610351562,248.5,24947159
2025-02-18,249.0,249.75,240.5500030517578,244.60000610351562,21180375
2025-02-19,240.6999969482422,254.0,240.25,253.39999389648438,21516255
2025-02-20,252.0,260.95001220703125,250.25,260.25,18922988
2025-02-21,259.5,262.5,254.39999389648438,256.1000061035156,16594628
2025-02-24,251.0,258.45001220703125,250.5,256.3500061035156,15409569
2025-02-25,256.3500061035156,258.54998779296875,255.35000610351562,256.6499938964844,14770656
2025-02-27,257.1000061035156,258.3999938964844,251.89999389648438,252.4499969482422,11087361
2025-02-28,250.0,250.9499969482422,243.5,246.25,17754591
2025-03-03,247.5,258.8999938964844,244.36000061035156,257.3900146484375,24644079
2025-03-04,253.88999938964844,266.5,252.5,264.7099914550781,24998454
2025-03-05,265.0,275.79998779296875,263.3299865722656,274.9200134277344,28499877
2025-03-06,276.2099914550781,281.0,271.8299865722656,272.95001220703125,22586087
2025-03-07,275.79998779296875,279.7300109863281,274.0,276.989990234375,25542382
2025-03-10,278.6000061035156,283.4700012207031,271.54998779296875,272.3299865722656,20986855
2025-03-11,271.95001220703125,278.5,269.04998779296875,277.17999267578125,20980143
2025-03-12,278.7799987792969,280.3999938964844,274.1199951171875,276.8299865722656,15308721
2025-03-13,283.0,285.79998779296875,279.4200134277344,280.07000732421875,38015489
2025-03-17,281.0,283.3800048828125,276.7200012207031,279.92999267578125,13883681
2025-03-18,279.92999267578125,279.92999267578125,279.92999267578125,279.92999267578125,0
2025-03-19,286.0,292.989990234375,284.760009765625,290.0,21095205
2025-03-20,294.80999755859375,297.7799987792969,291.1000061035156,297.04998779296875,27889890
2025-03-21,301.0,301.0,292.75,295.739990234375,41751586
2025-03-24,296.8999938964844,304.8999938964844,296.3500061035156,302.1000061035156,29935092
2025-03-25,304.0,304.5,298.6499938964844,300.0299987792969,19364944
2025-03-26,301.07000732421875,305.5,298.489990234375,299.5400085449219,23869923
2025-03-27,297.0,302.0,296.6300048828125,300.6499938964844,14453677
2025-03-28,304.0,306.5799865722656,299.07000732421875,301.32000732421875,20850848
2025-04-01,302.0,305.79998779296875,290.0,292.0,33171384
2025-04-02,289.8999938964844,290.75,274.45001220703125,282.3999938964844,52653587
2025-04-03,283.0,288.25,282.6000061035156,287.5,20968721
2025-04-04,287.1000061035156,288.0,278.29998779296875,280.0,19699594
2025-04-07,257.0,274.5,256.20001220703125,272.1000061035156,24954083
2025-04-08,282.45001220703125,288.0,276.6000061035156,281.45001220703125,26787606
2025-04-09,281.0,282.79998779296875,276.6000061035156,280.1499938964844,11389916
2025-04-11,283.0,287.0,282.6499938964844,285.0,13883110
2025-04-15,289.8999938964844,294.1499938964844,287.54998779296875,293.70001220703125,19512440
2025-04-16,293.5,295.3500061035156,291.29998779296875,293.6000061035156,12479078
2025-04-17,293.0,296.6000061035156,291.1499938964844,295.1499938964844,13609937
2025-04-21,297.5,301.6000061035156,295.1499938964844,299.95001220703125,14064356
2025-04-22,301.0,304.75,299.75,303.3500061035156,11962358
2025-04-23,305.6000061035156,310.29998779296875,301.79998779296875,305.8500061035156,21918666
2025-04-24,305.0,308.6000061035156,303.45001220703125,305.70001220703125,17241517
2025-04-25,306.79998779296875,307.79998779296875,293.70001220703125,297.6000061035156,20307004
2025-04-28,296.0,307.8500061035156,295.8500061035156,305.04998779296875,29913417
2025-04-29,306.54998779296875,319.45001220703125,305.79998779296875,317.1000061035156,57882724
2025-04-30,319.0,320.45001220703125,312.6000061035156,314.1000061035156,24863436
2025-05-02,310.79998779296875,317.75,310.6000061035156,311.1499938964844,15451259
2025-05-05,313.95001220703125,316.8999938964844,313.20001220703125,315.29998779296875,10955241
2025-05-06,315.6499938964844,319.29998779296875,309.20001220703125,310.5,17029890
2025-05-07,305.0,315.20001220703125,305.0,309.95001220703125,19274367
2025-05-08,310.5,313.70001220703125,304.79998779296875,307.1499938964844,17110997
2025-05-09,305.0,321.79998779296875,305.0,315.8500061035156,44244945
2025-05-12,325.0,325.0,316.20001220703125,322.79998779296875,39927141
2025-05-13,323.70001220703125,337.75,322.79998779296875,335.75,57985762
2025-05-14,339.0,346.0,334.5,344.3500061035156,43684324
2025-05-15,346.5,351.0,340.79998779296875,350.3999938964844,35959338
2025-05-16,351.6000061035156,371.1499938964844,349.6000061035156,363.8999938964844,68855818
2025-05-19,372.8999938964844,373.5,362.54998779296875,363.75,52003735
2025-05-20,369.3999938964844,371.0,358.5,363.79998779296875,67088831
2025-05-21,366.8999938964844,383.8999938964844,364.0,383.0,88688170
2025-05-22,383.0,386.75,379.0,383.3999938964844,43486783
2025-05-23,389.1499938964844,389.8999938964844,381.1000061035156,383.79998779296875,37666187
2025-05-26,384.8999938964844,385.79998779296875,378.5,384.54998779296875,26722908
2025-05-27,384.5,388.79998779296875,383.45001220703125,385.3999938964844,16859142
2025-05-28,385.45001220703125,393.5,384.1000061035156,390.45001220703125,27549144
2025-05-29,391.54998779296875,392.1000061035156,385.54998779296875,386.79998779296875,18562683
2025-05-30,386.79998779296875,390.0,383.6499938964844,384.6000061035156,23144580
2025-06-02,385.0,389.25,383.75,387.5,11943152
2025-06-03,387.5,391.79998779296875,385.5,386.0,18630318
2025-06-04,387.0,391.29998779296875,384.1000061035156,390.6000061035156,20648850
2025-06-05,393.70001220703125,394.70001220703125,389.5,393.5,20746844
2025-06-06,394.8500061035156,396.8500061035156,389.20001220703125,390.70001220703125,17366507
2025-06-09,394.0,395.29998779296875,391.79998779296875,392.45001220703125,13744521
2025-06-10,396.5,401.8500061035156,394.70001220703125,397.3999938964844,26456073
2025-06-11,398.25,398.25,390.6000061035156,392.8999938964844,18042738
2025-06-12,392.79998779296875,395.75,385.6000061035156,387.3999938964844,15555771
2025-06-13,379.6499938964844,397.75,379.5,394.20001220703125,35564550
2025-06-16,396.1499938964844,404.5,394.20001220703125,403.8500061035156,32061745
2025-06-17,405.79998779296875,407.5,400.5,401.75,24371681
2025-06-18,401.6499938964844,405.0,398.5,400.5,18879759
2025-06-19,401.0,403.79998779296875,393.45001220703125,398.54998779296875,18220823
2025-06-20,399.0,410.0,397.75,408.25,122552435
2025-06-23,411.0,422.3999938964844,409.04998779296875,420.8999938964844,43017721
2025-06-24,426.3999938964844,426.5,415.0,418.5,33807025
2025-06-25,420.29998779296875,420.3999938964844,405.0,406.04998779296875,29028317
2025-06-26,408.95001220703125,413.8999938964844,406.8500061035156,410.1000061035156,25730795
2025-06-27,410.5,416.79998779296875,409.5,414.5,41398277
2025-06-30,416.6499938964844,423.0,414.25,421.5,20350621
2025-07-01,424.79998779296875,436.0,424.1000061035156,432.25,35405785
2025-07-02,431.04998779296875,432.75,422.6000061035156,426.95001220703125,22843521
2025-07-03,427.70001220703125,430.70001220703125,424.04998779296875,426.25,13499244
2025-07-04,430.0,432.3999938964844,425.75,427.54998779296875,16618426
2025-07-07,427.45001220703125,427.45001220703125,416.1499938964844,417.1000061035156,22221724
2025-07-08,418.0,423.3500061035156,416.25,422.0,15970711
2025-07-09,423.95001220703125,424.0,416.5,417.6499938964844,14956297
2025-07-10,418.45001220703125,419.5,410.5,413.5,17914452
2025-07-11,411.0,413.20001220703125,405.1000061035156,409.29998779296875,15186245
2025-07-14,405.5,410.3500061035156,405.1499938964844,407.29998779296875,17844425
2025-07-15,408.5,412.8999938964844,407.79998779296875,408.95001220703125,11971127
2025-07-16,409.3999938964844,410.29998779296875,405.5,406.1499938964844,9173824
2025-07-17,406.1499938964844,408.70001220703125,403.04998779296875,404.20001220703125,7922270
2025-07-18,404.25,406.95001220703125,394.1499938964844,394.75,21172393
2025-07-21,394.6000061035156,400.95001220703125,391.1000061035156,399.95001220703125,12980473
2025-07-22,403.0,404.70001220703125,399.75,403.1000061035156,12447434
2025-07-23,403.5,404.8999938964844,396.6000061035156,400.20001220703125,10413255
2025-07-24,400.70001220703125,401.8999938964844,396.0,398.25,6767566
2025-07-25,399.0,400.70001220703125,393.5,395.20001220703125,9202508
2025-07-28,395.20001220703125,396.3500061035156,383.29998779296875,389.25,19856033
2025-07-29,390.0,390.75,378.0,388.25,25307639
2025-07-30,390.95001220703125,392.3999938964844,385.0,386.5,11335944
2025-07-31,379.0,388.25,378.79998779296875,383.1000061035156,9702316
2025-08-01,383.1000061035156,383.5,376.20001220703125,377.20001220703125,8702605
2025-08-04,379.0,390.25,376.45001220703125,389.54998779296875,13454379
2025-08-05,390.0,390.25,383.3500061035156,386.6499938964844,13482710
2025-08-06,392.0,393.5,387.1000061035156,389.70001220703125,16852693
2025-08-07,386.0,390.29998779296875,383.5,387.75,11520396
2025-08-08,385.29998779296875,387.3999938964844,383.6000061035156,384.6000061035156,7139111
2025-08-11,384.0,388.3999938964844,381.54998779296875,383.8999938964844,8910936
2025-08-12,384.0,385.3500061035156,379.54998779296875,380.3500061035156,9329093
2025-08-13,382.20001220703125,389.8999938964844,382.1000061035156,388.8500061035156,10930440
2025-08-14,387.8500061035156,388.0,382.54998779296875,384.8999938964844,8046552
2025-08-18,388.0,389.75,381.1000061035156,382.5,11778056
2025-08-19,382.5,383.70001220703125,377.5,380.04998779296875,11111204
2025-08-20,383.8999938964844,384.29998779296875,371.1000061035156,371.8500061035156,20289349
2025-08-21,373.0,377.3999938964844,371.5,374.20001220703125,12680853
2025-08-22,373.79998779296875,379.95001220703125,373.6000061035156,374.8500061035156,15246732
2025-08-25,377.8500061035156,380.04998779296875,371.5,372.04998779296875,8577673
2025-08-26,372.0,372.04998779296875,364.25,365.8500061035156,15718869
2025-08-28,364.04998779296875,367.75,361.20001220703125,363.8500061035156,12218065
2025-08-29,362.29998779296875,371.0,361.6000061035156,369.3999938964844,12739664
2025-09-01,369.95001220703125,375.25,367.54998779296875,373.8999938964844,8821349
2025-09-02,377.29998779296875,378.95001220703125,373.75,376.6000061035156,12169182
2025-09-03,377.75,381.20001220703125,377.1000061035156,378.70001220703125,9919255
2025-09-04,381.5,381.5,372.0,372.5,9288078
2025-09-05,374.0,375.5,368.5,370.79998779296875,7325669
2025-09-08,371.6499938964844,374.5,370.8500061035156,371.8999938964844,6897641
2025-09-09,371.8999938964844,374.0,369.8999938964844,371.95001220703125,10598912
2025-09-10,373.70001220703125,389.0,373.04998779296875,388.04998779296875,23174318
2025-09-11,389.6000061035156,392.5,384.04998779296875,385.1499938964844,19042696
2025-09-12,386.0,399.8500061035156,385.29998779296875,399.29998779296875,26356961
2025-09-15,400.0,403.1000061035156,395.70001220703125,398.45001220703125,18486916
2025-09-16,398.45001220703125,403.29998779296875,396.20001220703125,402.8999938964844,12467341
2025-09-17,405.5,416.6499938964844,405.0,412.20001220703125,31367478
2025-09-18,415.0,415.0,408.20001220703125,409.8999938964844,12000897
2025-09-19,409.0,413.45001220703125,408.25,408.8999938964844,16150731
2025-09-22,409.79998779296875,411.3999938964844,405.3500061035156,406.3999938964844,10884230
2025-09-23,406.3999938964844,407.70001220703125,402.29998779296875,404.45001220703125,11906108
2025-09-24,404.45001220703125,404.95001220703125,395.0,395.45001220703125,10835672
2025-09-25,395.45001220703125,406.45001220703125,392.45001220703125,403.1499938964844,23804019
2025-09-26,403.6499938964844,406.1499938964844,394.3999938964844,395.8999938964844,11687034
2025-09-29,401.0,408.1499938964844,399.04998779296875,399.95001220703125,23390892
2025-09-30,405.0,406.3999938964844,401.8500061035156,403.95001220703125,14681751
2025-10-01,402.0,409.0,399.3500061035156,406.5,13156495
2025-10-03,406.79998779296875,413.79998779296875,405.1000061035156,412.6499938964844,16002501
2025-10-06,412.70001220703125,414.8999938964844,407.5,413.25,14684188
2025-10-07,413.25,415.54998779296875,409.1000061035156,410.29998779296875,11933246
2025-10-08,410.3999938964844,412.0,403.1000061035156,403.6499938964844,8668516
2025-10-09,403.70001220703125,410.0,403.0,409.3500061035156,9035150
2025-10-10,409.0,415.5,408.3500061035156,413.5,13813014
2025-10-13,412.95001220703125,413.0,406.3500061035156,409.3999938964844,7858503
2025-10-14,410.0,414.1499938964844,401.6000061035156,402.3999938964844,10789648
2025-10-15,403.0,410.25,403.0,408.1000061035156,10892830
2025-10-16,409.1000061035156,412.70001220703125,409.04998779296875,411.79998779296875,11479498
2025-10-17,410.3500061035156,420.0,409.6499938964844,412.79998779296875,19566580
2025-10-20,416.5,417.54998779296875,412.5,416.5,10580573
2025-10-21,418.1499938964844,419.1499938964844,416.6000061035156,417.70001220703125,2915071
2025-10-23,421.5,422.5,418.0,418.6499938964844,21980966
2025-10-24,422.0,423.70001220703125,419.8999938964844,422.04998779296875,18720794
2025-10-27,425.0,425.0,414.6000061035156,415.1499938964844,12158324
2025-10-28,416.79998779296875,416.79998779296875,410.8500061035156,413.54998779296875,12247991
2025-10-29,413.54998779296875,414.8999938964844,406.8500061035156,407.20001220703125,14498733
2025-10-30,407.79998779296875,410.6499938964844,404.29998779296875,409.8999938964844,11172780
2025-10-31,413.79998779296875,427.25,408.1499938964844,426.1000061035156,51342361
2025-11-03,428.0,431.0,416.3999938964844,422.29998779296875,27222212
2025-11-04,420.0,422.3999938964844,414.5,415.1499938964844,12831686
2025-11-06,411.0,415.0,407.45001220703125,408.79998779296875,12786294
2025-11-07,408.0,416.0,405.29998779296875,414.25,10141248
2025-11-10,415.95001220703125,420.3999938964844,414.0,416.8500061035156,9288444
2025-11-11,417.1499938964844,427.8999938964844,417.1499938964844,427.29998779296875,24889361
2025-11-12,428.1499938964844,429.3999938964844,421.79998779296875,424.75,15221773
2025-11-13,423.1499938964844,425.20001220703125,419.0,419.79998779296875,9091428
2025-11-14,418.79998779296875,428.70001220703125,418.70001220703125,426.8500061035156,14719899
2025-11-17,427.95001220703125,429.5,422.3999938964844,424.54998779296875,12996079
2025-11-18,424.54998779296875,429.45001220703125,420.29998779296875,420.8999938964844,13340937
2025-11-19,420.0,424.25,415.04998779296875,423.20001220703125,9661756
2025-11-20,425.0,427.20001220703125,422.20001220703125,423.0,10463382
2025-11-21,421.5,423.3500061035156,415.5,416.3500061035156,8395038
2025-11-24,414.0,415.3500061035156,401.0,403.79998779296875,23696864
2025-11-25,406.5,412.3999938964844,406.0,410.25,14107503
2025-11-26,410.25,416.5,408.5,415.29998779296875,8339381
2025-11-27,415.29998779296875,417.29998779296875,412.0,413.04998779296875,5251173
2025-11-28,414.0,415.25,408.6499938964844,411.75,6690232
2025-12-01,415.8999938964844,419.20001220703125,413.5,417.25,9650320
2025-12-02,418.04998779296875,418.6499938964844,411.0,413.04998779296875,11215451
2025-12-03,412.0,412.70001220703125,403.3999938964844,403.95001220703125,12294040
2025-12-04,405.79998779296875,409.5,401.75,407.1499938964844,10865110
2025-12-05,409.0,410.70001220703125,405.3500061035156,406.8999938964844,11774958
2025-12-08,406.45001220703125,406.45001220703125,385.0,386.3999938964844,25593778
2025-12-09,385.04998779296875,391.0,380.54998779296875,389.45001220703125,19270896
2025-12-10,390.0,391.45001220703125,385.75,387.3500061035156,8372979
2025-12-11,386.0,390.0,385.1499938964844,387.5,7666925
2025-12-12,388.0,394.1000061035156,388.0,389.45001220703125,12661065
2025-12-15,389.04998779296875,392.3999938964844,388.0,390.75,9087687
2025-12-16,390.75,391.20001220703125,384.75,388.0,8700626
2025-12-17,388.0,388.3999938964844,385.0,385.6000061035156,6612962
2025-12-18,384.04998779296875,386.79998779296875,380.45001220703125,383.45001220703125,7510229
2025-12-19,383.5,393.5,383.5,392.8500061035156,11595429
2025-12-22,393.0,399.29998779296875,392.8999938964844,398.95001220703125,9321669
2025-12-23,399.0,402.5,395.75,399.3999938964844,7734965
2025-12-24,399.0,403.6499938964844,397.6000061035156,400.0,8097208
2025-12-26,403.0,407.54998779296875,397.1499938964844,398.45001220703125,13284184
2025-12-29,401.0,403.45001220703125,392.45001220703125,393.25,15690096
2025-12-30,395.79998779296875,397.0,389.54998779296875,393.29998779296875,37726382
2025-12-31,395.8999938964844,401.29998779296875,395.70001220703125,399.6000061035156,9409818
2026-01-01,399.8999938964844,400.75,394.6000061035156,397.70001220703125,6084786
2026-01-02,399.6499938964844,405.6000061035156,398.95001220703125,403.1499938964844,10950368
2026-01-05,402.8500061035156,418.6000061035156,402.79998779296875,413.79998779296875,26097635
2026-01-06,414.70001220703125,415.70001220703125,410.20001220703125,413.1000061035156,9927677
2026-01-07,413.1000061035156,416.25,409.54998779296875,415.6499938964844,8279218
2026-01-08,415.70001220703125,422.95001220703125,414.04998779296875,415.6499938964844,22238704
2026-01-09,417.0,424.54998779296875,415.8500061035156,418.6499938964844,22963210
2026-01-12,419.5,419.79998779296875,410.6000061035156,417.70001220703125,14594852
2026-01-13,419.75,422.3500061035156,409.3999938964844,413.70001220703125,13393010
2026-01-14,411.0,420.79998779296875,411.0,417.6000061035156,17676239
2026-01-15,417.6000061035156,417.6000061035156,417.6000061035156,417.6000061035156,0
2026-01-16,416.54998779296875,417.25,406.3500061035156,410.25,18888193
2026-01-19,410.0,414.8999938964844,407.70001220703125,412.79998779296875,8012134
2026-01-20,413.8999938964844,415.3999938964844,406.0,409.3500061035156,32732305
2026-01-21,406.5,409.5,397.0,402.6499938964844,19150437
2026-01-22,406.0,418.29998779296875,406.0,417.29998779296875,19763144
2026-01-23,419.0,419.0,408.5,410.70001220703125,12715222
2026-01-27,416.45001220703125,419.25,411.6000061035156,415.95001220703125,15482165
2026-01-28,418.0,457.5,417.29998779296875,453.0,71986647
2026-01-29,454.25,455.95001220703125,438.25,444.5,42412510
2026-01-30,446.8500061035156,451.95001220703125,439.29998779296875,449.0,36684903
2026-02-02,432.0,441.3500061035156,420.25,439.1000061035156,43652893
2026-02-03,460.0,460.0,435.25,438.95001220703125,26696516
2026-02-04,436.79998779296875,443.3999938964844,433.79998779296875,439.20001220703125,12400181
2026-02-05,439.0,439.0,428.1499938964844,432.8999938964844,14345511
2026-02-06,433.0,433.3999938964844,425.54998779296875,429.6499938964844,11078888
2026-02-09,432.0,439.6000061035156,429.5,437.29998779296875,12162696
2026-02-10,438.0,441.29998779296875,433.54998779296875,437.29998779296875,10878065
2026-02-11,438.70001220703125,438.70001220703125,434.3500061035156,437.54998779296875,8274702
2026-02-12,437.0,444.95001220703125,434.6000061035156,443.8999938964844,16140306
2026-02-13,443.8999938964844,446.20001220703125,432.79998779296875,435.54998779296875,14086068
2026-02-16,433.04998779296875,438.6000061035156,429.1000061035156,438.0,8156650
2026-02-17,442.0,449.3500061035156,440.29998779296875,446.8500061035156,17963084
2026-02-18,450.0,453.5,446.1499938964844,447.70001220703125,14341134
2026-02-19,447.70001220703125,449.25,432.95001220703125,435.3500061035156,9791516
2026-02-20,435.0,445.3999938964844,433.70001220703125,441.1499938964844,9533724
2026-02-23,442.79998779296875,445.29998779296875,435.70001220703125,439.75,12915631
2026-02-24,437.0,437.5,430.3500061035156,435.04998779296875,12223376
2026-02-25,435.0,441.0,433.54998779296875,439.29998779296875,9469190
2026-02-26,440.6000061035156,449.8999938964844,440.0,449.04998779296875,13738213
2026-02-27,448.6000061035156,449.0,441.70001220703125,444.70001220703125,22732811
2026-03-02,442.1000061035156,456.70001220703125,441.70001220703125,453.95001220703125,35034174
2026-03-04,460.0,460.8500061035156,444.5,446.8500061035156,35193505
2026-03-05,448.79998779296875,467.8999938964844,445.8500061035156,460.0,38023711
2026-03-06,462.0,473.45001220703125,460.3500061035156,468.45001220703125,28154230
2026-03-09,470.0,470.0,450.0,457.3500061035156,21898419
2026-03-10,465.0,465.79998779296875,453.54998779296875,463.3500061035156,19398151
2026-03-11,463.5,469.79998779296875,453.25,454.1000061035156,16015126
2026-03-12,452.0,455.0,448.5,453.54998779296875,14089623
2026-03-13,451.8999938964844,452.3999938964844,433.6499938964844,439.3999938964844,19502809
2026-03-16,431.8999938964844,437.79998779296875,422.25,429.5,22324389
2026-03-17,432.45001220703125,441.04998779296875,430.29998779296875,439.3500061035156,14421128
2026-03-18,445.45001220703125,447.75,440.5,442.6000061035156,13700203
2026-03-19,436.1000061035156,439.0,428.3999938964844,430.79998779296875,12237975
2026-03-20,432.20001220703125,438.95001220703125,424.70001220703125,426.1000061035156,17599734
2026-03-23,420.6000061035156,421.75,404.0,405.5,18894757
2026-03-24,412.5,417.45001220703125,408.75,414.45001220703125,14642804
2026-03-25,416.29998779296875,422.0,412.54998779296875,413.45001220703125,15134997
2026-03-27,411.8999938964844,413.45001220703125,403.25,404.75,21818224
2026-03-30,400.0,413.25,399.3500061035156,400.6499938964844,22694742
2026-04-01,415.0,430.20001220703125,412.6499938964844,418.70001220703125,25301241
2026-04-02,417.0,423.6000061035156,407.5,421.6000061035156,19686517
2026-04-06,422.0,428.04998779296875,420.0,427.1499938964844,12327836
2026-04-07,424.0,429.0,420.6499938964844,427.79998779296875,11417162
2026-04-08,440.0,440.0,428.79998779296875,433.1000061035156,20054221
2026-04-09,425.0,443.29998779296875,424.5,439.75,19917307
2026-04-10,444.1000061035156,447.45001220703125,440.45001220703125,442.45001220703125,10833065
2026-04-13,435.0,445.5,434.0,441.54998779296875,15149734
2026-04-15,447.5,449.20001220703125,444.79998779296875,447.6499938964844,9915383
2026-04-16,449.8500061035156,457.0,448.8999938964844,455.6499938964844,12197884
2026-04-17,458.0,463.75,454.45001220703125,462.75,14128030
2026-04-20,462.0,464.3999938964844,456.0,457.54998779296875,9914017
2026-04-21,457.5,461.79998779296875,449.45001220703125,451.5,13492130
2026-04-22,450.79998779296875,451.8500061035156,444.70001220703125,448.70001220703125,11538028
2026-04-23,451.70001220703125,455.70001220703125,444.5,449.95001220703125,15021500
2026-04-24,450.0,451.20001220703125,438.75,444.45001220703125,11651499
2026-04-27,445.0,448.29998779296875,432.95001220703125,435.6000061035156,18502535
2026-04-28,435.6000061035156,441.0,433.54998779296875,435.75,10883746
2026-04-29,437.04998779296875,442.79998779296875,435.25,437.54998779296875,9507163
2026-04-30,436.45001220703125,436.45001220703125,424.5,431.29998779296875,15795581
2026-05-01,431.29998779296875,431.29998779296875,431.29998779296875,431.29998779296875,0
2026-05-04,433.0,438.6000061035156,428.6000061035156,433.54998779296875,10764998
2026-05-05,433.5,436.5,429.29998779296875,433.3500061035156,11671943
2026-05-06,437.0,439.6499938964844,435.1499938964844,438.20001220703125,9748728
2026-05-07,439.8999938964844,441.0,433.5,439.45001220703125,15696400
2026-05-08,439.0,443.79998779296875,437.79998779296875,439.70001220703125,11164661
2026-05-11,438.0,439.1499938964844,431.0,431.95001220703125,7631226
2026-05-12,430.20001220703125,432.5,415.5,416.5,15199825
2026-05-13,416.6000061035156,432.0,415.75,428.25,13230827
2026-05-14,431.0,435.1499938964844,424.45001220703125,428.8500061035156,9807792
2026-05-15,428.8500061035156,429.5,422.20001220703125,423.6499938964844,7593616
2026-05-18,423.8500061035156,427.79998779296875,414.6000061035156,426.6000061035156,10452161
2026-05-19,428.3999938964844,430.8999938964844,419.29998779296875,422.95001220703125,13350029
2026-05-20,416.29998779296875,420.0,407.0,413.29998779296875,28012723
2026-05-21,420.0,426.1000061035156,418.04998779296875,420.3999938964844,19789651
2026-05-22,421.45001220703125,421.45001220703125,415.45001220703125,416.54998779296875,9175611
2026-05-25,419.29998779296875,422.54998779296875,417.29998779296875,421.8500061035156,8862027
2026-05-26,423.5,425.54998779296875,418.8500061035156,420.1000061035156,12315435
2026-05-27,422.0,422.0,416.1000061035156,419.1000061035156,10871894
2026-05-28,419.1000061035156,419.1000061035156,419.1000061035156,419.1000061035156,0
2026-05-29,413.29998779296875,419.1000061035156,409.8999938964844,410.75,26559872
2026-06-01,412.3500061035156,413.70001220703125,404.75,407.20001220703125,16453240
2026-06-02,405.79998779296875,409.6000061035156,400.29998779296875,407.8500061035156,15004796
2026-06-03,408.0,408.95001220703125,403.1000061035156,406.6000061035156,6626958
2026-06-04,405.0,411.54998779296875,404.0,409.8999938964844,9119774
2026-06-05,410.1000061035156,412.0,405.1000061035156,408.20001220703125,11084641
2026-06-08,399.0,415.5,399.0,412.95001220703125,12017495
2026-06-09,417.0,417.0,410.0,412.04998779296875,10996007
2026-06-10,413.0,415.25,407.1000061035156,408.3500061035156,5371511
2026-06-11,407.3500061035156,407.3500061035156,401.75,402.29998779296875,6994969
2026-06-12,407.3500061035156,409.0,403.29998779296875,406.5,8086130
2026-06-15,412.0,412.5,406.0,409.54998779296875,11500111
2026-06-16,409.6000061035156,410.79998779296875,406.1499938964844,407.54998779296875,9701695
2026-06-17,407.0,422.3999938964844,406.1499938964844,419.8500061035156,24506595
2026-06-18,422.5,430.0,421.75,428.6000061035156,23598062
2026-06-19,427.8999938964844,431.6000061035156,424.54998779296875,426.8999938964844,10829044
2026-06-22,428.1000061035156,432.70001220703125,426.1499938964844,431.5,9754708
2026-06-23,435.0,435.0,418.5,420.0,15566093
2026-06-24,420.20001220703125,422.54998779296875,412.79998779296875,413.54998779296875,9620759
2026-06-25,413.6000061035156,415.04998779296875,406.0,407.20001220703125,21994027
2026-06-26,407.20001220703125,407.20001220703125,407.20001220703125,407.20001220703125,0
2026-06-29,406.79998779296875,418.29998779296875,403.54998779296875,411.6000061035156,26669735
2026-06-30,413.5,414.45001220703125,408.5,411.79998779296875,14611849
2026-07-01,413.0,417.6499938964844,411.3999938964844,416.25,8844076
2026-07-02,416.25,418.29998779296875,412.29998779296875,415.04998779296875,10736747
2026-07-03,418.6000061035156,424.5,417.1000061035156,418.04998779296875,12085695
2026-07-06,422.0,429.8999938964844,420.1000061035156,425.54998779296875,16516762
2026-07-07,425.54998779296875,425.8999938964844,416.0,419.1499938964844,7821978
2026-07-08,416.5,417.79998779296875,406.0,407.6000061035156,12837834
2026-07-09,409.1499938964844,411.0,404.04998779296875,406.20001220703125,10893635
2026-07-10,408.3999938964844,415.45001220703125,408.20001220703125,414.8500061035156,9273712
2026-07-13,411.95001220703125,412.8999938964844,408.6000061035156,410.79998779296875,6650781
2026-07-14,409.3500061035156,411.25,405.70001220703125,410.1000061035156,10652838
2026-07-15,409.0,414.29998779296875,408.3999938964844,410.95001220703125,9115088
2026-07-16,412.25,412.5,406.5,407.1000061035156,5679241
2026-07-17,407.1000061035156,411.20001220703125,405.1000061035156,409.45001220703125,6678047
2026-07-20,408.54998779296875,409.5,406.1000061035156,408.1499938964844,5382967
2026-07-21,408.1499938964844,410.95001220703125,406.5,410.04998779296875,5242231
2026-07-22,410.04998779296875,410.54998779296875,406.0,406.75,6665967
2026-07-23,405.54998779296875,406.95001220703125,400.6000061035156,405.3500061035156,9947413
