date,open,high,low,close,volume
2019-07-23,15130.0,15257.7001953125,15000.0,15011.099609375,12152
2019-07-24,15012.0,15075.25,14590.099609375,14673.0,15929
2019-07-25,14615.0,15073.9501953125,14615.0,15002.4501953125,17367
2019-07-26,15000.0,15144.0,14806.599609375,15028.400390625,9761
2019-07-29,15005.0,15038.9501953125,14761.75,14815.9501953125,6880
2019-07-30,14820.0,14897.9501953125,14209.349609375,14281.0,16929
2019-07-31,14250.0,14820.400390625,14214.900390625,14438.7998046875,22663
2019-08-01,14299.0,14700.0,14265.7001953125,14643.099609375,15351
2019-08-02,14420.2001953125,14980.0,14420.2001953125,14785.9501953125,18569
2019-08-05,14768.0,14775.0,14250.0,14289.5498046875,17177
2019-08-06,14250.0,14600.0,14230.150390625,14499.599609375,11668
2019-08-07,14589.0,14589.9501953125,13905.0,13976.400390625,12764
2019-08-08,13977.0,14497.0,13801.25,14407.2998046875,17954
2019-08-09,14497.2998046875,14510.0,14220.0,14289.9501953125,13859
2019-08-13,14380.0,14484.5,13380.7998046875,13530.099609375,32902
2019-08-14,13425.5,13692.099609375,12700.0,13371.099609375,39288
2019-08-16,13240.0,13825.0,13017.7001953125,13742.650390625,25058
2019-08-19,13700.0,14170.0,13503.099609375,13633.099609375,35334
2019-08-20,13638.400390625,13769.4501953125,13500.0,13563.75,21602
2019-08-21,13520.0,13825.75,13519.0,13687.9501953125,40423
2019-08-22,13645.7001953125,13773.4501953125,13213.25,13402.9501953125,18075
2019-08-23,13379.0,13864.75,13363.400390625,13757.599609375,17314
2019-08-26,14098.0,14300.0,13657.0,14227.099609375,21359
2019-08-27,14175.0,14699.0,14175.0,14494.2001953125,24608
2019-08-28,14551.0,14551.0498046875,13986.7001953125,14198.4501953125,10376
2019-08-29,14130.0,14330.0,13844.0,13999.0,20266
2019-08-30,14050.0,14555.0,13929.0498046875,14476.849609375,17501
2019-09-03,14385.0,14412.0,13655.0,13789.2998046875,16778
2019-09-04,13974.0,13974.0,13350.0,13394.5498046875,20711
2019-09-05,13400.0,13661.7998046875,13400.0,13586.099609375,16427
2019-09-06,13601.0,13880.0,13600.0,13807.25,10111
2019-09-09,13790.0,14194.0,13700.0498046875,14120.9501953125,12071
2019-09-11,14209.2001953125,14495.0,14050.0,14249.25,17322
2019-09-12,14389.0,14450.0,13700.0,13759.599609375,15199
2019-09-13,13840.0,14184.0,13718.0498046875,14073.7001953125,18336
2019-09-16,14080.0,14290.0,13846.0,14243.25,9982
2019-09-17,14220.0498046875,14220.0498046875,13514.7998046875,13668.849609375,24243
2019-09-18,13750.0,13846.9501953125,13520.0,13615.75,15960
2019-09-19,13659.0,13710.0,13391.0,13478.0,12050
2019-09-20,13480.0,14399.0,13390.4501953125,14045.5498046875,54824
2019-09-23,14488.0,14899.0,14115.7998046875,14807.2001953125,40525
2019-09-24,14900.0,15029.0,14500.0,14575.650390625,18597
2019-09-25,14600.0,14637.099609375,13831.099609375,14082.400390625,23616
2019-09-26,14090.0,14518.0,14012.849609375,14138.4501953125,21859
2019-09-27,14135.0,14201.9501953125,13822.2998046875,13998.900390625,13599
2019-09-30,14092.900390625,14121.150390625,13750.0498046875,14063.7001953125,14062
2019-10-01,14067.400390625,14290.0,12735.9501953125,13247.5,31559
2019-10-03,13330.2998046875,13641.650390625,13289.5498046875,13563.7001953125,18342
2019-10-04,13565.0,13650.0,13165.0,13291.7998046875,14524
2019-10-07,13101.2001953125,13178.2001953125,12900.0,13054.0,15465
2019-10-09,13001.099609375,13441.75,13001.099609375,13269.900390625,11755
2019-10-10,13280.0,13398.0,13200.099609375,13326.75,12487
2019-10-11,13354.900390625,13380.0,13002.25,13132.349609375,12277
2019-10-14,13158.0,13490.0,13158.0,13345.4501953125,20733
2019-10-15,13350.0,13947.0,13350.0,13853.2001953125,31448
2019-10-16,13855.2998046875,14247.849609375,13855.0,14128.9501953125,22292
2019-10-17,14100.0,14350.099609375,13820.2001953125,13994.4501953125,20203
2019-10-18,14081.900390625,14389.0,14062.099609375,14139.5,14639
2019-10-22,14199.900390625,14700.0,14162.0,14568.849609375,21606
2019-10-23,14658.0,14703.2998046875,14400.0,14601.150390625,16553
2019-10-24,14620.0498046875,14900.0,14500.0,14511.0,15050
2019-10-25,14620.0,14777.0,14446.9501953125,14501.650390625,10698
2019-10-27,14647.0,14800.0,14465.0,14685.0,2589
2019-10-29,14655.0,15732.0,14655.0,15654.7998046875,36658
2019-10-30,15842.7001953125,15842.7001953125,15389.2001953125,15586.0,16512
2019-10-31,15720.0,15770.900390625,15114.150390625,15305.349609375,21813
2019-11-01,15302.0,15537.150390625,15252.9501953125,15327.0498046875,15871
2019-11-04,15449.900390625,15849.0,15442.0,15759.4501953125,23444
2019-11-05,15700.0,15744.099609375,15532.349609375,15681.0498046875,21492
2019-11-06,15650.0,15789.0,14880.0,15298.849609375,50078
2019-11-07,15100.0,15370.349609375,14590.5498046875,15259.7001953125,53604
2019-11-08,15250.0,15535.0,15053.0498046875,15353.849609375,17292
2019-11-11,15299.9501953125,15391.900390625,15069.25,15331.650390625,10472
2019-11-13,15299.9501953125,15495.0,15052.099609375,15302.2998046875,15649
2019-11-14,15300.0,15320.0,15051.5,15195.9501953125,8304
2019-11-15,15290.0,15385.9501953125,14925.0498046875,15048.650390625,23230
2019-11-18,15114.900390625,15155.0,14933.0,15048.849609375,11422
2019-11-19,15142.900390625,15142.900390625,14912.0,14972.75,11380
2019-11-20,15015.0,15395.0498046875,14882.0,15059.7001953125,13794
2019-11-21,15060.0,15895.0,15060.0,15782.5,59979
2019-11-22,15800.0,16400.0,15211.25,16337.349609375,47256
2019-11-25,16350.0,16645.0,16200.0,16470.349609375,33475
2019-11-26,16500.0,17150.0,16353.25,16596.44921875,82463
2019-11-27,16600.0,17260.30078125,16451.05078125,16615.19921875,35879
2019-11-28,16618.0,16903.099609375,16155.5498046875,16209.7001953125,34275
2019-11-29,16201.0,16345.7998046875,15960.099609375,16142.599609375,21533
2019-12-02,16180.0,16552.5,15800.0,15882.400390625,22534
2019-12-03,15870.0,15996.2998046875,15632.0,15657.599609375,13445
2019-12-04,15580.0,15812.2001953125,15526.5498046875,15650.0,8551
2019-12-05,15739.0,15739.9501953125,15480.150390625,15658.2998046875,14070
2019-12-06,15615.0,15725.0,15097.25,15143.0498046875,16190
2019-12-09,15170.0,15375.0,15010.0,15218.400390625,21027
2019-12-10,15265.0,15320.0,14905.0498046875,14969.25,13826
2019-12-11,14999.0,15139.9501953125,14805.099609375,15022.2998046875,21636
2019-12-12,15029.75,15200.0,14872.9501953125,14964.9501953125,13378
2019-12-13,14988.599609375,15550.0,14988.599609375,15197.9501953125,29483
2019-12-16,15200.0,15357.0,14930.400390625,14987.5498046875,10454
2019-12-17,15300.0,15436.0,15098.650390625,15160.650390625,21002
2019-12-18,15249.9501953125,15265.0,15111.0498046875,15200.5498046875,15267
2019-12-19,15111.0498046875,15350.0,15050.099609375,15103.4501953125,11997
2019-12-20,15105.099609375,15244.9501953125,14950.0,15023.849609375,21039
2019-12-23,15054.0,15540.0,14956.0498046875,15399.2001953125,20770
2019-12-24,15450.0,15596.650390625,15273.2001953125,15363.75,21458
2019-12-26,15400.2001953125,15523.0,15231.0,15328.5498046875,18958
2019-12-27,15399.900390625,15619.5,15348.0,15511.4501953125,13003
2019-12-30,15570.0498046875,15749.0,15532.0,15690.4501953125,12505
2019-12-31,15700.0,15820.0,15326.2001953125,15374.599609375,17808
2020-01-01,15399.650390625,15539.7001953125,15250.0,15284.7998046875,10221
2020-01-02,15320.9501953125,15450.0,15200.0,15411.849609375,12982
2020-01-03,15385.0,15463.900390625,15130.0,15172.900390625,12150
2020-01-06,15149.9501953125,15170.0,14760.099609375,14818.7998046875,10161
2020-01-07,14850.0498046875,14999.9501953125,14697.7998046875,14828.0,12015
2020-01-08,14742.0,14745.2001953125,14505.7001953125,14527.400390625,10878
2020-01-09,14710.0,14935.0,14610.0,14879.900390625,10637
2020-01-10,14881.0,15084.5,14733.5,14857.099609375,12854
2020-01-13,14925.0,14940.0,14752.5498046875,14791.2998046875,6553
2020-01-14,14834.0,15199.0,14743.5498046875,15133.2998046875,16359
2020-01-15,15130.150390625,15250.0,14802.0,14959.650390625,12863
2020-01-16,15040.0,15079.099609375,14802.0,14825.25,14103
2020-01-17,14915.0,15449.9501953125,14858.7001953125,15387.150390625,33609
2020-01-20,15480.0,15550.0,14920.0,14970.349609375,17559
2020-01-21,14929.9501953125,15130.0,14890.0,14935.5,14888
2020-01-22,14979.9501953125,15087.849609375,14601.0,14662.5498046875,15276
2020-01-23,14709.0,15200.0,14652.0,14973.75,21615
2020-01-24,15049.900390625,15241.9501953125,14926.7001953125,15022.4501953125,10465
2020-01-27,14939.900390625,15098.650390625,14840.0,14881.849609375,6658
2020-01-28,14893.0,15050.0,14650.150390625,14689.5498046875,19596
2020-01-29,14690.0,14886.9501953125,14665.4501953125,14737.5498046875,14115
2020-01-30,14667.0,14700.0,14155.0,14239.9501953125,29296
2020-01-31,14349.900390625,14350.0,13840.0,13885.7001953125,24677
2020-02-03,13600.0,13896.9501953125,13502.7998046875,13619.5,13218
2020-02-04,13720.0,14100.0,13651.0,14013.25,16428
2020-02-05,14125.0,14440.0,13555.0,13793.7001953125,73277
2020-02-06,13879.0,14198.7998046875,13822.5,14111.150390625,21721
2020-02-07,14199.25,14250.0,13912.650390625,14194.0498046875,20872
2020-02-10,14194.0498046875,14214.7001953125,13975.0,14082.650390625,8908
2020-02-11,14180.0,14255.0,14105.0,14199.5,14836
2020-02-12,14259.0,14442.099609375,14110.9501953125,14379.5,12694
2020-02-13,14379.5,14723.9501953125,14258.7998046875,14682.9501953125,15744
2020-02-14,14700.9501953125,14770.0,14530.0,14615.099609375,12034
2020-02-17,14600.0,14950.0,14600.0,14870.5,14321
2020-02-18,14870.599609375,14899.0,14435.0,14552.900390625,20019
2020-02-19,14680.0,14777.650390625,14400.0,14621.75,10379
2020-02-20,14512.0498046875,14649.7998046875,14431.2001953125,14552.9501953125,13302
2020-02-24,14434.599609375,14540.5,14001.0,14059.4501953125,11390
2020-02-25,14100.0,14100.0,13770.0498046875,13796.849609375,8883
2020-02-26,13750.0,13834.75,13222.0498046875,13290.650390625,14261
2020-02-27,13280.0,13289.0,12818.0,13169.099609375,23014
2020-02-28,12774.0,12863.099609375,12010.0,12128.4501953125,35280
2020-03-02,12370.599609375,12797.9501953125,12309.7001953125,12448.900390625,34896
2020-03-03,12620.0,13292.349609375,12620.0,13155.599609375,37746
2020-03-04,13237.5,13690.0,12912.349609375,13470.900390625,39121
2020-03-05,13401.0498046875,13609.25,13050.0,13126.25,21125
2020-03-06,12750.0,13068.900390625,12352.0,12979.400390625,27391
2020-03-09,12750.0498046875,12809.599609375,12103.0,12201.650390625,28079
2020-03-11,12199.9501953125,12518.650390625,12011.7001953125,12408.349609375,29903
2020-03-12,12199.0,12485.0498046875,11220.0498046875,11309.5,56598
2020-03-13,10601.0,11871.150390625,9700.0,11508.150390625,37443
2020-03-16,11279.7998046875,11440.0,11005.2001953125,11069.599609375,24474
2020-03-17,11085.099609375,11390.150390625,10310.0,10469.75,22858
2020-03-18,10600.0,10678.9501953125,10075.0,10174.599609375,21180
2020-03-19,9845.0,10114.4501953125,9279.2001953125,9554.599609375,33440
2020-03-20,9579.9501953125,9849.0,9200.0498046875,9632.5,33696
2020-03-23,9151.0,9162.2001953125,8187.64990234375,8411.849609375,28935
2020-03-24,8327.75,9014.900390625,7850.0,8357.4501953125,35443
2020-03-25,8160.0,9600.0,8060.0,9212.099609375,25034
2020-03-26,9288.150390625,10089.0,9006.9501953125,9866.75,25106
2020-03-27,10853.400390625,11346.75,9800.0,9931.5,56943
2020-03-30,9999.9501953125,9999.9501953125,9000.0,9283.650390625,24146
2020-03-31,9301.2001953125,9500.0,9012.5,9395.5498046875,24602
2020-04-01,9399.0,9750.0,9070.599609375,9235.7998046875,57719
2020-04-03,9150.0,9157.599609375,8710.0,8816.650390625,34590
2020-04-07,9020.5,9365.099609375,8900.0,9258.7998046875,28486
2020-04-08,9019.599609375,9709.849609375,8978.150390625,9609.2001953125,29889
2020-04-09,9760.0,10295.0,9694.9501953125,10205.599609375,23791
2020-04-13,10299.9501953125,10299.9501953125,9845.0,10025.2998046875,16241
2020-04-15,10060.2001953125,10900.0,10060.2001953125,10524.4501953125,55033
2020-04-16,10500.0,10674.0,10117.400390625,10380.25,34918
2020-04-17,10799.7998046875,10799.7998046875,10353.0498046875,10739.9501953125,28346
2020-04-20,10800.0,11100.0,10499.0,10664.099609375,35034
2020-04-21,10355.0498046875,10442.900390625,9900.0,10006.849609375,24151
2020-04-22,9800.0,10520.0,9800.0,10414.099609375,36578
2020-04-23,10495.0,10828.5498046875,10460.2998046875,10600.849609375,25489
2020-04-24,10470.0,10500.0,10100.0,10212.4501953125,22577
2020-04-27,10399.900390625,10590.0,10050.0,10114.7001953125,29015
2020-04-28,10260.0,10399.9501953125,9910.099609375,9982.099609375,42651
2020-04-29,10150.0,10160.0,9960.0,10024.0,31297
2020-04-30,10199.0,10760.099609375,10113.5498046875,10612.4501953125,71215
2020-05-04,10255.0,10300.25,9885.0,9925.599609375,37610
2020-05-05,10168.0,10185.0,9850.0,9916.400390625,23770
2020-05-06,9980.0,10090.0,9722.2001953125,9863.599609375,24152
2020-05-07,9860.0,10075.0,9799.0,9895.25,20333
2020-05-08,10100.0,10100.0,9750.099609375,9792.150390625,34107
2020-05-11,9868.0,9990.0,9801.650390625,9861.5,26023
2020-05-12,9825.0,9861.0,9652.5498046875,9767.400390625,35394
2020-05-13,10001.0498046875,10028.900390625,9632.0,9791.2998046875,51558
2020-05-14,9740.0,9850.0,9454.0498046875,9516.650390625,35711
2020-05-15,9550.0498046875,9650.0,9385.0498046875,9583.150390625,40860
2020-05-18,9640.0,9690.0,9030.0,9070.349609375,40937
2020-05-19,9118.099609375,9361.25,9072.0498046875,9149.25,24817
2020-05-20,9199.0,9338.400390625,9098.0,9264.2998046875,24354
2020-05-21,9280.0,9450.0,9200.0,9346.7001953125,29393
2020-05-22,9339.0,9600.0,9230.0,9520.2998046875,102226
2020-05-26,9570.0,9572.0498046875,9250.0498046875,9391.849609375,40023
2020-05-27,9395.0498046875,9499.0,9251.2001953125,9431.2998046875,28661
2020-05-28,9467.0,9950.0,9410.650390625,9872.099609375,59908
2020-05-29,9762.0,9800.0,9472.0,9721.150390625,211974
2020-06-01,9800.0,10384.849609375,9800.0,10309.25,68851
2020-06-02,10390.0,10690.0,10255.0,10499.2998046875,58406
2020-06-03,10649.0,11159.0,10550.0498046875,11043.349609375,86297
2020-06-04,11043.349609375,11340.0,10807.0498046875,10957.650390625,94397
2020-06-05,11100.0,11643.9501953125,10949.7998046875,11487.900390625,75829
2020-06-08,11601.5,11850.0,11151.7001953125,11353.4501953125,93860
2020-06-09,11353.5,11528.2001953125,11121.2001953125,11189.349609375,52191
2020-06-10,11180.7998046875,11189.349609375,10733.4501953125,10806.099609375,58612
2020-06-11,10810.0,11016.9501953125,10650.0,10783.0,42239
2020-06-12,10200.0,10969.0,10200.0,10913.349609375,34859
2020-06-15,10880.0,10989.650390625,10565.25,10649.349609375,30417
2020-06-16,10800.0,10979.400390625,10450.0,10566.099609375,32772
2020-06-17,10550.0,10723.0,10414.7001953125,10572.349609375,24994
2020-06-18,10500.0,10680.5498046875,10480.0,10607.5,27624
2020-06-19,10680.0,11074.900390625,10600.0,10949.099609375,58972
2020-06-22,11079.0,11491.0,11031.0,11338.7001953125,48288
2020-06-23,11384.0,11482.4501953125,11192.0498046875,11336.7998046875,40337
2020-06-24,11398.5,11584.0,11259.099609375,11401.2998046875,40167
2020-06-25,11339.0,11508.0498046875,11230.0,11447.0498046875,35402
2020-06-26,11488.0,11574.5498046875,11118.0,11213.5,39854
2020-06-29,11196.25,11200.0,10909.0498046875,10954.5498046875,35590
2020-06-30,11021.2001953125,11580.0,10949.9501953125,11418.099609375,66211
2020-07-01,11425.0,11450.0,11150.0,11289.4501953125,31740
2020-07-02,11340.0,11995.0,11329.7998046875,11914.7001953125,72592
2020-07-03,11901.0,12073.349609375,11649.0,11777.0498046875,47869
2020-07-06,11849.900390625,12128.0,11780.0,12037.2998046875,47140
2020-07-07,12173.7001953125,13794.0,12050.0,13481.150390625,248802
2020-07-08,13490.0,13790.0,12979.2998046875,13528.099609375,213525
2020-07-09,13600.0,13738.7001953125,13284.2998046875,13411.099609375,77152
2020-07-10,13397.0,13599.0,13251.650390625,13332.150390625,41548
2020-07-13,13498.0,13960.0,13335.0,13858.900390625,61390
2020-07-14,13715.0,13864.7998046875,13101.0,13246.2001953125,64205
2020-07-15,13398.599609375,13563.0,12900.0,12995.2998046875,63992
2020-07-16,13170.0,13221.7998046875,12685.0498046875,12811.400390625,59445
2020-07-17,13001.0,13550.0,13001.0,13187.849609375,109426
2020-07-20,13450.0,13450.0,13135.0,13256.2001953125,40007
2020-07-21,13320.099609375,13440.0,13028.25,13162.5,47983
2020-07-22,13300.0,13498.0,13050.0,13264.7001953125,47894
2020-07-23,13290.0,13540.0,13163.0,13331.0,40613
2020-07-24,13328.0,13380.0,13115.0,13199.349609375,28090
2020-07-27,13249.0,13351.650390625,12792.2998046875,12910.650390625,31452
2020-07-28,13039.9501953125,13269.75,13013.5,13203.5498046875,26471
2020-07-29,13177.4501953125,13350.0,13098.349609375,13173.849609375,18308
2020-07-30,13199.900390625,13427.75,12890.0,12983.849609375,39960
2020-07-31,13076.5498046875,13199.0,12955.2998046875,13078.650390625,16982
2020-08-03,13078.650390625,13245.099609375,12748.849609375,12794.099609375,31958
2020-08-04,12945.0,13045.0,12721.0,12767.900390625,29889
2020-08-05,12867.900390625,12985.650390625,12700.75,12852.099609375,23894
2020-08-06,12969.0,13250.0,12807.2001953125,13065.7001953125,53334
2020-08-07,13050.0,13790.0,13049.9501953125,13657.650390625,116364
2020-08-10,13655.0,13889.7998046875,13503.5,13592.0,44968
2020-08-11,13719.5,13814.7998046875,13112.0,13262.5498046875,88879
2020-08-12,13250.0,14485.0,12953.25,14327.5,209342
2020-08-13,14300.0,14725.849609375,14078.349609375,14397.0498046875,107444
2020-08-14,14399.900390625,14399.900390625,13642.7001953125,13705.150390625,85542
2020-08-17,13800.0,13993.7998046875,13475.0,13895.099609375,61158
2020-08-18,13961.0,14140.0,13733.7998046875,13814.900390625,60135
2020-08-19,13948.900390625,13990.0,13581.0,13615.900390625,55444
2020-08-20,13590.0,13859.2998046875,13501.0,13758.099609375,33183
2020-08-21,13849.0,14380.0,13751.5498046875,14196.75,85025
2020-08-24,14299.0,14485.0498046875,14140.75,14197.150390625,52366
2020-08-25,14299.900390625,14540.0,14181.0498046875,14254.5498046875,43362
2020-08-26,14325.0,14425.0,14191.0498046875,14295.5498046875,35289
2020-08-27,14430.0,14430.0,14083.75,14145.75,30520
2020-08-28,14200.0,14300.0,13951.0,14007.650390625,30109
2020-08-31,14140.0,14214.0498046875,12715.0498046875,12814.0,133776
2020-09-01,13100.0,13185.900390625,12251.0,12392.5498046875,94365
2020-09-02,12400.0,13060.0,12400.0,12953.5,89002
2020-09-03,12997.0,13253.9501953125,12725.0,13064.25,72433
2020-09-04,12764.25,13188.7001953125,12600.0,12856.349609375,68035
2020-09-07,12970.0,13142.150390625,12641.099609375,13065.7001953125,61989
2020-09-08,13060.0,13130.0,12710.0,12774.4501953125,58804
2020-09-09,12774.4501953125,12844.0,12570.0498046875,12778.099609375,42769
2020-09-10,12829.900390625,13024.2001953125,12716.0,12951.2001953125,54842
2020-09-11,12916.7998046875,13040.0,12767.0,12872.150390625,34008
2020-09-14,12970.0,13298.0,12759.849609375,12853.5498046875,76633
2020-09-15,12898.0,13141.650390625,12829.849609375,13081.5498046875,49683
2020-09-16,13040.0,13274.849609375,12930.5498046875,13137.2998046875,72399
2020-09-17,13080.0,13080.0,12765.2001953125,12963.25,96566
2020-09-18,13050.0,13226.0,12808.75,13070.599609375,89575
2020-09-21,13080.0,13115.0,12750.0,12925.599609375,87236
2020-09-22,12840.5,12895.0,12121.25,12395.599609375,106829
2020-09-23,12450.0,12800.0,12250.099609375,12749.4501953125,103685
2020-09-24,12511.0498046875,12680.0,12111.150390625,12390.5498046875,97035
2020-09-25,12580.0,13000.0,12440.0,12930.0498046875,100853
2020-09-28,13099.0,13682.0,12931.349609375,13490.7998046875,90572
2020-09-29,13515.099609375,13829.9501953125,13416.0498046875,13645.7001953125,72355
2020-09-30,13645.7001953125,13880.5,13513.5,13730.0498046875,73855
2020-10-01,13760.2998046875,14045.4501953125,13460.7998046875,13551.5,39876
2020-10-05,13660.0,13807.4501953125,13363.0498046875,13400.150390625,30511
2020-10-06,13537.0,13632.0,13212.75,13291.75,76880
2020-10-07,13345.0,13437.5,13167.0498046875,13222.5,30601
2020-10-08,13311.0,13311.0,12780.0,12841.7001953125,42918
2020-10-09,12920.0,13014.349609375,12650.4501953125,12737.7998046875,33004
2020-10-12,12738.0,12819.4501953125,12491.0498046875,12529.099609375,37951
2020-10-13,12576.4501953125,12600.0,12061.75,12159.25,45049
2020-10-14,12159.900390625,12392.2001953125,12005.5498046875,12075.4501953125,62663
2020-10-15,12125.0,12232.0,11800.0,11856.5,51324
2020-10-16,11955.0,12075.099609375,11760.0498046875,11959.099609375,38590
2020-10-19,11999.9501953125,12170.900390625,11790.0,11903.650390625,33701
2020-10-20,11903.75,11998.0,11755.0,11895.5,28573
2020-10-21,11955.0,12069.5,11654.400390625,11748.599609375,50224
2020-10-22,11792.7001953125,11866.5498046875,11710.25,11811.7001953125,22523
2020-10-23,11900.0,12264.75,11802.0,12212.7001953125,50372
2020-10-26,12244.0,12279.849609375,11732.5498046875,11841.349609375,50034
2020-10-27,11869.0,12199.849609375,11661.5498046875,11942.7998046875,54636
2020-10-28,11875.0,12038.2001953125,11642.7998046875,11806.599609375,52643
2020-10-29,11715.0,11885.9501953125,11631.0,11776.7001953125,33533
2020-10-30,11790.0,11984.5,11567.5,11610.150390625,40856
2020-11-02,11680.0,11741.0,11431.0,11569.849609375,38084
2020-11-03,11682.5,12072.7001953125,11550.0,11820.7998046875,59568
2020-11-04,11870.0,11963.099609375,11739.75,11802.9501953125,31121
2020-11-05,11852.0,12039.7001953125,11780.0,12003.5,43860
2020-11-06,12098.0,12514.2998046875,11600.0,11862.75,103282
2020-11-09,11938.9501953125,11938.9501953125,11618.4501953125,11699.0498046875,76944
2020-11-10,11810.0,12049.9501953125,11725.0,12000.099609375,51522
2020-11-11,11899.900390625,12447.9501953125,11745.4501953125,12238.75,84766
2020-11-12,12240.0,12281.2001953125,11830.0,11895.2001953125,61962
2020-11-13,11975.0,11975.0,11680.0,11738.2998046875,60754
2020-11-14,11870.0,11880.0,11728.7001953125,11849.599609375,4332
2020-11-17,11968.0,11968.099609375,11585.0498046875,11621.150390625,85398
2020-11-18,11666.0,11689.9501953125,11265.0498046875,11501.75,134113
2020-11-19,11547.0,11979.9501953125,11442.0,11927.5498046875,129425
2020-11-20,11900.0498046875,12020.0,11758.4501953125,11913.25,66468
2020-11-23,11975.0,11990.0,11732.0,11819.5,67710
2020-11-24,11850.0,13300.0,11800.0,12980.0,411535
2020-11-25,13200.0,13783.349609375,12631.7998046875,12925.7998046875,443533
2020-11-26,12716.0,13355.9501953125,12540.0,12776.5,407884
2020-11-27,12875.0,13147.7001953125,12520.0,12816.099609375,811403
2020-12-01,12849.5,13321.9501953125,12650.0,13255.9501953125,186863
2020-12-02,13379.150390625,13379.150390625,13100.0,13300.900390625,138798
2020-12-03,13300.900390625,13350.0,12950.0,13006.7001953125,214721
2020-12-04,13000.0,13459.0,12968.849609375,13119.650390625,239535
2020-12-07,13177.0,13550.0,13065.650390625,13436.400390625,218997
2020-12-08,13450.0,13536.5,13200.0,13246.349609375,157904
2020-12-09,13300.0,13646.349609375,13250.0,13509.349609375,162516
2020-12-10,13411.099609375,13460.0,13127.650390625,13208.2001953125,118375
2020-12-11,13280.0,13401.0,13050.0,13163.099609375,111843
2020-12-14,13279.0,13281.0,13060.0,13189.4501953125,71210
2020-12-15,13190.5,13289.9501953125,13099.0,13236.9501953125,58737
2020-12-16,13290.0,13560.0498046875,13255.0,13324.150390625,108504
2020-12-17,13350.0,13450.0,13300.0,13353.4501953125,49405
2020-12-18,13375.0,13444.7001953125,13150.0,13203.150390625,64307
2020-12-21,13257.2001953125,13294.0,11910.0,12448.650390625,112236
2020-12-22,12448.650390625,12690.0,12070.0,12621.849609375,106445
2020-12-23,12640.0,12729.9501953125,12529.0498046875,12646.5,55199
2020-12-24,12730.0,12903.9501953125,12646.5,12686.2998046875,46406
2020-12-28,12808.0,12890.599609375,12750.0,12840.7001953125,33109
2020-12-29,12890.0,12957.5498046875,12719.75,12834.0498046875,47137
2020-12-30,12875.0,12950.0,12667.0,12818.5498046875,50895
2020-12-31,12774.900390625,12925.0,12467.0,12785.400390625,44397
2021-01-01,12813.0,13095.0,12780.0,12986.0498046875,40773
2021-01-04,13030.2001953125,13373.25,13018.2998046875,13334.2998046875,66155
2021-01-05,13250.0,13506.599609375,13124.4501953125,13433.5,66025
2021-01-06,13400.0,13620.0,13173.349609375,13302.900390625,65687
2021-01-07,13422.0,13999.0,13300.0,13863.650390625,142981
2021-01-08,14000.0,14181.75,13801.0498046875,13856.5498046875,91160
2021-01-11,13930.0,14080.0,13667.599609375,13919.650390625,47341
2021-01-12,13875.25,14949.4501953125,13822.900390625,14626.099609375,196125
2021-01-13,14702.0,15348.0,14525.0498046875,14780.5,191862
2021-01-14,14839.0,15081.7998046875,14734.7001953125,14790.650390625,72742
2021-01-15,14800.0,14990.0,14464.25,14765.25,68211
2021-01-18,14760.0,14760.0,14413.0,14514.099609375,80529
2021-01-19,14650.0,15250.0,14650.0,15182.5,71780
2021-01-20,15164.650390625,15956.0,15080.5,15882.099609375,174212
2021-01-21,15910.0,16200.0,15665.849609375,15806.2001953125,103614
2021-01-22,15848.900390625,16550.0,15560.0498046875,15670.650390625,131272
2021-01-25,15844.0,16027.599609375,15325.849609375,15876.400390625,88902
2021-01-27,15900.0,15900.0,15415.0,15542.5498046875,61551
2021-01-28,15450.5498046875,15946.900390625,15376.4501953125,15772.150390625,75419
2021-01-29,15884.7001953125,16071.2001953125,15250.0,15327.5,68777
2021-02-01,15524.0,16444.0,15256.0498046875,16190.7001953125,90065
2021-02-02,16269.0,16699.5,16150.0,16531.25,64405
2021-02-03,16600.0,16780.0,16442.599609375,16551.05078125,54280
2021-02-04,16525.0,16830.05078125,16257.2001953125,16359.2001953125,52012
2021-02-05,16449.0,16589.94921875,16051.7998046875,16176.2001953125,59820
2021-02-08,16280.0,16799.0,16124.900390625,16679.349609375,84227
2021-02-09,16677.650390625,16772.0,16200.0,16323.75,47103
2021-02-10,16400.0,16466.099609375,16074.7998046875,16284.0498046875,64242
2021-02-11,16340.0,16580.0,15931.75,16222.599609375,113237
2021-02-12,16180.0,16199.650390625,15520.2001953125,15615.349609375,129893
2021-02-15,15774.0,16029.599609375,15640.0498046875,15704.599609375,63995
2021-02-16,15799.5,15849.900390625,15330.0,15579.599609375,58454
2021-02-17,15644.25,15885.0,15437.7001953125,15795.0,46935
2021-02-18,15793.0,15960.0,15715.849609375,15820.599609375,62229
2021-02-19,15751.0498046875,15999.0,15501.099609375,15581.4501953125,54003
2021-02-22,15639.849609375,15639.849609375,14817.0,14928.599609375,82348
2021-02-23,14940.0,15098.0,14652.150390625,14742.599609375,56624
2021-02-24,15198.0,15554.9501953125,14767.900390625,14966.0,77159
2021-02-25,15080.0,15287.0,14920.0,15109.0498046875,86192
2021-02-26,14900.0,15039.4501953125,14353.599609375,14854.900390625,59346
2021-03-01,15000.0,15345.0498046875,14905.0,15228.25,53119
2021-03-02,15250.0,15500.0,15200.0,15449.900390625,39280
2021-03-03,15639.0,15639.0,15190.400390625,15246.5498046875,39743
2021-03-04,15600.0,15600.0,15140.0,15239.5498046875,76917
2021-03-05,15230.0,15287.599609375,14862.900390625,14905.0,48228
2021-03-08,14975.0,15125.0,14830.0,14962.2001953125,39764
2021-03-09,15098.0,15206.099609375,14900.099609375,14998.5498046875,31364
2021-03-10,15149.0,15149.0,14943.2001953125,14997.099609375,21778
2021-03-12,14957.099609375,15117.4501953125,14801.599609375,14893.2001953125,28343
2021-03-15,14889.900390625,15027.0,14625.849609375,14989.7998046875,28853
2021-03-16,15044.0,15062.7998046875,14701.0,14818.5,29407
2021-03-17,14818.5,14993.25,14540.0,14623.849609375,28295
2021-03-18,14845.0498046875,14845.0498046875,14152.650390625,14218.5498046875,35767
2021-03-19,14218.0,14589.599609375,13825.0498046875,14527.5498046875,60778
2021-03-22,14527.5498046875,14550.0,14284.75,14349.7998046875,22321
2021-03-23,14365.0,14440.0,14242.599609375,14321.099609375,40413
2021-03-24,14178.0,14337.7998046875,13970.4501953125,14016.849609375,25039
2021-03-25,13950.0,13999.9501953125,13590.0,13688.0,40457
2021-03-26,13800.0,13898.25,13619.900390625,13754.650390625,31444
2021-03-30,13890.0,14371.849609375,13765.9501953125,14256.599609375,55183
2021-03-31,14239.900390625,14349.0,14030.0,14088.400390625,21985
2021-04-01,14244.9501953125,14404.9501953125,14033.150390625,14178.900390625,56398
2021-04-05,14178.900390625,14178.900390625,13815.0,14035.650390625,24374
2021-04-06,14015.0498046875,14337.7001953125,13901.0,14127.150390625,39009
2021-04-07,14101.25,14750.0,14026.0498046875,14564.7998046875,53727
2021-04-08,14575.0,14847.7998046875,14560.099609375,14710.2001953125,38710
2021-04-09,14698.75,14819.900390625,14390.0498046875,14490.7001953125,28021
2021-04-12,14085.0,14380.0,13620.5,13681.9501953125,47149
2021-04-13,13625.0,14039.4501953125,13447.099609375,13887.9501953125,58287
2021-04-15,13859.0,13866.7001953125,13575.0,13647.599609375,43056
2021-04-16,13700.0,13889.400390625,13647.599609375,13855.9501953125,27064
2021-04-19,13550.0498046875,13616.9501953125,13354.25,13512.9501953125,25052
2021-04-20,13550.0498046875,13689.849609375,13304.0,13416.7998046875,23995
2021-04-22,13418.0,13575.0,13303.349609375,13510.2998046875,17030
2021-04-23,13380.0498046875,13619.099609375,13376.0,13538.650390625,20116
2021-04-26,13610.0,13735.0,13471.5498046875,13496.7001953125,16995
2021-04-27,13475.0,13725.599609375,13450.0,13561.849609375,35763
2021-04-28,13560.0498046875,13899.7001953125,13560.0498046875,13833.0,27858
2021-04-29,13899.900390625,13966.75,13513.7001953125,13571.5,23377
2021-04-30,13475.0,13630.0,13460.0498046875,13509.0,15105
2021-05-03,13230.0,13554.4501953125,13230.0,13515.5498046875,24130
2021-05-04,13589.0,13677.9501953125,13285.0498046875,13323.150390625,26467
2021-05-05,13225.0,13434.150390625,13225.0,13343.5498046875,17413
2021-05-06,13316.0498046875,13646.9501953125,13316.0498046875,13616.650390625,19525
2021-05-07,13651.0498046875,13672.0,13480.0,13632.400390625,17888
2021-05-10,13600.0,13880.0,13544.2998046875,13848.2001953125,39331
2021-05-11,13789.0,14388.4501953125,13740.0,14204.599609375,45443
2021-05-12,14200.0,14379.9501953125,13960.25,14294.599609375,24304
2021-05-14,14324.7998046875,14367.599609375,13690.0,13772.0498046875,31659
2021-05-17,13880.0,14250.0,13722.849609375,14218.849609375,34234
2021-05-18,14317.0,14520.0,14117.2001953125,14450.5498046875,47060
2021-05-19,14437.0,14835.0,14357.0498046875,14780.5498046875,63153
2021-05-20,14770.0,16250.0,14550.2001953125,15845.7998046875,534380
2021-05-21,15841.0,15841.0,15053.0,15288.150390625,256287
2021-05-24,15380.0,15570.400390625,15150.0,15193.2998046875,83457
2021-05-25,15259.0,15349.900390625,14977.4501953125,15030.2998046875,62425
2021-05-26,15170.0,15247.650390625,14855.0498046875,14882.349609375,41168
2021-05-27,14945.0,15211.150390625,14840.0,15067.900390625,63604
2021-05-28,15100.0,15189.900390625,15002.650390625,15104.4501953125,20109
2021-05-31,15133.0,15440.0,15005.099609375,15256.5,46291
2021-06-01,15270.0,15375.0,15080.5,15108.5498046875,20001
2021-06-02,15120.0,15339.0,15120.0,15302.75,22045
2021-06-03,15318.2998046875,15690.900390625,15301.0,15552.0498046875,65871
2021-06-04,15574.0,15733.25,15515.099609375,15636.849609375,37524
2021-06-07,15798.650390625,15870.0,15570.0,15649.25,31299
2021-06-08,15691.0,16028.9501953125,15686.7001953125,15908.400390625,48383
2021-06-09,15951.2001953125,16200.0,15650.0,15827.5,53501
2021-06-10,15929.900390625,16005.0,15632.0,15786.599609375,44899
2021-06-11,15940.0,16029.099609375,15811.2001953125,15919.25,34637
2021-06-14,15950.0,15981.0,15554.2998046875,15914.599609375,33998
2021-06-15,15999.0,16069.9501953125,15371.25,15859.599609375,17675
2021-06-16,15898.7998046875,15942.4501953125,15728.2998046875,15831.25,22251
2021-06-17,15750.0,15767.150390625,15375.0,15399.849609375,41012
2021-06-18,15450.0,15545.0,15089.0,15211.2998046875,55028
2021-06-21,15099.0,15125.0,14950.0,15096.849609375,48503
2021-06-22,15185.0,15287.400390625,15079.5,15128.599609375,19918
2021-06-23,15220.0,15267.400390625,15011.400390625,15064.5498046875,43267
2021-06-24,15076.0,15169.900390625,14911.0,14950.0,26840
2021-06-25,14994.849609375,15147.599609375,14971.0498046875,15076.599609375,28461
2021-06-28,15180.0,15185.9501953125,15070.0,15152.2998046875,19698
2021-06-29,15200.0,15250.0,14970.0,15025.599609375,30973
2021-06-30,15070.7001953125,15151.2001953125,14941.0,15025.150390625,30497
2021-07-01,15100.0,15243.5,14980.7001953125,15187.599609375,17673
2021-07-02,15264.0,15394.9501953125,15143.349609375,15357.75,37494
2021-07-05,15400.099609375,16179.7998046875,15375.0498046875,15716.349609375,147154
2021-07-06,15715.4501953125,15764.900390625,15319.599609375,15378.650390625,45131
2021-07-07,15519.0,15609.900390625,15380.0,15498.349609375,55609
2021-07-08,15555.0,15600.0,15180.400390625,15273.2998046875,32624
2021-07-09,15323.0,15400.0,15115.2001953125,15299.0498046875,88403
2021-07-12,15374.7001953125,15496.9501953125,15180.0,15219.75,34443
2021-07-13,15370.0,15533.9501953125,15122.5498046875,15238.349609375,64925
2021-07-14,15294.0,15400.0,15220.0498046875,15371.150390625,29264
2021-07-15,15449.0,15500.0,15291.0498046875,15336.900390625,25939
2021-07-16,15375.0,15420.0,15250.0,15287.9501953125,24889
2021-07-19,15250.0,15298.599609375,15108.150390625,15218.5,22645
2021-07-20,15218.5,15252.400390625,15000.0498046875,15046.25,18879
2021-07-22,15150.0,15279.9501953125,15052.5498046875,15137.2998046875,29430
2021-07-23,15182.7001953125,15192.150390625,15040.0,15055.349609375,16832
2021-07-26,15080.0,15097.7001953125,14969.349609375,14981.2998046875,14224
2021-07-27,15033.75,15180.0,14953.5498046875,15038.7998046875,19346
2021-07-28,15022.0,15175.0,14900.0,15012.0,18401
2021-07-29,15046.400390625,15114.9501953125,14816.75,14933.2998046875,25122
2021-07-30,14957.150390625,15325.0,14839.25,14968.25,47095
2021-08-02,15073.0498046875,15347.0,15005.099609375,15300.099609375,43686
2021-08-03,15300.099609375,15380.5,15184.0,15238.75,36212
2021-08-04,15350.0,15788.0,15042.75,15455.900390625,201351
2021-08-05,15240.0,15240.0,14674.150390625,14876.7998046875,129925
2021-08-06,14876.0,15035.0,14841.900390625,14901.2998046875,39646
2021-08-09,14875.0,14999.0,14666.900390625,14711.0,29425
2021-08-10,14740.400390625,14795.0,14328.599609375,14443.599609375,31050
2021-08-11,14311.0,14496.2998046875,14140.0,14310.7998046875,51436
2021-08-12,14313.0,14499.150390625,14274.0,14306.9501953125,22560
2021-08-13,14328.400390625,14737.4501953125,14315.349609375,14436.7998046875,43632
2021-08-16,14450.0,14699.0,14151.0,14206.2001953125,36817
2021-08-17,14210.099609375,14270.75,13950.0498046875,13994.7001953125,49220
2021-08-18,14068.400390625,14199.0,13935.0,13978.25,21023
2021-08-20,13950.0,13950.0,13630.0,13676.349609375,33217
2021-08-23,13749.9501953125,13834.150390625,13412.0498046875,13650.5498046875,31017
2021-08-24,13650.0,13916.25,13572.0,13884.0,40176
2021-08-25,13890.0,14074.9501953125,13833.0,13865.75,28155
2021-08-26,13865.75,13891.349609375,13600.0,13648.400390625,22624
2021-08-27,13660.0498046875,13701.400390625,13570.0,13642.75,15023
2021-08-30,13689.9501953125,13870.0,13650.650390625,13826.0,17752
2021-08-31,13853.650390625,13922.9501953125,13814.900390625,13859.2001953125,21977
2021-09-01,13899.0,14045.5498046875,13850.0,14011.5,22207
2021-09-02,14045.0,14213.9501953125,13960.0,14085.599609375,33332
2021-09-03,14149.650390625,14344.0,14109.099609375,14310.400390625,37460
2021-09-06,14400.0,14459.9501953125,14270.0,14287.0498046875,27334
2021-09-07,14325.0,14471.099609375,14119.5498046875,14360.599609375,24389
2021-09-08,14429.0,14429.0,14190.0498046875,14272.0,18720
2021-09-09,14200.0,14381.4501953125,14200.0,14328.650390625,14711
2021-09-13,14417.9501953125,14590.0,14255.7998046875,14566.099609375,28821
2021-09-14,14585.0,14720.0,14500.0,14569.0,24239
2021-09-15,14569.0,14660.0,14514.599609375,14580.2001953125,22586
2021-09-16,14661.2998046875,15599.0,14661.2998046875,15279.599609375,229057
2021-09-17,15387.0,15440.5,14961.349609375,15076.0,74362
2021-09-20,15060.25,15429.9501953125,14910.099609375,15154.5498046875,65331
2021-09-21,15120.0,15275.0,14859.0,15173.900390625,47581
2021-09-22,15173.900390625,15344.9501953125,15150.0,15301.5,37973
2021-09-23,15342.0,15474.25,15220.0,15369.2998046875,40458
2021-09-24,15400.0,15439.75,15165.0,15255.2998046875,30453
2021-09-27,15350.0,15939.900390625,15280.0,15796.7998046875,104132
2021-09-28,15845.7998046875,16229.0,15600.0,15735.2001953125,75531
2021-09-29,15650.0,15934.2001953125,15520.0,15638.2001953125,42636
2021-09-30,15638.2001953125,15753.150390625,15400.0,15474.5,26957
2021-10-01,15426.599609375,15538.0,15218.0,15447.5498046875,28274
2021-10-04,15565.0,15649.0,15355.4501953125,15479.099609375,30173
2021-10-05,15500.0,15572.0,15400.0,15473.400390625,23529
2021-10-06,15545.0,17444.94921875,15510.349609375,17277.349609375,645475
2021-10-07,17300.0,17674.55078125,17049.69921875,17513.400390625,212870
2021-10-08,17481.44921875,17839.349609375,17301.0,17696.849609375,81400
2021-10-11,17765.0,18320.0,17752.44921875,17789.5,80381
2021-10-12,17789.5,18288.0,17714.19921875,18093.55078125,73119
2021-10-13,18199.0,18570.0,17836.55078125,17910.0,71000
2021-10-14,18070.0,18200.0,17810.05078125,17863.849609375,30860
2021-10-18,17999.75,18112.44921875,17620.0,17659.650390625,28231
2021-10-19,17740.0,17841.150390625,17185.80078125,17258.400390625,38110
2021-10-20,17260.0,17435.55078125,17001.900390625,17145.30078125,33419
2021-10-21,17140.0,17242.75,16890.0,17117.849609375,22924
2021-10-22,17155.0,17460.0,16827.69921875,16931.25,24198
2021-10-25,17000.0,17000.0,16500.0,16609.44921875,27959
2021-10-26,16692.0,17079.0,16660.0,17021.80078125,22206
2021-10-27,17100.0,17145.349609375,16850.44921875,16939.400390625,16029
2021-10-28,16919.900390625,17002.94921875,16600.0,16712.150390625,27756
2021-10-29,16720.0,17040.349609375,16515.900390625,16952.30078125,19471
2021-11-01,17037.05078125,17839.650390625,17019.349609375,17563.19921875,93824
2021-11-02,17575.0,17903.349609375,17540.0,17745.75,22481
2021-11-03,17829.0,17888.94921875,17550.650390625,17735.19921875,22119
2021-11-04,17800.0,17864.80078125,17707.650390625,17779.849609375,3175
2021-11-08,17787.0,18350.0,17721.099609375,18245.44921875,42094
2021-11-09,18350.0,18889.0,18271.0,18762.0,107274
2021-11-10,18500.0,19250.0,17905.94921875,18784.69921875,291611
2021-11-11,18699.94921875,18777.400390625,18052.0,18249.900390625,119078
2021-11-12,18344.5,18700.0,18000.150390625,18565.75,69916
2021-11-15,18565.75,18844.94921875,18200.05078125,18275.400390625,53207
2021-11-16,18250.0,18945.400390625,18207.05078125,18617.44921875,85141
2021-11-17,18617.44921875,18955.0,18425.599609375,18892.25,54984
2021-11-18,18705.0,18799.900390625,17609.75,17779.650390625,143050
2021-11-22,17800.0,17975.25,16682.19921875,16934.44921875,113635
2021-11-23,16963.30078125,17600.0,16801.05078125,17303.75,56937
2021-11-24,17394.0,17513.75,16900.0,17007.30078125,36851
2021-11-25,17058.30078125,17058.30078125,16730.150390625,16870.19921875,29632
2021-11-26,16750.0,16750.0,16011.099609375,16177.400390625,51884
2021-11-29,16101.0,16500.0,15692.0498046875,16302.849609375,66281
2021-11-30,16200.0,16664.94921875,16070.9501953125,16168.5,33552
2021-12-01,16200.0,16396.849609375,16152.0,16326.4501953125,18165
2021-12-02,16308.0,16700.0,16219.7001953125,16641.19921875,39236
2021-12-03,16682.80078125,16900.0,16449.5,16500.19921875,58734
2021-12-06,16495.0,16549.94921875,16070.0498046875,16120.099609375,58479
2021-12-07,16280.0,16424.150390625,16210.0,16296.9501953125,17842
2021-12-08,16333.0,16734.94921875,16333.0,16694.75,19804
2021-12-09,16798.900390625,16799.0,16608.55078125,16682.900390625,13292
2021-12-10,16690.0,16960.94921875,16630.0,16800.849609375,15426
2021-12-13,16884.849609375,16976.349609375,16596.30078125,16741.400390625,38018
2021-12-14,16773.849609375,16913.55078125,16560.25,16871.80078125,14190
2021-12-15,16850.0,16979.0,16620.94921875,16689.150390625,38083
2021-12-16,16786.80078125,16811.0,16448.05078125,16493.400390625,15834
2021-12-17,16500.0,16569.349609375,16035.25,16101.2001953125,27342
2021-12-20,16055.0,16089.9501953125,15200.0,15654.0498046875,32386
2021-12-21,15655.0,16490.0,15639.5,16287.349609375,59826
2021-12-22,16298.349609375,16550.0,16298.349609375,16461.0,27634
2021-12-23,16576.25,16899.0,16500.0,16857.599609375,31315
2021-12-24,16800.0,16900.0,16410.19921875,16483.900390625,35956
2021-12-27,16481.0,16675.0,16122.5,16623.69921875,24531
2021-12-28,16679.5,16940.0,16600.0,16680.0,26060
2021-12-29,16773.80078125,16794.75,16570.0,16675.849609375,17589
2021-12-30,16799.900390625,17099.0,16420.05078125,16872.150390625,87023
2021-12-31,16890.0,17420.0,16725.0,17320.25,52947
2022-01-03,17320.25,17499.94921875,17250.19921875,17292.900390625,26614
2022-01-04,17419.0,17419.0,17105.0,17222.599609375,21725
2022-01-05,17220.0,17569.80078125,17150.0,17332.349609375,28716
2022-01-06,17435.0,17573.94921875,17230.0,17274.55078125,53694
2022-01-07,17308.0,17428.0,17000.0,17081.05078125,30563
2022-01-10,17150.0,17592.599609375,17100.0,17419.349609375,35333
2022-01-11,17420.0,17528.0,17239.25,17286.650390625,17202
2022-01-12,17390.0,17450.0,17300.0,17405.05078125,14693
2022-01-13,17364.94921875,17516.55078125,17230.0,17396.599609375,14882
2022-01-14,17350.0,17746.900390625,17318.0,17486.0,37139
2022-01-17,17630.0,17929.94921875,17599.5,17692.30078125,36236
2022-01-18,17849.5,17849.5,17003.849609375,17189.900390625,30371
2022-01-19,17240.0,17324.94921875,16929.05078125,16970.0,34034
2022-01-20,17000.0,17127.0,16612.05078125,16817.69921875,23497
2022-01-21,16515.0,16880.0,16330.0498046875,16470.75,29796
2022-01-24,16470.75,16528.650390625,15801.2998046875,16059.75,40889
2022-01-25,16040.0,16340.0,15773.349609375,16269.5498046875,22180
2022-01-27,16100.0,16320.0,15822.0498046875,16232.9501953125,36739
2022-01-28,16290.0,16650.0,16262.5,16295.849609375,13654
2022-01-31,16480.0,16595.0,16410.150390625,16533.900390625,9687
2022-02-01,16725.0,16850.0,16417.69921875,16824.05078125,16446
2022-02-02,16890.0,17027.900390625,16635.0,16697.25,17997
2022-02-03,16690.0,16873.25,16549.05078125,16585.55078125,22185
2022-02-04,16618.69921875,16696.849609375,16400.0,16432.30078125,9011
2022-02-07,16415.599609375,16441.0,15960.0,16062.349609375,15529
2022-02-08,16118.5498046875,16219.9501953125,15960.0498046875,16058.349609375,13313
2022-02-09,16170.75,16716.55078125,16040.0,16220.099609375,67238
2022-02-10,16320.099609375,16724.94921875,16037.599609375,16634.849609375,33726
2022-02-11,16398.0,16458.349609375,16230.0,16260.25,25471
2022-02-14,15999.0,16026.599609375,15700.0498046875,15824.150390625,48691
2022-02-15,15824.0,16120.0,15532.0498046875,16046.5498046875,35897
2022-02-16,16270.0,16280.0,15925.150390625,15996.650390625,19365
2022-02-17,16060.650390625,16142.9501953125,15900.0,16003.0,18033
2022-02-18,15950.0,16027.9501953125,15780.5498046875,15856.0,11702
2022-02-21,15850.0,15882.2001953125,15580.150390625,15787.0,16251
2022-02-22,15580.0,16076.9501953125,15399.0,15970.150390625,37505
2022-02-23,15970.0,16213.099609375,15840.0,15951.400390625,20424
2022-02-24,15500.0,15665.599609375,14975.0,15016.650390625,50909
2022-02-25,15317.0,15666.0,15223.7998046875,15593.2998046875,21886
2022-02-28,15250.0,15800.0,15170.4501953125,15748.7998046875,23677
2022-03-02,15492.099609375,15740.9501953125,15420.0,15518.75,13753
2022-03-03,15642.900390625,15669.900390625,15100.0,15170.0,17555
2022-03-04,15175.0,15189.7001953125,14700.0,14731.4501953125,24004
2022-03-07,14500.0,14579.5498046875,14053.9501953125,14165.9501953125,28624
2022-03-08,14165.9501953125,14757.349609375,14032.650390625,14673.5,23021
2022-03-09,14700.0,14720.099609375,14064.0,14224.2001953125,102323
2022-03-10,14550.0,14641.650390625,14233.0498046875,14307.650390625,49214
2022-03-11,14324.0,14324.0,14152.150390625,14213.900390625,28496
2022-03-14,14225.0,14276.75,13890.0,14022.9501953125,68198
2022-03-15,14058.0,14284.9501953125,13865.849609375,13921.4501953125,68263
2022-03-16,14100.0,14233.900390625,14006.0,14081.599609375,104762
2022-03-17,14257.900390625,14698.0,14220.849609375,14585.75,95719
2022-03-21,14620.0,14643.900390625,14200.0,14249.0,31935
2022-03-22,14299.0,14400.0,13957.5498046875,14306.75,34108
2022-03-23,14400.0,14437.0498046875,14138.099609375,14188.849609375,21070
2022-03-24,14138.0,14229.900390625,14000.0,14153.7998046875,16425
2022-03-25,14200.099609375,14302.9501953125,14010.0,14052.849609375,17789
2022-03-28,14100.0,14149.7001953125,13924.0,14025.7998046875,20939
2022-03-29,14030.0,14220.0,14030.0,14107.2998046875,22986
2022-03-30,14250.0,14482.9501953125,14181.150390625,14458.5498046875,44166
2022-03-31,14480.0,14519.900390625,14251.0498046875,14438.5,31457
2022-04-01,14420.0,14612.4501953125,14376.75,14553.75,16286
2022-04-04,14615.0,14950.0,14572.150390625,14861.2998046875,41357
2022-04-05,14970.0,15085.0,14832.099609375,14894.7001953125,22667
2022-04-06,14894.7001953125,15050.0,14787.4501953125,14999.849609375,24737
2022-04-07,14990.0,15099.349609375,14903.400390625,14975.349609375,23081
2022-04-08,15000.0,15065.099609375,14916.2998046875,15036.5,17007
2022-04-11,15140.0,15167.9501953125,14904.0498046875,14956.2001953125,13198
2022-04-12,14904.0,14939.9501953125,14541.599609375,14652.099609375,18977
2022-04-13,14659.9501953125,14743.650390625,14463.0,14561.9501953125,14284
2022-04-18,14524.400390625,14600.0,14300.0,14573.2001953125,10940
2022-04-19,14600.0,14692.150390625,14043.099609375,14127.5498046875,25638
2022-04-20,14288.0,14460.0,14205.349609375,14371.2998046875,14664
2022-04-21,14483.0,14650.900390625,14420.0,14637.4501953125,10746
2022-04-22,14590.0,14629.9501953125,14452.5,14501.2001953125,8985
2022-04-25,14452.0,14492.2998046875,14028.349609375,14160.4501953125,23722
2022-04-26,14252.5,14570.0498046875,14252.5,14521.9501953125,34502
2022-04-27,14465.0,14479.0,14242.5,14386.7001953125,12430
2022-04-28,14386.7001953125,14495.849609375,14325.0,14381.2001953125,22006
2022-04-29,14450.0,14790.0,14400.0,14491.599609375,24674
2022-05-02,14420.0,14602.400390625,14230.0,14460.5498046875,18509
2022-05-04,14560.0,14560.0,14105.400390625,14166.150390625,23857
2022-05-05,14280.0,14485.4501953125,14107.7001953125,14147.650390625,15579
2022-05-06,14000.0,14050.0,13807.849609375,13848.9501953125,20697
2022-05-09,13791.7001953125,13848.9501953125,13500.0,13612.7998046875,23929
2022-05-10,13612.7998046875,13891.5498046875,13500.0,13521.349609375,19109
2022-05-11,13637.7001953125,13649.849609375,13069.5498046875,13394.25,26773
2022-05-12,13311.0,13326.400390625,12932.4501953125,13128.599609375,20938
2022-05-13,13200.0,13499.25,13022.650390625,13098.7001953125,28821
2022-05-16,13300.0,13330.0,13075.400390625,13209.5498046875,17260
2022-05-17,13350.0,13671.9501953125,13280.0,13629.0498046875,14982
2022-05-18,13620.0,14300.0,13620.0,14186.25,49824
2022-05-19,13765.0,14109.2998046875,13177.4501953125,13393.650390625,73307
2022-05-20,13707.0,14257.400390625,13500.0,14175.150390625,69654
2022-05-23,14310.5,14375.150390625,14003.599609375,14162.349609375,32397
2022-05-24,14161.0,14271.900390625,13842.2001953125,14059.7001953125,20099
2022-05-25,14045.0,14157.900390625,13692.9501953125,13738.849609375,13882
2022-05-26,13900.2001953125,14000.0,13480.150390625,13864.900390625,22958
2022-05-27,14049.9501953125,14299.0,13970.0,14185.75,29521
2022-05-30,14290.0,14524.9501953125,14256.0498046875,14436.75,13313
2022-05-31,14454.9501953125,14699.9501953125,14390.0,14627.400390625,26185
2022-06-01,14680.0,14775.0,14444.0,14537.25,9840
2022-06-02,14537.25,14828.75,14500.0,14764.900390625,10731
2022-06-03,14849.0,14871.0,14315.599609375,14347.2998046875,11194
2022-06-06,14347.2998046875,14430.0,14184.2998046875,14370.099609375,8304
2022-06-07,14301.0,14342.75,14015.7001953125,14121.5498046875,10559
2022-06-08,14270.0,14270.0,13941.7001953125,14109.400390625,12830
2022-06-09,14080.400390625,14400.7001953125,14040.75,14362.349609375,14211
2022-06-10,14225.0,14350.0,14150.650390625,14215.9501953125,6282
2022-06-13,14081.0,14145.400390625,13805.099609375,13860.4501953125,9177
2022-06-14,13830.0,14079.4501953125,13751.150390625,13796.900390625,8777
2022-06-15,13824.0,13939.5498046875,13755.900390625,13871.150390625,13446
2022-06-16,14080.0,14080.0,13500.0,13550.5,13252
2022-06-17,13569.75,13655.900390625,13290.0,13329.75,17576
2022-06-20,13400.0,13438.2998046875,13165.0,13286.2001953125,11196
2022-06-21,13345.0,13730.0498046875,13304.349609375,13662.2001953125,14668
2022-06-22,13650.0,13709.9501953125,13405.0498046875,13437.849609375,13706
2022-06-23,13500.0,13867.400390625,13450.0,13821.9501953125,38229
2022-06-24,13900.0,14327.599609375,13900.0,14266.7998046875,28919
2022-06-27,14474.900390625,14645.849609375,14326.2998046875,14593.150390625,28254
2022-06-28,14550.0,14700.0,14457.099609375,14656.7001953125,20876
2022-06-29,14614.0,15630.0,14560.0,15523.0,128714
2022-06-30,15520.0,15700.0,15190.0,15229.599609375,46647
2022-07-01,15273.0,15731.2001953125,15201.5498046875,15686.2998046875,71619
2022-07-04,15660.0,16000.0,15654.9501953125,15938.2001953125,33501
2022-07-05,15940.0,16044.900390625,15591.599609375,15634.0498046875,29221
2022-07-06,15647.0,16150.0,15600.0498046875,16107.599609375,48854
2022-07-07,16115.0,16308.849609375,15960.7998046875,16170.650390625,25335
2022-07-08,16140.0,16290.0,16025.0,16139.5,17133
2022-07-11,16100.0,16605.0,16000.0,16554.94921875,47938
2022-07-12,16554.94921875,16565.0,16422.0,16512.900390625,11692
2022-07-13,16515.0,16665.69921875,16331.7001953125,16367.349609375,16505
2022-07-14,16240.0,16432.0,15881.400390625,16009.2001953125,23633
2022-07-15,16009.2001953125,16525.0,16009.2001953125,16434.349609375,27102
2022-07-18,16499.0,16606.849609375,16337.849609375,16366.150390625,24177
2022-07-19,16366.2001953125,16500.0,16256.0,16407.69921875,18990
2022-07-20,16500.0,16600.0,16280.5498046875,16387.099609375,35675
2022-07-21,16480.0,16480.0,16225.25,16375.75,20935
2022-07-22,16450.0,17127.599609375,16370.0,16828.30078125,109380
2022-07-25,16828.30078125,16999.94921875,16460.0,16508.94921875,33185
2022-07-26,16598.0,16698.19921875,16313.0498046875,16364.5498046875,26746
2022-07-27,16470.0,16595.0,16220.0,16429.69921875,38519
2022-07-28,16461.0,16950.0,16382.0,16571.80078125,30048
2022-07-29,16789.0,17230.0,16628.55078125,17115.80078125,72333
2022-08-01,17200.0,17738.94921875,16978.55078125,17649.349609375,74234
2022-08-02,17617.900390625,17900.0,17500.0,17802.05078125,89734
2022-08-03,18188.94921875,18188.94921875,17001.0,17299.849609375,168277
2022-08-04,17500.0,17790.0,17250.0,17561.75,99421
2022-08-05,17599.0,17815.0,17102.650390625,17399.849609375,70018
2022-08-08,17300.0,17600.0,17200.0,17314.5,53429
2022-08-10,17350.0,17605.0,17165.80078125,17234.30078125,51020
2022-08-11,17450.0,17538.44921875,17285.0,17427.849609375,58850
2022-08-12,17420.0,17505.0,17201.0,17260.94921875,24628
2022-08-16,17310.0,18093.0,17310.0,18044.25,95435
2022-08-17,18100.0,18224.69921875,17856.849609375,17957.099609375,61622
2022-08-18,17900.0,17947.400390625,17570.0,17605.19921875,41793
2022-08-19,17757.5,17829.75,17312.849609375,17376.400390625,47005
2022-08-22,17341.650390625,17542.25,17057.0,17089.650390625,38621
2022-08-23,17051.0,17472.0,17001.5,17293.0,62061
2022-08-24,17280.0,17419.94921875,17215.0,17260.94921875,63336
2022-08-25,17318.0,17460.0,17186.05078125,17206.19921875,41923
2022-08-26,17320.0,17425.400390625,17200.0,17252.150390625,28888
2022-08-29,17050.0,17170.0,16801.150390625,17059.900390625,43541
2022-08-30,17114.0,17590.0,17114.0,17540.05078125,45150
2022-09-01,17490.0,17867.94921875,17356.94921875,17663.05078125,52573
2022-09-02,17719.0,17898.0,17463.5,17568.099609375,43637
2022-09-05,17594.80078125,17809.94921875,17549.94921875,17591.099609375,25136
2022-09-06,17630.0,17749.94921875,17400.0,17457.349609375,19596
2022-09-07,17415.0,17529.94921875,17250.80078125,17309.849609375,16691
2022-09-08,17435.0,17500.0,17135.0,17244.55078125,31682
2022-09-09,17350.0,17448.94921875,17140.0,17181.5,35223
2022-09-12,17327.650390625,17364.94921875,17202.0,17238.94921875,28905
2022-09-13,17381.599609375,17699.900390625,17260.099609375,17484.349609375,37983
2022-09-14,17251.0,17596.900390625,17164.0,17519.400390625,32140
2022-09-15,17570.0,17688.349609375,17286.55078125,17341.599609375,20307
2022-09-16,17320.0,17350.0,16810.099609375,16934.099609375,73191
2022-09-19,16851.0,17145.0,16702.150390625,16856.650390625,27328
2022-09-20,17000.0,17249.900390625,16850.0,16872.650390625,42108
2022-09-21,16900.0,17026.0,16594.69921875,16671.69921875,18761
2022-09-22,16714.650390625,16825.0,16513.30078125,16592.599609375,35868
2022-09-23,16600.0,16835.0,16150.150390625,16223.349609375,36144
2022-09-26,16198.0,16198.0,15599.2998046875,15855.9501953125,36710
2022-09-27,15940.0,16042.0,15695.0,15809.25,30976
2022-09-28,15800.0,15844.5,15600.0,15659.25,18018
2022-09-29,15895.0,15895.0,15300.0,15670.4501953125,57959
2022-09-30,15670.4501953125,15924.900390625,15501.0,15814.849609375,18069
2022-10-03,15895.099609375,15957.5498046875,15500.099609375,15618.900390625,36325
2022-10-04,15900.0,15938.0,15700.0,15905.0498046875,12884
2022-10-06,15990.0,16205.0,15901.0,15945.599609375,30447
2022-10-07,15999.0,16117.099609375,15850.0,15865.349609375,28071
2022-10-10,15700.0,15829.7998046875,15581.400390625,15757.849609375,13100
2022-10-11,15795.0,15840.0,15465.0,15572.25,19107
2022-10-12,15576.0,15692.4501953125,15393.599609375,15660.5,12892
2022-10-13,15700.0,15739.900390625,15480.0,15543.7001953125,10921
2022-10-14,15700.0,15887.0498046875,15436.9501953125,15467.9501953125,28592
2022-10-17,15460.0,15634.7001953125,15400.099609375,15568.650390625,16787
2022-10-18,15640.0,15741.9501953125,15606.0498046875,15669.650390625,11193
2022-10-19,15700.0,15800.0,15597.2998046875,15676.5498046875,15358
2022-10-20,15649.0,15790.0,15516.099609375,15772.7998046875,10560
2022-10-21,15790.0,15849.9501953125,15501.0,15555.7001953125,9445
2022-10-24,15610.0,15700.0,15560.599609375,15623.150390625,2298
2022-10-25,15635.0,15685.0,15543.0,15646.349609375,8065
2022-10-27,15700.0,15835.0,15590.4501953125,15743.150390625,14228
2022-10-28,15750.0,16163.9501953125,15740.0,16114.400390625,23435
2022-10-31,16245.0,16555.0,16122.599609375,16488.599609375,30738
2022-11-01,16510.0,16650.0,16380.2001953125,16599.30078125,53465
2022-11-02,16599.30078125,16655.0,16500.0,16578.30078125,26775
2022-11-03,16450.0,16659.19921875,16450.0,16557.900390625,19015
2022-11-04,16591.0,16591.0,16108.5498046875,16322.25,50207
2022-11-07,16375.0,16632.599609375,16216.25,16446.19921875,32977
2022-11-09,16387.5,17510.30078125,16340.0,17223.599609375,151023
2022-11-10,17101.0,17301.0,16780.0,16813.400390625,38820
2022-11-11,16999.0,17069.94921875,16666.650390625,16768.30078125,28041
2022-11-14,16852.150390625,16860.0,16660.0,16821.099609375,15577
2022-11-15,16909.0,17089.94921875,16857.44921875,16890.5,21179
2022-11-16,16890.5,17100.0,16619.05078125,16674.75,12774
2022-11-17,16690.0,16850.0,16601.0,16703.30078125,13940
2022-11-18,16762.94921875,16762.94921875,16435.55078125,16535.599609375,15665
2022-11-21,16520.0,16520.0,16309.0,16357.349609375,19098
2022-11-22,16407.900390625,16483.69921875,16380.0,16422.150390625,18998
2022-11-23,16503.69921875,16756.0,16422.150390625,16647.650390625,59286
2022-11-24,16730.0,16819.25,16551.099609375,16638.30078125,20170
2022-11-25,16721.44921875,16988.0,16602.55078125,16936.599609375,27789
2022-11-28,16872.0,17047.0,16850.0,16973.599609375,17734
2022-11-29,16903.599609375,17002.0,16766.0,16795.19921875,24072
2022-11-30,16879.19921875,17075.349609375,16822.5,17004.400390625,28048
2022-12-01,17025.0,17206.0,16929.0,17038.400390625,37807
2022-12-02,17098.0,17240.0,16993.55078125,17143.30078125,29867
2022-12-05,17145.0,17270.900390625,17021.599609375,17198.69921875,26790
2022-12-06,17185.0,17329.0,17123.849609375,17286.25,30608
2022-12-07,17305.0,17324.900390625,17010.0,17089.5,9071
2022-12-08,17200.0,17499.0,17055.05078125,17454.80078125,59599
2022-12-09,17500.0,17849.94921875,17358.80078125,17516.80078125,71665
2022-12-12,17516.80078125,17625.0,17307.69921875,17384.05078125,12681
2022-12-13,17384.0,17655.69921875,17317.099609375,17577.69921875,16680
2022-12-14,17578.0,17666.0,17403.69921875,17586.75,35770
2022-12-15,17645.0,17769.349609375,17564.150390625,17664.25,22428
2022-12-16,17580.0,17615.900390625,17251.69921875,17470.19921875,31397
2022-12-19,17400.0,17577.0,17265.0,17529.849609375,19232
2022-12-20,17435.0,17690.0,17380.05078125,17601.19921875,25213
2022-12-21,17659.0,17897.650390625,17325.349609375,17410.19921875,30969
2022-12-22,17420.650390625,17524.94921875,17141.0,17243.75,24046
2022-12-23,17210.0,17210.0,16700.0,16849.44921875,30648
2022-12-26,16800.05078125,17333.0,16617.599609375,17281.150390625,33905
2022-12-27,17348.94921875,17367.55078125,16805.900390625,17221.55078125,17196
2022-12-28,17221.5,17464.900390625,17060.05078125,17289.25,22164
2022-12-29,17175.0,17304.69921875,16972.94921875,17087.05078125,27430
2022-12-30,17172.44921875,17348.0,17110.19921875,17264.19921875,9551
2023-01-02,17337.849609375,17348.0,17090.0,17169.650390625,9526
2023-01-03,17219.94921875,17250.0,17095.0,17133.75,6877
2023-01-04,17133.69921875,17133.69921875,16800.0,16857.400390625,24307
2023-01-05,16950.0,17044.80078125,16751.0,17006.69921875,14393
2023-01-06,17100.0,17199.0,16967.5,17065.69921875,21331
2023-01-09,17150.75,17249.900390625,17090.80078125,17221.30078125,8080
2023-01-10,17200.0,17498.0,17200.0,17405.69921875,15811
2023-01-11,17450.0,17524.94921875,17250.0,17350.94921875,8578
2023-01-12,17301.0,17425.0,17150.0,17379.0,10485
2023-01-13,17379.0,17400.0,17180.0,17332.900390625,10030
2023-01-16,17318.94921875,17366.349609375,17035.0,17089.0,8833
2023-01-17,17120.94921875,17120.94921875,16911.0,16999.05078125,6812
2023-01-18,17000.0,17185.0,16885.099609375,17063.0,14160
2023-01-19,17052.05078125,17173.69921875,16926.0,17140.69921875,11012
2023-01-20,17140.69921875,17140.69921875,16810.94921875,16954.55078125,13266
2023-01-23,16920.0,17060.05078125,16830.94921875,16926.099609375,9369
2023-01-24,16995.0,17149.94921875,16926.150390625,17049.5,9194
2023-01-25,17025.0,17039.900390625,16670.0,16720.349609375,10286
2023-01-27,16720.349609375,16899.900390625,16366.0498046875,16696.099609375,14922
2023-01-30,16750.0,16849.5,16545.0,16590.69921875,8527
2023-01-31,16601.0,17149.94921875,16600.0,17028.599609375,13928
2023-02-01,17100.0,17340.0,16780.0,17118.05078125,13466
2023-02-02,17118.05078125,17285.0,16987.900390625,17168.69921875,7224
2023-02-03,17100.0,17445.0,17083.099609375,17415.44921875,17688
2023-02-06,17581.0,17599.900390625,17311.0,17449.55078125,9895
2023-02-07,17480.0,17480.0,17270.099609375,17414.900390625,7133
2023-02-08,17406.0,17493.150390625,17282.0,17447.44921875,11346
2023-02-09,17320.0,17623.94921875,17320.0,17524.80078125,19549
2023-02-10,17520.0,17562.69921875,17400.0,17499.0,7263
2023-02-13,17519.94921875,17655.0,17210.05078125,17408.099609375,16189
2023-02-14,17418.099609375,17667.0,16973.19921875,17412.400390625,71926
2023-02-15,17420.19921875,18050.0,17235.099609375,17855.25,70046
2023-02-16,17860.0,18177.0,17780.0,18135.25,31924
2023-02-17,18100.0,18218.349609375,17852.94921875,18014.55078125,19869
2023-02-20,18036.94921875,18305.900390625,17901.0,18183.349609375,27323
2023-02-21,18185.0,18525.0,17950.0,18476.30078125,37541
2023-02-22,18344.30078125,18469.30078125,18232.0,18311.94921875,24230
2023-02-23,18311.94921875,18446.900390625,18109.75,18312.69921875,33232
2023-02-24,18347.0,18396.150390625,17712.400390625,17810.30078125,27827
2023-02-27,17800.0,18000.0,17480.05078125,17878.349609375,16150
2023-02-28,18028.349609375,18139.400390625,17835.30078125,17996.25,22621
2023-03-01,17996.25,18375.0,17996.25,18302.25,17785
2023-03-02,18300.0,18440.55078125,18131.05078125,18180.25,18731
2023-03-03,18205.0,18384.900390625,17940.05078125,17983.75,20886
2023-03-06,17985.0,18192.0,17900.0,18095.849609375,16396
2023-03-08,18099.0,18825.0,18025.05078125,18723.94921875,70670
2023-03-09,18772.94921875,18948.94921875,18410.05078125,18470.849609375,52910
2023-03-10,18350.0,18481.69921875,18052.19921875,18389.30078125,29144
2023-03-13,18350.05078125,18427.69921875,17801.099609375,17966.099609375,26039
2023-03-14,18060.0,18270.0,17850.0,18002.75,29189
2023-03-15,18100.0,18243.94921875,17962.44921875,18043.599609375,12219
2023-03-16,18043.599609375,18215.0,17948.599609375,18118.349609375,24600
2023-03-17,18200.0,18300.55078125,18070.0,18113.599609375,15709
2023-03-20,18154.94921875,18351.0,17975.05078125,18139.30078125,49184
2023-03-21,18198.0,18468.400390625,18122.599609375,18369.75,40044
2023-03-22,18379.94921875,18625.0,18379.94921875,18424.19921875,16984
2023-03-23,18425.0,18493.19921875,18301.0,18427.80078125,24300
2023-03-24,18427.80078125,18550.0,18308.900390625,18452.650390625,21757
2023-03-27,18502.0,18650.0,18301.05078125,18341.849609375,24228
2023-03-28,18380.0,18650.0,18365.80078125,18532.19921875,40504
2023-03-29,18532.19921875,19040.0,18453.900390625,18977.150390625,50052
2023-03-31,18960.0,19504.94921875,18900.05078125,19369.900390625,46121
2023-04-03,19500.0,19500.849609375,19200.0,19434.25,29923
2023-04-05,19402.0,19654.94921875,19105.05078125,19142.599609375,46684
2023-04-06,19143.0,19261.05078125,18735.0,18795.0,72459
2023-04-10,18940.0,18940.0,18494.44921875,18542.80078125,46233
2023-04-11,18549.0,18929.94921875,18455.099609375,18604.75,51741
2023-04-12,18640.0,18910.0,18640.0,18765.5,43141
2023-04-13,18849.849609375,18960.0,18640.0,18907.05078125,25704
2023-04-17,18907.05078125,19049.900390625,18762.05078125,18885.19921875,21810
2023-04-18,18885.19921875,19051.94921875,18760.0,18814.25,13612
2023-04-19,18899.849609375,18901.0,18611.599609375,18686.19921875,13542
2023-04-20,18700.0,18836.19921875,18686.19921875,18740.55078125,5156
2023-04-21,18834.94921875,18849.900390625,18674.0,18766.94921875,9208
2023-04-24,18775.0,18814.25,18641.400390625,18732.150390625,13782
2023-04-25,18799.0,18875.0,18670.900390625,18776.349609375,13444
2023-04-26,18680.150390625,19037.75,18680.150390625,18961.099609375,17670
2023-04-27,18961.099609375,19180.0,18895.349609375,19117.80078125,14870
2023-04-28,19180.0,19424.94921875,19159.19921875,19371.849609375,24308
2023-05-02,19371.849609375,19850.400390625,19362.0,19798.30078125,29017
2023-05-03,19745.0,19747.900390625,19275.55078125,19317.599609375,22537
2023-05-04,19314.94921875,19470.75,19080.0,19193.25,27882
2023-05-05,19229.94921875,19400.0,19225.05078125,19324.849609375,10241
2023-05-08,19329.94921875,19538.599609375,19270.05078125,19311.650390625,18577
2023-05-09,19353.650390625,19437.5,19030.05078125,19226.349609375,22253
2023-05-10,19358.349609375,19455.94921875,18973.0,19354.75,43422
2023-05-11,19200.0,19671.25,19050.0,19473.900390625,61928
2023-05-12,19530.0,19639.94921875,18791.05078125,18978.30078125,59933
2023-05-15,19105.75,19339.849609375,18930.05078125,19229.05078125,25309
2023-05-16,19150.0,19299.0,18864.099609375,19007.69921875,41812
2023-05-17,19100.0,19219.94921875,18945.099609375,19135.650390625,13967
2023-05-18,19249.94921875,19318.849609375,18970.69921875,19014.55078125,13824
2023-05-19,19160.0,19160.0,18716.099609375,18884.19921875,25164
2023-05-22,18885.05078125,18940.0,18741.05078125,18830.19921875,10716
2023-05-23,18835.0,19034.55078125,18792.75,18854.55078125,17174
2023-05-24,18854.55078125,18909.94921875,18690.0,18751.25,12145
2023-05-25,18830.94921875,18861.05078125,18680.349609375,18781.150390625,10507
2023-05-26,18781.150390625,18988.5,18772.0,18941.69921875,11558
2023-05-29,19000.0,19000.0,18245.69921875,18296.0,62648
2023-05-30,18300.0,18624.94921875,18290.0,18540.900390625,23849
2023-05-31,18540.900390625,18677.94921875,18440.0,18568.400390625,14053
2023-06-01,18599.94921875,18719.05078125,18484.44921875,18602.0,43911
2023-06-02,18640.0,18787.349609375,18605.0,18751.0,13726
2023-06-05,18752.19921875,18970.0,18732.5,18872.650390625,20032
2023-06-06,18935.0,18940.099609375,18813.05078125,18879.55078125,8268
2023-06-07,18900.0,19123.400390625,18881.19921875,18973.599609375,13222
2023-06-08,18973.599609375,19061.19921875,18728.400390625,18766.900390625,10888
2023-06-09,18801.0,18943.94921875,18720.0,18758.400390625,6743
2023-06-12,18774.900390625,19038.94921875,18738.94921875,18994.80078125,23105
2023-06-13,18990.0,19284.80078125,18970.0,19060.099609375,27247
2023-06-14,19060.099609375,19348.0,19023.5,19072.30078125,9755
2023-06-15,19073.0,19283.0,18987.44921875,19024.349609375,9818
2023-06-16,19149.900390625,19198.0,18880.05078125,18995.650390625,23506
2023-06-19,18997.0,19165.19921875,18913.599609375,18943.69921875,7450
2023-06-20,18999.0,19149.55078125,18806.25,19058.650390625,18548
2023-06-21,19100.05078125,19449.900390625,19070.150390625,19201.69921875,40492
2023-06-22,19315.0,19329.849609375,18752.05078125,18879.30078125,18492
2023-06-23,18879.30078125,18959.69921875,18490.05078125,18616.94921875,30239
2023-06-26,18617.05078125,18798.69921875,18530.0,18588.400390625,10300
2023-06-27,18618.0,18724.400390625,18485.0,18572.599609375,10360
2023-06-28,18605.0,18790.0,18510.0,18721.44921875,25510
2023-06-30,18721.44921875,19250.0,18721.44921875,19042.349609375,32352
2023-07-03,19100.05078125,19251.0,18903.0,19016.05078125,16376
2023-07-04,19133.0,19279.94921875,18932.0,19053.599609375,18105
2023-07-05,19100.0,19275.0,19021.0,19162.55078125,44656
2023-07-06,19294.75,19598.0,19166.150390625,19514.849609375,46120
2023-07-07,19515.0,19990.0,19515.0,19740.75,46319
2023-07-10,19850.0,19890.0,19170.05078125,19236.25,23190
2023-07-11,19240.0,19463.55078125,19165.0,19298.650390625,17815
2023-07-12,19429.900390625,19549.650390625,19260.69921875,19515.94921875,16452
2023-07-13,19515.94921875,19648.0,19044.0,19131.05078125,27463
2023-07-14,19048.94921875,19086.19921875,18740.0,18901.55078125,87365
2023-07-17,18930.349609375,19087.0,18840.099609375,18969.099609375,19450
2023-07-18,18998.94921875,19650.0,18998.94921875,19183.25,63808
2023-07-19,19214.94921875,19358.650390625,18995.400390625,19101.19921875,23023
2023-07-20,19129.900390625,19143.94921875,18901.0,19058.400390625,19877
2023-07-21,18949.0,19060.0,18779.099609375,18907.650390625,40717
2023-07-24,18908.0,19100.0,18811.0,19024.25,20082
2023-07-25,19100.0,19200.0,18869.599609375,19019.75,19520
2023-07-26,19100.0,19260.0,18998.80078125,19142.19921875,19083
2023-07-27,19200.0,19231.150390625,18810.0,18886.25,16906
2023-07-28,18899.0,19034.94921875,18841.30078125,18952.849609375,12540
2023-07-31,19099.0,19180.0,18912.650390625,18970.30078125,20246
2023-08-01,19140.0,19200.0,18926.0,18995.849609375,39655
2023-08-02,19000.0,19000.05078125,18108.900390625,18262.25,71009
2023-08-03,18262.25,18409.599609375,18081.099609375,18239.69921875,31358
2023-08-04,18390.0,18390.0,18111.099609375,18256.69921875,22731
2023-08-07,18399.0,18399.0,18136.0,18196.55078125,26010
2023-08-08,18269.0,18269.0,18015.0,18156.400390625,28087
2023-08-09,18160.0,18388.900390625,18090.0,18310.30078125,23710
2023-08-10,18300.05078125,18337.0,18155.44921875,18182.05078125,20259
2023-08-11,18217.94921875,18325.0,18100.0,18153.80078125,15586
2023-08-14,18170.0,18170.0,17931.150390625,18099.599609375,15806
2023-08-16,18129.94921875,18217.900390625,17990.0,18185.75,10178
2023-08-17,18185.75,18314.900390625,18162.25,18210.150390625,19190
2023-08-18,18170.05078125,18310.0,18120.349609375,18288.099609375,18326
2023-08-21,18319.5,18337.900390625,18175.05078125,18263.25,12593
2023-08-22,18263.25,18433.0,18263.25,18361.94921875,13006
2023-08-23,18361.94921875,18459.94921875,18339.0,18371.55078125,27636
2023-08-24,18470.0,18470.0,18264.099609375,18363.94921875,34364
2023-08-25,18339.900390625,18505.849609375,18219.55078125,18279.349609375,28473
2023-08-28,18270.0,18594.0,18270.0,18530.80078125,22053
2023-08-29,18569.94921875,18670.44921875,18472.05078125,18628.75,26259
2023-08-30,18630.0,18745.0,18531.0,18626.44921875,22726
2023-08-31,18579.0,18685.25,18505.099609375,18573.849609375,21914
2023-09-01,18599.0,19048.94921875,18507.150390625,18986.80078125,24442
2023-09-04,18986.80078125,19190.0,18844.69921875,19066.80078125,20109
2023-09-05,19066.80078125,19255.0,18999.44921875,19150.80078125,20402
2023-09-06,19160.0,19329.05078125,19091.05078125,19275.150390625,14855
2023-09-07,19275.150390625,19395.0,19171.0,19293.0,11157
2023-09-08,19336.0,19425.0,19210.0,19403.25,13230
2023-09-11,19455.0,19499.900390625,19280.0,19444.5,29532
2023-09-12,19494.0,19497.94921875,18901.05078125,19160.349609375,36608
2023-09-13,19102.25,19435.0,19102.25,19362.099609375,16344
2023-09-14,19400.0,19749.94921875,19393.599609375,19489.75,21565
2023-09-15,19550.75,19693.30078125,19456.150390625,19664.599609375,25736
2023-09-18,19700.0,19718.0,19537.900390625,19586.69921875,16545
2023-09-20,19586.69921875,19625.0,19290.0,19315.400390625,14856
2023-09-21,19390.0,19390.0,19080.0,19187.849609375,9683
2023-09-22,19187.849609375,19271.94921875,18995.05078125,19119.25,13390
2023-09-25,19119.0,19198.94921875,19001.150390625,19105.55078125,6836
2023-09-26,19170.0,19199.94921875,19038.55078125,19143.599609375,15216
2023-09-27,19200.0,19340.0,19015.55078125,19218.55078125,23854
2023-09-28,19199.94921875,19700.0,18840.0,19319.75,78557
2023-09-29,19500.0,19500.05078125,18960.0,19019.69921875,33903
2023-10-03,19060.0,19060.0,18625.099609375,18762.849609375,28949
2023-10-04,18762.849609375,18900.0,18600.0,18742.349609375,15586
2023-10-05,18742.349609375,18950.650390625,18742.349609375,18930.44921875,8247
2023-10-06,18970.0,19342.0,18900.0,19303.94921875,18284
2023-10-09,19200.0,19300.0,19051.30078125,19256.650390625,20739
2023-10-10,19289.849609375,19772.69921875,19205.150390625,19717.75,26329
2023-10-11,19717.75,19950.0,19613.349609375,19698.099609375,26535
2023-10-12,19601.25,20564.75,19601.25,20455.69921875,81609
2023-10-13,20250.0,20932.099609375,20215.05078125,20529.44921875,60488
2023-10-16,20552.44921875,20760.0,20500.05078125,20674.05078125,25227
2023-10-17,20700.0,20775.69921875,20275.0,20335.30078125,30590
2023-10-18,20453.75,20499.94921875,20058.30078125,20121.099609375,18121
2023-10-19,20000.0,20285.94921875,19947.849609375,20232.25,12124
2023-10-20,20100.0,20230.0,19933.25,20088.69921875,12024
2023-10-23,20099.900390625,20135.94921875,19720.349609375,19825.599609375,21454
2023-10-25,19825.55078125,20136.0,19608.0,19696.0,22214
2023-10-26,19503.05078125,19816.19921875,19480.0,19648.349609375,23748
2023-10-27,19739.0,19964.80078125,19709.69921875,19742.650390625,23336
2023-10-30,19742.650390625,19927.19921875,19400.0,19478.099609375,17238
2023-10-31,19566.599609375,19608.849609375,19362.5,19450.94921875,8370
2023-11-01,19460.0,19585.0,19300.0,19358.400390625,10874
2023-11-02,19500.0,19551.0,19380.05078125,19454.05078125,12097
2023-11-03,19510.0,19608.0,19432.30078125,19519.5,6856
2023-11-06,19608.0,19673.849609375,19524.099609375,19565.099609375,8576
2023-11-07,19524.0,19824.94921875,19511.0,19757.69921875,14641
2023-11-08,19755.0,19895.55078125,19319.099609375,19646.94921875,31879
2023-11-09,19710.0,19710.0,19358.69921875,19535.0,32754
2023-11-10,19325.099609375,19800.0,19315.19921875,19572.44921875,35887
2023-11-13,19555.0,19700.0,19455.0,19476.400390625,7171
2023-11-15,19550.0,19785.0,19500.0,19722.400390625,27938
2023-11-16,19749.900390625,20700.0,19670.650390625,20589.150390625,72642
2023-11-17,20580.0,20899.94921875,20531.400390625,20651.900390625,32860
2023-11-20,20660.0,20900.900390625,20485.0,20579.19921875,21881
2023-11-21,20650.0,20832.599609375,20580.05078125,20718.150390625,19085
2023-11-22,20715.0,21217.650390625,20615.05078125,20821.30078125,59486
2023-11-23,20821.0,21250.0,20821.0,21207.30078125,42759
2023-11-24,21250.0,21333.0,20999.80078125,21036.25,26207
2023-11-28,21150.0,21350.55078125,21000.0,21273.599609375,24561
2023-11-29,21300.0,21850.0,21255.0,21663.900390625,55002
2023-11-30,21670.0,21800.0,21498.5,21599.55078125,14343
2023-12-01,21700.0,22125.349609375,21490.0,22083.55078125,49102
2023-12-04,22200.0,22200.0,21708.05078125,21944.44921875,32269
2023-12-05,21944.44921875,22127.94921875,21600.0,21652.94921875,115959
2023-12-06,21694.099609375,21799.30078125,21560.05078125,21592.55078125,15706
2023-12-07,21679.94921875,21830.0,21515.05078125,21665.94921875,19313
2023-12-08,21666.05078125,21746.69921875,21459.94921875,21626.25,14151
2023-12-11,21626.25,21960.0,21585.94921875,21889.75,25624
2023-12-12,21901.0,22110.0,21623.75,21734.650390625,23219
2023-12-13,21785.0,22050.0,21611.25,21949.599609375,19356
2023-12-14,22000.0,22244.0,21850.0,22061.849609375,28367
2023-12-15,22080.0,22163.900390625,21663.0,21708.150390625,34392
2023-12-18,21752.150390625,22043.05078125,21715.0,21970.44921875,9700
2023-12-19,22020.0,22130.0,21820.05078125,21888.599609375,12777
2023-12-20,21970.0,22077.650390625,21365.599609375,21494.150390625,30828
2023-12-21,21494.150390625,21700.0,21331.0,21624.25,18909
2023-12-22,21695.0,21895.94921875,21506.849609375,21633.94921875,20236
2023-12-26,21644.400390625,21998.0,21562.94921875,21905.900390625,10747
2023-12-27,21995.900390625,22063.650390625,21781.150390625,22008.44921875,15391
2023-12-28,22050.0,22240.0,21860.0,22102.69921875,21913
2023-12-29,22199.94921875,22300.0,21981.849609375,22203.80078125,25019
2024-01-01,22301.0,22635.94921875,22209.25,22433.44921875,19391
2024-01-02,22400.0,22469.5,22101.0,22334.349609375,10969
2024-01-03,22265.0,22382.400390625,22133.0,22289.150390625,6363
2024-01-04,22289.150390625,22550.0,22202.55078125,22488.80078125,14386
2024-01-05,22400.05078125,22819.849609375,22400.05078125,22691.650390625,28782
2024-01-08,22800.0,22810.0,22400.0,22466.69921875,10072
2024-01-09,22567.80078125,22935.44921875,22517.150390625,22754.599609375,13943
2024-01-10,22799.5,22824.80078125,22530.05078125,22615.19921875,9397
2024-01-11,22615.19921875,23265.55078125,22615.19921875,23081.30078125,35821
2024-01-12,23050.05078125,23282.69921875,22982.0,23229.650390625,13938
2024-01-15,23353.80078125,23477.0,23105.400390625,23400.150390625,19671
2024-01-16,23400.19921875,23568.94921875,23061.900390625,23098.349609375,22573
2024-01-17,23000.0,23181.150390625,22700.0,22919.5,27741
2024-01-18,22711.0,23033.25,22555.0,22813.900390625,21477
2024-01-19,22990.0,23262.69921875,22771.0,23184.30078125,19057
2024-01-23,23022.400390625,23121.0,22381.0,22774.80078125,56122
2024-01-24,22821.19921875,22893.69921875,22315.19921875,22444.150390625,35408
2024-01-25,22508.80078125,22836.400390625,22381.75,22779.30078125,10866
2024-01-29,22800.94921875,23348.69921875,22775.05078125,23248.80078125,64222
2024-01-30,23248.0,24172.05078125,23199.75,23875.400390625,37640
2024-01-31,23870.0,24050.0,23500.0,23568.150390625,31087
2024-02-01,23600.0,23850.0,23589.25,23679.69921875,18754
2024-02-02,23848.0,24272.69921875,23705.349609375,23956.75,24154
2024-02-05,24180.0,24360.0,23751.0,24163.099609375,14936
2024-02-06,24100.0,24955.599609375,24011.900390625,24891.44921875,19634
2024-02-07,24890.0,25300.0,24789.69921875,25223.150390625,20225
2024-02-08,25222.94921875,25386.25,24910.05078125,25299.05078125,21046
2024-02-09,25299.0,25519.0,24750.0,25457.150390625,23943
2024-02-12,25388.05078125,25659.94921875,25107.19921875,25237.900390625,36672
2024-02-13,25290.0,27300.0,25118.30078125,26300.75,85754
2024-02-14,26650.0,27502.0,25608.69921875,27399.55078125,152203
2024-02-15,27399.599609375,28400.0,27350.30078125,27955.099609375,89838
2024-02-16,27920.05078125,28635.849609375,27800.0,28329.05078125,48546
2024-02-19,28400.0,29100.0,28075.0,28993.80078125,54538
2024-02-20,28900.0,29200.0,28810.150390625,29148.400390625,44221
2024-02-21,29170.0,29199.94921875,27925.19921875,28054.25,66555
2024-02-22,28250.0,28551.0,27922.0,28444.099609375,45835
2024-02-23,28460.0,28710.900390625,28065.05078125,28279.900390625,42212
2024-02-26,28420.0,28958.94921875,28158.05078125,28772.75,32625
2024-02-27,28837.05078125,29300.0,28650.150390625,28865.44921875,32611
2024-02-28,29065.0,29150.0,28211.150390625,28327.55078125,28212
2024-02-29,28400.0,28750.0,28208.05078125,28590.849609375,28396
2024-03-01,28590.849609375,29350.0,28590.849609375,28939.69921875,47200
2024-03-04,29038.94921875,29500.0,28550.099609375,29313.400390625,38585
2024-03-05,29320.0,30250.0,29280.099609375,30047.900390625,67247
2024-03-06,30200.0,30263.44921875,29553.150390625,30110.55078125,59027
2024-03-07,30135.25,30468.05078125,29450.0,29501.0,50513
2024-03-11,29819.94921875,30020.0,29257.05078125,29431.19921875,46917
2024-03-12,29477.400390625,29800.0,29302.400390625,29473.0,26775
2024-03-13,29550.0,29850.0,28116.0,28300.30078125,58216
2024-03-14,28429.94921875,29629.5,28238.099609375,29401.0,54457
2024-03-15,29400.0,29763.80078125,28955.0,29571.55078125,53434
2024-03-18,29500.05078125,29960.0,29392.44921875,29814.30078125,34319
2024-03-19,29800.05078125,29950.0,29380.400390625,29746.900390625,28685
2024-03-20,29731.0,30197.349609375,29550.05078125,29870.400390625,44864
2024-03-21,29932.80078125,30200.0,29907.94921875,30066.25,35457
2024-03-22,30066.0,30450.0,29899.25,30178.69921875,38966
2024-03-26,30245.0,30852.099609375,30180.099609375,30680.349609375,39017
2024-03-27,30700.0,31150.0,30231.599609375,30341.599609375,51920
2024-03-28,30499.94921875,30595.75,29730.94921875,30031.30078125,36810
2024-04-01,30050.099609375,30431.75,30050.099609375,30282.30078125,17643
2024-04-02,30329.94921875,30999.94921875,30300.0,30915.849609375,23277
2024-04-03,30800.0,30900.0,30592.349609375,30815.650390625,18469
2024-04-04,30815.650390625,31145.099609375,30629.25,30790.900390625,25484
2024-04-05,30790.0,30982.30078125,30639.849609375,30792.849609375,19278
2024-04-08,30980.0,31400.150390625,30805.0,31087.349609375,34117
2024-04-09,31137.94921875,31292.80078125,29918.05078125,30067.900390625,153880
2024-04-10,30275.0,30345.30078125,29375.05078125,29795.75,86951
2024-04-12,29951.349609375,30225.0,29800.0,29849.400390625,39244
2024-04-15,29730.0,30161.0,29500.0,29800.400390625,28572
2024-04-16,29800.400390625,30130.900390625,29570.05078125,29986.5,25386
2024-04-18,30000.0,30449.80078125,29802.650390625,29924.099609375,51782
2024-04-19,29801.0,29895.25,29421.150390625,29787.0,22176
2024-04-22,29985.94921875,30127.150390625,29000.0,29142.05078125,32663
2024-04-23,29335.0,29567.19921875,29053.599609375,29277.400390625,51227
2024-04-24,29439.94921875,29550.0,28800.5,28858.0,30991
2024-04-25,28950.400390625,29171.650390625,28538.900390625,28901.05078125,36654
2024-04-26,28901.05078125,29189.94921875,28810.05078125,28877.19921875,14760
2024-04-29,29100.0,29700.0,29008.80078125,29287.150390625,29397
2024-04-30,29304.05078125,29650.0,29251.0,29356.05078125,23608
2024-05-02,29365.05078125,30899.94921875,29356.05078125,30670.44921875,87649
2024-05-03,30688.0,30769.94921875,29932.80078125,30093.44921875,46475
2024-05-06,30250.0,30310.650390625,29494.650390625,30034.55078125,36056
2024-05-07,30186.0,30186.0,29160.05078125,29607.849609375,26812
2024-05-08,29607.849609375,30547.900390625,29607.849609375,30047.599609375,35553
2024-05-09,29900.05078125,30439.650390625,29763.349609375,29881.69921875,25858
2024-05-10,30200.0,30584.0,29753.5,30431.94921875,30547
2024-05-13,30431.94921875,31031.0,29979.80078125,30797.80078125,31139
2024-05-14,31000.0,32100.0,30170.349609375,31882.0,82044
2024-05-15,31900.0,31900.0,30573.599609375,30935.400390625,101787
2024-05-16,31101.05078125,31277.0,30600.05078125,31041.55078125,66955
2024-05-17,31043.55078125,31154.0,30542.19921875,31027.75,56789
2024-05-21,30813.400390625,30999.400390625,30580.0,30883.05078125,52316
2024-05-22,31000.0,31344.94921875,30587.55078125,30935.44921875,85634
2024-05-23,30865.150390625,30999.94921875,30647.900390625,30861.30078125,51535
2024-05-24,30960.0,31318.349609375,30739.94921875,30840.150390625,74133
2024-05-27,30901.0,32229.5,30901.0,31566.44921875,121384
2024-05-28,31550.0,31566.44921875,30821.55078125,31065.94921875,76953
2024-05-29,30962.5,31317.05078125,30822.05078125,31127.05078125,52833
2024-05-30,31140.0,31300.0,30470.55078125,30610.349609375,68887
2024-05-31,31099.900390625,31150.900390625,29502.69921875,30393.75,868375
2024-06-03,30555.0,30694.349609375,29865.75,29989.349609375,44990
2024-06-04,30300.0,30351.30078125,27500.0,29548.25,72953
2024-06-05,29748.0,31143.94921875,29315.80078125,30867.05078125,49866
2024-06-06,30849.94921875,31168.75,30494.75,30651.69921875,20538
2024-06-07,30510.0,31000.0,30510.0,30596.599609375,19067
2024-06-10,30599.94921875,30929.94921875,30563.80078125,30764.75,12586
2024-06-11,30765.099609375,31598.94921875,30650.0,31174.0,39791
2024-06-12,31255.0,31550.0,31160.0,31411.30078125,18859
2024-06-13,31550.69921875,32683.25,31450.80078125,32433.150390625,56576
2024-06-14,32680.0,32927.94921875,31980.0,32327.80078125,57427
2024-06-18,32355.599609375,34350.0,32355.599609375,33379.19921875,156530
2024-06-19,33400.0,33592.5,32606.400390625,32892.55078125,42616
2024-06-20,33050.0,33301.25,32201.55078125,32254.69921875,45408
2024-06-21,32254.69921875,32800.0,32064.94921875,32606.349609375,45227
2024-06-24,32600.0,33095.0,32200.0,33015.5,27730
2024-06-25,33075.0,33919.94921875,33075.0,33817.94921875,54500
2024-06-26,33817.94921875,34426.8984375,33450.05078125,34149.3984375,35727
2024-06-27,34300.0,36678.0,33980.0,34749.6484375,107957
2024-06-28,34785.0,34785.0,33965.80078125,34084.3984375,58629
2024-07-01,34000.05078125,34479.8515625,33702.1484375,34249.94921875,30255
2024-07-02,34460.0,35099.0,34300.05078125,34644.80078125,35059
2024-07-03,34775.0,35080.5,34419.69921875,34546.44921875,23302
2024-07-04,34750.0,35331.44921875,34571.0,35276.3984375,27710
2024-07-05,35000.0,35680.0,34944.0,35074.0,33743
2024-07-08,35172.1015625,35484.0,34342.5,34412.30078125,28099
2024-07-09,34700.0,35753.0,34556.0,35612.44921875,30550
2024-07-10,35649.94921875,35675.0,34867.5,35389.94921875,30144
2024-07-11,35450.0,35777.80078125,35300.6484375,35611.25,23755
2024-07-12,35650.0,35698.5,34902.1484375,35139.05078125,21287
2024-07-15,35239.05078125,35364.75,35000.0,35085.19921875,14038
2024-07-16,35389.94921875,35399.0,35000.05078125,35108.8515625,14283
2024-07-18,35170.05078125,35385.05078125,34784.69921875,35149.8515625,48057
2024-07-19,35200.0,35200.0,33948.0,34073.30078125,24779
2024-07-22,34073.30078125,34650.0,33715.0,34135.6015625,20371
2024-07-23,34197.94921875,34422.44921875,33100.0,34065.1015625,36942
2024-07-24,34130.6484375,34574.94921875,33836.05078125,34116.3984375,18849
2024-07-25,34090.0,34920.0,33800.05078125,34751.05078125,20428
2024-07-26,34751.05078125,35000.0,34563.1484375,34917.05078125,18411
2024-07-29,34902.0,35156.1484375,34820.0,34936.05078125,19618
2024-07-30,34945.0,35050.0,34810.0,34924.55078125,10838
2024-07-31,34904.05078125,35029.8984375,34420.44921875,34978.44921875,32525
2024-08-01,34853.0,35182.80078125,34266.1015625,34370.69921875,23238
2024-08-02,34370.69921875,34580.0,33810.0,33909.75,28189
2024-08-05,33500.05078125,33789.8984375,32147.69921875,32355.19921875,35807
2024-08-06,32355.19921875,33220.0,32355.19921875,32699.400390625,29693
2024-08-07,32900.0,33254.6484375,31800.0,32430.849609375,60281
2024-08-08,32430.0,32519.75,31619.0,31835.650390625,44900
2024-08-09,31930.05078125,32500.0,31849.0,32018.69921875,32494
2024-08-12,31989.94921875,31989.94921875,31076.94921875,31598.0,36237
2024-08-13,31786.0,31880.0,31369.599609375,31593.849609375,16810
2024-08-14,31648.900390625,31648.94921875,30900.0,30993.150390625,26467
2024-08-16,31445.94921875,32048.400390625,31085.0,31940.599609375,25740
2024-08-19,31940.599609375,32082.44921875,31525.099609375,31605.75,25158
2024-08-20,31750.0,32345.19921875,31732.19921875,32054.5,29425
2024-08-21,32279.849609375,32279.849609375,31751.900390625,32213.69921875,22620
2024-08-22,32213.69921875,32559.75,32102.099609375,32503.150390625,32048
2024-08-23,32500.0,32826.1015625,32157.69921875,32600.150390625,39122
2024-08-26,32660.0,32903.8984375,32427.05078125,32814.3984375,32218
2024-08-27,32900.0,32921.05078125,32244.400390625,32299.94921875,45779
2024-08-28,32519.94921875,32519.94921875,31814.80078125,31940.150390625,26366
2024-08-29,31940.150390625,32199.94921875,31500.0,31731.849609375,17160
2024-08-30,31839.94921875,32500.0,31839.94921875,32389.599609375,50047
2024-09-02,32389.599609375,32632.25,31922.349609375,32327.599609375,26466
2024-09-03,32397.400390625,32784.6015625,32220.0,32399.25,29277
2024-09-04,32380.0,32520.349609375,31965.0,32451.849609375,16544
2024-09-05,32495.0,34142.94921875,32423.650390625,33720.75,92016
2024-09-06,33720.75,33930.0,32009.849609375,32357.30078125,65916
2024-09-09,32274.0,33174.05078125,32154.75,33105.69921875,65068
2024-09-10,33105.69921875,33950.0,33100.0,33534.0,90744
2024-09-11,33534.0,33792.6484375,32983.8984375,33209.6015625,51904
2024-09-12,33440.0,34280.0,33437.8984375,34113.8984375,38720
2024-09-13,34419.94921875,35044.44921875,34199.0,34343.1484375,50320
2024-09-16,34350.0,34553.94921875,33850.0,34037.0,28975
2024-09-17,34100.0,34794.94921875,33910.05078125,34720.30078125,57197
2024-09-18,34701.0,34867.3984375,34051.0,34363.8984375,18444
2024-09-19,34509.1484375,34789.30078125,34050.0,34436.8515625,22135
2024-09-20,34500.0,36000.0,34423.05078125,35686.75,73949
2024-09-23,35560.1015625,36576.94921875,35501.19921875,36461.8984375,70172
2024-09-24,36461.8984375,36950.0,36370.1015625,36703.30078125,40922
2024-09-25,36718.30078125,37347.0,36484.1015625,36961.25,41395
2024-09-26,36965.0,37200.0,36752.55078125,37141.8984375,37856
2024-09-27,37020.05078125,38179.8984375,36900.0,37976.1015625,67836
2024-09-30,37976.0,38124.6015625,37511.05078125,37678.8984375,32053
2024-10-01,37700.0,38079.94921875,37650.0,37841.19921875,21533
2024-10-03,37388.0,38100.0,37045.44921875,37122.80078125,49118
2024-10-04,37150.0,37150.0,36420.55078125,36734.5,35351
2024-10-07,36734.5,37125.0,36220.30078125,36784.30078125,68090
2024-10-08,36700.19921875,38149.94921875,36571.0,37967.6484375,35793
2024-10-09,37967.6484375,39088.80078125,37862.8984375,38606.1484375,42324
2024-10-10,38606.1484375,39039.75,37975.3984375,38222.25,26527
2024-10-11,38222.25,38639.69921875,38002.30078125,38486.80078125,16882
2024-10-14,38486.80078125,38899.0,38317.19921875,38795.6015625,11537
2024-10-15,38800.0,38936.05078125,38212.80078125,38703.1484375,17392
2024-10-16,38500.0,38789.94921875,38080.80078125,38261.55078125,18602
2024-10-17,38261.55078125,38413.44921875,36386.25,36484.8984375,53057
2024-10-18,36486.8984375,36926.94921875,36060.1484375,36800.75,21112
2024-10-21,36810.0,37265.5,36510.0,36839.1484375,18769
2024-10-22,36750.0,37055.3984375,35910.0,36065.30078125,16532
2024-10-23,36065.30078125,36886.6484375,35802.8515625,36255.80078125,18922
2024-10-24,36599.75,36599.75,35950.0,36049.1015625,10745
2024-10-25,36196.44921875,36575.0,35370.30078125,35931.94921875,16693
2024-10-28,35800.0,36318.3984375,35629.19921875,36123.30078125,9154
2024-10-29,36346.3515625,36590.0,35325.1015625,36416.55078125,43179
2024-10-30,36540.0,36691.0,35912.3984375,36173.3515625,14672
2024-10-31,36173.3515625,36535.05078125,34822.3515625,35121.6015625,36099
2024-11-01,35339.0,35549.75,34962.6015625,35182.1484375,3850
2024-11-04,35249.94921875,35527.3515625,34755.1484375,35341.1015625,29676
2024-11-05,35150.19921875,35836.44921875,35110.94921875,35612.55078125,32121
2024-11-06,35700.0,36380.0,35699.80078125,36272.69921875,16879
2024-11-07,36272.69921875,36772.69921875,35225.05078125,35369.6484375,18762
2024-11-08,35460.0,35642.6484375,35001.0,35119.3984375,14426
2024-11-11,35100.0,35600.0,34926.80078125,34990.8515625,32585
2024-11-12,35270.0,35347.1484375,33111.0,33278.5,56027
2024-11-13,34000.0,34480.0,32830.5,33212.0,124257
2024-11-14,33500.0,33950.0,33139.6015625,33862.1015625,25998
2024-11-18,33862.1015625,34421.30078125,33610.0,33794.30078125,19760
2024-11-19,34000.0,34829.3984375,33894.0,34302.0,23271
2024-11-21,34302.0,34399.8984375,33817.5,34108.69921875,13115
2024-11-22,34207.94921875,34511.1484375,34025.0,34317.55078125,11065
2024-11-25,34450.0,35200.0,34450.0,35042.6015625,52738
2024-11-26,35224.94921875,35350.0,34870.05078125,34988.25,19667
2024-11-27,35001.0,35254.8515625,34743.0,34889.25,21638
2024-11-28,35139.80078125,35139.80078125,34564.0,34675.69921875,22971
2024-11-29,34875.0,35050.0,34400.0,34966.19921875,34200
2024-12-02,34720.1015625,35139.80078125,34589.1015625,34928.1484375,13448
2024-12-03,34928.1484375,35166.0,34625.05078125,34923.69921875,19833
2024-12-04,34850.0,35293.94921875,34759.05078125,35180.6484375,19108
2024-12-05,35240.0,36308.0,34966.8515625,36169.5,35438
2024-12-06,36249.94921875,36997.3515625,36105.3984375,36253.6484375,35941
2024-12-09,36367.80078125,36477.0,35750.0,35895.1484375,14815
2024-12-10,36000.0,36041.5,35460.0,35927.55078125,26238
2024-12-11,36100.0,36332.94921875,35860.69921875,36217.55078125,13857
2024-12-12,36350.0,36527.6015625,35948.05078125,36270.75,10448
2024-12-13,36050.0,36530.94921875,35789.55078125,36469.6015625,9544
2024-12-16,36473.6015625,36680.0,36308.05078125,36499.0,11736
2024-12-17,36310.0,36575.8515625,35666.6484375,35768.44921875,10906
2024-12-18,35768.0,35973.19921875,35621.0,35771.75,10725
2024-12-19,35650.0,35836.44921875,35362.0,35534.30078125,19139
2024-12-20,35534.5,35934.44921875,34465.94921875,34576.94921875,19486
2024-12-23,34775.0,34956.05078125,34350.8515625,34525.05078125,8983
2024-12-24,34480.0,34845.0,34292.75,34405.25,10858
2024-12-26,34570.0,34632.69921875,34080.05078125,34190.1015625,15783
2024-12-27,34190.1015625,34729.94921875,34000.0,34089.6484375,13919
2024-12-30,34000.0,34600.0,33539.30078125,33797.80078125,78500
2024-12-31,33725.0,34300.0,33642.6015625,34100.19921875,9597
2025-01-01,34121.0,34286.19921875,33760.1015625,34032.55078125,7620
2025-01-02,34050.0,34597.3515625,33903.75,34428.6484375,35540
2025-01-03,34600.75,34919.25,34180.0,34253.55078125,18369
2025-01-06,34264.8515625,34402.0,33110.05078125,33471.1015625,11515
2025-01-07,33471.1015625,33675.8984375,32872.75,32959.69921875,11801
2025-01-08,33049.8984375,33161.6484375,32590.05078125,33014.75,16497
2025-01-09,33020.0,33225.0,32754.099609375,32829.6484375,23782
2025-01-10,32900.0,33199.94921875,31624.75,31713.849609375,31884
2025-01-13,31500.0,31697.19921875,30815.75,30979.75,19575
2025-01-14,31000.0,31729.900390625,30980.349609375,31621.69921875,12720
2025-01-15,31625.0,31766.900390625,31289.849609375,31463.94921875,13843
2025-01-16,31621.25,31797.349609375,31300.0,31354.349609375,16830
2025-01-17,31385.0,31509.94921875,31050.05078125,31399.80078125,14832
2025-01-20,31500.0,31549.650390625,30941.599609375,31136.75,11609
2025-01-21,31282.0,31550.0,30529.80078125,30611.0,12806
2025-01-22,30867.599609375,30867.599609375,30204.099609375,30582.69921875,21434
2025-01-23,30562.0,31362.44921875,30454.349609375,30990.5,17809
2025-01-24,30900.0,31113.5,30240.0,30356.5,15495
2025-01-27,30350.0,30350.05078125,29294.349609375,29704.05078125,32267
2025-01-28,29650.400390625,30144.0,29357.44921875,29797.05078125,29454
2025-01-29,29000.05078125,29205.0,28029.75,28155.69921875,183316
2025-01-30,28100.0,28949.94921875,27980.05078125,28583.55078125,27625
2025-01-31,28583.0,28900.0,28435.30078125,28729.150390625,26318
2025-02-01,28899.0,29119.94921875,28449.55078125,28689.25,9383
2025-02-03,28710.0,29051.5,28256.849609375,28477.44921875,24413
2025-02-04,28499.94921875,28860.0,28356.099609375,28621.19921875,17251
2025-02-05,28645.0,28889.849609375,28296.55078125,28363.05078125,14484
2025-02-06,28414.0,28581.349609375,27933.099609375,28155.849609375,14983
2025-02-07,28300.0,28400.0,27840.0,28045.150390625,17579
2025-02-10,28220.0,28499.0,27590.0,27696.650390625,33234
2025-02-11,27810.0,27810.0,27012.19921875,27223.44921875,41878
2025-02-12,27224.0,27424.900390625,26640.30078125,27390.5,17532
2025-02-13,27390.5,27635.19921875,27177.400390625,27350.400390625,12420
2025-02-14,27350.900390625,27562.900390625,26899.0,27004.55078125,15110
2025-02-17,26820.0,27136.19921875,26501.05078125,26911.25,13329
2025-02-18,26980.0,27279.94921875,26633.0,26977.599609375,36286
2025-02-19,26911.0,27589.900390625,26778.849609375,27295.400390625,15846
2025-02-20,27300.0,27548.650390625,27150.80078125,27417.94921875,17645
2025-02-21,27390.0,27594.5,27166.0,27334.099609375,20941
2025-02-24,27234.099609375,27234.099609375,26794.75,26998.400390625,26865
2025-02-25,27051.0,27314.5,26915.75,27164.55078125,25766
2025-02-27,27288.0,27341.099609375,26695.0,26822.150390625,19778
2025-02-28,26486.0,26821.75,26310.75,26544.0,30508
2025-03-03,26544.0,27029.900390625,26264.0,26691.55078125,17747
2025-03-04,26504.349609375,26647.75,26066.599609375,26259.69921875,31707
2025-03-05,26005.0,27121.55078125,26005.0,27073.44921875,37194
2025-03-06,27299.0,27311.94921875,26850.0,27070.05078125,31682
2025-03-07,27070.05078125,27391.900390625,26850.0,27033.400390625,18774
2025-03-10,27005.0,27250.0,26610.150390625,26799.349609375,17291
2025-03-11,26650.0,27030.150390625,26400.0,26982.55078125,18143
2025-03-12,26900.0,27125.0,26540.0,26807.099609375,17579
2025-03-13,26750.0,26807.099609375,26282.44921875,26378.349609375,8806
2025-03-17,26379.05078125,26759.650390625,26210.94921875,26345.849609375,16075
2025-03-18,26345.849609375,26345.849609375,26345.849609375,26345.849609375,0
2025-03-19,27337.0,27671.849609375,27310.0,27557.30078125,20377
2025-03-20,27560.05078125,27875.0,27503.05078125,27623.849609375,17337
2025-03-21,27675.0,27839.94921875,27358.94921875,27432.25,76189
2025-03-24,27528.349609375,28356.94921875,27528.349609375,28276.80078125,18555
2025-03-25,28500.0,28500.0,27366.55078125,27448.099609375,31106
2025-03-26,27629.0,28180.0,27390.30078125,28072.05078125,35123
2025-03-27,27999.0,28459.900390625,27600.0,28355.5,45542
2025-03-28,28170.0,28560.0,28116.0,28358.44921875,21915
2025-04-01,28100.150390625,28349.94921875,27650.599609375,27884.099609375,46358
2025-04-02,27884.099609375,28205.94921875,27738.0,28024.099609375,18267
2025-04-03,27588.0,28098.849609375,27588.0,28013.900390625,15941
2025-04-04,27750.0,27780.55078125,27124.599609375,27289.099609375,21549
2025-04-07,26409.5,26800.0,25921.599609375,26588.25,40276
2025-04-08,26800.0,27089.94921875,26350.0,26516.30078125,11659
2025-04-09,26500.0,26596.44921875,26077.349609375,26182.69921875,10681
2025-04-11,26684.19921875,26849.80078125,26300.0,26359.25,21080
2025-04-15,27090.0,27165.0,26580.0,27090.0,18573
2025-04-16,27090.0,27485.0,27030.0,27370.0,13059
2025-04-17,27485.0,27580.0,27025.0,27505.0,10197
2025-04-21,27600.0,27930.0,27515.0,27800.0,13857
2025-04-22,27900.0,28350.0,27655.0,28020.0,20011
2025-04-23,28200.0,28600.0,27915.0,28415.0,18101
2025-04-24,28415.0,28600.0,28200.0,28430.0,19139
2025-04-25,28355.0,28625.0,27850.0,27995.0,29555
2025-04-28,27860.0,28395.0,27860.0,28315.0,12875
2025-04-29,28465.0,29250.0,28395.0,29165.0,34323
2025-04-30,29195.0,29685.0,29065.0,29455.0,30652
2025-05-02,29595.0,29940.0,29340.0,29445.0,10630
2025-05-05,29750.0,30570.0,29595.0,30365.0,21026
2025-05-06,30475.0,30600.0,29800.0,29915.0,15039
2025-05-07,29585.0,30850.0,29425.0,30475.0,26296
2025-05-08,30510.0,30755.0,29780.0,30010.0,17004
2025-05-09,29865.0,30235.0,29560.0,30000.0,19095
2025-05-12,30680.0,31085.0,30420.0,31005.0,14375
2025-05-13,31115.0,31325.0,31005.0,31145.0,18815
2025-05-14,31045.0,31755.0,31045.0,31420.0,19016
2025-05-15,31590.0,31820.0,31305.0,31730.0,24393
2025-05-16,31730.0,31885.0,31470.0,31655.0,18391
2025-05-19,31635.0,32080.0,31450.0,31560.0,19249
2025-05-20,31800.0,32000.0,31455.0,31515.0,25442
2025-05-21,31515.0,31850.0,31250.0,31655.0,14371
2025-05-22,31655.0,31895.0,31305.0,31740.0,10408
2025-05-23,31845.0,32195.0,31610.0,32130.0,10400
2025-05-26,32130.0,32705.0,31870.0,32485.0,22230
2025-05-27,32510.0,32610.0,32315.0,32485.0,21918
2025-05-28,32440.0,32440.0,31200.0,31630.0,79649
2025-05-29,31640.0,31885.0,31165.0,31255.0,17502
2025-05-30,31450.0,32015.0,31010.0,31415.0,51998
2025-06-02,31450.0,31520.0,31080.0,31230.0,14075
2025-06-03,31360.0,31560.0,31195.0,31355.0,10737
2025-06-04,31550.0,31840.0,31300.0,31415.0,55704
2025-06-05,31680.0,31680.0,31250.0,31455.0,62802
2025-06-06,31625.0,31730.0,31320.0,31595.0,29686
2025-06-09,31605.0,31880.0,31605.0,31690.0,18145
2025-06-10,31690.0,31970.0,31450.0,31545.0,21674
2025-06-11,31550.0,31945.0,31520.0,31895.0,9731
2025-06-12,31800.0,31940.0,31440.0,31520.0,9072
2025-06-13,31100.0,31730.0,30945.0,31585.0,12905
2025-06-16,31695.0,32375.0,31405.0,32280.0,21513
2025-06-17,32370.0,32395.0,32000.0,32215.0,10902
2025-06-18,32105.0,32585.0,32105.0,32390.0,15987
2025-06-19,32480.0,32795.0,32205.0,32375.0,20928
2025-06-20,32375.0,32620.0,32150.0,32290.0,23579
2025-06-23,32250.0,32290.0,31480.0,31575.0,13460
2025-06-24,32000.0,32000.0,31435.0,31500.0,15696
2025-06-25,31705.0,32085.0,31470.0,31755.0,28913
2025-06-26,31895.0,32400.0,31525.0,32215.0,40409
2025-06-27,32490.0,32495.0,32020.0,32260.0,83020
2025-06-30,32660.0,32895.0,32440.0,32680.0,32831
2025-07-01,32660.0,32670.0,32120.0,32315.0,13798
2025-07-02,32400.0,32545.0,32215.0,32445.0,18343
2025-07-03,32545.0,34875.0,32450.0,34405.0,120903
2025-07-04,34380.0,36020.0,34330.0,35930.0,173114
2025-07-07,35760.0,36340.0,35375.0,36045.0,90278
2025-07-08,35990.0,36335.0,35380.0,35490.0,83073
2025-07-09,35500.0,36095.0,35265.0,35800.0,40693
2025-07-10,35725.0,36300.0,35620.0,36195.0,40853
2025-07-11,36200.0,37410.0,36155.0,36525.0,81825
2025-07-14,36785.0,37985.0,36525.0,37845.0,75464
2025-07-15,37990.0,38850.0,37885.0,38320.0,69592
2025-07-16,38570.0,38570.0,37845.0,38475.0,42632
2025-07-17,38600.0,38855.0,38275.0,38645.0,40326
2025-07-18,38645.0,39055.0,38150.0,38250.0,32786
2025-07-21,38495.0,38565.0,38010.0,38320.0,24276
2025-07-22,38500.0,38515.0,37425.0,37755.0,26390
2025-07-23,37800.0,38060.0,37515.0,37980.0,20844
2025-07-24,37980.0,38350.0,37825.0,37910.0,19341
2025-07-25,38115.0,38115.0,37610.0,37830.0,17581
2025-07-28,38140.0,38530.0,37810.0,38235.0,37336
2025-07-29,37700.0,40120.0,37615.0,39915.0,89125
2025-07-30,40000.0,40415.0,39125.0,40060.0,100405
2025-07-31,39500.0,40490.0,39325.0,40385.0,46071
2025-08-01,40375.0,40730.0,40105.0,40390.0,59925
2025-08-04,40150.0,41280.0,40035.0,41115.0,66056
2025-08-05,41145.0,41290.0,39445.0,40595.0,114355
2025-08-06,40500.0,40555.0,38150.0,38255.0,103119
2025-08-07,38225.0,38750.0,37900.0,38570.0,54977
2025-08-08,38570.0,39150.0,38220.0,38325.0,32516
2025-08-11,38540.0,39080.0,38320.0,38710.0,31256
2025-08-12,39000.0,39010.0,38540.0,38610.0,20383
2025-08-13,38795.0,38910.0,38510.0,38660.0,13806
2025-08-14,38880.0,38950.0,38430.0,38585.0,23267
2025-08-18,39000.0,39895.0,38870.0,39335.0,28210
2025-08-19,39495.0,40245.0,39365.0,39860.0,25516
2025-08-20,39920.0,40280.0,39830.0,39935.0,18625
2025-08-21,40075.0,40105.0,39360.0,39475.0,21473
2025-08-22,39725.0,39780.0,39165.0,39325.0,14967
2025-08-25,39325.0,39535.0,38950.0,39085.0,33832
2025-08-26,39200.0,39655.0,38800.0,39510.0,32640
2025-08-28,39700.0,39960.0,39070.0,39225.0,33810
2025-08-29,39455.0,40350.0,39060.0,39960.0,46252
2025-09-01,40220.0,40950.0,40010.0,40785.0,45616
2025-09-02,40900.0,41575.0,40675.0,41315.0,38339
2025-09-03,41500.0,41835.0,41000.0,41100.0,31045
2025-09-04,41660.0,41660.0,40540.0,40740.0,27591
2025-09-05,41075.0,41095.0,40755.0,40910.0,16404
2025-09-08,41100.0,41760.0,41000.0,41355.0,16171
2025-09-09,41450.0,41640.0,41095.0,41495.0,25999
2025-09-10,41700.0,41945.0,40955.0,41005.0,29476
2025-09-11,41190.0,41200.0,40400.0,40655.0,24790
2025-09-12,40780.0,40890.0,39790.0,39885.0,24810
2025-09-15,40040.0,40040.0,39260.0,39445.0,21503
2025-09-16,39605.0,40050.0,39595.0,39920.0,34458
2025-09-17,39995.0,40190.0,39725.0,39775.0,29814
2025-09-18,40000.0,40060.0,39780.0,39885.0,19976
2025-09-19,39985.0,40130.0,39400.0,39790.0,31662
2025-09-22,39790.0,40050.0,39400.0,39570.0,32201
2025-09-23,39570.0,40055.0,39300.0,39390.0,30113
2025-09-24,39520.0,39595.0,38665.0,38760.0,22613
2025-09-25,38890.0,39000.0,38365.0,38525.0,34109
2025-09-26,38430.0,38720.0,38050.0,38150.0,28075
2025-09-29,38165.0,38600.0,37635.0,38345.0,67770
2025-09-30,38000.0,38470.0,37905.0,38145.0,16286
2025-10-01,38145.0,38465.0,37895.0,38320.0,31571
2025-10-03,38320.0,38705.0,38010.0,38630.0,22284
2025-10-06,38700.0,38900.0,38385.0,38800.0,11383
2025-10-07,38800.0,39125.0,38690.0,38770.0,15407
2025-10-08,38750.0,38945.0,38255.0,38350.0,14990
2025-10-09,38450.0,38555.0,38105.0,38465.0,17549
2025-10-10,38480.0,38890.0,38315.0,38625.0,11241
2025-10-13,38655.0,38810.0,38370.0,38535.0,14360
2025-10-14,38535.0,38640.0,37340.0,38010.0,32330
2025-10-15,38070.0,38595.0,37985.0,38380.0,22583
2025-10-16,38480.0,38665.0,38270.0,38510.0,16716
2025-10-17,38490.0,38850.0,38345.0,38755.0,19212
2025-10-20,38585.0,39515.0,38585.0,39215.0,19865
2025-10-21,39510.0,39510.0,39020.0,39200.0,1943
2025-10-23,39490.0,39520.0,38825.0,38920.0,11758
2025-10-24,39190.0,39190.0,38400.0,38585.0,11903
2025-10-27,38775.0,39090.0,38435.0,39005.0,9671
2025-10-28,38855.0,39370.0,38445.0,38540.0,16377
2025-10-29,37915.0,38095.0,36800.0,37380.0,49599
2025-10-30,37500.0,37570.0,36970.0,37210.0,24286
2025-10-31,37410.0,37550.0,37010.0,37245.0,19072
2025-11-03,37200.0,37250.0,36520.0,37025.0,36510
2025-11-04,37025.0,37925.0,36805.0,37850.0,29198
2025-11-06,37950.0,37950.0,36845.0,37020.0,28881
2025-11-07,36985.0,37100.0,36610.0,36810.0,13122
2025-11-10,37000.0,37495.0,36715.0,37280.0,17223
2025-11-11,37280.0,37365.0,36500.0,36680.0,36836
2025-11-12,36610.0,37345.0,35750.0,37255.0,53670
2025-11-13,37150.0,37650.0,36945.0,37385.0,24679
2025-11-14,37235.0,37285.0,36655.0,36955.0,23119
2025-11-17,37000.0,37585.0,36915.0,37450.0,24671
2025-11-18,37450.0,37470.0,36720.0,37045.0,17257
2025-11-19,37065.0,37185.0,36600.0,36870.0,18670
2025-11-20,36970.0,37195.0,36805.0,37050.0,18123
2025-11-21,37140.0,37140.0,36420.0,36500.0,12455
2025-11-24,36500.0,36685.0,36080.0,36200.0,30421
2025-11-25,36400.0,36400.0,35680.0,35770.0,14140
2025-11-26,35925.0,36590.0,35805.0,36485.0,14212
2025-11-27,36700.0,36700.0,36050.0,36320.0,12118
2025-11-28,36205.0,36455.0,36070.0,36110.0,14473
2025-12-01,36280.0,36485.0,36160.0,36335.0,16521
2025-12-02,36360.0,36900.0,36345.0,36660.0,26398
2025-12-03,36850.0,36850.0,36160.0,36580.0,22910
2025-12-04,36580.0,37250.0,36570.0,36845.0,38002
2025-12-05,36985.0,37035.0,36595.0,36920.0,9244
2025-12-08,37000.0,37080.0,36395.0,36595.0,17000
2025-12-09,36660.0,36885.0,36285.0,36780.0,15770
2025-12-10,36850.0,36950.0,36315.0,36400.0,8636
2025-12-11,36590.0,36970.0,36215.0,36880.0,7160
2025-12-12,36880.0,36950.0,36285.0,36715.0,11065
2025-12-15,36870.0,36870.0,36340.0,36400.0,4956
2025-12-16,36400.0,36410.0,35950.0,36230.0,11179
2025-12-17,36380.0,36380.0,35850.0,35975.0,9258
2025-12-18,36090.0,36090.0,35550.0,35720.0,10780
2025-12-19,35745.0,36295.0,35615.0,35940.0,40192
2025-12-22,35800.0,36230.0,35800.0,36160.0,16457
2025-12-23,36165.0,36500.0,35840.0,36305.0,11103
2025-12-24,36210.0,36470.0,36010.0,36195.0,16626
2025-12-26,36045.0,36340.0,35755.0,35855.0,14945
2025-12-29,36000.0,36030.0,35540.0,35630.0,13152
2025-12-30,35630.0,35750.0,34990.0,35525.0,88747
2025-12-31,35700.0,36310.0,35700.0,36040.0,13573
2026-01-01,36040.0,36270.0,35755.0,36140.0,6055
2026-01-02,36170.0,39600.0,36150.0,39420.0,185984
2026-01-05,39010.0,39550.0,38760.0,39170.0,47881
2026-01-06,38710.0,39375.0,38695.0,38960.0,31988
2026-01-07,38700.0,39265.0,38105.0,39145.0,39290
2026-01-08,39025.0,39200.0,38405.0,38660.0,27794
2026-01-09,38500.0,38895.0,37665.0,37995.0,33463
2026-01-12,38200.0,38205.0,36870.0,37660.0,30844
2026-01-13,37745.0,38015.0,37300.0,37905.0,28392
2026-01-14,37900.0,38255.0,36930.0,37455.0,22519
2026-01-15,37455.0,37455.0,37455.0,37455.0,0
2026-01-16,37420.0,37520.0,36730.0,36835.0,34171
2026-01-19,36540.0,36875.0,36325.0,36510.0,19572
2026-01-20,36350.0,36380.0,35425.0,35575.0,40077
2026-01-21,35510.0,35655.0,34610.0,35130.0,34584
2026-01-22,35305.0,36010.0,35305.0,35710.0,21264
2026-01-23,35865.0,35865.0,35140.0,35265.0,26686
2026-01-27,35395.0,35840.0,34930.0,35310.0,18829
2026-01-28,35500.0,36285.0,35035.0,36185.0,15229
2026-01-29,35960.0,36335.0,35750.0,36015.0,16931
2026-01-30,35900.0,36750.0,35555.0,36530.0,24729
2026-02-02,36000.0,36720.0,35670.0,36605.0,11666
2026-02-03,37995.0,37995.0,37235.0,37740.0,28817
2026-02-04,37700.0,38620.0,36320.0,36710.0,33811
2026-02-05,36710.0,36745.0,36070.0,36275.0,16466
2026-02-06,36275.0,36460.0,35775.0,36340.0,18833
2026-02-09,36630.0,36680.0,35525.0,35630.0,31240
2026-02-10,35650.0,35925.0,35200.0,35575.0,19847
2026-02-11,35580.0,36645.0,35440.0,36570.0,24918
2026-02-12,36570.0,36750.0,36310.0,36495.0,9373
2026-02-13,36415.0,36420.0,35600.0,35695.0,13848
2026-02-16,35695.0,35805.0,35275.0,35485.0,9980
2026-02-17,35485.0,35655.0,35220.0,35370.0,12706
2026-02-18,35430.0,35775.0,35205.0,35695.0,10776
2026-02-19,35800.0,35960.0,34890.0,35015.0,10448
2026-02-20,35055.0,35665.0,34730.0,35215.0,25449
2026-02-23,35165.0,35630.0,35140.0,35340.0,9208
2026-02-24,35320.0,35490.0,34855.0,35330.0,11570
2026-02-25,35430.0,37455.0,35430.0,36570.0,62472
2026-02-26,36590.0,36825.0,36200.0,36740.0,16218
2026-02-27,36795.0,36835.0,35960.0,36425.0,32321
2026-03-02,35855.0,36175.0,35000.0,35370.0,20579
2026-03-04,34900.0,34900.0,33300.0,33390.0,50693
2026-03-05,33450.0,33715.0,33005.0,33230.0,22632
2026-03-06,33305.0,33610.0,32920.0,33335.0,17779
2026-03-09,32850.0,32850.0,31470.0,31600.0,23866
2026-03-10,31940.0,32270.0,31650.0,32080.0,17509
2026-03-11,32175.0,32430.0,31620.0,31715.0,18909
2026-03-12,31620.0,31620.0,30815.0,31305.0,27041
2026-03-13,31000.0,31325.0,30100.0,30185.0,20427
2026-03-16,30260.0,30580.0,29815.0,30355.0,16874
2026-03-17,30595.0,30910.0,30390.0,30645.0,11579
2026-03-18,30780.0,31275.0,30635.0,31005.0,14836
2026-03-19,30520.0,30600.0,29945.0,30135.0,12551
2026-03-20,30300.0,30825.0,30280.0,30390.0,30424
2026-03-23,30220.0,30300.0,29000.0,29135.0,25264
2026-03-24,29650.0,30250.0,29400.0,30080.0,27727
2026-03-25,30340.0,30705.0,30180.0,30390.0,17887
2026-03-27,30395.0,30480.0,29515.0,29615.0,31803
2026-03-30,29220.0,29470.0,28610.0,28745.0,39061
2026-04-01,29445.0,31085.0,29120.0,30635.0,70699
2026-04-02,30035.0,32325.0,29900.0,32135.0,85448
2026-04-06,32155.0,33535.0,32155.0,33460.0,65114
2026-04-07,33360.0,33800.0,32555.0,33445.0,57128
2026-04-08,34250.0,36300.0,34250.0,35935.0,107352
2026-04-09,36180.0,37570.0,35825.0,36770.0,262676
2026-04-10,36990.0,37670.0,36850.0,37330.0,83719
2026-04-13,36665.0,37385.0,36420.0,36615.0,57408
2026-04-15,37100.0,37235.0,36415.0,37080.0,92805
2026-04-16,37375.0,37565.0,36950.0,37440.0,31261
2026-04-17,37445.0,37935.0,37200.0,37505.0,28289
2026-04-20,37700.0,38195.0,37225.0,37790.0,36644
2026-04-21,37790.0,38360.0,37790.0,38100.0,24080
2026-04-22,38110.0,38395.0,37765.0,37885.0,26733
2026-04-23,37885.0,37905.0,37210.0,37380.0,20767
2026-04-24,37495.0,37690.0,36295.0,36690.0,30157
2026-04-27,36800.0,37460.0,36730.0,37225.0,30944
2026-04-28,37180.0,37565.0,37000.0,37320.0,21761
2026-04-29,37165.0,37470.0,36190.0,36345.0,34734
2026-04-30,36500.0,36500.0,35675.0,35995.0,32877
2026-05-04,36150.0,36490.0,35475.0,35850.0,21982
2026-05-05,36100.0,36285.0,35810.0,35870.0,14802
2026-05-06,36000.0,36750.0,35795.0,36645.0,40352
2026-05-07,36880.0,38380.0,36645.0,37895.0,54499
2026-05-08,37750.0,38855.0,37650.0,38145.0,30045
2026-05-11,38020.0,38020.0,37220.0,37315.0,19312
2026-05-12,37315.0,37625.0,36345.0,36510.0,17005
2026-05-13,36510.0,36880.0,36235.0,36315.0,19079
2026-05-14,36545.0,37180.0,36065.0,36945.0,20799
2026-05-15,37390.0,37980.0,36780.0,37740.0,25058
2026-05-18,37735.0,37740.0,36930.0,37155.0,21448
2026-05-19,37205.0,37650.0,36920.0,37130.0,20017
2026-05-20,36995.0,37380.0,36370.0,36830.0,38556
2026-05-21,37190.0,37600.0,34830.0,35210.0,115544
2026-05-22,35425.0,36860.0,34825.0,36065.0,93254
2026-05-25,36400.0,36760.0,36200.0,36310.0,21720
2026-05-26,36430.0,36595.0,35735.0,35835.0,21187
2026-05-27,36000.0,36135.0,35850.0,36035.0,14903
2026-05-28,36035.0,36035.0,36035.0,36035.0,0
2026-05-29,36365.0,37950.0,36290.0,36625.0,168254
2026-06-01,37155.0,37350.0,36515.0,36705.0,45064
2026-06-02,36550.0,37500.0,35755.0,37220.0,53220
2026-06-03,37220.0,38350.0,36735.0,37760.0,41647
2026-06-04,37755.0,38100.0,36875.0,37000.0,30639
2026-06-05,37320.0,37475.0,36600.0,37240.0,26904
2026-06-08,36895.0,37200.0,36335.0,36610.0,32707
2026-06-09,36855.0,37990.0,36745.0,37820.0,46439
2026-06-10,37800.0,38250.0,37500.0,37790.0,48524
2026-06-11,37800.0,38350.0,37470.0,37565.0,34810
2026-06-12,38320.0,39450.0,38310.0,39060.0,78501
2026-06-15,39400.0,39775.0,38960.0,39070.0,45458
2026-06-16,39300.0,39900.0,38960.0,39045.0,22828
2026-06-17,39250.0,39470.0,38870.0,39230.0,26887
2026-06-18,39430.0,40500.0,39245.0,40035.0,53616
2026-06-19,40000.0,40385.0,39840.0,40195.0,41782
2026-06-22,40450.0,40790.0,40090.0,40300.0,27709
2026-06-23,40225.0,40450.0,40070.0,40190.0,35585
2026-06-24,40300.0,40480.0,40135.0,40365.0,29152
2026-06-25,40465.0,41385.0,40180.0,40440.0,64902
2026-06-26,40440.0,40440.0,40440.0,40440.0,0
2026-06-29,40630.0,41030.0,39505.0,39885.0,175135
2026-06-30,40200.0,40720.0,39750.0,39900.0,32837
2026-07-01,39950.0,40850.0,39905.0,40785.0,44664
2026-07-02,40750.0,41675.0,40510.0,41515.0,43251
2026-07-03,41400.0,42565.0,41390.0,41895.0,44049
2026-07-06,41895.0,42260.0,41510.0,42125.0,44661
2026-07-07,42180.0,42520.0,41660.0,41935.0,33064
2026-07-08,42000.0,42055.0,41310.0,41610.0,64656
2026-07-09,41610.0,42320.0,41610.0,42225.0,25168
2026-07-10,42325.0,42485.0,41720.0,41815.0,12016
2026-07-13,41700.0,42050.0,41310.0,41695.0,18121
2026-07-14,41600.0,41860.0,41400.0,41460.0,11517
2026-07-15,41470.0,42040.0,41365.0,41445.0,17566
2026-07-16,41500.0,41550.0,40985.0,41110.0,21013
2026-07-17,41110.0,41550.0,40760.0,40855.0,13320
2026-07-20,40800.0,41120.0,40400.0,40960.0,26595
2026-07-21,41000.0,41325.0,40720.0,40870.0,8634
2026-07-22,40830.0,41635.0,40715.0,41560.0,15755
2026-07-23,41540.0,42985.0,41125.0,,39162
