date,open,high,low,close,volume
2019-07-23,53.20000076293945,53.29999923706055,51.0,51.2400016784668,23462195
2019-07-24,51.20000076293945,51.52000045776367,48.47999954223633,49.619998931884766,56765290
2019-07-25,50.0,50.0,47.130001068115234,47.849998474121094,60138340
2019-07-26,48.0,49.279998779296875,47.84000015258789,48.06999969482422,34827315
2019-07-29,48.119998931884766,48.779998779296875,47.27000045776367,47.959999084472656,27142640
2019-07-30,48.099998474121094,48.45000076293945,46.27000045776367,46.45000076293945,32822290
2019-07-31,46.279998779296875,47.52000045776367,45.86000061035156,47.279998779296875,23896015
2019-08-01,46.79999923706055,47.439998626708984,45.70000076293945,46.34000015258789,22121680
2019-08-02,46.0,46.9900016784668,45.20000076293945,46.540000915527344,29120850
2019-08-05,45.79999923706055,46.119998931884766,44.0,45.790000915527344,28274570
2019-08-06,45.349998474121094,46.959999084472656,45.189998626708984,46.439998626708984,21189775
2019-08-07,46.779998779296875,47.2400016784668,44.560001373291016,45.04999923706055,38029115
2019-08-08,45.29999923706055,45.880001068115234,44.029998779296875,45.56999969482422,38724100
2019-08-09,45.709999084472656,46.540000915527344,45.11000061035156,45.709999084472656,23781245
2019-08-13,45.709999084472656,46.380001068115234,44.0,44.2400016784668,21134115
2019-08-14,44.400001525878906,45.599998474121094,44.220001220703125,45.060001373291016,22610785
2019-08-16,44.880001068115234,47.79999923706055,44.400001525878906,47.20000076293945,37535890
2019-08-19,47.43000030517578,47.47999954223633,45.84000015258789,46.220001220703125,27282900
2019-08-20,46.27000045776367,46.400001525878906,44.66999816894531,45.04999923706055,25867765
2019-08-21,45.0,45.369998931884766,43.70000076293945,43.959999084472656,29723445
2019-08-22,43.939998626708984,44.33000183105469,41.65999984741211,41.959999084472656,33191555
2019-08-23,41.84000015258789,43.849998474121094,41.47999954223633,43.34000015258789,35614590
2019-08-26,45.38999938964844,45.38999938964844,43.13999938964844,44.7599983215332,41520240
2019-08-27,45.20000076293945,46.61000061035156,45.18000030517578,45.90999984741211,39452385
2019-08-28,45.880001068115234,46.33000183105469,45.040000915527344,45.380001068115234,23863120
2019-08-29,45.0,45.34000015258789,43.54999923706055,44.119998931884766,23954030
2019-08-30,44.43000030517578,44.93000030517578,43.349998474121094,44.119998931884766,39476915
2019-09-03,42.79999923706055,42.79999923706055,38.810001373291016,39.400001525878906,108780970
2019-09-04,38.79999923706055,39.779998779296875,38.119998931884766,38.529998779296875,84293630
2019-09-05,38.91999816894531,39.0,38.06999969482422,38.310001373291016,55287430
2019-09-06,38.599998474121094,39.18000030517578,38.18000030517578,38.34000015258789,40316210
2019-09-09,38.27000045776367,39.72999954223633,38.13999938964844,39.59000015258789,49376955
2019-09-11,39.619998931884766,41.20000076293945,39.619998931884766,40.900001525878906,41369045
2019-09-12,41.0,41.459999084472656,40.36000061035156,40.70000076293945,36661395
2019-09-13,40.790000915527344,40.849998474121094,39.25,40.68000030517578,44606905
2019-09-16,40.599998474121094,41.279998779296875,40.040000915527344,40.63999938964844,30826140
2019-09-17,40.560001373291016,40.84000015258789,38.619998931884766,38.810001373291016,36421795
2019-09-18,39.130001068115234,39.97999954223633,38.86000061035156,39.189998626708984,36499540
2019-09-19,39.0,39.11000061035156,37.470001220703125,37.970001220703125,40283765
2019-09-20,38.18000030517578,41.060001373291016,37.34000015258789,40.31999969482422,70729025
2019-09-23,41.400001525878906,42.439998626708984,39.11000061035156,41.95000076293945,78229920
2019-09-24,42.13999938964844,42.13999938964844,40.2400016784668,40.650001525878906,43546165
2019-09-25,40.400001525878906,40.400001525878906,38.08000183105469,38.349998474121094,41724630
2019-09-26,38.61000061035156,39.63999938964844,38.29999923706055,38.540000915527344,47259165
2019-09-27,38.599998474121094,38.93000030517578,37.70000076293945,37.91999816894531,43106720
2019-09-30,38.0,38.13999938964844,36.0,36.47999954223633,44107570
2019-10-01,36.70000076293945,37.150001525878906,34.119998931884766,35.619998931884766,53945740
2019-10-03,35.2599983215332,36.75,35.02000045776367,36.279998779296875,40323350
2019-10-04,36.599998474121094,37.13999938964844,35.650001525878906,36.0,46065365
2019-10-07,36.22999954223633,36.529998779296875,35.599998474121094,35.880001068115234,28150540
2019-10-09,35.720001220703125,37.13999938964844,34.86000061035156,36.849998474121094,45886295
2019-10-10,36.599998474121094,36.7400016784668,35.33000183105469,35.619998931884766,32153760
2019-10-11,35.79999923706055,36.349998474121094,35.119998931884766,35.810001373291016,42254520
2019-10-14,36.0,36.7400016784668,35.619998931884766,35.84000015258789,32903625
2019-10-15,35.900001525878906,36.369998931884766,35.36000061035156,36.119998931884766,33581495
2019-10-16,36.349998474121094,36.560001373291016,35.709999084472656,36.02000045776367,29652315
2019-10-17,35.97999954223633,37.45000076293945,35.7599983215332,37.29999923706055,38201815
2019-10-18,37.20000076293945,38.0,37.0,37.77000045776367,33756725
2019-10-22,37.70000076293945,39.040000915527344,37.540000915527344,37.939998626708984,31813925
2019-10-23,38.0,38.75,37.459999084472656,38.310001373291016,29285970
2019-10-24,38.56999969482422,38.56999969482422,36.84000015258789,37.52000045776367,38205155
2019-10-25,37.70000076293945,38.779998779296875,37.130001068115234,38.540000915527344,37826545
2019-10-27,38.79999923706055,38.79999923706055,38.369998931884766,38.5,2607745
2019-10-29,38.400001525878906,39.68000030517578,38.29999923706055,39.04999923706055,28862160
2019-10-30,39.20000076293945,40.41999816894531,38.83000183105469,40.0099983215332,38130460
2019-10-31,40.220001220703125,41.81999969482422,40.099998474121094,40.709999084472656,55766535
2019-11-01,40.7400016784668,41.97999954223633,40.52000045776367,41.41999816894531,41838845
2019-11-04,41.599998474121094,42.31999969482422,41.33000183105469,41.56999969482422,31740945
2019-11-05,41.599998474121094,42.72999954223633,41.04999923706055,41.36000061035156,51590730
2019-11-06,41.36000061035156,42.900001525878906,40.45000076293945,42.18000030517578,94143315
2019-11-07,42.790000915527344,43.0,41.66999816894531,41.91999816894531,41073495
2019-11-08,41.70000076293945,41.849998474121094,40.08000183105469,40.27000045776367,38456070
2019-11-11,40.16999816894531,40.81999969482422,39.79999923706055,40.68000030517578,32264340
2019-11-13,40.68000030517578,40.93000030517578,39.209999084472656,39.38999938964844,27334675
2019-11-14,39.58000183105469,40.290000915527344,38.7400016784668,40.02000045776367,33153840
2019-11-15,40.70000076293945,42.880001068115234,40.5099983215332,41.040000915527344,107192395
2019-11-18,41.36000061035156,42.290000915527344,41.060001373291016,42.15999984741211,45317975
2019-11-19,42.18000030517578,44.599998474121094,41.880001068115234,44.22999954223633,84515715
2019-11-20,44.79999923706055,45.630001068115234,44.040000915527344,44.5,81868540
2019-11-21,45.0,45.310001373291016,44.16999816894531,44.369998931884766,43606460
2019-11-22,44.36000061035156,45.20000076293945,44.060001373291016,44.2400016784668,42082075
2019-11-25,44.15999984741211,45.4900016784668,44.15999984741211,45.29999923706055,39772880
2019-11-26,45.400001525878906,45.90999984741211,43.599998474121094,44.540000915527344,44724835
2019-11-27,44.599998474121094,45.599998474121094,44.540000915527344,45.43000030517578,29814780
2019-11-28,45.709999084472656,46.58000183105469,45.47999954223633,46.43000030517578,56284990
2019-11-29,46.349998474121094,46.849998474121094,45.22999954223633,45.43000030517578,38878520
2019-12-02,45.2599983215332,45.56999969482422,44.54999923706055,45.290000915527344,24065485
2019-12-03,45.36000061035156,45.470001220703125,43.2400016784668,43.41999816894531,32918635
2019-12-04,43.5,44.97999954223633,43.25,44.810001373291016,36059165
2019-12-05,44.79999923706055,45.06999969482422,43.34000015258789,43.52000045776367,33841395
2019-12-06,43.72999954223633,43.95000076293945,41.220001220703125,41.63999938964844,41218420
2019-12-09,41.599998474121094,43.29999923706055,41.27000045776367,42.599998474121094,60791305
2019-12-10,42.619998931884766,43.15999984741211,41.91999816894531,42.130001068115234,38236540
2019-12-11,42.220001220703125,42.79999923706055,41.68000030517578,42.56999969482422,26196360
2019-12-12,42.79999923706055,43.779998779296875,42.63999938964844,43.56999969482422,29598985
2019-12-13,43.79999923706055,45.72999954223633,43.79999923706055,45.56999969482422,50920485
2019-12-16,46.099998474121094,46.099998474121094,45.130001068115234,45.5099983215332,33230330
2019-12-17,45.599998474121094,46.38999938964844,45.400001525878906,45.81999969482422,29704715
2019-12-18,45.79999923706055,45.880001068115234,44.209999084472656,44.650001525878906,36455045
2019-12-19,44.58000183105469,45.04999923706055,44.34000015258789,44.599998474121094,23778445
2019-12-20,44.79999923706055,46.33000183105469,44.790000915527344,46.0,44774170
2019-12-23,45.84000015258789,46.56999969482422,44.86000061035156,45.189998626708984,39208980
2019-12-24,45.36000061035156,45.59000015258789,44.959999084472656,45.150001525878906,24140345
2019-12-26,45.13999938964844,45.16999816894531,43.90999984741211,44.04999923706055,33353670
2019-12-27,44.400001525878906,45.650001525878906,44.400001525878906,44.84000015258789,85920900
2019-12-30,44.939998626708984,45.0,44.0,44.349998474121094,30282100
2019-12-31,44.33000183105469,44.70000076293945,44.13999938964844,44.27000045776367,25782135
2020-01-01,44.41999816894531,44.66999816894531,43.959999084472656,44.33000183105469,21079405
2020-01-02,44.47999954223633,45.959999084472656,44.189998626708984,45.77000045776367,35167265
2020-01-03,45.560001373291016,45.70000076293945,44.130001068115234,44.33000183105469,33234705
2020-01-06,44.11000061035156,44.150001525878906,41.119998931884766,41.4900016784668,68253435
2020-01-07,42.68000030517578,42.86000061035156,40.939998626708984,41.61000061035156,71112745
2020-01-08,40.5,41.880001068115234,40.09000015258789,41.560001373291016,75706970
2020-01-09,42.720001220703125,43.150001525878906,42.150001525878906,42.689998626708984,43343815
2020-01-10,42.81999969482422,43.720001220703125,42.439998626708984,42.83000183105469,46604810
2020-01-13,43.0,43.36000061035156,42.720001220703125,43.22999954223633,29443200
2020-01-14,43.2400016784668,43.61000061035156,42.81999969482422,43.11000061035156,29424470
2020-01-15,42.61000061035156,43.880001068115234,41.810001373291016,43.630001068115234,58347755
2020-01-16,43.7400016784668,44.560001373291016,43.099998474121094,43.81999969482422,41565620
2020-01-17,43.220001220703125,44.7400016784668,43.15999984741211,44.31999969482422,41848320
2020-01-20,44.45000076293945,44.72999954223633,43.33000183105469,43.77000045776367,28176560
2020-01-21,43.459999084472656,44.2599983215332,43.20000076293945,43.83000183105469,30337915
2020-01-22,44.06999969482422,44.29999923706055,43.31999969482422,43.779998779296875,22607940
2020-01-23,43.810001373291016,45.349998474121094,43.41999816894531,44.13999938964844,69551335
2020-01-24,44.380001068115234,44.84000015258789,43.5,43.7599983215332,36472495
2020-01-27,43.18000030517578,43.43000030517578,41.790000915527344,42.06999969482422,32472815
2020-01-28,42.20000076293945,42.38999938964844,40.529998779296875,40.720001220703125,53997130
2020-01-29,41.16999816894531,41.58000183105469,40.709999084472656,40.81999969482422,29002775
2020-01-30,40.70000076293945,40.939998626708984,40.029998779296875,40.45000076293945,35498265
2020-01-31,40.79999923706055,41.06999969482422,40.08000183105469,40.529998779296875,35071730
2020-02-03,38.400001525878906,38.790000915527344,37.20000076293945,37.38999938964844,50795375
2020-02-04,38.0,38.529998779296875,36.959999084472656,37.13999938964844,53521590
2020-02-05,37.20000076293945,37.599998474121094,36.58000183105469,36.79999923706055,50771180
2020-02-06,37.029998779296875,38.880001068115234,36.81999969482422,37.90999984741211,83861555
2020-02-07,37.9900016784668,38.630001068115234,37.380001068115234,38.0,56097535
2020-02-10,37.9900016784668,38.36000061035156,37.189998626708984,37.43000030517578,33119950
2020-02-11,37.779998779296875,38.290000915527344,37.33000183105469,37.52000045776367,32454405
2020-02-12,37.790000915527344,37.95000076293945,36.56999969482422,36.939998626708984,39663985
2020-02-13,37.099998474121094,37.5099983215332,36.52000045776367,36.599998474121094,41693935
2020-02-14,36.65999984741211,37.099998474121094,35.90999984741211,36.060001373291016,43026875
2020-02-17,36.15999984741211,36.2599983215332,34.84000015258789,34.959999084472656,34295790
2020-02-18,35.0,35.0,33.5099983215332,34.560001373291016,45685570
2020-02-19,34.880001068115234,35.27000045776367,34.29999923706055,34.72999954223633,33534570
2020-02-20,34.68000030517578,35.47999954223633,34.22999954223633,34.529998779296875,36447470
2020-02-24,34.20000076293945,34.34000015258789,32.88999938964844,33.11000061035156,29552570
2020-02-25,33.310001373291016,33.33000183105469,32.470001220703125,32.58000183105469,36720300
2020-02-26,32.29999923706055,32.619998931884766,31.81999969482422,31.979999542236328,34750630
2020-02-27,31.8799991607666,32.09000015258789,30.850000381469727,31.110000610351562,42492595
2020-02-28,30.0,30.139999389648438,28.030000686645508,28.739999771118164,47397655
2020-03-02,29.260000228881836,29.579999923706055,27.239999771118164,27.6299991607666,50563580
2020-03-03,27.950000762939453,28.700000762939453,27.559999465942383,28.350000381469727,64330055
2020-03-04,28.399999618530273,28.440000534057617,27.040000915527344,27.780000686645508,53014175
2020-03-05,27.950000762939453,28.670000076293945,26.790000915527344,27.81999969482422,70901150
2020-03-06,26.0,26.540000915527344,25.479999542236328,26.100000381469727,41370245
2020-03-09,25.0,25.56999969482422,24.0,24.329999923706055,47125960
2020-03-11,24.329999923706055,24.760000228881836,23.059999465942383,23.329999923706055,50207515
2020-03-12,21.600000381469727,21.940000534057617,19.40999984741211,19.700000762939453,75893680
2020-03-13,17.84000015258789,21.8799991607666,16.399999618530273,21.479999542236328,92226460
2020-03-16,19.940000534057617,20.559999465942383,19.5,19.93000030517578,59893600
2020-03-17,20.1200008392334,20.979999542236328,19.600000381469727,19.84000015258789,60660935
2020-03-18,20.299999237060547,20.360000610351562,18.5,19.170000076293945,61231620
2020-03-19,18.1299991607666,20.989999771118164,17.940000534057617,19.809999465942383,84946910
2020-03-20,19.959999084472656,20.59000015258789,19.09000015258789,19.25,102006415
2020-03-23,18.299999237060547,18.299999237060547,15.0,15.220000267028809,32745650
2020-03-24,15.850000381469727,16.600000381469727,14.729999542236328,16.079999923706055,57422840
2020-03-25,15.5,17.34000015258789,15.399999618530273,16.729999542236328,39127405
2020-03-26,16.799999237060547,18.290000915527344,16.579999923706055,17.479999542236328,49627050
2020-03-27,18.09000015258789,19.100000381469727,17.540000915527344,18.010000228881836,61774090
2020-03-30,17.799999237060547,17.90999984741211,16.940000534057617,17.3700008392334,28873640
2020-03-31,18.0,18.43000030517578,17.360000610351562,18.100000381469727,32821275
2020-04-01,18.299999237060547,18.389999389648438,17.649999618530273,18.040000915527344,31372945
2020-04-03,17.600000381469727,17.780000686645508,16.700000762939453,16.829999923706055,27553360
2020-04-07,17.43000030517578,17.600000381469727,16.639999389648438,17.360000610351562,36936870
2020-04-08,17.040000915527344,18.549999237060547,16.860000610351562,17.479999542236328,42173265
2020-04-09,17.68000030517578,18.600000381469727,17.31999969482422,18.360000610351562,56099065
2020-04-13,18.190000534057617,18.260000228881836,17.329999923706055,17.65999984741211,34279490
2020-04-15,17.790000915527344,18.399999618530273,17.170000076293945,17.290000915527344,55040455
2020-04-16,17.399999618530273,17.520000457763672,16.959999084472656,17.170000076293945,56463465
2020-04-17,17.799999237060547,18.030000686645508,16.700000762939453,17.3700008392334,83183325
2020-04-20,17.600000381469727,18.829999923706055,17.219999313354492,18.399999618530273,116917710
2020-04-21,17.959999084472656,17.959999084472656,16.780000686645508,16.84000015258789,66076800
2020-04-22,16.829999923706055,16.899999618530273,15.90999984741211,16.579999923706055,102445500
2020-04-23,16.780000686645508,17.139999389648438,16.549999237060547,16.729999542236328,44754850
2020-04-24,16.510000228881836,16.940000534057617,16.209999084472656,16.270000457763672,38310380
2020-04-27,16.5,16.690000534057617,16.100000381469727,16.290000915527344,34768755
2020-04-28,16.540000915527344,17.200000762939453,16.229999542236328,16.790000915527344,58543460
2020-04-29,17.0,17.639999389648438,16.860000610351562,17.479999542236328,80530965
2020-04-30,17.690000534057617,18.239999771118164,17.479999542236328,17.579999923706055,71388515
2020-05-04,17.100000381469727,17.1200008392334,16.030000686645508,16.280000686645508,60112810
2020-05-05,16.600000381469727,16.690000534057617,15.899999618530273,15.960000038146973,51510945
2020-05-06,16.100000381469727,16.34000015258789,15.40999984741211,16.229999542236328,50205615
2020-05-07,16.030000686645508,16.540000915527344,15.970000267028809,16.270000457763672,29104330
2020-05-08,16.399999618530273,16.6200008392334,15.899999618530273,15.970000267028809,37986260
2020-05-11,16.020000457763672,16.18000030517578,15.699999809265137,15.770000457763672,35872110
2020-05-12,15.789999961853027,16.1200008392334,15.199999809265137,15.960000038146973,45927470
2020-05-13,16.600000381469727,18.049999237060547,16.309999465942383,17.809999465942383,111086770
2020-05-14,17.399999618530273,18.0,17.1299991607666,17.260000228881836,67809370
2020-05-15,17.389999389648438,17.510000228881836,16.6299991607666,16.790000915527344,50329990
2020-05-18,16.920000076293945,16.940000534057617,15.300000190734863,15.520000457763672,67059495
2020-05-19,15.819999694824219,15.880000114440918,15.180000305175781,15.279999732971191,50588615
2020-05-20,15.279999732971191,15.65999984741211,15.149999618530273,15.470000267028809,42202100
2020-05-21,15.600000381469727,16.1299991607666,15.420000076293945,15.539999961853027,54867785
2020-05-22,15.449999809265137,16.0,15.3100004196167,15.449999809265137,62119840
2020-05-26,15.65999984741211,15.850000381469727,15.449999809265137,15.760000228881836,35218675
2020-05-27,15.819999694824219,16.829999923706055,15.739999771118164,16.729999542236328,67379380
2020-05-28,16.829999923706055,17.1200008392334,16.559999465942383,16.65999984741211,62299320
2020-05-29,16.399999618530273,16.860000610351562,16.079999923706055,16.760000228881836,57054140
2020-06-01,17.030000686645508,18.5,17.0,18.389999389648438,112545425
2020-06-02,18.649999618530273,18.93000030517578,18.139999389648438,18.43000030517578,85990870
2020-06-03,18.56999969482422,20.260000228881836,18.40999984741211,19.43000030517578,168753555
2020-06-04,19.34000015258789,20.170000076293945,19.030000686645508,19.469999313354492,134266840
2020-06-05,19.719999313354492,21.229999542236328,19.600000381469727,20.860000610351562,150082405
2020-06-08,21.579999923706055,21.579999923706055,19.920000076293945,20.1200008392334,126715255
2020-06-09,20.219999313354492,21.09000015258789,19.84000015258789,20.110000610351562,108548355
2020-06-10,20.149999618530273,21.15999984741211,19.950000762939453,20.969999313354492,95924190
2020-06-11,21.040000915527344,21.860000610351562,20.100000381469727,20.200000762939453,162741200
2020-06-12,18.899999618530273,20.920000076293945,18.899999618530273,20.75,114883185
2020-06-15,20.700000762939453,20.799999237060547,19.84000015258789,20.540000915527344,92740945
2020-06-16,21.200000762939453,21.299999237060547,19.739999771118164,20.290000915527344,101512385
2020-06-17,20.200000762939453,20.6200008392334,19.8799991607666,20.149999618530273,107996805
2020-06-18,19.899999618530273,20.799999237060547,19.899999618530273,20.68000030517578,68716865
2020-06-19,20.860000610351562,21.700000762939453,20.719999313354492,21.469999313354492,146052715
2020-06-22,21.59000015258789,22.850000381469727,21.489999771118164,22.3700008392334,157462280
2020-06-23,22.739999771118164,23.149999618530273,22.40999984741211,22.75,98143725
2020-06-24,23.18000030517578,23.65999984741211,21.600000381469727,21.899999618530273,148101775
2020-06-25,20.459999084472656,21.270000457763672,20.399999618530273,20.959999084472656,182314160
2020-06-26,21.200000762939453,21.489999771118164,20.6200008392334,20.899999618530273,91915145
2020-06-29,20.790000915527344,20.829999923706055,20.040000915527344,20.399999618530273,63729455
2020-06-30,20.700000762939453,20.899999618530273,20.010000228881836,20.110000610351562,56480745
2020-07-01,20.1200008392334,21.200000762939453,19.899999618530273,21.100000381469727,92022055
2020-07-02,21.149999618530273,21.350000381469727,20.700000762939453,20.90999984741211,58977415
2020-07-03,21.06999969482422,21.079999923706055,20.459999084472656,20.600000381469727,45125230
2020-07-06,20.81999969482422,21.1299991607666,20.68000030517578,20.979999542236328,72770115
2020-07-07,21.0,21.040000915527344,20.360000610351562,20.899999618530273,79299585
2020-07-08,20.959999084472656,22.700000762939453,20.899999618530273,21.799999237060547,242848195
2020-07-09,21.950000762939453,22.260000228881836,21.270000457763672,21.729999542236328,115238010
2020-07-10,21.5,21.68000030517578,20.700000762939453,20.920000076293945,111469535
2020-07-13,21.0,21.229999542236328,20.549999237060547,20.68000030517578,78027570
2020-07-14,20.6200008392334,20.65999984741211,19.959999084472656,20.18000030517578,74533500
2020-07-15,20.3700008392334,20.670000076293945,20.190000534057617,20.280000686645508,48865450
2020-07-16,20.440000534057617,20.440000534057617,19.770000457763672,20.280000686645508,31390920
2020-07-17,20.299999237060547,20.56999969482422,20.219999313354492,20.450000762939453,20753570
2020-07-20,20.600000381469727,20.799999237060547,20.469999313354492,20.600000381469727,25895585
2020-07-21,20.799999237060547,20.899999618530273,20.549999237060547,20.799999237060547,34124940
2020-07-22,20.940000534057617,21.059999465942383,20.280000686645508,20.420000076293945,63931615
2020-07-23,20.420000076293945,20.68000030517578,20.260000228881836,20.450000762939453,42969245
2020-07-24,20.239999771118164,20.459999084472656,19.8799991607666,20.25,50916700
2020-07-27,20.280000686645508,20.350000381469727,19.700000762939453,19.940000534057617,49952315
2020-07-28,20.020000457763672,20.239999771118164,19.899999618530273,20.079999923706055,30998905
2020-07-29,20.190000534057617,20.530000686645508,19.979999542236328,20.049999237060547,38440075
2020-07-30,20.149999618530273,20.280000686645508,19.780000686645508,19.8700008392334,46959045
2020-07-31,19.84000015258789,20.489999771118164,19.670000076293945,20.3700008392334,71265050
2020-08-03,20.360000610351562,20.649999618530273,20.15999984741211,20.360000610351562,53008280
2020-08-04,20.420000076293945,21.0,20.270000457763672,20.889999389648438,73924085
2020-08-05,20.989999771118164,21.170000076293945,20.479999542236328,20.6299991607666,42662940
2020-08-06,21.030000686645508,21.079999923706055,20.299999237060547,20.489999771118164,103639025
2020-08-07,20.399999618530273,20.549999237060547,20.299999237060547,20.3799991607666,23016990
2020-08-10,20.3799991607666,20.530000686645508,20.309999465942383,20.3700008392334,17673420
2020-08-11,20.420000076293945,20.520000457763672,20.110000610351562,20.270000457763672,21088445
2020-08-12,20.399999618530273,20.8799991607666,20.299999237060547,20.450000762939453,53033790
2020-08-13,20.540000915527344,20.649999618530273,20.31999969482422,20.43000030517578,16898555
2020-08-14,20.56999969482422,20.639999389648438,20.1200008392334,20.260000228881836,20831055
2020-08-17,20.3799991607666,20.3799991607666,19.780000686645508,20.010000228881836,51045360
2020-08-18,20.09000015258789,20.530000686645508,19.969999313354492,20.40999984741211,40473320
2020-08-19,20.489999771118164,21.84000015258789,20.489999771118164,21.1299991607666,166267655
2020-08-20,21.0,21.360000610351562,20.610000610351562,20.799999237060547,42237255
2020-08-21,21.09000015258789,21.270000457763672,20.780000686645508,20.860000610351562,24051240
2020-08-24,21.100000381469727,21.100000381469727,20.6200008392334,20.700000762939453,23643705
2020-08-25,20.899999618530273,21.649999618530273,20.8799991607666,21.34000015258789,108345175
2020-08-26,21.399999618530273,21.559999465942383,21.200000762939453,21.260000228881836,27044390
2020-08-27,21.459999084472656,21.530000686645508,21.0,21.110000610351562,38658330
2020-08-28,21.260000228881836,23.18000030517578,21.260000228881836,22.959999084472656,236833790
2020-08-31,23.520000457763672,23.889999389648438,21.260000228881836,21.5,151886675
2020-09-01,21.600000381469727,22.190000534057617,20.719999313354492,21.350000381469727,87124235
2020-09-02,21.610000610351562,21.690000534057617,20.860000610351562,21.549999237060547,65414880
2020-09-03,21.649999618530273,21.809999465942383,21.100000381469727,21.260000228881836,51895090
2020-09-04,20.780000686645508,20.989999771118164,20.440000534057617,20.649999618530273,44597315
2020-09-07,20.549999237060547,20.719999313354492,20.299999237060547,20.3799991607666,25544090
2020-09-08,20.3799991607666,20.479999542236328,19.899999618530273,19.969999313354492,26227650
2020-09-09,19.889999389648438,19.889999389648438,19.139999389648438,19.530000686645508,33006780
2020-09-10,19.729999542236328,20.18000030517578,19.6299991607666,20.06999969482422,29059115
2020-09-11,20.1200008392334,20.549999237060547,19.65999984741211,20.170000076293945,61507820
2020-09-14,20.399999618530273,20.579999923706055,19.969999313354492,20.079999923706055,27021515
2020-09-15,20.190000534057617,20.299999237060547,19.950000762939453,20.110000610351562,22499970
2020-09-16,20.190000534057617,20.239999771118164,19.959999084472656,20.049999237060547,16038510
2020-09-17,19.889999389648438,20.059999465942383,19.829999923706055,19.920000076293945,9908410
2020-09-18,20.0,20.100000381469727,19.649999618530273,19.739999771118164,18406695
2020-09-21,19.709999084472656,19.790000915527344,19.0,19.1299991607666,25007105
2020-09-22,19.06999969482422,19.06999969482422,17.600000381469727,17.899999618530273,81079205
2020-09-23,18.18000030517578,18.34000015258789,17.260000228881836,17.6299991607666,57641025
2020-09-24,17.200000762939453,17.34000015258789,16.5,16.65999984741211,48689115
2020-09-25,16.850000381469727,17.5,16.450000762939453,17.420000076293945,43708910
2020-09-28,17.700000762939453,18.31999969482422,17.559999465942383,18.200000762939453,36135345
2020-09-29,18.34000015258789,18.350000381469727,17.510000228881836,17.8799991607666,35907870
2020-09-30,17.860000610351562,17.93000030517578,17.540000915527344,17.770000457763672,25688810
2020-10-01,17.799999237060547,18.40999984741211,17.799999237060547,17.940000534057617,34357215
2020-10-05,17.799999237060547,18.65999984741211,17.799999237060547,18.049999237060547,58242410
2020-10-06,18.260000228881836,18.389999389648438,17.950000762939453,18.270000457763672,24080585
2020-10-07,18.09000015258789,18.3700008392334,17.799999237060547,17.889999389648438,36288465
2020-10-08,18.06999969482422,18.440000534057617,17.760000228881836,17.93000030517578,46625250
2020-10-09,17.979999542236328,18.75,17.75,18.469999313354492,74475485
2020-10-12,18.549999237060547,19.020000457763672,17.860000610351562,18.010000228881836,66203890
2020-10-13,17.959999084472656,18.149999618530273,17.799999237060547,17.8799991607666,22470070
2020-10-14,17.809999465942383,17.920000076293945,17.540000915527344,17.709999084472656,27864535
2020-10-15,17.780000686645508,18.030000686645508,17.479999542236328,17.540000915527344,23929160
2020-10-16,17.6200008392334,17.739999771118164,17.40999984741211,17.56999969482422,16692555
2020-10-19,17.670000076293945,18.1200008392334,17.65999984741211,17.8799991607666,27593950
2020-10-20,17.610000610351562,17.860000610351562,17.610000610351562,17.75,14297385
2020-10-21,17.940000534057617,18.1200008392334,17.540000915527344,17.760000228881836,21420035
2020-10-22,17.719999313354492,17.770000457763672,17.600000381469727,17.65999984741211,12004835
2020-10-23,17.719999313354492,17.979999542236328,17.649999618530273,17.90999984741211,15813620
2020-10-26,17.90999984741211,18.100000381469727,17.799999237060547,17.940000534057617,31894935
2020-10-27,17.940000534057617,17.959999084472656,17.440000534057617,17.6299991607666,29603070
2020-10-28,17.6299991607666,17.68000030517578,17.290000915527344,17.399999618530273,25076275
2020-10-29,17.399999618530273,17.450000762939453,16.8700008392334,17.139999389648438,39339650
2020-10-30,17.479999542236328,17.600000381469727,16.969999313354492,17.239999771118164,63274485
2020-11-02,17.399999618530273,17.739999771118164,17.25,17.469999313354492,46257295
2020-11-03,17.600000381469727,17.860000610351562,17.440000534057617,17.719999313354492,30562450
2020-11-04,17.75,18.0,17.360000610351562,17.8799991607666,31797390
2020-11-05,18.040000915527344,18.56999969482422,17.93000030517578,18.299999237060547,60190580
2020-11-06,18.360000610351562,18.700000762939453,18.219999313354492,18.40999984741211,49426100
2020-11-09,18.559999465942383,18.739999771118164,18.299999237060547,18.540000915527344,37466380
2020-11-10,18.649999618530273,19.530000686645508,18.579999923706055,19.260000228881836,95358695
2020-11-11,19.389999389648438,19.540000915527344,18.649999618530273,18.8700008392334,52049865
2020-11-12,18.8700008392334,18.920000076293945,18.31999969482422,18.3799991607666,52433705
2020-11-13,18.110000610351562,18.34000015258789,18.059999465942383,18.299999237060547,27605790
2020-11-14,18.40999984741211,18.600000381469727,18.360000610351562,18.40999984741211,3697910
2020-11-17,18.520000457763672,18.75,18.40999984741211,18.489999771118164,30848225
2020-11-18,18.479999542236328,18.940000534057617,18.43000030517578,18.8700008392334,38849240
2020-11-19,18.790000915527344,19.059999465942383,18.600000381469727,18.65999984741211,34435280
2020-11-20,18.75,18.799999237060547,18.479999542236328,18.65999984741211,25085705
2020-11-23,18.8799991607666,18.889999389648438,18.530000686645508,18.770000457763672,30449485
2020-11-24,18.93000030517578,18.959999084472656,18.5,18.649999618530273,50433750
2020-11-25,18.799999237060547,20.15999984741211,18.799999237060547,19.299999237060547,182263240
2020-11-26,19.31999969482422,20.079999923706055,19.25,20.0,76958640
2020-11-27,20.040000915527344,21.139999389648438,20.040000915527344,20.760000228881836,149403040
2020-12-01,20.989999771118164,22.110000610351562,20.770000457763672,21.979999542236328,130787035
2020-12-02,21.989999771118164,22.100000381469727,20.809999465942383,21.149999618530273,147471520
2020-12-03,21.31999969482422,22.8799991607666,21.299999237060547,21.989999771118164,188282490
2020-12-04,22.200000762939453,22.799999237060547,21.1299991607666,22.239999771118164,233679705
2020-12-07,22.389999389648438,23.860000610351562,22.270000457763672,23.479999542236328,145330060
2020-12-08,23.700000762939453,28.170000076293945,23.540000915527344,27.399999618530273,362962275
2020-12-09,28.25,29.329999923706055,25.399999618530273,25.6299991607666,402468200
2020-12-10,24.6299991607666,25.09000015258789,24.049999237060547,24.5,253452900
2020-12-11,24.600000381469727,25.579999923706055,24.600000381469727,25.049999237060547,119377350
2020-12-14,25.389999389648438,25.600000381469727,25.100000381469727,25.479999542236328,55638385
2020-12-15,24.700000762939453,24.799999237060547,23.280000686645508,24.399999618530273,436930035
2020-12-16,24.780000686645508,25.170000076293945,23.719999313354492,23.989999771118164,195322435
2020-12-17,24.200000762939453,25.139999389648438,24.0,24.81999969482422,170924845
2020-12-18,25.059999465942383,25.239999771118164,23.700000762939453,24.31999969482422,113136495
2020-12-21,23.399999618530273,24.280000686645508,21.040000915527344,21.829999923706055,231056170
2020-12-22,22.1200008392334,23.5,21.09000015258789,23.040000915527344,290327130
2020-12-23,23.079999923706055,24.360000610351562,22.889999389648438,24.139999389648438,105124350
2020-12-24,24.3799991607666,24.549999237060547,23.700000762939453,24.149999618530273,80200235
2020-12-28,24.15999984741211,25.149999618530273,24.030000686645508,25.049999237060547,104975770
2020-12-29,25.200000762939453,25.649999618530273,24.59000015258789,25.270000457763672,106589165
2020-12-30,25.399999618530273,26.139999389648438,24.719999313354492,25.8700008392334,228498505
2020-12-31,25.940000534057617,26.0,25.530000686645508,25.790000915527344,70687655
2021-01-01,25.780000686645508,26.889999389648438,25.600000381469727,26.65999984741211,165284170
2021-01-04,27.0,27.200000762939453,26.079999923706055,26.799999237060547,144495945
2021-01-05,26.600000381469727,27.350000381469727,26.059999465942383,27.079999923706055,166935235
2021-01-06,27.200000762939453,27.459999084472656,25.6200008392334,26.420000076293945,198688600
2021-01-07,26.799999237060547,27.0,26.360000610351562,26.600000381469727,94819285
2021-01-08,26.799999237060547,26.979999542236328,26.1299991607666,26.200000762939453,100987895
2021-01-11,26.200000762939453,26.459999084472656,25.6299991607666,25.780000686645508,100857225
2021-01-12,25.760000228881836,28.170000076293945,25.459999084472656,27.829999923706055,224433340
2021-01-13,27.979999542236328,29.18000030517578,27.200000762939453,28.959999084472656,324462290
2021-01-14,28.610000610351562,29.440000534057617,28.43000030517578,28.610000610351562,168398490
2021-01-15,28.719999313354492,29.0,27.100000381469727,27.459999084472656,161771090
2021-01-18,27.739999771118164,28.350000381469727,26.200000762939453,26.579999923706055,167950745
2021-01-19,26.899999618530273,27.989999771118164,26.770000457763672,27.709999084472656,107299815
2021-01-20,27.700000762939453,28.719999313354492,27.5,28.389999389648438,140015620
2021-01-21,28.600000381469727,29.0,26.799999237060547,27.219999313354492,148362995
2021-01-22,27.399999618530273,27.700000762939453,26.200000762939453,26.639999389648438,146861220
2021-01-25,26.979999542236328,27.68000030517578,26.3700008392334,26.729999542236328,132229940
2021-01-27,26.790000915527344,27.75,26.020000457763672,26.239999771118164,248009810
2021-01-28,25.940000534057617,25.940000534057617,24.739999771118164,25.59000015258789,238782890
2021-01-29,26.010000228881836,27.190000534057617,25.549999237060547,26.399999618530273,181546180
2021-02-01,26.829999923706055,28.65999984741211,26.399999618530273,28.450000762939453,278047210
2021-02-02,28.799999237060547,30.1299991607666,28.209999084472656,29.309999465942383,249047850
2021-02-03,29.600000381469727,31.239999771118164,29.040000915527344,30.610000610351562,286683105
2021-02-04,30.639999389648438,32.75,30.270000457763672,32.43000030517578,310688515
2021-02-05,33.34000015258789,34.439998626708984,31.600000381469727,32.16999816894531,345454315
2021-02-08,32.47999954223633,32.75,31.510000228881836,31.690000534057617,107651075
2021-02-09,31.690000534057617,32.470001220703125,30.899999618530273,31.1299991607666,150625300
2021-02-10,31.299999237060547,32.290000915527344,30.760000228881836,32.130001068115234,163381960
2021-02-11,32.0,32.27000045776367,31.40999984741211,31.559999465942383,88013255
2021-02-12,31.719999313354492,32.34000015258789,31.229999542236328,31.420000076293945,106126145
2021-02-15,31.770000457763672,32.86000061035156,31.5,32.5099983215332,114925545
2021-02-16,32.91999816894531,33.189998626708984,32.02000045776367,32.52000045776367,143555370
2021-02-17,32.4900016784668,33.689998626708984,32.400001525878906,33.25,237259260
2021-02-18,33.599998474121094,34.91999816894531,33.06999969482422,33.68000030517578,282764875
2021-02-19,33.400001525878906,33.84000015258789,31.649999618530273,32.0,161413225
2021-02-22,32.0,32.20000076293945,30.700000762939453,30.940000534057617,82717840
2021-02-23,31.0,32.13999938964844,31.0,31.860000610351562,101122890
2021-02-24,31.8799991607666,32.7400016784668,31.06999969482422,32.16999816894531,86205500
2021-02-25,32.599998474121094,33.18000030517578,32.47999954223633,32.70000076293945,84248020
2021-02-26,32.0,32.13999938964844,31.0,31.440000534057617,102290685
2021-03-01,31.850000381469727,32.0,31.020000457763672,31.350000381469727,67907515
2021-03-02,31.579999923706055,32.439998626708984,31.3799991607666,31.75,89081495
2021-03-03,32.0,33.400001525878906,31.940000534057617,33.15999984741211,134824005
2021-03-04,32.70000076293945,34.4900016784668,32.36000061035156,33.709999084472656,158072265
2021-03-05,33.400001525878906,33.439998626708984,31.450000762939453,31.920000076293945,155722910
2021-03-08,32.400001525878906,32.959999084472656,32.0,32.27000045776367,81364795
2021-03-09,32.560001373291016,32.849998474121094,31.510000228881836,31.989999771118164,75612295
2021-03-10,32.279998779296875,32.54999923706055,31.950000762939453,32.2400016784668,49132145
2021-03-12,32.54999923706055,32.84000015258789,31.110000610351562,31.399999618530273,79507070
2021-03-15,31.5,31.799999237060547,30.350000381469727,31.65999984741211,78056920
2021-03-16,31.799999237060547,31.979999542236328,30.850000381469727,31.510000228881836,77430805
2021-03-17,31.420000076293945,31.6299991607666,29.84000015258789,30.049999237060547,87762375
2021-03-18,30.559999465942383,30.959999084472656,28.6200008392334,29.31999969482422,101310520
2021-03-19,28.899999618530273,30.479999542236328,28.280000686645508,30.200000762939453,119483480
2021-03-22,30.200000762939453,30.850000381469727,29.5,30.0,95556770
2021-03-23,30.190000534057617,31.290000915527344,29.719999313354492,30.770000457763672,107108145
2021-03-24,30.530000686645508,30.93000030517578,29.510000228881836,29.670000076293945,69870025
2021-03-25,29.719999313354492,30.100000381469727,27.40999984741211,28.68000030517578,167465350
2021-03-26,29.399999618530273,29.700000762939453,28.860000610351562,29.229999542236328,82874275
2021-03-30,29.600000381469727,29.899999618530273,28.959999084472656,29.40999984741211,65449225
2021-03-31,29.389999389648438,31.079999923706055,29.09000015258789,30.440000534057617,125375210
2021-04-01,30.8799991607666,31.479999542236328,30.1200008392334,31.270000457763672,93341790
2021-04-05,30.850000381469727,31.200000762939453,28.969999313354492,29.350000381469727,112670590
2021-04-06,29.600000381469727,29.979999542236328,29.1299991607666,29.600000381469727,74317510
2021-04-07,29.5,30.600000381469727,29.43000030517578,29.93000030517578,97050120
2021-04-08,30.15999984741211,30.280000686645508,29.309999465942383,29.440000534057617,65429150
2021-04-09,29.399999618530273,30.760000228881836,29.200000762939453,29.75,124922715
2021-04-12,28.790000915527344,28.790000915527344,26.06999969482422,26.440000534057617,139699735
2021-04-13,27.0,27.59000015258789,26.309999465942383,27.469999313354492,100509615
2021-04-15,27.260000228881836,27.860000610351562,26.719999313354492,27.149999618530273,77774760
2021-04-16,27.149999618530273,27.56999969482422,26.600000381469727,26.84000015258789,69438630
2021-04-19,25.600000381469727,25.959999084472656,24.860000610351562,25.860000610351562,100388660
2021-04-20,26.200000762939453,26.600000381469727,25.3700008392334,25.610000610351562,65192495
2021-04-22,25.15999984741211,26.25,25.020000457763672,26.049999237060547,69547485
2021-04-23,25.700000762939453,26.959999084472656,25.670000076293945,26.100000381469727,103449745
2021-04-26,26.420000076293945,27.15999984741211,26.350000381469727,27.049999237060547,94189475
2021-04-27,27.15999984741211,28.040000915527344,26.920000076293945,27.93000030517578,100327380
2021-04-28,28.0,28.739999771118164,28.0,28.6200008392334,83622715
2021-04-29,28.799999237060547,28.979999542236328,27.6200008392334,27.899999618530273,95224395
2021-04-30,27.479999542236328,28.780000686645508,27.299999237060547,27.75,94299250
2021-05-03,27.389999389648438,27.959999084472656,27.18000030517578,27.75,68410960
2021-05-04,28.0,29.65999984741211,27.920000076293945,28.270000457763672,186206435
2021-05-05,28.739999771118164,29.579999923706055,28.479999542236328,29.1200008392334,112023825
2021-05-06,29.399999618530273,29.399999618530273,28.479999542236328,28.690000534057617,55567690
2021-05-07,28.889999389648438,29.18000030517578,28.420000076293945,28.860000610351562,54871900
2021-05-10,29.0,30.170000076293945,28.899999618530273,29.43000030517578,93566470
2021-05-11,28.799999237060547,30.459999084472656,28.670000076293945,30.020000457763672,163775745
2021-05-12,30.18000030517578,31.139999389648438,29.670000076293945,30.440000534057617,171938420
2021-05-14,30.920000076293945,31.299999237060547,29.18000030517578,29.510000228881836,128223600
2021-05-17,29.799999237060547,30.799999237060547,29.799999237060547,30.700000762939453,83654685
2021-05-18,31.18000030517578,31.530000686645508,29.030000686645508,29.329999923706055,233917065
2021-05-19,29.600000381469727,30.450000762939453,29.200000762939453,29.280000686645508,193909280
2021-05-20,29.579999923706055,29.920000076293945,29.280000686645508,29.479999542236328,77175110
2021-05-21,29.790000915527344,30.700000762939453,29.700000762939453,30.56999969482422,167529175
2021-05-24,30.889999389648438,31.959999084472656,30.559999465942383,30.8700008392334,252063070
2021-05-25,31.15999984741211,31.239999771118164,30.0,30.09000015258789,115872570
2021-05-26,30.200000762939453,30.450000762939453,29.84000015258789,29.90999984741211,77472255
2021-05-27,30.1299991607666,31.079999923706055,29.729999542236328,30.729999542236328,169949860
2021-05-28,31.219999313354492,32.58000183105469,30.959999084472656,32.380001068115234,302720720
2021-05-31,32.400001525878906,32.72999954223633,31.6200008392334,32.15999984741211,129044965
2021-06-01,32.31999969482422,32.599998474121094,31.56999969482422,31.809999465942383,87632170
2021-06-02,31.799999237060547,32.880001068115234,31.65999984741211,32.7599983215332,119397200
2021-06-03,33.0,33.150001525878906,32.529998779296875,32.650001525878906,82398320
2021-06-04,32.599998474121094,32.790000915527344,31.969999313354492,32.220001220703125,69208590
2021-06-07,32.400001525878906,32.560001373291016,32.0099983215332,32.18000030517578,47878890
2021-06-08,32.20000076293945,32.29999923706055,31.149999618530273,31.59000015258789,80489370
2021-06-09,31.760000228881836,32.45000076293945,30.670000076293945,31.149999618530273,108230265
2021-06-10,31.420000076293945,31.8799991607666,31.1299991607666,31.389999389648438,56634540
2021-06-11,31.719999313354492,31.899999618530273,30.959999084472656,31.18000030517578,42645950
2021-06-14,31.18000030517578,31.18000030517578,30.0,30.950000762939453,68858495
2021-06-15,31.020000457763672,31.389999389648438,30.780000686645508,30.8700008392334,31980110
2021-06-16,30.899999618530273,31.200000762939453,30.3700008392334,30.43000030517578,40989310
2021-06-17,30.1200008392334,30.8799991607666,29.899999618530273,30.270000457763672,63495250
2021-06-18,30.399999618530273,30.579999923706055,28.290000915527344,29.479999542236328,95152200
2021-06-21,29.0,30.59000015258789,28.760000228881836,30.459999084472656,88617150
2021-06-22,30.850000381469727,31.18000030517578,30.200000762939453,30.350000381469727,60366600
2021-06-23,30.549999237060547,30.84000015258789,30.18000030517578,30.389999389648438,58516070
2021-06-24,30.530000686645508,30.639999389648438,29.700000762939453,29.809999465942383,46766895
2021-06-25,30.0,31.059999465942383,29.8700008392334,30.68000030517578,76494885
2021-06-28,30.959999084472656,31.639999389648438,30.860000610351562,31.389999389648438,96950150
2021-06-29,31.360000610351562,31.549999237060547,30.65999984741211,30.75,49633635
2021-06-30,30.979999542236328,31.020000457763672,30.299999237060547,30.3700008392334,38862100
2021-07-01,30.520000457763672,30.989999771118164,30.229999542236328,30.719999313354492,53296120
2021-07-02,30.719999313354492,31.139999389648438,30.6299991607666,30.75,39426895
2021-07-05,31.0,31.299999237060547,30.690000534057617,31.15999984741211,46783410
2021-07-06,31.139999389648438,31.399999618530273,30.600000381469727,30.700000762939453,43728840
2021-07-07,30.600000381469727,31.030000686645508,30.489999771118164,30.90999984741211,28098935
2021-07-08,31.0,31.270000457763672,30.1299991607666,30.360000610351562,41787425
2021-07-09,30.18000030517578,30.459999084472656,30.0,30.239999771118164,33389935
2021-07-12,30.540000915527344,30.770000457763672,30.200000762939453,30.350000381469727,37441635
2021-07-13,30.549999237060547,30.739999771118164,30.3700008392334,30.670000076293945,29357725
2021-07-14,30.59000015258789,30.760000228881836,30.25,30.31999969482422,40916345
2021-07-15,30.469999313354492,30.489999771118164,29.860000610351562,30.110000610351562,40509370
2021-07-16,30.3799991607666,30.450000762939453,30.030000686645508,30.260000228881836,27585325
2021-07-19,30.139999389648438,30.139999389648438,29.440000534057617,29.6299991607666,37632230
2021-07-20,29.639999389648438,29.700000762939453,28.709999084472656,28.889999389648438,44843980
2021-07-22,29.15999984741211,29.299999237060547,28.889999389648438,28.979999542236328,22077260
2021-07-23,29.0,29.260000228881836,28.770000457763672,29.209999084472656,27940715
2021-07-26,29.239999771118164,29.469999313354492,29.059999465942383,29.329999923706055,25636135
2021-07-27,29.399999618530273,30.1200008392334,29.299999237060547,29.760000228881836,88155180
2021-07-28,30.010000228881836,30.100000381469727,28.420000076293945,28.649999618530273,98948435
2021-07-29,28.780000686645508,30.200000762939453,28.579999923706055,29.93000030517578,124721770
2021-07-30,29.93000030517578,31.010000228881836,29.770000457763672,30.639999389648438,95929250
2021-08-02,30.940000534057617,31.549999237060547,30.829999923706055,31.1200008392334,75713775
2021-08-03,31.200000762939453,31.540000915527344,30.959999084472656,31.43000030517578,70009910
2021-08-04,31.559999465942383,31.90999984741211,31.100000381469727,31.360000610351562,97791080
2021-08-05,31.15999984741211,31.389999389648438,30.399999618530273,31.270000457763672,65215995
2021-08-06,31.299999237060547,31.760000228881836,31.110000610351562,31.469999313354492,48439680
2021-08-09,31.399999618530273,31.600000381469727,30.530000686645508,30.940000534057617,34579170
2021-08-10,30.799999237060547,31.260000228881836,30.06999969482422,30.559999465942383,39908735
2021-08-11,30.559999465942383,30.959999084472656,30.149999618530273,30.81999969482422,27092590
2021-08-12,30.829999923706055,31.280000686645508,30.709999084472656,31.139999389648438,28940720
2021-08-13,31.209999084472656,31.459999084472656,30.799999237060547,31.200000762939453,55109985
2021-08-16,31.0,32.040000915527344,30.940000534057617,31.489999771118164,89187445
2021-08-17,31.299999237060547,31.299999237060547,30.350000381469727,30.530000686645508,138480310
2021-08-18,30.520000457763672,31.719999313354492,30.200000762939453,31.43000030517578,172405390
2021-08-20,31.0,31.030000686645508,30.239999771118164,30.559999465942383,57855210
2021-08-23,30.799999237060547,30.93000030517578,29.639999389648438,30.579999923706055,44342855
2021-08-24,30.399999618530273,31.200000762939453,30.350000381469727,31.139999389648438,39847235
2021-08-25,31.18000030517578,31.360000610351562,30.100000381469727,30.209999084472656,157596220
2021-08-26,30.290000915527344,31.030000686645508,30.270000457763672,30.56999969482422,150781535
2021-08-27,30.6299991607666,30.690000534057617,30.239999771118164,30.31999969482422,46886690
2021-08-30,30.600000381469727,31.15999984741211,30.420000076293945,31.049999237060547,64853600
2021-08-31,31.049999237060547,32.5,30.739999771118164,31.81999969482422,163342355
2021-09-01,31.799999237060547,32.439998626708984,31.440000534057617,32.209999084472656,83001905
2021-09-02,32.33000183105469,32.59000015258789,31.68000030517578,31.81999969482422,91891260
2021-09-03,31.8700008392334,32.689998626708984,31.81999969482422,32.13999938964844,95795720
2021-09-06,32.34000015258789,32.79999923706055,31.950000762939453,32.0099983215332,82329740
2021-09-07,32.13999938964844,32.13999938964844,31.040000915527344,31.219999313354492,78581620
2021-09-08,31.219999313354492,32.22999954223633,31.139999389648438,31.549999237060547,89951525
2021-09-09,31.399999618530273,31.940000534057617,31.329999923706055,31.5,33803115
2021-09-13,31.399999618530273,31.6200008392334,31.09000015258789,31.360000610351562,33226195
2021-09-14,31.399999618530273,31.579999923706055,30.93000030517578,31.049999237060547,48386370
2021-09-15,31.280000686645508,32.40999984741211,31.100000381469727,32.31999969482422,95019770
2021-09-16,32.31999969482422,33.560001373291016,32.09000015258789,33.349998474121094,189827730
2021-09-17,33.86000061035156,34.25,31.84000015258789,32.54999923706055,224284535
2021-09-20,31.799999237060547,32.63999938964844,30.8799991607666,30.989999771118164,68590310
2021-09-21,31.260000228881836,31.479999542236328,30.40999984741211,30.989999771118164,71617125
2021-09-22,31.15999984741211,31.81999969482422,31.0,31.3700008392334,56658945
2021-09-23,31.639999389648438,32.599998474121094,31.600000381469727,32.15999984741211,92340615
2021-09-24,32.20000076293945,32.34000015258789,31.440000534057617,31.540000915527344,37840935
2021-09-27,31.81999969482422,32.349998474121094,31.6200008392334,31.979999542236328,51218570
2021-09-28,32.0,32.97999954223633,31.989999771118164,32.7400016784668,77002825
2021-09-29,32.36000061035156,34.400001525878906,32.34000015258789,33.630001068115234,176541445
2021-09-30,33.790000915527344,35.5,33.709999084472656,34.599998474121094,220955680
2021-10-01,34.47999954223633,35.790000915527344,33.599998474121094,35.369998931884766,162352925
2021-10-04,35.47999954223633,36.59000015258789,35.41999816894531,36.41999816894531,125232450
2021-10-05,36.400001525878906,36.68000030517578,35.63999938964844,35.95000076293945,82813145
2021-10-06,36.02000045776367,36.68000030517578,34.689998626708984,34.88999938964844,94984375
2021-10-07,35.310001373291016,35.5,34.720001220703125,34.970001220703125,58772760
2021-10-08,35.400001525878906,35.790000915527344,34.34000015258789,35.45000076293945,91244705
2021-10-11,35.79999923706055,36.189998626708984,35.11000061035156,35.33000183105469,82634865
2021-10-12,35.400001525878906,37.599998474121094,35.20000076293945,37.40999984741211,210594485
2021-10-13,37.79999923706055,37.93000030517578,36.93000030517578,37.31999969482422,157132885
2021-10-14,37.58000183105469,39.0,37.380001068115234,38.709999084472656,138845300
2021-10-18,39.15999984741211,40.849998474121094,38.720001220703125,39.790000915527344,184701600
2021-10-19,40.18000030517578,40.29999923706055,37.81999969482422,38.13999938964844,115574880
2021-10-20,38.040000915527344,39.470001220703125,37.33000183105469,39.060001373291016,109093940
2021-10-21,39.41999816894531,40.20000076293945,38.45000076293945,39.91999816894531,142001490
2021-10-22,40.20000076293945,40.66999816894531,39.220001220703125,39.720001220703125,116247380
2021-10-25,39.91999816894531,41.349998474121094,39.77000045776367,40.38999938964844,150329375
2021-10-26,40.599998474121094,41.5,38.25,38.66999816894531,300775775
2021-10-27,39.77000045776367,40.7599983215332,39.45000076293945,40.15999984741211,209824795
2021-10-28,40.189998626708984,40.560001373291016,38.900001525878906,39.08000183105469,141097665
2021-10-29,38.93000030517578,43.72999954223633,38.220001220703125,42.900001525878906,361340545
2021-11-01,43.0,43.189998626708984,41.77000045776367,42.93000030517578,88593570
2021-11-02,43.20000076293945,45.290000915527344,42.79999923706055,44.849998474121094,194794090
2021-11-03,44.95000076293945,45.93000030517578,44.400001525878906,45.189998626708984,155316095
2021-11-04,45.529998779296875,46.20000076293945,45.400001525878906,45.7599983215332,21922315
2021-11-08,45.9900016784668,49.20000076293945,45.75,48.849998474121094,242141500
2021-11-09,49.0,49.52000045776367,48.20000076293945,48.560001373291016,115533170
2021-11-10,48.400001525878906,48.83000183105469,46.79999923706055,47.189998626708984,89484360
2021-11-11,47.2400016784668,47.66999816894531,45.869998931884766,46.31999969482422,69272370
2021-11-12,46.599998474121094,46.790000915527344,45.310001373291016,46.15999984741211,75428590
2021-11-15,46.4900016784668,46.56999969482422,45.34000015258789,45.52000045776367,38603600
2021-11-16,45.61000061035156,45.869998931884766,44.20000076293945,44.40999984741211,54766815
2021-11-17,44.20000076293945,45.29999923706055,43.900001525878906,44.0099983215332,76916535
2021-11-18,44.18000030517578,44.59000015258789,43.16999816894531,43.90999984741211,63729300
2021-11-22,44.0,44.130001068115234,41.279998779296875,42.36000061035156,68737045
2021-11-23,42.0,43.54999923706055,41.79999923706055,43.220001220703125,55769555
2021-11-24,43.43000030517578,43.79999923706055,42.59000015258789,42.70000076293945,45277920
2021-11-25,42.83000183105469,43.20000076293945,42.40999984741211,43.0099983215332,32728325
2021-11-26,42.58000183105469,42.779998779296875,40.31999969482422,40.529998779296875,67114675
2021-11-29,40.0,40.970001220703125,38.95000076293945,39.849998474121094,67554300
2021-11-30,39.849998474121094,41.29999923706055,39.5,39.83000183105469,68010695
2021-12-01,40.20000076293945,41.5,39.7400016784668,41.34000015258789,61086710
2021-12-02,41.43000030517578,41.66999816894531,40.709999084472656,41.43000030517578,39022375
2021-12-03,41.47999954223633,42.099998474121094,41.06999969482422,41.29999923706055,49609070
2021-12-06,41.369998931884766,41.90999984741211,40.38999938964844,40.5099983215332,54522660
2021-12-07,40.959999084472656,42.13999938964844,40.86000061035156,41.83000183105469,44753385
2021-12-08,42.15999984741211,43.040000915527344,41.689998626708984,42.939998626708984,65377340
2021-12-09,43.02000045776367,43.400001525878906,42.36000061035156,43.0,43752670
2021-12-10,42.939998626708984,44.599998474121094,42.52000045776367,44.43000030517578,60846350
2021-12-13,44.779998779296875,44.79999923706055,43.33000183105469,43.439998626708984,39306635
2021-12-14,43.369998931884766,43.459999084472656,42.43000030517578,43.119998931884766,41455375
2021-12-15,43.13999938964844,43.47999954223633,42.13999938964844,42.25,28998785
2021-12-16,42.599998474121094,42.97999954223633,41.95000076293945,42.439998626708984,26826095
2021-12-17,42.279998779296875,42.279998779296875,40.220001220703125,40.41999816894531,47568545
2021-12-20,39.79999923706055,40.0,37.619998931884766,38.16999816894531,55742740
2021-12-21,38.77000045776367,39.16999816894531,38.08000183105469,38.439998626708984,36552970
2021-12-22,38.880001068115234,40.470001220703125,38.849998474121094,39.540000915527344,61715265
2021-12-23,39.880001068115234,40.7599983215332,39.58000183105469,40.099998474121094,46320985
2021-12-24,40.34000015258789,40.380001068115234,38.599998474121094,38.790000915527344,50931385
2021-12-27,38.0,39.29999923706055,37.279998779296875,39.119998931884766,50266245
2021-12-28,39.41999816894531,39.689998626708984,39.130001068115234,39.56999969482422,26939730
2021-12-29,39.40999984741211,39.88999938964844,39.13999938964844,39.34000015258789,28685475
2021-12-30,39.20000076293945,39.279998779296875,38.70000076293945,39.0,30108385
2021-12-31,39.209999084472656,40.27000045776367,39.16999816894531,39.9900016784668,36008765
2022-01-03,39.939998626708984,41.279998779296875,39.720001220703125,41.09000015258789,38953755
2022-01-04,41.290000915527344,41.79999923706055,40.869998931884766,41.310001373291016,46704665
2022-01-05,41.29999923706055,42.40999984741211,41.029998779296875,42.20000076293945,57771810
2022-01-06,41.790000915527344,42.75,41.4900016784668,42.5,53654395
2022-01-07,42.650001525878906,43.119998931884766,41.939998626708984,42.459999084472656,43376495
2022-01-10,42.65999984741211,44.15999984741211,42.65999984741211,43.939998626708984,51528210
2022-01-11,43.45000076293945,44.650001525878906,43.45000076293945,44.279998779296875,57530155
2022-01-12,44.560001373291016,45.22999954223633,44.29999923706055,44.54999923706055,40422790
2022-01-13,44.52000045776367,45.43000030517578,44.13999938964844,45.06999969482422,41998450
2022-01-14,44.97999954223633,45.66999816894531,44.70000076293945,45.529998779296875,40366635
2022-01-17,45.52000045776367,46.06999969482422,45.41999816894531,45.540000915527344,24529380
2022-01-18,45.68000030517578,46.0,44.34000015258789,44.619998931884766,36236730
2022-01-19,44.459999084472656,45.97999954223633,44.16999816894531,45.68000030517578,37112995
2022-01-20,45.84000015258789,46.47999954223633,45.36000061035156,45.689998626708984,49452470
2022-01-21,44.97999954223633,45.34000015258789,42.65999984741211,43.119998931884766,53192755
2022-01-24,43.119998931884766,43.52000045776367,40.93000030517578,41.7400016784668,52274935
2022-01-25,41.29999923706055,44.650001525878906,41.09000015258789,44.279998779296875,60447725
2022-01-27,43.599998474121094,48.45000076293945,43.20000076293945,48.15999984741211,234705435
2022-01-28,48.45000076293945,48.779998779296875,47.310001373291016,47.779998779296875,108984570
2022-01-31,48.279998779296875,50.880001068115234,48.20000076293945,50.59000015258789,147102420
2022-02-01,50.970001220703125,52.31999969482422,49.0,51.75,173366905
2022-02-02,51.939998626708984,54.400001525878906,51.54999923706055,53.93000030517578,136021565
2022-02-03,53.7400016784668,54.560001373291016,52.81999969482422,52.97999954223633,83876480
2022-02-04,53.09000015258789,53.7599983215332,51.84000015258789,52.20000076293945,58721430
2022-02-07,52.29999923706055,53.33000183105469,51.369998931884766,51.619998931884766,79617185
2022-02-08,51.70000076293945,52.689998626708984,50.36000061035156,52.13999938964844,77005360
2022-02-09,52.36000061035156,52.619998931884766,51.04999923706055,52.04999923706055,46172495
2022-02-10,52.11000061035156,52.58000183105469,51.36000061035156,51.7599983215332,44205795
2022-02-11,51.41999816894531,52.209999084472656,50.040000915527344,50.29999923706055,44037180
2022-02-14,48.599998474121094,49.70000076293945,46.619998931884766,46.95000076293945,67861420
2022-02-15,47.040000915527344,49.7599983215332,46.439998626708984,49.59000015258789,81562540
2022-02-16,49.77000045776367,50.16999816894531,48.599998474121094,48.86000061035156,62946135
2022-02-17,49.060001373291016,49.29999923706055,47.75,47.880001068115234,36425255
2022-02-18,47.709999084472656,48.84000015258789,47.43000030517578,47.650001525878906,47159215
2022-02-21,47.5099983215332,48.08000183105469,46.43000030517578,46.59000015258789,69086415
2022-02-22,44.20000076293945,46.380001068115234,44.20000076293945,46.09000015258789,76284760
2022-02-23,46.400001525878906,47.04999923706055,45.63999938964844,45.83000183105469,43202360
2022-02-24,41.25,44.79999923706055,41.25,41.65999984741211,103991045
2022-02-25,43.20000076293945,44.560001373291016,42.79999923706055,43.689998626708984,81491485
2022-02-28,43.29999923706055,44.13999938964844,42.869998931884766,43.91999816894531,61273635
2022-03-02,43.56999969482422,43.779998779296875,42.439998626708984,43.22999954223633,54860675
2022-03-03,43.91999816894531,44.119998931884766,42.75,42.9900016784668,46552140
2022-03-04,42.75,43.5,41.86000061035156,42.029998779296875,74147550
2022-03-07,41.099998474121094,41.130001068115234,39.279998779296875,40.16999816894531,77882170
2022-03-08,40.20000076293945,42.13999938964844,39.900001525878906,41.869998931884766,101169385
2022-03-09,42.29999923706055,42.66999816894531,41.70000076293945,42.400001525878906,70015255
2022-03-10,43.900001525878906,44.38999938964844,42.61000061035156,42.880001068115234,86392850
2022-03-11,42.79999923706055,43.880001068115234,42.5,43.59000015258789,54800695
2022-03-14,43.599998474121094,44.5,43.040000915527344,44.22999954223633,62331165
2022-03-15,44.22999954223633,45.34000015258789,43.529998779296875,43.779998779296875,74140845
2022-03-16,44.279998779296875,45.16999816894531,44.2599983215332,44.880001068115234,43321620
2022-03-17,46.0,46.150001525878906,45.0099983215332,45.209999084472656,52476475
2022-03-21,45.459999084472656,45.630001068115234,44.79999923706055,44.9900016784668,46008815
2022-03-22,45.0,45.41999816894531,44.029998779296875,45.20000076293945,48430980
2022-03-23,45.47999954223633,46.08000183105469,44.86000061035156,45.060001373291016,44813690
2022-03-24,44.68000030517578,45.58000183105469,44.52000045776367,45.130001068115234,30335565
2022-03-25,45.20000076293945,45.58000183105469,44.75,45.060001373291016,29539365
2022-03-28,45.18000030517578,46.029998779296875,44.45000076293945,45.7400016784668,46274510
2022-03-29,45.9900016784668,46.45000076293945,45.2599983215332,45.689998626708984,46875635
2022-03-30,46.119998931884766,46.349998474121094,45.41999816894531,45.689998626708984,31243675
2022-03-31,45.880001068115234,45.91999816894531,45.34000015258789,45.54999923706055,25135920
2022-04-01,45.58000183105469,48.150001525878906,45.41999816894531,47.9900016784668,69889490
2022-04-04,48.369998931884766,48.58000183105469,47.70000076293945,48.2599983215332,43563700
2022-04-05,48.36000061035156,49.29999923706055,47.849998474121094,48.59000015258789,59173710
2022-04-06,48.20000076293945,49.97999954223633,48.20000076293945,49.56999969482422,49486965
2022-04-07,49.56999969482422,50.5099983215332,48.7599983215332,49.33000183105469,54851655
2022-04-08,49.70000076293945,49.959999084472656,49.20000076293945,49.66999816894531,36037350
2022-04-11,49.779998779296875,50.349998474121094,49.11000061035156,49.220001220703125,25153735
2022-04-12,49.099998474121094,49.15999984741211,47.4900016784668,48.290000915527344,31993590
2022-04-13,48.68000030517578,49.2599983215332,48.18000030517578,48.529998779296875,36650785
2022-04-18,48.0,48.0,46.189998626708984,46.86000061035156,45659720
2022-04-19,47.18000030517578,48.689998626708984,46.189998626708984,46.93000030517578,44443925
2022-04-20,47.36000061035156,47.59000015258789,46.380001068115234,46.619998931884766,47718935
2022-04-21,47.099998474121094,47.70000076293945,47.04999923706055,47.599998474121094,20244985
2022-04-22,47.0,47.540000915527344,46.560001373291016,46.650001525878906,21071435
2022-04-25,46.220001220703125,46.290000915527344,45.25,45.61000061035156,33154090
2022-04-26,46.290000915527344,47.290000915527344,46.0,47.11000061035156,29983830
2022-04-27,46.68000030517578,47.029998779296875,45.630001068115234,46.34000015258789,27325960
2022-04-28,46.7599983215332,46.939998626708984,45.849998474121094,46.63999938964844,28804625
2022-04-29,46.880001068115234,47.43000030517578,45.709999084472656,45.93000030517578,28451545
2022-05-02,45.47999954223633,46.06999969482422,45.220001220703125,45.95000076293945,23444510
2022-05-04,46.29999923706055,47.16999816894531,44.25,44.58000183105469,47546350
2022-05-05,45.18000030517578,46.290000915527344,44.720001220703125,44.95000076293945,42695600
2022-05-06,44.0,44.95000076293945,42.52000045776367,43.869998931884766,96162405
2022-05-09,43.77000045776367,43.77000045776367,39.95000076293945,40.27000045776367,154321205
2022-05-10,40.220001220703125,41.15999984741211,39.75,39.939998626708984,56114470
2022-05-11,40.29999923706055,40.72999954223633,38.7400016784668,40.439998626708984,76693890
2022-05-12,39.970001220703125,40.0,38.209999084472656,38.54999923706055,68522060
2022-05-13,39.400001525878906,40.4900016784668,38.41999816894531,38.65999984741211,66355955
2022-05-16,39.0,39.880001068115234,38.5,39.54999923706055,47003330
2022-05-17,39.88999938964844,40.63999938964844,39.11000061035156,40.54999923706055,52977180
2022-05-18,40.61000061035156,41.119998931884766,39.2599983215332,39.40999984741211,56701920
2022-05-19,38.599998474121094,38.79999923706055,37.119998931884766,37.38999938964844,71319410
2022-05-20,38.18000030517578,38.970001220703125,38.04999923706055,38.880001068115234,40163230
2022-05-23,39.20000076293945,39.5,38.02000045776367,38.130001068115234,57471725
2022-05-24,38.33000183105469,38.939998626708984,37.84000015258789,37.95000076293945,48054620
2022-05-25,38.33000183105469,39.08000183105469,37.11000061035156,37.25,53491025
2022-05-26,37.599998474121094,39.5,36.7400016784668,39.15999984741211,63617345
2022-05-27,39.720001220703125,40.40999984741211,39.220001220703125,39.61000061035156,49651390
2022-05-30,40.18000030517578,41.939998626708984,40.099998474121094,41.79999923706055,65157615
2022-05-31,41.400001525878906,42.08000183105469,40.77000045776367,41.0,46481305
2022-06-01,41.0,42.04999923706055,40.970001220703125,41.75,43283350
2022-06-02,41.869998931884766,42.88999938964844,41.709999084472656,42.709999084472656,59593000
2022-06-03,43.09000015258789,43.20000076293945,42.099998474121094,42.220001220703125,41174630
2022-06-06,42.099998474121094,42.36000061035156,41.20000076293945,42.09000015258789,39746325
2022-06-07,41.88999938964844,42.650001525878906,41.470001220703125,41.810001373291016,41089375
2022-06-08,42.0,42.7400016784668,41.54999923706055,42.18000030517578,41291500
2022-06-09,41.9900016784668,42.220001220703125,40.849998474121094,41.5,47601955
2022-06-10,41.099998474121094,41.779998779296875,40.83000183105469,41.59000015258789,26209960
2022-06-13,40.5,40.70000076293945,39.04999923706055,39.459999084472656,38725540
2022-06-14,39.599998474121094,40.25,39.130001068115234,39.43000030517578,34361100
2022-06-15,38.529998779296875,38.63999938964844,37.599998474121094,37.65999984741211,43880130
2022-06-16,38.11000061035156,38.47999954223633,36.0099983215332,36.209999084472656,47802120
2022-06-17,36.150001525878906,36.79999923706055,35.70000076293945,36.16999816894531,40185605
2022-06-20,36.47999954223633,36.66999816894531,34.349998474121094,34.90999984741211,47943355
2022-06-21,35.20000076293945,36.66999816894531,35.13999938964844,36.4900016784668,37246840
2022-06-22,36.279998779296875,36.650001525878906,35.86000061035156,36.16999816894531,31695735
2022-06-23,36.18000030517578,36.939998626708984,35.77000045776367,36.369998931884766,35953395
2022-06-24,36.79999923706055,37.33000183105469,36.68000030517578,37.18000030517578,33271320
2022-06-27,37.790000915527344,38.040000915527344,37.41999816894531,37.540000915527344,24537415
2022-06-28,37.38999938964844,37.79999923706055,37.279998779296875,37.560001373291016,20202530
2022-06-29,37.349998474121094,37.41999816894531,36.810001373291016,37.25,23957985
2022-06-30,37.279998779296875,37.59000015258789,36.040000915527344,36.25,26590390
2022-07-01,36.33000183105469,37.13999938964844,35.689998626708984,36.970001220703125,28842895
2022-07-04,37.189998626708984,37.91999816894531,37.040000915527344,37.66999816894531,27463575
2022-07-05,37.95000076293945,38.43000030517578,37.70000076293945,37.81999969482422,35090105
2022-07-06,37.970001220703125,38.7400016784668,37.7599983215332,38.54999923706055,25836415
2022-07-07,39.02000045776367,41.900001525878906,38.869998931884766,41.709999084472656,112584385
2022-07-08,41.79999923706055,42.43000030517578,41.290000915527344,42.220001220703125,50635800
2022-07-11,41.810001373291016,43.5099983215332,41.810001373291016,43.38999938964844,72005145
2022-07-12,43.099998474121094,44.27000045776367,42.90999984741211,43.380001068115234,55604310
2022-07-13,43.880001068115234,44.189998626708984,43.310001373291016,43.63999938964844,43189160
2022-07-14,43.52000045776367,43.540000915527344,41.27000045776367,41.90999984741211,66069090
2022-07-15,42.0,42.400001525878906,40.720001220703125,41.220001220703125,48892765
2022-07-18,41.880001068115234,42.9900016784668,41.31999969482422,42.900001525878906,49556565
2022-07-19,42.84000015258789,44.75,42.470001220703125,44.630001068115234,77759550
2022-07-20,45.04999923706055,45.119998931884766,43.75,43.95000076293945,49931445
2022-07-21,43.939998626708984,45.7400016784668,43.81999969482422,45.25,64524545
2022-07-22,45.720001220703125,46.380001068115234,45.33000183105469,45.810001373291016,69973065
2022-07-25,45.849998474121094,46.900001525878906,44.130001068115234,44.959999084472656,138779555
2022-07-26,45.18000030517578,45.279998779296875,44.04999923706055,44.31999969482422,50739525
2022-07-27,44.220001220703125,45.59000015258789,44.150001525878906,45.40999984741211,42682535
2022-07-28,45.79999923706055,46.0,44.869998931884766,45.2400016784668,40711750
2022-07-29,45.63999938964844,45.779998779296875,44.31999969482422,44.459999084472656,40322070
2022-08-01,44.709999084472656,45.29999923706055,44.209999084472656,45.02000045776367,30405695
2022-08-02,44.95000076293945,47.22999954223633,44.650001525878906,46.63999938964844,95803855
2022-08-03,46.63999938964844,46.900001525878906,46.0,46.38999938964844,38881895
2022-08-04,46.52000045776367,46.84000015258789,44.040000915527344,44.91999816894531,62866305
2022-08-05,45.0,45.720001220703125,44.09000015258789,44.25,57954925
2022-08-08,44.25,45.45000076293945,43.84000015258789,45.0099983215332,42501730
2022-08-10,45.0,45.459999084472656,44.619998931884766,45.099998474121094,27668320
2022-08-11,45.59000015258789,46.959999084472656,45.45000076293945,46.18000030517578,61765740
2022-08-12,46.400001525878906,46.869998931884766,46.0,46.209999084472656,37512705
2022-08-16,46.52000045776367,46.81999969482422,46.11000061035156,46.43000030517578,39317305
2022-08-17,46.689998626708984,48.029998779296875,46.43000030517578,47.84000015258789,75880015
2022-08-18,47.900001525878906,48.400001525878906,47.52000045776367,47.9900016784668,57338785
2022-08-19,48.0,48.15999984741211,45.970001220703125,46.130001068115234,60525460
2022-08-22,45.84000015258789,45.880001068115234,44.22999954223633,44.40999984741211,41631205
2022-08-23,44.02000045776367,46.0,43.790000915527344,45.81999969482422,47758120
2022-08-24,45.72999954223633,46.5,45.459999084472656,46.41999816894531,39480270
2022-08-25,46.65999984741211,48.400001525878906,46.599998474121094,47.75,89120005
2022-08-26,48.209999084472656,48.90999984741211,47.75,47.900001525878906,61874855
2022-08-29,46.400001525878906,47.130001068115234,45.900001525878906,47.0,36877250
2022-08-30,47.439998626708984,48.5,47.380001068115234,48.220001220703125,52440695
2022-09-01,47.599998474121094,49.29999923706055,47.4900016784668,48.900001525878906,51092010
2022-09-02,49.150001525878906,49.2599983215332,48.209999084472656,48.7599983215332,40954795
2022-09-05,48.7599983215332,49.5,48.75,49.060001373291016,28638355
2022-09-06,49.38999938964844,49.5,48.400001525878906,48.86000061035156,27442605
2022-09-07,48.5,48.869998931884766,48.04999923706055,48.2400016784668,26177455
2022-09-08,48.880001068115234,49.400001525878906,48.52000045776367,49.0,44647800
2022-09-09,49.349998474121094,49.939998626708984,48.61000061035156,48.709999084472656,56989085
2022-09-12,48.959999084472656,49.84000015258789,48.689998626708984,49.41999816894531,30898475
2022-09-13,49.599998474121094,49.81999969482422,49.220001220703125,49.380001068115234,26128175
2022-09-14,48.599998474121094,51.5099983215332,48.439998626708984,51.060001373291016,77069055
2022-09-15,51.34000015258789,51.529998779296875,50.150001525878906,50.4900016784668,41610740
2022-09-16,50.11000061035156,50.900001525878906,48.20000076293945,48.869998931884766,49418235
2022-09-19,48.84000015258789,50.650001525878906,48.619998931884766,49.38999938964844,58216875
2022-09-20,49.79999923706055,50.279998779296875,49.41999816894531,49.7400016784668,32745710
2022-09-21,49.619998931884766,50.20000076293945,48.90999984741211,49.4900016784668,38195950
2022-09-22,49.20000076293945,49.86000061035156,48.08000183105469,48.59000015258789,38935875
2022-09-23,48.29999923706055,48.720001220703125,45.63999938964844,45.81999969482422,58631625
2022-09-26,45.5,45.5,43.2400016784668,43.43000030517578,50837145
2022-09-27,43.939998626708984,44.400001525878906,42.630001068115234,42.849998474121094,43454140
2022-09-28,42.29999923706055,42.790000915527344,41.5,42.0,49641340
2022-09-29,42.79999923706055,43.869998931884766,42.52000045776367,43.08000183105469,79592200
2022-09-30,43.20000076293945,46.029998779296875,42.880001068115234,45.75,103522925
2022-10-03,45.58000183105469,46.2599983215332,44.08000183105469,44.470001220703125,48671660
2022-10-04,45.5,46.20000076293945,44.970001220703125,45.439998626708984,54791090
2022-10-06,45.79999923706055,46.310001373291016,45.2599983215332,45.40999984741211,29973490
2022-10-07,45.56999969482422,45.939998626708984,44.540000915527344,45.810001373291016,46539300
2022-10-10,45.189998626708984,45.970001220703125,44.63999938964844,45.529998779296875,26800945
2022-10-11,45.72999954223633,45.7400016784668,44.380001068115234,44.540000915527344,29612710
2022-10-12,44.77000045776367,45.36000061035156,44.45000076293945,45.20000076293945,30062920
2022-10-13,44.97999954223633,45.29999923706055,44.20000076293945,44.70000076293945,25711445
2022-10-14,45.779998779296875,46.20000076293945,45.15999984741211,45.349998474121094,34716035
2022-10-17,45.099998474121094,47.66999816894531,44.599998474121094,47.47999954223633,86520200
2022-10-18,48.0,50.220001220703125,47.900001525878906,50.04999923706055,102556705
2022-10-19,50.20000076293945,50.540000915527344,49.27000045776367,49.79999923706055,59255885
2022-10-20,49.59000015258789,52.060001373291016,47.720001220703125,51.779998779296875,235480435
2022-10-21,52.0,54.18000030517578,51.88999938964844,53.709999084472656,180001415
2022-10-24,54.279998779296875,54.59000015258789,53.79999923706055,54.099998474121094,21534540
2022-10-25,54.29999923706055,57.599998474121094,53.36000061035156,56.84000015258789,179379565
2022-10-27,57.09000015258789,58.400001525878906,56.83000183105469,57.91999816894531,119912870
2022-10-28,57.91999816894531,58.7599983215332,57.18000030517578,57.56999969482422,100288330
2022-10-31,57.9900016784668,58.36000061035156,57.040000915527344,58.08000183105469,58033925
2022-11-01,58.380001068115234,59.459999084472656,57.7400016784668,58.400001525878906,68535540
2022-11-02,58.20000076293945,58.88999938964844,57.939998626708984,58.279998779296875,42057470
2022-11-03,57.70000076293945,59.65999984741211,57.630001068115234,59.0099983215332,62626855
2022-11-04,59.189998626708984,60.099998474121094,59.040000915527344,59.41999816894531,56124935
2022-11-07,60.209999084472656,62.380001068115234,60.209999084472656,61.88999938964844,117634740
2022-11-09,62.29999923706055,63.099998474121094,61.599998474121094,62.81999969482422,81620855
2022-11-10,62.369998931884766,62.97999954223633,60.630001068115234,61.38999938964844,58722660
2022-11-11,62.79999923706055,62.79999923706055,60.72999954223633,60.88999938964844,55353710
2022-11-14,60.400001525878906,61.25,60.150001525878906,60.84000015258789,45614395
2022-11-15,60.84000015258789,62.0099983215332,60.650001525878906,61.86000061035156,35388595
2022-11-16,61.77000045776367,62.189998626708984,60.81999969482422,61.40999984741211,41127470
2022-11-17,61.20000076293945,61.93000030517578,60.79999923706055,61.45000076293945,25824405
2022-11-18,61.68000030517578,62.52000045776367,61.130001068115234,61.88999938964844,42259940
2022-11-21,61.810001373291016,62.9900016784668,61.2400016784668,62.790000915527344,55263285
2022-11-22,62.970001220703125,64.0,62.4900016784668,63.7400016784668,58920515
2022-11-23,64.0999984741211,65.29000091552734,63.79999923706055,64.98999786376953,64215050
2022-11-24,65.08000183105469,65.94999694824219,65.0199966430664,65.70999908447266,38394985
2022-11-25,65.45999908447266,66.79000091552734,64.91999816894531,65.37000274658203,55461500
2022-11-28,65.72000122070312,65.72000122070312,64.44999694824219,64.83000183105469,34233385
2022-11-29,64.94999694824219,65.30999755859375,64.19999694824219,64.3499984741211,35102955
2022-11-30,64.73999786376953,64.73999786376953,62.540000915527344,62.939998626708984,112465320
2022-12-01,63.400001525878906,64.58000183105469,63.040000915527344,64.18000030517578,46415965
2022-12-02,64.11000061035156,64.80000305175781,63.58000183105469,63.83000183105469,26750455
2022-12-05,64.0,64.66000366210938,63.11000061035156,64.5,44409360
2022-12-06,64.12999725341797,65.33999633789062,63.41999816894531,63.72999954223633,68401680
2022-12-07,63.810001373291016,64.30999755859375,62.529998779296875,62.779998779296875,53558045
2022-12-08,63.099998474121094,65.19000244140625,62.83000183105469,64.87999725341797,76294260
2022-12-09,65.19999694824219,66.0999984741211,62.630001068115234,63.5099983215332,95079860
2022-12-12,63.70000076293945,64.29000091552734,63.0,64.0999984741211,33882015
2022-12-13,64.19999694824219,65.5999984741211,64.19999694824219,65.30000305175781,40287220
2022-12-14,65.58000183105469,66.19999694824219,64.94000244140625,65.55999755859375,53238855
2022-12-15,65.4000015258789,66.0,63.779998779296875,64.0999984741211,43057550
2022-12-16,64.0,64.41999816894531,61.93000030517578,62.20000076293945,51761875
2022-12-19,62.290000915527344,63.88999938964844,62.029998779296875,63.59000015258789,35935395
2022-12-20,63.400001525878906,64.80000305175781,62.5099983215332,64.43000030517578,39456395
2022-12-21,64.75,65.87999725341797,62.290000915527344,62.91999816894531,64792305
2022-12-22,63.52000045776367,63.68000030517578,61.650001525878906,62.369998931884766,50547250
2022-12-23,61.2599983215332,62.0099983215332,58.0099983215332,58.310001373291016,76551365
2022-12-26,58.310001373291016,61.54999923706055,57.58000183105469,60.91999816894531,59785635
2022-12-27,61.72999954223633,61.72999954223633,60.20000076293945,61.40999984741211,37573365
2022-12-28,61.65999984741211,63.900001525878906,61.08000183105469,63.220001220703125,76209100
2022-12-29,62.880001068115234,65.19999694824219,62.11000061035156,64.2300033569336,58037585
2022-12-30,64.69000244140625,67.33999633789062,64.2699966430664,66.66000366210938,91821295
2023-01-02,67.16999816894531,68.08000183105469,66.5,67.2300033569336,68163660
2023-01-03,67.4000015258789,68.33999633789062,66.93000030517578,67.36000061035156,56669795
2023-01-04,67.37999725341797,67.69999694824219,65.01000213623047,65.37999725341797,63676240
2023-01-05,65.7300033569336,66.05999755859375,64.2300033569336,65.5,45723890
2023-01-06,65.69999694824219,65.7300033569336,63.5,64.08999633789062,44465020
2023-01-09,64.80000305175781,65.69999694824219,64.12999725341797,65.33000183105469,34632685
2023-01-10,65.37000274658203,65.37000274658203,62.79999923706055,63.459999084472656,47865145
2023-01-11,63.7400016784668,63.959999084472656,62.45000076293945,63.599998474121094,39150920
2023-01-12,63.79999923706055,63.959999084472656,62.81999969482422,63.43000030517578,26748045
2023-01-13,63.599998474121094,65.04000091552734,63.31999969482422,64.91999816894531,53541255
2023-01-16,64.9800033569336,65.5999984741211,64.45999908447266,64.61000061035156,47321030
2023-01-17,64.77999877929688,65.16999816894531,62.40999984741211,63.91999816894531,43562670
2023-01-18,63.97999954223633,64.4000015258789,63.15999984741211,63.47999954223633,27292015
2023-01-19,63.34000015258789,64.2699966430664,62.880001068115234,64.02999877929688,22833170
2023-01-20,64.16000366210938,65.2699966430664,63.61000061035156,63.790000915527344,33990715
2023-01-23,64.31999969482422,65.30999755859375,63.900001525878906,64.61000061035156,65416825
2023-01-24,64.87000274658203,65.5999984741211,63.61000061035156,64.02999877929688,42215215
2023-01-25,64.18000030517578,64.18000030517578,60.439998626708984,61.209999084472656,69401075
2023-01-27,61.560001373291016,61.560001373291016,57.220001220703125,58.20000076293945,77590380
2023-01-30,58.20000076293945,60.209999084472656,56.7400016784668,58.43000030517578,72139590
2023-01-31,58.79999923706055,61.06999969482422,58.529998779296875,60.790000915527344,63613740
2023-02-01,61.400001525878906,61.79999923706055,54.72999954223633,56.88999938964844,92868925
2023-02-02,56.400001525878906,58.099998474121094,55.529998779296875,57.02000045776367,67545240
2023-02-03,57.599998474121094,59.459999084472656,55.75,59.29999923706055,82031535
2023-02-06,59.369998931884766,59.869998931884766,58.70000076293945,58.93000030517578,39368680
2023-02-07,59.09000015258789,60.099998474121094,58.68000030517578,58.95000076293945,32861175
2023-02-08,59.09000015258789,59.560001373291016,58.400001525878906,59.130001068115234,29581065
2023-02-09,59.099998474121094,59.36000061035156,57.630001068115234,58.599998474121094,31199465
2023-02-10,58.16999816894531,59.900001525878906,58.16999816894531,58.779998779296875,37760200
2023-02-13,58.779998779296875,59.15999984741211,56.77000045776367,56.939998626708984,35326170
2023-02-14,57.2599983215332,58.47999954223633,56.900001525878906,58.130001068115234,53405300
2023-02-15,57.970001220703125,59.400001525878906,57.709999084472656,59.18000030517578,26914405
2023-02-16,59.560001373291016,59.72999954223633,58.810001373291016,58.9900016784668,24065285
2023-02-17,58.79999923706055,59.060001373291016,58.0099983215332,58.72999954223633,32866660
2023-02-20,58.79999923706055,59.25,57.619998931884766,57.79999923706055,24695615
2023-02-21,57.97999954223633,57.97999954223633,55.689998626708984,55.790000915527344,66986370
2023-02-22,55.599998474121094,55.599998474121094,54.099998474121094,54.83000183105469,46162270
2023-02-23,55.06999969482422,55.31999969482422,54.099998474121094,54.7599983215332,35371055
2023-02-24,55.04999923706055,55.380001068115234,53.7599983215332,54.220001220703125,41317050
2023-02-27,54.18000030517578,55.439998626708984,53.88999938964844,55.220001220703125,36986335
2023-02-28,55.459999084472656,56.08000183105469,54.79999923706055,55.90999984741211,30807060
2023-03-01,55.97999954223633,57.900001525878906,55.7400016784668,57.7599983215332,37434805
2023-03-02,57.58000183105469,58.58000183105469,57.2599983215332,58.08000183105469,35633330
2023-03-03,58.790000915527344,61.20000076293945,58.70000076293945,61.040000915527344,68210465
2023-03-06,61.349998474121094,61.790000915527344,60.900001525878906,61.130001068115234,31410850
2023-03-08,60.400001525878906,62.380001068115234,60.400001525878906,62.29999923706055,40222395
2023-03-09,62.34000015258789,62.7400016784668,61.81999969482422,62.06999969482422,34253085
2023-03-10,61.29999923706055,61.400001525878906,59.08000183105469,59.63999938964844,49179760
2023-03-13,59.29999923706055,60.689998626708984,57.5,57.709999084472656,55801815
2023-03-14,57.7599983215332,57.939998626708984,56.27000045776367,57.2599983215332,51441790
2023-03-15,58.02000045776367,58.22999954223633,55.79999923706055,56.22999954223633,33038945
2023-03-16,56.0,57.119998931884766,55.13999938964844,56.33000183105469,49203635
2023-03-17,57.0,57.20000076293945,55.29999923706055,56.349998474121094,41464915
2023-03-20,56.0,56.06999969482422,54.7599983215332,55.599998474121094,41987440
2023-03-21,55.939998626708984,57.09000015258789,55.41999816894531,56.79999923706055,36650525
2023-03-22,56.970001220703125,57.689998626708984,56.77000045776367,56.970001220703125,30192160
2023-03-23,56.849998474121094,57.400001525878906,55.869998931884766,56.119998931884766,29414325
2023-03-24,55.93000030517578,56.290000915527344,54.470001220703125,54.7599983215332,32212690
2023-03-27,54.9900016784668,55.84000015258789,54.5,55.439998626708984,31774230
2023-03-28,55.47999954223633,56.380001068115234,54.54999923706055,55.029998779296875,26306060
2023-03-29,55.18000030517578,56.52000045776367,54.81999969482422,56.209999084472656,78420555
2023-03-31,56.77000045776367,57.16999816894531,56.41999816894531,56.88999938964844,34693365
2023-04-03,57.34000015258789,57.59000015258789,56.86000061035156,57.439998626708984,19288720
2023-04-05,57.630001068115234,57.630001068115234,56.2400016784668,56.849998474121094,23085250
2023-04-06,56.84000015258789,57.70000076293945,56.41999816894531,56.90999984741211,28327120
2023-04-10,57.16999816894531,57.34000015258789,56.47999954223633,56.65999984741211,18842705
2023-04-11,57.400001525878906,58.439998626708984,57.400001525878906,57.58000183105469,36033040
2023-04-12,57.58000183105469,57.70000076293945,56.70000076293945,57.220001220703125,23537185
2023-04-13,57.08000183105469,58.380001068115234,56.970001220703125,58.25,28440130
2023-04-17,58.20000076293945,59.599998474121094,57.65999984741211,59.4900016784668,45394945
2023-04-18,59.77000045776367,60.08000183105469,59.0,59.84000015258789,33036140
2023-04-19,59.79999923706055,60.22999954223633,58.68000030517578,59.0099983215332,22552285
2023-04-20,59.13999938964844,59.58000183105469,59.0099983215332,59.33000183105469,19038260
2023-04-21,59.31999969482422,59.400001525878906,58.29999923706055,59.060001373291016,21572190
2023-04-24,59.380001068115234,60.75,59.22999954223633,60.59000015258789,38398570
2023-04-25,60.779998779296875,62.189998626708984,60.75,61.540000915527344,45251025
2023-04-26,61.40999984741211,62.040000915527344,61.040000915527344,61.93000030517578,21205370
2023-04-27,61.29999923706055,62.099998474121094,61.29999923706055,61.79999923706055,19426085
2023-04-28,61.900001525878906,63.619998931884766,61.900001525878906,63.4900016784668,34971485
2023-05-02,63.7400016784668,64.30999755859375,63.5,64.0,29659120
2023-05-03,63.29999923706055,64.08000183105469,63.20000076293945,63.900001525878906,17864585
2023-05-04,64.0999984741211,64.88999938964844,63.400001525878906,64.7699966430664,29678925
2023-05-05,64.38999938964844,65.37000274658203,63.349998474121094,63.709999084472656,33018590
2023-05-08,63.63999938964844,64.13999938964844,60.470001220703125,62.63999938964844,139314980
2023-05-09,63.29999923706055,63.34000015258789,60.27000045776367,60.56999969482422,118015345
2023-05-10,59.959999084472656,60.540000915527344,58.599998474121094,60.15999984741211,72950675
2023-05-11,60.400001525878906,61.119998931884766,60.0,60.220001220703125,36430215
2023-05-12,60.20000076293945,60.459999084472656,59.20000076293945,59.400001525878906,34759285
2023-05-15,59.7599983215332,60.88999938964844,59.119998931884766,60.68000030517578,35834890
2023-05-16,61.0,62.189998626708984,60.869998931884766,61.029998779296875,54438130
2023-05-17,61.18000030517578,61.599998474121094,59.90999984741211,60.540000915527344,40548900
2023-05-18,61.0,61.099998474121094,58.79999923706055,59.029998779296875,40895745
2023-05-19,59.400001525878906,59.779998779296875,58.27000045776367,59.560001373291016,31717830
2023-05-22,59.7599983215332,60.33000183105469,59.369998931884766,60.189998626708984,17184210
2023-05-23,60.38999938964844,60.900001525878906,60.22999954223633,60.40999984741211,15665520
2023-05-24,60.18000030517578,60.63999938964844,59.630001068115234,59.91999816894531,16454215
2023-05-25,59.79999923706055,60.060001373291016,59.22999954223633,59.93000030517578,20849835
2023-05-26,60.18000030517578,61.54999923706055,60.029998779296875,61.34000015258789,32373645
2023-05-29,61.79999923706055,62.099998474121094,61.16999816894531,61.41999816894531,27527200
2023-05-30,61.43000030517578,61.790000915527344,61.04999923706055,61.540000915527344,16243865
2023-05-31,61.47999954223633,62.33000183105469,60.91999816894531,61.939998626708984,27683650
2023-06-01,61.79999923706055,62.29999923706055,61.7400016784668,61.880001068115234,23434025
2023-06-02,62.060001373291016,63.09000015258789,61.959999084472656,62.75,31900850
2023-06-05,63.09000015258789,63.16999816894531,62.310001373291016,62.400001525878906,21989370
2023-06-06,62.58000183105469,62.68000030517578,61.779998779296875,62.349998474121094,16851625
2023-06-07,62.58000183105469,63.29999923706055,62.52000045776367,63.0,20877380
2023-06-08,63.279998779296875,63.310001373291016,62.20000076293945,62.459999084472656,18536670
2023-06-09,62.650001525878906,62.650001525878906,62.0,62.20000076293945,18601375
2023-06-12,62.599998474121094,63.08000183105469,62.029998779296875,62.97999954223633,18881245
2023-06-13,63.20000076293945,63.279998779296875,62.650001525878906,62.97999954223633,18079580
2023-06-14,60.900001525878906,61.43000030517578,60.599998474121094,60.88999938964844,30397045
2023-06-15,60.900001525878906,61.06999969482422,59.189998626708984,59.36000061035156,29795900
2023-06-16,59.68000030517578,61.0,59.52000045776367,60.75,27557380
2023-06-19,60.790000915527344,61.439998626708984,60.439998626708984,61.0,24512760
2023-06-20,61.0,61.380001068115234,60.4900016784668,61.279998779296875,23542870
2023-06-21,61.279998779296875,61.88999938964844,60.900001525878906,61.33000183105469,27869135
2023-06-22,61.20000076293945,61.400001525878906,59.84000015258789,60.18000030517578,20922150
2023-06-23,60.2400016784668,60.34000015258789,58.91999816894531,59.279998779296875,23699580
2023-06-26,59.279998779296875,59.5,58.33000183105469,58.75,28009650
2023-06-27,58.93000030517578,59.400001525878906,58.83000183105469,59.209999084472656,20914190
2023-06-28,59.459999084472656,59.939998626708984,59.119998931884766,59.31999969482422,26225310
2023-06-30,59.86000061035156,60.63999938964844,59.5,60.369998931884766,20638290
2023-07-03,60.599998474121094,64.18000030517578,60.5099983215332,63.70000076293945,92489890
2023-07-04,64.13999938964844,65.13999938964844,63.5099983215332,64.33000183105469,70211795
2023-07-05,64.33999633789062,65.02999877929688,64.05999755859375,64.41999816894531,29330585
2023-07-06,64.4000015258789,65.86000061035156,64.05000305175781,65.16999816894531,43883880
2023-07-07,65.02999877929688,67.33999633789062,64.12999725341797,66.73999786376953,59222370
2023-07-10,67.12000274658203,67.9000015258789,66.4000015258789,66.80000305175781,50257705
2023-07-11,66.95999908447266,67.29000091552734,66.05000305175781,66.45999908447266,24688125
2023-07-12,66.75,67.2300033569336,66.11000061035156,66.25,24154370
2023-07-13,66.61000061035156,67.0,63.959999084472656,64.33999633789062,44281450
2023-07-14,64.5199966430664,65.73999786376953,64.4000015258789,65.31999969482422,33175515
2023-07-17,65.5999984741211,66.95999908447266,65.0,66.73999786376953,37077115
2023-07-18,67.0,67.13999938964844,65.3499984741211,65.69000244140625,36129700
2023-07-19,65.95999908447266,67.86000061035156,65.55000305175781,67.69000244140625,59625690
2023-07-20,68.0,69.0,67.4800033569336,68.0,54864325
2023-07-21,68.0,68.93000030517578,67.41000366210938,67.62999725341797,31280540
2023-07-24,68.0,70.27999877929688,66.8499984741211,67.94000244140625,126452930
2023-07-25,68.4000015258789,68.58000183105469,66.0,66.56999969482422,63249455
2023-07-26,67.01000213623047,67.66000366210938,66.70999908447266,67.45999908447266,47384160
2023-07-27,67.76000213623047,69.93000030517578,67.69999694824219,68.95999908447266,66811855
2023-07-28,69.19000244140625,69.26000213623047,68.22000122070312,68.6500015258789,32009085
2023-07-31,68.9800033569336,69.33999633789062,68.54000091552734,68.87000274658203,22936200
2023-08-01,69.11000061035156,69.19999694824219,67.61000061035156,68.12999725341797,22592770
2023-08-02,68.0,68.0999984741211,64.75,65.44999694824219,55995715
2023-08-03,65.44000244140625,66.43000030517578,64.9000015258789,65.44999694824219,33604925
2023-08-04,65.61000061035156,66.94000244140625,65.33999633789062,65.75,35770240
2023-08-07,65.91999816894531,66.4000015258789,65.54000091552734,65.7300033569336,29034630
2023-08-08,65.80000305175781,67.95999908447266,65.80000305175781,67.75,42117945
2023-08-09,67.66000366210938,67.87000274658203,66.4000015258789,67.22000122070312,36473840
2023-08-10,67.16000366210938,67.5,65.87999725341797,66.25,41717995
2023-08-11,66.5199966430664,67.75,65.94000244140625,66.41999816894531,44584120
2023-08-14,66.37999725341797,66.37999725341797,64.5999984741211,65.91000366210938,44506845
2023-08-16,65.5999984741211,66.16000366210938,64.62999725341797,65.5999984741211,22837050
2023-08-17,65.58999633789062,66.63999938964844,65.31999969482422,65.97000122070312,33122890
2023-08-18,65.79000091552734,66.68000030517578,65.45999908447266,65.6500015258789,30723480
2023-08-21,65.69999694824219,66.19999694824219,65.5,65.62999725341797,27031115
2023-08-22,65.80999755859375,65.9000015258789,65.08999633789062,65.2300033569336,25423450
2023-08-23,65.4800033569336,67.08999633789062,65.23999786376953,66.5199966430664,52511900
2023-08-24,66.9800033569336,67.5,66.13999938964844,66.36000061035156,30369150
2023-08-25,66.0999984741211,66.47000122070312,65.0,65.12000274658203,30563530
2023-08-28,65.44999694824219,65.73999786376953,65.11000061035156,65.33000183105469,15019900
2023-08-29,65.68000030517578,65.87000274658203,65.0999984741211,65.31999969482422,15764360
2023-08-30,65.5999984741211,65.87999725341797,64.95999908447266,65.11000061035156,16755830
2023-08-31,65.11000061035156,65.45999908447266,63.849998474121094,64.08000183105469,32176605
2023-09-01,64.31999969482422,66.06999969482422,63.939998626708984,65.68000030517578,36120140
2023-09-04,65.91000366210938,67.72000122070312,65.45999908447266,67.30999755859375,46503455
2023-09-05,67.41999816894531,68.26000213623047,66.7699966430664,67.69000244140625,34979960
2023-09-06,67.8499984741211,67.8499984741211,66.51000213623047,66.83999633789062,22525825
2023-09-07,66.83999633789062,67.9000015258789,66.72000122070312,67.7300033569336,28583565
2023-09-08,67.80000305175781,68.69999694824219,67.0999984741211,67.81999969482422,36302970
2023-09-11,68.18000030517578,72.5999984741211,68.05999755859375,71.98999786376953,132858755
2023-09-12,72.4000015258789,72.58999633789062,69.44000244140625,69.76000213623047,64026290
2023-09-13,69.73999786376953,73.05999755859375,69.01000213623047,72.94999694824219,73506725
2023-09-14,73.19999694824219,73.73999786376953,72.18000030517578,73.0,53319120
2023-09-15,73.44999694824219,73.68000030517578,72.4000015258789,72.97000122070312,37571540
2023-09-18,73.18000030517578,75.4000015258789,72.80999755859375,74.44999694824219,90346740
2023-09-20,74.0199966430664,75.23999786376953,73.38999938964844,74.19999694824219,45690940
2023-09-21,74.0,75.23999786376953,72.12000274658203,72.88999938964844,74010120
2023-09-22,73.69999694824219,77.19999694824219,73.69999694824219,76.58999633789062,164013815
2023-09-25,76.79000091552734,76.79000091552734,74.73999786376953,75.01000213623047,68578965
2023-09-26,75.25,75.76000213623047,73.6500015258789,74.01000213623047,48894255
2023-09-27,74.0,74.9800033569336,73.12000274658203,74.8499984741211,53402070
2023-09-28,75.19000244140625,76.66999816894531,74.66999816894531,74.91000366210938,79975190
2023-09-29,75.38999938964844,75.91000366210938,74.5,75.25,47783295
2023-10-03,75.25,77.30000305175781,74.72000122070312,76.88999938964844,43315645
2023-10-04,76.66000366210938,76.66000366210938,74.08000183105469,74.63999938964844,53115860
2023-10-05,75.05000305175781,75.93000030517578,74.0999984741211,74.26000213623047,36566050
2023-10-06,74.69000244140625,76.19000244140625,74.19999694824219,75.05999755859375,34741410
2023-10-09,74.0,74.33000183105469,72.62000274658203,73.06999969482422,31218410
2023-10-10,73.62999725341797,74.61000061035156,73.52999877929688,74.5,24002555
2023-10-11,74.41000366210938,75.0,73.69999694824219,73.97000122070312,36355700
2023-10-12,74.27999877929688,74.76000213623047,73.58999633789062,73.86000061035156,18850570
2023-10-13,73.68000030517578,73.87000274658203,71.95999908447266,73.30999755859375,32407640
2023-10-16,73.19999694824219,74.95999908447266,73.0,74.2699966430664,31506305
2023-10-17,74.69999694824219,75.68000030517578,74.30000305175781,75.51000213623047,35506600
2023-10-18,75.33000183105469,75.66000366210938,74.05999755859375,74.37000274658203,18162470
2023-10-19,74.0,75.19000244140625,73.41999816894531,74.79000091552734,24142670
2023-10-20,74.38999938964844,74.9800033569336,73.0999984741211,73.86000061035156,38109775
2023-10-23,73.86000061035156,74.29000091552734,70.80000305175781,71.11000061035156,47485035
2023-10-25,72.0,72.16999816894531,69.83000183105469,70.75,31390525
2023-10-26,70.19000244140625,72.27999877929688,68.41999816894531,71.87000274658203,61186460
2023-10-27,72.33999633789062,77.55999755859375,72.23999786376953,76.16000366210938,136009790
2023-10-30,76.4000015258789,77.19000244140625,75.5999984741211,76.5199966430664,38097645
2023-10-31,76.76000213623047,78.12999725341797,76.62000274658203,76.87000274658203,49438935
2023-11-01,76.86000061035156,77.18000030517578,76.0,76.66000366210938,32192280
2023-11-02,77.38999938964844,78.37000274658203,76.9000015258789,77.62999725341797,31461020
2023-11-03,78.19000244140625,78.55999755859375,77.4000015258789,77.5,25160335
2023-11-06,77.80000305175781,78.22000122070312,76.68000030517578,76.9800033569336,21697560
2023-11-07,77.0,78.02999877929688,76.5,77.51000213623047,23755220
2023-11-08,77.80000305175781,78.16000366210938,76.87999725341797,77.0,22322510
2023-11-09,77.19999694824219,77.83999633789062,76.66000366210938,76.80000305175781,25663990
2023-11-10,76.5999984741211,77.63999938964844,76.19999694824219,77.4800033569336,16067395
2023-11-13,77.62999725341797,81.12999725341797,77.38999938964844,80.88999938964844,61933460
2023-11-15,81.5999984741211,82.19999694824219,81.2300033569336,81.4800033569336,34318120
2023-11-16,81.5999984741211,81.93000030517578,80.80999755859375,81.19000244140625,17498810
2023-11-17,79.80000305175781,80.94000244140625,79.01000213623047,79.55999755859375,38988760
2023-11-20,79.87999725341797,80.98999786376953,79.41999816894531,79.83000183105469,22057440
2023-11-21,80.02999877929688,80.56999969482422,78.81999969482422,79.44000244140625,19851960
2023-11-22,79.58999633789062,80.23999786376953,78.36000061035156,78.93000030517578,15692850
2023-11-23,79.16000366210938,79.44999694824219,78.5199966430664,78.6500015258789,12982570
2023-11-24,78.87999725341797,79.16000366210938,77.80000305175781,77.95999908447266,13076900
2023-11-28,78.0,79.9000015258789,78.0,79.22000122070312,23130565
2023-11-29,79.7699966430664,80.94000244140625,79.41999816894531,80.55000305175781,27494830
2023-11-30,80.4000015258789,81.27999877929688,80.04000091552734,80.61000061035156,39491645
2023-12-01,81.0999984741211,83.80999755859375,81.0,82.05999755859375,49701145
2023-12-04,83.9000015258789,85.80000305175781,83.70999908447266,85.38999938964844,55340260
2023-12-05,85.58999633789062,87.4800033569336,85.16999816894531,86.91000366210938,48484695
2023-12-06,86.91000366210938,88.26000213623047,85.73999786376953,87.48999786376953,39209200
2023-12-07,87.29000091552734,87.83000183105469,85.97000122070312,87.12000274658203,28704895
2023-12-08,87.31999969482422,88.19999694824219,86.05000305175781,87.70999908447266,40078965
2023-12-11,88.0,89.9000015258789,87.66999816894531,89.33999633789062,35171875
2023-12-12,89.68000030517578,89.91000366210938,88.44000244140625,88.91000366210938,25567405
2023-12-13,89.19999694824219,90.54000091552734,88.9000015258789,89.8499984741211,33012275
2023-12-14,90.69999694824219,90.94000244140625,89.4000015258789,89.63999938964844,21803925
2023-12-15,90.19999694824219,90.56999969482422,88.22000122070312,89.83000183105469,55247630
2023-12-18,89.83999633789062,90.19000244140625,88.1500015258789,88.36000061035156,31513035
2023-12-19,88.79000091552734,89.9800033569336,87.86000061035156,89.19000244140625,34764590
2023-12-20,89.69000244140625,90.05999755859375,84.80000305175781,85.19000244140625,39043010
2023-12-21,84.5999984741211,86.58999633789062,82.69000244140625,86.38999938964844,38760745
2023-12-22,87.0,87.08999633789062,84.62000274658203,85.20999908447266,27348250
2023-12-26,85.5999984741211,86.12000274658203,84.91999816894531,85.08000183105469,17491435
2023-12-27,85.37999725341797,87.05000305175781,85.30000305175781,86.5,26349440
2023-12-28,88.19999694824219,89.33999633789062,87.87999725341797,88.22000122070312,71150080
2023-12-29,88.4000015258789,88.4000015258789,87.19000244140625,87.5,20864775
2024-01-01,88.0999984741211,89.18000030517578,87.5999984741211,88.4800033569336,21701345
2024-01-02,88.37000274658203,90.0999984741211,88.04000091552734,88.79000091552734,33168170
2024-01-03,90.0,92.55000305175781,88.87000274658203,91.6500015258789,97005400
2024-01-04,92.45999908447266,93.36000061035156,91.4000015258789,93.05999755859375,43984105
2024-01-05,93.5999984741211,93.8499984741211,91.16999816894531,92.38999938964844,34552380
2024-01-08,92.30000305175781,92.5999984741211,89.83000183105469,90.0999984741211,29005830
2024-01-09,90.77999877929688,91.80000305175781,89.83999633789062,90.08000183105469,28163540
2024-01-10,90.22000122070312,90.5,88.61000061035156,89.75,26641065
2024-01-11,90.27999877929688,91.54000091552734,90.05000305175781,90.9000015258789,21747555
2024-01-12,91.19999694824219,93.19999694824219,90.58000183105469,92.44999694824219,45209325
2024-01-15,93.1500015258789,93.66999816894531,92.4800033569336,93.08000183105469,17352745
2024-01-16,92.93000030517578,94.2699966430664,92.23999786376953,92.98999786376953,26041455
2024-01-17,91.20999908447266,93.19999694824219,90.5199966430664,91.36000061035156,33668370
2024-01-18,91.16000366210938,92.0999984741211,88.30000305175781,91.6500015258789,34924420
2024-01-19,92.19999694824219,93.56999969482422,91.95999908447266,93.33000183105469,32255045
2024-01-23,96.4800033569336,96.9800033569336,90.05000305175781,91.18000030517578,67779560
2024-01-24,91.76000213623047,91.93000030517578,88.5999984741211,90.86000061035156,104038180
2024-01-25,91.0199966430664,93.88999938964844,90.68000030517578,93.05999755859375,61778805
2024-01-29,93.9800033569336,96.0,93.62000274658203,94.91000366210938,44012445
2024-01-30,95.0199966430664,96.95999908447266,94.41000366210938,95.47000122070312,30096690
2024-01-31,95.70999908447266,97.0,94.37000274658203,96.4000015258789,33216415
2024-02-01,96.5999984741211,101.0,95.87000274658203,100.30000305175781,77435540
2024-02-02,101.4000015258789,104.45999908447266,101.30000305175781,102.87000274658203,70094345
2024-02-05,103.73999786376953,105.48999786376953,102.29000091552734,104.05000305175781,41140860
2024-02-06,104.38999938964844,104.56999969482422,102.87000274658203,104.29000091552734,25722875
2024-02-07,106.22000122070312,112.0999984741211,106.0,110.43000030517578,93641330
2024-02-08,113.0,115.9800033569336,111.41000366210938,113.8499984741211,116284190
2024-02-09,114.5999984741211,115.19999694824219,109.6500015258789,114.19999694824219,76345650
2024-02-12,114.80000305175781,115.0,108.27999877929688,109.1500015258789,51213620
2024-02-13,109.5999984741211,110.94999694824219,106.91999816894531,110.44000244140625,44616500
2024-02-14,109.0,113.79000091552734,108.5999984741211,113.29000091552734,41070590
2024-02-15,113.80999755859375,118.94000244140625,113.5199966430664,117.41000366210938,80202835
2024-02-16,117.62000274658203,117.95999908447266,115.26000213623047,117.16999816894531,45188595
2024-02-19,117.45999908447266,117.58999633789062,114.02999877929688,114.56999969482422,30254305
2024-02-20,114.30000305175781,114.56999969482422,113.44000244140625,113.80000305175781,23257800
2024-02-21,113.9000015258789,116.55000305175781,112.80999755859375,113.47000122070312,56105005
2024-02-22,114.5999984741211,116.94000244140625,112.69000244140625,116.44000244140625,40230970
2024-02-23,117.0,119.76000213623047,115.62999725341797,116.08999633789062,82259680
2024-02-26,116.80000305175781,116.80000305175781,114.0,114.6500015258789,40534550
2024-02-27,115.86000061035156,116.86000061035156,113.45999908447266,114.37999725341797,53513285
2024-02-28,114.9000015258789,114.94999694824219,109.52999877929688,110.08999633789062,62807585
2024-02-29,110.20999908447266,113.58999633789062,108.8499984741211,112.88999938964844,48528555
2024-03-01,114.0,115.87999725341797,113.5999984741211,115.7300033569336,36848925
2024-03-04,117.76000213623047,118.88999938964844,116.80000305175781,118.37999725341797,34505780
2024-03-05,118.16000366210938,120.80000305175781,117.62000274658203,120.48999786376953,55574805
2024-03-06,120.80000305175781,121.26000213623047,117.0199966430664,120.0,44320730
2024-03-07,120.0199966430664,121.0999984741211,118.80000305175781,119.58999633789062,29660555
2024-03-11,119.58999633789062,120.4800033569336,116.83999633789062,117.25,31771280
2024-03-12,117.25,117.81999969482422,113.0,113.37999725341797,43186065
2024-03-13,113.80999755859375,114.33000183105469,105.88999938964844,107.29000091552734,61035900
2024-03-14,106.80000305175781,110.93000030517578,105.81999969482422,109.4000015258789,46018095
2024-03-15,109.4000015258789,110.80000305175781,105.94999694824219,109.83000183105469,47635625
2024-03-18,110.0,111.19999694824219,109.0199966430664,110.61000061035156,25027215
2024-03-19,110.54000091552734,111.16000366210938,109.2300033569336,109.68000030517578,21355995
2024-03-20,109.9800033569336,110.87000274658203,107.11000061035156,110.20999908447266,30262105
2024-03-21,112.0,113.69999694824219,111.5999984741211,112.77999877929688,27814235
2024-03-22,112.77999877929688,115.5,112.69000244140625,114.62999725341797,29115490
2024-03-26,114.38999938964844,114.93000030517578,113.45999908447266,114.37000274658203,24848115
2024-03-27,114.37000274658203,114.94000244140625,112.47000122070312,112.8499984741211,22051135
2024-03-28,113.62999725341797,117.55999755859375,113.62000274658203,116.20999908447266,51789135
2024-04-01,117.08999633789062,118.06999969482422,116.66000366210938,117.80999755859375,19686100
2024-04-02,117.77999877929688,119.04000091552734,117.52999877929688,118.94000244140625,18757320
2024-04-03,118.5999984741211,122.36000061035156,118.0,121.38999938964844,43724155
2024-04-04,122.94000244140625,122.94999694824219,120.45999908447266,121.4800033569336,38719345
2024-04-05,121.87999725341797,123.76000213623047,121.26000213623047,123.0,40105775
2024-04-08,123.79000091552734,123.79000091552734,121.41999816894531,122.48999786376953,19005745
2024-04-09,122.80000305175781,123.16999816894531,120.73999786376953,121.62999725341797,18031285
2024-04-10,121.93000030517578,123.30000305175781,121.5199966430664,122.58000183105469,23270245
2024-04-12,121.70999908447266,123.33999633789062,120.9800033569336,121.16999816894531,23474690
2024-04-15,119.5999984741211,121.19000244140625,117.51000213623047,118.62000274658203,30203555
2024-04-16,117.5999984741211,119.0999984741211,116.04000091552734,116.80999755859375,31644765
2024-04-18,117.77999877929688,118.97000122070312,116.26000213623047,116.69000244140625,25803295
2024-04-19,115.0,116.87999725341797,112.54000091552734,115.75,47342605
2024-04-22,117.01000213623047,120.36000061035156,116.88999938964844,119.95999908447266,52446075
2024-04-23,121.01000213623047,121.16000366210938,119.83999633789062,120.31999969482422,26919135
2024-04-24,120.80999755859375,121.08999633789062,119.19999694824219,119.38999938964844,24646005
2024-04-25,119.18000030517578,124.19000244140625,119.0199966430664,123.37000274658203,57499790
2024-04-26,123.44999694824219,124.87999725341797,122.81999969482422,123.5199966430664,29797195
2024-04-29,124.48999786376953,124.94999694824219,122.83999633789062,124.16999816894531,39740260
2024-04-30,124.9000015258789,125.94000244140625,123.80999755859375,124.38999938964844,40666775
2024-05-02,124.7699966430664,126.19999694824219,124.61000061035156,125.72000122070312,21606080
2024-05-03,126.58000183105469,126.58000183105469,123.80000305175781,125.12999725341797,19884865
2024-05-06,125.43000030517578,125.79000091552734,117.66000366210938,118.36000061035156,65295460
2024-05-07,119.06999969482422,119.3499984741211,114.4000015258789,115.3499984741211,43276005
2024-05-08,115.94000244140625,119.69999694824219,110.80999755859375,111.54000091552734,114364700
2024-05-09,112.5999984741211,113.5999984741211,108.4000015258789,109.0999984741211,65605805
2024-05-10,110.0,111.44000244140625,108.13999938964844,109.62999725341797,38864845
2024-05-13,110.4000015258789,111.0,106.4000015258789,109.87000274658203,52494105
2024-05-14,111.08000183105469,113.80000305175781,110.70999908447266,113.30999755859375,46097330
2024-05-15,116.25,119.5999984741211,116.0,119.0,58148316
2024-05-16,120.3499984741211,120.3499984741211,111.80000305175781,113.69999694824219,83518740
2024-05-17,114.94999694824219,115.19999694824219,113.19999694824219,113.80000305175781,39194579
2024-05-21,115.4000015258789,116.80000305175781,113.5999984741211,116.19999694824219,35545169
2024-05-22,116.9000015258789,116.9000015258789,114.9000015258789,116.0,32841192
2024-05-23,116.9000015258789,118.6500015258789,116.5,117.69999694824219,35478278
2024-05-24,118.19999694824219,118.75,116.9000015258789,117.19999694824219,29084908
2024-05-27,118.0,118.19999694824219,115.69999694824219,117.0,34617257
2024-05-28,117.69999694824219,118.75,115.25,115.94999694824219,30239355
2024-05-29,116.4000015258789,118.44999694824219,115.5,116.55000305175781,39784811
2024-05-30,116.69999694824219,117.55000305175781,114.75,115.05000305175781,34512065
2024-05-31,116.5,119.3499984741211,114.4000015258789,118.0,285607552
2024-06-03,124.80000305175781,128.89999389648438,122.44999694824219,128.25,93777898
2024-06-04,127.80000305175781,127.80000305175781,96.19999694824219,109.8499984741211,200212291
2024-06-05,115.19999694824219,116.30000305175781,104.69999694824219,115.19999694824219,105580249
2024-06-06,117.5999984741211,120.5999984741211,116.5,118.0,52416611
2024-06-07,119.44999694824219,119.5999984741211,118.0,118.9000015258789,40419251
2024-06-10,120.0,122.69999694824219,120.0,121.02999877929688,43824793
2024-06-11,121.5,123.08999633789062,120.75,121.2300033569336,37514599
2024-06-12,122.0,123.5,121.5,122.79000091552734,39113054
2024-06-13,124.51000213623047,125.0,121.4000015258789,121.91999816894531,62531469
2024-06-14,120.0,120.98999786376953,119.30000305175781,120.80999755859375,32576803
2024-06-18,121.8499984741211,122.5,121.31999969482422,121.87999725341797,33945927
2024-06-19,121.88999938964844,122.8499984741211,120.61000061035156,121.16000366210938,45620625
2024-06-20,121.5,122.19999694824219,120.93000030517578,121.19999694824219,19050406
2024-06-21,121.30000305175781,121.79000091552734,118.5,119.12000274658203,32273022
2024-06-24,118.0,121.56999969482422,116.20999908447266,118.2699966430664,44230331
2024-06-25,119.23999786376953,119.73999786376953,116.8499984741211,118.05000305175781,36965833
2024-06-26,117.94999694824219,119.37000274658203,117.20999908447266,118.69000244140625,21602758
2024-06-27,118.18000030517578,119.4000015258789,116.83999633789062,118.11000061035156,28134054
2024-06-28,118.25,121.88999938964844,118.25,119.47000122070312,43712892
2024-07-01,119.3499984741211,120.19000244140625,117.9000015258789,118.36000061035156,20506793
2024-07-02,118.80000305175781,118.9800033569336,115.5,116.25,23399374
2024-07-03,117.0999984741211,117.98999786376953,116.5,117.05000305175781,16011335
2024-07-04,117.69999694824219,118.0,116.3499984741211,117.2699966430664,20110432
2024-07-05,117.0,117.9800033569336,116.5199966430664,117.76000213623047,20103764
2024-07-08,117.5,118.08000183105469,114.66000366210938,114.88999938964844,34032815
2024-07-09,115.0,117.25,114.9000015258789,116.0,32861024
2024-07-10,116.25,116.25,112.9000015258789,114.76000213623047,22991042
2024-07-11,115.30000305175781,115.44999694824219,113.80000305175781,114.1500015258789,13553009
2024-07-12,114.7300033569336,114.80000305175781,112.30000305175781,112.72000122070312,22397084
2024-07-15,113.25,117.55000305175781,112.4000015258789,117.25,49372062
2024-07-16,117.5999984741211,118.11000061035156,115.5999984741211,116.04000091552734,34514206
2024-07-18,116.04000091552734,117.58999633789062,114.7300033569336,115.7699966430664,24517941
2024-07-19,115.80000305175781,116.80000305175781,112.33000183105469,112.88999938964844,33377806
2024-07-22,112.80000305175781,115.48999786376953,111.02999877929688,114.76000213623047,21519135
2024-07-23,115.4000015258789,115.4000015258789,109.0,112.86000061035156,26483458
2024-07-24,112.98999786376953,113.9000015258789,111.54000091552734,112.45999908447266,24622269
2024-07-25,111.80000305175781,113.8499984741211,109.25,111.88999938964844,76948576
2024-07-26,112.48999786376953,114.4000015258789,111.0,113.86000061035156,54279930
2024-07-29,115.19999694824219,117.81999969482422,115.01000213623047,115.91000366210938,51072326
2024-07-30,115.91000366210938,116.44999694824219,115.12000274658203,115.7699966430664,17664352
2024-07-31,116.0,116.19000244140625,114.26000213623047,114.70999908447266,16689282
2024-08-01,115.5,115.5999984741211,112.05000305175781,112.69000244140625,25958910
2024-08-02,112.0,112.0,110.05000305175781,110.48999786376953,27944377
2024-08-05,108.44000244140625,108.44000244140625,104.04000091552734,105.26000213623047,57645213
2024-08-06,106.75,108.18000030517578,104.80000305175781,105.02999877929688,18760783
2024-08-07,106.5999984741211,108.55999755859375,105.44999694824219,108.22000122070312,24292529
2024-08-08,108.0,108.55999755859375,106.5,107.1500015258789,17399682
2024-08-09,108.0,112.54000091552734,107.6500015258789,110.6500015258789,29858732
2024-08-12,109.9000015258789,110.76000213623047,108.4000015258789,109.55000305175781,22238178
2024-08-13,109.0,110.13999938964844,106.25,106.69000244140625,19954825
2024-08-14,106.75,107.05999755859375,105.5,105.6500015258789,13061546
2024-08-16,108.0,108.41000366210938,106.5199966430664,107.62000274658203,30254042
2024-08-19,108.30000305175781,111.25,108.08000183105469,109.9000015258789,27792179
2024-08-20,110.30000305175781,111.95999908447266,109.5999984741211,111.36000061035156,24247603
2024-08-21,111.36000061035156,111.9000015258789,110.66999816894531,111.62999725341797,15379494
2024-08-22,112.0,112.66000366210938,111.80999755859375,112.33000183105469,13967447
2024-08-23,112.5999984741211,112.98999786376953,111.80999755859375,112.0999984741211,13224117
2024-08-26,113.16000366210938,113.19000244140625,111.16999816894531,111.41000366210938,15658016
2024-08-27,111.41000366210938,112.0199966430664,110.5,110.8499984741211,12098332
2024-08-28,111.0999984741211,111.19999694824219,109.81999969482422,110.2300033569336,11686742
2024-08-29,110.2300033569336,110.75,108.8499984741211,110.27999877929688,13192113
2024-08-30,110.55000305175781,112.4000015258789,110.54000091552734,111.52999877929688,21379047
2024-09-02,111.86000061035156,113.3499984741211,110.01000213623047,112.7699966430664,28495435
2024-09-03,113.0999984741211,113.45999908447266,111.19999694824219,111.41999816894531,16764307
2024-09-04,108.05000305175781,109.6500015258789,107.9000015258789,108.5999984741211,28544684
2024-09-05,109.3499984741211,109.3499984741211,107.75,108.19999694824219,28593475
2024-09-06,108.0,108.0,102.94999694824219,103.37999725341797,60221990
2024-09-09,103.5999984741211,104.33999633789062,100.69000244140625,104.0199966430664,45565580
2024-09-10,104.80000305175781,104.9000015258789,103.44000244140625,103.61000061035156,22295664
2024-09-11,103.61000061035156,104.0999984741211,101.0999984741211,101.75,20777048
2024-09-12,102.69999694824219,104.30000305175781,101.91999816894531,103.98999786376953,23673743
2024-09-13,104.44999694824219,107.25,104.0999984741211,106.38999938964844,30088081
2024-09-16,106.9000015258789,108.18000030517578,106.44999694824219,106.69000244140625,18598510
2024-09-17,106.72000122070312,106.77999877929688,105.33999633789062,105.54000091552734,10915215
2024-09-18,105.0999984741211,106.58999633789062,105.01000213623047,105.44999694824219,17234512
2024-09-19,106.0,106.8499984741211,102.72000122070312,104.70999908447266,19006150
2024-09-20,105.11000061035156,106.30000305175781,104.69999694824219,104.95999908447266,20245750
2024-09-23,105.80000305175781,109.80000305175781,105.05000305175781,109.30000305175781,44004939
2024-09-24,109.30000305175781,110.5,108.6500015258789,109.29000091552734,28379404
2024-09-25,108.91999816894531,109.3499984741211,107.30000305175781,108.4000015258789,16444233
2024-09-26,108.75,110.69999694824219,107.19999694824219,110.16999816894531,33028089
2024-09-27,110.72000122070312,113.30000305175781,110.05999755859375,113.0999984741211,118637751
2024-09-30,113.0,113.5,110.80999755859375,111.33000183105469,20409076
2024-10-01,111.05000305175781,112.45999908447266,109.9800033569336,110.48999786376953,17636415
2024-10-03,108.0,110.48999786376953,107.19999694824219,107.95999908447266,26156379
2024-10-04,108.0,110.3499984741211,106.51000213623047,107.62000274658203,22926805
2024-10-07,108.23999786376953,109.05000305175781,102.33999633789062,103.48999786376953,39225162
2024-10-08,103.69999694824219,105.30000305175781,102.69999694824219,104.94999694824219,16673844
2024-10-09,105.94999694824219,106.30000305175781,103.52999877929688,104.4000015258789,28593344
2024-10-10,105.12000274658203,106.58999633789062,103.9000015258789,104.12999725341797,12428432
2024-10-11,104.5999984741211,104.75,103.6500015258789,104.05999755859375,11563438
2024-10-14,104.5,105.44000244140625,103.93000030517578,104.48999786376953,11440300
2024-10-15,105.0,105.30000305175781,104.0,104.43000030517578,8407143
2024-10-16,104.43000030517578,104.91999816894531,103.62000274658203,104.37000274658203,11037275
2024-10-17,104.61000061035156,104.94000244140625,102.20999908447266,102.5,14889333
2024-10-18,102.0999984741211,104.98999786376953,100.7699966430664,104.66999816894531,19968661
2024-10-21,104.9000015258789,105.5999984741211,102.69999694824219,102.86000061035156,13874672
2024-10-22,102.86000061035156,102.86000061035156,96.30999755859375,96.79000091552734,30808126
2024-10-23,97.0,98.44999694824219,94.44000244140625,97.69000244140625,31433274
2024-10-24,98.0,99.6500015258789,97.5199966430664,98.19000244140625,16182512
2024-10-25,98.44999694824219,99.18000030517578,92.9800033569336,94.23999786376953,30977098
2024-10-28,95.4000015258789,101.5,94.75,100.69000244140625,55924681
2024-10-29,101.5,104.13999938964844,99.80000305175781,103.76000213623047,55169329
2024-10-30,103.5,104.94999694824219,102.91999816894531,103.36000061035156,29812887
2024-10-31,103.0,104.1500015258789,102.1500015258789,102.6500015258789,15415779
2024-11-01,103.80000305175781,104.48999786376953,103.26000213623047,103.95999908447266,4211783
2024-11-04,104.5,104.5,99.5,101.91000366210938,32237064
2024-11-05,101.61000061035156,103.91999816894531,101.30000305175781,103.66999816894531,22694396
2024-11-06,104.9800033569336,106.0,103.45999908447266,105.25,30178638
2024-11-07,105.5,106.48999786376953,104.83000183105469,105.06999969482422,17438397
2024-11-08,105.04000091552734,105.0999984741211,103.18000030517578,103.69000244140625,19031613
2024-11-11,103.0,105.13999938964844,101.69999694824219,103.88999938964844,16982584
2024-11-12,104.1500015258789,104.80000305175781,101.12000274658203,101.5,14401385
2024-11-13,101.0,102.0,97.54000091552734,98.33000183105469,29270560
2024-11-14,99.0,100.45999908447266,97.22000122070312,97.48999786376953,17064169
2024-11-18,97.5,98.80000305175781,95.72000122070312,98.18000030517578,17115166
2024-11-19,99.2300033569336,101.2699966430664,97.0999984741211,97.80999755859375,21458767
2024-11-21,97.94999694824219,97.94999694824219,92.5199966430664,94.45999908447266,40836258
2024-11-22,95.08999633789062,97.77999877929688,94.94999694824219,97.01000213623047,26716825
2024-11-25,100.0,101.43000030517578,99.37999725341797,100.9800033569336,40537064
2024-11-26,101.4800033569336,102.56999969482422,100.5999984741211,101.79000091552734,16210652
2024-11-27,102.0,102.69999694824219,100.80000305175781,101.55999755859375,17400124
2024-11-28,102.55000305175781,103.41999816894531,101.86000061035156,102.9000015258789,21562794
2024-11-29,103.33999633789062,103.75,100.75,102.01000213623047,21218297
2024-12-02,101.69000244140625,102.19000244140625,101.1500015258789,101.70999908447266,17322174
2024-12-03,102.0,105.4000015258789,102.0,105.12000274658203,27016365
2024-12-04,105.9000015258789,109.44999694824219,105.56999969482422,108.62999725341797,53999025
2024-12-05,109.31999969482422,109.31999969482422,107.05000305175781,108.16999816894531,24991310
2024-12-06,110.0,110.80000305175781,107.72000122070312,109.31999969482422,59964689
2024-12-09,109.5999984741211,110.25,108.66000366210938,108.98999786376953,17122712
2024-12-10,109.51000213623047,110.19999694824219,108.76000213623047,109.68000030517578,19506335
2024-12-11,109.0999984741211,109.9800033569336,108.51000213623047,108.75,10634931
2024-12-12,108.11000061035156,108.75,107.3499984741211,107.5,10577584
2024-12-13,107.0,107.48999786376953,104.0,106.58000183105469,21008467
2024-12-16,106.5,108.41000366210938,106.43000030517578,107.33999633789062,13504751
2024-12-17,106.69000244140625,107.30000305175781,105.0,105.16000366210938,13726161
2024-12-18,104.43000030517578,105.0,102.80000305175781,103.19000244140625,18763147
2024-12-19,101.0,104.0199966430664,100.0,102.9000015258789,17354119
2024-12-20,102.55000305175781,103.29000091552734,99.37000274658203,99.61000061035156,19435112
2024-12-23,101.0999984741211,101.98999786376953,99.0999984741211,101.08000183105469,20493999
2024-12-24,100.98999786376953,101.44999694824219,99.80999755859375,100.55000305175781,15379038
2024-12-26,100.80000305175781,102.62999725341797,100.5,101.02999877929688,14937263
2024-12-27,101.02999877929688,101.87000274658203,100.19999694824219,100.36000061035156,7369762
2024-12-30,100.36000061035156,101.38999938964844,98.69999694824219,99.44000244140625,42398975
2024-12-31,99.05000305175781,100.4800033569336,99.01000213623047,100.12000274658203,12525017
2025-01-01,100.55000305175781,100.87000274658203,99.25,100.37999725341797,9259122
2025-01-02,100.37999725341797,101.33000183105469,99.4000015258789,101.0999984741211,15233832
2025-01-03,101.51000213623047,103.13999938964844,101.16000366210938,101.44999694824219,19285506
2025-01-06,101.44999694824219,101.7699966430664,96.91000366210938,97.33000183105469,28855272
2025-01-07,97.61000061035156,99.0,97.22000122070312,97.87000274658203,13157181
2025-01-08,97.9000015258789,98.44000244140625,96.0199966430664,97.13999938964844,17677192
2025-01-09,97.1500015258789,97.37999725341797,95.54000091552734,95.73999786376953,19527220
2025-01-10,95.80000305175781,96.0999984741211,92.6500015258789,92.83000183105469,26563443
2025-01-13,92.1500015258789,92.36000061035156,87.79000091552734,88.5199966430664,34247797
2025-01-14,89.47000122070312,94.08000183105469,89.20999908447266,93.22000122070312,26041305
2025-01-15,94.1500015258789,95.66999816894531,93.66999816894531,94.69000244140625,34474633
2025-01-16,96.05000305175781,98.26000213623047,96.05000305175781,97.33000183105469,34645885
2025-01-17,96.95999908447266,98.37000274658203,96.5,97.87999725341797,15548712
2025-01-20,98.11000061035156,102.0,97.61000061035156,101.04000091552734,29523421
2025-01-21,101.04000091552734,101.69000244140625,99.12000274658203,99.47000122070312,12354313
2025-01-22,99.4000015258789,99.58999633789062,95.72000122070312,97.81999969482422,17908580
2025-01-23,97.69999694824219,98.8499984741211,96.87999725341797,98.1500015258789,11470131
2025-01-24,98.1500015258789,98.68000030517578,96.41000366210938,96.75,12610574
2025-01-27,96.0,97.5999984741211,90.87999725341797,91.93000030517578,44804245
2025-01-28,93.69999694824219,95.0,90.31999969482422,91.81999969482422,42091874
2025-01-29,92.80000305175781,92.8499984741211,91.33000183105469,91.93000030517578,23565700
2025-01-30,92.4000015258789,92.4000015258789,90.5,90.91000366210938,26854992
2025-01-31,91.4000015258789,94.0,90.75,93.2699966430664,33477188
2025-02-01,93.5,94.29000091552734,91.05999755859375,92.62000274658203,16282476
2025-02-03,91.91000366210938,92.0199966430664,89.47000122070312,90.61000061035156,18359971
2025-02-04,91.5,93.1500015258789,91.3499984741211,92.83999633789062,18833599
2025-02-05,93.69999694824219,96.9000015258789,93.55000305175781,95.83000183105469,28988222
2025-02-06,96.18000030517578,96.44999694824219,94.26000213623047,94.86000061035156,17662066
2025-02-07,94.98999786376953,96.05000305175781,93.06999969482422,94.05999755859375,18697525
2025-02-10,94.05999755859375,94.44999694824219,91.86000061035156,93.16999816894531,11919454
2025-02-11,93.4000015258789,93.48999786376953,90.0,90.08999633789062,23695177
2025-02-12,90.0,91.43000030517578,87.41000366210938,90.54000091552734,21437438
2025-02-13,91.0,91.45999908447266,88.19999694824219,88.72000122070312,27030641
2025-02-14,89.1500015258789,89.25,84.72000122070312,85.62000274658203,29190700
2025-02-17,85.61000061035156,85.61000061035156,83.5199966430664,85.08999633789062,23885790
2025-02-18,85.48999786376953,85.88999938964844,83.5199966430664,84.6500015258789,21927534
2025-02-19,84.0,85.94999694824219,83.75,85.55999755859375,27545822
2025-02-20,85.4000015258789,88.4000015258789,85.0,88.05999755859375,26398555
2025-02-21,87.5999984741211,89.25,86.73999786376953,87.33000183105469,18438389
2025-02-24,87.0,87.29000091552734,85.55000305175781,86.94999694824219,11551998
2025-02-25,86.9000015258789,87.75,84.9000015258789,85.0199966430664,13249250
2025-02-27,85.02999877929688,85.58000183105469,83.01000213623047,83.45999908447266,25101806
2025-02-28,82.80000305175781,82.80000305175781,80.25,80.9000015258789,36424489
2025-03-03,81.25,82.0,78.5999984741211,81.41999816894531,30406353
2025-03-04,80.44999694824219,82.98999786376953,79.69999694824219,81.94000244140625,25682844
2025-03-05,82.3499984741211,85.1500015258789,82.13999938964844,85.0199966430664,17408359
2025-03-06,86.0,86.7699966430664,85.11000061035156,85.3499984741211,19427907
2025-03-07,85.5,85.94999694824219,84.44999694824219,85.0199966430664,12988687
2025-03-10,85.0,85.43000030517578,82.20999908447266,82.48999786376953,14634696
2025-03-11,81.4000015258789,83.6500015258789,81.4000015258789,83.27999877929688,21742642
2025-03-12,83.30000305175781,84.0999984741211,81.55000305175781,82.45999908447266,14726763
2025-03-13,82.72000122070312,83.4800033569336,82.16000366210938,82.9000015258789,25685980
2025-03-17,83.30000305175781,83.45999908447266,82.16999816894531,82.48999786376953,13115634
2025-03-18,82.48999786376953,82.48999786376953,82.48999786376953,82.48999786376953,0
2025-03-19,84.0199966430664,85.8499984741211,84.0199966430664,85.56999969482422,22116696
2025-03-20,85.98999786376953,86.68000030517578,85.3499984741211,85.83999633789062,17359824
2025-03-21,86.0,88.25,85.5,87.54000091552734,26691971
2025-03-24,88.5,91.5999984741211,88.19999694824219,91.31999969482422,36771697
2025-03-25,92.19999694824219,92.25,88.05000305175781,88.45999908447266,23478508
2025-03-26,88.30000305175781,89.31999969482422,87.0,87.23999786376953,21455219
2025-03-27,87.0999984741211,90.0,86.80000305175781,89.6500015258789,58399584
2025-03-28,89.6500015258789,91.18000030517578,88.66000366210938,89.0,30188247
2025-04-01,88.52999877929688,90.68000030517578,88.0999984741211,90.0,14596862
2025-04-02,90.5,91.33000183105469,88.5,91.0999984741211,18479410
2025-04-03,90.0,95.19000244140625,89.75,94.37999725341797,38514763
2025-04-04,94.41000366210938,94.80000305175781,89.69999694824219,90.38999938964844,33552098
2025-04-07,83.69999694824219,87.91999816894531,83.69999694824219,87.0999984741211,29326338
2025-04-08,89.0,89.83999633789062,87.5999984741211,89.43000030517578,21516232
2025-04-09,89.66000366210938,90.19999694824219,87.1500015258789,88.41999816894531,21829542
2025-04-11,89.94999694824219,91.4000015258789,88.86000061035156,90.54000091552734,22091340
2025-04-15,92.83000183105469,92.94000244140625,91.27999877929688,92.69000244140625,31990152
2025-04-16,92.97000122070312,94.94000244140625,92.5,94.69999694824219,27215945
2025-04-17,94.9800033569336,96.5999984741211,94.5999984741211,96.0199966430664,31763625
2025-04-21,96.80000305175781,99.48999786376953,96.5,99.0,27799862
2025-04-22,100.11000061035156,102.62999725341797,99.30000305175781,100.66000366210938,49276193
2025-04-23,101.1500015258789,101.30000305175781,97.54000091552734,99.44999694824219,41477808
2025-04-24,99.5,100.30000305175781,99.0,99.38999938964844,27747894
2025-04-25,99.4000015258789,99.70999908447266,96.0199966430664,96.52999877929688,41413435
2025-04-28,96.26000213623047,99.0,95.87000274658203,98.44999694824219,28301422
2025-04-29,99.25,101.38999938964844,98.80000305175781,99.33000183105469,47026479
2025-04-30,99.0,99.0,96.94999694824219,97.44999694824219,23757351
2025-05-02,97.5,98.97000122070312,96.44999694824219,96.66000366210938,12615367
2025-05-05,97.0,97.73999786376953,96.6500015258789,97.16000366210938,13789187
2025-05-06,97.5,97.94000244140625,91.88999938964844,92.37999725341797,27373024
2025-05-07,91.0,94.33000183105469,90.94999694824219,93.66999816894531,25189656
2025-05-08,94.38999938964844,98.16999816894531,92.93000030517578,95.37000274658203,78481304
2025-05-09,94.01000213623047,98.44000244140625,93.87000274658203,97.63999938964844,41029403
2025-05-12,100.5,101.44999694824219,99.8499984741211,100.86000061035156,49391352
2025-05-13,101.19999694824219,105.56999969482422,100.81999969482422,104.77999877929688,59518073
2025-05-14,105.5999984741211,106.56999969482422,104.54000091552734,105.66999816894531,46744208
2025-05-15,106.0999984741211,106.25,104.41999816894531,105.16000366210938,22577353
2025-05-16,105.5,108.58999633789062,105.5,107.76000213623047,33164805
2025-05-19,108.69999694824219,109.5,107.76000213623047,107.95999908447266,26144154
2025-05-20,108.87999725341797,109.05000305175781,106.56999969482422,107.04000091552734,24579486
2025-05-21,107.0,108.0,106.01000213623047,107.83999633789062,20965817
2025-05-22,107.5,108.4800033569336,105.81999969482422,106.83999633789062,18266891
2025-05-23,107.1500015258789,107.98999786376953,106.41000366210938,107.20999908447266,16155459
2025-05-26,107.4000015258789,108.19000244140625,106.61000061035156,107.4800033569336,17383646
2025-05-27,107.37999725341797,108.58999633789062,106.5999984741211,108.43000030517578,19199151
2025-05-28,108.5199966430664,111.4800033569336,108.4800033569336,110.94000244140625,29822557
2025-05-29,111.9000015258789,112.01000213623047,109.91999816894531,110.7300033569336,29174369
2025-05-30,111.12000274658203,115.31999969482422,109.30000305175781,114.76000213623047,70759040
2025-06-02,114.76000213623047,117.4000015258789,114.30000305175781,116.83999633789062,47869167
2025-06-03,117.98999786376953,117.98999786376953,114.93000030517578,115.91000366210938,29821086
2025-06-04,116.25,117.73999786376953,114.83000183105469,117.31999969482422,20540175
2025-06-05,117.0,117.6500015258789,116.05000305175781,116.37999725341797,13566294
2025-06-06,116.87999725341797,118.0999984741211,114.05000305175781,115.70999908447266,49884802
2025-06-09,116.9000015258789,119.30000305175781,116.55000305175781,117.69000244140625,34703106
2025-06-10,118.4000015258789,118.44999694824219,117.1500015258789,117.76000213623047,32755500
2025-06-11,119.0,119.0,115.80000305175781,117.08999633789062,41718080
2025-06-12,117.69999694824219,117.79000091552734,115.0999984741211,115.63999938964844,33242141
2025-06-13,108.48999786376953,111.7699966430664,107.5199966430664,111.45999908447266,32522564
2025-06-16,110.44999694824219,111.75,109.5,111.23999786376953,24551800
2025-06-17,111.30000305175781,112.0999984741211,109.0,109.2300033569336,14822292
2025-06-18,109.2300033569336,109.8499984741211,107.94000244140625,108.22000122070312,11798762
2025-06-19,108.19999694824219,108.5,104.5999984741211,104.88999938964844,25631663
2025-06-20,104.88999938964844,108.19000244140625,104.8499984741211,107.22000122070312,23310134
2025-06-23,106.0,108.33000183105469,105.9800033569336,107.81999969482422,13114898
2025-06-24,109.5999984741211,111.44000244140625,109.30999755859375,110.61000061035156,25341633
2025-06-25,110.8499984741211,111.5,110.3499984741211,110.70999908447266,19878446
2025-06-26,110.94999694824219,111.44999694824219,108.69999694824219,111.06999969482422,21835265
2025-06-27,111.48999786376953,113.0,110.66999816894531,110.9800033569336,34489264
2025-06-30,111.55999755859375,114.61000061035156,111.47000122070312,114.19999694824219,34766391
2025-07-01,114.44999694824219,116.0,112.62000274658203,115.41999816894531,30511659
2025-07-02,114.69999694824219,115.86000061035156,113.41999816894531,114.2300033569336,20734163
2025-07-03,114.80000305175781,115.0,113.6500015258789,114.16000366210938,13257229
2025-07-04,113.55999755859375,115.0999984741211,113.55999755859375,114.37000274658203,10569354
2025-07-07,114.37000274658203,115.80000305175781,114.0999984741211,114.30999755859375,15821152
2025-07-08,114.30999755859375,114.5,112.88999938964844,113.73999786376953,12740671
2025-07-09,113.5999984741211,114.44999694824219,113.4000015258789,113.95999908447266,13519733
2025-07-10,113.94999694824219,114.5,111.69999694824219,112.38999938964844,16076230
2025-07-11,112.37999725341797,113.48999786376953,111.20999908447266,111.91999816894531,13374647
2025-07-14,111.98999786376953,115.30000305175781,111.9000015258789,113.66999816894531,27221603
2025-07-15,113.79000091552734,115.80000305175781,113.62999725341797,114.87000274658203,25377145
2025-07-16,114.8499984741211,117.3499984741211,114.61000061035156,117.02999877929688,40471492
2025-07-17,117.5,117.5,114.91000366210938,115.52999877929688,15765452
2025-07-18,115.5,116.0999984741211,114.25,114.44999694824219,18085327
2025-07-21,114.66999816894531,114.69999694824219,111.4000015258789,112.02999877929688,23975731
2025-07-22,112.69000244140625,112.69999694824219,107.70999908447266,108.05000305175781,42331690
2025-07-23,108.05000305175781,108.33000183105469,106.30000305175781,107.80000305175781,38208234
2025-07-24,108.5,113.98999786376953,107.19999694824219,113.51000213623047,86127146
2025-07-25,113.86000061035156,115.69999694824219,110.5,110.76000213623047,41767665
2025-07-28,110.69999694824219,112.83999633789062,109.88999938964844,110.41000366210938,23234791
2025-07-29,110.01000213623047,111.38999938964844,109.52999877929688,110.08999633789062,32038885
2025-07-30,110.45999908447266,110.54000091552734,108.0999984741211,108.19999694824219,23534777
2025-07-31,107.05000305175781,108.36000061035156,106.0999984741211,107.25,48203474
2025-08-01,107.25,107.4000015258789,105.75,105.88999938964844,13286442
2025-08-04,106.0,107.94000244140625,106.0,107.75,21300202
2025-08-05,107.75,108.30000305175781,106.9000015258789,107.45999908447266,11549473
2025-08-06,107.98999786376953,110.0,106.11000061035156,108.7699966430664,40662042
2025-08-07,108.5,109.19000244140625,106.75,108.80000305175781,12014876
2025-08-08,108.80000305175781,109.0199966430664,107.54000091552734,107.88999938964844,14136544
2025-08-11,107.80000305175781,109.88999938964844,107.30000305175781,109.4800033569336,16773203
2025-08-12,109.69000244140625,110.25,109.04000091552734,109.55000305175781,10606131
2025-08-13,109.80000305175781,110.48999786376953,108.55000305175781,108.98999786376953,12096926
2025-08-14,109.5,109.87999725341797,108.62999725341797,109.26000213623047,10879799
2025-08-18,110.0,110.41999816894531,108.9000015258789,109.33999633789062,15704185
2025-08-19,109.5,111.9000015258789,109.05000305175781,111.66999816894531,20003557
2025-08-20,112.0,112.70999908447266,111.69999694824219,112.27999877929688,14596666
2025-08-21,112.69999694824219,113.0,110.9800033569336,111.06999969482422,13162672
2025-08-22,111.05999755859375,111.77999877929688,109.80000305175781,109.93000030517578,12854408
2025-08-25,110.0,110.9800033569336,108.51000213623047,108.81999969482422,16134641
2025-08-26,108.81999969482422,109.05999755859375,105.83000183105469,106.01000213623047,27014374
2025-08-28,106.05000305175781,106.48999786376953,104.5,104.62999725341797,14184569
2025-08-29,104.44000244140625,105.18000030517578,103.55000305175781,103.83000183105469,13999620
2025-09-01,104.0,105.26000213623047,104.0,105.13999938964844,9174103
2025-09-02,105.4000015258789,107.0,104.75,106.16000366210938,9179806
2025-09-03,106.44999694824219,108.4800033569336,106.11000061035156,108.33000183105469,12012180
2025-09-04,108.9000015258789,109.19999694824219,105.94000244140625,106.08000183105469,12953562
2025-09-05,106.30000305175781,107.62999725341797,105.61000061035156,107.13999938964844,8009273
2025-09-08,107.48999786376953,108.6500015258789,107.12000274658203,108.11000061035156,8138600
2025-09-09,108.11000061035156,108.80000305175781,107.36000061035156,108.04000091552734,7104394
2025-09-10,108.25,111.25,108.25,110.63999938964844,18306308
2025-09-11,111.06999969482422,113.4000015258789,110.63999938964844,112.06999969482422,18795548
2025-09-12,112.87999725341797,112.88999938964844,110.79000091552734,110.95999908447266,10893570
2025-09-15,111.48999786376953,113.0,111.20999908447266,112.51000213623047,9013604
2025-09-16,113.44999694824219,113.86000061035156,112.51000213623047,113.2300033569336,15104682
2025-09-17,113.44000244140625,116.38999938964844,113.01000213623047,116.25,34943043
2025-09-18,116.9000015258789,117.69999694824219,114.69999694824219,115.41000366210938,26965142
2025-09-19,115.69999694824219,118.4000015258789,115.55000305175781,117.76000213623047,46393129
2025-09-22,117.63999938964844,119.72000122070312,117.30000305175781,118.87000274658203,31509156
2025-09-23,118.7699966430664,122.08999633789062,116.93000030517578,121.9000015258789,44544453
2025-09-24,122.69999694824219,124.55000305175781,122.25,122.91000366210938,55162500
2025-09-25,122.9000015258789,123.33000183105469,121.20999908447266,121.44000244140625,30764727
2025-09-26,121.3499984741211,121.55000305175781,117.5,118.08000183105469,25531804
2025-09-29,118.58000183105469,121.4000015258789,118.26000213623047,120.4800033569336,28333195
2025-09-30,121.25,124.44999694824219,120.91999816894531,123.70999908447266,47473634
2025-10-01,124.30000305175781,124.5,121.16999816894531,123.76000213623047,38045288
2025-10-03,123.7699966430664,126.41999816894531,123.31999969482422,125.9000015258789,34668909
2025-10-06,126.0,127.94999694824219,125.87000274658203,126.76000213623047,27335116
2025-10-07,126.86000061035156,128.5,125.75,128.05999755859375,30539720
2025-10-08,128.5,128.5500030517578,124.69999694824219,126.04000091552734,38012061
2025-10-09,126.48999786376953,126.98999786376953,125.51000213623047,126.16999816894531,16981691
2025-10-10,126.5,128.60000610351562,126.3499984741211,127.38999938964844,23836453
2025-10-13,127.30000305175781,128.38999938964844,126.36000061035156,127.63999938964844,21132831
2025-10-14,127.3499984741211,127.80000305175781,124.5999984741211,125.22000122070312,19638720
2025-10-15,125.80000305175781,128.8000030517578,125.5999984741211,128.41000366210938,22108228
2025-10-16,128.99000549316406,130.13999938964844,127.19000244140625,127.37000274658203,20085575
2025-10-17,127.37000274658203,127.55000305175781,124.5999984741211,125.48999786376953,20351565
2025-10-20,126.19999694824219,129.4499969482422,126.11000061035156,127.58999633789062,27681896
2025-10-21,128.24000549316406,128.8000030517578,126.44999694824219,127.12000274658203,7993166
2025-10-23,127.5999984741211,127.87999725341797,125.81999969482422,126.23999786376953,34824359
2025-10-24,126.5,126.93000030517578,124.7300033569336,125.69999694824219,17014666
2025-10-27,126.25,129.97999572753906,125.7300033569336,129.1300048828125,30460506
2025-10-28,130.38999938964844,131.77000427246094,127.75,129.97999572753906,44849817
2025-10-29,129.8800048828125,130.39999389648438,128.3000030517578,128.77000427246094,37842782
2025-10-30,129.0,134.25,127.80000305175781,132.88999938964844,93428789
2025-10-31,131.38999938964844,138.60000610351562,131.1999969482422,136.99000549316406,80524287
2025-11-03,137.6699981689453,141.4499969482422,137.3000030517578,139.60000610351562,57720656
2025-11-04,139.6999969482422,140.69000244140625,138.5500030517578,139.60000610351562,34484844
2025-11-06,140.25,140.75,138.83999633789062,139.24000549316406,22293737
2025-11-07,138.6999969482422,141.41000366210938,136.57000732421875,140.6699981689453,27498022
2025-11-10,141.25,142.60000610351562,139.89999389648438,141.0399932861328,28309612
2025-11-11,140.60000610351562,141.38999938964844,137.9499969482422,140.8699951171875,21813910
2025-11-12,141.6999969482422,144.5399932861328,141.3699951171875,143.57000732421875,39711769
2025-11-13,143.5,145.0,143.0,143.4499969482422,27528003
2025-11-14,143.8800048828125,146.3800048828125,143.36000061035156,146.07000732421875,26463777
2025-11-17,146.60000610351562,150.32000732421875,146.27000427246094,149.1199951171875,44625403
2025-11-18,149.47999572753906,150.69000244140625,148.41000366210938,149.0,29594222
2025-11-19,149.1999969482422,150.8800048828125,147.7100067138672,150.3800048828125,26500324
2025-11-20,151.58999633789062,151.8000030517578,147.7100067138672,147.94000244140625,19144061
2025-11-21,147.30999755859375,148.14999389648438,144.9600067138672,145.77000427246094,22283701
2025-11-24,146.0,148.58999633789062,145.83999633789062,146.6699981689453,35398447
2025-11-25,146.66000366210938,149.3800048828125,145.3000030517578,148.69000244140625,24048863
2025-11-26,149.69000244140625,152.5,148.9199981689453,150.16000366210938,30511761
2025-11-27,150.89999389648438,152.0,149.85000610351562,151.75999450683594,20130369
2025-11-28,151.99000549316406,152.33999633789062,150.8300018310547,151.5800018310547,19414509
2025-12-01,152.0,153.67999267578125,149.60000610351562,150.5,17845829
2025-12-02,150.8800048828125,154.2100067138672,150.60000610351562,152.02999877929688,42353933
2025-12-03,152.8000030517578,152.9499969482422,145.02999877929688,146.0800018310547,43621493
2025-12-04,146.0800018310547,148.7899932861328,145.80999755859375,147.38999938964844,23552476
2025-12-05,147.69000244140625,149.4499969482422,146.69000244140625,148.63999938964844,23212483
2025-12-08,148.5,148.89999389648438,141.97000122070312,142.83999633789062,27695937
2025-12-09,142.5500030517578,146.49000549316406,141.11000061035156,146.19000244140625,30373958
2025-12-10,146.6999969482422,147.7899932861328,144.39999389648438,145.55999755859375,24139924
2025-12-11,145.6999969482422,147.99000549316406,145.25,146.8000030517578,19389862
2025-12-12,147.00999450683594,147.7899932861328,145.7100067138672,146.6300048828125,14181844
2025-12-15,146.11000061035156,148.89999389648438,146.0,148.2899932861328,16431186
2025-12-16,148.3000030517578,148.89999389648438,146.49000549316406,147.1699981689453,14586929
2025-12-17,147.0,150.77999877929688,146.91000366210938,150.2100067138672,26335842
2025-12-18,150.89999389648438,151.72000122070312,148.32000732421875,149.8300018310547,16158407
2025-12-19,150.10000610351562,150.97999572753906,147.27000427246094,148.5800018310547,26225514
2025-12-22,149.3000030517578,150.5,148.86000061035156,150.3000030517578,15647315
2025-12-23,150.85000610351562,151.25,149.61000061035156,150.22000122070312,16025851
2025-12-24,150.77000427246094,151.1699981689453,149.42999267578125,149.6699981689453,16461725
2025-12-26,149.8000030517578,150.85000610351562,148.9600067138672,150.07000732421875,12422858
2025-12-29,150.05999755859375,152.10000610351562,149.77000427246094,150.9199981689453,19512200
2025-12-30,150.5,154.5,149.1199951171875,154.02999877929688,76140412
2025-12-31,154.02999877929688,158.0,153.0,154.91000366210938,35538921
2026-01-01,155.0,156.27999877929688,153.5500030517578,154.24000549316406,18111681
2026-01-02,154.89999389648438,155.6699981689453,152.8000030517578,154.8699951171875,29236511
2026-01-05,155.5,157.60000610351562,153.52000427246094,154.22999572753906,19385780
2026-01-06,154.5,156.1199951171875,152.60000610351562,153.8800048828125,17196220
2026-01-07,154.10000610351562,156.38999938964844,151.7100067138672,152.9600067138672,22810626
2026-01-08,153.14999389648438,153.8000030517578,149.63999938964844,150.4600067138672,17324688
2026-01-09,150.39999389648438,152.89999389648438,149.2100067138672,150.5399932861328,18132919
2026-01-12,150.5500030517578,151.36000061035156,146.9600067138672,150.02000427246094,25793554
2026-01-13,150.99000549316406,151.58999633789062,149.24000549316406,150.86000061035156,13262673
2026-01-14,151.3000030517578,154.5500030517578,150.39999389648438,153.88999938964844,21735599
2026-01-15,153.88999938964844,153.88999938964844,153.88999938964844,153.88999938964844,0
2026-01-16,154.0,157.72000122070312,153.85000610351562,157.1300048828125,35174000
2026-01-19,157.4499969482422,159.10000610351562,156.0500030517578,156.86000061035156,24657963
2026-01-20,157.5,159.08999633789062,153.05999755859375,153.67999267578125,35087078
2026-01-21,152.8000030517578,155.49000549316406,149.80999755859375,150.75999450683594,24315864
2026-01-22,152.0,155.58999633789062,152.0,154.67999267578125,18824351
2026-01-23,155.6999969482422,156.77999877929688,150.9199981689453,151.80999755859375,26875350
2026-01-27,152.89999389648438,155.4499969482422,152.10000610351562,154.72000122070312,23086886
2026-01-28,155.49000549316406,158.25,152.30999755859375,157.74000549316406,28198960
2026-01-29,158.0,160.7899932861328,149.0,150.32000732421875,88706121
2026-01-30,150.6999969482422,150.6999969482422,146.6199951171875,147.4199981689453,43411151
2026-02-02,141.0500030517578,146.97000122070312,139.0,146.47000122070312,32606697
2026-02-03,152.5,157.5,146.8800048828125,147.33999633789062,40510681
2026-02-04,147.5,148.5,146.0,147.5,26421597
2026-02-05,148.0,149.5800018310547,147.57000732421875,148.2899932861328,16041047
2026-02-06,148.0,149.1999969482422,144.86000061035156,147.30999755859375,21884724
2026-02-09,148.64999389648438,150.3699951171875,147.35000610351562,147.92999267578125,31077822
2026-02-10,148.0,148.52999877929688,146.4499969482422,146.8300018310547,18264415
2026-02-11,147.33999633789062,147.33999633789062,144.0,145.50999450683594,31370839
2026-02-12,145.5,145.8000030517578,143.64999389648438,144.80999755859375,20031934
2026-02-13,143.8000030517578,143.8000030517578,141.4199981689453,141.77000427246094,14139257
2026-02-16,141.0,146.27000427246094,140.14999389648438,145.83999633789062,18090364
2026-02-17,145.8000030517578,149.89999389648438,144.8000030517578,149.11000061035156,24239721
2026-02-18,149.5,152.47999572753906,149.3800048828125,151.94000244140625,26925046
2026-02-19,152.13999938964844,152.58999633789062,148.77000427246094,149.4199981689453,15847818
2026-02-20,149.1999969482422,154.5,148.41000366210938,154.14999389648438,35644772
2026-02-23,155.0,157.10000610351562,154.74000549316406,156.44000244140625,23618301
2026-02-24,155.9499969482422,158.10000610351562,155.0,157.02999877929688,27666076
2026-02-25,157.49000549316406,159.60000610351562,156.89999389648438,158.92999267578125,34100843
2026-02-26,159.3699951171875,162.88999938964844,156.6199951171875,158.8800048828125,37476276
2026-02-27,158.8800048828125,158.88999938964844,156.60000610351562,157.3699951171875,23377836
2026-03-02,150.3000030517578,156.25,150.3000030517578,153.55999755859375,28209294
2026-03-04,150.0,151.50999450683594,145.52000427246094,146.92999267578125,36072028
2026-03-05,148.0,149.6999969482422,145.75,148.50999450683594,24474731
2026-03-06,147.5800018310547,149.33999633789062,145.60000610351562,145.97000122070312,23417808
2026-03-09,140.14999389648438,141.00999450683594,136.3000030517578,139.91000366210938,29651646
2026-03-10,142.5,143.85000610351562,140.1699981689453,142.27000427246094,21772242
2026-03-11,143.0,143.6999969482422,139.00999450683594,139.41000366210938,13349850
2026-03-12,138.60000610351562,142.86000061035156,136.25999450683594,140.33999633789062,21773776
2026-03-13,139.0,139.6699981689453,134.33999633789062,134.67999267578125,21035474
2026-03-16,134.5,135.3800048828125,131.5,134.50999450683594,28679443
2026-03-17,135.0,136.85000610351562,133.6699981689453,136.5800018310547,21872417
2026-03-18,137.25,138.3800048828125,136.4199981689453,137.50999450683594,18020962
2026-03-19,133.8000030517578,136.10000610351562,131.89999389648438,132.9199981689453,18150227
2026-03-20,134.5,139.83999633789062,134.5,136.44000244140625,30539089
2026-03-23,134.0,134.0,129.02000427246094,129.55999755859375,22467854
2026-03-24,133.0,134.58999633789062,131.5500030517578,133.14999389648438,22308902
2026-03-25,134.8000030517578,137.58999633789062,134.27999877929688,136.52999877929688,21680573
2026-03-27,134.8000030517578,134.85000610351562,129.72999572753906,130.4499969482422,44250226
2026-03-30,127.91000366210938,128.4199981689453,123.0,123.44999694824219,34665726
2026-04-01,128.02000427246094,129.5,126.30000305175781,127.30000305175781,29217022
2026-04-02,124.16000366210938,127.70999908447266,121.79000091552734,127.04000091552734,29741553
2026-04-06,127.19999694824219,130.99000549316406,125.11000061035156,130.50999450683594,26453809
2026-04-07,129.8000030517578,130.74000549316406,128.39999389648438,129.50999450683594,16070269
2026-04-08,135.97999572753906,139.74000549316406,134.64999389648438,139.19000244140625,34185753
2026-04-09,138.50999450683594,140.5500030517578,137.05999755859375,137.91000366210938,22775497
2026-04-10,139.8300018310547,140.6199951171875,139.0399932861328,140.14999389648438,20916386
2026-04-13,135.0,139.33999633789062,134.60000610351562,138.77000427246094,20752320
2026-04-15,141.6999969482422,143.6699981689453,140.5500030517578,141.7100067138672,24167224
2026-04-16,141.8000030517578,143.22000122070312,139.80999755859375,141.02999877929688,25681786
2026-04-17,141.0500030517578,142.8000030517578,139.8800048828125,142.3699951171875,13628290
2026-04-20,142.8000030517578,144.49000549316406,141.30999755859375,142.74000549316406,21390225
2026-04-21,143.39999389648438,144.9499969482422,142.83999633789062,144.25999450683594,14365044
2026-04-22,143.8699951171875,146.88999938964844,143.1300048828125,145.22999572753906,18626914
2026-04-23,144.5,144.5800018310547,140.2100067138672,140.8699951171875,22459475
2026-04-24,141.3300018310547,141.86000061035156,138.14999389648438,140.85000610351562,18904603
2026-04-27,141.19000244140625,142.4199981689453,139.80999755859375,140.52000427246094,13700038
2026-04-28,136.27000427246094,138.36000061035156,136.2100067138672,137.10000610351562,22276591
2026-04-29,137.36000061035156,139.5,136.22000122070312,137.05999755859375,18218577
2026-04-30,136.7100067138672,136.7100067138672,133.4600067138672,134.64999389648438,20009501
2026-05-01,134.64999389648438,134.64999389648438,134.64999389648438,134.64999389648438,0
2026-05-04,135.33999633789062,137.77999877929688,134.17999267578125,134.8000030517578,11387717
2026-05-05,134.97999572753906,135.3300018310547,133.1300048828125,134.30999755859375,11758309
2026-05-06,137.22999572753906,138.36000061035156,134.50999450683594,138.0399932861328,23655306
2026-05-07,138.8000030517578,138.89999389648438,135.5399932861328,135.92999267578125,25338776
2026-05-08,135.0,135.6999969482422,133.8000030517578,134.33999633789062,16998224
2026-05-11,133.02000427246094,139.39999389648438,128.5800018310547,129.42999267578125,71593041
2026-05-12,127.66000366210938,132.35000610351562,127.43000030517578,130.00999450683594,29525188
2026-05-13,130.4600067138672,131.1999969482422,127.9000015258789,129.25999450683594,21722400
2026-05-14,129.89999389648438,132.9499969482422,127.2300033569336,130.83999633789062,27954529
2026-05-15,131.3800048828125,131.3800048828125,127.80000305175781,128.07000732421875,38366481
2026-05-18,127.0,127.0,124.0,124.9000015258789,22211890
2026-05-19,125.08999633789062,126.76000213623047,125.08999633789062,126.1500015258789,18723002
2026-05-20,125.0,128.0,123.66999816894531,127.66000366210938,21282627
2026-05-21,129.0,129.57000732421875,127.30000305175781,127.97000122070312,18615692
2026-05-22,127.98999786376953,128.77999877929688,127.66000366210938,128.22999572753906,18634807
2026-05-25,130.8000030517578,134.1999969482422,130.0,133.6999969482422,27988813
2026-05-26,134.32000732421875,135.5,132.5800018310547,133.14999389648438,23285321
2026-05-27,133.47999572753906,135.3000030517578,133.10000610351562,134.16000366210938,26115218
2026-05-28,134.16000366210938,134.16000366210938,134.16000366210938,134.16000366210938,0
2026-05-29,134.9600067138672,135.14999389648438,130.14999389648438,130.8000030517578,57212379
2026-06-01,131.4499969482422,132.22000122070312,127.5,127.95999908447266,27235875
2026-06-02,127.0,129.5,125.5,129.0800018310547,39618370
2026-06-03,129.14999389648438,132.25,127.23999786376953,131.85000610351562,38359464
2026-06-04,131.0,133.4499969482422,129.72999572753906,133.1199951171875,24944436
2026-06-05,133.1999969482422,136.39999389648438,133.0399932861328,135.80999755859375,47139920
2026-06-08,134.8300018310547,136.5,131.39999389648438,131.91000366210938,29260366
2026-06-09,131.39999389648438,137.8000030517578,131.39999389648438,137.50999450683594,57740162
2026-06-10,137.50999450683594,138.25999450683594,133.11000061035156,133.4600067138672,39658979
2026-06-11,132.6999969482422,133.77999877929688,130.60000610351562,131.52000427246094,46246010
2026-06-12,130.0,131.9199981689453,128.8000030517578,131.6699981689453,25287693
2026-06-15,134.0,135.1699981689453,131.8699951171875,132.1999969482422,20283189
2026-06-16,132.36000061035156,133.49000549316406,131.63999938964844,132.8300018310547,19477515
2026-06-17,133.16000366210938,136.3000030517578,132.11000061035156,135.24000549316406,46057932
2026-06-18,135.50999450683594,136.3300018310547,134.39999389648438,134.97000122070312,16874421
2026-06-19,134.9499969482422,134.9499969482422,133.10000610351562,133.74000549316406,16485585
2026-06-22,133.85000610351562,135.0,133.63999938964844,134.82000732421875,17955985
2026-06-23,135.38999938964844,135.38999938964844,130.0,130.3699951171875,19091482
2026-06-24,130.4600067138672,131.1699981689453,129.1999969482422,130.14999389648438,19217828
2026-06-25,130.97000122070312,131.10000610351562,128.00999450683594,128.9499969482422,40872336
2026-06-26,128.9499969482422,128.9499969482422,128.9499969482422,128.9499969482422,0
2026-06-29,128.86000061035156,129.58999633789062,125.37999725341797,125.86000061035156,89710392
2026-06-30,126.9000015258789,127.12999725341797,124.61000061035156,125.5199966430664,44899446
2026-07-01,126.05999755859375,127.5999984741211,125.62000274658203,126.27999877929688,28424787
2026-07-02,128.27000427246094,129.25999450683594,125.95999908447266,126.63999938964844,42931827
2026-07-03,127.5,128.1999969482422,124.69999694824219,127.19000244140625,36013384
2026-07-06,126.61000061035156,127.58999633789062,125.97000122070312,126.45999908447266,15764736
2026-07-07,126.4000015258789,126.86000061035156,124.75,125.02999877929688,15616571
2026-07-08,124.0,124.93000030517578,120.5,121.1500015258789,37708203
2026-07-09,121.7699966430664,125.30000305175781,121.5,124.80000305175781,25763230
2026-07-10,125.4000015258789,131.47999572753906,125.30999755859375,128.77999877929688,40706138
2026-07-13,127.47000122070312,129.72999572753906,126.44000244140625,129.3300018310547,19227723
2026-07-14,128.0,128.89999389648438,125.31999969482422,125.73999786376953,18692217
2026-07-15,126.5,128.1999969482422,126.0999984741211,126.47000122070312,24325901
2026-07-16,127.0,127.19000244140625,125.3499984741211,125.9000015258789,11463126
2026-07-17,125.9000015258789,126.08999633789062,124.30000305175781,125.01000213623047,19266430
2026-07-20,125.1500015258789,129.60000610351562,125.05999755859375,128.82000732421875,44159205
2026-07-21,128.82000732421875,131.1999969482422,127.19000244140625,127.5199966430664,24607108
2026-07-22,127.5,127.5,125.25,126.45999908447266,13596346
2026-07-23,126.0199966430664,127.41999816894531,124.9000015258789,125.22000122070312,13708492
