date,open,high,low,close,volume
2019-07-23,531.0,535.2000122070312,521.0,528.9000244140625,2353027
2019-07-24,529.0,529.0,517.0499877929688,518.75,2707033
2019-07-25,521.3499755859375,539.2000122070312,519.0,536.6500244140625,3183510
2019-07-26,533.2000122070312,539.9000244140625,528.25,532.0999755859375,1371242
2019-07-29,531.5999755859375,534.9500122070312,520.25,522.25,735045
2019-07-30,522.2000122070312,533.5999755859375,517.7999877929688,520.0,1665158
2019-07-31,516.9000244140625,522.7000122070312,506.0,521.0999755859375,1828077
2019-08-01,516.1500244140625,519.4500122070312,509.20001220703125,512.4500122070312,1289007
2019-08-02,509.0,519.7000122070312,508.70001220703125,516.0999755859375,1574251
2019-08-05,513.7999877929688,520.7999877929688,512.25,518.9000244140625,2162918
2019-08-06,518.0,527.0,496.8500061035156,500.1499938964844,7425849
2019-08-07,502.70001220703125,525.8499755859375,501.6499938964844,518.2999877929688,4668643
2019-08-08,504.75,510.0,493.79998779296875,503.04998779296875,6750611
2019-08-09,505.8999938964844,511.70001220703125,481.54998779296875,484.5,5172748
2019-08-13,484.5,486.8999938964844,473.04998779296875,475.75,2952687
2019-08-14,477.45001220703125,483.25,465.0,478.29998779296875,2376714
2019-08-16,477.0,483.3999938964844,474.5,476.1000061035156,1279325
2019-08-19,478.5,485.54998779296875,474.6000061035156,475.8500061035156,1211272
2019-08-20,478.8500061035156,481.70001220703125,470.54998779296875,478.70001220703125,1606901
2019-08-21,478.6000061035156,479.0,466.95001220703125,468.04998779296875,1065506
2019-08-22,464.8999938964844,469.95001220703125,460.6000061035156,464.0,1398888
2019-08-23,464.0,467.3500061035156,449.20001220703125,465.8999938964844,2217428
2019-08-26,468.1000061035156,470.95001220703125,454.8999938964844,466.54998779296875,2158865
2019-08-27,468.5,469.8500061035156,458.45001220703125,465.3500061035156,2992115
2019-08-28,465.79998779296875,476.20001220703125,460.1499938964844,464.25,2193022
2019-08-29,465.5,468.0,456.54998779296875,465.20001220703125,1410078
2019-08-30,468.0,475.20001220703125,461.45001220703125,472.45001220703125,1126818
2019-09-03,467.0,471.25,461.0,469.54998779296875,1564714
2019-09-04,471.1000061035156,475.0,467.04998779296875,471.3999938964844,2339657
2019-09-05,472.0,479.75,470.6000061035156,478.3999938964844,1216510
2019-09-06,479.0,482.5,473.75,474.8999938964844,1668897
2019-09-09,475.0,478.70001220703125,472.1000061035156,475.0,780846
2019-09-11,474.0,478.29998779296875,468.04998779296875,471.79998779296875,996410
2019-09-12,474.0,474.0,464.3999938964844,467.79998779296875,1179858
2019-09-13,468.04998779296875,469.6499938964844,464.5,469.0,818854
2019-09-16,467.0,472.0,464.1000061035156,470.5,1257381
2019-09-17,471.95001220703125,472.3999938964844,457.0,460.6499938964844,1753611
2019-09-18,461.3999938964844,462.79998779296875,454.3500061035156,458.6499938964844,1656705
2019-09-19,458.6499938964844,461.95001220703125,449.8999938964844,452.04998779296875,1027073
2019-09-20,454.20001220703125,465.0,445.5,463.29998779296875,2558072
2019-09-23,468.0,472.29998779296875,445.0,448.8999938964844,2819792
2019-09-24,450.0,455.04998779296875,446.6000061035156,450.25,1959468
2019-09-25,449.8999938964844,450.0,432.20001220703125,434.6000061035156,3524655
2019-09-26,439.0,440.45001220703125,430.3999938964844,438.45001220703125,3960277
2019-09-27,438.45001220703125,446.0,435.70001220703125,439.3999938964844,3151119
2019-09-30,430.0,432.79998779296875,418.0,425.5,6307161
2019-10-01,426.8999938964844,426.8999938964844,402.70001220703125,412.6499938964844,4914716
2019-10-03,411.0,421.0,406.5,418.1000061035156,2639852
2019-10-04,419.5,431.29998779296875,416.1499938964844,418.3500061035156,4182360
2019-10-07,419.95001220703125,419.95001220703125,405.5,408.25,2564196
2019-10-09,408.29998779296875,427.0,407.5,423.3500061035156,4117690
2019-10-10,423.1000061035156,427.29998779296875,418.54998779296875,422.1499938964844,2381621
2019-10-11,422.54998779296875,443.0,389.54998779296875,441.3500061035156,17354782
2019-10-14,441.3500061035156,446.45001220703125,433.5,440.8999938964844,5861895
2019-10-15,440.0,448.5,435.3500061035156,446.54998779296875,3153015
2019-10-16,446.29998779296875,447.8500061035156,438.95001220703125,446.79998779296875,2180925
2019-10-17,445.29998779296875,447.70001220703125,439.3999938964844,446.29998779296875,1818421
2019-10-18,448.5,451.1499938964844,440.1000061035156,444.1499938964844,2850227
2019-10-22,441.25,457.75,440.20001220703125,453.8999938964844,2333810
2019-10-23,453.6499938964844,456.79998779296875,448.1000061035156,454.25,2262575
2019-10-24,455.0,456.0,443.54998779296875,446.8500061035156,1733751
2019-10-25,447.1000061035156,461.45001220703125,441.75,459.8500061035156,2647759
2019-10-27,462.0,463.8999938964844,459.5,461.04998779296875,179612
2019-10-29,463.8999938964844,478.3999938964844,462.0,473.04998779296875,3498572
2019-10-30,478.95001220703125,478.95001220703125,462.25,465.0,2640132
2019-10-31,465.0,472.70001220703125,460.1499938964844,466.8500061035156,3944718
2019-11-01,467.29998779296875,474.20001220703125,462.3999938964844,469.20001220703125,3649879
2019-11-04,471.3999938964844,478.5,467.04998779296875,468.29998779296875,2393325
2019-11-05,470.1499938964844,475.5,465.1499938964844,467.8500061035156,1391429
2019-11-06,469.04998779296875,487.95001220703125,464.25,480.8500061035156,17751556
2019-11-07,482.0,487.3999938964844,470.0,471.8500061035156,5892783
2019-11-08,470.1000061035156,470.1000061035156,461.25,462.5,4300075
2019-11-11,459.3999938964844,459.3999938964844,451.75,454.8500061035156,4109355
2019-11-13,452.0,455.0,446.0,447.8999938964844,3001272
2019-11-14,445.20001220703125,458.20001220703125,442.6499938964844,451.3999938964844,2659601
2019-11-15,448.0,468.04998779296875,435.3999938964844,463.25,10693852
2019-11-18,463.0,472.0,457.6499938964844,460.6000061035156,2847404
2019-11-19,461.20001220703125,477.5,459.54998779296875,472.1000061035156,5080106
2019-11-20,472.0,483.70001220703125,468.6499938964844,482.6000061035156,4080054
2019-11-21,482.6000061035156,492.29998779296875,476.6000061035156,485.5,5600894
2019-11-22,485.0,485.0,472.70001220703125,478.8500061035156,2778328
2019-11-25,478.25,485.3500061035156,475.8999938964844,483.5,1465490
2019-11-26,483.0,490.54998779296875,476.70001220703125,478.54998779296875,3880896
2019-11-27,475.0,475.0,464.54998779296875,468.0,3494515
2019-11-28,472.0,476.5,464.1000061035156,468.3500061035156,2933958
2019-11-29,469.6499938964844,473.3999938964844,465.6000061035156,466.70001220703125,1307574
2019-12-02,469.6000061035156,469.6000061035156,455.3500061035156,464.0,2492362
2019-12-03,465.0,465.8500061035156,460.0,464.25,1067139
2019-12-04,463.0,471.8500061035156,462.0,470.0,1426757
2019-12-05,469.5,470.29998779296875,460.3999938964844,461.6000061035156,1483537
2019-12-06,463.0,467.0,454.0,455.45001220703125,2520045
2019-12-09,457.3999938964844,457.75,444.6000061035156,447.8999938964844,3761784
2019-12-10,450.6000061035156,454.95001220703125,449.5,453.04998779296875,2807906
2019-12-11,453.0,453.1000061035156,446.70001220703125,449.95001220703125,1806996
2019-12-12,452.20001220703125,463.1000061035156,452.20001220703125,461.04998779296875,2730092
2019-12-13,461.04998779296875,465.0,456.6000061035156,461.25,1213599
2019-12-16,463.04998779296875,464.75,457.5,458.25,903737
2019-12-17,462.04998779296875,466.20001220703125,460.3500061035156,463.95001220703125,2434853
2019-12-18,464.0,469.25,461.5,467.79998779296875,1705929
2019-12-19,465.6499938964844,471.5,464.79998779296875,467.6000061035156,1485123
2019-12-20,466.8999938964844,474.45001220703125,463.8999938964844,465.75,2248997
2019-12-23,467.0,469.0,464.5,467.8500061035156,866023
2019-12-24,467.25,480.0,465.5,478.70001220703125,3262749
2019-12-26,478.70001220703125,482.54998779296875,472.25,474.1499938964844,2887784
2019-12-27,474.54998779296875,483.5,472.79998779296875,481.1000061035156,2005404
2019-12-30,481.1000061035156,487.0,478.25,479.95001220703125,1809828
2019-12-31,479.95001220703125,484.29998779296875,476.95001220703125,478.20001220703125,1640854
2020-01-01,481.0,481.0,474.45001220703125,475.8999938964844,1316812
2020-01-02,478.8500061035156,479.8999938964844,472.29998779296875,473.5,1406381
2020-01-03,475.79998779296875,475.79998779296875,467.25,469.95001220703125,2252752
2020-01-06,469.79998779296875,469.95001220703125,461.20001220703125,466.75,1501855
2020-01-07,466.0,470.0,463.6499938964844,468.6000061035156,2365554
2020-01-08,467.79998779296875,470.1000061035156,461.6000061035156,464.75,1507276
2020-01-09,467.5,473.29998779296875,467.5,470.1000061035156,1700600
2020-01-10,470.1000061035156,477.0,469.75,473.5,1213600
2020-01-13,474.5,482.45001220703125,474.5,477.6499938964844,1229969
2020-01-14,480.6000061035156,485.20001220703125,479.20001220703125,484.25,2160301
2020-01-15,484.0,486.8500061035156,479.54998779296875,484.0,1413668
2020-01-16,484.0,487.45001220703125,479.0,480.25,1694372
2020-01-17,480.0,482.95001220703125,476.54998779296875,480.29998779296875,2039387
2020-01-20,480.45001220703125,483.1499938964844,476.6499938964844,480.1499938964844,1206931
2020-01-21,478.95001220703125,479.54998779296875,472.20001220703125,473.3999938964844,1448808
2020-01-22,474.5,480.29998779296875,470.25,471.6000061035156,2380518
2020-01-23,464.5,475.8500061035156,459.3500061035156,465.1499938964844,5783749
2020-01-24,465.0,467.75,456.8500061035156,458.8500061035156,2713370
2020-01-27,457.5,466.5,454.20001220703125,464.45001220703125,5849003
2020-01-28,465.0,468.0,458.95001220703125,464.70001220703125,3592413
2020-01-29,464.70001220703125,467.3999938964844,460.3500061035156,461.54998779296875,1737293
2020-01-30,461.0,461.0,446.3500061035156,451.0,2766881
2020-01-31,453.95001220703125,453.95001220703125,442.1000061035156,446.8999938964844,2184609
2020-02-03,444.0,450.6499938964844,439.3999938964844,444.54998779296875,1690394
2020-02-04,446.70001220703125,452.45001220703125,444.20001220703125,448.45001220703125,2030860
2020-02-05,449.54998779296875,459.1499938964844,437.5,447.54998779296875,3637403
2020-02-06,462.5,464.3500061035156,435.3500061035156,439.6499938964844,7118843
2020-02-07,440.0,445.8999938964844,437.29998779296875,443.20001220703125,6386193
2020-02-10,444.20001220703125,451.0,442.1000061035156,444.75,3557480
2020-02-11,447.1000061035156,452.0,443.3500061035156,450.6000061035156,1889638
2020-02-12,454.95001220703125,454.95001220703125,445.0,446.79998779296875,1683136
2020-02-13,446.79998779296875,448.8999938964844,440.5,443.3999938964844,2041017
2020-02-14,444.0,448.8999938964844,441.5,447.1000061035156,1814780
2020-02-17,444.5,445.75,430.1000061035156,431.8999938964844,4581786
2020-02-18,433.0,437.6499938964844,428.1000061035156,436.0,2453801
2020-02-19,437.79998779296875,449.20001220703125,437.3999938964844,447.5,2359566
2020-02-20,448.0,448.79998779296875,434.5,435.75,3048500
2020-02-24,436.0,436.70001220703125,426.54998779296875,430.1499938964844,2569563
2020-02-25,430.20001220703125,431.20001220703125,420.0,425.79998779296875,2438218
2020-02-26,406.0,425.0,405.79998779296875,422.20001220703125,8068909
2020-02-27,411.1000061035156,424.0,409.0,421.20001220703125,5109022
2020-02-28,413.0,416.45001220703125,398.04998779296875,402.1000061035156,4200936
2020-03-02,407.0,411.25,394.6499938964844,401.95001220703125,3460583
2020-03-03,402.0,429.20001220703125,402.0,425.29998779296875,5476676
2020-03-04,425.6000061035156,449.79998779296875,420.0,447.6499938964844,9297945
2020-03-05,447.8500061035156,472.0,437.45001220703125,440.6000061035156,9637431
2020-03-06,425.0,438.1499938964844,423.04998779296875,434.3999938964844,2916146
2020-03-09,425.0,432.6499938964844,423.5,426.1499938964844,2986596
2020-03-11,425.0,426.1499938964844,410.20001220703125,417.1000061035156,5314547
2020-03-12,412.5,412.5,390.75,394.75,5636464
2020-03-13,388.0,434.95001220703125,355.29998779296875,425.54998779296875,6096891
2020-03-16,416.0,423.8999938964844,392.75,396.3999938964844,5394603
2020-03-17,397.0,422.0,390.75,401.75,2989674
2020-03-18,411.79998779296875,411.79998779296875,381.70001220703125,386.0,4200456
2020-03-19,374.79998779296875,390.75,362.8999938964844,374.70001220703125,2926091
2020-03-20,379.79998779296875,399.79998779296875,372.45001220703125,392.79998779296875,4718358
2020-03-23,370.0,406.8999938964844,370.0,375.25,5507004
2020-03-24,380.0,409.75,372.54998779296875,377.45001220703125,6649616
2020-03-25,378.0,394.8999938964844,374.0,376.45001220703125,6418955
2020-03-26,383.0,394.70001220703125,380.5,386.1499938964844,4291225
2020-03-27,393.0,411.0,391.95001220703125,407.6499938964844,6471291
2020-03-30,413.79998779296875,438.70001220703125,407.6499938964844,431.75,9020926
2020-03-31,446.0,446.6000061035156,420.0,422.8500061035156,9434602
2020-04-01,424.8999938964844,430.8999938964844,410.3999938964844,413.75,6329668
2020-04-03,425.0,454.70001220703125,416.25,449.20001220703125,17906762
2020-04-07,479.0,513.4000244140625,452.0,492.25,20843608
2020-04-08,496.95001220703125,530.0,490.0,512.75,19456188
2020-04-09,564.0,610.0,564.0,579.5999755859375,27207708
2020-04-13,605.0,605.0,583.0,592.8499755859375,15483858
2020-04-15,604.4500122070312,614.0,578.5999755859375,592.3499755859375,16213806
2020-04-16,590.0,612.7999877929688,582.0,600.4500122070312,12716342
2020-04-17,615.0,615.0,595.0,598.0,8304173
2020-04-20,598.0,599.4000244140625,580.0,585.4000244140625,5856150
2020-04-21,578.0,609.7999877929688,570.0,592.0999755859375,14471856
2020-04-22,594.9000244140625,599.75,585.0,587.2000122070312,6182243
2020-04-23,590.0,603.9000244140625,579.0499877929688,586.7000122070312,6277840
2020-04-24,586.4000244140625,606.0,583.5999755859375,599.2999877929688,11127889
2020-04-27,600.0,632.6500244140625,600.0,608.7000122070312,14089786
2020-04-28,616.7999877929688,621.25,593.25,598.5999755859375,8193422
2020-04-29,605.0,607.9000244140625,590.0999755859375,596.25,6767183
2020-04-30,607.9000244140625,611.4500122070312,586.0999755859375,589.5999755859375,9099721
2020-05-04,589.0,616.9500122070312,580.5999755859375,611.8499755859375,16815950
2020-05-05,623.0499877929688,623.0499877929688,595.0,596.9000244140625,9257154
2020-05-06,597.5,606.0,590.0,591.75,6978135
2020-05-07,598.0,601.7999877929688,587.5,589.5499877929688,4620871
2020-05-08,598.0,601.2000122070312,589.5,591.9000244140625,5051303
2020-05-11,600.9500122070312,600.9500122070312,583.4500122070312,586.0499877929688,5853892
2020-05-12,587.0,593.7999877929688,566.2000122070312,570.1500244140625,8868938
2020-05-13,600.0,605.0,568.9000244140625,570.2000122070312,10438589
2020-05-14,571.0,577.9000244140625,566.0999755859375,569.75,8546002
2020-05-15,572.0,585.0,565.5999755859375,570.2999877929688,14388403
2020-05-18,570.5999755859375,605.0,570.5,600.4500122070312,22898114
2020-05-19,600.0,608.7999877929688,590.2000122070312,594.9500122070312,10951060
2020-05-20,597.0,624.3499755859375,595.4000244140625,620.6500244140625,13440063
2020-05-21,620.6500244140625,626.8499755859375,612.2999877929688,616.5999755859375,7916771
2020-05-22,616.7000122070312,641.8499755859375,610.0999755859375,639.3499755859375,10874832
2020-05-26,640.0,646.9000244140625,624.0499877929688,627.7000122070312,8859302
2020-05-27,630.0,637.7999877929688,625.7999877929688,633.0499877929688,7710100
2020-05-28,634.0,637.6500244140625,626.0499877929688,628.3499755859375,5488625
2020-05-29,633.0,650.9500122070312,631.0,648.1500244140625,10580203
2020-06-01,649.0,652.5999755859375,634.5499877929688,642.5,7439123
2020-06-02,644.9000244140625,658.6500244140625,636.0,637.5999755859375,6883363
2020-06-03,646.8499755859375,649.5,635.2999877929688,641.2000122070312,5044700
2020-06-04,643.0,664.7999877929688,642.5,660.5499877929688,10452388
2020-06-05,665.0,669.75,649.0,650.9000244140625,6481383
2020-06-08,656.7000122070312,657.7999877929688,633.0499877929688,635.0999755859375,6263334
2020-06-09,638.9000244140625,654.2999877929688,637.0499877929688,640.0499877929688,8968365
2020-06-10,646.7999877929688,650.75,639.7999877929688,642.9500122070312,5425984
2020-06-11,645.6500244140625,646.9500122070312,632.7999877929688,635.0,3172467
2020-06-12,616.2999877929688,645.0,616.2999877929688,643.5999755859375,5579009
2020-06-15,643.0,653.5,637.0,643.6500244140625,4520180
2020-06-16,644.5,650.0,632.4500122070312,637.7999877929688,2927072
2020-06-17,640.0,643.7999877929688,635.0,640.3499755859375,2648039
2020-06-18,641.6500244140625,644.7999877929688,636.4000244140625,642.0499877929688,2161524
2020-06-19,648.8499755859375,648.8499755859375,631.5,636.2000122070312,4476020
2020-06-22,691.0,692.5,651.6500244140625,655.9500122070312,29312493
2020-06-23,674.0,674.0,655.4000244140625,659.7999877929688,8287482
2020-06-24,660.0,662.25,628.2999877929688,631.2000122070312,6955942
2020-06-25,632.0,642.0,629.1500244140625,634.9000244140625,5816404
2020-06-26,639.0,643.6500244140625,631.5999755859375,634.9000244140625,3847728
2020-06-29,637.0,648.0,635.4000244140625,644.9000244140625,6772032
2020-06-30,647.9500122070312,649.9000244140625,638.0,640.25,4319880
2020-07-01,642.5999755859375,642.5999755859375,621.0499877929688,627.0999755859375,4809651
2020-07-02,630.0,654.4500122070312,626.0,646.2000122070312,6169821
2020-07-03,652.9500122070312,652.9500122070312,635.5,638.7999877929688,5379171
2020-07-06,640.0,644.25,629.2000122070312,634.5999755859375,5604802
2020-07-07,637.9500122070312,642.5999755859375,635.2000122070312,636.5499877929688,3781547
2020-07-08,643.4500122070312,648.0,632.5,634.4000244140625,6952585
2020-07-09,643.9500122070312,643.9500122070312,636.25,639.0499877929688,4354183
2020-07-10,640.0,647.0,636.7000122070312,638.9000244140625,4119561
2020-07-13,641.0,646.0,636.5999755859375,638.3499755859375,3450069
2020-07-14,639.9500122070312,644.0,631.25,632.2999877929688,5432821
2020-07-15,634.4000244140625,643.5,633.0999755859375,638.2000122070312,4253913
2020-07-16,639.9500122070312,677.4000244140625,635.9000244140625,674.5,16098128
2020-07-17,674.5,696.6500244140625,669.25,689.0999755859375,15244102
2020-07-20,689.0,690.8499755859375,672.3499755859375,674.3499755859375,5469496
2020-07-21,676.0999755859375,682.0999755859375,660.0,662.2999877929688,4314750
2020-07-22,666.1500244140625,677.7999877929688,657.5,661.7000122070312,5918154
2020-07-23,663.9500122070312,674.0,662.2000122070312,671.4500122070312,4620517
2020-07-24,673.0,681.0,658.2000122070312,666.0499877929688,4962702
2020-07-27,673.9500122070312,673.9500122070312,650.4000244140625,652.9000244140625,4465020
2020-07-28,651.0,665.75,644.25,662.5999755859375,4583066
2020-07-29,662.5999755859375,685.5499877929688,662.5999755859375,681.25,7288781
2020-07-30,681.2000122070312,698.9500122070312,681.0,685.9500122070312,7170665
2020-07-31,687.0,724.0,687.0,720.1500244140625,18897302
2020-08-03,724.0,734.2000122070312,701.0,710.4000244140625,12500683
2020-08-04,708.0,718.9000244140625,703.2000122070312,713.8499755859375,6970907
2020-08-05,720.7999877929688,729.9500122070312,716.0,722.1500244140625,5263136
2020-08-06,724.9500122070312,739.7000122070312,720.0999755859375,731.0999755859375,9663886
2020-08-07,738.0,739.6500244140625,724.5,728.6500244140625,6159632
2020-08-10,760.0,814.5,751.3499755859375,795.5999755859375,56895213
2020-08-11,801.0999755859375,801.8499755859375,768.75,778.0,14861526
2020-08-12,778.0,778.0,755.5999755859375,762.0999755859375,7841540
2020-08-13,765.9500122070312,782.9000244140625,754.0999755859375,760.25,13741253
2020-08-14,762.0,787.75,752.5499877929688,771.7999877929688,16276204
2020-08-17,779.0,781.0,765.5,771.6500244140625,6145819
2020-08-18,772.0,779.6500244140625,763.0,764.8499755859375,5520627
2020-08-19,770.0,772.7000122070312,756.6500244140625,758.3499755859375,6296055
2020-08-20,758.3499755859375,771.75,758.3499755859375,762.7000122070312,8167570
2020-08-21,768.8499755859375,770.5999755859375,759.0499877929688,760.75,4700914
2020-08-24,763.0,767.0,750.25,751.75,4942344
2020-08-25,756.25,758.0,745.25,747.75,3424047
2020-08-26,751.5,754.0,744.2000122070312,748.0,3730702
2020-08-27,750.7999877929688,764.0,749.9500122070312,756.2000122070312,6989194
2020-08-28,763.0,771.0,746.7000122070312,748.5999755859375,8205618
2020-08-31,752.0,755.7000122070312,705.2000122070312,713.5499877929688,7649137
2020-09-01,713.5499877929688,741.0,710.0,736.5499877929688,6260037
2020-09-02,739.9500122070312,748.5,729.2000122070312,738.25,5583378
2020-09-03,742.7000122070312,745.9500122070312,735.0,738.5999755859375,3560610
2020-09-04,733.75,750.0,717.0999755859375,724.5999755859375,7473315
2020-09-07,728.0,733.7999877929688,707.0,716.75,4688730
2020-09-08,716.75,726.4500122070312,704.4000244140625,708.2000122070312,4818121
2020-09-09,709.1500244140625,734.9500122070312,705.2000122070312,727.5499877929688,9082694
2020-09-10,729.0,735.9000244140625,719.25,726.7999877929688,4571167
2020-09-11,725.7999877929688,731.5,720.25,725.9500122070312,2465429
2020-09-14,729.0,730.25,717.75,721.5999755859375,3104686
2020-09-15,723.0,754.0,722.6500244140625,742.4500122070312,14548327
2020-09-16,743.9500122070312,756.5,732.0,752.5999755859375,6773101
2020-09-17,751.0,762.0,746.7000122070312,751.5,7105767
2020-09-18,780.0,819.2999877929688,776.1500244140625,806.25,35527335
2020-09-21,806.25,811.9500122070312,762.0,768.0999755859375,12576400
2020-09-22,777.0499877929688,787.9500122070312,755.1500244140625,777.6500244140625,14483843
2020-09-23,783.9500122070312,784.0,761.7999877929688,767.4000244140625,6236391
2020-09-24,764.4500122070312,766.6500244140625,730.0,733.4500122070312,7123763
2020-09-25,752.0,777.0,740.4000244140625,770.0999755859375,13365087
2020-09-28,772.0999755859375,778.0,755.5999755859375,774.7999877929688,9290917
2020-09-29,777.5999755859375,786.0,759.0499877929688,762.3499755859375,6582879
2020-09-30,762.3499755859375,794.9000244140625,761.0499877929688,774.7000122070312,14333215
2020-10-01,779.7999877929688,781.0,765.75,773.0,5852563
2020-10-05,776.0,784.0499877929688,762.0499877929688,778.6500244140625,6798052
2020-10-06,782.0,788.0,777.0,780.3499755859375,4789613
2020-10-07,780.0,790.6500244140625,771.0,773.5999755859375,6086371
2020-10-08,775.0,815.5999755859375,774.9000244140625,811.4500122070312,12019967
2020-10-09,813.0,825.0,800.3499755859375,803.1500244140625,11673228
2020-10-12,805.0,819.75,800.1500244140625,813.6500244140625,6612623
2020-10-13,810.0,829.0499877929688,778.5,787.1500244140625,13964602
2020-10-14,788.7999877929688,794.5499877929688,766.7999877929688,781.5,8675720
2020-10-15,780.6500244140625,788.0,762.9000244140625,768.2999877929688,6291141
2020-10-16,766.9500122070312,787.5,758.4000244140625,782.3499755859375,9099048
2020-10-19,783.0,784.0999755859375,762.1500244140625,764.0,4351337
2020-10-20,765.0,774.7000122070312,756.2999877929688,764.2999877929688,6029701
2020-10-21,771.7999877929688,771.7999877929688,756.5,767.0999755859375,6932513
2020-10-22,765.0,769.8499755859375,744.0,757.5,8429247
2020-10-23,761.25,774.6500244140625,755.0,757.5499877929688,8515845
2020-10-26,761.2000122070312,763.75,742.2999877929688,747.1500244140625,4665147
2020-10-27,750.0,773.5499877929688,747.0,770.25,7003966
2020-10-28,771.4000244140625,780.0,762.1500244140625,765.25,7050213
2020-10-29,766.0999755859375,774.6500244140625,757.0,762.2999877929688,6084020
2020-10-30,765.7000122070312,767.5,746.0,754.5,4126276
2020-11-02,757.5,762.3499755859375,744.4000244140625,751.25,3265890
2020-11-03,756.0999755859375,770.5499877929688,750.75,759.2999877929688,5390467
2020-11-04,757.7999877929688,783.7999877929688,757.2000122070312,781.1500244140625,9035451
2020-11-05,786.0,796.0999755859375,778.2999877929688,793.5,6656549
2020-11-06,797.4000244140625,802.0,786.5499877929688,789.9500122070312,7765316
2020-11-09,795.0999755859375,804.0,752.2999877929688,763.2000122070312,21178707
2020-11-10,769.7999877929688,769.7999877929688,706.5,717.2999877929688,22558440
2020-11-11,727.0,745.5,718.5999755859375,742.3499755859375,18892977
2020-11-12,742.4000244140625,758.8499755859375,733.5,739.7000122070312,10422659
2020-11-13,742.5,751.0,740.1500244140625,744.6500244140625,6955531
2020-11-14,749.5,749.9000244140625,744.0,745.75,631992
2020-11-17,747.4000244140625,751.9000244140625,734.0,742.5499877929688,7313289
2020-11-18,747.2999877929688,752.0,733.5,742.9500122070312,7190828
2020-11-19,742.5499877929688,751.9000244140625,737.9500122070312,742.0999755859375,5804230
2020-11-20,742.0,748.4500122070312,732.25,739.9000244140625,5394676
2020-11-23,741.6500244140625,758.0499877929688,739.4000244140625,746.2999877929688,8690680
2020-11-24,748.2999877929688,752.0,741.5999755859375,748.4500122070312,5471533
2020-11-25,750.0999755859375,754.5499877929688,728.2000122070312,731.6500244140625,6060158
2020-11-26,734.0,741.0,726.5,738.7000122070312,6088729
2020-11-27,741.0,749.0,735.0,745.5999755859375,12777697
2020-12-01,753.0,760.0,746.1500244140625,755.5999755859375,6241872
2020-12-02,758.0,761.0,751.1500244140625,758.3499755859375,3983393
2020-12-03,760.0,764.7999877929688,756.0499877929688,762.1500244140625,3765555
2020-12-04,763.0,770.5999755859375,757.0,766.9500122070312,5423289
2020-12-07,766.9500122070312,782.5,766.0,773.1500244140625,6779545
2020-12-08,777.0,779.4500122070312,757.7999877929688,766.0,4166424
2020-12-09,769.9000244140625,773.9000244140625,759.9500122070312,762.4000244140625,4045201
2020-12-10,763.0,767.7000122070312,755.0999755859375,762.75,3679209
2020-12-11,764.0,766.0999755859375,753.0,755.8499755859375,3178041
2020-12-14,778.2999877929688,793.2999877929688,776.3499755859375,789.2999877929688,19785595
2020-12-15,789.2999877929688,798.0,779.25,781.6500244140625,8249684
2020-12-16,790.3499755859375,790.3499755859375,782.2999877929688,786.7999877929688,3817724
2020-12-17,790.75,794.8499755859375,781.0999755859375,783.2000122070312,3984988
2020-12-18,784.25,796.0,781.5,793.4500122070312,6487014
2020-12-21,793.0,816.9000244140625,760.0,778.5,14465355
2020-12-22,782.0,798.0,761.0999755859375,795.0,6139589
2020-12-23,796.3499755859375,827.0,792.25,824.6500244140625,8520251
2020-12-24,828.7999877929688,834.9000244140625,815.2999877929688,833.2000122070312,7294578
2020-12-28,837.5999755859375,839.0,825.2000122070312,830.1500244140625,4810932
2020-12-29,830.1500244140625,835.75,817.5,827.9500122070312,3311293
2020-12-30,830.0,830.0,816.0499877929688,823.7999877929688,2715404
2020-12-31,824.0,833.3499755859375,816.4000244140625,819.9500122070312,4842886
2021-01-01,822.7999877929688,828.9500122070312,820.6500244140625,826.5999755859375,2474916
2021-01-04,831.0,837.2999877929688,826.5499877929688,832.25,3487801
2021-01-05,832.25,843.75,825.2999877929688,827.25,4559213
2021-01-06,829.0,834.4000244140625,815.25,824.7999877929688,3318460
2021-01-07,830.0,830.4500122070312,818.0,826.5499877929688,2879675
2021-01-08,830.7000122070312,846.2000122070312,827.4000244140625,838.7000122070312,5072916
2021-01-11,839.0,860.0,832.75,856.8499755859375,5332109
2021-01-12,860.0,864.5999755859375,841.0,843.1500244140625,4338010
2021-01-13,847.3499755859375,852.0,832.5,841.7000122070312,3596529
2021-01-14,841.7000122070312,847.5499877929688,829.0,840.9000244140625,3652930
2021-01-15,839.0,844.9000244140625,821.0,823.7000122070312,3137877
2021-01-18,822.0,826.6500244140625,796.2000122070312,801.75,3742440
2021-01-19,802.5,825.4000244140625,802.5,822.4500122070312,3791378
2021-01-20,822.5,834.9000244140625,822.2999877929688,832.7999877929688,3056546
2021-01-21,835.0,839.2999877929688,809.0,812.75,3326213
2021-01-22,815.7999877929688,822.5,798.25,808.2999877929688,3883231
2021-01-25,813.0,857.0,808.25,836.7999877929688,10704200
2021-01-27,839.9000244140625,856.4500122070312,825.2000122070312,842.5,7410174
2021-01-28,835.5,848.8499755859375,825.7000122070312,841.9000244140625,4489853
2021-01-29,847.9500122070312,850.8499755859375,820.75,825.9000244140625,7185812
2021-02-01,815.0,831.0,779.9500122070312,806.4000244140625,13856367
2021-02-02,807.0,826.3499755859375,801.5,821.5999755859375,8486828
2021-02-03,826.0,878.9000244140625,824.2000122070312,849.25,15674616
2021-02-04,847.5499877929688,856.5,832.5999755859375,834.4500122070312,4639606
2021-02-05,839.5999755859375,854.9000244140625,830.5,847.7000122070312,7381183
2021-02-08,852.0,859.25,841.0499877929688,847.25,4244906
2021-02-09,848.0,856.8499755859375,839.0,841.75,4200281
2021-02-10,847.5999755859375,867.0,841.0,863.4000244140625,5665209
2021-02-11,868.0,874.9000244140625,856.0,859.7999877929688,5347864
2021-02-12,859.0,864.3499755859375,845.5,848.5499877929688,2473012
2021-02-15,850.0999755859375,856.5999755859375,842.0,844.2999877929688,2531913
2021-02-16,850.0,852.25,841.25,848.3499755859375,2808115
2021-02-17,849.4500122070312,854.7000122070312,833.0,835.7000122070312,2539649
2021-02-18,835.0,843.4500122070312,822.5,825.4500122070312,4114251
2021-02-19,823.7999877929688,825.4500122070312,799.0,807.3499755859375,3834443
2021-02-22,811.4000244140625,817.5,786.0499877929688,792.4500122070312,4090429
2021-02-23,795.0,803.1500244140625,788.4000244140625,790.9500122070312,3264477
2021-02-24,794.0,798.0999755859375,776.25,789.0499877929688,1587082
2021-02-25,795.0,814.0,790.4500122070312,809.1500244140625,5478169
2021-02-26,805.0,820.0,780.0,787.0499877929688,7549015
2021-03-01,795.0,800.5,782.0,789.7999877929688,2748271
2021-03-02,792.5999755859375,815.0,790.7999877929688,811.7999877929688,4275166
2021-03-03,817.9500122070312,818.1500244140625,807.5999755859375,812.5,3265559
2021-03-04,807.4000244140625,818.0,803.7000122070312,806.75,3640996
2021-03-05,806.5,812.0,800.25,805.1500244140625,3832170
2021-03-08,807.9500122070312,819.0,806.2000122070312,809.25,2915298
2021-03-09,812.5999755859375,816.7000122070312,792.0999755859375,797.0,2783825
2021-03-10,806.0,814.75,801.0,812.4000244140625,2512573
2021-03-12,816.5,818.7000122070312,802.0,805.9500122070312,2082799
2021-03-15,807.9000244140625,808.9000244140625,790.0,805.5,2651062
2021-03-16,805.0999755859375,808.5,787.0,792.2999877929688,3671229
2021-03-17,794.7999877929688,794.7999877929688,770.0,772.1500244140625,3246092
2021-03-18,776.0,778.4500122070312,750.8499755859375,755.1500244140625,2894624
2021-03-19,751.0,767.25,738.0999755859375,760.6500244140625,5262000
2021-03-22,762.0,784.5999755859375,758.7000122070312,772.8499755859375,3563266
2021-03-23,775.0,779.4000244140625,768.4000244140625,776.0999755859375,2118532
2021-03-24,777.7999877929688,798.7000122070312,772.6500244140625,792.9500122070312,6904173
2021-03-25,796.9000244140625,802.2999877929688,783.2999877929688,787.25,5292130
2021-03-26,791.0,799.0,781.25,787.4500122070312,2934548
2021-03-30,790.25,815.9000244140625,790.25,812.2000122070312,4453933
2021-03-31,811.0,823.9500122070312,805.0,815.0999755859375,3075406
2021-04-01,819.5,824.0,811.5999755859375,818.2999877929688,1910949
2021-04-05,825.0,827.0,806.0999755859375,819.75,2920638
2021-04-06,824.0,845.0,821.8499755859375,836.1500244140625,4569120
2021-04-07,836.1500244140625,844.9000244140625,830.25,840.8499755859375,2404472
2021-04-08,843.0,850.4500122070312,838.4000244140625,842.0,2459821
2021-04-09,840.9000244140625,892.2999877929688,836.6500244140625,883.0499877929688,11189432
2021-04-12,890.0,940.0,879.1500244140625,902.4000244140625,30141861
2021-04-13,921.9500122070312,932.5999755859375,878.2999877929688,885.2000122070312,11667200
2021-04-15,898.7999877929688,925.4000244140625,883.9000244140625,914.2000122070312,13218002
2021-04-16,919.75,944.25,910.9000244140625,938.0499877929688,13746268
2021-04-19,945.25,955.0,924.0,946.2999877929688,17805574
2021-04-20,965.0999755859375,966.3499755859375,941.0999755859375,949.2999877929688,10205616
2021-04-22,958.7999877929688,963.1500244140625,938.8499755859375,944.3499755859375,8522208
2021-04-23,944.3499755859375,952.8499755859375,922.75,935.5999755859375,7972589
2021-04-26,935.5999755859375,940.0,902.1500244140625,905.4000244140625,10255697
2021-04-27,913.0,919.5,901.0,912.4000244140625,5669049
2021-04-28,914.3499755859375,918.0,902.9500122070312,910.2000122070312,7251009
2021-04-29,911.9500122070312,917.4000244140625,904.0,906.5,4953091
2021-04-30,900.75,921.0,900.75,910.3499755859375,6459737
2021-05-03,919.0999755859375,924.4000244140625,906.4000244140625,910.2000122070312,6330144
2021-05-04,912.9000244140625,912.9000244140625,876.0,878.4500122070312,8347795
2021-05-05,885.0,899.0,869.0,888.6500244140625,10491085
2021-05-06,907.0,916.7000122070312,880.9000244140625,884.2999877929688,17973153
2021-05-07,893.0,895.5,877.0,882.9000244140625,5479029
2021-05-10,892.5,906.4500122070312,877.5,900.25,8379304
2021-05-11,899.9500122070312,905.9500122070312,888.2000122070312,890.9000244140625,5864464
2021-05-12,889.2999877929688,906.75,884.2999877929688,898.5999755859375,5224240
2021-05-14,909.0,921.0,900.7999877929688,904.0499877929688,15048471
2021-05-17,895.0,905.0,870.0,881.2000122070312,14122085
2021-05-18,887.0,888.3499755859375,878.4500122070312,884.4000244140625,5129966
2021-05-19,887.8499755859375,905.9500122070312,881.0,903.9500122070312,7242643
2021-05-20,906.0,927.9000244140625,905.0,924.2000122070312,12378690
2021-05-21,930.0,935.0,922.2999877929688,926.9000244140625,6740711
2021-05-24,931.0,945.5,926.1500244140625,931.25,6420035
2021-05-25,939.6500244140625,940.0,930.0,935.5999755859375,3695242
2021-05-26,941.0,951.9500122070312,939.0499877929688,945.1500244140625,5445187
2021-05-27,946.0,948.75,934.0499877929688,942.3499755859375,6249606
2021-05-28,940.2000122070312,947.3499755859375,931.0,934.3499755859375,2156991
2021-05-31,934.3499755859375,951.0,924.0,949.3499755859375,3183414
2021-06-01,952.0,958.0,943.5499877929688,946.4500122070312,2904962
2021-06-02,946.4500122070312,960.5,946.4500122070312,954.7000122070312,2449102
2021-06-03,955.0,959.7000122070312,946.0,948.25,2258695
2021-06-04,948.0,951.5,936.5,946.4000244140625,3057699
2021-06-07,951.75,951.75,937.5499877929688,939.7999877929688,2028426
2021-06-08,939.7999877929688,955.0,931.8499755859375,953.75,2278534
2021-06-09,954.7999877929688,975.0,950.2000122070312,958.6500244140625,5498857
2021-06-10,960.9500122070312,975.0,960.0,974.2000122070312,4754350
2021-06-11,975.0,982.2999877929688,965.5,967.8499755859375,3480545
2021-06-14,972.7000122070312,979.0,957.0,976.1500244140625,2377279
2021-06-15,975.0,978.8499755859375,967.1500244140625,969.7000122070312,1289684
2021-06-16,969.0,971.1500244140625,953.7999877929688,956.75,1684500
2021-06-17,955.0,959.75,943.5,950.9500122070312,2429291
2021-06-18,950.9500122070312,967.6500244140625,945.3499755859375,960.9000244140625,4978288
2021-06-21,958.0,962.7000122070312,950.5,960.1500244140625,1625660
2021-06-22,956.2000122070312,960.9000244140625,949.1500244140625,955.8499755859375,2344400
2021-06-23,956.0,966.0,954.2000122070312,957.75,1807471
2021-06-24,957.7999877929688,958.7000122070312,944.0,950.9000244140625,1769651
2021-06-25,951.0,961.0,948.9500122070312,957.0999755859375,2134441
2021-06-28,962.0,971.3499755859375,957.0999755859375,963.0499877929688,1759671
2021-06-29,964.0,989.0,960.0499877929688,979.5999755859375,4300755
2021-06-30,992.2000122070312,997.0,969.1500244140625,971.9000244140625,7195632
2021-07-01,977.2000122070312,980.0,967.2000122070312,978.0999755859375,2291137
2021-07-02,981.8499755859375,985.7999877929688,975.0999755859375,979.2000122070312,1421148
2021-07-05,979.2999877929688,983.8499755859375,973.0999755859375,974.7000122070312,1286458
2021-07-06,975.0,975.0,964.75,969.0999755859375,1157576
2021-07-07,968.0,968.9500122070312,961.0,965.2000122070312,1740439
2021-07-08,965.5,968.0,944.7999877929688,950.6500244140625,1662518
2021-07-09,952.0,965.5999755859375,949.9500122070312,959.7999877929688,1301555
2021-07-12,960.0,967.9500122070312,955.8499755859375,959.8499755859375,1122802
2021-07-13,962.2000122070312,969.8499755859375,956.0499877929688,965.6500244140625,1317621
2021-07-14,961.0999755859375,978.4000244140625,961.0999755859375,977.1500244140625,1729994
2021-07-15,979.0,981.0,972.0499877929688,973.5999755859375,979315
2021-07-16,973.5999755859375,989.9000244140625,973.5999755859375,977.1500244140625,2087320
2021-07-19,972.0999755859375,983.5999755859375,971.25,974.0,854347
2021-07-20,972.0,974.0999755859375,952.6500244140625,955.1500244140625,1520300
2021-07-22,958.0999755859375,958.9500122070312,946.6500244140625,949.9000244140625,1783069
2021-07-23,952.0,957.7000122070312,946.9500122070312,948.0,1056183
2021-07-26,948.0,960.0,947.0,950.5499877929688,1306026
2021-07-27,952.5,958.5,909.0,913.0999755859375,3366104
2021-07-28,921.5999755859375,921.5999755859375,886.6500244140625,889.9000244140625,5094903
2021-07-29,894.3499755859375,899.9500122070312,872.0,883.0999755859375,4929314
2021-07-30,885.0999755859375,929.9000244140625,877.75,920.0499877929688,6280365
2021-08-02,928.2999877929688,933.5999755859375,913.4000244140625,921.0499877929688,2981630
2021-08-03,925.0,929.5499877929688,918.5,928.1500244140625,2014511
2021-08-04,928.1500244140625,942.5,927.0,939.6500244140625,2517694
2021-08-05,944.2000122070312,953.0,932.0,945.4000244140625,4022548
2021-08-06,939.0,939.0,909.0,911.2999877929688,9727673
2021-08-09,912.0999755859375,920.0,897.4000244140625,918.6500244140625,3310964
2021-08-10,920.0,923.7999877929688,905.0,912.5999755859375,2552532
2021-08-11,912.9000244140625,914.0,891.0499877929688,909.8499755859375,2174054
2021-08-12,912.0,916.2000122070312,903.7000122070312,905.2999877929688,2127392
2021-08-13,906.0,910.9500122070312,892.3499755859375,894.4000244140625,2919925
2021-08-16,896.0,901.0999755859375,886.0499877929688,888.25,1954152
2021-08-17,891.0,906.2999877929688,889.9000244140625,904.6500244140625,3767678
2021-08-18,900.2000122070312,910.7000122070312,900.0,908.8499755859375,2323095
2021-08-20,908.9000244140625,909.0499877929688,887.0,890.8499755859375,2354874
2021-08-23,898.0,908.0,888.6500244140625,898.3499755859375,2081206
2021-08-24,903.0,919.5499877929688,897.6500244140625,917.6500244140625,2588128
2021-08-25,917.0,923.5999755859375,905.9500122070312,912.5999755859375,1697757
2021-08-26,912.5999755859375,916.75,906.2999877929688,911.2999877929688,1522032
2021-08-27,913.7999877929688,925.4500122070312,907.5,923.9000244140625,1878603
2021-08-30,924.0,936.5,920.4500122070312,934.7000122070312,2016968
2021-08-31,935.0,949.7000122070312,930.2999877929688,947.7999877929688,2463088
2021-09-01,949.0,954.9000244140625,920.0,922.8499755859375,4434153
2021-09-02,927.0,960.0,923.4000244140625,955.25,3688123
2021-09-03,956.0999755859375,963.0,930.6500244140625,941.0999755859375,3110583
2021-09-06,945.8499755859375,958.0,942.6500244140625,950.2000122070312,1699875
2021-09-07,950.2000122070312,957.2999877929688,944.0499877929688,950.5,1113880
2021-09-08,948.0,953.1500244140625,940.0,951.7999877929688,1600457
2021-09-09,951.1500244140625,952.0999755859375,926.0,949.2999877929688,3769007
2021-09-13,946.0,953.9000244140625,942.5499877929688,950.4500122070312,865538
2021-09-14,954.7999877929688,958.3499755859375,949.5999755859375,953.1500244140625,1373821
2021-09-15,955.0,956.5999755859375,948.2999877929688,952.9500122070312,2509424
2021-09-16,954.5,964.7999877929688,950.2000122070312,954.0,3574908
2021-09-17,960.0,962.5,948.0499877929688,954.0499877929688,2006356
2021-09-20,953.0,953.0,929.7999877929688,938.0999755859375,2308294
2021-09-21,935.0,959.0,933.0,956.0999755859375,2438464
2021-09-22,952.25,974.25,951.6500244140625,963.5,2267730
2021-09-23,965.4500122070312,970.0,959.5,968.0999755859375,1297533
2021-09-24,969.5999755859375,983.4000244140625,960.4500122070312,967.6500244140625,1803409
2021-09-27,965.0,970.0499877929688,952.2999877929688,962.7000122070312,1217035
2021-09-28,960.5,977.0,950.7999877929688,971.0,1542732
2021-09-29,970.5,1005.0,965.1500244140625,987.5999755859375,4052980
2021-09-30,988.0,999.75,976.3499755859375,983.5499877929688,2312926
2021-10-01,980.0,991.9000244140625,973.0999755859375,986.2000122070312,1948517
2021-10-04,986.0,996.9500122070312,954.9000244140625,957.5,4097873
2021-10-05,961.7999877929688,961.9000244140625,928.4500122070312,934.5499877929688,4986700
2021-10-06,935.5499877929688,938.5499877929688,911.1500244140625,913.4500122070312,2615582
2021-10-07,920.0,922.25,898.0,916.0499877929688,7008049
2021-10-08,923.0,929.4500122070312,911.6500244140625,917.0999755859375,2075219
2021-10-11,922.7999877929688,923.1500244140625,910.0,913.75,1449593
2021-10-12,913.5,924.7000122070312,907.8499755859375,915.9500122070312,1164581
2021-10-13,921.6500244140625,924.4500122070312,912.0499877929688,913.5,1821818
2021-10-14,917.4500122070312,920.5,909.9000244140625,911.3499755859375,913675
2021-10-18,911.3499755859375,915.9000244140625,899.5,903.75,1913667
2021-10-19,906.0,917.2999877929688,903.25,906.2000122070312,1360282
2021-10-20,905.0,912.7000122070312,900.0,905.9000244140625,1941581
2021-10-21,914.4500122070312,917.9000244140625,901.5999755859375,911.5499877929688,2723509
2021-10-22,911.5499877929688,915.0,889.3499755859375,896.3499755859375,1360319
2021-10-25,895.9000244140625,913.0,890.0,901.8499755859375,1901039
2021-10-26,908.9000244140625,914.1500244140625,900.0,907.5,1405411
2021-10-27,916.9500122070312,926.9000244140625,902.4500122070312,922.5,5111161
2021-10-28,922.4000244140625,928.5499877929688,886.2999877929688,891.75,2224983
2021-10-29,893.0,917.0,885.25,905.0499877929688,2783659
2021-11-01,917.0,918.5499877929688,902.2000122070312,909.25,986133
2021-11-02,910.0,912.8499755859375,900.5,903.4000244140625,1038025
2021-11-03,909.5499877929688,914.7000122070312,903.7000122070312,912.6500244140625,1275433
2021-11-04,912.6500244140625,914.25,908.8499755859375,910.7000122070312,96347
2021-11-08,917.9500122070312,917.9500122070312,898.7000122070312,913.7000122070312,860650
2021-11-09,913.0,925.0,909.6500244140625,914.1500244140625,843911
2021-11-10,910.0,924.5,910.0,912.4500122070312,1597922
2021-11-11,912.4500122070312,912.4500122070312,896.0,904.9000244140625,1180372
2021-11-12,910.7999877929688,917.0,905.0,915.9500122070312,936613
2021-11-15,915.0,939.8499755859375,910.0999755859375,938.1500244140625,2615304
2021-11-16,943.1500244140625,943.9000244140625,919.0,921.75,1925000
2021-11-17,921.75,921.75,901.0,905.3499755859375,1996857
2021-11-18,905.2999877929688,907.0,891.0,892.2999877929688,1009418
2021-11-22,893.0,909.0,883.0,895.4000244140625,1443344
2021-11-23,891.7000122070312,918.5499877929688,890.0,910.5999755859375,1820473
2021-11-24,911.0,915.4000244140625,891.3499755859375,893.4500122070312,1392190
2021-11-25,894.0,902.4500122070312,884.0,899.9500122070312,1325422
2021-11-26,892.0,976.0499877929688,890.6500244140625,966.7000122070312,14458893
2021-11-29,974.0,998.0,956.0,965.0,8303735
2021-11-30,965.0,984.0,958.5999755859375,971.2999877929688,4771579
2021-12-01,980.75,986.7000122070312,921.8499755859375,928.1500244140625,3879683
2021-12-02,937.9500122070312,937.9500122070312,917.5,921.25,2749084
2021-12-03,930.0,930.0,908.2999877929688,912.0499877929688,2388529
2021-12-06,915.0999755859375,915.7999877929688,892.5,894.9500122070312,1573419
2021-12-07,898.2999877929688,898.2999877929688,884.0,889.25,2471419
2021-12-08,895.0,902.0,890.2999877929688,897.9500122070312,1663728
2021-12-09,900.0,902.0,890.0499877929688,894.5,1645541
2021-12-10,895.0,901.0,891.0,893.9000244140625,947538
2021-12-13,895.2000122070312,903.0,886.5499877929688,891.2999877929688,1785608
2021-12-14,893.5,907.8499755859375,891.0,895.5999755859375,2651452
2021-12-15,896.2000122070312,901.8499755859375,891.7000122070312,895.7000122070312,1192775
2021-12-16,903.5,903.5,878.25,881.0,2280037
2021-12-17,882.0,884.5,850.0,860.2000122070312,2824703
2021-12-20,864.0,898.4500122070312,861.0999755859375,893.7999877929688,8501360
2021-12-21,893.7999877929688,897.4000244140625,882.0499877929688,886.75,2301316
2021-12-22,889.0,893.8499755859375,880.9500122070312,889.7000122070312,1271710
2021-12-23,892.0,912.5,891.25,909.75,1970110
2021-12-24,910.2000122070312,912.9000244140625,901.7999877929688,908.2999877929688,1114033
2021-12-27,912.9000244140625,933.1500244140625,910.1500244140625,930.25,4596248
2021-12-28,932.0,936.2999877929688,923.0499877929688,933.2999877929688,1907169
2021-12-29,938.0,947.5999755859375,933.25,935.5499877929688,2687014
2021-12-30,937.0,955.0,936.0999755859375,952.75,1729705
2021-12-31,955.0,957.25,942.0,944.0999755859375,2039044
2022-01-03,947.0499877929688,947.9000244140625,925.7999877929688,930.5,2013140
2022-01-04,937.4500122070312,937.4500122070312,920.25,924.25,1238138
2022-01-05,926.5,931.7999877929688,919.0,928.5499877929688,1407995
2022-01-06,928.5499877929688,935.9500122070312,919.2999877929688,922.0,1384402
2022-01-07,926.4000244140625,926.6500244140625,913.3499755859375,914.75,1546099
2022-01-10,914.75,917.8499755859375,908.6500244140625,916.2000122070312,1637506
2022-01-11,917.5,921.75,913.0,915.9500122070312,1578147
2022-01-12,918.4000244140625,918.4000244140625,901.2000122070312,906.2000122070312,2090537
2022-01-13,912.0,929.1500244140625,908.7000122070312,924.0499877929688,2739659
2022-01-14,926.0499877929688,933.0,916.2999877929688,921.5,2321761
2022-01-17,915.5999755859375,920.2000122070312,909.0,910.2000122070312,1058857
2022-01-18,910.2000122070312,914.5999755859375,898.4500122070312,902.1500244140625,1830577
2022-01-19,900.0499877929688,901.5999755859375,885.0999755859375,895.6500244140625,1413292
2022-01-20,895.0,899.9000244140625,880.0499877929688,882.3499755859375,1614683
2022-01-21,880.0,880.0,860.0,867.4500122070312,1669132
2022-01-24,871.5,895.0,867.4500122070312,892.0999755859375,4992078
2022-01-25,891.4000244140625,909.0,881.0999755859375,905.6500244140625,2322693
2022-01-27,901.0,931.5,887.0,927.5999755859375,7859401
2022-01-28,926.5499877929688,942.0,917.4500122070312,932.25,2428175
2022-01-31,939.0,950.0,930.6500244140625,945.0,2008278
2022-02-01,948.0,959.0,938.7999877929688,946.4000244140625,2033319
2022-02-02,945.5,958.5,944.75,951.7999877929688,1735750
2022-02-03,953.0,957.0,944.5499877929688,952.75,1116446
2022-02-04,951.25,957.75,940.0,946.0999755859375,1428601
2022-02-07,946.2000122070312,947.0,927.0499877929688,933.2999877929688,949273
2022-02-08,933.2999877929688,951.0,931.0999755859375,948.0499877929688,1812035
2022-02-09,954.7999877929688,972.5,950.25,968.25,2513281
2022-02-10,969.0,977.3499755859375,963.0,975.0499877929688,2044733
2022-02-11,956.5,976.0499877929688,953.0,958.5,1292417
2022-02-14,947.0,962.9000244140625,938.8499755859375,954.9000244140625,2346622
2022-02-15,916.5499877929688,938.7999877929688,912.2999877929688,921.8499755859375,8304774
2022-02-16,938.0,940.25,920.0999755859375,933.0999755859375,2480569
2022-02-17,934.7999877929688,955.5,925.7000122070312,928.2000122070312,2843010
2022-02-18,927.5,929.8499755859375,903.0499877929688,909.0999755859375,3643338
2022-02-21,903.0999755859375,913.7000122070312,896.0,907.25,1860041
2022-02-22,893.2000122070312,918.0,890.75,913.4000244140625,1884736
2022-02-23,915.25,921.2999877929688,910.25,914.9000244140625,1399309
2022-02-24,899.7999877929688,908.75,888.1500244140625,895.7999877929688,2003438
2022-02-25,903.0,926.7000122070312,890.9500122070312,923.6500244140625,2825642
2022-02-28,920.0499877929688,929.9500122070312,911.0,925.0499877929688,1534018
2022-03-02,911.0999755859375,931.2999877929688,911.0999755859375,923.0999755859375,3276260
2022-03-03,925.0,945.0,919.5499877929688,934.9000244140625,2622469
2022-03-04,929.0,941.0,920.25,931.2000122070312,2453781
2022-03-07,921.9000244140625,946.0,917.0499877929688,941.1500244140625,2604231
2022-03-08,938.0,977.0,935.4000244140625,969.5499877929688,5826939
2022-03-09,969.5499877929688,987.5499877929688,960.0499877929688,981.5499877929688,3501351
2022-03-10,982.0499877929688,992.9000244140625,975.0,987.0499877929688,4146797
2022-03-11,984.25,1053.75,981.3499755859375,1043.949951171875,11106725
2022-03-14,1045.0,1058.0,1036.75,1048.6500244140625,5590771
2022-03-15,1045.0,1083.0,1045.0,1068.050048828125,7945333
2022-03-16,1077.0,1078.0,1049.1500244140625,1055.800048828125,3379138
2022-03-17,1056.0,1066.4000244140625,1045.699951171875,1048.5,3712730
2022-03-21,1067.800048828125,1071.0,1049.0999755859375,1050.300048828125,2039889
2022-03-22,1045.0,1049.25,1024.0,1032.5999755859375,2269544
2022-03-23,1044.9000244140625,1044.9000244140625,1011.25,1014.4500122070312,2781735
2022-03-24,1014.0,1040.0999755859375,1001.75,1029.0,3344649
2022-03-25,1033.300048828125,1033.300048828125,1006.0,1013.5,1680031
2022-03-28,1022.0,1044.25,1008.9000244140625,1017.0999755859375,3847112
2022-03-29,1020.2000122070312,1041.0,1020.2000122070312,1038.8499755859375,3194089
2022-03-30,1043.0,1054.800048828125,1025.199951171875,1028.949951171875,3083750
2022-03-31,1030.0,1035.0,1013.5999755859375,1018.0499877929688,1976418
2022-04-01,1023.0,1025.9000244140625,1006.0,1014.8499755859375,1285646
2022-04-04,1018.0,1029.6500244140625,1003.4500122070312,1027.800048828125,1665075
2022-04-05,1035.0,1036.0,1017.0,1021.4500122070312,1596381
2022-04-06,1014.0,1033.8499755859375,1014.0,1029.0,1487844
2022-04-07,1036.0,1062.6500244140625,1032.300048828125,1036.699951171875,3496357
2022-04-08,1038.449951171875,1038.449951171875,1005.0,1011.5999755859375,3001682
2022-04-11,1012.0,1028.300048828125,1011.5999755859375,1025.5,2094493
2022-04-12,1021.5,1031.699951171875,1013.0,1027.25,2746930
2022-04-13,1031.0,1033.800048828125,1012.2000122070312,1016.5999755859375,1890795
2022-04-18,1016.5999755859375,1035.0,1010.0999755859375,1027.8499755859375,2092141
2022-04-19,1034.699951171875,1038.9000244140625,980.3499755859375,1000.2999877929688,1813890
2022-04-20,1001.9000244140625,1015.0,990.0499877929688,1012.0499877929688,1796999
2022-04-21,1016.0499877929688,1020.0,996.7000122070312,998.5499877929688,1526774
2022-04-22,998.0,998.5499877929688,959.0,967.0,2455188
2022-04-25,957.0999755859375,963.0,946.2999877929688,953.1500244140625,1309361
2022-04-26,958.1500244140625,980.5999755859375,957.0499877929688,978.4000244140625,1806747
2022-04-27,965.2000122070312,980.25,964.0,977.75,1033333
2022-04-28,988.0,990.5999755859375,977.9500122070312,981.2000122070312,1840948
2022-04-29,981.2999877929688,994.9000244140625,976.5,981.2000122070312,1972427
2022-05-02,979.0,989.75,971.7999877929688,976.5999755859375,1767117
2022-05-04,977.5,983.0,947.0499877929688,957.5499877929688,2086372
2022-05-05,959.9500122070312,967.2000122070312,944.0,948.4000244140625,2161283
2022-05-06,937.7999877929688,946.3499755859375,925.4000244140625,934.75,1828238
2022-05-09,934.75,942.0,922.0,938.2999877929688,2047297
2022-05-10,930.0,939.5999755859375,918.5499877929688,926.1500244140625,1662201
2022-05-11,912.0,942.5999755859375,904.25,937.5999755859375,5296875
2022-05-12,935.0,937.0,915.5,920.75,2242769
2022-05-13,924.0999755859375,940.0999755859375,922.2000122070312,934.5999755859375,1734146
2022-05-16,926.0499877929688,945.0,926.0499877929688,933.4000244140625,1456551
2022-05-17,935.0,941.0499877929688,916.2000122070312,938.0,2301253
2022-05-18,945.7999877929688,961.2000122070312,941.3499755859375,957.0999755859375,2580102
2022-05-19,940.0,953.9500122070312,934.4000244140625,938.0,1198917
2022-05-20,950.0,982.5999755859375,939.0,978.4000244140625,2594816
2022-05-23,978.7999877929688,987.7000122070312,966.4500122070312,970.0499877929688,1220231
2022-05-24,977.0,977.7000122070312,961.75,970.4000244140625,1622192
2022-05-25,972.4000244140625,985.9000244140625,969.4500122070312,971.8499755859375,1950710
2022-05-26,972.0999755859375,977.3499755859375,960.25,964.5499877929688,1630614
2022-05-27,970.0999755859375,977.7999877929688,960.0,966.3499755859375,1249374
2022-05-30,968.4000244140625,992.0,968.0,986.7999877929688,2171285
2022-05-31,988.9000244140625,1004.9000244140625,978.7000122070312,992.9500122070312,4874664
2022-06-01,994.5,998.6500244140625,980.3499755859375,983.5499877929688,1285579
2022-06-02,977.5,1006.8499755859375,977.5,987.0999755859375,2639988
2022-06-03,990.0499877929688,998.75,957.1500244140625,960.9500122070312,1057504
2022-06-06,960.9500122070312,979.7000122070312,960.5,976.0499877929688,1412548
2022-06-07,971.5499877929688,979.6500244140625,962.0,972.75,1759986
2022-06-08,972.0,976.0499877929688,956.9000244140625,962.9500122070312,1874689
2022-06-09,962.9000244140625,974.2999877929688,955.0,971.9500122070312,1405851
2022-06-10,960.0,971.5999755859375,960.0,966.7999877929688,776457
2022-06-13,955.0,984.75,947.7999877929688,954.75,3016612
2022-06-14,955.0,970.7999877929688,950.7999877929688,964.7000122070312,1570434
2022-06-15,965.0,974.9000244140625,964.0,968.7999877929688,1112618
2022-06-16,976.0,977.75,927.7999877929688,940.9500122070312,1898194
2022-06-17,932.2000122070312,944.5499877929688,910.7999877929688,914.75,2715476
2022-06-20,914.75,928.1500244140625,902.0,925.8499755859375,942685
2022-06-21,927.0999755859375,944.4500122070312,927.0999755859375,938.2000122070312,521963
2022-06-22,931.0,945.0,912.7999877929688,916.9000244140625,1698830
2022-06-23,917.0,937.2999877929688,914.4000244140625,933.3499755859375,615616
2022-06-24,933.0,943.5,930.0,933.7000122070312,722838
2022-06-27,936.0,946.4000244140625,930.5499877929688,932.3499755859375,846797
2022-06-28,935.0,947.7999877929688,921.8499755859375,945.0999755859375,931109
2022-06-29,937.0499877929688,961.9000244140625,922.9000244140625,947.6500244140625,2455089
2022-06-30,944.0,944.0,911.4000244140625,917.2000122070312,2433648
2022-07-01,911.2000122070312,956.0499877929688,911.2000122070312,949.2999877929688,1793834
2022-07-04,944.5999755859375,950.0,928.5,930.6500244140625,1004832
2022-07-05,935.0,949.6500244140625,930.25,937.4000244140625,1532205
2022-07-06,940.0,950.0,933.1500244140625,945.5999755859375,1390651
2022-07-07,950.3499755859375,950.3499755859375,933.2999877929688,935.25,1390277
2022-07-08,942.25,942.25,927.8499755859375,935.4500122070312,1072803
2022-07-11,938.0,950.0,927.0499877929688,947.5499877929688,1037956
2022-07-12,941.9000244140625,947.3499755859375,934.0,935.75,672406
2022-07-13,940.4500122070312,958.9000244140625,932.1500244140625,953.3499755859375,1511059
2022-07-14,953.4000244140625,968.6500244140625,945.1500244140625,951.1500244140625,1713101
2022-07-15,963.0,968.0,951.5,966.0499877929688,1046876
2022-07-18,971.6500244140625,975.4000244140625,960.0499877929688,967.3499755859375,846036
2022-07-19,958.2000122070312,974.0,955.4000244140625,960.6500244140625,1162631
2022-07-20,965.7000122070312,982.9500122070312,958.8499755859375,981.5,1627220
2022-07-21,985.0,989.5,966.3499755859375,968.5,1681422
2022-07-22,973.5,976.5,967.5,972.0999755859375,977238
2022-07-25,976.0,979.7999877929688,955.0499877929688,959.7999877929688,1024751
2022-07-26,959.9500122070312,962.0,944.5,955.7000122070312,988405
2022-07-27,956.9000244140625,976.25,951.7999877929688,974.0499877929688,904733
2022-07-28,977.0,978.9500122070312,964.2000122070312,967.4500122070312,1043837
2022-07-29,973.7000122070312,983.9500122070312,953.0,977.4000244140625,2941566
2022-08-01,990.0,1031.0,988.2999877929688,1004.5499877929688,4647912
2022-08-02,1003.6500244140625,1006.0999755859375,992.0,1004.2000122070312,1184696
2022-08-03,1010.0,1028.75,1004.5,1011.8499755859375,4052763
2022-08-04,1017.7999877929688,1046.9000244140625,1015.0,1044.5,2865077
2022-08-05,1040.0,1045.949951171875,1032.0,1034.199951171875,1561405
2022-08-08,1036.199951171875,1039.5,1024.0999755859375,1029.550048828125,767289
2022-08-10,1035.550048828125,1046.300048828125,1029.050048828125,1038.3499755859375,1293683
2022-08-11,1040.5,1049.0,1035.0,1038.4000244140625,838963
2022-08-12,1043.5999755859375,1043.5999755859375,1022.3499755859375,1027.1500244140625,1140717
2022-08-16,1027.1500244140625,1036.0,1025.25,1034.550048828125,776409
2022-08-17,1039.75,1042.949951171875,1024.199951171875,1025.75,1102323
2022-08-18,1028.5,1034.050048828125,1007.3499755859375,1032.199951171875,1201720
2022-08-19,1029.050048828125,1036.5999755859375,1020.0999755859375,1030.0999755859375,654004
2022-08-22,1016.0,1029.8499755859375,1015.5,1022.5499877929688,993053
2022-08-23,1010.2000122070312,1046.800048828125,1010.2000122070312,1040.6500244140625,1868332
2022-08-24,1041.0,1053.8499755859375,1026.050048828125,1037.3499755859375,1562062
2022-08-25,1043.949951171875,1043.949951171875,1020.5499877929688,1025.75,1112617
2022-08-26,1030.9000244140625,1035.699951171875,1018.5,1020.7999877929688,1264070
2022-08-29,1000.0,1024.0,991.2999877929688,1017.2999877929688,1305557
2022-08-30,1018.5,1042.199951171875,1016.0999755859375,1038.449951171875,1571042
2022-09-01,1026.0,1044.25,1019.4000244140625,1023.0,1528731
2022-09-02,1024.0,1031.199951171875,1012.0499877929688,1015.5999755859375,1655229
2022-09-05,1012.5,1030.449951171875,1012.0,1025.6500244140625,1275368
2022-09-06,1025.0,1042.0,1024.9000244140625,1040.8499755859375,1369910
2022-09-07,1033.8499755859375,1061.8499755859375,1033.0,1051.5,2471263
2022-09-08,1058.5,1059.75,1044.0,1056.050048828125,1755391
2022-09-09,1060.0,1065.949951171875,1055.0,1058.300048828125,1092235
2022-09-12,1058.300048828125,1068.5,1057.0999755859375,1064.75,936787
2022-09-13,1057.050048828125,1063.0,1052.6500244140625,1058.9000244140625,1144685
2022-09-14,1040.0,1068.0,1040.0,1059.949951171875,998799
2022-09-15,1060.0,1062.949951171875,1028.5,1033.300048828125,927244
2022-09-16,1038.5,1060.0,1034.0,1043.5,2850439
2022-09-19,1043.949951171875,1043.949951171875,1015.0,1036.300048828125,2073673
2022-09-20,1041.5,1097.550048828125,1039.5,1092.300048828125,2491392
2022-09-21,1100.0,1101.8499755859375,1064.25,1070.4000244140625,2283817
2022-09-22,1061.1500244140625,1071.800048828125,1051.0,1061.9000244140625,1634304
2022-09-23,1067.25,1093.0,1063.25,1068.0999755859375,3268298
2022-09-26,1065.699951171875,1081.199951171875,1050.8499755859375,1065.6500244140625,1219450
2022-09-27,1070.949951171875,1104.9000244140625,1069.0,1098.699951171875,2343041
2022-09-28,1101.0,1117.699951171875,1087.6500244140625,1097.1500244140625,3450534
2022-09-29,1100.550048828125,1121.6500244140625,1088.0999755859375,1115.8499755859375,2093772
2022-09-30,1119.75,1128.0,1105.050048828125,1114.949951171875,1834565
2022-10-03,1116.800048828125,1144.9000244140625,1115.0,1130.75,2601710
2022-10-04,1138.8499755859375,1147.5,1133.0,1144.6500244140625,1911413
2022-10-06,1150.4000244140625,1150.4000244140625,1124.0,1134.449951171875,1561938
2022-10-07,1135.0,1147.199951171875,1129.050048828125,1130.5,1182984
2022-10-10,1110.0,1131.5,1110.0,1118.8499755859375,1583891
2022-10-11,1121.800048828125,1127.1500244140625,1103.800048828125,1110.0999755859375,1538943
2022-10-12,1111.5999755859375,1118.050048828125,1099.199951171875,1108.449951171875,1231143
2022-10-13,1108.4000244140625,1127.8499755859375,1101.0999755859375,1103.6500244140625,1438932
2022-10-14,1115.0999755859375,1120.0,1105.4000244140625,1108.9000244140625,1131139
2022-10-17,1108.0,1113.050048828125,1098.800048828125,1108.1500244140625,1076392
2022-10-18,1113.699951171875,1130.199951171875,1110.300048828125,1125.8499755859375,960283
2022-10-19,1131.5,1145.0,1119.0999755859375,1122.0,1300144
2022-10-20,1122.0,1142.0,1117.0,1136.800048828125,1633570
2022-10-21,1136.800048828125,1148.0,1132.5,1134.75,1349759
2022-10-24,1145.5999755859375,1150.0,1141.550048828125,1146.9000244140625,129688
2022-10-25,1147.0,1164.8499755859375,1146.9000244140625,1155.9000244140625,2210622
2022-10-27,1169.949951171875,1180.0999755859375,1156.300048828125,1165.9000244140625,2359658
2022-10-28,1169.0,1171.800048828125,1151.0,1155.199951171875,1087865
2022-10-31,1161.0,1177.8499755859375,1159.050048828125,1167.4000244140625,1554670
2022-11-01,1167.5,1185.25,1163.5999755859375,1173.4000244140625,1491658
2022-11-02,1173.550048828125,1178.4000244140625,1156.199951171875,1159.25,1479828
2022-11-03,1152.199951171875,1176.0,1151.0999755859375,1163.0999755859375,1992697
2022-11-04,1167.8499755859375,1175.25,1141.0,1146.0999755859375,1712836
2022-11-07,1146.0999755859375,1152.0,1116.5,1130.9000244140625,2006468
2022-11-09,1141.0999755859375,1154.949951171875,1125.0,1129.4000244140625,2068940
2022-11-10,1130.0,1152.0,1119.0,1122.300048828125,2028565
2022-11-11,1130.0,1143.8499755859375,1116.6500244140625,1121.4000244140625,1513809
2022-11-14,1124.5,1133.5999755859375,1118.199951171875,1129.5,1501491
2022-11-15,1134.949951171875,1134.949951171875,1110.8499755859375,1118.75,1262746
2022-11-16,1120.949951171875,1136.449951171875,1117.25,1121.199951171875,1649021
2022-11-17,1125.0,1132.449951171875,1116.449951171875,1119.5,1270387
2022-11-18,1124.0,1127.050048828125,1099.449951171875,1102.4000244140625,1486381
2022-11-21,1104.949951171875,1108.199951171875,1093.75,1104.449951171875,1488424
2022-11-22,1107.449951171875,1109.699951171875,1097.199951171875,1104.0999755859375,1302811
2022-11-23,1108.9000244140625,1124.550048828125,1098.6500244140625,1108.0,2192276
2022-11-24,1113.550048828125,1117.6500244140625,1092.4000244140625,1095.3499755859375,2933085
2022-11-25,1093.050048828125,1107.0,1078.5,1105.3499755859375,1454838
2022-11-28,1100.0,1110.0,1094.0999755859375,1101.75,673339
2022-11-29,1106.0,1125.8499755859375,1105.0,1121.1500244140625,1899345
2022-11-30,1121.1500244140625,1149.0,1120.0,1139.6500244140625,2680903
2022-12-01,1145.0,1145.199951171875,1117.0,1124.9000244140625,1360439
2022-12-02,1124.9000244140625,1124.9000244140625,1099.0,1114.3499755859375,2586376
2022-12-05,1114.3499755859375,1122.550048828125,1108.1500244140625,1115.3499755859375,1236554
2022-12-06,1115.0,1117.800048828125,1103.4000244140625,1109.5999755859375,1180968
2022-12-07,1111.0,1122.6500244140625,1103.4000244140625,1105.300048828125,1031921
2022-12-08,1109.199951171875,1113.0,1103.1500244140625,1107.5,808315
2022-12-09,1115.0,1115.8499755859375,1101.0999755859375,1107.9000244140625,994866
2022-12-12,1105.0,1110.0,1093.0999755859375,1096.800048828125,1544297
2022-12-13,1096.949951171875,1112.5,1088.199951171875,1109.9000244140625,1282727
2022-12-14,1114.0,1119.0,1106.1500244140625,1112.699951171875,1013627
2022-12-15,1111.199951171875,1118.0999755859375,1099.3499755859375,1101.800048828125,710477
2022-12-16,1096.300048828125,1108.0,1086.0999755859375,1089.4000244140625,1309491
2022-12-19,1090.3499755859375,1100.5,1084.449951171875,1096.6500244140625,779326
2022-12-20,1096.0,1097.4000244140625,1088.449951171875,1091.1500244140625,795748
2022-12-21,1096.0999755859375,1130.0,1085.6500244140625,1128.0,3224730
2022-12-22,1135.0,1147.3499755859375,1117.050048828125,1122.449951171875,2070809
2022-12-23,1121.0,1146.949951171875,1113.199951171875,1119.1500244140625,2773210
2022-12-26,1127.0,1135.0,1094.0,1096.5,1279529
2022-12-27,1094.050048828125,1104.9000244140625,1090.0999755859375,1095.8499755859375,1209316
2022-12-28,1094.0,1103.1500244140625,1084.0999755859375,1085.800048828125,872940
2022-12-29,1086.0,1098.0,1070.0,1087.550048828125,1625961
2022-12-30,1094.949951171875,1095.0,1073.5,1075.949951171875,1185711
2023-01-02,1080.25,1082.0,1063.8499755859375,1070.949951171875,895053
2023-01-03,1070.050048828125,1080.949951171875,1066.4000244140625,1075.9000244140625,952230
2023-01-04,1078.949951171875,1081.949951171875,1063.949951171875,1066.9000244140625,1369415
2023-01-05,1075.0,1093.199951171875,1067.4000244140625,1088.3499755859375,1605744
2023-01-06,1088.3499755859375,1093.0999755859375,1073.5,1076.3499755859375,824772
2023-01-09,1081.75,1096.949951171875,1076.9000244140625,1087.449951171875,893437
2023-01-10,1086.5,1090.25,1074.8499755859375,1078.699951171875,594426
2023-01-11,1078.699951171875,1083.949951171875,1043.0,1047.5999755859375,2168577
2023-01-12,1052.800048828125,1064.0999755859375,1043.1500244140625,1061.1500244140625,1188988
2023-01-13,1064.0,1070.5999755859375,1053.25,1067.75,1089004
2023-01-16,1070.5,1074.699951171875,1051.0,1059.5999755859375,825308
2023-01-17,1062.800048828125,1071.0999755859375,1053.3499755859375,1069.0999755859375,762941
2023-01-18,1068.9000244140625,1072.0,1059.3499755859375,1063.4000244140625,1299797
2023-01-19,1063.5,1069.5999755859375,1058.550048828125,1064.8499755859375,376954
2023-01-20,1067.0,1067.0,1050.449951171875,1053.449951171875,954230
2023-01-23,1053.4000244140625,1064.25,1050.699951171875,1062.550048828125,750581
2023-01-24,1065.0,1074.9000244140625,1055.050048828125,1062.1500244140625,712627
2023-01-25,1064.9000244140625,1068.25,1020.0,1035.25,2226483
2023-01-27,1023.25,1072.949951171875,1023.25,1047.25,2947920
2023-01-30,1057.0,1057.0,1028.5,1034.4000244140625,2118395
2023-01-31,1043.0,1043.0,1007.5,1017.9500122070312,2705095
2023-02-01,1019.0,1035.9000244140625,1015.0999755859375,1032.050048828125,1598213
2023-02-02,1026.0999755859375,1032.800048828125,1017.2999877929688,1025.300048828125,1291262
2023-02-03,1022.0,1027.800048828125,1010.5,1022.2999877929688,1617105
2023-02-06,1020.0,1033.5999755859375,1010.1500244140625,1029.800048828125,979035
2023-02-07,1029.800048828125,1034.8499755859375,1021.2999877929688,1031.300048828125,965322
2023-02-08,1035.0,1041.199951171875,1019.1500244140625,1039.0999755859375,746863
2023-02-09,1025.300048828125,1044.5999755859375,1020.0,1021.5,1331902
2023-02-10,1021.0,1036.8499755859375,1015.0499877929688,1033.199951171875,1106858
2023-02-13,1036.0,1040.5999755859375,1019.0,1021.9500122070312,1042379
2023-02-14,1026.699951171875,1032.449951171875,1017.5999755859375,1028.3499755859375,759416
2023-02-15,1026.8499755859375,1033.449951171875,1016.0999755859375,1030.800048828125,662924
2023-02-16,1031.75,1038.0,1028.3499755859375,1035.5,667265
2023-02-17,1035.5,1035.75,1021.1500244140625,1025.75,1509783
2023-02-20,998.0,998.0,955.25,964.0,5829572
2023-02-21,969.7999877929688,979.0999755859375,963.5,965.9500122070312,2042234
2023-02-22,966.5999755859375,972.7999877929688,959.0499877929688,962.5499877929688,1602953
2023-02-23,965.0,967.4500122070312,956.0,960.2999877929688,1216409
2023-02-24,961.0999755859375,966.0,955.0,961.7999877929688,1585383
2023-02-27,965.5999755859375,968.5999755859375,948.6500244140625,950.2000122070312,1377270
2023-02-28,945.9000244140625,945.9000244140625,903.0999755859375,906.4000244140625,5380673
2023-03-01,907.7999877929688,910.25,896.0,899.5999755859375,3496231
2023-03-02,901.9500122070312,903.0,884.5,886.4500122070312,1887367
2023-03-03,891.0,892.0,877.0,878.6500244140625,1892639
2023-03-06,885.0,885.5499877929688,869.0499877929688,880.9000244140625,4090356
2023-03-08,883.7000122070312,883.7999877929688,871.0999755859375,877.25,2933956
2023-03-09,877.25,896.8499755859375,877.0,881.75,6176157
2023-03-10,879.1500244140625,884.5999755859375,871.2999877929688,881.2000122070312,1718841
2023-03-13,882.5999755859375,889.0999755859375,872.1500244140625,874.7999877929688,1697362
2023-03-14,873.0,883.7000122070312,853.8499755859375,872.0499877929688,2444217
2023-03-15,875.0,883.4000244140625,872.5999755859375,877.9500122070312,1286900
2023-03-16,881.0,890.0,876.75,883.4500122070312,2023997
2023-03-17,887.3499755859375,888.4000244140625,870.0,874.0499877929688,2205087
2023-03-20,874.0499877929688,876.9000244140625,861.7999877929688,866.7000122070312,997827
2023-03-21,866.7999877929688,872.4000244140625,860.5999755859375,862.3499755859375,888443
2023-03-22,864.0,866.0,852.0,863.4000244140625,1622488
2023-03-23,868.0,870.9000244140625,861.25,869.0999755859375,1865868
2023-03-24,869.0999755859375,879.0,866.1500244140625,877.25,3166046
2023-03-27,881.0499877929688,891.3499755859375,876.0499877929688,889.2999877929688,3986238
2023-03-28,891.7999877929688,894.25,886.4000244140625,889.5,3623017
2023-03-29,893.9500122070312,896.5999755859375,885.3499755859375,887.7000122070312,3049688
2023-03-31,888.7999877929688,902.7000122070312,886.7000122070312,900.5,2320879
2023-04-03,910.0,910.0,887.0499877929688,891.4500122070312,2623264
2023-04-05,889.0,897.3499755859375,886.2999877929688,895.75,1612376
2023-04-06,899.0,899.75,889.0,893.3499755859375,1512783
2023-04-10,896.9500122070312,904.5,894.2000122070312,901.8499755859375,919722
2023-04-11,905.0,908.1500244140625,902.0,907.1500244140625,1778775
2023-04-12,909.0,920.9000244140625,908.2000122070312,917.9500122070312,3449942
2023-04-13,921.9000244140625,923.0499877929688,912.2999877929688,915.75,1068355
2023-04-17,915.0,917.4500122070312,901.0999755859375,906.4500122070312,2604979
2023-04-18,905.0,925.5,897.0,924.25,1949777
2023-04-19,925.9500122070312,925.9500122070312,909.0,911.9000244140625,1538261
2023-04-20,912.0,913.7000122070312,898.9500122070312,904.0,4446158
2023-04-21,903.0,918.5499877929688,903.0,915.0499877929688,3481218
2023-04-24,916.0,917.2000122070312,901.1500244140625,903.0,1784945
2023-04-25,904.5999755859375,912.0,896.2999877929688,909.6500244140625,2440358
2023-04-26,911.8499755859375,914.2000122070312,900.0499877929688,911.0999755859375,1400796
2023-04-27,911.2000122070312,917.2999877929688,903.0,913.9500122070312,2457652
2023-04-28,918.8499755859375,919.0,905.1500244140625,908.0499877929688,2695819
2023-05-02,910.4000244140625,921.0,906.0999755859375,917.7000122070312,1857324
2023-05-03,920.9500122070312,924.5,917.0,920.6500244140625,2566561
2023-05-04,920.6500244140625,935.4000244140625,920.6500244140625,933.5,3393228
2023-05-05,935.0,935.2000122070312,920.8499755859375,924.7999877929688,2262141
2023-05-08,927.2000122070312,934.9000244140625,919.6500244140625,933.2999877929688,3877794
2023-05-09,935.0,943.0,929.0999755859375,939.2000122070312,2657968
2023-05-10,943.5,946.7000122070312,933.2000122070312,944.4000244140625,1618668
2023-05-11,946.4500122070312,947.0,935.0,943.5999755859375,1537103
2023-05-12,948.8499755859375,953.0,913.0,937.4500122070312,3850078
2023-05-15,940.0,940.0,896.8499755859375,922.7999877929688,5487301
2023-05-16,927.4000244140625,942.6500244140625,918.4000244140625,922.0999755859375,2964696
2023-05-17,924.9500122070312,932.0,917.0,923.9500122070312,1866976
2023-05-18,929.0,929.6500244140625,911.5499877929688,914.5,1881606
2023-05-19,917.0,922.0,913.0,916.25,1168086
2023-05-22,916.25,931.0499877929688,915.4500122070312,924.9500122070312,1402783
2023-05-23,926.4000244140625,932.2999877929688,919.5,930.4000244140625,1577827
2023-05-24,923.5,939.9000244140625,923.5,938.0,1034319
2023-05-25,941.4500122070312,947.0,935.0,945.4500122070312,2178211
2023-05-26,945.9000244140625,952.75,940.5,951.3499755859375,1130476
2023-05-29,952.0,959.2000122070312,945.0999755859375,956.25,1744868
2023-05-30,957.5999755859375,961.5,951.0,959.8499755859375,1337311
2023-05-31,960.2000122070312,965.0,942.2999877929688,953.0499877929688,3561991
2023-06-01,950.0,966.5,946.75,964.75,1132919
2023-06-02,965.9000244140625,969.6500244140625,954.6500244140625,965.8499755859375,1098485
2023-06-05,970.0,976.9000244140625,959.1500244140625,974.7999877929688,1469770
2023-06-06,972.9000244140625,974.9500122070312,964.0499877929688,972.0499877929688,2079735
2023-06-07,972.9500122070312,977.9000244140625,958.5,960.4500122070312,1614117
2023-06-08,964.9000244140625,969.8499755859375,963.0,965.4000244140625,1481632
2023-06-09,966.0,971.0,959.1500244140625,969.25,717024
2023-06-12,973.25,973.25,955.1500244140625,959.9500122070312,1239721
2023-06-13,963.0,983.8499755859375,957.0,981.5,2158120
2023-06-14,981.5,981.9000244140625,972.5999755859375,978.7000122070312,1831109
2023-06-15,981.9500122070312,1000.0,980.5999755859375,998.2000122070312,1804458
2023-06-16,1000.0,1007.1500244140625,993.75,1006.0499877929688,1572197
2023-06-19,1006.25,1017.5499877929688,999.2000122070312,1011.25,1015057
2023-06-20,1013.8499755859375,1018.7999877929688,1002.5999755859375,1011.1500244140625,1413571
2023-06-21,1010.2000122070312,1013.4500122070312,1002.25,1008.9000244140625,1140198
2023-06-22,1003.0999755859375,1007.0,990.0999755859375,998.2999877929688,2852669
2023-06-23,999.9500122070312,999.9500122070312,985.6500244140625,989.4000244140625,1776614
2023-06-26,989.3499755859375,1025.0,989.3499755859375,1021.9000244140625,2313439
2023-06-27,1024.0,1026.0999755859375,1005.0,1009.25,1651238
2023-06-28,1007.0,1018.5,1004.0499877929688,1009.9000244140625,1653212
2023-06-30,1009.9000244140625,1021.4500122070312,1005.0,1014.9500122070312,1963457
2023-07-03,1020.5,1029.9000244140625,999.0,1001.7999877929688,1454455
2023-07-04,1007.9500122070312,1016.0,996.5,1011.8499755859375,1112255
2023-07-05,1017.0,1018.7999877929688,1005.4000244140625,1010.7999877929688,748219
2023-07-06,1012.0,1023.5499877929688,1011.4000244140625,1021.25,1236819
2023-07-07,1009.4500122070312,1028.75,998.0499877929688,1020.6500244140625,1914093
2023-07-10,1024.0,1026.0,1013.0,1016.7000122070312,1142988
2023-07-11,1018.9500122070312,1033.5,1018.0,1027.800048828125,814514
2023-07-12,1025.0,1032.9000244140625,1019.9500122070312,1022.2000122070312,1163653
2023-07-13,1027.8499755859375,1036.0,1018.0499877929688,1020.7000122070312,1419223
2023-07-14,1026.1500244140625,1034.800048828125,1019.3499755859375,1030.9000244140625,787233
2023-07-17,1036.199951171875,1039.0,1025.4000244140625,1032.6500244140625,1047614
2023-07-18,1032.6500244140625,1035.199951171875,1019.5,1030.800048828125,780402
2023-07-19,1030.0,1042.0,1022.7000122070312,1035.800048828125,1069988
2023-07-20,1038.949951171875,1057.9000244140625,1027.0,1056.550048828125,1280545
2023-07-21,1048.9000244140625,1062.0,1045.050048828125,1048.949951171875,879139
2023-07-24,1048.949951171875,1053.0,1038.0,1048.949951171875,936947
2023-07-25,1058.0,1061.75,1049.4000244140625,1054.75,599999
2023-07-26,1060.0,1082.050048828125,1042.1500244140625,1068.5,1854416
2023-07-27,1115.0,1219.4000244140625,1108.550048828125,1171.449951171875,14590950
2023-07-28,1171.449951171875,1190.4000244140625,1155.699951171875,1177.800048828125,4454009
2023-07-31,1181.800048828125,1184.75,1165.4000244140625,1175.0,2221571
2023-08-01,1175.0,1187.300048828125,1168.0999755859375,1178.3499755859375,1362536
2023-08-02,1185.0,1185.0,1153.550048828125,1168.300048828125,1861901
2023-08-03,1166.050048828125,1178.949951171875,1150.0,1165.8499755859375,2574025
2023-08-04,1171.0,1238.699951171875,1171.0,1209.75,8359856
2023-08-07,1195.0,1228.5,1174.199951171875,1223.6500244140625,2468250
2023-08-08,1225.0,1269.0,1224.050048828125,1266.449951171875,5064238
2023-08-09,1270.0,1271.6500244140625,1252.25,1266.050048828125,2105178
2023-08-10,1266.0,1277.9000244140625,1248.0999755859375,1258.949951171875,2102129
2023-08-11,1258.300048828125,1258.800048828125,1245.0,1250.199951171875,1286301
2023-08-14,1250.199951171875,1252.0,1231.6500244140625,1235.5999755859375,830936
2023-08-16,1231.550048828125,1246.0,1226.050048828125,1243.550048828125,1665083
2023-08-17,1235.0,1245.8499755859375,1226.050048828125,1241.0,1855386
2023-08-18,1239.0,1257.0,1231.0,1236.4000244140625,1292509
2023-08-21,1237.449951171875,1245.300048828125,1230.300048828125,1233.800048828125,1101408
2023-08-22,1233.800048828125,1240.25,1218.050048828125,1221.0,1379445
2023-08-23,1252.050048828125,1259.9000244140625,1225.050048828125,1230.6500244140625,2562635
2023-08-24,1235.199951171875,1239.6500244140625,1217.0,1220.5,848018
2023-08-25,1217.949951171875,1219.9000244140625,1205.0,1209.4000244140625,887533
2023-08-28,1212.0,1237.0,1211.0,1228.9000244140625,1666004
2023-08-29,1232.0,1245.6500244140625,1227.300048828125,1229.75,1209087
2023-08-30,1234.699951171875,1256.800048828125,1231.1500244140625,1236.1500244140625,1282450
2023-08-31,1240.1500244140625,1266.0999755859375,1223.199951171875,1257.5999755859375,3103295
2023-09-01,1264.9000244140625,1268.9000244140625,1239.6500244140625,1245.4000244140625,1167597
2023-09-04,1250.300048828125,1255.4000244140625,1232.550048828125,1238.8499755859375,1126182
2023-09-05,1255.0,1266.0,1235.0999755859375,1238.949951171875,2179947
2023-09-06,1246.1500244140625,1267.0,1242.5999755859375,1256.75,2721714
2023-09-07,1259.0,1261.0,1245.0,1249.300048828125,849621
2023-09-08,1249.5,1262.0,1239.0,1244.5999755859375,787710
2023-09-11,1244.5999755859375,1252.75,1236.5,1247.3499755859375,1162138
2023-09-12,1247.949951171875,1259.9000244140625,1234.949951171875,1239.800048828125,1132283
2023-09-13,1242.0,1250.0,1223.300048828125,1228.5,1627384
2023-09-14,1230.0,1244.25,1225.0,1233.75,1713142
2023-09-15,1234.800048828125,1241.949951171875,1228.300048828125,1235.5,1938487
2023-09-18,1240.949951171875,1257.5999755859375,1237.050048828125,1240.550048828125,1864030
2023-09-20,1243.25,1252.5999755859375,1236.0,1239.699951171875,1701959
2023-09-21,1232.0,1240.25,1204.0,1206.4000244140625,1895731
2023-09-22,1207.4000244140625,1209.0999755859375,1168.550048828125,1185.9000244140625,2796199
2023-09-25,1186.0,1197.1500244140625,1177.0,1179.3499755859375,1267600
2023-09-26,1181.0,1185.0,1161.5,1163.6500244140625,1056359
2023-09-27,1187.0,1189.0,1170.0999755859375,1180.5,2165043
2023-09-28,1180.5,1185.0,1158.9000244140625,1164.050048828125,1303811
2023-09-29,1169.9000244140625,1199.199951171875,1165.0,1186.1500244140625,1878381
2023-10-03,1184.0,1185.699951171875,1170.949951171875,1182.800048828125,1581125
2023-10-04,1178.0999755859375,1185.0,1161.300048828125,1167.050048828125,999123
2023-10-05,1170.0999755859375,1172.949951171875,1155.25,1161.0999755859375,1446743
2023-10-06,1165.0,1181.699951171875,1160.449951171875,1163.0,928951
2023-10-09,1159.0,1166.8499755859375,1151.6500244140625,1159.5,822110
2023-10-10,1160.0999755859375,1163.5999755859375,1150.5,1155.050048828125,822199
2023-10-11,1151.0,1175.0,1146.5,1171.949951171875,1465239
2023-10-12,1179.050048828125,1186.3499755859375,1152.449951171875,1157.9000244140625,2533930
2023-10-13,1156.0,1169.199951171875,1150.0,1167.75,940547
2023-10-16,1166.300048828125,1170.0999755859375,1158.800048828125,1164.4000244140625,802207
2023-10-17,1168.0,1178.050048828125,1160.6500244140625,1173.5,877856
2023-10-18,1185.0,1219.449951171875,1176.1500244140625,1210.5999755859375,7367540
2023-10-19,1210.5,1225.0,1189.6500244140625,1223.300048828125,2157683
2023-10-20,1221.8499755859375,1221.8499755859375,1198.25,1200.199951171875,692067
2023-10-23,1200.0,1210.199951171875,1178.449951171875,1183.800048828125,957929
2023-10-25,1184.5,1188.75,1154.050048828125,1157.449951171875,1433911
2023-10-26,1154.800048828125,1155.0,1132.0,1150.8499755859375,2016469
2023-10-27,1152.0,1197.9000244140625,1149.25,1174.25,1775011
2023-10-30,1186.0,1212.4000244140625,1177.5,1193.449951171875,2853500
2023-10-31,1199.949951171875,1206.0999755859375,1191.0999755859375,1200.0,1720955
2023-11-01,1200.0,1208.699951171875,1186.550048828125,1201.25,1051902
2023-11-02,1205.5,1211.8499755859375,1194.6500244140625,1208.5,1556467
2023-11-03,1215.0,1219.75,1204.0,1206.3499755859375,772013
2023-11-06,1211.949951171875,1217.0,1197.25,1204.0999755859375,1262938
2023-11-07,1205.0,1217.5,1200.75,1216.449951171875,1210644
2023-11-08,1222.0,1242.4000244140625,1220.0,1241.0,1107006
2023-11-09,1242.0,1245.0,1232.0,1238.1500244140625,751433
2023-11-10,1237.8499755859375,1242.0,1230.0,1240.0999755859375,576673
2023-11-13,1243.0,1243.0,1230.6500244140625,1240.550048828125,689808
2023-11-15,1260.0,1260.0,1237.699951171875,1241.75,1323010
2023-11-16,1241.050048828125,1246.300048828125,1232.6500244140625,1234.800048828125,1251094
2023-11-17,1236.0,1256.0999755859375,1235.5,1249.4000244140625,992848
2023-11-20,1241.5,1256.0,1241.0,1247.0999755859375,848916
2023-11-21,1246.949951171875,1255.0,1242.1500244140625,1253.25,594738
2023-11-22,1256.949951171875,1283.550048828125,1254.0,1271.5,1735497
2023-11-23,1270.0,1270.0,1164.550048828125,1170.6500244140625,7643376
2023-11-24,1190.050048828125,1205.0,1178.0,1198.6500244140625,5331201
2023-11-28,1200.0,1202.75,1188.0,1192.300048828125,1691543
2023-11-29,1198.75,1206.800048828125,1191.75,1201.550048828125,2173427
2023-11-30,1200.0,1217.6500244140625,1198.0999755859375,1212.300048828125,3219799
2023-12-01,1213.449951171875,1217.8499755859375,1203.5,1205.699951171875,1078680
2023-12-04,1212.300048828125,1219.0999755859375,1206.25,1216.5,2097408
2023-12-05,1222.5999755859375,1229.0,1216.0,1224.449951171875,2132150
2023-12-06,1225.0,1229.8499755859375,1201.0,1205.199951171875,1416770
2023-12-07,1206.0,1225.0,1197.0,1222.800048828125,1269290
2023-12-08,1225.0,1231.199951171875,1204.0,1219.0999755859375,1453955
2023-12-11,1217.5999755859375,1218.949951171875,1195.050048828125,1202.300048828125,1565455
2023-12-12,1210.5999755859375,1214.25,1195.199951171875,1198.6500244140625,899911
2023-12-13,1198.6500244140625,1217.949951171875,1195.199951171875,1216.5,1809563
2023-12-14,1219.050048828125,1222.550048828125,1201.0999755859375,1204.6500244140625,1809248
2023-12-15,1215.0,1217.5999755859375,1202.8499755859375,1207.0999755859375,1976112
2023-12-18,1205.5999755859375,1218.949951171875,1192.0999755859375,1216.800048828125,1995091
2023-12-19,1219.449951171875,1240.1500244140625,1212.199951171875,1237.0999755859375,1738507
2023-12-20,1239.0,1248.0,1231.0,1236.199951171875,2484819
2023-12-21,1236.199951171875,1236.199951171875,1205.8499755859375,1221.8499755859375,1580136
2023-12-22,1230.050048828125,1242.5,1221.6500244140625,1235.5999755859375,1969524
2023-12-26,1240.0,1250.0,1231.8499755859375,1244.949951171875,820163
2023-12-27,1247.0,1250.3499755859375,1236.699951171875,1239.75,2528609
2023-12-28,1239.75,1263.800048828125,1239.75,1260.800048828125,2592699
2023-12-29,1264.0,1267.5999755859375,1242.050048828125,1246.300048828125,1794218
2024-01-01,1252.449951171875,1256.800048828125,1246.699951171875,1251.0,343584
2024-01-02,1255.0999755859375,1285.0,1252.0999755859375,1281.550048828125,2589484
2024-01-03,1291.0,1307.0,1274.050048828125,1300.1500244140625,2357093
2024-01-04,1304.0,1308.0,1286.6500244140625,1296.6500244140625,1248143
2024-01-05,1300.0,1301.550048828125,1276.1500244140625,1286.9000244140625,1013196
2024-01-08,1296.6500244140625,1297.0,1266.199951171875,1271.75,740848
2024-01-09,1284.0,1295.0,1273.4000244140625,1289.3499755859375,1133466
2024-01-10,1296.0,1331.5,1294.300048828125,1329.199951171875,3625567
2024-01-11,1339.8499755859375,1340.0,1323.050048828125,1325.6500244140625,1097204
2024-01-12,1324.199951171875,1325.6500244140625,1300.4000244140625,1308.0,2051301
2024-01-15,1316.0,1327.75,1306.5999755859375,1313.1500244140625,762036
2024-01-16,1313.1500244140625,1314.4000244140625,1298.25,1302.3499755859375,1030845
2024-01-17,1299.3499755859375,1312.9000244140625,1282.0999755859375,1294.0,2073596
2024-01-18,1285.050048828125,1327.199951171875,1267.9000244140625,1322.949951171875,1723297
2024-01-19,1330.949951171875,1330.949951171875,1316.5999755859375,1327.949951171875,1135846
2024-01-23,1385.0,1425.0,1368.699951171875,1409.0,7556815
2024-01-24,1409.0,1423.050048828125,1394.8499755859375,1417.3499755859375,1808713
2024-01-25,1413.3499755859375,1413.449951171875,1353.5,1369.6500244140625,1801468
2024-01-29,1365.0,1365.0,1325.300048828125,1336.8499755859375,2480508
2024-01-30,1345.0,1352.0,1314.1500244140625,1317.0999755859375,1908926
2024-01-31,1317.0999755859375,1352.9000244140625,1312.0,1351.0,1723379
2024-02-01,1359.699951171875,1394.8499755859375,1352.050048828125,1387.6500244140625,2784507
2024-02-02,1387.0,1404.699951171875,1385.0,1392.6500244140625,1161705
2024-02-05,1400.6500244140625,1447.0,1394.300048828125,1433.9000244140625,2369316
2024-02-06,1444.8499755859375,1445.9000244140625,1412.550048828125,1425.449951171875,979752
2024-02-07,1436.0,1444.5,1420.8499755859375,1438.75,890299
2024-02-08,1448.0,1457.699951171875,1417.6500244140625,1420.199951171875,1447767
2024-02-09,1428.0999755859375,1447.550048828125,1417.050048828125,1439.75,1215784
2024-02-12,1440.0,1452.75,1425.0,1434.75,453460
2024-02-13,1439.0,1463.550048828125,1430.0,1457.75,981536
2024-02-14,1454.800048828125,1454.800048828125,1410.449951171875,1425.3499755859375,1113254
2024-02-15,1425.3499755859375,1437.949951171875,1412.0,1422.3499755859375,1402161
2024-02-16,1430.0,1449.0,1425.9000244140625,1440.699951171875,857301
2024-02-19,1444.949951171875,1473.5999755859375,1438.949951171875,1470.3499755859375,888909
2024-02-20,1475.0,1479.0,1436.0,1451.6500244140625,1550412
2024-02-21,1452.0,1462.5,1433.449951171875,1447.300048828125,1074054
2024-02-22,1455.550048828125,1456.0,1420.550048828125,1453.300048828125,1582836
2024-02-23,1456.1500244140625,1482.3499755859375,1449.75,1466.4000244140625,1308103
2024-02-26,1473.5,1481.199951171875,1461.550048828125,1469.8499755859375,898290
2024-02-27,1473.449951171875,1491.0,1469.699951171875,1487.449951171875,1231196
2024-02-28,1491.449951171875,1493.949951171875,1470.0,1477.0,1083605
2024-02-29,1475.949951171875,1490.0,1451.4000244140625,1480.3499755859375,4923680
2024-03-01,1494.0,1494.0,1460.0,1470.9000244140625,1982189
2024-03-04,1483.0,1495.300048828125,1469.75,1471.5,1147249
2024-03-05,1465.1500244140625,1479.699951171875,1452.800048828125,1473.449951171875,1306046
2024-03-06,1476.0,1489.9000244140625,1448.1500244140625,1485.25,1158132
2024-03-07,1485.25,1490.449951171875,1475.5,1483.1500244140625,1569074
2024-03-11,1493.0,1519.0,1488.550048828125,1504.0999755859375,2183994
2024-03-12,1512.0,1514.0,1460.0,1465.75,1855916
2024-03-13,1470.0,1479.0,1449.0,1471.25,1720173
2024-03-14,1467.0999755859375,1501.449951171875,1454.3499755859375,1496.6500244140625,1748907
2024-03-15,1494.800048828125,1496.199951171875,1466.050048828125,1488.050048828125,1537072
2024-03-18,1489.0,1495.8499755859375,1471.0,1488.449951171875,996530
2024-03-19,1482.550048828125,1486.800048828125,1431.0999755859375,1435.699951171875,1647925
2024-03-20,1435.800048828125,1444.9000244140625,1415.5999755859375,1417.4000244140625,1728210
2024-03-21,1427.0,1455.0999755859375,1420.199951171875,1448.699951171875,1699939
2024-03-22,1453.0,1489.5999755859375,1451.050048828125,1481.25,1746930
2024-03-26,1473.0,1481.25,1460.0,1472.25,1635695
2024-03-27,1484.0,1496.0,1458.0,1463.3499755859375,1642266
2024-03-28,1472.0,1514.199951171875,1461.1500244140625,1496.949951171875,2110407
2024-04-01,1510.0,1510.0,1493.800048828125,1498.6500244140625,563831
2024-04-02,1502.9000244140625,1502.9000244140625,1483.300048828125,1489.4000244140625,614238
2024-04-03,1493.3499755859375,1501.550048828125,1467.0,1471.5,1465540
2024-04-04,1479.0,1481.199951171875,1445.0999755859375,1459.550048828125,1474799
2024-04-05,1439.0,1474.0,1437.5,1449.4000244140625,1211684
2024-04-08,1457.1500244140625,1472.8499755859375,1449.4000244140625,1462.449951171875,1039235
2024-04-09,1467.75,1470.0,1447.0999755859375,1450.300048828125,1225255
2024-04-10,1453.1500244140625,1455.300048828125,1406.0,1422.949951171875,2493253
2024-04-12,1423.0,1424.8499755859375,1388.0,1396.800048828125,2190583
2024-04-15,1389.949951171875,1399.0,1375.550048828125,1381.4000244140625,1125072
2024-04-16,1385.0,1391.949951171875,1371.550048828125,1375.199951171875,1433760
2024-04-18,1376.0,1383.6500244140625,1342.4000244140625,1347.300048828125,2974196
2024-04-19,1347.0,1357.699951171875,1335.0,1345.75,1173025
2024-04-22,1350.25,1361.949951171875,1348.0,1354.8499755859375,974434
2024-04-23,1369.75,1369.75,1344.5,1346.699951171875,1031497
2024-04-24,1353.449951171875,1401.9000244140625,1352.199951171875,1398.199951171875,4415480
2024-04-25,1407.0,1410.449951171875,1384.0999755859375,1406.199951171875,2027213
2024-04-26,1413.0999755859375,1417.199951171875,1401.25,1409.1500244140625,695034
2024-04-29,1419.0,1420.0999755859375,1392.4000244140625,1408.0,1082487
2024-04-30,1415.050048828125,1418.949951171875,1395.050048828125,1400.0,1327606
2024-05-02,1400.0,1426.0,1398.1500244140625,1420.050048828125,1540210
2024-05-03,1428.0,1434.0,1415.199951171875,1424.75,804513
2024-05-06,1431.0,1431.8499755859375,1405.050048828125,1423.4000244140625,929301
2024-05-07,1423.4000244140625,1428.8499755859375,1377.75,1387.199951171875,1085239
2024-05-08,1375.050048828125,1398.1500244140625,1375.050048828125,1384.75,1497782
2024-05-09,1387.8499755859375,1392.199951171875,1353.0,1358.800048828125,1152636
2024-05-10,1371.3499755859375,1396.9000244140625,1317.25,1339.550048828125,5080539
2024-05-13,1371.0,1425.949951171875,1369.550048828125,1414.6500244140625,7910590
2024-05-14,1410.0,1410.0,1350.0999755859375,1357.3499755859375,3721994
2024-05-15,1395.0,1428.449951171875,1386.699951171875,1406.699951171875,7893092
2024-05-16,1409.0,1425.9000244140625,1387.300048828125,1421.0999755859375,3226214
2024-05-17,1417.0999755859375,1419.9000244140625,1396.4000244140625,1399.050048828125,3443452
2024-05-21,1410.0,1445.949951171875,1396.4000244140625,1442.300048828125,2939271
2024-05-22,1450.949951171875,1494.800048828125,1437.25,1482.300048828125,4216347
2024-05-23,1482.0,1504.550048828125,1462.699951171875,1489.1500244140625,4389470
2024-05-24,1489.1500244140625,1493.9000244140625,1479.050048828125,1486.449951171875,758326
2024-05-27,1491.0,1492.550048828125,1475.199951171875,1478.6500244140625,1393334
2024-05-28,1482.949951171875,1494.75,1475.199951171875,1479.449951171875,784496
2024-05-29,1475.25,1497.5999755859375,1472.5999755859375,1493.550048828125,1607691
2024-05-30,1495.050048828125,1496.550048828125,1454.0,1466.5999755859375,1732140
2024-05-31,1466.949951171875,1472.699951171875,1440.0,1447.199951171875,3270743
2024-06-03,1482.0,1483.0,1446.050048828125,1452.3499755859375,1335614
2024-06-04,1460.0,1476.949951171875,1418.550048828125,1462.550048828125,2049577
2024-06-05,1490.0,1514.0,1466.8499755859375,1496.949951171875,1834280
2024-06-06,1500.0,1501.0,1464.0,1477.0,1605122
2024-06-07,1484.0,1503.4000244140625,1479.300048828125,1497.25,1591055
2024-06-10,1506.9000244140625,1540.8499755859375,1502.0,1534.25,2751606
2024-06-11,1545.0,1546.449951171875,1527.0,1530.25,1699446
2024-06-12,1542.449951171875,1549.0,1532.0,1540.949951171875,1578793
2024-06-13,1550.0,1551.0,1520.4000244140625,1544.550048828125,1525789
2024-06-14,1545.0,1567.0,1535.800048828125,1564.75,1845043
2024-06-18,1570.0,1576.949951171875,1563.5999755859375,1574.800048828125,2068897
2024-06-19,1577.4000244140625,1582.0,1553.4000244140625,1559.800048828125,1881544
2024-06-20,1558.0,1559.1500244140625,1540.0,1544.8499755859375,1705002
2024-06-21,1549.9000244140625,1562.9000244140625,1533.5,1541.550048828125,2613883
2024-06-24,1528.0,1528.0,1495.050048828125,1504.4000244140625,1283529
2024-06-25,1511.5999755859375,1517.800048828125,1495.5,1499.699951171875,1199626
2024-06-26,1503.699951171875,1507.199951171875,1475.0,1479.0999755859375,1930909
2024-06-27,1481.0,1486.199951171875,1465.300048828125,1480.9000244140625,2792582
2024-06-28,1486.300048828125,1492.199951171875,1476.050048828125,1480.800048828125,2087765
2024-07-01,1484.949951171875,1493.699951171875,1472.199951171875,1479.0999755859375,1313651
2024-07-02,1480.0,1492.75,1479.25,1488.6500244140625,1191962
2024-07-03,1494.0,1500.0,1474.5999755859375,1483.75,1061247
2024-07-04,1477.75,1488.949951171875,1467.0,1480.75,1498413
2024-07-05,1487.0,1516.0,1486.0,1509.9000244140625,2188675
2024-07-08,1516.0,1524.6500244140625,1483.199951171875,1487.050048828125,1524489
2024-07-09,1496.9000244140625,1515.0,1487.300048828125,1512.050048828125,1791406
2024-07-10,1512.0999755859375,1517.25,1492.25,1513.199951171875,671042
2024-07-11,1517.0,1519.0,1495.0,1506.0,1314312
2024-07-12,1506.050048828125,1515.0,1502.4000244140625,1512.050048828125,1192685
2024-07-15,1516.5999755859375,1531.949951171875,1513.25,1517.199951171875,1825510
2024-07-16,1517.199951171875,1524.449951171875,1503.0999755859375,1510.4000244140625,963199
2024-07-18,1497.0,1513.0,1485.5999755859375,1506.6500244140625,2169744
2024-07-19,1501.5999755859375,1506.0,1480.199951171875,1485.5,868261
2024-07-22,1475.050048828125,1507.050048828125,1470.6500244140625,1490.0,1328847
2024-07-23,1490.0,1504.0,1475.1500244140625,1497.9000244140625,1241630
2024-07-24,1495.3499755859375,1511.300048828125,1485.0,1503.5,2266300
2024-07-25,1498.0,1508.699951171875,1489.800048828125,1500.050048828125,2200932
2024-07-26,1504.75,1600.0,1501.0,1575.0,4687416
2024-07-29,1588.0,1589.0,1528.800048828125,1553.949951171875,3983153
2024-07-30,1554.0,1564.050048828125,1526.0,1528.9000244140625,2988651
2024-07-31,1530.0999755859375,1548.550048828125,1523.550048828125,1544.300048828125,1645138
2024-08-01,1545.949951171875,1552.5,1535.550048828125,1546.199951171875,1529481
2024-08-02,1529.0,1541.4000244140625,1523.699951171875,1528.800048828125,1353707
2024-08-05,1472.0,1527.949951171875,1472.0,1515.050048828125,1719770
2024-08-06,1513.0,1542.3499755859375,1505.699951171875,1531.9000244140625,1775016
2024-08-07,1532.0999755859375,1556.9000244140625,1532.0999755859375,1553.550048828125,1359682
2024-08-08,1545.0,1589.6500244140625,1545.0,1569.949951171875,3541556
2024-08-09,1574.800048828125,1581.199951171875,1561.5,1574.75,956684
2024-08-12,1574.699951171875,1593.0,1571.050048828125,1586.25,1731555
2024-08-13,1600.0,1606.699951171875,1580.0,1583.449951171875,2281463
2024-08-14,1597.0,1597.0,1555.0,1563.800048828125,896638
2024-08-16,1567.0,1580.449951171875,1560.0,1576.0999755859375,909870
2024-08-19,1578.449951171875,1584.949951171875,1569.699951171875,1575.5,742635
2024-08-20,1576.5,1579.0,1558.199951171875,1562.8499755859375,1413845
2024-08-21,1565.6500244140625,1596.1500244140625,1561.0,1594.5999755859375,1074905
2024-08-22,1599.0,1599.0,1576.050048828125,1585.800048828125,906819
2024-08-23,1580.050048828125,1585.800048828125,1568.449951171875,1574.550048828125,770573
2024-08-26,1570.0,1596.0,1566.550048828125,1593.949951171875,658120
2024-08-27,1586.5,1619.800048828125,1586.5,1598.050048828125,1570234
2024-08-28,1604.0,1630.0,1595.199951171875,1618.199951171875,1433847
2024-08-29,1622.0,1642.300048828125,1609.0,1618.550048828125,2749546
2024-08-30,1615.0,1663.699951171875,1615.0,1654.9000244140625,3296701
2024-09-02,1669.0,1681.5999755859375,1642.0,1646.6500244140625,1306971
2024-09-03,1643.300048828125,1659.8499755859375,1643.300048828125,1653.199951171875,1264708
2024-09-04,1635.050048828125,1658.0,1630.800048828125,1651.9000244140625,1019049
2024-09-05,1651.0999755859375,1659.949951171875,1623.4000244140625,1627.75,1081756
2024-09-06,1627.75,1631.949951171875,1608.050048828125,1611.050048828125,913336
2024-09-09,1611.050048828125,1636.800048828125,1610.0,1620.1500244140625,1003511
2024-09-10,1633.0,1644.3499755859375,1624.300048828125,1632.0,1248269
2024-09-11,1627.0999755859375,1652.300048828125,1624.25,1628.3499755859375,1243738
2024-09-12,1635.0,1660.0,1630.550048828125,1657.25,1728200
2024-09-13,1658.9000244140625,1669.199951171875,1643.5,1659.699951171875,747149
2024-09-16,1661.199951171875,1671.8499755859375,1654.1500244140625,1659.4000244140625,683436
2024-09-17,1660.0,1683.0,1656.699951171875,1671.800048828125,958137
2024-09-18,1673.0,1673.0,1638.050048828125,1651.5999755859375,1084127
2024-09-19,1660.0,1668.0,1632.75,1637.699951171875,2048750
2024-09-20,1645.9000244140625,1652.5999755859375,1609.800048828125,1638.6500244140625,2504382
2024-09-23,1646.8499755859375,1664.8499755859375,1638.0,1658.1500244140625,1129445
2024-09-24,1625.0,1659.5999755859375,1624.949951171875,1637.550048828125,1476260
2024-09-25,1638.0,1649.0,1618.25,1643.199951171875,759761
2024-09-26,1643.199951171875,1652.449951171875,1602.300048828125,1621.800048828125,2613098
2024-09-27,1630.1500244140625,1679.050048828125,1630.0,1672.5,3866952
2024-09-30,1675.0,1678.9000244140625,1646.300048828125,1654.0999755859375,1313437
2024-10-01,1660.0,1667.050048828125,1651.550048828125,1664.8499755859375,945740
2024-10-03,1661.25,1678.0,1640.3499755859375,1656.550048828125,1533472
2024-10-04,1645.0999755859375,1656.4000244140625,1577.300048828125,1623.300048828125,2371220
2024-10-07,1623.0,1644.8499755859375,1612.050048828125,1624.6500244140625,1553239
2024-10-08,1624.6500244140625,1653.199951171875,1623.8499755859375,1640.699951171875,1239808
2024-10-09,1630.5,1702.050048828125,1630.5,1680.5,1671718
2024-10-10,1693.949951171875,1694.0,1614.0999755859375,1618.9000244140625,2288313
2024-10-11,1602.0999755859375,1613.800048828125,1573.75,1595.75,1894245
2024-10-14,1600.0,1605.949951171875,1571.050048828125,1598.449951171875,2301224
2024-10-15,1601.9000244140625,1604.949951171875,1568.0,1571.75,2206500
2024-10-16,1561.4000244140625,1573.0,1550.4000244140625,1562.199951171875,2519123
2024-10-17,1562.199951171875,1578.699951171875,1552.1500244140625,1558.699951171875,1498368
2024-10-18,1549.050048828125,1562.050048828125,1536.3499755859375,1551.699951171875,1879293
2024-10-21,1552.0,1561.25,1517.1500244140625,1523.75,1297970
2024-10-22,1523.0,1526.699951171875,1501.5,1510.3499755859375,1757792
2024-10-23,1504.75,1514.0999755859375,1482.300048828125,1485.5999755859375,1925211
2024-10-24,1496.0,1508.0,1482.050048828125,1492.300048828125,1178365
2024-10-25,1492.300048828125,1506.75,1478.800048828125,1488.9000244140625,1175088
2024-10-28,1496.800048828125,1513.199951171875,1471.699951171875,1503.1500244140625,928896
2024-10-29,1510.0,1517.1500244140625,1450.0,1477.550048828125,3475282
2024-10-30,1440.0,1440.0,1403.0,1418.25,5064434
2024-10-31,1560.050048828125,1565.949951171875,1518.050048828125,1551.75,17447689
2024-11-01,1565.0999755859375,1573.449951171875,1551.75,1559.550048828125,538362
2024-11-04,1584.0,1602.949951171875,1563.0,1584.5999755859375,4190449
2024-11-05,1583.5999755859375,1609.949951171875,1577.6500244140625,1601.199951171875,2238168
2024-11-06,1610.199951171875,1612.3499755859375,1581.0,1594.050048828125,2074821
2024-11-07,1600.0,1602.0,1558.550048828125,1576.1500244140625,1512145
2024-11-08,1575.0999755859375,1597.75,1568.699951171875,1592.5999755859375,1718495
2024-11-11,1590.0999755859375,1599.75,1544.5,1552.800048828125,1725382
2024-11-12,1551.050048828125,1556.949951171875,1521.949951171875,1525.1500244140625,2782808
2024-11-13,1516.5,1525.9000244140625,1501.199951171875,1505.5999755859375,1552443
2024-11-14,1497.0,1517.0,1490.25,1499.75,1469143
2024-11-18,1497.5,1505.1500244140625,1460.8499755859375,1465.25,1760344
2024-11-19,1465.0,1485.8499755859375,1456.8499755859375,1471.550048828125,1116002
2024-11-21,1470.0,1478.0999755859375,1453.8499755859375,1465.5,1363706
2024-11-22,1466.0,1496.1500244140625,1460.050048828125,1486.5,704859
2024-11-25,1495.9000244140625,1507.5,1487.5,1503.300048828125,2453548
2024-11-26,1515.0,1515.0,1490.050048828125,1492.699951171875,873585
2024-11-27,1487.0999755859375,1502.0,1468.5,1491.1500244140625,1676606
2024-11-28,1485.0999755859375,1505.0,1473.9000244140625,1492.75,4358321
2024-11-29,1490.0,1547.699951171875,1490.0,1533.9000244140625,3256635
2024-12-02,1532.0,1548.5,1504.300048828125,1507.699951171875,5328936
2024-12-03,1517.050048828125,1549.4000244140625,1508.5,1533.9000244140625,1951182
2024-12-04,1530.0,1536.75,1492.25,1500.8499755859375,2971135
2024-12-05,1507.0,1507.0,1470.0999755859375,1498.25,4084059
2024-12-06,1513.25,1513.25,1476.0,1477.4000244140625,3768932
2024-12-09,1480.0,1484.75,1467.300048828125,1469.0,2144057
2024-12-10,1476.949951171875,1479.0,1452.300048828125,1455.199951171875,3397465
2024-12-11,1456.0999755859375,1467.9000244140625,1448.0,1454.0999755859375,2448702
2024-12-12,1460.0,1461.3499755859375,1438.5999755859375,1445.4000244140625,2651833
2024-12-13,1445.0999755859375,1449.5,1423.800048828125,1447.300048828125,1318852
2024-12-16,1448.0,1457.550048828125,1436.0999755859375,1448.449951171875,2076469
2024-12-17,1470.0,1483.0,1448.0,1450.8499755859375,3500888
2024-12-18,1455.0,1482.949951171875,1453.199951171875,1472.4000244140625,2499842
2024-12-19,1450.0,1510.050048828125,1449.9000244140625,1506.550048828125,3426222
2024-12-20,1506.550048828125,1506.5999755859375,1469.050048828125,1472.050048828125,2196991
2024-12-23,1473.949951171875,1491.0,1458.800048828125,1476.050048828125,760728
2024-12-24,1476.0,1487.5999755859375,1461.300048828125,1475.75,909994
2024-12-26,1475.75,1494.949951171875,1466.25,1490.550048828125,1254464
2024-12-27,1488.5999755859375,1512.75,1484.0,1506.5999755859375,1446303
2024-12-30,1509.0,1526.699951171875,1495.0999755859375,1521.4000244140625,1501086
2024-12-31,1517.9000244140625,1535.949951171875,1514.5999755859375,1529.0,1664122
2025-01-01,1531.949951171875,1547.8499755859375,1518.699951171875,1529.0999755859375,1578715
2025-01-02,1534.9000244140625,1543.449951171875,1527.25,1537.9000244140625,1448048
2025-01-03,1539.0,1539.0,1505.0999755859375,1511.25,1581838
2025-01-06,1500.0,1509.25,1479.5,1491.4000244140625,981443
2025-01-07,1490.0,1510.0,1487.949951171875,1497.449951171875,1045516
2025-01-08,1504.9000244140625,1513.0,1487.550048828125,1494.9000244140625,1277871
2025-01-09,1490.0999755859375,1499.4000244140625,1481.0,1488.199951171875,995821
2025-01-10,1483.0999755859375,1497.699951171875,1465.1500244140625,1468.800048828125,930723
2025-01-13,1460.0,1463.949951171875,1436.3499755859375,1439.199951171875,873093
2025-01-14,1436.0,1451.949951171875,1434.449951171875,1447.75,1028726
2025-01-15,1454.949951171875,1455.0,1429.8499755859375,1447.199951171875,1126634
2025-01-16,1451.75,1454.300048828125,1430.8499755859375,1443.5,1080833
2025-01-17,1443.5,1449.6500244140625,1434.0,1442.300048828125,658778
2025-01-20,1442.300048828125,1449.550048828125,1428.9000244140625,1445.449951171875,738447
2025-01-21,1450.5,1464.800048828125,1425.0,1428.0,820225
2025-01-22,1431.0999755859375,1440.949951171875,1420.199951171875,1439.4000244140625,808605
2025-01-23,1432.550048828125,1458.199951171875,1432.550048828125,1451.1500244140625,1070838
2025-01-24,1445.25,1451.0,1408.0,1411.4000244140625,1615412
2025-01-27,1408.0999755859375,1414.9000244140625,1384.199951171875,1396.0999755859375,1448841
2025-01-28,1395.050048828125,1473.0,1366.0999755859375,1420.5999755859375,5627159
2025-01-29,1440.0,1455.0,1410.5999755859375,1423.949951171875,3775947
2025-01-30,1431.0,1469.800048828125,1426.0,1457.449951171875,1773294
2025-01-31,1460.0,1491.0,1452.0999755859375,1479.4000244140625,2083385
2025-02-01,1479.4000244140625,1486.5,1427.25,1439.5,1306859
2025-02-03,1435.0,1439.300048828125,1406.1500244140625,1420.550048828125,1757831
2025-02-04,1425.9000244140625,1463.25,1423.5,1449.050048828125,1750660
2025-02-05,1457.8499755859375,1458.0,1429.300048828125,1436.800048828125,2516488
2025-02-06,1443.949951171875,1475.300048828125,1438.1500244140625,1471.5,2918537
2025-02-07,1473.5,1481.8499755859375,1455.0,1472.25,1445335
2025-02-10,1476.199951171875,1477.5999755859375,1431.550048828125,1458.8499755859375,1282801
2025-02-11,1465.0,1468.0,1443.4000244140625,1453.1500244140625,1938792
2025-02-12,1453.1500244140625,1462.300048828125,1435.1500244140625,1449.199951171875,1791670
2025-02-13,1449.199951171875,1493.0,1447.0999755859375,1472.1500244140625,1879916
2025-02-14,1478.0,1480.1500244140625,1438.550048828125,1459.449951171875,1703559
2025-02-17,1457.449951171875,1480.699951171875,1451.300048828125,1474.6500244140625,1113888
2025-02-18,1474.6500244140625,1483.8499755859375,1466.0999755859375,1482.0999755859375,967394
2025-02-19,1454.949951171875,1474.0,1426.3499755859375,1464.1500244140625,1210464
2025-02-20,1462.0,1483.0,1461.5,1479.699951171875,1652209
2025-02-21,1489.0,1502.0,1468.6500244140625,1475.75,1413123
2025-02-24,1460.0,1489.0,1457.5999755859375,1476.75,1403090
2025-02-25,1471.0,1482.4000244140625,1454.5999755859375,1463.3499755859375,992994
2025-02-27,1452.0,1464.300048828125,1436.0,1441.1500244140625,1260808
2025-02-28,1440.0,1448.699951171875,1400.0,1407.5,3340343
2025-03-03,1400.0,1418.0999755859375,1396.0,1407.550048828125,854264
2025-03-04,1402.449951171875,1405.0,1389.300048828125,1401.800048828125,1456530
2025-03-05,1395.0999755859375,1431.9000244140625,1393.0999755859375,1419.75,2187830
2025-03-06,1424.949951171875,1464.449951171875,1419.75,1461.75,1525159
2025-03-07,1465.949951171875,1471.0999755859375,1451.550048828125,1458.449951171875,678497
2025-03-10,1458.3499755859375,1482.199951171875,1457.0,1462.75,905854
2025-03-11,1448.0,1459.0,1438.0,1445.75,1231247
2025-03-12,1442.0,1457.0,1437.75,1454.300048828125,1254797
2025-03-13,1456.4000244140625,1465.699951171875,1445.6500244140625,1461.9000244140625,804032
2025-03-17,1459.8499755859375,1496.949951171875,1455.699951171875,1492.5999755859375,1329884
2025-03-18,1492.5999755859375,1492.5999755859375,1492.5999755859375,1492.5999755859375,0
2025-03-19,1515.0,1515.0,1496.5,1499.1500244140625,1015731
2025-03-20,1499.6500244140625,1517.5999755859375,1495.449951171875,1512.050048828125,984355
2025-03-21,1513.9000244140625,1528.9000244140625,1510.0,1523.8499755859375,2846648
2025-03-24,1525.050048828125,1535.0,1515.199951171875,1524.050048828125,826040
2025-03-25,1530.0,1534.0,1505.050048828125,1511.199951171875,1092805
2025-03-26,1507.0,1512.3499755859375,1472.300048828125,1476.199951171875,1375794
2025-03-27,1464.699951171875,1489.0,1462.4000244140625,1482.9000244140625,1848444
2025-03-28,1475.0,1478.6500244140625,1434.449951171875,1442.199951171875,1495932
2025-04-01,1438.550048828125,1466.0,1429.0,1444.25,1080262
2025-04-02,1441.0,1464.0,1428.4000244140625,1452.3499755859375,1054143
2025-04-03,1482.0,1523.300048828125,1480.0,1495.699951171875,3488899
2025-04-04,1495.699951171875,1495.699951171875,1390.050048828125,1415.25,2768438
2025-04-07,1336.0,1401.3499755859375,1335.0,1384.699951171875,1604721
2025-04-08,1394.800048828125,1437.5999755859375,1382.6500244140625,1432.550048828125,1324180
2025-04-09,1416.5,1423.0,1396.050048828125,1415.5999755859375,1701314
2025-04-11,1460.0,1488.5,1448.550048828125,1463.050048828125,2311803
2025-04-15,1482.199951171875,1485.9000244140625,1462.0999755859375,1481.800048828125,1720323
2025-04-16,1467.0999755859375,1499.0,1464.4000244140625,1496.4000244140625,1023697
2025-04-17,1498.0,1522.0,1486.0,1515.199951171875,1211601
2025-04-21,1525.0,1525.0,1505.0,1511.0999755859375,570266
2025-04-22,1514.9000244140625,1534.699951171875,1502.699951171875,1528.199951171875,954974
2025-04-23,1533.0,1539.0,1516.0,1533.699951171875,819016
2025-04-24,1533.699951171875,1556.0,1524.9000244140625,1551.699951171875,1590469
2025-04-25,1556.0,1566.699951171875,1513.5,1525.9000244140625,1353813
2025-04-28,1525.9000244140625,1565.0,1525.9000244140625,1555.0999755859375,1207247
2025-04-29,1555.0,1560.5999755859375,1531.0,1541.5,1385331
2025-04-30,1542.0,1570.800048828125,1538.0,1550.0999755859375,2315010
2025-05-02,1537.5,1552.5,1513.5,1514.5,1578868
2025-05-05,1532.0,1549.0,1528.300048828125,1542.9000244140625,786898
2025-05-06,1530.0,1531.9000244140625,1495.0,1511.4000244140625,1788719
2025-05-07,1500.0,1517.800048828125,1499.4000244140625,1508.800048828125,1424662
2025-05-08,1500.0,1508.699951171875,1477.9000244140625,1486.800048828125,2773328
2025-05-09,1469.9000244140625,1486.4000244140625,1463.699951171875,1480.0,1042380
2025-05-12,1478.0,1516.9000244140625,1462.199951171875,1511.5999755859375,1706217
2025-05-13,1515.0,1539.9000244140625,1497.0999755859375,1520.0999755859375,4042184
2025-05-14,1495.0,1505.9000244140625,1474.5999755859375,1494.800048828125,3417567
2025-05-15,1495.0,1512.9000244140625,1475.0,1502.199951171875,3918531
2025-05-16,1509.699951171875,1510.199951171875,1492.0,1499.9000244140625,1660861
2025-05-19,1499.9000244140625,1511.699951171875,1489.0,1491.5999755859375,1857648
2025-05-20,1495.4000244140625,1497.800048828125,1451.199951171875,1454.4000244140625,3573210
2025-05-21,1459.0,1491.0,1454.5999755859375,1482.4000244140625,2001251
2025-05-22,1483.0,1489.699951171875,1460.0999755859375,1468.5,1804507
2025-05-23,1468.5,1489.0,1461.0,1484.199951171875,915286
2025-05-26,1486.0999755859375,1493.9000244140625,1478.5,1484.199951171875,885022
2025-05-27,1485.699951171875,1491.9000244140625,1475.800048828125,1480.5,881728
2025-05-28,1485.0,1486.0,1465.0,1468.5,1090511
2025-05-29,1475.0,1479.5,1463.0,1476.9000244140625,1384536
2025-05-30,1476.0,1489.0,1457.0999755859375,1465.699951171875,7040777
2025-06-02,1468.0,1474.800048828125,1458.0,1470.199951171875,962897
2025-06-03,1472.4000244140625,1479.4000244140625,1460.4000244140625,1473.199951171875,870331
2025-06-04,1473.199951171875,1488.0,1465.9000244140625,1471.9000244140625,1297075
2025-06-05,1476.0,1498.800048828125,1475.0,1489.800048828125,1570159
2025-06-06,1489.800048828125,1505.9000244140625,1484.0,1504.199951171875,861882
2025-06-09,1511.699951171875,1511.699951171875,1497.0,1506.5999755859375,689631
2025-06-10,1508.9000244140625,1513.199951171875,1505.0,1510.800048828125,929786
2025-06-11,1512.5,1527.9000244140625,1509.4000244140625,1521.699951171875,1046396
2025-06-12,1527.0,1537.9000244140625,1494.5,1502.800048828125,1199034
2025-06-13,1480.0,1510.5,1480.0,1505.199951171875,874315
2025-06-16,1501.9000244140625,1541.0,1499.800048828125,1527.0,2679763
2025-06-17,1527.0,1533.4000244140625,1495.5,1503.5,1334810
2025-06-18,1503.5,1512.9000244140625,1495.9000244140625,1498.0999755859375,1075494
2025-06-19,1502.4000244140625,1509.800048828125,1480.199951171875,1484.0,1124204
2025-06-20,1484.0,1508.199951171875,1481.0999755859375,1499.699951171875,1917041
2025-06-23,1499.699951171875,1504.9000244140625,1482.0999755859375,1499.0999755859375,657381
2025-06-24,1506.699951171875,1518.300048828125,1500.199951171875,1502.4000244140625,1351552
2025-06-25,1509.9000244140625,1518.0,1500.0,1510.0,1032762
2025-06-26,1511.0,1522.4000244140625,1503.0,1513.800048828125,1440423
2025-06-27,1502.0,1508.699951171875,1492.0,1502.4000244140625,1851991
2025-06-30,1509.4000244140625,1514.699951171875,1500.199951171875,1505.9000244140625,1053681
2025-07-01,1505.9000244140625,1517.699951171875,1496.199951171875,1515.699951171875,1112637
2025-07-02,1515.699951171875,1525.0,1493.300048828125,1497.5999755859375,1273704
2025-07-03,1504.0,1513.199951171875,1498.800048828125,1508.699951171875,869963
2025-07-04,1508.4000244140625,1521.0,1503.9000244140625,1513.300048828125,1118483
2025-07-07,1516.0,1519.199951171875,1506.5,1510.5,1061434
2025-07-08,1505.5,1510.5,1477.0999755859375,1488.300048828125,2197699
2025-07-09,1486.0,1501.699951171875,1486.0,1491.699951171875,1364142
2025-07-10,1489.0,1490.9000244140625,1463.199951171875,1477.800048828125,2178068
2025-07-11,1480.0,1490.5,1470.0,1485.0,920651
2025-07-14,1488.9000244140625,1492.5,1476.0,1484.0,1554680
2025-07-15,1483.800048828125,1492.4000244140625,1469.4000244140625,1490.9000244140625,1203850
2025-07-16,1485.0,1485.0,1468.199951171875,1475.800048828125,1569604
2025-07-17,1475.0,1489.0,1472.0,1482.4000244140625,1349535
2025-07-18,1481.0999755859375,1484.800048828125,1470.0,1482.300048828125,1001794
2025-07-21,1481.0999755859375,1482.5,1468.5,1473.9000244140625,1198993
2025-07-22,1475.0,1479.4000244140625,1454.5,1464.4000244140625,1908949
2025-07-23,1465.300048828125,1476.5,1462.4000244140625,1473.5,1268156
2025-07-24,1470.5,1490.0,1470.300048828125,1487.9000244140625,1389152
2025-07-25,1485.0,1553.699951171875,1469.0,1532.5,5226395
2025-07-28,1541.199951171875,1577.0,1520.5,1572.0,3843168
2025-07-29,1563.4000244140625,1579.4000244140625,1559.5999755859375,1574.0,1303888
2025-07-30,1574.300048828125,1579.9000244140625,1551.199951171875,1559.4000244140625,1390012
2025-07-31,1540.0,1564.699951171875,1536.5999755859375,1554.5999755859375,2457841
2025-08-01,1544.0,1549.699951171875,1494.0,1502.800048828125,2109707
2025-08-04,1510.0,1519.300048828125,1505.0,1515.0999755859375,549494
2025-08-05,1513.5,1517.300048828125,1491.0999755859375,1499.800048828125,1156528
2025-08-06,1498.800048828125,1498.800048828125,1475.0,1486.699951171875,1157300
2025-08-07,1476.0999755859375,1499.800048828125,1464.0999755859375,1491.0,1882304
2025-08-08,1483.0,1493.800048828125,1478.300048828125,1485.800048828125,920270
2025-08-11,1488.0,1514.0,1480.199951171875,1504.800048828125,898160
2025-08-12,1504.0,1524.9000244140625,1501.0999755859375,1521.5999755859375,910349
2025-08-13,1521.5999755859375,1567.800048828125,1520.4000244140625,1561.0,1859765
2025-08-14,1562.5,1574.800048828125,1552.0,1564.0,2535958
2025-08-18,1566.199951171875,1572.800048828125,1557.5,1565.199951171875,1783835
2025-08-19,1565.199951171875,1568.699951171875,1546.0999755859375,1548.9000244140625,898746
2025-08-20,1539.199951171875,1556.9000244140625,1533.4000244140625,1546.0999755859375,936556
2025-08-21,1540.0999755859375,1596.0,1538.699951171875,1592.800048828125,1698280
2025-08-22,1590.0,1602.0,1585.0,1592.800048828125,1574526
2025-08-25,1594.0,1607.800048828125,1592.0,1601.199951171875,1298471
2025-08-26,1604.0,1604.0999755859375,1573.0,1579.800048828125,2332380
2025-08-28,1594.0,1594.0,1568.699951171875,1580.300048828125,1903230
2025-08-29,1578.5,1596.4000244140625,1567.800048828125,1589.4000244140625,1342344
2025-09-01,1589.4000244140625,1598.0,1583.0,1587.199951171875,783524
2025-09-02,1587.0,1593.0,1563.300048828125,1569.199951171875,1161872
2025-09-03,1570.0,1596.4000244140625,1569.0,1578.4000244140625,1160380
2025-09-04,1599.0,1599.0,1573.699951171875,1577.800048828125,614470
2025-09-05,1577.800048828125,1585.5999755859375,1550.0,1553.4000244140625,701865
2025-09-08,1554.5,1564.9000244140625,1538.9000244140625,1541.199951171875,588546
2025-09-09,1541.199951171875,1555.199951171875,1533.0999755859375,1551.5999755859375,788242
2025-09-10,1555.0,1571.0,1553.9000244140625,1563.800048828125,718311
2025-09-11,1563.5,1570.5,1554.0999755859375,1560.800048828125,732911
2025-09-12,1562.0999755859375,1578.300048828125,1562.0999755859375,1574.5999755859375,785508
2025-09-15,1568.0,1579.800048828125,1546.0999755859375,1548.300048828125,758979
2025-09-16,1556.0,1560.199951171875,1550.0,1559.0,471395
2025-09-17,1556.0,1562.5,1549.0999755859375,1559.5999755859375,785651
2025-09-18,1560.0,1580.0,1556.4000244140625,1578.199951171875,874860
2025-09-19,1581.0,1584.9000244140625,1557.5,1575.800048828125,1464121
2025-09-22,1575.0,1583.199951171875,1540.0,1542.199951171875,1257495
2025-09-23,1542.199951171875,1550.699951171875,1517.5,1527.0999755859375,1487350
2025-09-24,1527.0,1542.5,1520.300048828125,1538.0,943785
2025-09-25,1538.0,1544.800048828125,1505.4000244140625,1509.699951171875,2502680
2025-09-26,1495.5999755859375,1504.9000244140625,1475.199951171875,1499.4000244140625,2653841
2025-09-29,1506.9000244140625,1527.300048828125,1485.300048828125,1488.0,1778220
2025-09-30,1488.0999755859375,1506.5999755859375,1488.0999755859375,1503.300048828125,1040806
2025-10-01,1505.0,1517.4000244140625,1498.4000244140625,1513.0,1000285
2025-10-03,1522.0,1537.800048828125,1509.5,1517.699951171875,1070489
2025-10-06,1511.0,1520.0,1497.800048828125,1513.0999755859375,772031
2025-10-07,1514.9000244140625,1522.0,1506.199951171875,1513.300048828125,834623
2025-10-08,1512.0,1519.300048828125,1490.800048828125,1494.5999755859375,1068066
2025-10-09,1510.0,1516.699951171875,1499.300048828125,1513.0999755859375,878167
2025-10-10,1513.0,1569.0,1506.9000244140625,1561.800048828125,1495524
2025-10-13,1559.0,1566.9000244140625,1550.0999755859375,1563.5999755859375,671620
2025-10-14,1563.0,1566.0999755859375,1537.0999755859375,1552.300048828125,1056222
2025-10-15,1550.0,1564.800048828125,1546.0,1558.699951171875,1638237
2025-10-16,1559.0,1572.0,1555.0999755859375,1569.4000244140625,989785
2025-10-17,1565.300048828125,1582.0999755859375,1558.4000244140625,1577.5999755859375,1222051
2025-10-20,1590.0,1647.0,1577.9000244140625,1639.0999755859375,3372906
2025-10-21,1646.699951171875,1669.0,1642.0999755859375,1663.5999755859375,709223
2025-10-23,1665.0,1673.0,1638.0999755859375,1645.0999755859375,2150725
2025-10-24,1625.0999755859375,1625.0999755859375,1581.0999755859375,1584.4000244140625,2941997
2025-10-27,1585.0,1593.800048828125,1575.199951171875,1584.0,1213749
2025-10-28,1585.800048828125,1589.9000244140625,1562.0999755859375,1568.0999755859375,1489133
2025-10-29,1575.0,1588.0,1571.699951171875,1581.0999755859375,898965
2025-10-30,1587.0,1593.300048828125,1504.0,1540.0999755859375,4053965
2025-10-31,1510.0999755859375,1529.4000244140625,1500.0,1501.300048828125,3365093
2025-11-03,1502.9000244140625,1514.9000244140625,1490.300048828125,1511.5,1505905
2025-11-04,1511.5,1524.0,1498.0999755859375,1503.300048828125,1590643
2025-11-06,1510.800048828125,1512.9000244140625,1498.0,1501.5,1596245
2025-11-07,1500.0,1510.0,1491.5999755859375,1505.699951171875,1037508
2025-11-10,1510.0,1516.699951171875,1503.9000244140625,1511.5,1143959
2025-11-11,1511.300048828125,1517.5,1506.0999755859375,1514.9000244140625,850772
2025-11-12,1514.9000244140625,1528.0999755859375,1514.0999755859375,1519.300048828125,1179131
2025-11-13,1520.0,1534.9000244140625,1515.4000244140625,1525.800048828125,1217362
2025-11-14,1526.9000244140625,1534.4000244140625,1522.0,1532.0999755859375,810970
2025-11-17,1537.5,1538.4000244140625,1526.5,1535.5999755859375,912322
2025-11-18,1530.0,1535.0,1512.0999755859375,1514.5,747913
2025-11-19,1511.4000244140625,1529.5999755859375,1505.4000244140625,1526.800048828125,1171078
2025-11-20,1526.9000244140625,1534.800048828125,1519.4000244140625,1529.199951171875,896750
2025-11-21,1521.0999755859375,1527.0,1507.699951171875,1511.800048828125,1126820
2025-11-24,1515.0,1524.800048828125,1500.0,1504.0,2801854
2025-11-25,1500.199951171875,1522.699951171875,1500.199951171875,1507.5,908386
2025-11-26,1505.0,1525.5,1505.0,1523.800048828125,1087736
2025-11-27,1523.800048828125,1531.5,1520.0999755859375,1525.199951171875,810411
2025-11-28,1525.199951171875,1535.800048828125,1520.5999755859375,1531.300048828125,991042
2025-12-01,1532.0,1536.300048828125,1517.5,1523.0999755859375,1010599
2025-12-02,1520.0,1531.5,1513.199951171875,1516.5999755859375,1760512
2025-12-03,1516.699951171875,1522.800048828125,1495.0999755859375,1508.0,1034323
2025-12-04,1503.0999755859375,1525.699951171875,1503.0999755859375,1521.0,726473
2025-12-05,1525.0,1528.0,1513.5999755859375,1520.800048828125,813485
2025-12-08,1515.0999755859375,1520.5,1494.300048828125,1497.5999755859375,1263559
2025-12-09,1497.5999755859375,1502.4000244140625,1486.5,1490.5999755859375,1646840
2025-12-10,1492.0,1505.699951171875,1484.800048828125,1490.9000244140625,1316274
2025-12-11,1492.0,1513.4000244140625,1492.0,1512.300048828125,606130
2025-12-12,1520.0,1524.699951171875,1510.199951171875,1517.4000244140625,1054050
2025-12-15,1505.0,1515.5,1498.0,1508.0,855508
2025-12-16,1500.0,1508.9000244140625,1496.0999755859375,1499.5999755859375,789492
2025-12-17,1497.5999755859375,1505.300048828125,1491.0,1496.9000244140625,1000116
2025-12-18,1494.800048828125,1511.0,1493.699951171875,1498.9000244140625,974170
2025-12-19,1495.5,1520.0999755859375,1495.5,1517.0999755859375,769045
2025-12-22,1513.0,1522.5,1508.199951171875,1512.9000244140625,757496
2025-12-23,1520.4000244140625,1522.0,1498.300048828125,1500.699951171875,826988
2025-12-24,1502.5,1508.0,1490.199951171875,1496.300048828125,1022767
2025-12-26,1496.300048828125,1510.9000244140625,1494.0,1506.0,951555
2025-12-29,1506.0,1514.5,1492.0,1494.0,1077645
2025-12-30,1494.0,1498.699951171875,1475.9000244140625,1492.5,1993298
2025-12-31,1492.5,1513.5999755859375,1490.0999755859375,1511.300048828125,883966
2026-01-01,1512.0,1512.0,1499.0,1500.9000244140625,228078
2026-01-02,1500.9000244140625,1517.800048828125,1498.5999755859375,1511.5999755859375,964611
2026-01-05,1511.0,1525.0,1507.199951171875,1519.800048828125,1532549
2026-01-06,1519.800048828125,1539.699951171875,1519.800048828125,1530.800048828125,1614326
2026-01-07,1516.0,1516.0,1455.0,1467.9000244140625,5076416
2026-01-08,1467.9000244140625,1469.300048828125,1458.0,1460.5999755859375,2651011
2026-01-09,1464.699951171875,1468.300048828125,1456.0999755859375,1465.699951171875,1804271
2026-01-12,1464.0,1467.5,1444.199951171875,1465.199951171875,2380033
2026-01-13,1460.0,1469.4000244140625,1436.5999755859375,1448.300048828125,1909873
2026-01-14,1443.800048828125,1449.800048828125,1425.699951171875,1434.5,1775529
2026-01-15,1434.5,1434.5,1434.5,1434.5,0
2026-01-16,1379.0,1409.5,1367.199951171875,1397.5,4333315
2026-01-19,1396.5,1398.0999755859375,1371.9000244140625,1392.300048828125,1653550
2026-01-20,1392.300048828125,1395.9000244140625,1375.4000244140625,1378.4000244140625,2040403
2026-01-21,1378.4000244140625,1398.4000244140625,1363.800048828125,1369.5999755859375,2306655
2026-01-22,1381.199951171875,1384.5,1366.699951171875,1370.4000244140625,1536604
2026-01-23,1372.199951171875,1385.9000244140625,1303.0,1315.0,6590032
2026-01-27,1300.0,1323.5,1281.699951171875,1313.0,4109525
2026-01-28,1313.0,1334.699951171875,1310.0999755859375,1328.4000244140625,1535898
2026-01-29,1325.0,1327.5999755859375,1307.0,1320.9000244140625,2099306
2026-01-30,1319.0,1329.9000244140625,1314.4000244140625,1324.0,2157826
2026-02-02,1330.0,1333.0,1293.0999755859375,1311.5999755859375,1832963
2026-02-03,1365.0,1381.300048828125,1319.5999755859375,1322.800048828125,2711571
2026-02-04,1322.800048828125,1335.0999755859375,1315.800048828125,1326.699951171875,1590247
2026-02-05,1335.9000244140625,1335.9000244140625,1321.0,1333.300048828125,999810
2026-02-06,1328.0,1335.699951171875,1316.5,1330.0,1457970
2026-02-09,1338.0,1352.0,1328.0,1342.5,1936551
2026-02-10,1349.699951171875,1358.0,1337.0,1342.0999755859375,1053439
2026-02-11,1342.0999755859375,1352.4000244140625,1335.0,1349.9000244140625,830695
2026-02-12,1349.9000244140625,1350.0,1321.5999755859375,1330.0,1613374
2026-02-13,1328.0,1336.0999755859375,1315.800048828125,1331.5,1236946
2026-02-16,1331.0,1358.0,1327.5,1356.4000244140625,1616868
2026-02-17,1350.0,1356.0,1340.0999755859375,1343.9000244140625,1413727
2026-02-18,1350.800048828125,1352.9000244140625,1338.0999755859375,1349.800048828125,1119159
2026-02-19,1349.800048828125,1357.0,1323.699951171875,1328.9000244140625,587384
2026-02-20,1328.9000244140625,1342.9000244140625,1324.300048828125,1341.0999755859375,1551722
2026-02-23,1335.9000244140625,1335.9000244140625,1308.800048828125,1326.5,2435610
2026-02-24,1326.0,1338.5,1316.5,1326.699951171875,2109672
2026-02-25,1326.699951171875,1349.0,1326.699951171875,1346.0999755859375,1018377
2026-02-26,1352.800048828125,1364.9000244140625,1343.300048828125,1358.0999755859375,2013877
2026-02-27,1353.0,1356.9000244140625,1338.5,1348.199951171875,2609711
2026-03-02,1313.0,1354.5,1313.0,1351.5999755859375,1899674
2026-03-04,1348.199951171875,1348.9000244140625,1311.0,1313.199951171875,1938762
2026-03-05,1314.9000244140625,1332.0999755859375,1314.9000244140625,1326.4000244140625,1184085
2026-03-06,1326.0999755859375,1332.699951171875,1315.0,1321.199951171875,695774
2026-03-09,1309.0,1329.800048828125,1292.699951171875,1325.0,1674811
2026-03-10,1323.0,1340.300048828125,1317.5,1333.5,1050270
2026-03-11,1325.0,1338.0999755859375,1324.9000244140625,1329.5,1268130
2026-03-12,1325.0999755859375,1341.699951171875,1319.0,1324.300048828125,1405268
2026-03-13,1324.300048828125,1327.5,1301.0,1314.699951171875,1346347
2026-03-16,1314.699951171875,1327.9000244140625,1291.5999755859375,1300.0,1496780
2026-03-17,1300.0,1302.5999755859375,1275.5999755859375,1281.9000244140625,2034284
2026-03-18,1282.0,1289.5,1264.5999755859375,1268.5,2226496
2026-03-19,1253.9000244140625,1263.5,1235.4000244140625,1239.199951171875,1080395
2026-03-20,1250.0,1264.0,1248.0,1256.4000244140625,1151621
2026-03-23,1252.0,1252.699951171875,1217.800048828125,1221.800048828125,1295463
2026-03-24,1235.0,1240.0,1216.5999755859375,1219.4000244140625,853054
2026-03-25,1222.699951171875,1252.9000244140625,1219.0,1244.4000244140625,1466775
2026-03-27,1226.5,1249.199951171875,1226.5,1242.300048828125,2220695
2026-03-30,1231.199951171875,1235.0,1215.0,1224.199951171875,2089130
2026-04-01,1255.0,1257.0,1194.0,1195.9000244140625,2180444
2026-04-02,1190.0,1196.5999755859375,1165.699951171875,1192.4000244140625,3128666
2026-04-06,1190.300048828125,1206.0,1170.0,1200.9000244140625,2188849
2026-04-07,1195.0,1210.4000244140625,1185.4000244140625,1202.4000244140625,2046737
2026-04-08,1220.0,1223.0,1204.5,1215.9000244140625,2476674
2026-04-09,1215.199951171875,1231.199951171875,1213.0999755859375,1224.4000244140625,2545266
2026-04-10,1225.4000244140625,1239.0,1220.800048828125,1229.5,2086385
2026-04-13,1222.300048828125,1222.300048828125,1203.199951171875,1211.0999755859375,1611654
2026-04-15,1220.0,1228.699951171875,1216.0999755859375,1227.0,1297882
2026-04-16,1231.0,1235.5,1222.800048828125,1230.5,1778133
2026-04-17,1230.5,1244.5,1224.4000244140625,1240.800048828125,2291092
2026-04-20,1245.0,1246.0,1226.0,1229.5,1158618
2026-04-21,1228.5999755859375,1236.4000244140625,1223.300048828125,1232.5,1428292
2026-04-22,1226.0,1240.800048828125,1222.0,1236.300048828125,1172238
2026-04-23,1234.0999755859375,1308.4000244140625,1227.5999755859375,1305.9000244140625,5274028
2026-04-24,1295.0,1303.9000244140625,1254.0999755859375,1295.0,4427307
2026-04-27,1303.199951171875,1320.699951171875,1299.0,1317.199951171875,1721187
2026-04-28,1316.0,1326.0,1296.300048828125,1306.5,1501522
2026-04-29,1312.0,1322.0,1307.800048828125,1317.5999755859375,986556
2026-04-30,1317.9000244140625,1329.800048828125,1305.0,1309.5999755859375,1370336
2026-05-01,1309.5999755859375,1309.5999755859375,1309.5999755859375,1309.5999755859375,0
2026-05-04,1320.0,1337.4000244140625,1313.5999755859375,1335.0,1088765
2026-05-05,1339.0,1339.4000244140625,1316.4000244140625,1333.699951171875,1051020
2026-05-06,1340.0,1372.0,1333.0999755859375,1364.4000244140625,1854812
2026-05-07,1370.0,1379.5,1360.0999755859375,1362.300048828125,1248019
2026-05-08,1355.0,1366.699951171875,1341.300048828125,1347.0,1044824
2026-05-11,1347.0,1350.0,1300.0999755859375,1304.9000244140625,1428197
2026-05-12,1304.5999755859375,1309.0,1289.0,1292.300048828125,1398439
2026-05-13,1279.0999755859375,1356.5999755859375,1274.699951171875,1327.5999755859375,6015153
2026-05-14,1362.199951171875,1442.0,1362.199951171875,1436.699951171875,9166941
2026-05-15,1436.699951171875,1444.5,1425.199951171875,1432.0999755859375,1138894
2026-05-18,1422.0,1442.0999755859375,1411.800048828125,1426.199951171875,2013605
2026-05-19,1420.0,1426.5999755859375,1408.699951171875,1409.800048828125,1379218
2026-05-20,1392.300048828125,1422.0999755859375,1392.300048828125,1399.5,1316586
2026-05-21,1406.5,1415.9000244140625,1397.699951171875,1401.9000244140625,1145360
2026-05-22,1409.0,1409.5999755859375,1392.0,1399.199951171875,917323
2026-05-25,1406.0,1420.0,1398.5,1413.9000244140625,668915
2026-05-26,1413.9000244140625,1422.5999755859375,1409.5999755859375,1417.5,1132793
2026-05-27,1417.5999755859375,1432.0,1416.0,1418.199951171875,937447
2026-05-28,1418.199951171875,1418.199951171875,1418.199951171875,1418.199951171875,0
2026-05-29,1411.0,1429.199951171875,1382.699951171875,1401.0,9540984
2026-06-01,1410.0,1413.5999755859375,1386.0,1390.300048828125,714608
2026-06-02,1380.0,1384.9000244140625,1358.199951171875,1379.300048828125,2290839
2026-06-03,1375.0,1384.9000244140625,1365.300048828125,1375.199951171875,1520395
2026-06-04,1365.0,1404.9000244140625,1354.0,1398.699951171875,1548692
2026-06-05,1394.0,1406.0999755859375,1382.0,1401.300048828125,1050391
2026-06-08,1397.0,1405.0,1383.0,1387.9000244140625,669481
2026-06-09,1383.0999755859375,1398.800048828125,1373.5999755859375,1376.5,1419845
2026-06-10,1374.0,1391.4000244140625,1371.0999755859375,1377.0,962642
2026-06-11,1376.0999755859375,1391.0,1373.9000244140625,1383.300048828125,654474
2026-06-12,1393.9000244140625,1396.0999755859375,1382.199951171875,1389.4000244140625,805612
2026-06-15,1396.699951171875,1397.9000244140625,1374.5,1381.300048828125,1687655
2026-06-16,1382.5999755859375,1392.300048828125,1366.0,1373.199951171875,613961
2026-06-17,1380.0,1381.699951171875,1341.0999755859375,1350.800048828125,2014168
2026-06-18,1353.199951171875,1365.0,1348.699951171875,1355.5,908719
2026-06-19,1355.0,1362.300048828125,1346.5999755859375,1351.800048828125,1476650
2026-06-22,1372.0,1418.199951171875,1370.5999755859375,1415.699951171875,3368853
2026-06-23,1422.800048828125,1461.0,1418.800048828125,1433.0999755859375,4958067
2026-06-24,1445.699951171875,1451.9000244140625,1425.699951171875,1437.9000244140625,2145293
2026-06-25,1448.0,1453.0,1431.0,1440.0999755859375,1217683
2026-06-26,1440.0999755859375,1440.0999755859375,1440.0999755859375,1440.0999755859375,0
2026-06-29,1443.699951171875,1490.0999755859375,1441.5,1454.0999755859375,4162869
2026-06-30,1455.699951171875,1480.800048828125,1448.699951171875,1465.4000244140625,2818077
2026-07-01,1468.0,1472.0999755859375,1446.0,1456.699951171875,753439
2026-07-02,1465.4000244140625,1468.199951171875,1452.699951171875,1456.0,731416
2026-07-03,1452.0,1471.0,1452.0,1458.199951171875,1261674
2026-07-06,1458.199951171875,1474.699951171875,1453.4000244140625,1472.300048828125,769917
2026-07-07,1472.300048828125,1482.0,1449.199951171875,1451.800048828125,1164880
2026-07-08,1453.300048828125,1471.9000244140625,1428.9000244140625,1431.800048828125,1163676
2026-07-09,1430.0,1454.800048828125,1426.4000244140625,1441.300048828125,947375
2026-07-10,1441.300048828125,1454.5,1435.0,1439.4000244140625,745842
2026-07-13,1439.4000244140625,1443.0,1420.0,1426.699951171875,844670
2026-07-14,1426.699951171875,1454.5,1425.300048828125,1438.0999755859375,1221695
2026-07-15,1447.0,1453.0,1433.0,1438.0,924453
2026-07-16,1439.9000244140625,1444.0,1426.5999755859375,1429.5,568731
2026-07-17,1429.5,1434.0,1404.0,1418.699951171875,607055
2026-07-20,1425.699951171875,1466.5999755859375,1419.5,1441.5999755859375,1494196
2026-07-21,1442.0999755859375,1443.9000244140625,1414.0,1432.5,1341452
2026-07-22,1423.0,1423.0,1395.699951171875,1415.0999755859375,1722239
2026-07-23,1409.0999755859375,1426.9000244140625,1366.0999755859375,,4248355
