date,open,high,low,close,volume
2019-07-23,624.9000244140625,627.5,614.5999755859375,618.2999877929688,912086
2019-07-24,623.0,625.9000244140625,604.0,616.2999877929688,569229
2019-07-25,619.7999877929688,624.5999755859375,608.4500122070312,616.7000122070312,805919
2019-07-26,613.1500244140625,621.4000244140625,612.2000122070312,619.4000244140625,221434
2019-07-29,622.5,623.5,610.2000122070312,613.25,416576
2019-07-30,611.0999755859375,619.5,593.8499755859375,598.4000244140625,643155
2019-07-31,599.0,607.6500244140625,590.2000122070312,598.75,719391
2019-08-01,600.0,620.0,596.5999755859375,603.5499877929688,1971966
2019-08-02,599.9500122070312,619.0,585.0499877929688,611.75,1486530
2019-08-05,611.75,618.1500244140625,599.2999877929688,614.2000122070312,767276
2019-08-06,614.9500122070312,631.9500122070312,610.0499877929688,622.4500122070312,919125
2019-08-07,622.0499877929688,640.5,622.0499877929688,634.8499755859375,1086721
2019-08-08,635.7999877929688,644.6500244140625,634.0499877929688,642.7999877929688,1127122
2019-08-09,643.0999755859375,659.9000244140625,642.4000244140625,653.4000244140625,611190
2019-08-13,653.0,659.0999755859375,635.4500122070312,645.0999755859375,2069470
2019-08-14,648.2999877929688,649.7000122070312,628.0,629.7999877929688,490747
2019-08-16,629.7999877929688,638.0,612.4000244140625,622.8499755859375,1026470
2019-08-19,624.0,636.8499755859375,618.2000122070312,626.0999755859375,725123
2019-08-20,627.2999877929688,639.8499755859375,620.9500122070312,629.4500122070312,659157
2019-08-21,628.1500244140625,630.2000122070312,610.8499755859375,613.4000244140625,517578
2019-08-22,611.9000244140625,621.7000122070312,603.2999877929688,607.7999877929688,623589
2019-08-23,607.7999877929688,607.7999877929688,593.4000244140625,600.4000244140625,504221
2019-08-26,606.5999755859375,611.5,586.0499877929688,607.7000122070312,701966
2019-08-27,609.5,624.0,598.3499755859375,603.5999755859375,1501574
2019-08-28,600.2999877929688,605.0,587.4000244140625,600.2000122070312,1108391
2019-08-29,596.0,605.4500122070312,593.5999755859375,600.4000244140625,538534
2019-08-30,608.0,612.0999755859375,588.1500244140625,608.9500122070312,1242797
2019-09-03,608.9500122070312,614.0,597.4500122070312,599.75,628121
2019-09-04,604.0,604.9500122070312,575.0,582.9000244140625,2037306
2019-09-05,583.5,599.0,577.2000122070312,597.2000122070312,1139382
2019-09-06,598.0,609.1500244140625,587.9000244140625,599.5,702374
2019-09-09,601.0,609.0499877929688,597.5999755859375,607.6500244140625,458053
2019-09-11,609.0,618.9000244140625,594.0499877929688,610.9000244140625,1385716
2019-09-12,618.7999877929688,625.75,615.25,617.7000122070312,1099383
2019-09-13,626.9000244140625,626.9000244140625,615.7999877929688,623.5499877929688,707056
2019-09-16,620.5,642.5,618.0999755859375,638.25,1685687
2019-09-17,640.7999877929688,662.0,640.7999877929688,646.4500122070312,2193442
2019-09-18,650.4500122070312,652.9500122070312,637.5,649.25,586262
2019-09-19,649.25,667.7000122070312,647.8499755859375,655.5999755859375,1246804
2019-09-20,659.6500244140625,690.0,655.2000122070312,684.75,3020822
2019-09-23,689.4000244140625,724.2000122070312,656.6500244140625,661.4000244140625,4222736
2019-09-24,662.0999755859375,674.5,657.2999877929688,664.0,888965
2019-09-25,665.0,675.7000122070312,655.0,671.3499755859375,1624694
2019-09-26,672.0,683.5,670.25,679.9000244140625,985460
2019-09-27,681.0,695.2999877929688,679.9500122070312,692.25,1222468
2019-09-30,692.25,696.9500122070312,680.2000122070312,687.2999877929688,1004570
2019-10-01,688.9000244140625,694.4000244140625,673.2999877929688,680.0,861264
2019-10-03,678.0999755859375,681.2000122070312,655.2999877929688,659.9500122070312,1224879
2019-10-04,664.7000122070312,685.8499755859375,657.0,668.5499877929688,1487678
2019-10-07,670.0,674.9000244140625,665.5999755859375,670.6500244140625,400986
2019-10-09,670.6500244140625,675.9500122070312,658.0,673.0,1025701
2019-10-10,672.0,682.5999755859375,671.6500244140625,680.0999755859375,500575
2019-10-11,676.0,694.9500122070312,676.0,692.3499755859375,984496
2019-10-14,692.3499755859375,695.0,688.0,690.7000122070312,634142
2019-10-15,690.7000122070312,695.0,684.0499877929688,689.75,797085
2019-10-16,694.0499877929688,713.4500122070312,693.0999755859375,706.4500122070312,1404836
2019-10-17,710.0,717.6500244140625,703.6500244140625,714.7000122070312,1389802
2019-10-18,715.0,730.0,713.0999755859375,716.9000244140625,1207247
2019-10-22,710.0499877929688,714.5,695.0,699.9000244140625,1074009
2019-10-23,704.25,723.4000244140625,692.25,715.4000244140625,743339
2019-10-24,718.0,725.7999877929688,707.5499877929688,714.25,663418
2019-10-25,718.7000122070312,718.7000122070312,700.0,702.5999755859375,1076799
2019-10-27,706.7999877929688,715.0,701.4000244140625,705.7000122070312,65422
2019-10-29,702.25,721.5,698.0,717.7999877929688,594444
2019-10-30,721.3499755859375,740.0,718.7999877929688,732.9500122070312,671410
2019-10-31,733.0499877929688,743.9500122070312,729.5,740.3499755859375,1237548
2019-11-01,741.9000244140625,762.5,731.5499877929688,738.0499877929688,919650
2019-11-04,738.0,740.8499755859375,718.5,721.0,863358
2019-11-05,724.7000122070312,725.0,708.5999755859375,721.5,761475
2019-11-06,724.0,758.0,719.2999877929688,741.5499877929688,3447075
2019-11-07,760.0,764.0,742.0,752.6500244140625,1038973
2019-11-08,750.2999877929688,751.8499755859375,730.0499877929688,734.5,436629
2019-11-11,736.3499755859375,744.8499755859375,721.2999877929688,732.5999755859375,626373
2019-11-13,733.0,743.0999755859375,720.0,729.3499755859375,688455
2019-11-14,725.75,725.75,712.9500122070312,715.4500122070312,478181
2019-11-15,714.9500122070312,718.7999877929688,710.0,710.6500244140625,547792
2019-11-18,710.6500244140625,732.7999877929688,705.2000122070312,717.2999877929688,488224
2019-11-19,718.0,721.4500122070312,700.0499877929688,703.2999877929688,338202
2019-11-20,701.0,720.8499755859375,691.7999877929688,713.25,698332
2019-11-21,714.0,732.0,706.75,726.2999877929688,988623
2019-11-22,728.7000122070312,728.7000122070312,709.0,712.7000122070312,533497
2019-11-25,712.7000122070312,718.9500122070312,703.0499877929688,714.4000244140625,505280
2019-11-26,716.9500122070312,726.7000122070312,698.7000122070312,702.5,1721590
2019-11-27,706.0,724.7999877929688,704.0,721.0,746721
2019-11-28,719.9500122070312,725.0,714.0,722.2999877929688,300913
2019-11-29,725.0,726.9000244140625,713.2999877929688,725.0,749220
2019-12-02,724.0,731.5999755859375,710.0999755859375,728.7000122070312,935806
2019-12-03,729.7000122070312,734.0999755859375,713.0999755859375,715.4000244140625,824791
2019-12-04,717.4000244140625,718.5,688.4000244140625,695.7000122070312,1681007
2019-12-05,695.7000122070312,696.9500122070312,668.5,671.7999877929688,1508422
2019-12-06,672.0,684.4000244140625,662.2999877929688,664.9000244140625,916470
2019-12-09,669.0,670.25,655.5999755859375,658.0499877929688,627334
2019-12-10,661.5499877929688,664.7999877929688,645.0499877929688,646.2999877929688,770669
2019-12-11,649.7999877929688,675.0,649.7999877929688,670.5499877929688,2431870
2019-12-12,671.0,676.5,659.0,666.2000122070312,858960
2019-12-13,670.3499755859375,677.5499877929688,667.1500244140625,674.75,934145
2019-12-16,670.0,682.5,669.0,675.0,1000388
2019-12-17,675.0,686.0,670.0,679.0,1380097
2019-12-18,681.9500122070312,685.0,675.0,680.2999877929688,512282
2019-12-19,680.6500244140625,690.25,677.0,684.9500122070312,578141
2019-12-20,685.0,712.4500122070312,681.0499877929688,706.8499755859375,2347490
2019-12-23,703.0,708.9500122070312,691.0499877929688,698.4000244140625,850319
2019-12-24,700.0999755859375,700.0999755859375,686.0499877929688,691.2999877929688,451533
2019-12-26,691.2999877929688,691.5499877929688,679.25,683.25,545761
2019-12-27,686.5499877929688,690.9500122070312,678.4000244140625,688.8499755859375,1057690
2019-12-30,690.0,702.2000122070312,683.8499755859375,688.6500244140625,765693
2019-12-31,690.7999877929688,692.9500122070312,681.7000122070312,684.5499877929688,344433
2020-01-01,684.9000244140625,693.9000244140625,683.5999755859375,691.3499755859375,279887
2020-01-02,691.0,693.9000244140625,679.2000122070312,683.7000122070312,501299
2020-01-03,682.7999877929688,691.0499877929688,682.2000122070312,688.9500122070312,885454
2020-01-06,688.0,703.5,678.3499755859375,697.4000244140625,1650497
2020-01-07,700.9000244140625,716.0,700.9000244140625,708.5999755859375,1578096
2020-01-08,704.25,713.9500122070312,701.3499755859375,712.1500244140625,634934
2020-01-09,713.6500244140625,725.2999877929688,712.1500244140625,724.4000244140625,676098
2020-01-10,724.9000244140625,742.0,721.4500122070312,738.25,1243343
2020-01-13,742.25,750.0,734.2999877929688,742.7999877929688,1032614
2020-01-14,742.7999877929688,755.0,737.0999755859375,751.75,1045858
2020-01-15,751.75,764.75,749.0,762.4500122070312,980328
2020-01-16,760.9500122070312,772.0,741.2000122070312,746.75,870590
2020-01-17,746.0,751.0,740.9000244140625,743.7000122070312,534526
2020-01-20,747.4000244140625,753.5499877929688,739.0499877929688,748.5499877929688,1334231
2020-01-21,749.9000244140625,749.9000244140625,729.7999877929688,731.5499877929688,611181
2020-01-22,732.5499877929688,734.0,722.2000122070312,726.0999755859375,487900
2020-01-23,729.4000244140625,743.0,724.0,741.0499877929688,757948
2020-01-24,740.0,751.0,733.5,749.3499755859375,409201
2020-01-27,748.0,752.5499877929688,735.0,737.75,270404
2020-01-28,735.5,741.5999755859375,727.4000244140625,736.4000244140625,473685
2020-01-29,741.7000122070312,754.0,719.25,740.8499755859375,1575262
2020-01-30,724.0,730.7999877929688,677.5999755859375,683.5,2892436
2020-01-31,684.8499755859375,686.5499877929688,671.6500244140625,672.6500244140625,1859249
2020-02-03,661.5,675.3499755859375,656.0,667.2999877929688,1822043
2020-02-04,670.5999755859375,676.5999755859375,651.0,654.5499877929688,2088083
2020-02-05,658.0,663.8499755859375,649.5499877929688,661.3499755859375,1410185
2020-02-06,664.4000244140625,665.0,647.8499755859375,651.9500122070312,1348347
2020-02-07,650.4500122070312,656.9500122070312,645.5,646.7999877929688,1690674
2020-02-10,650.4500122070312,650.4500122070312,629.0499877929688,630.8499755859375,1454583
2020-02-11,633.0,636.2000122070312,614.5,615.7000122070312,2090350
2020-02-12,620.9000244140625,645.9500122070312,618.25,642.1500244140625,4910853
2020-02-13,642.9500122070312,648.9000244140625,633.0999755859375,636.3499755859375,1547406
2020-02-14,637.0,639.4500122070312,622.4000244140625,626.0999755859375,1078421
2020-02-17,626.0999755859375,630.9500122070312,618.0499877929688,625.75,1006447
2020-02-18,626.0,626.7000122070312,613.0,620.75,993432
2020-02-19,622.4000244140625,625.5999755859375,614.25,622.5999755859375,2216292
2020-02-20,622.5999755859375,637.9000244140625,622.5999755859375,631.0499877929688,1415897
2020-02-24,629.0,634.0,613.0,614.8499755859375,902809
2020-02-25,618.5999755859375,622.5,608.2999877929688,615.75,739783
2020-02-26,610.2000122070312,612.75,599.0,601.25,1089270
2020-02-27,602.0,605.2000122070312,588.9500122070312,594.7000122070312,929861
2020-02-28,588.0,593.2999877929688,556.4000244140625,560.5,2178954
2020-03-02,574.0,611.2999877929688,573.7999877929688,587.1500244140625,2637496
2020-03-03,594.75,625.75,593.5999755859375,618.7000122070312,2325261
2020-03-04,623.7999877929688,636.6500244140625,615.0,631.75,2965643
2020-03-05,638.0999755859375,654.8499755859375,636.0499877929688,650.6500244140625,2911172
2020-03-06,628.9000244140625,645.5,622.8499755859375,638.9000244140625,2063109
2020-03-09,628.0999755859375,629.0,607.3499755859375,613.7999877929688,1682055
2020-03-11,607.9000244140625,630.0499877929688,602.2000122070312,607.4000244140625,2307202
2020-03-12,595.0,595.0,543.4500122070312,560.2000122070312,3821522
2020-03-13,542.0,554.75,497.5,548.25,3890728
2020-03-16,540.0,549.0999755859375,501.54998779296875,509.04998779296875,2769613
2020-03-17,506.0,540.7000122070312,496.5,523.75,4342321
2020-03-18,542.7999877929688,542.7999877929688,512.4000244140625,521.5999755859375,1683978
2020-03-19,510.0,511.95001220703125,476.25,483.04998779296875,2685745
2020-03-20,488.20001220703125,509.79998779296875,475.54998779296875,499.1000061035156,2260008
2020-03-23,475.8500061035156,486.6499938964844,425.1000061035156,434.04998779296875,1197761
2020-03-24,450.0,499.0,434.0,444.45001220703125,1876947
2020-03-25,450.0,478.0,438.29998779296875,470.5,2341320
2020-03-26,479.20001220703125,513.4500122070312,475.0,500.54998779296875,3577885
2020-03-27,505.0,517.2999877929688,480.6000061035156,499.45001220703125,2579279
2020-03-30,489.95001220703125,502.25,479.20001220703125,493.1000061035156,1778405
2020-03-31,500.0,528.0,498.3500061035156,520.8499755859375,2269015
2020-04-01,535.0,565.2999877929688,525.2999877929688,548.75,2976902
2020-04-03,551.2999877929688,558.1500244140625,525.2000122070312,531.4500122070312,1709383
2020-04-07,549.0,570.0,541.0499877929688,558.8499755859375,1967959
2020-04-08,566.25,628.9500122070312,561.5499877929688,600.0,2526918
2020-04-09,617.0,639.7999877929688,587.0,595.0999755859375,1792786
2020-04-13,565.0,567.5,543.0499877929688,556.9500122070312,3394593
2020-04-15,565.3499755859375,598.9000244140625,562.8499755859375,571.6500244140625,2778395
2020-04-16,570.9000244140625,583.25,562.5,564.4000244140625,1768369
2020-04-17,578.7999877929688,578.7999877929688,545.25,552.75,2264510
2020-04-20,559.0,559.4500122070312,535.0,537.6500244140625,1505931
2020-04-21,530.0,537.4000244140625,518.5999755859375,529.7999877929688,2302729
2020-04-22,526.25,534.0,515.3499755859375,531.1500244140625,1907487
2020-04-23,535.0,550.7999877929688,535.0,539.4500122070312,2186606
2020-04-24,536.9500122070312,547.0999755859375,530.0499877929688,534.4000244140625,1404955
2020-04-27,537.0,544.0,527.0,536.9500122070312,1513877
2020-04-28,540.0,542.75,526.8499755859375,533.7999877929688,1353788
2020-04-29,536.5,539.8499755859375,530.0999755859375,536.4500122070312,906484
2020-04-30,540.5499877929688,546.9000244140625,528.0,543.2000122070312,2792192
2020-05-04,530.0,537.4500122070312,522.2999877929688,526.2999877929688,2940240
2020-05-05,532.0,533.1500244140625,507.1499938964844,514.2999877929688,2381774
2020-05-06,513.75,513.75,495.1000061035156,507.20001220703125,2065103
2020-05-07,505.0,505.5,484.04998779296875,486.29998779296875,2263764
2020-05-08,491.5,506.8999938964844,491.5,499.54998779296875,2795019
2020-05-11,508.0,523.9500122070312,505.04998779296875,516.7999877929688,2283976
2020-05-12,518.7000122070312,524.7000122070312,510.0,517.8499755859375,2022416
2020-05-13,533.0,544.8499755859375,523.0,534.4500122070312,1828087
2020-05-14,520.0,568.1500244140625,520.0,564.4500122070312,6363235
2020-05-15,566.0,572.5,539.0,543.5,2855729
2020-05-18,547.8499755859375,551.0,535.0999755859375,537.5499877929688,2235232
2020-05-19,540.0999755859375,557.7999877929688,537.1500244140625,554.0,2041488
2020-05-20,556.0,567.4000244140625,555.9000244140625,564.6500244140625,1412403
2020-05-21,570.0,585.0,562.5499877929688,575.5999755859375,1661712
2020-05-22,576.0,583.0999755859375,566.7999877929688,569.2000122070312,884548
2020-05-26,570.0,588.0,570.0,574.9500122070312,1415962
2020-05-27,577.5,580.9000244140625,568.1500244140625,574.8499755859375,818578
2020-05-28,575.0,610.0,573.7000122070312,604.4000244140625,1946395
2020-05-29,610.0,639.9500122070312,603.0499877929688,633.7999877929688,6532208
2020-06-01,635.2000122070312,657.5999755859375,627.1500244140625,633.2999877929688,2040611
2020-06-02,639.6500244140625,647.7000122070312,632.3499755859375,639.5499877929688,1671735
2020-06-03,645.0,673.9500122070312,643.0499877929688,658.7000122070312,2019006
2020-06-04,658.0,670.75,641.4000244140625,655.2000122070312,2220699
2020-06-05,662.7000122070312,663.9500122070312,646.9500122070312,649.9000244140625,976194
2020-06-08,659.0,660.9000244140625,643.8499755859375,658.5499877929688,1108989
2020-06-09,660.0,677.0,652.0,659.3499755859375,1239575
2020-06-10,665.0,665.0,626.4000244140625,632.6500244140625,2075096
2020-06-11,633.0,644.5,610.4000244140625,613.5999755859375,2014187
2020-06-12,600.0,619.0,591.25,606.7999877929688,2084527
2020-06-15,611.0999755859375,611.7000122070312,596.3499755859375,608.75,1878427
2020-06-16,615.0,648.4500122070312,615.0,634.3499755859375,4979145
2020-06-17,628.0,642.9500122070312,621.0999755859375,640.25,1503222
2020-06-18,640.0,645.5999755859375,619.7000122070312,642.0499877929688,1415905
2020-06-19,643.25,655.0,637.1500244140625,650.5,2439527
2020-06-22,655.9000244140625,672.0,653.3499755859375,661.7000122070312,1991649
2020-06-23,664.0,671.0,650.0499877929688,664.9500122070312,2304549
2020-06-24,671.25,686.4500122070312,668.0499877929688,671.7000122070312,2289595
2020-06-25,671.7000122070312,687.0999755859375,669.4500122070312,676.2999877929688,1924228
2020-06-26,680.0,696.7999877929688,679.0,685.4500122070312,1515668
2020-06-29,687.0,694.0,683.2999877929688,687.6500244140625,1506765
2020-06-30,687.6500244140625,697.7000122070312,687.2000122070312,690.7999877929688,3278250
2020-07-01,695.0,696.8499755859375,685.0499877929688,694.8499755859375,708593
2020-07-02,696.0999755859375,700.0,687.0,696.9000244140625,890340
2020-07-03,701.0,718.9000244140625,695.1500244140625,717.2999877929688,2286821
2020-07-06,719.9000244140625,720.0,702.0999755859375,707.9000244140625,1312275
2020-07-07,720.0,721.7000122070312,690.4000244140625,703.5999755859375,2861203
2020-07-08,708.4000244140625,708.4000244140625,693.4000244140625,695.3499755859375,784395
2020-07-09,695.4000244140625,699.0,685.7000122070312,693.5,1113721
2020-07-10,693.4500122070312,704.4000244140625,685.4500122070312,697.25,1076732
2020-07-13,704.9500122070312,704.9500122070312,690.0,695.0999755859375,1486087
2020-07-14,697.7000122070312,703.5,690.5999755859375,694.5999755859375,663400
2020-07-15,700.0,707.6500244140625,690.3499755859375,694.5499877929688,1499695
2020-07-16,700.0,700.0,685.3499755859375,694.3499755859375,666601
2020-07-17,700.0,706.0,695.0999755859375,700.5499877929688,803292
2020-07-20,703.0,710.0,692.0499877929688,698.6500244140625,985318
2020-07-21,699.9500122070312,703.3499755859375,677.2999877929688,680.25,1327599
2020-07-22,680.25,696.0,675.5,693.2000122070312,1727347
2020-07-23,697.0999755859375,698.75,668.4000244140625,681.7000122070312,2053661
2020-07-24,681.4500122070312,688.0,665.5999755859375,680.0,869014
2020-07-27,680.1500244140625,680.9000244140625,663.5,666.9000244140625,677160
2020-07-28,667.1500244140625,679.7000122070312,665.2000122070312,677.4500122070312,831857
2020-07-29,667.0,684.75,667.0,680.1500244140625,971664
2020-07-30,686.9500122070312,692.0,676.0999755859375,682.6500244140625,1029899
2020-07-31,683.0,695.0,678.7999877929688,691.8499755859375,1127724
2020-08-03,696.0,708.5,691.6500244140625,699.0499877929688,2106169
2020-08-04,705.8499755859375,705.8499755859375,682.0999755859375,692.0,2391759
2020-08-05,692.0,692.25,672.4500122070312,677.2000122070312,2028174
2020-08-06,681.9000244140625,694.75,680.0,690.8499755859375,830991
2020-08-07,690.9000244140625,701.5499877929688,687.0999755859375,689.0999755859375,1129317
2020-08-10,691.2000122070312,696.3499755859375,680.2000122070312,682.0,512185
2020-08-11,683.9000244140625,695.9500122070312,680.8499755859375,687.7999877929688,672208
2020-08-12,685.2000122070312,693.4500122070312,682.0499877929688,689.9500122070312,548015
2020-08-13,692.7999877929688,716.7000122070312,690.5,709.2000122070312,3535791
2020-08-14,713.9000244140625,713.9000244140625,681.0,684.5999755859375,1842878
2020-08-17,685.0,688.0,670.5999755859375,681.6500244140625,1038068
2020-08-18,681.7999877929688,695.8499755859375,681.7999877929688,690.75,639256
2020-08-19,693.0,697.8499755859375,685.3499755859375,690.6500244140625,872875
2020-08-20,690.0,694.4500122070312,678.3499755859375,689.2000122070312,486335
2020-08-21,694.9000244140625,695.0,681.0,683.5,386242
2020-08-24,683.3499755859375,690.5,680.4000244140625,685.2999877929688,374391
2020-08-25,686.0,701.0,674.4500122070312,677.75,1183775
2020-08-26,679.7000122070312,684.7000122070312,675.2999877929688,681.25,573515
2020-08-27,684.0,688.5,677.0,678.75,1026839
2020-08-28,685.0,685.9500122070312,670.0,670.9500122070312,959808
2020-08-31,676.9000244140625,676.9000244140625,647.0,651.2999877929688,1600905
2020-09-01,653.0,665.0,641.0,658.2000122070312,1964273
2020-09-02,660.0,663.7999877929688,648.75,658.2999877929688,774332
2020-09-03,662.0,679.5,660.0,672.2999877929688,1187920
2020-09-04,661.0,668.6500244140625,652.4500122070312,655.75,788682
2020-09-07,658.0,664.0,647.4500122070312,651.7000122070312,1257643
2020-09-08,654.25,673.9000244140625,648.0,669.7000122070312,1842735
2020-09-09,659.5999755859375,684.9500122070312,659.5999755859375,672.8499755859375,2392806
2020-09-10,677.7999877929688,681.5,663.8499755859375,673.0499877929688,595369
2020-09-11,673.0499877929688,688.0,670.7999877929688,685.6500244140625,679537
2020-09-14,687.9000244140625,697.7000122070312,677.4500122070312,691.5499877929688,1121410
2020-09-15,691.5499877929688,711.9000244140625,688.75,706.2000122070312,1659129
2020-09-16,710.0,713.0,698.7999877929688,707.4000244140625,1458461
2020-09-17,707.4000244140625,722.9000244140625,703.5,709.2000122070312,2694507
2020-09-18,709.75,726.7000122070312,697.3499755859375,713.75,2029856
2020-09-21,715.9000244140625,716.9500122070312,680.0499877929688,687.2999877929688,879006
2020-09-22,685.0,689.6500244140625,666.0,683.2000122070312,864996
2020-09-23,682.7000122070312,689.0999755859375,668.3499755859375,678.9000244140625,1003035
2020-09-24,673.2999877929688,701.9500122070312,670.0,691.5,1980016
2020-09-25,700.0,715.0,697.0999755859375,702.0999755859375,2234701
2020-09-28,709.0,723.4000244140625,702.25,713.25,990055
2020-09-29,715.25,730.0,702.0999755859375,705.4000244140625,2736611
2020-09-30,705.9000244140625,736.9500122070312,705.7000122070312,724.9500122070312,2919411
2020-10-01,729.0,741.0,728.2000122070312,734.0499877929688,1769617
2020-10-05,741.0,758.0,738.5499877929688,752.5499877929688,2379878
2020-10-06,759.8499755859375,762.0,735.0999755859375,740.6500244140625,1714797
2020-10-07,741.0,748.0,721.0999755859375,729.5,1407930
2020-10-08,732.7999877929688,735.8499755859375,718.2000122070312,726.75,1543254
2020-10-09,727.0,731.9000244140625,715.5999755859375,719.8499755859375,1095824
2020-10-12,722.0,723.0,700.5,708.25,1426463
2020-10-13,711.4000244140625,727.75,703.8499755859375,714.7000122070312,1250360
2020-10-14,716.0,719.9500122070312,697.0,699.7999877929688,2912627
2020-10-15,703.9500122070312,704.0,679.7000122070312,682.1500244140625,1988759
2020-10-16,685.0,688.1500244140625,675.0,677.8499755859375,1292241
2020-10-19,682.2999877929688,690.0,673.7999877929688,687.0999755859375,1826412
2020-10-20,688.5,692.5,676.25,690.9000244140625,1195995
2020-10-21,693.9000244140625,701.5999755859375,680.0999755859375,686.5,1474252
2020-10-22,683.8499755859375,685.0,667.1500244140625,671.75,1683175
2020-10-23,671.0,682.4500122070312,668.4000244140625,681.25,1132236
2020-10-26,686.0,691.7999877929688,667.0999755859375,671.75,1658171
2020-10-27,674.0,688.4000244140625,674.0,685.3499755859375,1378308
2020-10-28,689.3499755859375,691.0,672.8499755859375,677.1500244140625,875159
2020-10-29,674.9000244140625,687.4500122070312,671.0499877929688,684.7999877929688,577060
2020-10-30,686.0,686.0999755859375,661.0,664.7999877929688,1402334
2020-11-02,664.7999877929688,674.5,653.5999755859375,656.0499877929688,1871847
2020-11-03,660.0,670.7999877929688,658.2000122070312,668.5499877929688,741881
2020-11-04,668.5499877929688,679.5499877929688,665.3499755859375,676.0499877929688,755755
2020-11-05,680.0,693.7999877929688,659.0,669.2000122070312,2233167
2020-11-06,671.2000122070312,682.4000244140625,663.4000244140625,669.5499877929688,2705596
2020-11-09,680.0,692.0,676.6500244140625,688.3499755859375,1872686
2020-11-10,694.9500122070312,694.9500122070312,672.2000122070312,677.0,1546696
2020-11-11,678.0,690.5999755859375,676.2000122070312,688.9000244140625,765078
2020-11-12,688.0,693.1500244140625,681.1500244140625,687.1500244140625,977267
2020-11-13,687.0,690.5,678.4000244140625,681.9000244140625,578872
2020-11-14,682.0,690.0,681.9000244140625,685.7000122070312,116788
2020-11-17,686.0,689.4500122070312,675.4500122070312,679.0499877929688,981089
2020-11-18,678.0,684.9000244140625,673.25,683.3499755859375,1174650
2020-11-19,681.0,703.0,680.1500244140625,684.9000244140625,2013582
2020-11-20,688.9000244140625,709.0,686.0499877929688,699.0,2306191
2020-11-23,705.0,715.4500122070312,701.25,707.8499755859375,1798703
2020-11-24,711.2999877929688,714.2999877929688,704.7000122070312,708.2999877929688,909867
2020-11-25,711.7000122070312,713.0,692.1500244140625,696.2000122070312,1419977
2020-11-26,693.5,704.0,689.3499755859375,701.0999755859375,1064058
2020-11-27,702.0999755859375,719.5999755859375,694.0,699.75,3483741
2020-12-01,712.0,715.5499877929688,702.5499877929688,705.5999755859375,1328512
2020-12-02,707.9000244140625,719.2000122070312,707.9000244140625,717.9000244140625,1642706
2020-12-03,725.0,725.0,705.5999755859375,712.2000122070312,2822160
2020-12-04,715.0999755859375,718.9000244140625,707.0,710.0,1261160
2020-12-07,712.0,717.0,706.4500122070312,714.4500122070312,989380
2020-12-08,717.0,717.0,701.25,706.5,1631504
2020-12-09,709.0,712.4500122070312,703.2000122070312,704.9500122070312,1808585
2020-12-10,706.0,734.0,699.2999877929688,728.5499877929688,4702971
2020-12-11,735.7999877929688,739.4000244140625,716.5499877929688,726.5999755859375,2230739
2020-12-14,732.0,732.9000244140625,722.0999755859375,723.25,939165
2020-12-15,725.0,726.7999877929688,714.3499755859375,722.7999877929688,1192361
2020-12-16,729.9000244140625,730.0,715.6500244140625,720.6500244140625,1186100
2020-12-17,720.6500244140625,732.8499755859375,714.9000244140625,719.2000122070312,1244562
2020-12-18,721.0,725.0,714.25,720.2000122070312,968461
2020-12-21,719.0,745.2000122070312,683.0999755859375,703.5,4176481
2020-12-22,705.2000122070312,720.2000122070312,694.0,712.5999755859375,2852158
2020-12-23,717.0,719.0,706.0,712.7999877929688,1737539
2020-12-24,716.3499755859375,732.6500244140625,716.3499755859375,721.0,1648257
2020-12-28,724.7000122070312,730.5999755859375,719.7999877929688,727.25,1095161
2020-12-29,732.0,744.9500122070312,728.5,741.1500244140625,1469463
2020-12-30,745.0,756.9000244140625,738.2999877929688,749.1500244140625,2188175
2020-12-31,752.0,754.9500122070312,732.0,740.1500244140625,2150742
2021-01-01,742.0,746.8499755859375,738.0,738.9500122070312,561444
2021-01-04,740.0999755859375,760.0,734.25,758.0999755859375,1503343
2021-01-05,758.0999755859375,763.75,747.2999877929688,760.2999877929688,1030289
2021-01-06,763.0,763.0,738.5499877929688,744.7000122070312,2741990
2021-01-07,752.0,753.1500244140625,731.25,733.3499755859375,1504697
2021-01-08,738.9000244140625,752.2999877929688,735.4000244140625,750.3499755859375,2097317
2021-01-11,754.7000122070312,786.0,753.0,769.5999755859375,5754681
2021-01-12,773.7999877929688,778.0,760.2999877929688,762.2000122070312,1713731
2021-01-13,768.0,774.0,758.5,770.5499877929688,1757075
2021-01-14,774.8499755859375,788.0,763.7000122070312,783.4000244140625,2646805
2021-01-15,783.2999877929688,792.0,770.0,780.0999755859375,2234134
2021-01-18,779.9000244140625,793.7999877929688,768.1500244140625,778.1500244140625,2229603
2021-01-19,781.7000122070312,796.0,780.0,786.7000122070312,1578963
2021-01-20,789.9000244140625,804.9000244140625,785.2000122070312,801.0499877929688,1703250
2021-01-21,804.75,808.3499755859375,792.25,797.4500122070312,2156115
2021-01-22,797.0,801.0,785.7000122070312,790.0499877929688,1548303
2021-01-25,794.0,806.0,776.2999877929688,779.25,1651256
2021-01-27,782.0,786.7999877929688,765.0,773.9500122070312,1028421
2021-01-28,768.5,780.5999755859375,766.7000122070312,777.8499755859375,837436
2021-01-29,781.7000122070312,782.0,739.0499877929688,744.6500244140625,1584509
2021-02-01,749.6500244140625,762.5499877929688,747.0,752.9500122070312,1051147
2021-02-02,758.9500122070312,770.4500122070312,745.0,747.8499755859375,805564
2021-02-03,745.0,756.4000244140625,743.5499877929688,746.9000244140625,1225017
2021-02-04,745.7999877929688,771.0,745.25,768.75,1632180
2021-02-05,770.0,773.7999877929688,746.0,749.1500244140625,859569
2021-02-08,756.0,761.3499755859375,732.0,735.4000244140625,2620168
2021-02-09,732.0,748.4000244140625,715.0,743.5999755859375,2419027
2021-02-10,740.0,751.0,740.0,749.7000122070312,921127
2021-02-11,751.0,764.0,749.5,758.75,1145400
2021-02-12,764.0,765.0,753.0,754.2999877929688,641825
2021-02-15,754.5,758.4500122070312,741.4500122070312,743.2999877929688,712665
2021-02-16,744.0999755859375,747.7000122070312,718.0499877929688,721.0999755859375,1630695
2021-02-17,725.0,726.0,715.0999755859375,720.7999877929688,774785
2021-02-18,719.7999877929688,724.5,714.0,718.75,1468422
2021-02-19,717.0,732.9500122070312,703.2999877929688,709.7000122070312,1758878
2021-02-22,713.0,718.4500122070312,694.0,699.4500122070312,1556681
2021-02-23,700.0499877929688,702.2999877929688,677.9500122070312,680.0999755859375,3596099
2021-02-24,680.25,708.7999877929688,676.0,692.9000244140625,1101303
2021-02-25,696.0,699.0,684.0999755859375,696.4000244140625,1952459
2021-02-26,697.0,703.5999755859375,680.0999755859375,686.4000244140625,3042500
2021-03-01,690.0,692.4000244140625,673.0,686.25,1586182
2021-03-02,690.0,696.2999877929688,680.0,691.9500122070312,1262750
2021-03-03,695.0,705.5999755859375,693.8499755859375,699.4000244140625,1274984
2021-03-04,698.4000244140625,699.0,690.0,692.3499755859375,1375763
2021-03-05,690.2000122070312,697.4500122070312,687.2000122070312,691.2999877929688,1304207
2021-03-08,694.5999755859375,697.5999755859375,687.7000122070312,689.0999755859375,585556
2021-03-09,690.0999755859375,693.3499755859375,676.0499877929688,680.0999755859375,1150343
2021-03-10,684.0,696.0,678.5,694.2999877929688,1013808
2021-03-12,698.9500122070312,703.75,685.0,686.4000244140625,1100332
2021-03-15,692.0,692.0,674.1500244140625,680.8499755859375,530082
2021-03-16,680.0,682.7999877929688,674.7000122070312,680.6500244140625,738129
2021-03-17,679.0,681.0499877929688,659.8499755859375,660.7999877929688,1538154
2021-03-18,662.0,664.0,654.1500244140625,660.4500122070312,2245397
2021-03-19,653.0,677.5,646.1500244140625,672.5,1300769
2021-03-22,675.0,696.0,671.0,694.3499755859375,2005221
2021-03-23,699.2999877929688,704.1500244140625,689.7000122070312,690.25,1186911
2021-03-24,687.0499877929688,691.7999877929688,681.2000122070312,683.4000244140625,1494104
2021-03-25,687.0,690.7000122070312,675.6500244140625,679.7999877929688,1554830
2021-03-26,693.7999877929688,713.0,688.5,710.25,3079702
2021-03-30,717.3499755859375,731.2999877929688,713.5499877929688,726.5,2462785
2021-03-31,728.0,734.6500244140625,718.0,729.6500244140625,1437209
2021-04-01,730.7000122070312,735.9000244140625,723.7000122070312,726.2999877929688,681593
2021-04-05,726.2999877929688,733.0,704.25,722.3499755859375,1593063
2021-04-06,722.5,733.9000244140625,721.0,727.75,1009712
2021-04-07,729.2000122070312,744.7999877929688,727.0,739.5,2369890
2021-04-08,745.0,748.0,732.6500244140625,739.9000244140625,2088453
2021-04-09,743.0,745.7000122070312,736.0999755859375,739.0999755859375,655947
2021-04-12,739.0,740.9500122070312,706.5999755859375,715.4000244140625,2106505
2021-04-13,722.2000122070312,733.5,712.9500122070312,723.5,913053
2021-04-15,729.9500122070312,738.8499755859375,720.0,736.5499877929688,783875
2021-04-16,735.0999755859375,737.9000244140625,728.0,731.9000244140625,501105
2021-04-19,725.0,728.0,710.9000244140625,724.75,627482
2021-04-20,727.8499755859375,733.75,717.5499877929688,725.6500244140625,1118993
2021-04-22,729.4000244140625,730.0,700.0,704.0999755859375,1362900
2021-04-23,705.0,705.8499755859375,692.4500122070312,698.7000122070312,858973
2021-04-26,700.0,704.9000244140625,694.2000122070312,695.4000244140625,890730
2021-04-27,696.0,703.4500122070312,692.5,702.2000122070312,626898
2021-04-28,705.4000244140625,713.9500122070312,700.5999755859375,711.7999877929688,606306
2021-04-29,715.3499755859375,723.4000244140625,700.7999877929688,702.0999755859375,720809
2021-04-30,700.25,710.7999877929688,687.5,691.75,1065138
2021-05-03,690.0,713.1500244140625,687.5999755859375,709.0499877929688,736682
2021-05-04,710.9000244140625,713.7999877929688,695.0,697.5999755859375,683406
2021-05-05,704.3499755859375,709.0,698.25,708.0999755859375,504265
2021-05-06,714.8499755859375,720.4500122070312,700.5999755859375,709.9500122070312,840805
2021-05-07,713.4000244140625,718.2999877929688,700.0499877929688,702.0999755859375,914560
2021-05-10,700.0,711.5999755859375,698.0999755859375,709.25,638301
2021-05-11,708.8499755859375,717.8499755859375,700.0,716.2000122070312,1436853
2021-05-12,775.0,892.0,773.1500244140625,872.8499755859375,27379767
2021-05-14,860.0,883.0,846.5999755859375,851.7999877929688,7181532
2021-05-17,853.0,857.2000122070312,836.6500244140625,841.4500122070312,1991890
2021-05-18,845.0,846.75,810.5,816.25,3601308
2021-05-19,820.0,830.9500122070312,811.0,821.6500244140625,2239046
2021-05-20,821.6500244140625,828.0,811.75,815.5,1808216
2021-05-21,820.7000122070312,823.6500244140625,813.7999877929688,818.4500122070312,1510500
2021-05-24,817.0,825.0,803.7000122070312,808.2999877929688,1910129
2021-05-25,817.0,821.5,805.0,806.75,1103602
2021-05-26,810.75,827.4000244140625,802.0499877929688,824.9000244140625,1798172
2021-05-27,826.0999755859375,839.2000122070312,820.0,831.3499755859375,7216411
2021-05-28,838.0,852.0,835.0,844.7000122070312,2050175
2021-05-31,845.0,861.9000244140625,841.5999755859375,856.5499877929688,1705253
2021-06-01,859.0,865.2999877929688,845.5499877929688,849.0499877929688,1044836
2021-06-02,841.0999755859375,855.75,836.4500122070312,850.5999755859375,2189760
2021-06-03,852.9000244140625,865.5,850.0,864.3499755859375,858017
2021-06-04,864.7999877929688,869.75,843.3499755859375,852.5499877929688,1553693
2021-06-07,855.0,858.0,847.0,849.0999755859375,561596
2021-06-08,849.0999755859375,858.9000244140625,846.7000122070312,855.6500244140625,877939
2021-06-09,850.0,865.0,842.4500122070312,853.25,905294
2021-06-10,858.0,897.4000244140625,850.6500244140625,885.75,5068398
2021-06-11,891.8499755859375,906.9000244140625,886.0999755859375,899.5499877929688,2884644
2021-06-14,898.9500122070312,924.75,888.0499877929688,920.6500244140625,3301859
2021-06-15,920.6500244140625,937.2999877929688,916.5,933.7000122070312,1537325
2021-06-16,939.0,942.3499755859375,914.4000244140625,917.2999877929688,1447631
2021-06-17,910.0,917.0,900.8499755859375,908.0,953217
2021-06-18,910.0,913.4500122070312,880.0,892.9500122070312,1425767
2021-06-21,882.75,895.0,879.2999877929688,885.6500244140625,709452
2021-06-22,889.4500122070312,897.0,874.5999755859375,877.1500244140625,1464780
2021-06-23,881.0,886.7000122070312,873.7000122070312,880.75,1221549
2021-06-24,875.0,879.8499755859375,867.2999877929688,870.4000244140625,1062919
2021-06-25,873.9000244140625,880.0,863.0,870.5499877929688,1237154
2021-06-28,875.0,879.6500244140625,868.0,869.75,996056
2021-06-29,873.7999877929688,908.0,873.0499877929688,877.7999877929688,4206824
2021-06-30,884.7999877929688,892.9000244140625,866.8499755859375,870.25,1546268
2021-07-01,871.7999877929688,892.25,869.0,888.0499877929688,1829407
2021-07-02,894.7000122070312,908.4500122070312,880.5499877929688,891.25,1816510
2021-07-05,902.0,927.7000122070312,902.0,925.0,3799078
2021-07-06,929.75,976.9500122070312,927.1500244140625,964.25,6203163
2021-07-07,964.25,980.7000122070312,956.0,962.9000244140625,3106332
2021-07-08,961.0999755859375,969.5999755859375,951.75,962.7000122070312,1104970
2021-07-09,963.0,971.9500122070312,956.0,965.6500244140625,1419037
2021-07-12,970.0,974.0499877929688,953.0,957.0,560070
2021-07-13,957.0,958.0,940.5,942.5499877929688,682912
2021-07-14,944.0499877929688,946.75,935.4000244140625,940.1500244140625,655350
2021-07-15,945.0,949.9500122070312,941.0,948.2999877929688,429946
2021-07-16,953.2999877929688,959.7999877929688,944.0,951.0999755859375,1080656
2021-07-19,949.0999755859375,958.4500122070312,942.0999755859375,944.0,613585
2021-07-20,944.0,953.7000122070312,939.25,948.8499755859375,671763
2021-07-22,954.5,973.6500244140625,951.0999755859375,969.6500244140625,1022132
2021-07-23,979.0,984.0,962.25,980.1500244140625,1052281
2021-07-26,984.9000244140625,988.4500122070312,974.5499877929688,976.5499877929688,1069963
2021-07-27,976.0499877929688,1004.7000122070312,969.0999755859375,998.75,1419282
2021-07-28,1000.0,1010.0,985.0,1000.9500122070312,1408767
2021-07-29,1004.0,1007.8499755859375,982.0999755859375,986.8499755859375,519303
2021-07-30,987.9000244140625,998.8499755859375,970.5,987.7999877929688,1015249
2021-08-02,990.0499877929688,1007.25,990.0499877929688,992.3499755859375,977930
2021-08-03,992.0,1020.7000122070312,987.7000122070312,1017.0999755859375,1227353
2021-08-04,1017.1500244140625,1024.0,980.0,988.9500122070312,2339710
2021-08-05,998.0,1000.5499877929688,971.25,976.0,974321
2021-08-06,975.2000122070312,987.7000122070312,969.25,972.25,581029
2021-08-09,972.25,983.25,963.4000244140625,975.25,448237
2021-08-10,979.25,991.9500122070312,968.0,985.2000122070312,1140694
2021-08-11,990.0,993.0,957.0499877929688,979.7999877929688,740627
2021-08-12,978.8499755859375,992.4500122070312,974.7000122070312,990.7999877929688,612459
2021-08-13,994.2000122070312,999.9500122070312,981.0,983.25,557489
2021-08-16,983.25,995.0,976.4500122070312,991.5,678302
2021-08-17,993.2999877929688,1011.7999877929688,983.25,1005.4500122070312,1223601
2021-08-18,1011.0,1022.5999755859375,1002.4000244140625,1005.2000122070312,1136005
2021-08-20,1000.0,1045.0,987.1500244140625,1033.1500244140625,2742914
2021-08-23,1045.0,1063.0,1025.0,1029.75,2708079
2021-08-24,1033.5,1039.5999755859375,1000.0,1013.4500122070312,1095340
2021-08-25,1009.0,1055.5,1002.0,1040.8499755859375,2350390
2021-08-26,1045.949951171875,1074.8499755859375,1028.699951171875,1042.6500244140625,4201220
2021-08-27,1051.300048828125,1057.4000244140625,1042.8499755859375,1054.050048828125,1407309
2021-08-30,1057.800048828125,1100.0,1057.800048828125,1087.5,3463813
2021-08-31,1086.5999755859375,1100.0,1069.199951171875,1099.300048828125,1993712
2021-09-01,1105.800048828125,1107.0,1089.050048828125,1097.8499755859375,1038779
2021-09-02,1091.0999755859375,1129.300048828125,1091.0999755859375,1125.5,1503286
2021-09-03,1135.5,1135.5,1108.6500244140625,1119.3499755859375,1255070
2021-09-06,1120.0,1129.0,1103.800048828125,1113.0,908333
2021-09-07,1112.949951171875,1132.0,1110.050048828125,1112.6500244140625,945095
2021-09-08,1112.6500244140625,1126.9000244140625,1100.949951171875,1109.1500244140625,1015437
2021-09-09,1104.5,1123.199951171875,1095.25,1109.25,858513
2021-09-13,1108.9000244140625,1127.75,1103.0,1121.25,1009511
2021-09-14,1123.300048828125,1125.0,1110.300048828125,1114.050048828125,506206
2021-09-15,1114.050048828125,1138.0,1110.050048828125,1126.9000244140625,965726
2021-09-16,1125.949951171875,1130.3499755859375,1100.300048828125,1104.699951171875,774196
2021-09-17,1110.0,1112.0,1082.699951171875,1090.5999755859375,1513263
2021-09-20,1086.0,1102.5,1072.5,1079.6500244140625,737707
2021-09-21,1076.550048828125,1086.9000244140625,1067.050048828125,1080.449951171875,938081
2021-09-22,1081.25,1082.0,1050.0,1054.449951171875,1596402
2021-09-23,1066.0,1066.0,1054.300048828125,1058.050048828125,854695
2021-09-24,1059.0,1066.300048828125,1037.199951171875,1041.6500244140625,1191536
2021-09-27,1043.0999755859375,1049.4000244140625,1025.800048828125,1038.699951171875,599969
2021-09-28,1046.300048828125,1102.449951171875,1043.75,1053.3499755859375,4658523
2021-09-29,1057.699951171875,1058.6500244140625,1015.2000122070312,1022.3499755859375,1558499
2021-09-30,1022.3499755859375,1036.75,1010.9500122070312,1029.9000244140625,1384361
2021-10-01,1029.199951171875,1042.949951171875,1006.1500244140625,1020.3499755859375,1190574
2021-10-04,1026.0,1035.0,1007.3499755859375,1029.6500244140625,835807
2021-10-05,1029.6500244140625,1048.9000244140625,1026.1500244140625,1042.0999755859375,1160213
2021-10-06,1065.8499755859375,1065.8499755859375,1015.4500122070312,1017.9500122070312,1934913
2021-10-07,1022.5,1033.5999755859375,1013.8499755859375,1029.0,528402
2021-10-08,1037.800048828125,1037.800048828125,1016.0,1019.2999877929688,559020
2021-10-11,1025.0,1028.699951171875,1016.5,1024.6500244140625,550846
2021-10-12,1020.6500244140625,1032.800048828125,1012.7999877929688,1026.550048828125,598652
2021-10-13,1027.0,1065.0,1020.6500244140625,1058.3499755859375,1527860
2021-10-14,1070.0,1072.199951171875,1037.199951171875,1038.699951171875,1070723
2021-10-18,1066.050048828125,1066.050048828125,1014.0,1017.1500244140625,1538818
2021-10-19,1025.0,1035.0,1005.5999755859375,1007.8499755859375,1256910
2021-10-20,1015.2000122070312,1018.7999877929688,987.5,992.4000244140625,992533
2021-10-21,1002.0,1004.0,969.5499877929688,977.5,1495578
2021-10-22,983.0,983.0,953.0499877929688,960.7999877929688,988464
2021-10-25,961.25,964.25,930.0,942.4500122070312,683757
2021-10-26,937.0,968.9000244140625,935.0999755859375,964.0,867692
2021-10-27,968.0,1016.0,960.25,1009.9000244140625,4206753
2021-10-28,1008.1500244140625,1012.75,981.0,984.8499755859375,594357
2021-10-29,984.5,993.5499877929688,951.5,956.6500244140625,1341226
2021-11-01,956.2000122070312,977.5499877929688,951.7999877929688,974.2000122070312,621347
2021-11-02,974.0,975.5999755859375,958.0,960.3499755859375,347373
2021-11-03,961.0499877929688,968.2999877929688,948.0499877929688,960.0499877929688,519455
2021-11-04,962.0,974.0,961.25,971.7000122070312,71965
2021-11-08,973.4000244140625,982.4000244140625,958.0,971.2999877929688,476554
2021-11-09,973.0999755859375,975.0,950.0,960.2999877929688,639253
2021-11-10,958.0999755859375,981.0,958.0,976.7000122070312,870398
2021-11-11,978.8499755859375,985.25,945.7000122070312,950.6500244140625,1920420
2021-11-12,957.7999877929688,957.7999877929688,911.0,919.5999755859375,2401940
2021-11-15,921.4000244140625,925.5999755859375,910.2999877929688,922.2999877929688,734590
2021-11-16,926.7999877929688,944.0,923.4000244140625,935.1500244140625,1688451
2021-11-17,930.0,932.0,919.0,921.6500244140625,409606
2021-11-18,924.0,927.75,911.2000122070312,919.5499877929688,453443
2021-11-22,920.0,924.3499755859375,898.0,911.6500244140625,566677
2021-11-23,906.2000122070312,917.9500122070312,904.0,912.6500244140625,422645
2021-11-24,914.2000122070312,924.25,906.0,913.8499755859375,671741
2021-11-25,916.2000122070312,923.0,897.5,918.0,612233
2021-11-26,916.7999877929688,921.7000122070312,890.5,897.4500122070312,555686
2021-11-29,887.0,924.3499755859375,877.0499877929688,913.2000122070312,1398906
2021-11-30,913.5999755859375,931.3499755859375,913.5999755859375,923.0999755859375,2253997
2021-12-01,929.0,947.0,927.0,938.4000244140625,1843746
2021-12-02,939.9000244140625,944.2999877929688,914.0,924.0499877929688,1113713
2021-12-03,927.9000244140625,927.9000244140625,911.0999755859375,913.0999755859375,947193
2021-12-06,913.0,926.2000122070312,883.6500244140625,886.7000122070312,864223
2021-12-07,896.5,901.5,884.2999877929688,899.2999877929688,1587575
2021-12-08,901.0,908.5499877929688,898.5,902.75,794353
2021-12-09,908.0,936.0,904.2000122070312,927.7000122070312,2071868
2021-12-10,926.2000122070312,945.75,923.0499877929688,943.0,1847909
2021-12-13,947.0,959.9500122070312,923.25,929.0999755859375,2373494
2021-12-14,925.2999877929688,932.7999877929688,915.2000122070312,930.7000122070312,566133
2021-12-15,928.0999755859375,930.5,913.2999877929688,923.25,891863
2021-12-16,925.75,929.2000122070312,909.3499755859375,912.5,604811
2021-12-17,911.2000122070312,914.9500122070312,893.0,899.0,837940
2021-12-20,894.0,901.5,871.2000122070312,891.25,1297082
2021-12-21,900.0,948.0,898.0999755859375,936.9000244140625,2962529
2021-12-22,941.0,962.9500122070312,933.0,958.1500244140625,1297628
2021-12-23,959.25,967.75,949.2000122070312,964.7999877929688,770115
2021-12-24,964.7999877929688,976.0,961.0999755859375,966.25,678167
2021-12-27,962.7000122070312,964.1500244140625,952.1500244140625,954.9500122070312,406673
2021-12-28,958.0,969.0,951.0,967.7000122070312,551091
2021-12-29,965.2999877929688,972.8499755859375,958.3499755859375,960.75,329919
2021-12-30,962.4500122070312,965.5,946.5999755859375,950.3499755859375,378306
2021-12-31,955.0,974.1500244140625,952.9500122070312,968.3499755859375,766542
2022-01-03,973.9000244140625,976.0,956.1500244140625,957.5999755859375,365511
2022-01-04,960.0,960.0,934.0,949.7000122070312,781428
2022-01-05,950.0,956.2999877929688,941.2000122070312,954.5499877929688,280753
2022-01-06,951.9000244140625,955.5,933.4500122070312,949.0499877929688,399966
2022-01-07,936.0,962.0,936.0,957.5499877929688,748205
2022-01-10,959.0,962.75,928.5999755859375,931.0499877929688,811201
2022-01-11,936.7999877929688,938.0,912.6500244140625,915.0499877929688,619574
2022-01-12,920.0,926.0,908.7000122070312,924.9500122070312,599785
2022-01-13,927.7999877929688,929.7999877929688,916.0,924.3499755859375,411748
2022-01-14,915.9000244140625,924.4500122070312,909.0,918.75,690471
2022-01-17,922.0,934.7999877929688,908.0,924.9500122070312,1342109
2022-01-18,926.0,948.0,925.2000122070312,928.4000244140625,1309979
2022-01-19,933.75,943.5999755859375,929.5499877929688,937.5499877929688,986677
2022-01-20,940.75,940.75,900.25,902.75,838602
2022-01-21,899.0,899.9500122070312,883.7000122070312,891.2000122070312,844538
2022-01-24,890.0,890.7000122070312,853.9500122070312,860.7999877929688,1449993
2022-01-25,855.0,901.2999877929688,848.75,894.4500122070312,1244694
2022-01-27,891.0,891.0,870.4500122070312,879.4000244140625,801632
2022-01-28,885.9500122070312,900.0999755859375,877.6500244140625,880.9500122070312,1023782
2022-01-31,885.3499755859375,899.4500122070312,884.1500244140625,888.2999877929688,399856
2022-02-01,891.0,905.0,885.5,900.4000244140625,813871
2022-02-02,907.0,913.9500122070312,895.75,910.2999877929688,728598
2022-02-03,910.2999877929688,929.5,905.0999755859375,923.2999877929688,884886
2022-02-04,924.0,929.2000122070312,907.8499755859375,912.3499755859375,781566
2022-02-07,912.0,912.0,885.75,889.4000244140625,881015
2022-02-08,888.0,894.4000244140625,873.0499877929688,877.9500122070312,1308258
2022-02-09,874.9500122070312,874.9500122070312,848.0499877929688,860.0,1538750
2022-02-10,860.5999755859375,864.9500122070312,849.2000122070312,853.0999755859375,711095
2022-02-11,850.0,852.0,820.3499755859375,825.0,1853146
2022-02-14,805.0,820.5999755859375,794.1500244140625,799.75,1708417
2022-02-15,807.0499877929688,834.75,803.2999877929688,813.75,2517405
2022-02-16,815.5999755859375,846.9500122070312,814.7999877929688,830.25,895517
2022-02-17,839.1500244140625,839.1500244140625,826.1500244140625,832.9500122070312,598651
2022-02-18,830.0,836.9000244140625,793.8499755859375,825.4000244140625,376013
2022-02-21,823.0,825.4000244140625,801.7999877929688,809.0,548546
2022-02-22,788.0,794.0,765.0,780.9000244140625,1867712
2022-02-23,785.0,806.0,780.5499877929688,803.4500122070312,882666
2022-02-24,770.0,796.0499877929688,766.5999755859375,771.1500244140625,887861
2022-02-25,775.7999877929688,789.9500122070312,768.0,778.3499755859375,1150389
2022-02-28,778.0,778.0,742.0499877929688,767.9500122070312,2644457
2022-03-02,760.0,763.0,749.0,752.2999877929688,1483184
2022-03-03,756.0,756.0,730.0,733.7999877929688,2003112
2022-03-04,731.0499877929688,735.0,711.0499877929688,722.0499877929688,1833048
2022-03-07,705.0999755859375,732.1500244140625,660.0499877929688,664.7000122070312,3263788
2022-03-08,665.0,703.9500122070312,660.0499877929688,701.0499877929688,3176686
2022-03-09,702.8499755859375,707.0,694.4500122070312,702.0,2756142
2022-03-10,707.2000122070312,737.7999877929688,707.2000122070312,710.8499755859375,2212776
2022-03-11,708.5,712.0499877929688,699.0,709.4500122070312,1691259
2022-03-14,710.0,713.9500122070312,699.9000244140625,710.0,1006751
2022-03-15,709.5999755859375,741.0,709.5999755859375,724.5999755859375,2483379
2022-03-16,733.0,750.0,720.0,747.25,1324407
2022-03-17,754.0,764.9000244140625,739.4000244140625,746.5,1872618
2022-03-21,751.2000122070312,753.6500244140625,720.0,722.25,1519162
2022-03-22,720.0,721.0,691.25,699.2999877929688,2803453
2022-03-23,707.6500244140625,707.6500244140625,686.9500122070312,694.3499755859375,2683742
2022-03-24,691.0,703.2000122070312,685.0,695.0,2017206
2022-03-25,700.0,700.4500122070312,680.9000244140625,684.8499755859375,1704500
2022-03-28,688.25,693.9000244140625,667.0999755859375,688.75,1637418
2022-03-29,692.0,699.3499755859375,684.3499755859375,695.3499755859375,1992992
2022-03-30,700.0,733.0,699.0499877929688,727.7999877929688,2980050
2022-03-31,730.0,750.0,728.0499877929688,747.2999877929688,2639682
2022-04-01,750.0,755.4000244140625,739.0999755859375,753.0,1290173
2022-04-04,755.0,775.0,753.0,770.6500244140625,1286677
2022-04-05,775.0,784.4000244140625,766.0,770.9000244140625,978539
2022-04-06,767.0,767.0,748.9000244140625,752.4500122070312,1218462
2022-04-07,759.0999755859375,791.4500122070312,753.0,781.5499877929688,3504782
2022-04-08,791.4500122070312,832.75,791.4500122070312,811.6500244140625,6265030
2022-04-11,812.9000244140625,816.8499755859375,803.4000244140625,812.25,1576113
2022-04-12,810.0,815.75,801.25,806.0999755859375,1277820
2022-04-13,808.0999755859375,812.0,784.2000122070312,786.3499755859375,1078826
2022-04-18,786.3499755859375,806.5499877929688,780.5999755859375,796.3499755859375,1581680
2022-04-19,800.0,805.5499877929688,765.5499877929688,775.0499877929688,1004353
2022-04-20,778.5,803.7000122070312,772.6500244140625,800.4000244140625,1030275
2022-04-21,804.0,813.3499755859375,792.7999877929688,798.0,832196
2022-04-22,794.9000244140625,805.3499755859375,788.1500244140625,797.0499877929688,453216
2022-04-25,766.0,789.4500122070312,749.25,761.1500244140625,2871354
2022-04-26,766.0,796.4500122070312,766.0,793.7999877929688,1228628
2022-04-27,778.0,800.0,777.9500122070312,792.0,718655
2022-04-28,776.0,808.6500244140625,765.0499877929688,803.0,1705372
2022-04-29,803.2000122070312,807.7000122070312,778.7999877929688,782.4000244140625,945798
2022-05-02,781.0,792.0499877929688,768.0,771.8499755859375,922151
2022-05-04,775.0,785.5999755859375,750.0999755859375,755.5499877929688,702967
2022-05-05,762.0,782.0,760.0,762.0499877929688,907000
2022-05-06,754.7999877929688,769.9500122070312,747.4000244140625,756.0999755859375,891772
2022-05-09,753.8499755859375,764.5999755859375,748.6500244140625,757.3499755859375,642095
2022-05-10,755.7999877929688,789.4000244140625,754.25,771.2999877929688,1278879
2022-05-11,770.5,788.2999877929688,764.0999755859375,780.75,1026366
2022-05-12,780.0,785.2999877929688,756.3499755859375,771.25,1509515
2022-05-13,779.7000122070312,828.0499877929688,776.5499877929688,797.2000122070312,4061765
2022-05-16,803.0,808.9500122070312,772.0499877929688,797.3499755859375,1772749
2022-05-17,801.2999877929688,824.5,790.7000122070312,819.5999755859375,1924331
2022-05-18,827.0,838.2000122070312,820.0499877929688,830.4000244140625,1283672
2022-05-19,817.0499877929688,819.5999755859375,786.0,795.5999755859375,917614
2022-05-20,775.0,791.8499755859375,753.5,758.4000244140625,4115079
2022-05-23,767.7999877929688,767.7999877929688,750.4000244140625,752.5499877929688,1817765
2022-05-24,755.0,767.0499877929688,748.0999755859375,762.9500122070312,1175865
2022-05-25,768.5,771.3499755859375,749.3499755859375,754.8499755859375,838878
2022-05-26,759.7999877929688,782.8499755859375,750.0,779.9500122070312,1747144
2022-05-27,783.0,787.4500122070312,773.0,784.0999755859375,1095717
2022-05-30,788.0,800.3499755859375,784.0999755859375,796.5,974857
2022-05-31,795.4500122070312,795.4500122070312,761.2999877929688,766.9500122070312,6437056
2022-06-01,780.0,780.0,760.4500122070312,765.7999877929688,1200368
2022-06-02,765.0,773.2000122070312,755.0999755859375,769.0999755859375,1150066
2022-06-03,779.5499877929688,782.9000244140625,761.2000122070312,763.3499755859375,655547
2022-06-06,760.7999877929688,764.5499877929688,742.9500122070312,760.1500244140625,864750
2022-06-07,755.0,755.0,745.0,749.7999877929688,1043606
2022-06-08,749.7999877929688,754.3499755859375,744.2999877929688,748.0999755859375,881007
2022-06-09,747.0,765.0,735.7999877929688,762.9500122070312,1018160
2022-06-10,748.0,758.7000122070312,744.4500122070312,749.9500122070312,1324588
2022-06-13,739.0,748.4500122070312,734.5,738.2999877929688,825363
2022-06-14,735.0999755859375,740.75,732.75,737.0999755859375,822474
2022-06-15,743.0,748.0,733.5,741.7999877929688,611045
2022-06-16,746.9000244140625,747.7000122070312,730.0499877929688,741.9000244140625,1078506
2022-06-17,740.0,741.0,708.5,725.2999877929688,2910365
2022-06-20,724.0,763.2000122070312,717.5499877929688,759.0,1671813
2022-06-21,759.0,776.2000122070312,745.0999755859375,762.0,1279545
2022-06-22,758.2999877929688,768.7000122070312,750.0,762.0499877929688,896052
2022-06-23,756.5499877929688,783.5499877929688,756.5499877929688,774.7999877929688,900315
2022-06-24,779.0,796.5999755859375,769.9000244140625,794.5499877929688,1328035
2022-06-27,800.0,808.4500122070312,792.4000244140625,797.25,1040251
2022-06-28,795.9000244140625,797.2000122070312,770.0999755859375,794.0999755859375,1285196
2022-06-29,785.0,788.0,764.0999755859375,766.9000244140625,1306038
2022-06-30,767.9000244140625,770.4000244140625,749.0,757.5499877929688,1793914
2022-07-01,757.0499877929688,785.0,750.5499877929688,781.5,743399
2022-07-04,784.0,817.0,783.0,812.9500122070312,1908043
2022-07-05,821.3499755859375,835.4500122070312,815.0,832.25,2625698
2022-07-06,832.25,883.2999877929688,825.2999877929688,879.9500122070312,5321953
2022-07-07,886.0999755859375,898.75,853.0,855.2000122070312,4958846
2022-07-08,860.0,865.0,846.0999755859375,850.25,850364
2022-07-11,849.0,860.5499877929688,835.5499877929688,859.0,666706
2022-07-12,857.7999877929688,862.5,841.3499755859375,856.4500122070312,904332
2022-07-13,862.4500122070312,878.0,861.0,872.5,925854
2022-07-14,878.0,885.9000244140625,868.2000122070312,875.3499755859375,956770
2022-07-15,877.9000244140625,885.0,865.6500244140625,874.2000122070312,803607
2022-07-18,881.3499755859375,884.3499755859375,849.0,859.0499877929688,1127232
2022-07-19,859.0,869.0,848.5,865.9000244140625,666815
2022-07-20,869.4000244140625,878.0499877929688,862.0,873.5,787604
2022-07-21,869.5999755859375,879.6500244140625,867.0,876.7999877929688,1095011
2022-07-22,882.0,886.0,866.0499877929688,883.3499755859375,957945
2022-07-25,887.0,887.8499755859375,864.0,868.7000122070312,663666
2022-07-26,868.7000122070312,869.2000122070312,837.5499877929688,842.7000122070312,1120086
2022-07-27,837.7000122070312,849.25,833.0999755859375,846.2999877929688,831755
2022-07-28,847.5,854.5499877929688,841.25,851.9500122070312,557049
2022-07-29,855.0,862.0,849.6500244140625,853.75,784165
2022-08-01,854.1500244140625,866.5999755859375,845.25,861.2999877929688,913787
2022-08-02,860.0,877.75,856.9000244140625,864.7999877929688,782433
2022-08-03,869.7000122070312,869.9000244140625,841.5499877929688,861.8499755859375,1989901
2022-08-04,858.7000122070312,863.7000122070312,838.0,854.4500122070312,1306946
2022-08-05,856.4000244140625,884.0,855.2000122070312,873.0999755859375,1792596
2022-08-08,875.0,878.75,867.0499877929688,868.5499877929688,640361
2022-08-10,869.0,883.2000122070312,849.0499877929688,856.25,930246
2022-08-11,863.0,877.7000122070312,858.8499755859375,875.0999755859375,1233848
2022-08-12,875.0999755859375,876.0,857.7000122070312,864.7999877929688,810448
2022-08-16,884.7000122070312,937.9500122070312,875.6500244140625,889.8499755859375,8284668
2022-08-17,893.0,902.0,886.0,890.2000122070312,1406779
2022-08-18,894.9500122070312,920.0,892.5999755859375,918.2999877929688,3009209
2022-08-19,921.9000244140625,923.5,895.0,905.9000244140625,866873
2022-08-22,905.0,905.0,883.8499755859375,887.4000244140625,909867
2022-08-23,881.0,894.9000244140625,877.8499755859375,890.5999755859375,867617
2022-08-24,884.7000122070312,905.2999877929688,884.7000122070312,902.9500122070312,1916644
2022-08-25,907.5,926.75,901.6500244140625,907.4000244140625,2609633
2022-08-26,911.0,918.4000244140625,891.1500244140625,897.7999877929688,729844
2022-08-29,889.0,913.75,880.0,907.7999877929688,1349280
2022-08-30,913.0,926.8499755859375,910.2999877929688,924.25,1888812
2022-09-01,910.0,926.5,903.9500122070312,922.5,967020
2022-09-02,927.0,942.8499755859375,911.6500244140625,915.6500244140625,1861382
2022-09-05,918.5,923.2999877929688,890.0,893.5,1542912
2022-09-06,903.0,917.0,902.4500122070312,909.75,1625766
2022-09-07,906.5999755859375,950.9500122070312,903.0,945.9000244140625,3095877
2022-09-08,951.0,952.4000244140625,929.0,939.0,777144
2022-09-09,945.0,951.0,933.6500244140625,938.0,622632
2022-09-12,940.0,956.0,939.4000244140625,948.0,750369
2022-09-13,952.75,953.0,940.0999755859375,942.6500244140625,724415
2022-09-14,938.75,943.9500122070312,925.0499877929688,929.1500244140625,566120
2022-09-15,933.7999877929688,941.0499877929688,924.8499755859375,929.0,830935
2022-09-16,924.5,924.5,883.8499755859375,890.1500244140625,1811452
2022-09-19,894.6500244140625,904.0499877929688,882.2000122070312,900.1500244140625,1141496
2022-09-20,904.7000122070312,933.0,904.0,923.5999755859375,903148
2022-09-21,925.0,930.0,908.0,926.75,1587179
2022-09-22,924.5,924.5499877929688,900.2999877929688,906.7000122070312,1291251
2022-09-23,909.7999877929688,909.7999877929688,886.0999755859375,890.4500122070312,657299
2022-09-26,886.4500122070312,900.7000122070312,868.4500122070312,871.75,1253637
2022-09-27,872.5999755859375,888.0,859.2000122070312,883.25,2648664
2022-09-28,876.5,894.3499755859375,875.5999755859375,885.0499877929688,923563
2022-09-29,891.0,919.4000244140625,891.0,907.5999755859375,1677066
2022-09-30,909.4000244140625,914.0,897.1500244140625,910.4500122070312,667448
2022-10-03,910.4500122070312,921.0,881.0,885.0499877929688,460205
2022-10-04,903.7999877929688,907.0499877929688,887.0,896.5999755859375,530875
2022-10-06,873.0,873.0,835.75,853.6500244140625,5466789
2022-10-07,856.7999877929688,856.7999877929688,822.3499755859375,829.8499755859375,2774124
2022-10-10,823.0,836.0,807.3499755859375,832.25,1486784
2022-10-11,837.0,837.0,820.0999755859375,824.9500122070312,1143209
2022-10-12,825.0999755859375,842.8499755859375,821.0499877929688,839.7000122070312,1183741
2022-10-13,839.0,850.5499877929688,836.25,842.8499755859375,1326401
2022-10-14,852.0,856.75,830.9500122070312,833.4000244140625,656399
2022-10-17,833.0,838.0,824.2999877929688,833.5999755859375,465893
2022-10-18,837.7999877929688,841.9000244140625,829.5499877929688,833.5499877929688,644793
2022-10-19,835.2000122070312,837.0,824.5,826.6500244140625,784872
2022-10-20,826.0,831.2000122070312,814.8499755859375,828.2999877929688,854690
2022-10-21,829.0,835.7000122070312,818.4000244140625,820.25,833206
2022-10-24,825.0,826.8499755859375,818.9500122070312,820.2999877929688,56411
2022-10-25,824.0,824.0,813.0,821.0,810608
2022-10-27,826.0,838.25,822.2999877929688,835.5999755859375,1174812
2022-10-28,839.7999877929688,840.9500122070312,827.0999755859375,829.8499755859375,543838
2022-10-31,829.8499755859375,840.7000122070312,827.5,829.2999877929688,748108
2022-11-01,830.0,839.9500122070312,827.5999755859375,838.4000244140625,854774
2022-11-02,835.25,840.75,829.4500122070312,833.4500122070312,489880
2022-11-03,833.4500122070312,837.5499877929688,826.0,831.75,333917
2022-11-04,830.0,831.9500122070312,820.0,829.1500244140625,683905
2022-11-07,830.2000122070312,838.5999755859375,821.0999755859375,826.8499755859375,794259
2022-11-09,816.0499877929688,833.6500244140625,805.6500244140625,814.8499755859375,2621563
2022-11-10,812.7999877929688,822.2999877929688,793.8499755859375,820.2000122070312,1868543
2022-11-11,825.1500244140625,825.4500122070312,810.5,819.0,1388004
2022-11-14,820.0,847.2000122070312,817.5999755859375,844.9000244140625,1564707
2022-11-15,849.0,851.0,834.9000244140625,848.75,1295058
2022-11-16,850.0,851.4500122070312,835.3499755859375,845.7999877929688,790432
2022-11-17,844.4500122070312,853.0,834.2999877929688,838.8499755859375,1075790
2022-11-18,840.0,843.3499755859375,822.2000122070312,838.9000244140625,1352814
2022-11-21,835.0,846.8499755859375,832.0,839.0,832098
2022-11-22,839.0,843.4000244140625,824.2999877929688,842.0499877929688,761892
2022-11-23,845.0,852.75,840.6500244140625,848.0999755859375,659879
2022-11-24,850.0,867.6500244140625,849.5,862.7999877929688,1376898
2022-11-25,865.0,866.9500122070312,850.0999755859375,859.3499755859375,585935
2022-11-28,859.9500122070312,860.9500122070312,852.0999755859375,854.0499877929688,697065
2022-11-29,856.0,879.5499877929688,852.75,865.6500244140625,996831
2022-11-30,870.0499877929688,888.9000244140625,867.0999755859375,881.4500122070312,1839648
2022-12-01,885.9500122070312,886.4500122070312,864.0499877929688,877.25,1059022
2022-12-02,877.0,883.8499755859375,865.0999755859375,881.6500244140625,683634
2022-12-05,882.1500244140625,885.0,873.9500122070312,882.5,970685
2022-12-06,880.0,888.9000244140625,875.7999877929688,885.75,505197
2022-12-07,890.4000244140625,901.9000244140625,883.6500244140625,898.1500244140625,894394
2022-12-08,901.5499877929688,905.0,896.0499877929688,901.4500122070312,634696
2022-12-09,903.2000122070312,927.9500122070312,903.0,923.5999755859375,1633865
2022-12-12,923.5,926.0,885.3499755859375,895.3499755859375,2554635
2022-12-13,897.2000122070312,900.8499755859375,875.0,876.7999877929688,820574
2022-12-14,879.0,889.3499755859375,874.0999755859375,887.1500244140625,765882
2022-12-15,887.0499877929688,906.0,885.0,903.2000122070312,1303005
2022-12-16,902.9000244140625,905.0499877929688,893.25,896.7999877929688,1208697
2022-12-19,899.0499877929688,911.9500122070312,898.25,906.5,762854
2022-12-20,906.0,906.0,889.0999755859375,894.5999755859375,588692
2022-12-21,899.0,900.2000122070312,872.0,884.3499755859375,828262
2022-12-22,882.5499877929688,899.0,880.0499877929688,891.3499755859375,864653
2022-12-23,885.75,888.0999755859375,865.4500122070312,873.4000244140625,485866
2022-12-26,873.4500122070312,890.0,861.4500122070312,883.0,471973
2022-12-27,885.0499877929688,901.9500122070312,881.3499755859375,889.0,863452
2022-12-28,891.75,900.0,885.6500244140625,896.0999755859375,696537
2022-12-29,896.0999755859375,897.9500122070312,882.4000244140625,886.0499877929688,846820
2022-12-30,890.0,891.4000244140625,870.2999877929688,874.0499877929688,409872
2023-01-02,877.9500122070312,898.0999755859375,877.0,893.5,583078
2023-01-03,894.0999755859375,904.8499755859375,887.5999755859375,892.75,910340
2023-01-04,888.0,901.9500122070312,885.0999755859375,888.7000122070312,723326
2023-01-05,891.9000244140625,920.7999877929688,887.0,916.5,3020912
2023-01-06,920.0499877929688,931.0,913.75,917.4500122070312,2310792
2023-01-09,919.1500244140625,925.0,898.25,908.0999755859375,1369036
2023-01-10,910.0,914.0,900.0,911.6500244140625,929638
2023-01-11,911.6500244140625,914.9500122070312,894.0499877929688,900.5,988903
2023-01-12,903.0,917.0,902.0999755859375,915.1500244140625,914454
2023-01-13,919.75,925.2999877929688,912.2999877929688,917.2000122070312,1206142
2023-01-16,918.6500244140625,929.7000122070312,917.2000122070312,924.25,1043953
2023-01-17,924.9000244140625,935.5,911.4000244140625,929.2999877929688,1069191
2023-01-18,932.0,933.0,921.0499877929688,929.0999755859375,448425
2023-01-19,928.5,934.1500244140625,921.7999877929688,929.25,964494
2023-01-20,934.0,946.2000122070312,930.0,932.4000244140625,1616181
2023-01-23,932.4000244140625,935.8499755859375,915.0499877929688,926.8499755859375,578881
2023-01-24,928.0,933.8499755859375,924.9000244140625,929.4000244140625,418065
2023-01-25,927.2999877929688,928.8499755859375,912.7999877929688,914.2000122070312,404812
2023-01-27,915.9500122070312,925.1500244140625,896.5499877929688,907.0999755859375,1047819
2023-01-30,908.5999755859375,912.2999877929688,891.75,903.7999877929688,1056310
2023-01-31,905.4500122070312,920.0,901.5499877929688,913.25,2617690
2023-02-01,927.0,939.0,898.5499877929688,929.7000122070312,2678949
2023-02-02,928.9000244140625,948.9000244140625,922.3499755859375,939.7000122070312,1061085
2023-02-03,942.2999877929688,949.4500122070312,932.0,935.0,1378549
2023-02-06,943.5,944.6500244140625,923.3499755859375,937.2999877929688,675653
2023-02-07,938.25,942.5499877929688,930.5,940.5999755859375,609325
2023-02-08,940.5499877929688,946.0,937.2999877929688,940.7000122070312,602539
2023-02-09,940.6500244140625,946.7999877929688,937.7999877929688,940.8499755859375,614802
2023-02-10,942.0,950.1500244140625,937.3499755859375,940.4000244140625,746288
2023-02-13,940.4000244140625,942.5499877929688,919.6500244140625,923.8499755859375,546626
2023-02-14,923.7000122070312,935.0,919.0,930.5499877929688,719482
2023-02-15,930.5499877929688,937.8499755859375,924.1500244140625,935.5,564718
2023-02-16,932.25,937.6500244140625,929.0,932.4000244140625,361273
2023-02-17,930.0,950.9000244140625,923.5999755859375,942.0999755859375,656515
2023-02-20,947.6500244140625,953.7000122070312,923.8499755859375,927.7000122070312,808796
2023-02-21,927.75,949.25,927.75,937.2000122070312,901349
2023-02-22,935.9000244140625,944.0,925.0,929.9000244140625,805179
2023-02-23,929.9000244140625,939.9500122070312,917.5,934.3499755859375,779354
2023-02-24,936.0,945.0,923.0,927.7999877929688,411170
2023-02-27,923.0,927.5,902.4000244140625,914.0,480986
2023-02-28,915.0,927.0999755859375,914.5,923.2999877929688,1066639
2023-03-01,923.3499755859375,936.0499877929688,908.3499755859375,912.0499877929688,1015922
2023-03-02,913.0,916.1500244140625,904.0,912.4500122070312,573501
2023-03-03,914.2999877929688,933.2999877929688,912.0499877929688,925.75,1160854
2023-03-06,926.0,926.0,906.0499877929688,915.75,1497749
2023-03-08,911.0,926.0,907.5999755859375,920.5499877929688,1054113
2023-03-09,920.5499877929688,925.3499755859375,902.0,904.5499877929688,886042
2023-03-10,895.0,919.8499755859375,894.2000122070312,916.3499755859375,1259736
2023-03-13,914.0,922.1500244140625,904.9500122070312,915.3499755859375,867341
2023-03-14,904.9500122070312,918.9500122070312,904.5499877929688,914.7999877929688,754635
2023-03-15,916.4500122070312,918.5999755859375,905.5999755859375,907.4000244140625,616275
2023-03-16,905.3499755859375,938.8499755859375,905.3499755859375,932.3499755859375,1306258
2023-03-17,934.0,956.9000244140625,924.5999755859375,947.4500122070312,2433451
2023-03-20,954.9000244140625,963.5999755859375,942.9500122070312,960.0,1767861
2023-03-21,961.1500244140625,964.0,941.0499877929688,943.5999755859375,1258265
2023-03-22,948.0999755859375,953.7000122070312,942.0,951.4500122070312,725365
2023-03-23,948.5,957.0,943.1500244140625,952.25,1018638
2023-03-24,952.0,955.9500122070312,943.2999877929688,951.2000122070312,952163
2023-03-27,950.0499877929688,965.5499877929688,948.4500122070312,961.5999755859375,1430957
2023-03-28,963.75,963.9000244140625,952.2999877929688,958.5999755859375,692534
2023-03-29,955.0999755859375,969.0499877929688,953.0,966.2999877929688,1282377
2023-03-31,966.9500122070312,973.0,957.1500244140625,968.1500244140625,1023170
2023-04-03,970.0,970.0,944.25,964.5,839394
2023-04-05,957.2000122070312,972.8499755859375,950.8499755859375,969.5499877929688,1063638
2023-04-06,973.0499877929688,978.5999755859375,960.4000244140625,967.6500244140625,1339417
2023-04-10,965.0499877929688,967.9500122070312,956.6500244140625,965.5499877929688,663976
2023-04-11,965.5499877929688,970.2000122070312,957.6500244140625,963.9000244140625,566811
2023-04-12,964.0,971.3499755859375,954.5999755859375,968.8499755859375,1064336
2023-04-13,969.9000244140625,979.9500122070312,961.5999755859375,963.2000122070312,778427
2023-04-17,966.0,977.0,963.5999755859375,974.75,868520
2023-04-18,976.5499877929688,979.0,965.0999755859375,969.4500122070312,566779
2023-04-19,962.9000244140625,970.25,961.9500122070312,967.8499755859375,658666
2023-04-20,970.0,977.2999877929688,964.5,975.1500244140625,628811
2023-04-21,972.0999755859375,990.75,972.0999755859375,987.1500244140625,1384698
2023-04-24,990.5499877929688,992.1500244140625,980.25,989.5999755859375,1195669
2023-04-25,989.5999755859375,992.2000122070312,951.7999877929688,963.2000122070312,1484258
2023-04-26,963.0,979.0999755859375,960.0499877929688,976.1500244140625,1048158
2023-04-27,979.0,979.0,943.0,953.5999755859375,1791089
2023-04-28,933.0,943.2000122070312,897.0,907.5,5510898
2023-05-02,911.9500122070312,929.0,902.0,923.3499755859375,2916163
2023-05-03,927.0,956.0499877929688,918.0499877929688,939.2000122070312,4347263
2023-05-04,945.4500122070312,945.4500122070312,928.25,931.4500122070312,1254490
2023-05-05,934.9500122070312,940.5999755859375,927.1500244140625,936.6500244140625,659303
2023-05-08,936.0499877929688,948.25,932.5499877929688,943.5,1486588
2023-05-09,946.0499877929688,955.0,941.5,951.2999877929688,1069335
2023-05-10,955.0,967.0499877929688,948.0499877929688,962.4500122070312,1858976
2023-05-11,985.0,989.0,972.8499755859375,982.5999755859375,3042774
2023-05-12,982.9500122070312,1003.7999877929688,977.4000244140625,999.2000122070312,1818352
2023-05-15,1002.5,1016.3499755859375,1001.0,1009.7000122070312,1249138
2023-05-16,1009.7000122070312,1025.0,1009.0,1012.25,1359065
2023-05-17,1012.25,1023.0,1010.8499755859375,1018.3499755859375,1456688
2023-05-18,1022.0999755859375,1022.5,1006.0,1008.7999877929688,691877
2023-05-19,1010.0,1014.6500244140625,1003.8499755859375,1009.75,554652
2023-05-22,1004.9000244140625,1019.9500122070312,1002.0,1016.9000244140625,610807
2023-05-23,1025.0,1031.8499755859375,1011.9000244140625,1015.7000122070312,732920
2023-05-24,1020.3499755859375,1025.25,1015.0,1022.75,489848
2023-05-25,1021.5,1035.0,1020.0,1029.4000244140625,536188
2023-05-26,1032.199951171875,1052.0,1030.199951171875,1049.949951171875,1192030
2023-05-29,1058.9000244140625,1058.949951171875,1043.75,1047.3499755859375,504045
2023-05-30,1047.300048828125,1052.199951171875,1040.3499755859375,1047.1500244140625,460823
2023-05-31,1042.699951171875,1065.0,1040.5999755859375,1058.3499755859375,1442220
2023-06-01,1068.300048828125,1069.0,1051.050048828125,1054.199951171875,799780
2023-06-02,1055.5999755859375,1064.199951171875,1054.199951171875,1060.949951171875,529865
2023-06-05,1062.6500244140625,1069.0,1048.199951171875,1052.199951171875,803273
2023-06-06,1062.699951171875,1062.699951171875,1043.300048828125,1055.1500244140625,418521
2023-06-07,1055.199951171875,1067.8499755859375,1052.550048828125,1065.3499755859375,452303
2023-06-08,1070.949951171875,1074.9000244140625,1049.75,1057.949951171875,789816
2023-06-09,1052.0999755859375,1058.5,1027.0999755859375,1035.3499755859375,553616
2023-06-12,1036.050048828125,1049.800048828125,1028.0,1044.0999755859375,546812
2023-06-13,1045.0,1067.0,1044.0999755859375,1055.449951171875,952216
2023-06-14,1057.5999755859375,1073.300048828125,1048.1500244140625,1069.5,922595
2023-06-15,1068.0,1085.1500244140625,1062.199951171875,1077.699951171875,1241860
2023-06-16,1082.0,1082.0,1048.300048828125,1070.0,1629502
2023-06-19,1071.449951171875,1083.300048828125,1064.300048828125,1066.75,1017828
2023-06-20,1060.0999755859375,1074.5999755859375,1057.1500244140625,1071.9000244140625,715271
2023-06-21,1071.9000244140625,1076.5999755859375,1054.0999755859375,1063.5999755859375,1129047
2023-06-22,1065.9000244140625,1065.9000244140625,1038.25,1040.9000244140625,570936
2023-06-23,1041.949951171875,1044.449951171875,1031.5999755859375,1035.949951171875,611409
2023-06-26,1037.300048828125,1043.0,1029.550048828125,1032.300048828125,758366
2023-06-27,1037.5,1050.0,1032.550048828125,1037.3499755859375,664187
2023-06-28,1042.449951171875,1081.5,1031.199951171875,1069.0999755859375,2761494
2023-06-30,1072.0,1089.0,1071.0999755859375,1081.0,1448778
2023-07-03,1078.1500244140625,1084.25,1057.0,1060.949951171875,1022960
2023-07-04,1065.0,1070.949951171875,1052.1500244140625,1061.9000244140625,914361
2023-07-05,1060.0,1100.0,1060.0,1096.949951171875,2106111
2023-07-06,1100.0,1102.050048828125,1070.0,1079.9000244140625,841472
2023-07-07,1082.800048828125,1091.949951171875,1060.0,1062.5999755859375,773991
2023-07-10,1060.0,1067.949951171875,1048.3499755859375,1054.8499755859375,501316
2023-07-11,1057.699951171875,1074.75,1053.699951171875,1061.8499755859375,613630
2023-07-12,1062.75,1070.0,1055.699951171875,1068.3499755859375,630952
2023-07-13,1068.3499755859375,1074.550048828125,1050.0,1053.5999755859375,447833
2023-07-14,1056.8499755859375,1069.4000244140625,1056.8499755859375,1062.949951171875,877678
2023-07-17,1062.9000244140625,1070.5,1058.0,1061.0999755859375,674454
2023-07-18,1062.75,1064.8499755859375,1037.5,1041.949951171875,569179
2023-07-19,1044.800048828125,1050.6500244140625,1038.050048828125,1043.9000244140625,360529
2023-07-20,1043.9000244140625,1062.0,1040.4000244140625,1060.4000244140625,1332100
2023-07-21,1064.949951171875,1081.800048828125,1044.050048828125,1056.550048828125,2423119
2023-07-24,1056.550048828125,1056.5999755859375,1030.199951171875,1036.4000244140625,1056031
2023-07-25,1038.3499755859375,1040.8499755859375,1028.8499755859375,1034.8499755859375,1113858
2023-07-26,1036.5,1043.9000244140625,1033.5999755859375,1038.550048828125,1064454
2023-07-27,1040.6500244140625,1043.8499755859375,1024.0,1029.949951171875,1866020
2023-07-28,1043.0,1043.0,1029.199951171875,1035.949951171875,1481068
2023-07-31,1039.9000244140625,1040.449951171875,1030.0999755859375,1035.949951171875,773878
2023-08-01,1036.0,1040.0,1016.5999755859375,1020.4500122070312,507701
2023-08-02,1021.5999755859375,1024.949951171875,1012.25,1019.7000122070312,1060526
2023-08-03,1019.9000244140625,1020.0,1008.5,1014.5,714395
2023-08-04,1020.8499755859375,1020.8499755859375,1009.5,1017.5499877929688,597861
2023-08-07,1017.5499877929688,1034.9000244140625,1010.0499877929688,1030.699951171875,1298516
2023-08-08,1034.0,1046.949951171875,999.0,1009.4500122070312,2008417
2023-08-09,1008.75,1027.9000244140625,1002.0999755859375,1018.7000122070312,1032480
2023-08-10,1019.7999877929688,1032.0,1019.75,1026.300048828125,649973
2023-08-11,1027.0,1028.9000244140625,1013.9500122070312,1020.1500244140625,660411
2023-08-14,1019.1500244140625,1043.6500244140625,1015.0,1035.550048828125,1164097
2023-08-16,1034.9000244140625,1044.300048828125,1029.199951171875,1041.5,720033
2023-08-17,1041.050048828125,1041.050048828125,1022.1500244140625,1025.0999755859375,679224
2023-08-18,1020.5,1032.949951171875,1015.0,1026.449951171875,1060254
2023-08-21,1030.0,1033.949951171875,1019.1500244140625,1026.4000244140625,752032
2023-08-22,1026.4000244140625,1040.0,1022.7000122070312,1037.449951171875,530261
2023-08-23,1040.0,1040.5,1021.9500122070312,1023.5,822174
2023-08-24,1027.6500244140625,1048.0,1025.8499755859375,1041.800048828125,849525
2023-08-25,1040.0,1040.75,1027.25,1030.3499755859375,262243
2023-08-28,1032.9000244140625,1034.75,1018.25,1028.0999755859375,323454
2023-08-29,1033.0,1033.0,1006.6500244140625,1013.3499755859375,635507
2023-08-30,1015.9500122070312,1024.800048828125,1013.5499877929688,1020.5499877929688,333967
2023-08-31,1016.5499877929688,1019.9000244140625,1002.0,1005.1500244140625,1212859
2023-09-01,1004.9000244140625,1011.9500122070312,1001.0499877929688,1005.3499755859375,310557
2023-09-04,1008.9000244140625,1010.5499877929688,995.0,1001.2000122070312,624466
2023-09-05,1001.2000122070312,1011.25,998.0,1009.0999755859375,399675
2023-09-06,1009.5,1014.0,1001.9000244140625,1011.9000244140625,599424
2023-09-07,1015.0,1028.9000244140625,1012.7000122070312,1014.3499755859375,569087
2023-09-08,1017.2000122070312,1023.5,1010.9000244140625,1020.2999877929688,321006
2023-09-11,1020.5,1043.0,1014.3499755859375,1033.9000244140625,874945
2023-09-12,1047.1500244140625,1047.1500244140625,1005.6500244140625,1011.9500122070312,745691
2023-09-13,1011.9500122070312,1015.0,1000.0499877929688,1003.6500244140625,614283
2023-09-14,1006.5499877929688,1009.7999877929688,1000.25,1006.5499877929688,828717
2023-09-15,1010.9000244140625,1011.5499877929688,991.0,1002.0499877929688,1450898
2023-09-18,1005.0,1007.0999755859375,992.3499755859375,993.2999877929688,707389
2023-09-20,991.9000244140625,996.7000122070312,977.25,990.0999755859375,844213
2023-09-21,989.25,990.4500122070312,979.4000244140625,987.5,478136
2023-09-22,985.0,991.5,977.0,986.1500244140625,1479506
2023-09-25,987.0,991.1500244140625,972.0,976.8499755859375,557733
2023-09-26,975.0,984.9500122070312,971.5499877929688,978.7000122070312,708234
2023-09-27,985.9500122070312,1001.5999755859375,973.25,999.9000244140625,1179180
2023-09-28,999.7999877929688,1011.0,987.9000244140625,990.5499877929688,1285424
2023-09-29,991.0999755859375,1000.0,989.2999877929688,991.5999755859375,1041991
2023-10-03,991.0,1007.1500244140625,986.7000122070312,992.9000244140625,1193081
2023-10-04,991.7000122070312,1001.2999877929688,987.7999877929688,990.4500122070312,727158
2023-10-05,991.0999755859375,995.2999877929688,972.8499755859375,976.5999755859375,1329465
2023-10-06,969.5,988.8499755859375,965.2000122070312,971.6500244140625,1049194
2023-10-09,965.8499755859375,974.0999755859375,961.8499755859375,966.4500122070312,500836
2023-10-10,970.9000244140625,978.0499877929688,965.0,974.9500122070312,695490
2023-10-11,974.9500122070312,990.7000122070312,974.5499877929688,985.8499755859375,535266
2023-10-12,984.9000244140625,985.0,972.75,977.0,726290
2023-10-13,976.8499755859375,986.1500244140625,970.0,982.9500122070312,519593
2023-10-16,983.0,989.2000122070312,978.4000244140625,986.5499877929688,500836
2023-10-17,987.5,1007.75,986.0499877929688,997.1500244140625,1231593
2023-10-18,1000.0,1006.5499877929688,996.25,999.4500122070312,569038
2023-10-19,999.0,999.0,978.4500122070312,983.9000244140625,950305
2023-10-20,980.25,996.0499877929688,980.25,988.1500244140625,764123
2023-10-23,992.4000244140625,994.75,978.4000244140625,980.8499755859375,744252
2023-10-25,982.75,990.0,972.7999877929688,975.0,720572
2023-10-26,977.0999755859375,977.0999755859375,959.7999877929688,963.7999877929688,652068
2023-10-27,968.7000122070312,991.4000244140625,963.3499755859375,987.25,783105
2023-10-30,983.0999755859375,989.8499755859375,973.0499877929688,978.2000122070312,537204
2023-10-31,978.9500122070312,997.7999877929688,978.9500122070312,991.8499755859375,502123
2023-11-01,996.0,998.4500122070312,973.0999755859375,974.6500244140625,431560
2023-11-02,1002.0499877929688,1007.5,977.4000244140625,991.1500244140625,2797429
2023-11-03,995.0499877929688,1023.0999755859375,985.5,1020.7000122070312,1055527
2023-11-06,1026.800048828125,1030.0,1018.9500122070312,1025.199951171875,746619
2023-11-07,1027.550048828125,1027.550048828125,1010.25,1021.3499755859375,467035
2023-11-08,1028.0,1028.050048828125,1012.7000122070312,1015.5,466572
2023-11-09,1018.2000122070312,1018.2000122070312,985.75,987.9000244140625,1182374
2023-11-10,987.9000244140625,989.5499877929688,976.0499877929688,984.2999877929688,748668
2023-11-13,987.9500122070312,988.0,977.0,980.7000122070312,1010989
2023-11-15,986.0,990.0,981.0,987.7999877929688,1256912
2023-11-16,986.9000244140625,987.9500122070312,974.2999877929688,979.7999877929688,1180174
2023-11-17,981.9000244140625,1003.6500244140625,978.0,996.9500122070312,947219
2023-11-20,1001.9500122070312,1007.5,991.7999877929688,997.4000244140625,260372
2023-11-21,1002.1500244140625,1004.2999877929688,993.4500122070312,1000.4500122070312,427198
2023-11-22,1000.4500122070312,1013.5,996.5499877929688,1008.5999755859375,553643
2023-11-23,1008.5999755859375,1013.7999877929688,1001.1500244140625,1010.8499755859375,459008
2023-11-24,1010.8499755859375,1015.7000122070312,1003.2000122070312,1009.5,720428
2023-11-28,1009.5,1009.9500122070312,996.0999755859375,1001.75,1249480
2023-11-29,1006.7999877929688,1020.9500122070312,998.6500244140625,1001.0999755859375,2194759
2023-11-30,1001.0999755859375,1012.75,998.3499755859375,1008.2000122070312,1837947
2023-12-01,1013.0,1029.0,1008.0,1025.4000244140625,1567362
2023-12-04,1040.0,1044.0,1028.0999755859375,1041.75,979451
2023-12-05,1044.0,1053.800048828125,1037.050048828125,1046.050048828125,767574
2023-12-06,1048.5999755859375,1048.5999755859375,1030.0999755859375,1038.699951171875,464434
2023-12-07,1042.5,1043.800048828125,1016.7999877929688,1019.1500244140625,781180
2023-12-08,1019.0499877929688,1026.949951171875,1015.7000122070312,1021.5499877929688,563822
2023-12-11,1026.199951171875,1045.75,1017.5,1043.0999755859375,809029
2023-12-12,1053.5,1065.0,1026.25,1031.5999755859375,1293038
2023-12-13,1038.3499755859375,1049.699951171875,1020.0,1046.0,1354067
2023-12-14,1050.0,1051.199951171875,1040.0,1044.5,898052
2023-12-15,1044.0,1046.800048828125,1035.0,1042.1500244140625,1045194
2023-12-18,1042.0,1050.5999755859375,1026.3499755859375,1030.5999755859375,758159
2023-12-19,1033.0,1057.949951171875,1027.300048828125,1050.3499755859375,1062259
2023-12-20,1055.9000244140625,1069.300048828125,1040.8499755859375,1050.3499755859375,1526082
2023-12-21,1045.0,1075.0,1025.800048828125,1072.9000244140625,2398325
2023-12-22,1076.1500244140625,1078.25,1065.050048828125,1074.25,1348188
2023-12-26,1080.0,1096.0,1074.25,1093.050048828125,576355
2023-12-27,1102.300048828125,1118.0,1097.5,1103.449951171875,1251336
2023-12-28,1111.0,1118.949951171875,1103.050048828125,1112.5,2301621
2023-12-29,1113.449951171875,1138.800048828125,1108.0,1131.199951171875,1158127
2024-01-01,1134.800048828125,1149.1500244140625,1127.449951171875,1144.800048828125,686392
2024-01-02,1149.0,1162.0,1136.300048828125,1159.1500244140625,1201742
2024-01-03,1159.0,1173.5,1155.0,1168.0999755859375,1503336
2024-01-04,1168.0999755859375,1207.3499755859375,1167.050048828125,1202.0,1531104
2024-01-05,1202.0,1230.0,1178.199951171875,1219.8499755859375,2079251
2024-01-08,1184.199951171875,1184.199951171875,1149.0,1175.4000244140625,4764515
2024-01-09,1180.449951171875,1197.1500244140625,1157.199951171875,1162.699951171875,1429012
2024-01-10,1161.75,1169.6500244140625,1131.800048828125,1141.300048828125,1508578
2024-01-11,1147.0,1169.4000244140625,1145.199951171875,1155.0999755859375,815483
2024-01-12,1162.800048828125,1167.8499755859375,1150.25,1155.5,912952
2024-01-15,1145.0,1161.300048828125,1130.300048828125,1134.0,941288
2024-01-16,1134.0,1134.1500244140625,1117.4000244140625,1122.800048828125,1682153
2024-01-17,1101.5999755859375,1123.550048828125,1096.300048828125,1100.5,1949800
2024-01-18,1099.800048828125,1115.8499755859375,1075.5999755859375,1103.9000244140625,2486764
2024-01-19,1115.0,1154.449951171875,1113.5,1149.25,1538601
2024-01-23,1144.0,1157.3499755859375,1124.8499755859375,1130.4000244140625,1998376
2024-01-24,1137.449951171875,1169.0,1125.0,1163.3499755859375,1406219
2024-01-25,1163.3499755859375,1168.4000244140625,1120.25,1157.300048828125,1713542
2024-01-29,1165.800048828125,1181.0,1156.75,1168.0999755859375,2800570
2024-01-30,1180.1500244140625,1180.1500244140625,1154.9000244140625,1171.800048828125,2259825
2024-01-31,1175.0,1175.0,1150.1500244140625,1164.199951171875,1918126
2024-02-01,1212.050048828125,1314.300048828125,1210.0,1254.550048828125,8781324
2024-02-02,1257.0,1261.6500244140625,1233.199951171875,1236.8499755859375,1527367
2024-02-05,1241.050048828125,1243.0,1208.5999755859375,1218.449951171875,2290338
2024-02-06,1217.050048828125,1239.5,1210.5,1237.050048828125,753495
2024-02-07,1249.0,1249.4000244140625,1234.75,1237.949951171875,710759
2024-02-08,1244.1500244140625,1244.1500244140625,1214.4000244140625,1217.1500244140625,712653
2024-02-09,1217.1500244140625,1223.050048828125,1198.550048828125,1218.6500244140625,701591
2024-02-12,1228.0,1228.0,1195.0,1199.4000244140625,686352
2024-02-13,1198.0,1204.1500244140625,1191.0,1197.9000244140625,793689
2024-02-14,1175.0,1206.050048828125,1175.0,1200.5999755859375,1451119
2024-02-15,1206.5,1234.949951171875,1202.8499755859375,1231.800048828125,996351
2024-02-16,1230.0,1245.800048828125,1229.0999755859375,1241.3499755859375,803539
2024-02-19,1235.0,1240.199951171875,1222.8499755859375,1230.0,690704
2024-02-20,1235.0,1249.4000244140625,1218.699951171875,1227.550048828125,937389
2024-02-21,1227.699951171875,1250.0,1224.5999755859375,1236.0999755859375,875759
2024-02-22,1242.8499755859375,1261.6500244140625,1222.5999755859375,1256.3499755859375,656729
2024-02-23,1260.199951171875,1265.0,1236.75,1250.949951171875,520711
2024-02-26,1250.949951171875,1257.25,1239.0999755859375,1252.699951171875,399577
2024-02-27,1254.949951171875,1270.0,1241.5,1266.050048828125,871412
2024-02-28,1277.0,1278.4000244140625,1230.050048828125,1234.050048828125,639686
2024-02-29,1234.0,1263.8499755859375,1226.050048828125,1257.699951171875,1041829
2024-03-01,1260.800048828125,1282.75,1259.550048828125,1267.449951171875,1127238
2024-03-04,1280.0,1280.4000244140625,1242.199951171875,1253.449951171875,479196
2024-03-05,1260.050048828125,1265.050048828125,1241.300048828125,1244.699951171875,391674
2024-03-06,1248.699951171875,1251.5,1221.0,1240.1500244140625,458427
2024-03-07,1240.199951171875,1242.0,1228.1500244140625,1234.25,576176
2024-03-11,1246.449951171875,1261.050048828125,1234.9000244140625,1238.300048828125,661051
2024-03-12,1243.75,1243.75,1208.449951171875,1212.3499755859375,615456
2024-03-13,1205.1500244140625,1234.050048828125,1185.300048828125,1196.050048828125,1206909
2024-03-14,1185.050048828125,1230.6500244140625,1176.550048828125,1227.4000244140625,883209
2024-03-15,1217.0,1223.800048828125,1203.699951171875,1212.699951171875,1283320
2024-03-18,1212.6500244140625,1247.3499755859375,1203.75,1241.699951171875,1091124
2024-03-19,1249.4000244140625,1254.3499755859375,1195.699951171875,1204.3499755859375,1537489
2024-03-20,1201.5,1219.4000244140625,1186.0,1215.199951171875,1164641
2024-03-21,1215.199951171875,1235.0,1215.199951171875,1231.6500244140625,616794
2024-03-22,1236.949951171875,1244.5,1210.0,1221.6500244140625,1242316
2024-03-26,1201.6500244140625,1210.1500244140625,1192.550048828125,1199.050048828125,1540513
2024-03-27,1199.949951171875,1240.0,1196.1500244140625,1235.050048828125,1096345
2024-03-28,1235.949951171875,1259.5,1220.25,1251.800048828125,1334466
2024-04-01,1252.0,1271.449951171875,1222.3499755859375,1228.3499755859375,901422
2024-04-02,1230.0,1233.949951171875,1202.5,1209.1500244140625,704958
2024-04-03,1209.0999755859375,1209.0999755859375,1180.199951171875,1189.4000244140625,1169930
2024-04-04,1198.9000244140625,1201.449951171875,1173.199951171875,1177.550048828125,685423
2024-04-05,1180.5999755859375,1216.0999755859375,1175.3499755859375,1210.0999755859375,1654663
2024-04-08,1230.0,1279.4000244140625,1216.8499755859375,1246.199951171875,2041460
2024-04-09,1246.199951171875,1249.199951171875,1220.199951171875,1237.6500244140625,576031
2024-04-10,1237.6500244140625,1239.25,1216.0,1230.1500244140625,568929
2024-04-12,1230.1500244140625,1234.949951171875,1193.300048828125,1199.75,1580342
2024-04-15,1180.949951171875,1199.6500244140625,1170.5,1177.4000244140625,935415
2024-04-16,1177.4000244140625,1190.800048828125,1172.0999755859375,1177.25,808868
2024-04-18,1178.5,1194.449951171875,1158.1500244140625,1162.75,1102121
2024-04-19,1162.699951171875,1175.449951171875,1140.050048828125,1168.8499755859375,927227
2024-04-22,1174.949951171875,1190.550048828125,1165.550048828125,1185.5,700862
2024-04-23,1194.4000244140625,1194.4000244140625,1176.1500244140625,1178.3499755859375,680331
2024-04-24,1181.5999755859375,1221.1500244140625,1176.0999755859375,1212.800048828125,1017249
2024-04-25,1225.199951171875,1230.0,1185.699951171875,1201.800048828125,872879
2024-04-26,1201.75,1212.0,1189.199951171875,1202.5,792722
2024-04-29,1204.5,1221.0999755859375,1191.300048828125,1218.050048828125,577131
2024-04-30,1225.0,1240.0,1216.449951171875,1219.5,1122951
2024-05-02,1227.949951171875,1254.5999755859375,1217.5,1233.300048828125,1148854
2024-05-03,1244.0,1255.0,1232.699951171875,1251.199951171875,728587
2024-05-06,1259.800048828125,1270.0,1228.8499755859375,1250.1500244140625,837606
2024-05-07,1271.6500244140625,1350.0,1267.1500244140625,1322.3499755859375,8181717
2024-05-08,1319.0,1372.949951171875,1309.3499755859375,1350.300048828125,2833714
2024-05-09,1342.0,1352.699951171875,1320.4000244140625,1330.9000244140625,1053919
2024-05-10,1335.4000244140625,1336.0999755859375,1313.550048828125,1320.949951171875,621712
2024-05-13,1324.25,1349.5,1311.3499755859375,1338.300048828125,1132890
2024-05-14,1336.0,1344.949951171875,1301.75,1306.9000244140625,985957
2024-05-15,1312.4000244140625,1317.0999755859375,1287.4000244140625,1291.5999755859375,668668
2024-05-16,1296.1500244140625,1307.6500244140625,1280.0,1302.75,545707
2024-05-17,1302.800048828125,1302.800048828125,1290.0,1295.0999755859375,447847
2024-05-21,1300.0,1300.949951171875,1271.199951171875,1282.9000244140625,645796
2024-05-22,1290.0,1327.449951171875,1283.699951171875,1305.6500244140625,1187844
2024-05-23,1314.0999755859375,1329.0,1293.0999755859375,1320.050048828125,1121198
2024-05-24,1326.449951171875,1326.449951171875,1298.5999755859375,1310.3499755859375,1227461
2024-05-27,1310.4000244140625,1335.9000244140625,1310.4000244140625,1328.949951171875,786120
2024-05-28,1334.949951171875,1344.25,1323.75,1331.0,798302
2024-05-29,1311.0,1324.949951171875,1293.550048828125,1299.5999755859375,427388
2024-05-30,1299.300048828125,1303.199951171875,1266.4000244140625,1273.949951171875,433156
2024-05-31,1289.800048828125,1289.800048828125,1259.25,1270.3499755859375,1385034
2024-06-03,1295.949951171875,1316.050048828125,1281.800048828125,1306.5,825033
2024-06-04,1318.0,1357.5999755859375,1251.699951171875,1348.449951171875,2052727
2024-06-05,1367.9000244140625,1467.0999755859375,1353.050048828125,1426.800048828125,5508364
2024-06-06,1427.0,1427.25,1376.0,1402.1500244140625,1356564
2024-06-07,1402.1500244140625,1462.4000244140625,1391.550048828125,1427.9000244140625,1327582
2024-06-10,1430.0,1447.800048828125,1409.550048828125,1423.050048828125,771291
2024-06-11,1423.050048828125,1443.25,1420.050048828125,1429.199951171875,625008
2024-06-12,1442.1500244140625,1443.0,1403.050048828125,1416.800048828125,784605
2024-06-13,1406.050048828125,1412.5999755859375,1390.0,1409.300048828125,873993
2024-06-14,1409.300048828125,1419.199951171875,1389.800048828125,1392.949951171875,514175
2024-06-18,1392.949951171875,1409.0,1380.449951171875,1403.6500244140625,973039
2024-06-19,1410.0,1410.75,1386.800048828125,1391.800048828125,434087
2024-06-20,1391.800048828125,1396.949951171875,1356.0,1361.050048828125,1302617
2024-06-21,1369.0,1376.25,1353.0,1356.8499755859375,1292944
2024-06-24,1356.4000244140625,1387.050048828125,1319.4000244140625,1380.800048828125,1034894
2024-06-25,1386.0,1386.0,1365.75,1375.5,563754
2024-06-26,1375.5,1429.8499755859375,1370.25,1414.25,1980304
2024-06-27,1398.050048828125,1409.699951171875,1355.949951171875,1362.0,6032650
2024-06-28,1366.0,1382.1500244140625,1358.949951171875,1375.8499755859375,624365
2024-07-01,1375.8499755859375,1402.0,1370.25,1398.050048828125,843562
2024-07-02,1419.75,1419.75,1365.300048828125,1371.1500244140625,498934
2024-07-03,1390.0,1390.449951171875,1359.199951171875,1368.0,490580
2024-07-04,1371.9000244140625,1382.949951171875,1360.25,1363.8499755859375,360720
2024-07-05,1367.8499755859375,1378.699951171875,1360.0,1373.800048828125,579386
2024-07-08,1380.449951171875,1439.699951171875,1372.300048828125,1426.0,2471142
2024-07-09,1441.0,1441.0,1388.0,1412.1500244140625,1317184
2024-07-10,1400.0,1454.949951171875,1399.949951171875,1444.0999755859375,1822861
2024-07-11,1450.5999755859375,1455.0,1433.550048828125,1440.9000244140625,1142834
2024-07-12,1448.75,1458.5,1437.050048828125,1443.9000244140625,697411
2024-07-15,1449.949951171875,1459.699951171875,1434.0999755859375,1436.699951171875,521240
2024-07-16,1439.949951171875,1472.0,1434.5,1452.75,1150984
2024-07-18,1440.0,1470.75,1440.0,1465.25,1177235
2024-07-19,1466.0,1476.949951171875,1435.949951171875,1451.9000244140625,1206553
2024-07-22,1451.8499755859375,1478.199951171875,1440.75,1470.1500244140625,917335
2024-07-23,1469.0,1525.0,1458.300048828125,1516.699951171875,2713959
2024-07-24,1516.699951171875,1519.8499755859375,1454.0,1459.050048828125,1464579
2024-07-25,1447.0999755859375,1485.5,1443.1500244140625,1480.0999755859375,600745
2024-07-26,1480.0999755859375,1480.0999755859375,1461.0999755859375,1467.5,281948
2024-07-29,1474.9000244140625,1505.0,1428.699951171875,1477.9000244140625,1613938
2024-07-30,1477.0,1477.9000244140625,1437.25,1439.800048828125,873206
2024-07-31,1448.0,1452.449951171875,1433.699951171875,1440.75,708336
2024-08-01,1441.449951171875,1485.0,1436.25,1470.25,994920
2024-08-02,1467.5,1490.949951171875,1447.199951171875,1459.1500244140625,1637737
2024-08-05,1426.5,1479.949951171875,1426.5,1462.1500244140625,1000471
2024-08-06,1467.199951171875,1498.8499755859375,1460.25,1478.5999755859375,1712241
2024-08-07,1494.449951171875,1509.0,1482.5,1503.800048828125,705418
2024-08-08,1503.800048828125,1504.949951171875,1432.050048828125,1463.9000244140625,2786418
2024-08-09,1475.9000244140625,1475.9000244140625,1442.050048828125,1444.800048828125,439759
2024-08-12,1444.800048828125,1445.0,1390.0,1392.5999755859375,1775237
2024-08-13,1397.0,1401.949951171875,1382.5,1388.5,612043
2024-08-14,1388.949951171875,1392.699951171875,1358.1500244140625,1371.0999755859375,1496512
2024-08-16,1365.0,1408.949951171875,1360.6500244140625,1405.050048828125,539291
2024-08-19,1411.949951171875,1413.550048828125,1386.050048828125,1403.6500244140625,371436
2024-08-20,1404.0,1412.9000244140625,1378.550048828125,1394.0,839795
2024-08-21,1394.0,1404.3499755859375,1388.0,1391.25,1228308
2024-08-22,1404.0,1444.5,1391.5,1440.300048828125,1636721
2024-08-23,1444.0,1446.0,1424.800048828125,1428.3499755859375,638437
2024-08-26,1438.0,1459.300048828125,1422.0999755859375,1454.75,833098
2024-08-27,1455.0999755859375,1461.25,1435.199951171875,1456.3499755859375,450900
2024-08-28,1462.0,1499.949951171875,1450.1500244140625,1477.5,578675
2024-08-29,1484.699951171875,1485.0,1451.0,1476.699951171875,559455
2024-08-30,1476.0,1487.449951171875,1465.1500244140625,1481.199951171875,1311589
2024-09-02,1488.6500244140625,1491.8499755859375,1464.6500244140625,1470.050048828125,295844
2024-09-03,1470.0,1479.75,1456.199951171875,1460.75,901067
2024-09-04,1455.0,1478.949951171875,1449.5999755859375,1475.300048828125,517446
2024-09-05,1480.0,1483.949951171875,1453.0,1457.699951171875,533903
2024-09-06,1453.5,1455.5,1417.0999755859375,1443.449951171875,1537112
2024-09-09,1444.949951171875,1528.25,1425.1500244140625,1492.050048828125,2093470
2024-09-10,1500.0,1511.9000244140625,1481.699951171875,1503.050048828125,1399345
2024-09-11,1505.0,1541.8499755859375,1495.199951171875,1499.949951171875,1299900
2024-09-12,1508.699951171875,1535.0,1501.5,1513.449951171875,1397079
2024-09-13,1520.0,1520.0,1478.0,1491.300048828125,2359062
2024-09-16,1476.0,1476.0,1416.199951171875,1456.3499755859375,1635007
2024-09-17,1460.0,1481.699951171875,1449.1500244140625,1459.4000244140625,1373125
2024-09-18,1459.4000244140625,1464.6500244140625,1426.25,1432.1500244140625,632328
2024-09-19,1439.300048828125,1456.8499755859375,1429.550048828125,1444.8499755859375,736187
2024-09-20,1454.0,1469.449951171875,1440.449951171875,1456.5999755859375,1885327
2024-09-23,1463.8499755859375,1464.949951171875,1442.050048828125,1449.300048828125,518082
2024-09-24,1446.699951171875,1461.199951171875,1429.3499755859375,1446.3499755859375,1514391
2024-09-25,1446.0,1446.949951171875,1408.0999755859375,1429.550048828125,1325119
2024-09-26,1429.5,1432.0,1407.199951171875,1422.300048828125,540524
2024-09-27,1410.0,1410.0,1343.550048828125,1388.6500244140625,5207179
2024-09-30,1388.75,1407.0,1377.0,1393.4000244140625,1190628
2024-10-01,1395.0,1415.5,1369.050048828125,1388.25,1233644
2024-10-03,1350.300048828125,1388.0,1338.050048828125,1348.4000244140625,2342173
2024-10-04,1348.0,1357.1500244140625,1333.0999755859375,1343.25,1760338
2024-10-07,1343.25,1355.550048828125,1325.0,1332.3499755859375,1211273
2024-10-08,1318.0,1343.0999755859375,1300.25,1304.550048828125,2892445
2024-10-09,1308.0,1350.550048828125,1303.0,1333.4000244140625,4702906
2024-10-10,1344.9000244140625,1355.3499755859375,1313.199951171875,1316.75,958975
2024-10-11,1325.0,1325.0,1311.0,1315.699951171875,1260411
2024-10-14,1322.0,1327.800048828125,1306.6500244140625,1312.5999755859375,1117318
2024-10-15,1319.800048828125,1346.1500244140625,1314.0,1342.449951171875,1817397
2024-10-16,1347.1500244140625,1366.5999755859375,1337.25,1361.0,1104389
2024-10-17,1361.0,1364.8499755859375,1327.0,1347.300048828125,973342
2024-10-18,1350.0,1358.949951171875,1333.0,1336.1500244140625,658127
2024-10-21,1336.1500244140625,1342.699951171875,1308.5,1313.5,413489
2024-10-22,1321.0,1332.9000244140625,1296.050048828125,1299.5999755859375,401153
2024-10-23,1300.0,1306.0,1284.5999755859375,1292.3499755859375,801772
2024-10-24,1295.0,1298.3499755859375,1238.699951171875,1255.0999755859375,2392142
2024-10-25,1288.0,1328.8499755859375,1275.0,1291.25,3223478
2024-10-28,1290.0,1311.4000244140625,1276.5,1296.6500244140625,911104
2024-10-29,1291.8499755859375,1298.050048828125,1268.75,1278.300048828125,891549
2024-10-30,1284.6500244140625,1304.0,1267.300048828125,1300.050048828125,790627
2024-10-31,1308.9000244140625,1319.75,1277.199951171875,1283.1500244140625,858307
2024-11-01,1287.75,1293.5,1250.0,1275.0999755859375,40519
2024-11-04,1275.0,1282.5,1265.050048828125,1272.1500244140625,409220
2024-11-05,1278.0,1280.550048828125,1256.5,1266.25,499852
2024-11-06,1270.0,1282.75,1266.050048828125,1275.1500244140625,518986
2024-11-07,1275.1500244140625,1314.0,1255.5,1258.5,589272
2024-11-08,1260.050048828125,1262.449951171875,1242.800048828125,1251.050048828125,878571
2024-11-11,1250.0,1250.0,1212.5,1220.8499755859375,555580
2024-11-12,1220.8499755859375,1222.25,1172.1500244140625,1176.199951171875,2993508
2024-11-13,1176.050048828125,1189.449951171875,1166.300048828125,1183.9000244140625,1208369
2024-11-14,1184.3499755859375,1194.300048828125,1162.25,1175.0999755859375,1131043
2024-11-18,1175.0999755859375,1191.75,1163.4000244140625,1181.6500244140625,1161297
2024-11-19,1191.0,1198.8499755859375,1177.0,1185.300048828125,983651
2024-11-21,1185.050048828125,1195.9000244140625,1169.550048828125,1178.699951171875,4373152
2024-11-22,1184.550048828125,1199.9000244140625,1174.0,1192.300048828125,719207
2024-11-25,1195.0,1239.9000244140625,1195.0,1218.699951171875,2884421
2024-11-26,1230.949951171875,1246.5999755859375,1219.0,1240.0999755859375,603291
2024-11-27,1250.0,1265.1500244140625,1241.050048828125,1261.5999755859375,857354
2024-11-28,1260.25,1281.9000244140625,1243.949951171875,1251.25,1901104
2024-11-29,1240.0,1255.550048828125,1236.0,1244.6500244140625,652041
2024-12-02,1225.0,1244.0,1219.699951171875,1227.1500244140625,565888
2024-12-03,1227.1500244140625,1233.0,1215.199951171875,1230.449951171875,859907
2024-12-04,1230.5,1238.5,1217.949951171875,1228.5,701640
2024-12-05,1234.6500244140625,1250.0,1215.5999755859375,1244.75,408507
2024-12-06,1251.0,1255.0,1230.5999755859375,1235.449951171875,842156
2024-12-09,1169.949951171875,1169.949951171875,1101.6500244140625,1127.8499755859375,11231379
2024-12-10,1130.0,1136.699951171875,1122.800048828125,1133.8499755859375,2182449
2024-12-11,1136.9000244140625,1141.5999755859375,1122.550048828125,1135.300048828125,1927111
2024-12-12,1140.0,1142.75,1109.0,1111.0999755859375,2776408
2024-12-13,1112.1500244140625,1117.300048828125,1097.3499755859375,1111.449951171875,2883674
2024-12-16,1120.0,1128.0,1110.050048828125,1112.3499755859375,1658829
2024-12-17,1112.6500244140625,1115.25,1085.0,1089.300048828125,1829849
2024-12-18,1094.9000244140625,1104.699951171875,1089.300048828125,1091.75,885061
2024-12-19,1080.0,1088.0,1075.6500244140625,1078.449951171875,1920445
2024-12-20,1083.949951171875,1083.949951171875,1067.0,1069.5999755859375,1948622
2024-12-23,1074.800048828125,1078.699951171875,1065.699951171875,1073.75,972130
2024-12-24,1075.0,1081.949951171875,1070.6500244140625,1077.800048828125,1226815
2024-12-26,1081.5,1083.1500244140625,1063.3499755859375,1071.199951171875,1017426
2024-12-27,1074.0,1079.8499755859375,1060.0,1067.800048828125,714897
2024-12-30,1069.949951171875,1073.050048828125,1055.050048828125,1060.550048828125,2904152
2024-12-31,1060.550048828125,1086.449951171875,1060.550048828125,1082.050048828125,726636
2025-01-01,1086.0,1096.8499755859375,1077.1500244140625,1079.550048828125,165498
2025-01-02,1085.6500244140625,1095.75,1070.550048828125,1093.449951171875,762657
2025-01-03,1100.0,1122.0,1090.3499755859375,1116.6500244140625,5833891
2025-01-06,1122.199951171875,1157.5999755859375,1111.199951171875,1141.8499755859375,3658539
2025-01-07,1136.050048828125,1167.449951171875,1135.0,1153.800048828125,2428244
2025-01-08,1153.0,1159.25,1135.6500244140625,1156.25,1049530
2025-01-09,1153.0999755859375,1198.449951171875,1150.4000244140625,1181.0999755859375,1276198
2025-01-10,1181.199951171875,1189.550048828125,1167.6500244140625,1174.300048828125,823035
2025-01-13,1165.0,1180.0,1156.25,1159.0,1101936
2025-01-14,1161.949951171875,1164.75,1130.050048828125,1140.449951171875,1426008
2025-01-15,1140.0,1142.949951171875,1126.1500244140625,1128.75,1173420
2025-01-16,1130.0999755859375,1153.5,1126.449951171875,1149.5999755859375,610940
2025-01-17,1153.0,1197.449951171875,1149.0,1187.75,2774043
2025-01-20,1192.800048828125,1193.949951171875,1160.0,1166.6500244140625,942639
2025-01-21,1172.5,1179.4000244140625,1155.5,1158.949951171875,1624667
2025-01-22,1163.050048828125,1168.5,1137.550048828125,1153.0,1902732
2025-01-23,1141.25,1166.050048828125,1120.8499755859375,1145.199951171875,893059
2025-01-24,1145.949951171875,1147.949951171875,1125.4000244140625,1130.3499755859375,377449
2025-01-27,1117.050048828125,1132.4000244140625,1097.5,1126.6500244140625,1477851
2025-01-28,1126.6500244140625,1137.6500244140625,1111.050048828125,1125.8499755859375,1578549
2025-01-29,1117.550048828125,1122.8499755859375,1108.4000244140625,1118.1500244140625,758944
2025-01-30,1118.1500244140625,1126.0,1111.449951171875,1118.5,2106354
2025-01-31,1112.0,1136.300048828125,1112.0,1121.25,2349882
2025-02-01,1126.800048828125,1214.5,1118.550048828125,1191.699951171875,2796848
2025-02-03,1175.050048828125,1187.9000244140625,1139.550048828125,1155.550048828125,1300237
2025-02-04,1161.199951171875,1161.199951171875,1127.0,1135.25,1337886
2025-02-05,1141.199951171875,1141.199951171875,1116.0,1118.75,1449207
2025-02-06,1118.75,1132.300048828125,1115.75,1119.5999755859375,428067
2025-02-07,1120.0,1122.050048828125,1094.550048828125,1106.75,478210
2025-02-10,1112.25,1170.0,1080.0,1091.25,690083
2025-02-11,1095.050048828125,1106.949951171875,1064.25,1071.25,599851
2025-02-12,1071.25,1081.5999755859375,1053.5999755859375,1072.75,709401
2025-02-13,1072.75,1077.550048828125,1049.0,1052.800048828125,898637
2025-02-14,1058.050048828125,1074.0,1047.5,1058.9000244140625,690182
2025-02-17,1058.800048828125,1058.800048828125,1033.5999755859375,1039.25,477531
2025-02-18,1039.9000244140625,1044.449951171875,1006.0,1015.5499877929688,959493
2025-02-19,1015.5499877929688,1026.9000244140625,997.2000122070312,1024.5,2757447
2025-02-20,1020.0,1080.8499755859375,1019.0499877929688,1074.5999755859375,2578907
2025-02-21,1075.0,1079.9000244140625,1047.3499755859375,1052.199951171875,1656549
2025-02-24,1048.1500244140625,1051.800048828125,1035.25,1044.5999755859375,1464427
2025-02-25,1047.75,1064.4000244140625,1041.3499755859375,1057.0999755859375,1746207
2025-02-27,1057.0999755859375,1067.699951171875,1040.5,1051.4000244140625,1348747
2025-02-28,1040.050048828125,1055.0,999.3499755859375,1005.1500244140625,2316444
2025-03-03,1006.0,1014.75,990.0,998.3499755859375,693968
2025-03-04,990.0,997.0999755859375,979.5,990.25,935737
2025-03-05,990.25,1005.9000244140625,986.6500244140625,991.3499755859375,1621637
2025-03-06,998.0,1037.75,998.0,1030.300048828125,1863854
2025-03-07,1020.0999755859375,1053.4000244140625,1017.2000122070312,1045.300048828125,607186
2025-03-10,1042.0,1063.199951171875,1036.9000244140625,1044.0,793821
2025-03-11,1025.0,1050.0,1025.0,1039.1500244140625,721342
2025-03-12,1039.25,1046.9000244140625,1028.8499755859375,1043.4000244140625,436216
2025-03-13,1045.0,1045.0,1020.3499755859375,1025.800048828125,631099
2025-03-17,1025.0999755859375,1061.4000244140625,1024.6500244140625,1052.300048828125,1266046
2025-03-18,1052.300048828125,1052.300048828125,1052.300048828125,1052.300048828125,0
2025-03-19,1085.0999755859375,1087.0,1064.3499755859375,1074.300048828125,1274199
2025-03-20,1074.949951171875,1104.699951171875,1074.949951171875,1101.5,1422712
2025-03-21,1105.5,1120.550048828125,1094.0,1111.949951171875,1775108
2025-03-24,1116.0,1120.0999755859375,1098.5,1106.300048828125,880326
2025-03-25,1111.8499755859375,1134.9000244140625,1097.5999755859375,1129.8499755859375,2339818
2025-03-26,1129.949951171875,1138.8499755859375,1103.25,1130.300048828125,2080701
2025-03-27,1133.949951171875,1150.0,1115.550048828125,1144.550048828125,3571049
2025-03-28,1054.050048828125,1169.6500244140625,1054.050048828125,1159.25,1494348
2025-04-01,1150.699951171875,1163.5999755859375,1141.5,1143.5999755859375,637877
2025-04-02,1149.3499755859375,1164.199951171875,1136.0,1162.6500244140625,728473
2025-04-03,1148.949951171875,1176.699951171875,1138.949951171875,1162.050048828125,927323
2025-04-04,1169.5,1173.449951171875,1142.949951171875,1156.5999755859375,893054
2025-04-07,1158.0,1177.5999755859375,1125.050048828125,1160.0999755859375,5114215
2025-04-08,1178.5,1204.5,1173.0999755859375,1197.25,2006049
2025-04-09,1197.25,1249.0,1196.25,1242.3499755859375,3686650
2025-04-11,1285.300048828125,1286.0,1207.699951171875,1223.5999755859375,1327101
2025-04-15,1234.699951171875,1239.0,1203.4000244140625,1216.300048828125,1563410
2025-04-16,1218.800048828125,1246.800048828125,1211.5999755859375,1244.5999755859375,779550
2025-04-17,1232.199951171875,1245.300048828125,1214.4000244140625,1239.300048828125,1217599
2025-04-21,1245.0,1245.199951171875,1211.0,1213.4000244140625,769474
2025-04-22,1225.0,1247.4000244140625,1214.0,1231.4000244140625,1281722
2025-04-23,1231.4000244140625,1270.0999755859375,1231.4000244140625,1268.5,1908019
2025-04-24,1275.0,1275.0,1226.0,1267.9000244140625,2200361
2025-04-25,1265.0,1281.0,1255.4000244140625,1266.5,1485280
2025-04-28,1267.0999755859375,1270.5999755859375,1245.699951171875,1265.9000244140625,466160
2025-04-29,1267.0,1279.0,1248.199951171875,1262.699951171875,1089795
2025-04-30,1260.0,1275.699951171875,1239.699951171875,1260.5,1344364
2025-05-02,1260.0,1279.0,1254.0999755859375,1258.5,306189
2025-05-05,1264.0,1287.9000244140625,1258.800048828125,1262.0999755859375,1604829
2025-05-06,1267.5,1272.0,1248.4000244140625,1250.800048828125,1155139
2025-05-07,1233.5999755859375,1254.0999755859375,1211.5,1246.9000244140625,1800027
2025-05-08,1245.0999755859375,1272.4000244140625,1236.5,1240.5999755859375,1119558
2025-05-09,1200.0,1245.199951171875,1195.199951171875,1242.0999755859375,649047
2025-05-12,1282.0,1292.9000244140625,1257.5999755859375,1289.5,1386761
2025-05-13,1293.0,1295.0,1264.0,1266.300048828125,895398
2025-05-14,1266.0,1287.4000244140625,1259.199951171875,1282.0,1102055
2025-05-15,1275.0999755859375,1298.4000244140625,1270.300048828125,1290.4000244140625,734151
2025-05-16,1290.5,1305.0,1282.199951171875,1299.5,912957
2025-05-19,1303.0,1308.199951171875,1290.0,1291.5,915695
2025-05-20,1297.0,1301.4000244140625,1257.5999755859375,1260.800048828125,664154
2025-05-21,1260.0,1292.199951171875,1256.0,1280.0,762035
2025-05-22,1285.0,1285.0,1255.199951171875,1264.0,234851
2025-05-23,1264.0,1283.300048828125,1260.4000244140625,1277.4000244140625,312877
2025-05-26,1278.800048828125,1291.199951171875,1277.0999755859375,1284.5,269355
2025-05-27,1283.800048828125,1283.800048828125,1258.800048828125,1269.5999755859375,847346
2025-05-28,1275.0,1279.800048828125,1250.5,1259.0,232166
2025-05-29,1260.0,1261.9000244140625,1224.0,1246.0999755859375,1471954
2025-05-30,1246.0999755859375,1251.5,1227.0,1231.4000244140625,1382707
2025-06-02,1256.9000244140625,1301.300048828125,1256.9000244140625,1266.0999755859375,2571867
2025-06-03,1264.0999755859375,1268.699951171875,1235.0,1238.5,892994
2025-06-04,1240.0999755859375,1242.0999755859375,1220.0999755859375,1227.199951171875,683760
2025-06-05,1234.0,1234.5,1210.0999755859375,1214.9000244140625,1088686
2025-06-06,1220.0,1221.5999755859375,1206.300048828125,1210.0999755859375,878031
2025-06-09,1216.0,1224.5999755859375,1206.699951171875,1217.5999755859375,750227
2025-06-10,1224.5,1224.5,1209.0999755859375,1213.9000244140625,585966
2025-06-11,1218.0999755859375,1234.0,1216.0,1223.800048828125,893989
2025-06-12,1225.0,1225.9000244140625,1200.0999755859375,1203.9000244140625,645386
2025-06-13,1170.0,1194.4000244140625,1160.0,1188.800048828125,952711
2025-06-16,1191.0,1194.800048828125,1175.300048828125,1188.0,1436358
2025-06-17,1190.0,1199.199951171875,1179.199951171875,1195.5999755859375,1402108
2025-06-18,1189.9000244140625,1202.300048828125,1181.5999755859375,1196.5999755859375,988611
2025-06-19,1194.5,1205.800048828125,1187.199951171875,1194.0,698066
2025-06-20,1192.199951171875,1196.0999755859375,1181.0999755859375,1189.4000244140625,3630336
2025-06-23,1189.0,1192.4000244140625,1168.0999755859375,1171.0,1750263
2025-06-24,1181.0,1188.4000244140625,1171.9000244140625,1173.800048828125,1157475
2025-06-25,1178.5,1189.199951171875,1170.5,1185.300048828125,1064107
2025-06-26,1191.0999755859375,1191.300048828125,1172.699951171875,1184.300048828125,790228
2025-06-27,1183.0,1186.699951171875,1170.0,1176.4000244140625,3293143
2025-06-30,1182.0,1182.9000244140625,1171.199951171875,1178.4000244140625,742606
2025-07-01,1181.0,1182.5999755859375,1162.699951171875,1168.5999755859375,539601
2025-07-02,1168.5999755859375,1182.300048828125,1160.300048828125,1174.5999755859375,775759
2025-07-03,1178.800048828125,1182.0,1169.5,1171.199951171875,622284
2025-07-04,1171.199951171875,1198.800048828125,1170.0999755859375,1192.9000244140625,654700
2025-07-07,1225.199951171875,1271.9000244140625,1225.199951171875,1268.4000244140625,7790654
2025-07-08,1252.5,1282.0,1252.199951171875,1277.4000244140625,2393198
2025-07-09,1272.0,1308.0,1272.0,1293.800048828125,1944978
2025-07-10,1290.0,1291.5999755859375,1282.300048828125,1286.699951171875,650984
2025-07-11,1284.0999755859375,1306.0,1280.0,1285.0,979619
2025-07-14,1288.0,1289.300048828125,1264.300048828125,1266.5999755859375,888983
2025-07-15,1268.300048828125,1278.300048828125,1261.199951171875,1270.0999755859375,856686
2025-07-16,1270.0,1270.0999755859375,1253.5999755859375,1264.800048828125,922089
2025-07-17,1267.300048828125,1283.0,1262.4000244140625,1278.199951171875,506788
2025-07-18,1278.199951171875,1279.800048828125,1245.800048828125,1251.300048828125,646598
2025-07-21,1251.300048828125,1255.5999755859375,1236.4000244140625,1238.699951171875,625660
2025-07-22,1240.0999755859375,1249.800048828125,1230.199951171875,1242.4000244140625,920681
2025-07-23,1246.0,1249.5,1229.0999755859375,1232.5,524821
2025-07-24,1233.699951171875,1239.4000244140625,1222.0,1224.4000244140625,604864
2025-07-25,1224.4000244140625,1224.9000244140625,1210.0999755859375,1217.0999755859375,487767
2025-07-28,1215.0,1236.5,1205.800048828125,1215.0,1468450
2025-07-29,1214.800048828125,1215.9000244140625,1202.199951171875,1210.5999755859375,789889
2025-07-30,1215.4000244140625,1220.0999755859375,1202.300048828125,1216.5999755859375,1893697
2025-07-31,1207.300048828125,1265.5,1205.0999755859375,1259.0,1600452
2025-08-01,1270.0,1290.0,1257.0999755859375,1266.5,1565728
2025-08-04,1269.9000244140625,1269.9000244140625,1226.199951171875,1249.4000244140625,1763667
2025-08-05,1254.9000244140625,1254.9000244140625,1213.4000244140625,1219.4000244140625,1442317
2025-08-06,1219.4000244140625,1220.5999755859375,1188.0,1202.5999755859375,1170361
2025-08-07,1197.0,1225.0,1193.199951171875,1220.0,1121402
2025-08-08,1215.199951171875,1246.0,1182.9000244140625,1186.0999755859375,2018271
2025-08-11,1187.0999755859375,1203.0999755859375,1159.5999755859375,1200.0,940924
2025-08-12,1200.0,1208.800048828125,1189.4000244140625,1200.5,1119857
2025-08-13,1205.5,1206.5,1185.300048828125,1198.800048828125,886544
2025-08-14,1197.5,1200.9000244140625,1174.699951171875,1184.9000244140625,934906
2025-08-18,1201.0,1226.0999755859375,1199.0,1208.9000244140625,1585452
2025-08-19,1209.5999755859375,1221.0,1204.199951171875,1218.699951171875,1149699
2025-08-20,1211.0,1252.0,1211.0,1246.9000244140625,1010033
2025-08-21,1253.0,1253.0,1220.300048828125,1247.4000244140625,1860416
2025-08-22,1246.5999755859375,1265.4000244140625,1242.4000244140625,1257.199951171875,1481336
2025-08-25,1264.199951171875,1269.9000244140625,1252.0999755859375,1261.699951171875,992053
2025-08-26,1261.0,1268.0999755859375,1249.199951171875,1258.5999755859375,1876432
2025-08-28,1262.9000244140625,1280.5,1248.0,1250.5999755859375,1711790
2025-08-29,1257.0,1280.0,1230.0999755859375,1242.5999755859375,1808734
2025-09-01,1248.9000244140625,1265.5999755859375,1232.300048828125,1256.800048828125,1182160
2025-09-02,1250.0,1286.800048828125,1247.0999755859375,1283.800048828125,1240114
2025-09-03,1290.9000244140625,1290.9000244140625,1267.5,1275.5,1560468
2025-09-04,1309.0,1309.0,1241.5999755859375,1245.300048828125,2797394
2025-09-05,1245.300048828125,1252.800048828125,1220.0999755859375,1231.5,1501553
2025-09-08,1237.0,1244.0999755859375,1224.199951171875,1229.9000244140625,443869
2025-09-09,1235.9000244140625,1250.0,1225.0999755859375,1244.9000244140625,959107
2025-09-10,1249.0,1260.0,1235.5,1256.199951171875,954046
2025-09-11,1256.199951171875,1270.0999755859375,1249.9000244140625,1266.5,1998029
2025-09-12,1266.5,1266.5,1235.699951171875,1249.699951171875,1708052
2025-09-15,1243.0,1259.800048828125,1243.0,1257.5999755859375,740947
2025-09-16,1262.0,1264.5,1225.0999755859375,1229.4000244140625,1294534
2025-09-17,1235.0,1248.0,1223.5,1243.4000244140625,1271749
2025-09-18,1242.5999755859375,1243.4000244140625,1228.5999755859375,1238.4000244140625,1983386
2025-09-19,1238.0,1241.9000244140625,1228.0,1238.9000244140625,914559
2025-09-22,1240.0,1248.9000244140625,1223.699951171875,1232.199951171875,1092796
2025-09-23,1231.5,1234.4000244140625,1188.4000244140625,1192.199951171875,1902576
2025-09-24,1198.9000244140625,1204.0,1177.800048828125,1186.0,1837893
2025-09-25,1186.0,1197.5,1174.0999755859375,1189.199951171875,1908855
2025-09-26,1184.0,1188.800048828125,1157.699951171875,1163.9000244140625,1224351
2025-09-29,1158.0999755859375,1189.0,1152.0,1177.5999755859375,2461758
2025-09-30,1177.5999755859375,1184.5999755859375,1162.300048828125,1166.9000244140625,1684611
2025-10-01,1169.0,1170.800048828125,1144.4000244140625,1148.5999755859375,1897357
2025-10-03,1148.5999755859375,1152.4000244140625,1135.0,1149.0,686196
2025-10-06,1149.0,1150.0,1135.5,1147.5999755859375,1339794
2025-10-07,1147.5999755859375,1161.0999755859375,1139.5999755859375,1152.800048828125,990996
2025-10-08,1140.0,1146.9000244140625,1120.0,1130.699951171875,2397531
2025-10-09,1130.0,1138.0,1124.199951171875,1128.800048828125,2161078
2025-10-10,1130.0,1131.699951171875,1121.199951171875,1129.800048828125,1721671
2025-10-13,1129.0,1134.4000244140625,1106.0,1110.800048828125,1256718
2025-10-14,1114.5999755859375,1116.0999755859375,1097.300048828125,1101.4000244140625,1831340
2025-10-15,1106.0,1118.0,1100.699951171875,1110.5999755859375,809694
2025-10-16,1112.0,1123.0,1103.699951171875,1120.0999755859375,1474182
2025-10-17,1123.699951171875,1146.5,1120.699951171875,1132.199951171875,903877
2025-10-20,1136.5,1143.300048828125,1126.199951171875,1136.5,1249233
2025-10-21,1142.0999755859375,1146.4000244140625,1127.0,1133.800048828125,88180
2025-10-23,1134.800048828125,1140.0,1120.199951171875,1132.300048828125,2429490
2025-10-24,1132.0999755859375,1141.4000244140625,1114.0999755859375,1130.4000244140625,1376917
2025-10-27,1130.4000244140625,1135.0,1122.0,1124.699951171875,1544159
2025-10-28,1129.0,1129.0,1110.699951171875,1115.5,1725668
2025-10-29,1120.0,1123.5999755859375,1105.0,1106.800048828125,2535908
2025-10-30,1109.0,1118.5999755859375,1098.4000244140625,1113.0999755859375,1587968
2025-10-31,1117.9000244140625,1124.5999755859375,1108.4000244140625,1118.5999755859375,1297881
2025-11-03,1148.0,1184.800048828125,1141.300048828125,1178.5999755859375,4842181
2025-11-04,1178.5999755859375,1179.4000244140625,1150.300048828125,1163.4000244140625,1858002
2025-11-06,1164.9000244140625,1164.9000244140625,1134.300048828125,1146.0,2222520
2025-11-07,1135.5999755859375,1139.4000244140625,1118.300048828125,1121.800048828125,1985895
2025-11-10,1120.199951171875,1139.5,1113.4000244140625,1126.699951171875,1046353
2025-11-11,1130.9000244140625,1144.800048828125,1122.0,1138.4000244140625,1406507
2025-11-12,1144.0,1144.4000244140625,1126.4000244140625,1135.9000244140625,901827
2025-11-13,1135.0,1142.4000244140625,1127.0,1133.4000244140625,1850071
2025-11-14,1133.0,1152.0,1127.699951171875,1146.5,2094535
2025-11-17,1149.0,1162.4000244140625,1146.800048828125,1152.300048828125,789222
2025-11-18,1151.699951171875,1154.0,1135.0999755859375,1142.0999755859375,1655215
2025-11-19,1139.9000244140625,1149.0,1132.5999755859375,1139.9000244140625,1671330
2025-11-20,1141.300048828125,1142.0,1125.699951171875,1127.300048828125,1175797
2025-11-21,1120.0,1129.9000244140625,1114.0,1125.199951171875,4264238
2025-11-24,1130.0,1134.800048828125,1108.300048828125,1111.4000244140625,1732808
2025-11-25,1111.4000244140625,1149.0,1107.300048828125,1144.5,3033523
2025-11-26,1147.0,1167.5,1142.0999755859375,1154.199951171875,1448380
2025-11-27,1149.0,1166.9000244140625,1139.0999755859375,1144.5999755859375,1138374
2025-11-28,1144.5999755859375,1158.0,1140.5999755859375,1145.5999755859375,1513316
2025-12-01,1145.0,1145.9000244140625,1122.699951171875,1129.4000244140625,766007
2025-12-02,1134.9000244140625,1140.699951171875,1123.699951171875,1132.0999755859375,678672
2025-12-03,1139.0,1139.0,1117.5999755859375,1120.699951171875,429245
2025-12-04,1120.5999755859375,1138.5,1115.5,1132.5999755859375,455483
2025-12-05,1132.0,1139.0999755859375,1122.300048828125,1136.0,339262
2025-12-08,1136.0,1140.0999755859375,1108.4000244140625,1121.5999755859375,790413
2025-12-09,1116.0,1134.800048828125,1109.199951171875,1128.800048828125,417028
2025-12-10,1128.0,1138.300048828125,1126.0999755859375,1130.5,805545
2025-12-11,1130.5999755859375,1154.0,1127.0,1147.9000244140625,292217
2025-12-12,1155.0999755859375,1157.800048828125,1138.9000244140625,1153.800048828125,966615
2025-12-15,1153.0,1169.4000244140625,1144.0999755859375,1166.0999755859375,916589
2025-12-16,1166.199951171875,1198.5,1163.9000244140625,1182.4000244140625,2230112
2025-12-17,1180.0,1187.5,1171.800048828125,1179.699951171875,929901
2025-12-18,1188.300048828125,1190.5999755859375,1169.300048828125,1186.800048828125,540181
2025-12-19,1186.800048828125,1195.0,1174.0999755859375,1186.199951171875,641297
2025-12-22,1188.800048828125,1196.0,1182.800048828125,1185.4000244140625,338201
2025-12-23,1186.0,1206.199951171875,1182.0999755859375,1196.5,655798
2025-12-24,1196.5,1202.9000244140625,1188.0,1192.199951171875,393130
2025-12-26,1191.800048828125,1210.0,1189.5,1206.199951171875,510416
2025-12-29,1210.199951171875,1212.0,1195.5999755859375,1206.300048828125,770670
2025-12-30,1206.300048828125,1218.699951171875,1199.0,1212.199951171875,1368744
2025-12-31,1216.0,1234.5999755859375,1208.199951171875,1222.199951171875,1360567
2026-01-01,1225.0,1245.800048828125,1214.4000244140625,1243.4000244140625,644338
2026-01-02,1243.4000244140625,1243.4000244140625,1223.5999755859375,1235.199951171875,860507
2026-01-05,1236.0,1247.0999755859375,1225.5999755859375,1244.300048828125,741943
2026-01-06,1244.0,1255.699951171875,1227.699951171875,1254.0,603708
2026-01-07,1273.9000244140625,1273.9000244140625,1237.0,1247.699951171875,1553698
2026-01-08,1246.699951171875,1249.699951171875,1230.5999755859375,1243.199951171875,680283
2026-01-09,1236.4000244140625,1246.5,1221.5,1229.5999755859375,870444
2026-01-12,1227.0,1251.5,1223.199951171875,1236.199951171875,1078105
2026-01-13,1237.9000244140625,1244.800048828125,1229.300048828125,1239.4000244140625,774177
2026-01-14,1229.0,1239.0,1222.5999755859375,1226.9000244140625,785823
2026-01-15,1226.9000244140625,1226.9000244140625,1226.9000244140625,1226.9000244140625,0
2026-01-16,1235.0,1253.300048828125,1228.0999755859375,1236.9000244140625,895547
2026-01-19,1237.199951171875,1247.4000244140625,1227.5999755859375,1232.199951171875,488514
2026-01-20,1246.300048828125,1264.4000244140625,1228.800048828125,1234.300048828125,1806384
2026-01-21,1235.0,1247.0,1213.9000244140625,1222.5,396761
2026-01-22,1230.0999755859375,1249.9000244140625,1222.0999755859375,1246.0,1010238
2026-01-23,1253.5,1256.4000244140625,1235.5999755859375,1240.4000244140625,863131
2026-01-27,1229.0999755859375,1229.0999755859375,1117.0999755859375,1173.9000244140625,4434898
2026-01-28,1174.0,1175.5999755859375,1146.5,1171.800048828125,1360639
2026-01-29,1174.0,1174.0,1142.4000244140625,1155.300048828125,1814669
2026-01-30,1155.300048828125,1170.0,1146.5,1154.0999755859375,1816812
2026-02-02,1155.0,1173.300048828125,1132.199951171875,1170.0999755859375,1430428
2026-02-03,1183.699951171875,1187.0999755859375,1142.199951171875,1146.4000244140625,2098632
2026-02-04,1147.0,1158.0,1140.5,1155.699951171875,2605761
2026-02-05,1155.0,1173.9000244140625,1155.0,1170.199951171875,510890
2026-02-06,1173.0,1184.199951171875,1156.0,1181.800048828125,808406
2026-02-09,1182.5999755859375,1200.199951171875,1169.5999755859375,1197.699951171875,2516858
2026-02-10,1201.0,1209.199951171875,1183.0,1206.5999755859375,581843
2026-02-11,1206.5999755859375,1214.300048828125,1197.300048828125,1208.5999755859375,638925
2026-02-12,1208.5999755859375,1210.5999755859375,1192.300048828125,1204.300048828125,454443
2026-02-13,1196.0,1202.199951171875,1191.0,1195.4000244140625,827685
2026-02-16,1175.0,1220.0,1171.800048828125,1203.800048828125,1597137
2026-02-17,1203.800048828125,1218.4000244140625,1202.0,1214.800048828125,469230
2026-02-18,1218.0999755859375,1219.5,1200.0999755859375,1217.5999755859375,497543
2026-02-19,1220.0,1220.0,1184.0,1188.5999755859375,376142
2026-02-20,1188.5,1210.0,1184.0,1205.9000244140625,576360
2026-02-23,1206.0,1227.5,1202.0999755859375,1222.9000244140625,806171
2026-02-24,1226.800048828125,1237.9000244140625,1214.300048828125,1234.5999755859375,1187285
2026-02-25,1236.0999755859375,1240.199951171875,1229.0999755859375,1237.4000244140625,762999
2026-02-26,1240.300048828125,1240.4000244140625,1227.5999755859375,1239.199951171875,393454
2026-02-27,1238.9000244140625,1238.9000244140625,1213.199951171875,1217.5,1443913
2026-03-02,1190.0,1203.5999755859375,1161.699951171875,1176.0,1173402
2026-03-04,1152.9000244140625,1152.9000244140625,1122.699951171875,1137.5,1760408
2026-03-05,1139.800048828125,1145.0,1120.0999755859375,1132.4000244140625,1925968
2026-03-06,1132.4000244140625,1132.5,1114.0,1116.5999755859375,883212
2026-03-09,1100.0,1100.0,1068.300048828125,1080.300048828125,954053
2026-03-10,1111.5999755859375,1123.4000244140625,1092.5999755859375,1111.5999755859375,1489620
2026-03-11,1124.4000244140625,1124.4000244140625,1085.0,1091.4000244140625,466035
2026-03-12,1096.199951171875,1096.199951171875,1045.0999755859375,1052.300048828125,6037448
2026-03-13,1039.4000244140625,1055.9000244140625,1025.300048828125,1027.9000244140625,1967118
2026-03-16,1027.300048828125,1047.199951171875,1019.5,1041.0999755859375,2299410
2026-03-17,1049.0,1049.0,1029.4000244140625,1041.0999755859375,1198051
2026-03-18,1042.0,1061.800048828125,1037.4000244140625,1053.800048828125,1116339
2026-03-19,1030.0,1040.0,1019.5,1022.2000122070312,429295
2026-03-20,1029.0999755859375,1036.5,1012.9000244140625,1017.5999755859375,1344957
2026-03-23,1010.0,1012.0,988.0,1002.4000244140625,1771476
2026-03-24,1016.0,1027.800048828125,999.0999755859375,1006.9000244140625,1683089
2026-03-25,1017.0,1049.0,1006.5,1039.5999755859375,1999538
2026-03-27,1035.0,1036.0,1006.0,1008.7000122070312,2455222
2026-03-30,990.0,1005.0999755859375,981.2999877929688,984.7999877929688,2468801
2026-04-01,1010.0,1010.0,989.25,997.5499877929688,1426320
2026-04-02,992.0,1000.4000244140625,967.0499877929688,994.7999877929688,1737577
2026-04-06,999.0,1009.4500122070312,989.1500244140625,1001.9500122070312,1358923
2026-04-07,1007.0,1044.5999755859375,1002.4000244140625,1029.1500244140625,3823061
2026-04-08,1065.5999755859375,1093.800048828125,1065.5999755859375,1075.1500244140625,3314700
2026-04-09,1063.4000244140625,1079.9000244140625,1057.3499755859375,1063.3499755859375,1166333
2026-04-10,1051.300048828125,1082.1500244140625,1051.300048828125,1078.0999755859375,1236054
2026-04-13,1051.0,1073.0,1039.5,1059.9000244140625,1100920
2026-04-15,1069.949951171875,1093.550048828125,1069.949951171875,1085.5,1045491
2026-04-16,1090.0,1092.25,1074.6500244140625,1081.1500244140625,949254
2026-04-17,1080.0,1114.699951171875,1069.25,1109.4000244140625,1720077
2026-04-20,1115.0,1120.0,1100.1500244140625,1104.800048828125,1098054
2026-04-21,1112.949951171875,1130.800048828125,1101.050048828125,1125.050048828125,1862086
2026-04-22,1119.5999755859375,1147.800048828125,1116.9000244140625,1139.550048828125,1740658
2026-04-23,1139.0,1145.75,1120.300048828125,1142.949951171875,928509
2026-04-24,1143.199951171875,1148.0,1083.949951171875,1089.9000244140625,3822222
2026-04-27,1100.0,1104.550048828125,1083.949951171875,1089.25,556276
2026-04-28,1088.199951171875,1105.199951171875,1081.5,1092.0,807880
2026-04-29,1104.550048828125,1107.800048828125,1084.0,1090.050048828125,817956
2026-04-30,1085.0999755859375,1089.9000244140625,1043.050048828125,1067.0999755859375,1714183
2026-05-01,1067.0999755859375,1067.0999755859375,1067.0999755859375,1067.0999755859375,0
2026-05-04,1070.199951171875,1090.199951171875,1068.199951171875,1072.5,1005604
2026-05-05,1073.0,1110.199951171875,1065.4000244140625,1101.5,2095690
2026-05-06,1122.0,1122.0,1083.5,1094.0999755859375,1253944
2026-05-07,1064.699951171875,1064.699951171875,1034.0,1036.5999755859375,5882207
2026-05-08,1038.0999755859375,1049.800048828125,1026.9000244140625,1042.4000244140625,2088081
2026-05-11,1042.5,1045.0,1006.9000244140625,1010.9000244140625,2528381
2026-05-12,1011.0999755859375,1045.9000244140625,1005.2999877929688,1030.199951171875,2855474
2026-05-13,1033.0,1043.800048828125,1014.9000244140625,1030.5,1588346
2026-05-14,1038.0,1038.0,1015.7000122070312,1033.300048828125,1836948
2026-05-15,1033.300048828125,1046.9000244140625,1027.9000244140625,1039.199951171875,1585449
2026-05-18,1035.5,1035.5,1001.5,1014.4000244140625,2367584
2026-05-19,1025.0,1036.199951171875,1019.2000122070312,1022.0,1636935
2026-05-20,1016.5999755859375,1025.199951171875,1006.0,1022.9000244140625,2356818
2026-05-21,1029.0,1032.699951171875,1012.0999755859375,1017.2999877929688,1956260
2026-05-22,1023.7999877929688,1030.0,1006.0,1027.5,1905091
2026-05-25,1040.9000244140625,1042.800048828125,1012.2999877929688,1020.4000244140625,3432340
2026-05-26,1018.0,1035.0,1016.0999755859375,1031.800048828125,1170017
2026-05-27,1027.0,1048.9000244140625,1023.5,1044.4000244140625,1227520
2026-05-28,1044.4000244140625,1044.4000244140625,1044.4000244140625,1044.4000244140625,0
2026-05-29,1044.9000244140625,1053.5999755859375,1024.0999755859375,1029.300048828125,3721352
2026-06-01,1036.300048828125,1036.300048828125,1006.2999877929688,1009.0,1859110
2026-06-02,998.5,1004.7000122070312,975.9000244140625,999.0999755859375,3217912
2026-06-03,999.2000122070312,1003.7999877929688,975.4000244140625,986.5,1265930
2026-06-04,980.5,1002.7000122070312,980.5,995.4000244140625,1081172
2026-06-05,1002.5,1002.5,985.5,998.0,645131
2026-06-08,986.0999755859375,1001.4000244140625,980.7999877929688,997.0,630285
2026-06-09,998.2000122070312,1016.2999877929688,995.5999755859375,1013.2000122070312,975781
2026-06-10,1018.0,1039.5,1010.0999755859375,1027.5999755859375,1601364
2026-06-11,1028.0,1028.0,1005.7999877929688,1008.9000244140625,525095
2026-06-12,1020.0,1037.699951171875,1013.0,1033.300048828125,985452
2026-06-15,1043.300048828125,1056.800048828125,1030.800048828125,1036.800048828125,1235465
2026-06-16,1038.5999755859375,1053.0,1023.7000122070312,1034.5,1049319
2026-06-17,1040.0,1041.300048828125,1015.0999755859375,1020.0,613139
2026-06-18,1020.0,1024.4000244140625,1005.0,1009.2000122070312,1196457
2026-06-19,1009.5999755859375,1014.5999755859375,994.7000122070312,1000.5999755859375,1412000
2026-06-22,1001.7999877929688,1021.2999877929688,1001.7999877929688,1019.5,1011588
2026-06-23,1019.0,1025.0,1010.4000244140625,1020.7000122070312,502034
2026-06-24,1024.0,1037.0,1016.9000244140625,1020.5,695634
2026-06-25,1021.0,1038.0,1020.0,1034.5999755859375,946405
2026-06-26,1034.5999755859375,1034.5999755859375,1034.5999755859375,1034.5999755859375,0
2026-06-29,1039.0,1044.5,1017.0,1021.9000244140625,783299
2026-06-30,1022.0,1027.199951171875,1006.5,1010.0,1035474
2026-07-01,1017.0,1045.0,1013.9000244140625,1043.5999755859375,1550546
2026-07-02,1050.0,1081.699951171875,1043.0,1077.199951171875,1748748
2026-07-03,1079.0,1098.5,1071.0999755859375,1076.9000244140625,520681
2026-07-06,1095.0,1118.0,1081.9000244140625,1100.5999755859375,3208588
2026-07-07,1100.5999755859375,1106.5999755859375,1087.4000244140625,1097.199951171875,723010
2026-07-08,1090.0,1100.0,1066.5999755859375,1075.199951171875,1018716
2026-07-09,1070.0,1096.800048828125,1066.800048828125,1087.4000244140625,346180
2026-07-10,1090.0,1099.4000244140625,1084.300048828125,1088.4000244140625,257565
2026-07-13,1076.800048828125,1079.699951171875,1067.199951171875,1068.699951171875,468745
2026-07-14,1047.5999755859375,1072.300048828125,1040.5,1061.5999755859375,668384
2026-07-15,1061.5999755859375,1065.0,1049.4000244140625,1052.699951171875,600220
2026-07-16,1058.9000244140625,1068.0,1051.9000244140625,1057.699951171875,384375
2026-07-17,1057.699951171875,1075.300048828125,1051.0,1071.9000244140625,328585
2026-07-20,1068.300048828125,1069.5,1055.800048828125,1064.800048828125,190080
2026-07-21,1064.9000244140625,1069.0,1038.0,1054.199951171875,474971
2026-07-22,1061.800048828125,1072.0,1040.0,1068.800048828125,523442
2026-07-23,1068.0999755859375,1082.699951171875,1053.0999755859375,,502429
