date,open,high,low,close,volume
2019-07-23,1095.0,1102.3499755859375,1065.550048828125,1072.125,780098
2019-07-24,1069.0,1105.9000244140625,1025.0,1032.199951171875,1854178
2019-07-25,1035.0,1067.0,1032.5999755859375,1045.574951171875,842452
2019-07-26,1046.0,1104.0,1044.574951171875,1097.675048828125,1035756
2019-07-29,1106.6500244140625,1109.824951171875,1070.625,1087.300048828125,516720
2019-07-30,1090.375,1118.699951171875,1056.0,1067.5999755859375,751242
2019-07-31,1060.5,1087.25,1047.0250244140625,1074.5999755859375,612150
2019-08-01,1080.0250244140625,1093.699951171875,1064.0,1068.199951171875,606146
2019-08-02,1056.0999755859375,1092.449951171875,1052.5,1076.5250244140625,616080
2019-08-05,1066.5,1070.0,1022.7000122070312,1027.9000244140625,850604
2019-08-06,1027.5,1056.5,1027.5,1038.7750244140625,576242
2019-08-07,1037.7750244140625,1087.4749755859375,1037.7750244140625,1061.175048828125,935622
2019-08-08,1069.3499755859375,1094.7249755859375,1066.0,1081.6500244140625,485046
2019-08-09,1090.0,1118.300048828125,1086.0,1114.2750244140625,1063420
2019-08-13,1119.5,1130.5,1100.0,1109.125,462878
2019-08-14,1114.5,1124.9749755859375,1091.699951171875,1100.25,510874
2019-08-16,1100.1500244140625,1134.5,1095.550048828125,1130.9000244140625,532060
2019-08-19,1137.949951171875,1167.449951171875,1137.2249755859375,1147.6500244140625,690376
2019-08-20,1158.199951171875,1158.199951171875,1131.0,1135.9000244140625,331780
2019-08-21,1137.824951171875,1139.5999755859375,1096.9000244140625,1100.375,586530
2019-08-22,1099.5,1099.800048828125,1062.949951171875,1069.0999755859375,465466
2019-08-23,1062.6500244140625,1093.925048828125,1037.550048828125,1087.8499755859375,741750
2019-08-26,1119.0,1126.0,1094.800048828125,1121.550048828125,519148
2019-08-27,1135.0,1211.0,1132.5,1205.7750244140625,2055956
2019-08-28,1204.0,1239.4000244140625,1182.0,1200.074951171875,1680712
2019-08-29,1200.0,1227.0,1185.0,1216.25,788996
2019-08-30,1220.324951171875,1296.949951171875,1220.324951171875,1276.0999755859375,1755444
2019-09-03,1287.5,1349.5,1281.550048828125,1326.1500244140625,3194988
2019-09-04,1320.0,1321.5,1280.050048828125,1286.9749755859375,1469136
2019-09-05,1297.5,1328.800048828125,1291.5,1302.300048828125,2023522
2019-09-06,1312.5,1321.925048828125,1298.050048828125,1305.625,502624
2019-09-09,1310.5,1326.050048828125,1303.675048828125,1323.3499755859375,672222
2019-09-11,1335.7249755859375,1344.5,1326.0,1328.875,633272
2019-09-12,1332.1500244140625,1349.0,1312.449951171875,1332.175048828125,519620
2019-09-13,1340.0,1342.425048828125,1321.4000244140625,1332.5999755859375,310498
2019-09-16,1332.4749755859375,1339.949951171875,1309.425048828125,1328.4000244140625,511480
2019-09-17,1322.5,1352.5,1275.0,1286.7750244140625,633936
2019-09-18,1294.800048828125,1329.0,1287.9749755859375,1321.050048828125,473286
2019-09-19,1326.875,1333.8499755859375,1291.8499755859375,1303.800048828125,336784
2019-09-20,1315.0,1416.0,1288.550048828125,1396.9000244140625,1317434
2019-09-23,1435.5,1487.5,1435.5,1478.375,1043540
2019-09-24,1471.0,1472.5,1451.4749755859375,1464.9749755859375,807702
2019-09-25,1461.0,1461.0,1425.0,1433.0,377828
2019-09-26,1436.8499755859375,1459.0,1415.0,1424.199951171875,598778
2019-09-27,1427.550048828125,1439.0,1388.8499755859375,1402.0,475822
2019-09-30,1400.0,1419.574951171875,1393.5,1400.8499755859375,381722
2019-10-01,1409.5,1413.75,1353.0,1372.324951171875,457960
2019-10-03,1360.0,1375.0,1325.0250244140625,1353.050048828125,370906
2019-10-04,1353.0,1361.3499755859375,1328.5,1338.5,491728
2019-10-07,1338.5,1378.0,1317.800048828125,1345.875,732754
2019-10-09,1357.5,1399.0999755859375,1342.550048828125,1354.175048828125,1030532
2019-10-10,1356.449951171875,1380.449951171875,1355.0,1361.7750244140625,586358
2019-10-11,1370.0,1374.949951171875,1355.0250244140625,1363.0,314588
2019-10-14,1371.5,1379.0,1361.875,1366.5999755859375,457682
2019-10-15,1365.0,1372.0,1350.800048828125,1352.5,468690
2019-10-16,1360.5,1364.8499755859375,1355.5,1360.25,430024
2019-10-17,1364.0,1367.574951171875,1354.699951171875,1358.625,357916
2019-10-18,1363.9749755859375,1463.925048828125,1335.5,1441.324951171875,2598026
2019-10-22,1445.0,1537.3499755859375,1442.25,1510.300048828125,1613690
2019-10-23,1515.5,1559.0,1475.5,1543.0250244140625,1060428
2019-10-24,1565.0,1569.5,1492.5,1500.300048828125,919446
2019-10-25,1500.0,1501.0250244140625,1441.0,1449.2750244140625,906548
2019-10-27,1469.4749755859375,1544.9749755859375,1463.175048828125,1528.3499755859375,690910
2019-10-29,1534.0,1534.0,1495.5,1506.1500244140625,847852
2019-10-30,1505.050048828125,1524.9749755859375,1487.550048828125,1492.925048828125,659420
2019-10-31,1504.5,1507.25,1485.0,1497.1500244140625,493682
2019-11-01,1502.5,1502.5,1480.6500244140625,1485.050048828125,403432
2019-11-04,1492.5,1492.5,1464.5,1473.4749755859375,460034
2019-11-05,1477.5,1536.25,1468.0250244140625,1504.1500244140625,2443486
2019-11-06,1503.875,1506.425048828125,1462.2249755859375,1466.9749755859375,1472294
2019-11-07,1476.0,1519.5,1446.1500244140625,1508.375,2544660
2019-11-08,1517.5,1624.449951171875,1509.0,1595.7750244140625,4525822
2019-11-11,1602.5,1680.0,1599.9749755859375,1673.4000244140625,2827102
2019-11-13,1692.5,1825.0,1688.0250244140625,1797.9749755859375,3532352
2019-11-14,1849.0,1887.0,1768.5250244140625,1802.0,3170720
2019-11-15,1812.5,1819.949951171875,1741.550048828125,1749.25,1850508
2019-11-18,1748.0,1748.5,1717.550048828125,1723.5999755859375,1045884
2019-11-19,1732.0,1802.0,1730.5,1792.0,1655346
2019-11-20,1809.0,1826.675048828125,1787.5,1813.0250244140625,1214150
2019-11-21,1823.300048828125,1898.25,1823.300048828125,1884.875,2326514
2019-11-22,1893.25,1922.0,1841.074951171875,1853.9000244140625,1860228
2019-11-25,1847.5,1847.5,1783.0,1794.300048828125,1322802
2019-11-26,1812.5,1844.8499755859375,1720.0,1789.425048828125,14346580
2019-11-27,1835.0,1845.0,1802.199951171875,1822.0,1315316
2019-11-28,1812.5,1844.5,1808.0999755859375,1830.2750244140625,911276
2019-11-29,1830.300048828125,1841.0,1762.5,1768.4749755859375,1366324
2019-12-02,1767.5,1774.5,1682.5,1701.2750244140625,1708360
2019-12-03,1694.5,1744.0,1685.0,1721.4000244140625,1798590
2019-12-04,1674.5,1712.5,1637.0,1670.875,3710998
2019-12-05,1587.4000244140625,1623.8499755859375,1585.5250244140625,1600.5999755859375,6213760
2019-12-06,1612.5,1632.449951171875,1587.5999755859375,1591.175048828125,2565862
2019-12-09,1599.1500244140625,1606.9000244140625,1477.8499755859375,1492.0999755859375,3811990
2019-12-10,1483.0,1515.0,1417.0,1445.050048828125,6681080
2019-12-11,1460.0,1523.5,1447.5250244140625,1513.425048828125,3863736
2019-12-12,1542.0,1549.5,1516.199951171875,1530.5999755859375,2068694
2019-12-13,1539.0,1569.0,1535.050048828125,1563.0250244140625,1585838
2019-12-16,1568.5,1583.425048828125,1563.25,1570.375,998370
2019-12-17,1582.5,1584.0,1546.625,1576.6500244140625,1334534
2019-12-18,1582.449951171875,1582.449951171875,1562.75,1572.800048828125,875900
2019-12-19,1572.5,1580.0,1565.0,1571.175048828125,664924
2019-12-20,1579.0,1629.949951171875,1574.300048828125,1623.8499755859375,2109998
2019-12-23,1625.0,1635.0,1601.0,1613.074951171875,1069198
2019-12-24,1613.0,1622.0,1600.824951171875,1605.5999755859375,567850
2019-12-26,1610.0,1615.0,1590.0999755859375,1610.7249755859375,707094
2019-12-27,1620.0,1641.0,1602.0,1616.824951171875,1368650
2019-12-30,1616.800048828125,1634.0,1610.0,1616.699951171875,541272
2019-12-31,1617.5,1618.875,1592.5,1599.8499755859375,642638
2020-01-01,1599.0250244140625,1607.4749755859375,1584.25,1588.699951171875,435310
2020-01-02,1585.625,1606.0,1580.324951171875,1585.9000244140625,644782
2020-01-03,1585.0,1609.2249755859375,1582.5999755859375,1595.1500244140625,684400
2020-01-06,1581.4000244140625,1583.9749755859375,1518.0250244140625,1531.824951171875,1206376
2020-01-07,1541.0,1575.0,1538.0,1547.4749755859375,764634
2020-01-08,1512.5999755859375,1554.5,1501.125,1550.699951171875,745164
2020-01-09,1574.2249755859375,1587.5,1557.5,1565.7249755859375,567604
2020-01-10,1563.0,1567.5,1535.5,1539.699951171875,728918
2020-01-13,1545.0,1555.0,1527.5,1531.050048828125,643896
2020-01-14,1537.5,1577.0,1531.824951171875,1571.050048828125,933256
2020-01-15,1577.0,1605.5,1572.5250244140625,1602.074951171875,733022
2020-01-16,1611.0,1629.875,1608.800048828125,1622.4000244140625,742112
2020-01-17,1628.949951171875,1635.199951171875,1620.5250244140625,1631.625,486016
2020-01-20,1639.800048828125,1642.5,1601.699951171875,1622.5,520502
2020-01-21,1614.0,1620.0,1586.0,1589.7249755859375,724472
2020-01-22,1605.0,1631.0,1570.0,1588.875,1320400
2020-01-23,1585.699951171875,1620.0,1585.699951171875,1611.675048828125,871544
2020-01-24,1612.5,1622.175048828125,1597.0,1604.75,1010980
2020-01-27,1599.449951171875,1602.0,1581.4000244140625,1589.7750244140625,345716
2020-01-28,1595.0,1609.9000244140625,1589.0,1596.5,524968
2020-01-29,1599.8499755859375,1602.5,1581.5,1588.824951171875,266558
2020-01-30,1590.5,1600.5,1577.425048828125,1594.800048828125,449614
2020-01-31,1590.0,1597.0,1580.0,1587.0999755859375,392250
2020-02-03,1500.0,1545.9749755859375,1496.25,1537.5999755859375,635012
2020-02-04,1545.300048828125,1605.800048828125,1545.300048828125,1592.949951171875,748718
2020-02-05,1602.4000244140625,1615.0,1587.5,1594.9000244140625,724240
2020-02-06,1602.5,1667.5,1582.800048828125,1659.050048828125,1932304
2020-02-07,1672.5,1689.0999755859375,1646.574951171875,1656.949951171875,1194750
2020-02-10,1660.0,1668.949951171875,1639.375,1651.25,546502
2020-02-11,1665.0,1709.0,1657.7750244140625,1662.074951171875,1194614
2020-02-12,1668.4000244140625,1691.675048828125,1665.0,1678.949951171875,614000
2020-02-13,1680.0,1684.9749755859375,1659.0,1673.324951171875,413392
2020-02-14,1681.699951171875,1689.0,1659.0,1663.5,414046
2020-02-17,1663.5,1667.824951171875,1604.375,1622.1500244140625,344906
2020-02-18,1622.5,1623.0,1591.0,1610.324951171875,397028
2020-02-19,1618.0,1687.5,1618.0,1679.1500244140625,1007270
2020-02-20,1686.0,1723.300048828125,1672.5,1691.9000244140625,986198
2020-02-24,1680.0,1694.9749755859375,1631.050048828125,1639.125,550278
2020-02-25,1649.0,1672.5,1626.1500244140625,1632.25,442664
2020-02-26,1625.0,1657.5,1612.5,1636.875,791892
2020-02-27,1631.5,1632.5,1593.5,1623.324951171875,556550
2020-02-28,1575.0,1589.4749755859375,1550.0,1570.699951171875,827372
2020-03-02,1605.0,1610.0,1509.5250244140625,1525.6500244140625,887300
2020-03-03,1528.0,1551.0,1513.425048828125,1531.050048828125,571364
2020-03-04,1540.0,1540.0,1497.5,1508.625,632772
2020-03-05,1515.0,1546.199951171875,1508.8499755859375,1525.875,540190
2020-03-06,1450.0,1499.5,1435.0,1486.699951171875,753686
2020-03-09,1450.0,1469.949951171875,1388.375,1424.375,934290
2020-03-11,1430.050048828125,1481.2249755859375,1413.0,1460.9749755859375,770654
2020-03-12,1410.0,1410.0,1217.75,1238.6500244140625,1567024
2020-03-13,1083.0,1399.5,1001.0499877929688,1340.4749755859375,2160320
2020-03-16,1275.0,1340.0,1213.1500244140625,1258.675048828125,975546
2020-03-17,1277.5,1312.0,1205.0,1221.0,989316
2020-03-18,1214.9749755859375,1250.0,1105.7750244140625,1152.8499755859375,1975930
2020-03-19,1094.5250244140625,1160.0,1035.0,1149.7249755859375,1509390
2020-03-20,1156.5,1266.5,1136.1500244140625,1211.8499755859375,1424312
2020-03-23,1025.0,1150.0,1025.0,1055.824951171875,1199458
2020-03-24,1095.449951171875,1126.9749755859375,1000.0,1013.0750122070312,1273648
2020-03-25,1013.0,1065.0,981.0,1019.4749755859375,1324476
2020-03-26,1044.5,1125.0,1025.0,1072.5250244140625,1637272
2020-03-27,1122.5250244140625,1124.9749755859375,1035.0,1041.7249755859375,1353664
2020-03-30,1005.0,1041.375,985.0,1024.550048828125,885944
2020-03-31,1052.5,1069.0,1025.7249755859375,1056.4000244140625,931912
2020-04-01,1062.5,1110.0,1057.5,1092.875,837376
2020-04-03,1095.0,1112.0,1067.5,1088.574951171875,1040512
2020-04-07,1125.0,1127.5,1090.824951171875,1121.5250244140625,1353690
2020-04-08,1109.5,1220.0,1107.0250244140625,1159.375,1201942
2020-04-09,1185.0,1242.5,1176.5999755859375,1223.625,737348
2020-04-13,1225.0,1292.0,1181.0,1272.7750244140625,1038660
2020-04-15,1292.699951171875,1354.75,1292.699951171875,1308.050048828125,1186806
2020-04-16,1315.0,1340.0,1281.074951171875,1300.25,778262
2020-04-17,1339.5,1365.0,1325.0,1338.4749755859375,613378
2020-04-20,1350.0,1410.0,1350.0,1396.425048828125,728348
2020-04-21,1357.5,1365.0,1305.0,1313.199951171875,959784
2020-04-22,1299.0,1323.0,1287.5,1313.125,813344
2020-04-23,1313.449951171875,1335.574951171875,1287.75,1295.5999755859375,592220
2020-04-24,1255.5,1259.5,1181.2750244140625,1213.875,1245544
2020-04-27,1208.0,1310.074951171875,1050.0,1276.7249755859375,2263050
2020-04-28,1292.5,1319.0,1241.800048828125,1248.324951171875,828830
2020-04-29,1257.0,1274.675048828125,1230.0,1255.75,833898
2020-04-30,1277.5,1287.949951171875,1253.0,1265.375,919802
2020-05-04,1207.5,1287.0,1205.0250244140625,1277.4000244140625,1297208
2020-05-05,1299.5,1299.5,1255.5,1264.175048828125,514736
2020-05-06,1272.4749755859375,1300.0,1251.5,1295.7750244140625,463972
2020-05-07,1285.0250244140625,1327.5,1285.0250244140625,1318.175048828125,471472
2020-05-08,1325.0999755859375,1350.0,1279.25,1309.625,793112
2020-05-11,1262.5,1322.9749755859375,1250.6500244140625,1271.375,934428
2020-05-12,1279.0,1279.9749755859375,1237.0250244140625,1266.425048828125,537822
2020-05-13,1303.0,1330.0,1265.0,1273.824951171875,444746
2020-05-14,1274.9000244140625,1274.9000244140625,1245.2249755859375,1250.625,300166
2020-05-15,1250.5,1279.4749755859375,1228.0,1263.9000244140625,583004
2020-05-18,1265.0,1280.0,1236.0,1244.050048828125,501564
2020-05-19,1256.0,1262.5,1237.5,1245.1500244140625,245210
2020-05-20,1247.0,1255.0,1220.0,1237.6500244140625,406106
2020-05-21,1247.5,1248.0,1225.0,1229.4000244140625,308232
2020-05-22,1227.5,1237.5,1207.5,1219.2750244140625,252564
2020-05-26,1225.0,1235.800048828125,1216.0,1220.699951171875,196722
2020-05-27,1220.0,1235.0,1196.199951171875,1225.425048828125,319666
2020-05-28,1220.5,1262.074951171875,1220.5,1250.4000244140625,464354
2020-05-29,1240.0,1270.0,1221.0250244140625,1262.199951171875,584366
2020-06-01,1286.550048828125,1343.5,1276.300048828125,1327.199951171875,857906
2020-06-02,1337.5,1348.550048828125,1320.0,1331.324951171875,497416
2020-06-03,1337.4000244140625,1342.0,1312.5,1321.8499755859375,552900
2020-06-04,1320.0,1378.925048828125,1305.050048828125,1371.7750244140625,1493002
2020-06-05,1380.050048828125,1389.7249755859375,1334.3499755859375,1364.9000244140625,405030
2020-06-08,1385.0,1386.675048828125,1337.0,1342.574951171875,538454
2020-06-09,1342.5,1342.5,1310.0,1317.199951171875,647222
2020-06-10,1315.0,1327.449951171875,1299.0,1307.324951171875,405584
2020-06-11,1307.625,1330.0,1301.5250244140625,1320.0,474510
2020-06-12,1265.5,1337.5,1265.5,1330.5999755859375,528684
2020-06-15,1330.5999755859375,1340.9749755859375,1294.0,1302.8499755859375,551560
2020-06-16,1300.0,1310.9749755859375,1266.25,1269.9749755859375,1316940
2020-06-17,1228.050048828125,1244.9749755859375,1202.75,1207.9749755859375,4782738
2020-06-18,1202.25,1219.449951171875,1201.074951171875,1212.7750244140625,3263016
2020-06-19,1209.9000244140625,1230.0,1205.125,1222.3499755859375,2049524
2020-06-22,1232.0,1255.5,1225.0,1230.375,2133190
2020-06-23,1245.0,1277.0,1236.0,1252.5250244140625,2232468
2020-06-24,1263.0,1270.4000244140625,1220.0,1223.6500244140625,1304814
2020-06-25,1220.0,1234.4000244140625,1212.425048828125,1224.199951171875,711906
2020-06-26,1235.0,1251.6500244140625,1225.0,1244.050048828125,923740
2020-06-29,1237.0,1249.5,1225.0,1241.4000244140625,698992
2020-06-30,1244.0,1248.25,1233.5250244140625,1241.675048828125,776516
2020-07-01,1242.449951171875,1248.0,1232.5,1238.074951171875,490714
2020-07-02,1249.5,1264.5,1242.5,1258.2249755859375,856232
2020-07-03,1264.0,1280.5,1250.0,1271.9749755859375,856054
2020-07-06,1284.0,1309.4000244140625,1276.9000244140625,1295.1500244140625,1006900
2020-07-07,1300.0,1313.2750244140625,1300.0,1309.5999755859375,843630
2020-07-08,1313.0,1316.0,1275.0,1278.5,706854
2020-07-09,1272.5,1275.875,1238.550048828125,1244.375,886536
2020-07-10,1244.0,1249.0,1223.5,1229.324951171875,601996
2020-07-13,1236.0,1239.375,1209.1500244140625,1222.8499755859375,598242
2020-07-14,1227.4000244140625,1231.0,1210.25,1220.6500244140625,760474
2020-07-15,1247.0,1250.2750244140625,1192.625,1213.7750244140625,2723434
2020-07-16,1206.925048828125,1227.5,1195.2750244140625,1224.675048828125,764158
2020-07-17,1228.5,1242.5,1213.0999755859375,1236.550048828125,744042
2020-07-20,1242.199951171875,1242.875,1221.0,1231.375,722756
2020-07-21,1235.4000244140625,1261.0,1234.050048828125,1256.25,993052
2020-07-22,1262.5,1264.5,1241.574951171875,1252.5999755859375,616386
2020-07-23,1255.0,1263.5,1237.6500244140625,1247.324951171875,1005716
2020-07-24,1240.0,1244.75,1225.5,1232.625,598622
2020-07-27,1229.949951171875,1231.2249755859375,1205.5,1208.75,676910
2020-07-28,1210.5,1220.0,1195.5,1203.175048828125,749620
2020-07-29,1193.5999755859375,1212.0,1190.0,1192.875,1366496
2020-07-30,1202.5,1210.0,1192.5250244140625,1205.875,618712
2020-07-31,1205.875,1214.0,1193.8499755859375,1209.824951171875,435992
2020-08-03,1210.0,1218.5,1197.550048828125,1213.050048828125,567076
2020-08-04,1218.0,1219.5,1203.0,1215.050048828125,462814
2020-08-05,1217.5,1220.050048828125,1192.5,1193.4749755859375,1080106
2020-08-06,1200.0,1201.9000244140625,1184.0250244140625,1189.800048828125,656096
2020-08-07,1190.449951171875,1192.0,1176.125,1184.5,729110
2020-08-10,1192.0,1197.5,1180.5,1181.949951171875,956274
2020-08-11,1180.6500244140625,1189.0,1168.5,1171.0999755859375,846894
2020-08-12,1171.4749755859375,1173.4749755859375,1162.7750244140625,1165.0,744580
2020-08-13,1170.0,1176.9749755859375,1159.0250244140625,1163.7249755859375,676328
2020-08-14,1170.5,1187.300048828125,1162.4000244140625,1172.800048828125,881740
2020-08-17,1182.5,1191.4749755859375,1166.1500244140625,1187.125,500752
2020-08-18,1192.5,1210.199951171875,1188.0250244140625,1207.125,668544
2020-08-19,1212.4749755859375,1221.0,1198.0,1215.4000244140625,711692
2020-08-20,1205.0250244140625,1209.5,1192.5,1200.0,516794
2020-08-21,1205.0,1207.5,1194.5,1199.800048828125,538470
2020-08-24,1200.0,1249.449951171875,1200.0,1237.7750244140625,1623662
2020-08-25,1250.0,1257.5,1230.5,1245.4749755859375,847554
2020-08-26,1246.0,1249.0,1218.0,1235.5,678020
2020-08-27,1242.0,1254.5,1230.074951171875,1249.7249755859375,669846
2020-08-28,1257.5,1261.050048828125,1237.5,1250.625,647670
2020-08-31,1262.5,1264.5,1195.199951171875,1205.449951171875,1064630
2020-09-01,1207.5,1217.5,1190.9749755859375,1208.7750244140625,402732
2020-09-02,1210.5,1220.0,1200.5,1214.2249755859375,340300
2020-09-03,1219.949951171875,1244.050048828125,1215.25,1236.199951171875,341794
2020-09-04,1203.8499755859375,1220.0,1195.0,1208.4000244140625,484090
2020-09-07,1207.0,1217.324951171875,1200.25,1211.1500244140625,203702
2020-09-08,1214.9749755859375,1214.9749755859375,1201.9000244140625,1212.5999755859375,265548
2020-09-09,1196.0,1200.0,1178.5,1185.375,717074
2020-09-10,1197.449951171875,1207.4000244140625,1190.0,1199.675048828125,504610
2020-09-11,1194.5,1203.9749755859375,1181.5,1184.125,562734
2020-09-14,1186.0,1195.0,1167.5,1175.0,665416
2020-09-15,1175.0,1182.0,1151.5250244140625,1153.6500244140625,861980
2020-09-16,1162.0,1162.0,1144.0,1145.5999755859375,1109254
2020-09-17,1142.574951171875,1166.5,1125.5,1129.824951171875,978346
2020-09-18,1137.0,1137.4749755859375,1090.5,1107.7249755859375,1782336
2020-09-21,1099.949951171875,1104.0,1079.5,1082.2750244140625,980186
2020-09-22,1080.0,1081.5,1061.0,1076.425048828125,1026790
2020-09-23,1085.0,1125.4749755859375,1066.074951171875,1071.550048828125,973240
2020-09-24,1069.0,1069.2249755859375,1050.050048828125,1051.625,981212
2020-09-25,1062.5,1065.5,1035.0250244140625,1055.375,747566
2020-09-28,1063.875,1140.0,1063.875,1125.7750244140625,906508
2020-09-29,1149.5,1160.0,1105.0,1127.425048828125,899970
2020-09-30,1137.0,1146.0999755859375,1110.5,1134.925048828125,582560
2020-10-01,1142.0,1142.0,1124.0,1137.550048828125,382270
2020-10-05,1150.0,1161.5,1135.0,1150.2750244140625,464344
2020-10-06,1154.4749755859375,1162.949951171875,1144.5,1159.2750244140625,327710
2020-10-07,1159.5,1172.25,1145.699951171875,1163.9000244140625,461148
2020-10-08,1169.7750244140625,1178.0,1160.5,1173.75,362186
2020-10-09,1173.3499755859375,1187.0999755859375,1165.0999755859375,1183.9000244140625,409286
2020-10-12,1187.3499755859375,1187.3499755859375,1141.074951171875,1151.5999755859375,470332
2020-10-13,1142.5,1146.8499755859375,1129.0,1142.449951171875,333058
2020-10-14,1146.0,1166.5,1133.0250244140625,1162.050048828125,654840
2020-10-15,1162.0,1162.75,1135.050048828125,1137.824951171875,466228
2020-10-16,1142.5,1149.949951171875,1130.324951171875,1142.199951171875,232844
2020-10-19,1145.5,1167.5,1142.550048828125,1164.4749755859375,570064
2020-10-20,1164.949951171875,1177.0,1154.5,1173.7750244140625,305436
2020-10-21,1176.4000244140625,1177.5,1159.5999755859375,1168.4000244140625,323252
2020-10-22,1171.0,1181.3499755859375,1156.2249755859375,1178.550048828125,243758
2020-10-23,1162.5,1178.25,1148.0250244140625,1154.449951171875,663134
2020-10-26,1154.0,1155.0,1137.550048828125,1152.574951171875,299096
2020-10-27,1145.0,1165.0,1133.0,1147.699951171875,642286
2020-10-28,1150.5,1152.4749755859375,1135.0,1141.125,282252
2020-10-29,1130.0,1137.925048828125,1118.5250244140625,1131.175048828125,607486
2020-10-30,1131.175048828125,1136.199951171875,1122.5,1125.0999755859375,352650
2020-11-02,1127.0,1134.0,1112.949951171875,1125.75,300112
2020-11-03,1125.9749755859375,1135.0,1123.0,1128.25,223436
2020-11-04,1138.9000244140625,1140.0,1118.300048828125,1132.1500244140625,274204
2020-11-05,1139.5,1159.875,1132.175048828125,1156.199951171875,335636
2020-11-06,1161.5,1192.5,1156.5250244140625,1188.625,586940
2020-11-09,1200.0,1259.0,1199.0,1254.3499755859375,2007948
2020-11-10,1262.5,1262.5,1203.5250244140625,1223.875,877160
2020-11-11,1225.0250244140625,1248.375,1205.75,1221.875,611412
2020-11-12,1221.875,1231.5,1207.6500244140625,1217.925048828125,414116
2020-11-13,1207.5,1217.5,1200.0250244140625,1202.074951171875,304828
2020-11-14,1218.5,1229.949951171875,1209.0,1225.824951171875,169310
2020-11-17,1255.0,1262.199951171875,1240.0,1252.449951171875,1115420
2020-11-18,1250.0,1250.0,1230.5,1234.5999755859375,495538
2020-11-19,1229.5,1232.175048828125,1205.0,1212.375,425482
2020-11-20,1217.300048828125,1220.0,1200.0250244140625,1204.824951171875,302264
2020-11-23,1219.5,1238.0,1207.5,1213.925048828125,576768
2020-11-24,1225.5,1241.5,1215.0,1236.125,512604
2020-11-25,1240.0,1284.2249755859375,1240.0,1256.699951171875,2326142
2020-11-26,1265.0,1277.449951171875,1252.9749755859375,1274.3499755859375,759828
2020-11-27,1279.0,1288.550048828125,1250.0,1269.4000244140625,1139782
2020-12-01,1274.5,1274.675048828125,1250.0,1255.7249755859375,747448
2020-12-02,1257.5,1294.5,1255.7750244140625,1277.5250244140625,1029372
2020-12-03,1279.9749755859375,1289.0,1272.0250244140625,1282.949951171875,494840
2020-12-04,1287.925048828125,1305.6500244140625,1277.5250244140625,1295.574951171875,706354
2020-12-07,1305.8499755859375,1361.1500244140625,1300.0,1355.5,1541020
2020-12-08,1367.5,1422.5,1365.0,1414.699951171875,2673668
2020-12-09,1414.699951171875,1431.7249755859375,1388.0,1405.9749755859375,990282
2020-12-10,1406.5,1424.0,1378.0,1419.574951171875,853064
2020-12-11,1419.574951171875,1444.0,1390.0,1419.300048828125,741332
2020-12-14,1424.5,1426.0,1402.074951171875,1420.9000244140625,409326
2020-12-15,1419.5,1419.5,1390.0,1395.4000244140625,486138
2020-12-16,1411.4749755859375,1437.875,1402.5,1431.3499755859375,1017274
2020-12-17,1431.0,1431.3499755859375,1411.0250244140625,1419.125,327700
2020-12-18,1439.5,1449.5,1419.0,1431.0,880222
2020-12-21,1430.949951171875,1475.0,1350.0,1392.675048828125,1599608
2020-12-22,1393.0,1452.9749755859375,1339.0,1440.5250244140625,1226046
2020-12-23,1440.0,1491.4000244140625,1427.625,1469.4749755859375,1528720
2020-12-24,1485.0,1495.0,1440.0,1445.7249755859375,795240
2020-12-28,1462.0,1466.9749755859375,1440.5250244140625,1447.4000244140625,452342
2020-12-29,1457.4000244140625,1461.699951171875,1438.25,1453.75,457756
2020-12-30,1462.4000244140625,1463.5,1438.050048828125,1454.3499755859375,474702
2020-12-31,1454.0,1464.425048828125,1449.550048828125,1459.0,423120
2021-01-01,1468.824951171875,1507.5,1467.5,1499.0250244140625,1450678
2021-01-04,1507.9749755859375,1516.8499755859375,1485.199951171875,1512.824951171875,684088
2021-01-05,1500.0,1560.0,1493.9749755859375,1545.9749755859375,857026
2021-01-06,1559.550048828125,1569.4749755859375,1526.25,1549.9000244140625,733380
2021-01-07,1559.875,1561.449951171875,1514.0999755859375,1531.574951171875,669854
2021-01-08,1531.5,1572.5,1526.574951171875,1568.925048828125,936812
2021-01-11,1575.0,1597.9749755859375,1568.925048828125,1591.2249755859375,677092
2021-01-12,1591.2249755859375,1617.5,1581.050048828125,1606.300048828125,549074
2021-01-13,1610.0,1629.4749755859375,1586.5999755859375,1622.949951171875,880954
2021-01-14,1629.5,1669.9749755859375,1622.5,1657.5999755859375,870978
2021-01-15,1669.0,1679.449951171875,1612.5250244140625,1622.199951171875,884380
2021-01-18,1622.0,1645.449951171875,1578.7249755859375,1592.925048828125,650196
2021-01-19,1595.050048828125,1613.0,1580.5,1602.300048828125,583124
2021-01-20,1604.0,1621.5250244140625,1590.0,1603.5,421346
2021-01-21,1603.5,1603.5,1538.9749755859375,1548.800048828125,1180998
2021-01-22,1550.0250244140625,1566.7249755859375,1535.5250244140625,1550.5,757146
2021-01-25,1550.5,1559.875,1462.5250244140625,1476.574951171875,1229680
2021-01-27,1477.2249755859375,1486.800048828125,1445.8499755859375,1459.7249755859375,666846
2021-01-28,1447.5,1470.0,1438.7750244140625,1460.425048828125,439416
2021-01-29,1469.050048828125,1480.0999755859375,1426.074951171875,1438.2750244140625,692266
2021-02-01,1445.050048828125,1492.5,1421.7249755859375,1477.949951171875,899428
2021-02-02,1499.699951171875,1518.5,1475.0,1488.699951171875,425492
2021-02-03,1500.0,1537.050048828125,1480.7249755859375,1512.5999755859375,714580
2021-02-04,1512.5,1534.5,1501.300048828125,1511.324951171875,578598
2021-02-05,1512.7750244140625,1525.550048828125,1467.2249755859375,1483.4000244140625,485682
2021-02-08,1492.0,1547.0,1486.050048828125,1543.3499755859375,583368
2021-02-09,1547.949951171875,1554.4749755859375,1495.9749755859375,1505.1500244140625,624882
2021-02-10,1499.324951171875,1514.5,1492.0,1499.6500244140625,444718
2021-02-11,1501.4749755859375,1507.5,1487.5,1489.699951171875,386122
2021-02-12,1495.050048828125,1513.3499755859375,1487.7249755859375,1499.199951171875,377150
2021-02-15,1503.5,1523.5,1500.0,1502.5999755859375,334730
2021-02-16,1509.9749755859375,1524.0,1490.5,1500.2750244140625,378556
2021-02-17,1500.050048828125,1512.0,1489.050048828125,1493.3499755859375,369214
2021-02-18,1498.0,1506.925048828125,1479.5,1487.175048828125,376690
2021-02-19,1490.0,1499.175048828125,1451.0999755859375,1467.125,289368
2021-02-22,1465.050048828125,1478.7750244140625,1427.5,1434.5250244140625,302540
2021-02-23,1443.800048828125,1464.9749755859375,1432.0250244140625,1441.4000244140625,290736
2021-02-24,1457.675048828125,1479.9749755859375,1457.675048828125,1462.925048828125,350930
2021-02-25,1465.0,1482.5,1465.0,1475.9749755859375,507262
2021-02-26,1462.5,1492.5,1448.0250244140625,1468.5,690800
2021-03-01,1467.5,1490.0,1465.0,1469.375,253936
2021-03-02,1475.0,1477.4749755859375,1446.0250244140625,1467.050048828125,381826
2021-03-03,1475.0,1610.0,1467.0,1594.449951171875,2923464
2021-03-04,1565.0,1613.9000244140625,1560.0,1577.199951171875,969154
2021-03-05,1576.425048828125,1604.9000244140625,1557.5,1568.9000244140625,757240
2021-03-08,1587.0,1597.4749755859375,1569.1500244140625,1575.0,308234
2021-03-09,1589.0,1623.625,1572.675048828125,1575.824951171875,1091538
2021-03-10,1590.0,1594.5,1555.0250244140625,1559.25,299822
2021-03-12,1559.25,1576.9000244140625,1525.0,1531.5999755859375,455594
2021-03-15,1531.5999755859375,1543.5,1467.5,1502.9000244140625,485246
2021-03-16,1502.0250244140625,1514.9749755859375,1482.625,1487.175048828125,307046
2021-03-17,1487.0,1493.6500244140625,1451.949951171875,1457.1500244140625,358372
2021-03-18,1470.0,1472.3499755859375,1419.0,1422.800048828125,508674
2021-03-19,1413.0,1465.25,1386.375,1435.5,814954
2021-03-22,1444.5,1445.0,1425.324951171875,1441.2750244140625,317550
2021-03-23,1454.5,1470.0,1440.0,1448.199951171875,361306
2021-03-24,1440.0,1459.199951171875,1418.5,1424.4000244140625,418192
2021-03-25,1422.5,1422.5,1391.449951171875,1404.0,457640
2021-03-26,1408.0999755859375,1432.625,1408.0999755859375,1427.175048828125,370020
2021-03-30,1430.0,1456.0,1430.0,1446.125,361846
2021-03-31,1442.550048828125,1487.0,1437.5,1459.5,502160
2021-04-01,1467.5,1487.5,1445.574951171875,1481.675048828125,242986
2021-04-05,1468.25,1473.8499755859375,1425.5,1451.175048828125,297450
2021-04-06,1455.0,1457.5,1420.0,1441.449951171875,514648
2021-04-07,1435.0,1465.175048828125,1428.550048828125,1449.6500244140625,495440
2021-04-08,1454.0,1521.0,1446.425048828125,1502.699951171875,925066
2021-04-09,1505.0,1525.050048828125,1470.800048828125,1475.9749755859375,719968
2021-04-12,1440.0,1457.5,1378.0,1422.3499755859375,660320
2021-04-13,1421.0,1445.0,1413.5,1436.5,381076
2021-04-15,1427.625,1479.5,1427.625,1474.75,628876
2021-04-16,1472.5,1488.5,1461.449951171875,1464.9000244140625,232872
2021-04-19,1425.0,1435.5,1401.5,1409.675048828125,438840
2021-04-20,1417.0,1427.5,1387.5,1395.449951171875,472132
2021-04-22,1386.0,1424.0,1386.0,1391.675048828125,531066
2021-04-23,1388.5,1422.5,1388.5,1411.199951171875,513392
2021-04-26,1429.0,1429.0,1406.5,1416.199951171875,248986
2021-04-27,1419.5,1440.0,1419.0,1432.574951171875,500172
2021-04-28,1426.449951171875,1427.449951171875,1389.0999755859375,1403.0,1248656
2021-04-29,1427.0,1427.5,1390.0999755859375,1396.0999755859375,594772
2021-04-30,1389.5,1412.5,1378.5250244140625,1388.175048828125,652952
2021-05-03,1384.550048828125,1385.925048828125,1367.875,1376.9749755859375,498032
2021-05-04,1377.5,1394.75,1362.0,1364.175048828125,565742
2021-05-05,1364.0,1375.0,1357.5250244140625,1364.9749755859375,391988
2021-05-06,1367.5,1384.0,1362.5,1366.074951171875,553472
2021-05-07,1369.5,1374.5,1349.824951171875,1359.324951171875,841404
2021-05-10,1360.0,1402.175048828125,1360.0,1397.300048828125,1254722
2021-05-11,1397.300048828125,1410.0999755859375,1380.050048828125,1398.050048828125,481234
2021-05-12,1395.0,1416.925048828125,1382.300048828125,1407.425048828125,466338
2021-05-14,1413.5,1420.4000244140625,1393.0,1399.7249755859375,342316
2021-05-17,1397.5,1417.5,1396.5999755859375,1411.074951171875,283720
2021-05-18,1421.0999755859375,1422.3499755859375,1408.8499755859375,1417.5250244140625,309684
2021-05-19,1410.5,1434.5,1409.9749755859375,1424.25,267334
2021-05-20,1424.0,1429.5,1404.5,1406.449951171875,243636
2021-05-21,1414.5,1416.9000244140625,1400.0250244140625,1406.800048828125,260270
2021-05-24,1410.0,1414.675048828125,1395.074951171875,1410.5999755859375,244082
2021-05-25,1417.550048828125,1419.0,1406.5250244140625,1412.4749755859375,267106
2021-05-26,1412.75,1417.5,1407.5,1409.9749755859375,174936
2021-05-27,1415.5,1432.5,1400.0,1419.9000244140625,522684
2021-05-28,1432.5,1490.9749755859375,1432.5,1484.875,1868816
2021-05-31,1492.4749755859375,1506.0,1466.050048828125,1491.074951171875,721202
2021-06-01,1492.5,1506.0,1476.0250244140625,1482.449951171875,397466
2021-06-02,1482.5,1512.0,1482.5,1507.300048828125,738116
2021-06-03,1522.5,1540.0,1508.0250244140625,1525.550048828125,581134
2021-06-04,1539.5,1550.0,1530.0,1533.800048828125,446564
2021-06-07,1534.0,1534.9749755859375,1502.0,1516.3499755859375,285052
2021-06-08,1525.0,1567.0,1525.0,1534.5250244140625,1074912
2021-06-09,1538.5,1543.800048828125,1505.0,1514.8499755859375,424836
2021-06-10,1515.0,1557.4000244140625,1507.875,1538.875,765066
2021-06-11,1540.050048828125,1552.5,1520.5,1546.5,561326
2021-06-14,1547.449951171875,1547.449951171875,1507.625,1542.5250244140625,242392
2021-06-15,1549.449951171875,1559.9000244140625,1535.4749755859375,1541.875,299806
2021-06-16,1542.949951171875,1544.949951171875,1522.5250244140625,1527.699951171875,210026
2021-06-17,1512.5,1514.9749755859375,1492.0,1506.1500244140625,362698
2021-06-18,1506.1500244140625,1514.5,1460.0,1472.5,620882
2021-06-21,1461.0,1492.5,1454.0250244140625,1486.625,258726
2021-06-22,1499.5,1502.4749755859375,1476.75,1480.574951171875,227204
2021-06-23,1490.5,1493.449951171875,1468.0999755859375,1473.4000244140625,235808
2021-06-24,1475.0,1485.0,1458.449951171875,1467.2750244140625,239732
2021-06-25,1473.5,1500.0,1467.324951171875,1492.6500244140625,365940
2021-06-28,1500.0,1510.0,1477.4749755859375,1486.574951171875,383678
2021-06-29,1471.5,1488.449951171875,1465.0,1472.0,453606
2021-06-30,1481.5,1481.5,1456.324951171875,1458.7249755859375,400658
2021-07-01,1460.0250244140625,1463.9749755859375,1444.7750244140625,1447.300048828125,288014
2021-07-02,1447.300048828125,1457.4749755859375,1433.7750244140625,1437.800048828125,419694
2021-07-05,1442.5,1452.5,1435.0,1438.9000244140625,274472
2021-07-06,1435.5,1467.4000244140625,1435.5,1443.074951171875,462864
2021-07-07,1449.0,1457.300048828125,1445.0,1449.324951171875,204066
2021-07-08,1451.5,1477.0,1448.0250244140625,1467.3499755859375,637040
2021-07-09,1474.2750244140625,1474.2750244140625,1450.0,1460.4749755859375,277814
2021-07-12,1463.449951171875,1484.4749755859375,1463.449951171875,1467.675048828125,370218
2021-07-13,1478.5,1482.5,1460.050048828125,1468.7249755859375,230606
2021-07-14,1467.5,1481.0,1465.25,1478.5250244140625,250842
2021-07-15,1482.5,1548.5,1476.0,1543.074951171875,1658294
2021-07-16,1564.0,1644.5,1530.300048828125,1547.2249755859375,6842622
2021-07-19,1525.0,1525.0,1485.5,1496.125,1516844
2021-07-20,1490.5,1490.5,1432.6500244140625,1438.824951171875,1439792
2021-07-22,1448.9749755859375,1460.0,1432.625,1442.875,1060900
2021-07-23,1445.5,1455.925048828125,1441.5,1449.800048828125,473306
2021-07-26,1449.800048828125,1450.25,1430.1500244140625,1434.375,386134
2021-07-27,1437.0,1444.875,1412.5,1432.125,308234
2021-07-28,1443.5,1443.5,1407.5,1413.550048828125,425278
2021-07-29,1421.0,1427.4749755859375,1405.0250244140625,1413.324951171875,323790
2021-07-30,1413.449951171875,1430.0,1410.5,1427.074951171875,450304
2021-08-02,1445.0,1447.0,1416.574951171875,1435.7750244140625,485942
2021-08-03,1435.5,1455.75,1427.6500244140625,1450.9000244140625,385508
2021-08-04,1457.5,1469.675048828125,1450.1500244140625,1460.550048828125,620588
2021-08-05,1467.449951171875,1467.449951171875,1430.0250244140625,1462.6500244140625,421122
2021-08-06,1462.5,1464.5,1449.0,1461.5250244140625,269808
2021-08-09,1475.0,1490.0,1465.574951171875,1484.4749755859375,909278
2021-08-10,1487.4749755859375,1494.5,1471.25,1492.199951171875,747818
2021-08-11,1497.050048828125,1500.800048828125,1431.875,1473.125,857588
2021-08-12,1469.5,1486.9749755859375,1462.5250244140625,1485.300048828125,362912
2021-08-13,1485.5,1497.0999755859375,1465.324951171875,1469.7750244140625,227912
2021-08-16,1461.0999755859375,1481.0,1445.0,1474.800048828125,310344
2021-08-17,1474.5,1492.5999755859375,1462.0,1488.875,422780
2021-08-18,1498.5,1512.5,1480.7750244140625,1497.949951171875,667946
2021-08-20,1465.0,1480.0,1457.5,1469.0999755859375,492412
2021-08-23,1479.6500244140625,1479.6500244140625,1425.925048828125,1453.0250244140625,701356
2021-08-24,1457.5,1469.0,1445.425048828125,1461.175048828125,228746
2021-08-25,1463.0250244140625,1487.5,1463.0,1479.9000244140625,420986
2021-08-26,1482.5,1493.8499755859375,1478.4749755859375,1488.800048828125,376014
2021-08-27,1490.0,1526.5,1483.5999755859375,1515.1500244140625,949566
2021-08-30,1529.5,1546.5,1520.4749755859375,1530.949951171875,804084
2021-08-31,1535.0,1542.0,1521.5,1537.1500244140625,796836
2021-09-01,1538.0,1555.4749755859375,1526.0250244140625,1548.9749755859375,606884
2021-09-02,1550.0,1563.5,1548.75,1555.550048828125,400628
2021-09-03,1554.5,1599.5,1541.0250244140625,1582.074951171875,858910
2021-09-06,1598.5,1631.300048828125,1575.5,1594.375,1075482
2021-09-07,1605.0,1605.0,1550.050048828125,1562.699951171875,533058
2021-09-08,1569.699951171875,1649.5,1562.875,1633.824951171875,1634028
2021-09-09,1647.7249755859375,1682.5,1610.925048828125,1624.199951171875,2528166
2021-09-13,1629.25,1658.0,1579.199951171875,1651.0250244140625,1190824
2021-09-14,1657.0,1669.0,1627.5,1634.449951171875,596666
2021-09-15,1639.0,1645.824951171875,1614.4749755859375,1627.9000244140625,671402
2021-09-16,1629.5,1650.0,1600.875,1644.4749755859375,564260
2021-09-17,1649.0,1662.5,1616.050048828125,1634.4000244140625,983494
2021-09-20,1627.5,1629.9749755859375,1576.0250244140625,1608.875,1241302
2021-09-21,1605.0,1616.5,1575.949951171875,1601.9749755859375,438936
2021-09-22,1600.5,1620.0,1581.5,1606.550048828125,602460
2021-09-23,1612.5,1646.0,1612.5,1620.324951171875,680992
2021-09-24,1627.050048828125,1632.25,1594.25,1604.0999755859375,652676
2021-09-27,1615.0,1619.0,1575.0,1583.9749755859375,651624
2021-09-28,1583.9749755859375,1588.699951171875,1520.0,1537.175048828125,880566
2021-09-29,1455.0,1468.4000244140625,1437.824951171875,1452.574951171875,14676574
2021-09-30,1459.5,1467.0,1452.574951171875,1454.300048828125,1150352
2021-10-01,1449.25,1474.324951171875,1440.550048828125,1466.125,1056834
2021-10-04,1465.0,1469.949951171875,1451.050048828125,1454.2750244140625,2150638
2021-10-05,1454.2750244140625,1462.199951171875,1450.0250244140625,1452.875,1510840
2021-10-06,1455.0,1462.4749755859375,1442.550048828125,1447.25,978346
2021-10-07,1452.5999755859375,1460.25,1452.5,1454.425048828125,577550
2021-10-08,1457.5,1460.5,1443.7750244140625,1446.875,672946
2021-10-11,1453.8499755859375,1460.4749755859375,1447.0,1457.0999755859375,568470
2021-10-12,1456.0,1459.949951171875,1447.824951171875,1453.425048828125,456558
2021-10-13,1455.0,1460.0,1449.175048828125,1450.199951171875,396112
2021-10-14,1459.0,1482.25,1451.0250244140625,1475.074951171875,1308386
2021-10-18,1489.5,1489.5,1465.050048828125,1466.2249755859375,615494
2021-10-19,1467.550048828125,1476.3499755859375,1450.0,1452.324951171875,658074
2021-10-20,1450.0,1456.800048828125,1424.074951171875,1430.300048828125,605694
2021-10-21,1444.0,1444.0,1413.0999755859375,1421.125,496420
2021-10-22,1425.0,1433.5,1383.2249755859375,1390.699951171875,1000004
2021-10-25,1392.574951171875,1401.2750244140625,1363.5,1384.3499755859375,677834
2021-10-26,1364.0,1385.0,1339.800048828125,1368.074951171875,1550560
2021-10-27,1379.875,1379.875,1348.9000244140625,1350.625,963468
2021-10-28,1350.625,1356.9749755859375,1310.5,1314.7249755859375,1012330
2021-10-29,1317.2249755859375,1334.949951171875,1300.050048828125,1323.5999755859375,625946
2021-11-01,1330.0,1332.5,1315.2249755859375,1327.9000244140625,344078
2021-11-02,1330.199951171875,1342.074951171875,1323.0,1332.5,475276
2021-11-03,1326.050048828125,1334.9749755859375,1310.5,1313.675048828125,783754
2021-11-04,1329.1500244140625,1329.9000244140625,1321.0,1327.4749755859375,132766
2021-11-08,1339.25,1339.25,1320.125,1331.9000244140625,580026
2021-11-09,1335.0,1340.75,1323.675048828125,1336.449951171875,574092
2021-11-10,1336.449951171875,1349.5,1330.0,1344.375,433488
2021-11-11,1345.0250244140625,1348.5,1320.675048828125,1323.9749755859375,464478
2021-11-12,1329.9749755859375,1342.5,1326.625,1339.3499755859375,270618
2021-11-15,1339.0,1344.0,1330.0,1340.375,305646
2021-11-16,1344.0,1344.0,1327.5,1330.2750244140625,295664
2021-11-17,1326.0250244140625,1336.5,1322.050048828125,1323.824951171875,365986
2021-11-18,1325.0,1328.1500244140625,1294.949951171875,1300.699951171875,632878
2021-11-22,1300.0,1306.5250244140625,1247.800048828125,1255.25,849488
2021-11-23,1255.0,1298.4749755859375,1240.199951171875,1274.949951171875,817122
2021-11-24,1280.0,1284.9749755859375,1266.5,1269.449951171875,751484
2021-11-25,1274.0,1274.0,1261.0250244140625,1266.5,721268
2021-11-26,1262.5,1270.4000244140625,1243.6500244140625,1256.4749755859375,655912
2021-11-29,1243.6500244140625,1263.5,1212.5999755859375,1254.25,943148
2021-11-30,1250.0,1286.324951171875,1250.0,1255.6500244140625,1107604
2021-12-01,1272.0,1277.4749755859375,1259.074951171875,1275.5999755859375,457644
2021-12-02,1272.5,1283.7249755859375,1270.449951171875,1278.3499755859375,500200
2021-12-03,1267.625,1310.75,1267.625,1289.675048828125,947620
2021-12-06,1299.5,1299.5,1261.5250244140625,1263.9749755859375,524698
2021-12-07,1271.0,1277.4749755859375,1258.5,1260.800048828125,451922
2021-12-08,1274.0,1287.75,1268.824951171875,1284.9000244140625,238746
2021-12-09,1295.0,1295.925048828125,1275.7750244140625,1288.9749755859375,275472
2021-12-10,1295.6500244140625,1295.6500244140625,1272.574951171875,1274.875,428140
2021-12-13,1284.9749755859375,1284.9749755859375,1255.0,1256.949951171875,642680
2021-12-14,1252.0,1256.699951171875,1238.0,1243.5999755859375,484058
2021-12-15,1244.5,1249.0,1225.5,1228.375,423182
2021-12-16,1242.5,1242.5,1205.5,1218.875,553550
2021-12-17,1217.5,1223.949951171875,1189.1500244140625,1198.9749755859375,2454116
2021-12-20,1198.25,1198.5,1140.0,1156.800048828125,838108
2021-12-21,1167.5,1180.574951171875,1157.800048828125,1163.574951171875,365958
2021-12-22,1167.4749755859375,1186.5,1166.7249755859375,1178.7750244140625,493456
2021-12-23,1181.125,1192.2249755859375,1172.550048828125,1189.1500244140625,677950
2021-12-24,1194.675048828125,1195.0,1162.699951171875,1174.550048828125,560112
2021-12-27,1170.0,1188.0,1162.9749755859375,1186.0999755859375,281260
2021-12-28,1189.050048828125,1213.574951171875,1184.125,1208.949951171875,309802
2021-12-29,1207.5,1216.9749755859375,1203.0250244140625,1209.4000244140625,221490
2021-12-30,1210.449951171875,1212.4749755859375,1191.0,1204.2750244140625,553036
2021-12-31,1207.9749755859375,1224.9749755859375,1205.5,1223.050048828125,235330
2022-01-03,1232.824951171875,1237.2249755859375,1225.0,1233.0999755859375,320478
2022-01-04,1237.5,1240.949951171875,1226.0,1237.9000244140625,281850
2022-01-05,1240.0,1245.5,1233.449951171875,1239.824951171875,262040
2022-01-06,1234.0,1234.0,1220.5999755859375,1225.0999755859375,321872
2022-01-07,1233.875,1233.875,1217.699951171875,1220.375,466362
2022-01-10,1230.0,1265.0,1222.5,1259.125,571308
2022-01-11,1250.2249755859375,1269.0,1240.5,1243.625,324198
2022-01-12,1254.5,1254.5,1232.5250244140625,1245.6500244140625,325920
2022-01-13,1251.949951171875,1253.675048828125,1233.625,1237.0,380320
2022-01-14,1235.0,1249.5,1227.5,1235.300048828125,1178016
2022-01-17,1242.199951171875,1247.300048828125,1231.6500244140625,1244.574951171875,361658
2022-01-18,1247.0,1252.4749755859375,1215.324951171875,1224.75,750070
2022-01-19,1231.5999755859375,1231.5999755859375,1194.2750244140625,1197.0999755859375,529226
2022-01-20,1194.0,1199.5,1178.375,1196.550048828125,483362
2022-01-21,1194.449951171875,1194.449951171875,1173.574951171875,1184.699951171875,443462
2022-01-24,1189.9000244140625,1189.9000244140625,1117.5,1129.425048828125,836278
2022-01-25,1112.5,1127.0,1085.324951171875,1115.324951171875,1141066
2022-01-27,1117.3499755859375,1117.3499755859375,1059.0,1070.375,1967572
2022-01-28,1087.449951171875,1125.699951171875,1070.9000244140625,1091.9000244140625,1610088
2022-01-31,1114.5,1114.5,1096.125,1102.5999755859375,925676
2022-02-01,1114.5,1114.949951171875,1093.199951171875,1108.125,723238
2022-02-02,1113.074951171875,1155.0,1110.5250244140625,1147.6500244140625,465478
2022-02-03,1150.5250244140625,1166.5250244140625,1140.5,1154.375,708646
2022-02-04,1156.0999755859375,1159.5,1145.0,1150.1500244140625,325362
2022-02-07,1151.0,1152.125,1098.125,1104.8499755859375,695744
2022-02-08,1110.0,1113.875,1088.0,1104.7249755859375,552252
2022-02-09,1106.0,1122.0,1106.0,1116.4000244140625,403778
2022-02-10,1121.4000244140625,1122.5,1101.8499755859375,1110.449951171875,409024
2022-02-11,1100.0,1112.0250244140625,1095.175048828125,1105.925048828125,504344
2022-02-14,1075.625,1092.199951171875,1067.5,1086.175048828125,919224
2022-02-15,1086.0,1105.625,1083.5999755859375,1100.550048828125,541674
2022-02-16,1108.5,1115.9749755859375,1095.5250244140625,1102.800048828125,680230
2022-02-17,1105.0,1109.9000244140625,1091.0250244140625,1102.925048828125,516916
2022-02-18,1100.0,1106.949951171875,1090.5,1099.625,278678
2022-02-21,1095.0,1097.5,1080.5999755859375,1085.574951171875,351516
2022-02-22,1076.0,1094.949951171875,1053.5,1090.8499755859375,588930
2022-02-23,1099.925048828125,1103.0,1085.824951171875,1091.4749755859375,392026
2022-02-24,1060.5,1073.9000244140625,1005.0,1010.5250244140625,1213858
2022-02-25,1027.5,1054.949951171875,1025.6500244140625,1040.4749755859375,658860
2022-02-28,1038.0,1058.199951171875,1015.0,1043.0999755859375,557100
2022-03-02,1035.0,1062.0,1027.5250244140625,1059.199951171875,571486
2022-03-03,1067.5,1070.824951171875,1040.0,1044.175048828125,570808
2022-03-04,1035.9749755859375,1052.6500244140625,1024.0,1040.75,382966
2022-03-07,1040.0,1040.0,993.9249877929688,1019.2750244140625,606024
2022-03-08,1015.0,1055.0,1003.5250244140625,1051.949951171875,513640
2022-03-09,1062.5,1077.9749755859375,1040.074951171875,1066.699951171875,517234
2022-03-10,1092.5,1092.5,1070.2249755859375,1084.699951171875,637904
2022-03-11,1086.5,1089.5,1070.0,1083.9000244140625,568852
2022-03-14,1082.449951171875,1086.8499755859375,1059.0,1077.324951171875,482520
2022-03-15,1075.574951171875,1086.9749755859375,1059.324951171875,1066.074951171875,520738
2022-03-16,1075.0,1113.5,1072.949951171875,1104.5999755859375,961796
2022-03-17,1122.5,1124.75,1113.5,1119.0,757724
2022-03-21,1123.375,1127.875,1072.800048828125,1076.425048828125,735788
2022-03-22,1076.425048828125,1083.425048828125,1060.5,1080.175048828125,554896
2022-03-23,1084.800048828125,1121.4000244140625,1084.800048828125,1109.4749755859375,1190516
2022-03-24,1090.0,1112.5,1085.0,1090.074951171875,578194
2022-03-25,1091.0250244140625,1099.375,1071.074951171875,1073.675048828125,432250
2022-03-28,1075.9000244140625,1083.324951171875,1041.074951171875,1047.3499755859375,878392
2022-03-29,1048.0999755859375,1056.7249755859375,1042.2750244140625,1047.0250244140625,1049630
2022-03-30,1056.0,1085.0,1055.0,1081.6500244140625,879084
2022-03-31,1081.6500244140625,1095.875,1067.449951171875,1073.0250244140625,827048
2022-04-01,1079.9749755859375,1146.050048828125,1079.2249755859375,1138.25,1497586
2022-04-04,1150.0,1240.0,1144.324951171875,1177.5,4182148
2022-04-05,1187.550048828125,1188.5,1160.9000244140625,1170.7249755859375,719118
2022-04-06,1164.9749755859375,1175.5,1152.824951171875,1162.1500244140625,371754
2022-04-07,1160.0,1176.9749755859375,1140.550048828125,1143.3499755859375,352644
2022-04-08,1145.0,1160.25,1129.0,1136.300048828125,487762
2022-04-11,1136.2750244140625,1143.75,1124.5250244140625,1128.5,291488
2022-04-12,1127.5,1127.5,1105.574951171875,1110.699951171875,325994
2022-04-13,1112.25,1116.25,1096.699951171875,1099.125,292608
2022-04-18,1076.5,1112.2750244140625,1076.3499755859375,1091.8499755859375,629102
2022-04-19,1095.5,1104.625,1039.0999755859375,1054.7750244140625,412086
2022-04-20,1064.5,1075.0,1043.0,1048.324951171875,489726
2022-04-21,1052.5,1057.5,1042.2750244140625,1046.375,825382
2022-04-22,1046.9749755859375,1046.9749755859375,1020.5,1023.2750244140625,632786
2022-04-25,1020.0,1020.0,992.5,1002.5,1034722
2022-04-26,1014.9749755859375,1047.0,997.5,1043.675048828125,1649262
2022-04-27,1030.0,1064.5,1023.25,1035.9749755859375,878176
2022-04-28,1024.0,1046.0,1022.5,1026.625,808210
2022-04-29,1036.3499755859375,1044.4749755859375,1017.5,1020.875,564870
2022-05-02,1015.0,1019.4000244140625,1004.5,1014.4000244140625,428378
2022-05-04,1020.0,1028.4749755859375,987.5,997.7000122070312,599054
2022-05-05,1002.75,1011.4000244140625,971.0,975.2000122070312,774850
2022-05-06,970.0,993.125,959.4000244140625,979.0,1008670
2022-05-09,978.0,986.125,956.0,966.2750244140625,723322
2022-05-10,963.0,983.5,952.5,958.8250122070312,342030
2022-05-11,964.9749755859375,964.9749755859375,921.0499877929688,938.375,1026448
2022-05-12,938.0,949.7750244140625,911.5,920.0250244140625,804694
2022-05-13,928.5,930.5,875.5,885.0250244140625,1050734
2022-05-16,891.4000244140625,903.3499755859375,876.3499755859375,880.5,710618
2022-05-17,886.4000244140625,907.5,872.0250244140625,905.7000122070312,711520
2022-05-18,909.0499877929688,915.2999877929688,885.0750122070312,887.5499877929688,773028
2022-05-19,876.8250122070312,876.8250122070312,850.7000122070312,853.375,908994
2022-05-20,862.4500122070312,868.0750122070312,852.0,853.4000244140625,922912
2022-05-23,856.0,879.4500122070312,851.25,867.625,1010950
2022-05-24,868.1749877929688,869.7249755859375,845.0,851.1749877929688,1556362
2022-05-25,856.1749877929688,860.0,846.5499877929688,852.2000122070312,789928
2022-05-26,852.5,871.7999877929688,845.4749755859375,869.0750122070312,1438536
2022-05-27,875.9749755859375,907.3250122070312,871.25,903.5999755859375,1946848
2022-05-30,910.4500122070312,921.875,904.5999755859375,917.6500244140625,1463004
2022-05-31,913.4000244140625,972.5999755859375,904.0750122070312,948.4000244140625,13577036
2022-06-01,927.5,944.3250122070312,917.5,927.125,1351464
2022-06-02,917.5499877929688,945.0250244140625,917.5499877929688,942.5250244140625,816324
2022-06-03,943.0,949.0,928.5250244140625,931.0250244140625,1210156
2022-06-06,923.0999755859375,937.1749877929688,909.0,929.0,1145434
2022-06-07,917.5999755859375,938.7000122070312,905.75,935.4249877929688,1095938
2022-06-08,936.0,959.0,928.7249755859375,950.4249877929688,1499808
2022-06-09,925.5,942.7249755859375,920.5999755859375,940.5499877929688,1141286
2022-06-10,928.0,936.0,921.625,934.1749877929688,1056070
2022-06-13,917.0499877929688,923.375,900.0,906.9000244140625,1202352
2022-06-14,902.5,913.0,899.4249877929688,910.3250122070312,1091066
2022-06-15,907.5,916.4500122070312,899.0250244140625,914.5,739502
2022-06-16,919.25,928.3499755859375,888.0499877929688,892.4749755859375,1167180
2022-06-17,884.0,889.7249755859375,856.5499877929688,884.125,1566354
2022-06-20,884.0,897.4749755859375,878.0,893.6749877929688,569824
2022-06-21,898.0,931.5250244140625,892.1500244140625,927.5250244140625,575904
2022-06-22,920.5,924.5999755859375,909.875,914.25,497476
2022-06-23,914.0,920.2249755859375,902.25,907.9000244140625,558512
2022-06-24,917.5,923.9249877929688,903.0999755859375,908.0250244140625,612724
2022-06-27,906.5,920.7999877929688,875.75,878.9749755859375,2570418
2022-06-28,876.5,895.3250122070312,872.0,875.0499877929688,1487020
2022-06-29,884.8499755859375,887.3250122070312,868.9249877929688,872.4249877929688,1114752
2022-06-30,875.0,899.0,875.0,896.1749877929688,1267064
2022-07-01,891.0,919.5,889.8499755859375,917.0499877929688,895768
2022-07-04,918.9000244140625,938.4000244140625,916.2999877929688,935.125,454204
2022-07-05,940.0,946.875,928.5,931.4000244140625,521942
2022-07-06,935.0,957.4500122070312,930.0999755859375,955.4500122070312,442132
2022-07-07,956.25,962.2249755859375,949.5,953.0,403752
2022-07-08,957.5,981.375,957.3250122070312,978.625,1269312
2022-07-11,975.0,984.2000122070312,967.5250244140625,979.375,899494
2022-07-12,977.4500122070312,977.4500122070312,954.4000244140625,958.5499877929688,382724
2022-07-13,963.9749755859375,967.0250244140625,947.9749755859375,953.4249877929688,276530
2022-07-14,953.4249877929688,966.5,944.9749755859375,948.8499755859375,531770
2022-07-15,953.9000244140625,958.4749755859375,942.5250244140625,948.9500122070312,254356
2022-07-18,955.0,967.5,952.2000122070312,965.2750244140625,294758
2022-07-19,964.0,968.4500122070312,957.5750122070312,965.7750244140625,179236
2022-07-20,972.0,976.7249755859375,958.5,960.8499755859375,212444
2022-07-21,960.0,968.5,945.5,962.5250244140625,546774
2022-07-22,969.0,969.9000244140625,936.0,950.875,1346888
2022-07-25,944.75,953.125,920.0,930.1749877929688,1300298
2022-07-26,932.5,944.5,924.0750122070312,931.1500244140625,1063332
2022-07-27,930.0,958.0,926.1749877929688,953.0999755859375,1269298
2022-07-28,962.2249755859375,979.0,956.0750122070312,972.5750122070312,897814
2022-07-29,984.5,992.5,968.7249755859375,973.6500244140625,730708
2022-08-01,980.7000122070312,1011.0750122070312,971.5,999.9249877929688,789388
2022-08-02,999.9249877929688,1009.0,996.2999877929688,1004.7999877929688,585892
2022-08-03,1004.8499755859375,1016.0,994.5,1000.7750244140625,1076640
2022-08-04,1000.7750244140625,1011.5499877929688,982.5,993.6749877929688,648396
2022-08-05,996.2999877929688,1004.4000244140625,987.7999877929688,1001.0250244140625,383160
2022-08-08,1000.0,1008.4500122070312,992.0250244140625,1002.3499755859375,446366
2022-08-10,1006.2000122070312,1006.9249877929688,989.0,992.25,249620
2022-08-11,999.1749877929688,1023.0,993.0,1013.5999755859375,889022
2022-08-12,1015.5,1019.9749755859375,974.0750122070312,978.25,1864974
2022-08-16,984.75,1109.425048828125,967.75,1090.675048828125,10922088
2022-08-17,1087.5,1101.574951171875,1077.2750244140625,1086.25,1546116
2022-08-18,1080.0,1096.9000244140625,1075.0,1090.675048828125,928660
2022-08-19,1094.0,1106.5,1070.0,1078.550048828125,1051182
2022-08-22,1070.0,1073.925048828125,1048.824951171875,1051.8499755859375,1040126
2022-08-23,1045.0,1082.949951171875,1043.0999755859375,1079.199951171875,1906038
2022-08-24,1067.5,1074.800048828125,1051.0,1057.0999755859375,879180
2022-08-25,1062.4749755859375,1063.9000244140625,1052.6500244140625,1057.0999755859375,528602
2022-08-26,1063.7249755859375,1069.449951171875,1042.199951171875,1044.7750244140625,643744
2022-08-29,1017.5,1032.574951171875,1015.0999755859375,1022.2750244140625,584042
2022-08-30,1028.925048828125,1041.0,1022.9249877929688,1037.449951171875,662106
2022-09-01,1031.0,1032.5,1015.125,1020.3499755859375,439428
2022-09-02,1024.9749755859375,1024.9749755859375,1000.875,1007.2249755859375,560312
2022-09-05,1010.0,1014.7000122070312,998.9500122070312,1000.9500122070312,419436
2022-09-06,1007.4749755859375,1008.8499755859375,985.0250244140625,986.4749755859375,664098
2022-09-07,983.0,1008.0,982.4500122070312,1005.0,549996
2022-09-08,1010.0250244140625,1018.1749877929688,1005.5499877929688,1010.5999755859375,337060
2022-09-09,1012.75,1024.25,1003.0,1007.75,389858
2022-09-12,1014.4749755859375,1027.25,1010.2750244140625,1018.7000122070312,317286
2022-09-13,1023.7999877929688,1034.7249755859375,1020.0250244140625,1022.7000122070312,418618
2022-09-14,1002.5,1022.2000122070312,1002.5,1015.7750244140625,362474
2022-09-15,1021.9000244140625,1026.425048828125,1002.5250244140625,1004.875,411116
2022-09-16,1008.0,1008.0,962.625,972.125,704046
2022-09-19,976.875,986.5499877929688,965.7249755859375,970.4000244140625,287422
2022-09-20,975.2750244140625,978.875,969.75,972.1749877929688,535040
2022-09-21,972.1749877929688,977.7249755859375,963.5250244140625,969.9249877929688,395122
2022-09-22,968.0,968.1749877929688,951.5,958.4249877929688,389762
2022-09-23,962.4000244140625,962.4000244140625,940.0,943.4000244140625,371136
2022-09-26,943.0,943.3499755859375,923.5,925.5499877929688,741134
2022-09-27,927.5,936.6500244140625,910.5,930.9749755859375,485374
2022-09-28,926.0,936.7249755859375,915.5,929.7999877929688,395950
2022-09-29,934.4500122070312,945.4500122070312,920.3250122070312,933.5750122070312,1252934
2022-09-30,937.0,954.4000244140625,928.5,944.7999877929688,653374
2022-10-03,947.5,950.0,915.0,919.2000122070312,781916
2022-10-04,931.9749755859375,958.2000122070312,928.8499755859375,946.2000122070312,361406
2022-10-06,950.5,960.8499755859375,948.0,955.7999877929688,390740
2022-10-07,950.5999755859375,962.4749755859375,943.2249755859375,958.7000122070312,307562
2022-10-10,947.5,959.3499755859375,944.0499877929688,958.0999755859375,455792
2022-10-11,962.9000244140625,971.0,949.7999877929688,952.7750244140625,596638
2022-10-12,953.0,965.0,944.2750244140625,962.5,218128
2022-10-13,962.4249877929688,967.0,953.125,960.0999755859375,297862
2022-10-14,967.75,969.9249877929688,945.0499877929688,948.4249877929688,424174
2022-10-17,946.5,961.2999877929688,945.0999755859375,957.1749877929688,256152
2022-10-18,960.5999755859375,973.0,960.4749755859375,967.0999755859375,256372
2022-10-19,971.9500122070312,994.5,970.0250244140625,980.1500244140625,899214
2022-10-20,972.0,1024.5,958.0250244140625,1017.6749877929688,1352236
2022-10-21,1017.5,1046.4749755859375,1016.0,1034.7750244140625,1215872
2022-10-24,1044.0,1044.0,1029.0,1030.324951171875,82958
2022-10-25,1032.5,1036.375,1018.9249877929688,1030.074951171875,328664
2022-10-27,1032.5,1054.7750244140625,1028.550048828125,1039.324951171875,712260
2022-10-28,1040.949951171875,1049.0,1027.925048828125,1034.6500244140625,460058
2022-10-31,1039.824951171875,1046.3499755859375,1032.75,1037.300048828125,209184
2022-11-01,1038.5,1048.9749755859375,1036.550048828125,1045.125,237362
2022-11-02,1045.0,1057.4000244140625,1040.5,1052.925048828125,290154
2022-11-03,1051.9000244140625,1055.9749755859375,1040.0250244140625,1049.0999755859375,340766
2022-11-04,1048.25,1056.324951171875,1035.375,1044.2750244140625,192728
2022-11-07,1044.5,1050.949951171875,1039.0,1044.300048828125,164952
2022-11-09,1046.0,1061.0,1040.800048828125,1049.9000244140625,316028
2022-11-10,1048.0,1049.9000244140625,1030.425048828125,1042.050048828125,163298
2022-11-11,1047.2750244140625,1074.7249755859375,1045.625,1051.175048828125,1345344
2022-11-14,1056.449951171875,1056.449951171875,1030.0,1036.0250244140625,313790
2022-11-15,1036.25,1045.7750244140625,1031.199951171875,1039.449951171875,157966
2022-11-16,1040.5,1049.0,1030.0,1036.625,275166
2022-11-17,1036.625,1036.625,1015.5750122070312,1023.6500244140625,433848
2022-11-18,1023.7000122070312,1028.925048828125,1015.125,1026.2750244140625,270904
2022-11-21,1023.5,1040.5,1016.4500122070312,1035.7249755859375,302092
2022-11-22,1033.25,1068.824951171875,1030.199951171875,1052.949951171875,732076
2022-11-23,1053.050048828125,1068.0,1045.0250244140625,1064.2249755859375,668864
2022-11-24,1067.5,1068.5,1055.9749755859375,1062.2750244140625,400450
2022-11-25,1063.5999755859375,1083.5,1062.425048828125,1081.4749755859375,619012
2022-11-28,1083.5,1085.5,1072.875,1083.125,532162
2022-11-29,1082.0,1091.5,1075.5250244140625,1086.824951171875,340700
2022-11-30,1085.550048828125,1095.0,1081.1500244140625,1093.550048828125,586172
2022-12-01,1095.1500244140625,1101.5999755859375,1090.0,1099.949951171875,882018
2022-12-02,1099.925048828125,1114.949951171875,1093.0,1096.9749755859375,717518
2022-12-05,1100.5250244140625,1102.75,1087.5,1093.4000244140625,443760
2022-12-06,1087.4000244140625,1098.4000244140625,1082.5250244140625,1096.0,172734
2022-12-07,1097.5,1148.0,1095.0,1136.9000244140625,3790416
2022-12-08,1144.4749755859375,1149.4000244140625,1122.800048828125,1147.675048828125,763662
2022-12-09,1148.5,1148.75,1115.0,1126.5250244140625,541712
2022-12-12,1126.449951171875,1126.449951171875,1108.050048828125,1118.9000244140625,274230
2022-12-13,1124.5,1137.5,1119.050048828125,1124.074951171875,344990
2022-12-14,1125.074951171875,1139.3499755859375,1121.0999755859375,1135.3499755859375,531526
2022-12-15,1134.3499755859375,1142.4000244140625,1121.800048828125,1128.699951171875,393512
2022-12-16,1125.5,1149.0,1103.6500244140625,1119.2750244140625,732356
2022-12-19,1120.0,1149.925048828125,1113.125,1145.4000244140625,556018
2022-12-20,1147.0,1157.324951171875,1119.2750244140625,1136.925048828125,760928
2022-12-21,1136.5,1155.949951171875,1108.824951171875,1114.300048828125,458696
2022-12-22,1117.5,1122.425048828125,1087.800048828125,1091.550048828125,484168
2022-12-23,1077.6500244140625,1086.5,1030.875,1037.925048828125,495826
2022-12-26,1035.050048828125,1077.25,1032.5,1067.8499755859375,434092
2022-12-27,1070.9749755859375,1087.5,1069.9000244140625,1082.2249755859375,195842
2022-12-28,1082.2249755859375,1087.7750244140625,1056.675048828125,1077.199951171875,356148
2022-12-29,1075.0,1098.9749755859375,1061.8499755859375,1091.675048828125,567966
2022-12-30,1100.0,1103.9000244140625,1080.949951171875,1090.75,363530
2023-01-02,1095.0,1098.0,1086.5,1095.0250244140625,301434
2023-01-03,1095.0,1100.0,1086.0,1094.824951171875,339002
2023-01-04,1097.5,1101.6500244140625,1083.625,1090.5,244484
2023-01-05,1090.0250244140625,1102.5,1080.5,1099.699951171875,313906
2023-01-06,1100.0,1117.5,1063.875,1067.699951171875,554884
2023-01-09,1072.0,1094.0,1071.6500244140625,1086.050048828125,328170
2023-01-10,1086.050048828125,1086.9749755859375,1067.5,1071.5250244140625,168142
2023-01-11,1072.5,1083.050048828125,1064.9749755859375,1071.7249755859375,154994
2023-01-12,1072.4749755859375,1078.1500244140625,1060.550048828125,1075.375,121008
2023-01-13,1075.375,1082.5,1065.0,1076.324951171875,159516
2023-01-16,1076.300048828125,1086.4000244140625,1050.0,1055.9749755859375,3371700
2023-01-17,1051.0,1052.050048828125,1035.3499755859375,1047.9749755859375,416212
2023-01-18,1045.9749755859375,1049.425048828125,1033.5,1035.074951171875,266080
2023-01-19,1034.8499755859375,1038.4749755859375,1027.5,1030.9000244140625,225374
2023-01-20,1030.0,1033.925048828125,1008.2750244140625,1011.0750122070312,282894
2023-01-23,1012.5,1014.75,998.5,1000.4000244140625,324428
2023-01-24,1003.5499877929688,1005.0,978.5,981.8499755859375,604790
2023-01-25,987.5499877929688,990.0,962.875,967.0250244140625,761048
2023-01-27,970.0,978.7999877929688,951.5250244140625,957.75,361980
2023-01-30,948.0250244140625,960.5,930.5999755859375,936.3250122070312,451390
2023-01-31,937.0750122070312,950.0,930.5,945.1749877929688,964406
2023-02-01,949.5,957.3250122070312,915.0,930.5499877929688,440378
2023-02-02,927.4000244140625,940.7750244140625,918.25,923.9749755859375,1431272
2023-02-03,927.125,932.5,922.5499877929688,928.0499877929688,517762
2023-02-06,932.4749755859375,957.7000122070312,926.4500122070312,955.9249877929688,374950
2023-02-07,960.0,962.9249877929688,946.625,952.5,241960
2023-02-08,957.25,960.1500244140625,947.0250244140625,955.5,208500
2023-02-09,960.5250244140625,966.1500244140625,949.0,958.9000244140625,315894
2023-02-10,959.4000244140625,975.875,958.4000244140625,963.2000122070312,285786
2023-02-13,963.0,963.0,942.5,944.6500244140625,208422
2023-02-14,937.5,949.5,934.8499755859375,943.4249877929688,272660
2023-02-15,945.0,953.9749755859375,941.0,951.625,179454
2023-02-16,953.5,958.75,944.625,947.5,131960
2023-02-17,945.9500122070312,950.0,925.0,928.1500244140625,463290
2023-02-20,928.0,958.4500122070312,925.0,929.1500244140625,1843700
2023-02-21,935.2750244140625,937.0,914.9000244140625,916.5750122070312,635752
2023-02-22,917.1749877929688,918.0,903.7000122070312,909.375,447640
2023-02-23,909.375,913.4500122070312,881.5750122070312,889.7999877929688,821366
2023-02-24,900.0499877929688,925.8250122070312,900.0499877929688,907.625,2504458
2023-02-27,911.5750122070312,913.5999755859375,890.2750244140625,901.7999877929688,774822
2023-02-28,905.4249877929688,908.4000244140625,892.5,904.875,820108
2023-03-01,905.0,912.5,895.5,904.6749877929688,887272
2023-03-02,911.4000244140625,911.4000244140625,893.0,895.5499877929688,706140
2023-03-03,901.5,903.7249755859375,896.3499755859375,898.125,725752
2023-03-06,900.0,903.6749877929688,895.7999877929688,898.2750244140625,621150
2023-03-08,890.0,902.9249877929688,888.0,899.7000122070312,486920
2023-03-09,899.7999877929688,906.75,890.0,891.625,358764
2023-03-10,887.5,889.4249877929688,875.25,878.6749877929688,483118
2023-03-13,878.6749877929688,878.7000122070312,851.5,856.25,695654
2023-03-14,855.0,866.4500122070312,850.1749877929688,856.5499877929688,497762
2023-03-15,865.9749755859375,866.0,835.0,838.375,2143064
2023-03-16,837.5,848.0499877929688,822.375,841.3250122070312,1311204
2023-03-17,843.1500244140625,861.2000122070312,834.5499877929688,839.0750122070312,1697922
2023-03-20,860.0,861.0,794.75,840.0499877929688,12673650
2023-03-21,849.0,884.4500122070312,845.0750122070312,882.0999755859375,3766286
2023-03-22,883.5,889.7249755859375,876.75,884.0999755859375,825532
2023-03-23,881.0,890.8250122070312,870.3250122070312,871.9249877929688,427420
2023-03-24,854.0,854.0,826.5499877929688,836.4249877929688,3935362
2023-03-27,835.0,842.4249877929688,816.75,840.2999877929688,1526448
2023-03-28,845.0,847.8499755859375,834.4000244140625,842.625,1223066
2023-03-29,846.0,847.2000122070312,833.2750244140625,839.0250244140625,618712
2023-03-31,840.0,855.1500244140625,835.5499877929688,853.9249877929688,902898
2023-04-03,862.4749755859375,871.9749755859375,852.5499877929688,864.9749755859375,899034
2023-04-05,862.75,876.0,857.4000244140625,873.0999755859375,829226
2023-04-06,873.5,878.5499877929688,865.75,870.7249755859375,545278
2023-04-10,871.5,877.0,867.5,875.25,336286
2023-04-11,876.125,881.5,875.0250244140625,879.7249755859375,300738
2023-04-12,879.0250244140625,893.5,872.5499877929688,892.3250122070312,1039048
2023-04-13,893.5250244140625,905.0,885.25,895.9000244140625,734168
2023-04-17,896.0999755859375,905.2249755859375,891.6500244140625,903.5750122070312,746624
2023-04-18,907.0,910.8250122070312,898.0499877929688,905.4249877929688,1181168
2023-04-19,905.5,905.5,882.5,884.2750244140625,308242
2023-04-20,884.75,889.0,881.2750244140625,887.0999755859375,384836
2023-04-21,888.2249755859375,892.9749755859375,881.5,884.9749755859375,229222
2023-04-24,891.6500244140625,893.4249877929688,882.5250244140625,890.4500122070312,230562
2023-04-25,892.5,892.5,873.0250244140625,882.7999877929688,1745618
2023-04-26,885.2750244140625,885.2750244140625,865.8499755859375,870.75,820700
2023-04-27,873.375,873.375,864.0,866.7999877929688,434814
2023-04-28,866.9500122070312,884.4249877929688,866.9500122070312,882.1500244140625,737656
2023-05-02,886.0750122070312,910.5,884.0,904.4249877929688,691590
2023-05-03,903.7249755859375,909.4749755859375,894.3250122070312,896.0,1005008
2023-05-04,896.4749755859375,914.0,894.3250122070312,910.2999877929688,586264
2023-05-05,909.75,917.4249877929688,898.875,912.2750244140625,683020
2023-05-08,916.5,922.5,912.5999755859375,918.4749755859375,546628
2023-05-09,924.7249755859375,929.9500122070312,908.625,910.8250122070312,838278
2023-05-10,912.5,924.9000244140625,909.1749877929688,921.875,363862
2023-05-11,927.9749755859375,930.0,915.0,919.5,604038
2023-05-12,920.0,924.0,910.0,911.1749877929688,552918
2023-05-15,911.2249755859375,928.7000122070312,910.0,921.2750244140625,396182
2023-05-16,922.5,930.0,919.5,920.75,415416
2023-05-17,922.0,923.9749755859375,904.125,908.7000122070312,394416
2023-05-18,910.7000122070312,917.1749877929688,902.125,906.7999877929688,326998
2023-05-19,903.9749755859375,906.4249877929688,872.0,902.2999877929688,1558850
2023-05-22,896.0250244140625,912.3499755859375,892.5,893.5750122070312,543252
2023-05-23,888.4000244140625,893.5,881.5,883.2750244140625,877554
2023-05-24,883.25,883.2750244140625,870.0,870.9749755859375,598192
2023-05-25,871.0,886.0499877929688,870.0,882.0250244140625,473976
2023-05-26,883.9749755859375,930.0,882.5250244140625,927.875,2876044
2023-05-29,925.0250244140625,946.0,925.0250244140625,936.875,1395728
2023-05-30,941.4000244140625,979.0,939.9749755859375,975.5499877929688,2787760
2023-05-31,980.0,985.0,968.0750122070312,981.5250244140625,927370
2023-06-01,980.0,991.3499755859375,972.5250244140625,975.0,546834
2023-06-02,977.4749755859375,984.0,965.0250244140625,982.4500122070312,644040
2023-06-05,987.375,988.9500122070312,976.5,981.5499877929688,1000932
2023-06-06,983.5,988.2999877929688,979.0,985.9500122070312,321998
2023-06-07,990.0,999.7249755859375,985.0,997.7000122070312,650232
2023-06-08,1000.0,1005.0,992.5499877929688,996.8250122070312,1038588
2023-06-09,972.4749755859375,972.4749755859375,953.375,967.125,929776
2023-06-12,966.2750244140625,975.1500244140625,958.7750244140625,972.4500122070312,484678
2023-06-13,980.5,988.9000244140625,977.125,988.0999755859375,529990
2023-06-14,994.4500122070312,994.4500122070312,951.5250244140625,966.9249877929688,2123676
2023-06-15,970.5499877929688,982.9000244140625,950.6500244140625,954.9000244140625,1136844
2023-06-16,962.4749755859375,977.2249755859375,950.5250244140625,959.0999755859375,1450668
2023-06-19,968.7999877929688,968.7999877929688,942.7750244140625,946.2249755859375,1474618
2023-06-20,1017.5,1063.8499755859375,993.0499877929688,1052.449951171875,13175512
2023-06-21,1060.574951171875,1062.75,1018.7249755859375,1024.25,4267908
2023-06-22,1030.0,1031.9000244140625,1000.3499755859375,1008.9749755859375,2954366
2023-06-23,1012.5,1012.9749755859375,997.5,1008.0499877929688,3322258
2023-06-26,1000.0,1009.9749755859375,997.5499877929688,1003.25,1083154
2023-06-27,1003.25,1029.25,999.5,1026.449951171875,2104108
2023-06-28,1031.8499755859375,1036.0,1020.0,1025.0,1066218
2023-06-30,1075.0,1174.949951171875,1075.0,1147.824951171875,12373348
2023-07-03,1155.550048828125,1156.4749755859375,1127.7249755859375,1142.800048828125,1829276
2023-07-04,1144.25,1157.4000244140625,1132.5,1145.675048828125,1300530
2023-07-05,1138.125,1158.699951171875,1138.125,1147.4000244140625,1139106
2023-07-06,1149.0,1149.0,1123.0999755859375,1129.875,1002536
2023-07-07,1129.0,1133.2249755859375,1118.5,1126.4749755859375,521722
2023-07-10,1126.5250244140625,1137.25,1109.2750244140625,1124.375,476006
2023-07-11,1126.4000244140625,1151.675048828125,1125.0,1141.375,983164
2023-07-12,1146.375,1175.0,1144.25,1162.875,1621344
2023-07-13,1174.9749755859375,1186.0,1161.550048828125,1164.75,1010370
2023-07-14,1165.0,1193.300048828125,1164.3499755859375,1189.9000244140625,715316
2023-07-17,1195.0,1199.5,1177.5250244140625,1191.8499755859375,921168
2023-07-18,1192.0,1203.5,1180.0,1186.125,921764
2023-07-19,1186.125,1211.2249755859375,1181.0,1204.050048828125,841018
2023-07-20,1210.0,1294.675048828125,1202.7249755859375,1260.074951171875,3632144
2023-07-21,1259.5,1260.0,1222.875,1249.7750244140625,1328446
2023-07-24,1258.7249755859375,1271.7249755859375,1225.0,1248.7750244140625,2410862
2023-07-25,1248.0,1269.199951171875,1231.875,1263.5250244140625,1485610
2023-07-26,1263.5,1263.5,1225.0,1243.125,1282862
2023-07-27,1207.550048828125,1250.699951171875,1197.8499755859375,1223.324951171875,3016510
2023-07-28,1227.5,1278.7249755859375,1222.4000244140625,1269.125,2076590
2023-07-31,1274.9749755859375,1292.0,1258.9000244140625,1267.0,1178222
2023-08-01,1270.0,1279.949951171875,1261.324951171875,1278.1500244140625,835482
2023-08-02,1275.0,1275.0,1236.0999755859375,1245.75,1249000
2023-08-03,1244.050048828125,1244.050048828125,1193.5250244140625,1199.9749755859375,1276424
2023-08-04,1210.7249755859375,1218.9749755859375,1185.7750244140625,1203.1500244140625,873656
2023-08-07,1215.199951171875,1234.449951171875,1198.800048828125,1225.449951171875,1329226
2023-08-08,1233.5,1254.25,1227.625,1247.0,1356486
2023-08-09,1253.5250244140625,1264.800048828125,1238.0,1260.800048828125,997382
2023-08-10,1258.4749755859375,1299.0,1255.0250244140625,1289.5,1379696
2023-08-11,1296.449951171875,1319.949951171875,1276.0,1280.425048828125,2347534
2023-08-14,1278.949951171875,1278.949951171875,1240.574951171875,1247.3499755859375,1446058
2023-08-16,1245.0,1279.7750244140625,1233.5250244140625,1276.5999755859375,1621806
2023-08-17,1274.9749755859375,1282.9749755859375,1264.3499755859375,1272.425048828125,976068
2023-08-18,1255.7750244140625,1264.3499755859375,1237.5,1250.8499755859375,1197650
2023-08-21,1245.0,1257.5,1230.324951171875,1236.125,908582
2023-08-22,1239.8499755859375,1270.699951171875,1231.125,1249.925048828125,1396386
2023-08-23,1254.9749755859375,1274.0,1249.5,1266.074951171875,1158304
2023-08-24,1277.4749755859375,1282.0,1237.5250244140625,1247.425048828125,1128098
2023-08-25,1244.949951171875,1265.9749755859375,1235.6500244140625,1249.300048828125,1311594
2023-08-28,1244.9749755859375,1273.9749755859375,1240.875,1263.6500244140625,1341948
2023-08-29,1263.625,1275.75,1235.0999755859375,1238.2750244140625,1403424
2023-08-30,1249.800048828125,1269.0,1243.949951171875,1246.9000244140625,2145634
2023-08-31,1247.5,1279.175048828125,1208.0250244140625,1262.0999755859375,21147286
2023-09-01,1234.8499755859375,1234.8499755859375,1211.0,1215.625,2482368
2023-09-04,1221.5,1249.5,1212.0,1226.4000244140625,1238872
2023-09-05,1221.7750244140625,1241.9749755859375,1220.0,1235.800048828125,948218
2023-09-06,1237.5,1241.6500244140625,1223.0,1228.550048828125,352634
2023-09-07,1234.9749755859375,1263.925048828125,1228.5999755859375,1261.2750244140625,1503244
2023-09-08,1261.5,1273.0,1255.0,1267.9000244140625,640430
2023-09-11,1268.5,1343.7750244140625,1262.574951171875,1331.949951171875,2426732
2023-09-12,1341.7249755859375,1341.7249755859375,1294.050048828125,1315.449951171875,1123864
2023-09-13,1315.050048828125,1318.925048828125,1278.5,1312.050048828125,608116
2023-09-14,1315.0,1344.2750244140625,1312.5250244140625,1332.7750244140625,998006
2023-09-15,1340.425048828125,1377.5,1323.800048828125,1363.0250244140625,1301094
2023-09-18,1362.0,1362.0,1315.0,1324.2750244140625,1426032
2023-09-20,1312.5,1361.0,1310.550048828125,1342.0250244140625,1393160
2023-09-21,1339.4749755859375,1365.0,1323.7750244140625,1338.175048828125,1314084
2023-09-22,1345.300048828125,1368.5,1324.0,1328.449951171875,1173830
2023-09-25,1328.449951171875,1351.5,1323.5250244140625,1335.550048828125,610708
2023-09-26,1335.9749755859375,1365.0,1324.675048828125,1330.949951171875,1608594
2023-09-27,1337.0,1355.300048828125,1327.5,1335.050048828125,2231738
2023-09-28,1335.0999755859375,1341.0,1281.324951171875,1289.324951171875,3433218
2023-09-29,1302.3499755859375,1326.0,1291.625,1323.7249755859375,866700
2023-10-03,1324.9749755859375,1336.5,1311.675048828125,1330.5250244140625,939806
2023-10-04,1329.0,1334.0,1309.0,1329.824951171875,875812
2023-10-05,1337.449951171875,1350.0,1321.949951171875,1323.9749755859375,631764
2023-10-06,1325.75,1368.5,1324.2750244140625,1363.074951171875,960630
2023-10-09,1357.449951171875,1360.4000244140625,1336.699951171875,1344.9000244140625,824556
2023-10-10,1347.6500244140625,1384.9749755859375,1346.0,1381.6500244140625,1700342
2023-10-11,1396.0,1399.949951171875,1371.0,1373.5999755859375,1403308
2023-10-12,1379.949951171875,1390.0,1363.5,1377.7249755859375,2436808
2023-10-13,1391.4749755859375,1455.0,1388.2750244140625,1427.75,5301926
2023-10-16,1432.949951171875,1432.949951171875,1410.0,1429.25,891964
2023-10-17,1432.949951171875,1465.0,1432.949951171875,1449.675048828125,1482018
2023-10-18,1451.9749755859375,1451.9749755859375,1427.6500244140625,1430.8499755859375,500464
2023-10-19,1429.0,1440.0,1414.425048828125,1433.324951171875,846032
2023-10-20,1430.925048828125,1446.5250244140625,1426.375,1439.5,964020
2023-10-23,1429.0,1444.699951171875,1408.949951171875,1414.4749755859375,1472334
2023-10-25,1404.875,1432.75,1389.699951171875,1406.5999755859375,1010856
2023-10-26,1400.0,1400.0,1347.324951171875,1355.574951171875,1165360
2023-10-27,1366.0,1392.3499755859375,1366.0,1376.0999755859375,644314
2023-10-30,1382.0,1383.3499755859375,1345.300048828125,1353.9000244140625,782822
2023-10-31,1373.949951171875,1384.5,1354.449951171875,1367.0,1493156
2023-11-01,1373.7249755859375,1388.5,1356.5,1361.550048828125,494626
2023-11-02,1371.0,1389.75,1362.875,1365.125,872670
2023-11-03,1374.9749755859375,1383.125,1357.675048828125,1377.675048828125,752506
2023-11-06,1385.0,1402.25,1379.2249755859375,1383.949951171875,1028830
2023-11-07,1393.9749755859375,1394.949951171875,1373.925048828125,1387.9000244140625,1125030
2023-11-08,1391.9749755859375,1394.7750244140625,1368.125,1372.9749755859375,459652
2023-11-09,1374.9749755859375,1382.7750244140625,1362.375,1381.25,291048
2023-11-10,1379.074951171875,1393.9749755859375,1370.5250244140625,1384.925048828125,649250
2023-11-13,1388.6500244140625,1395.0,1369.4749755859375,1390.7249755859375,840820
2023-11-15,1396.4749755859375,1407.4749755859375,1383.2750244140625,1384.9749755859375,620668
2023-11-16,1378.5,1407.5,1378.5,1403.050048828125,488696
2023-11-17,1403.3499755859375,1484.949951171875,1395.5,1453.3499755859375,2673806
2023-11-20,1451.9749755859375,1469.0,1435.925048828125,1439.324951171875,680696
2023-11-21,1448.425048828125,1459.0,1435.699951171875,1439.3499755859375,885784
2023-11-22,1440.0,1451.5,1416.4749755859375,1426.8499755859375,615294
2023-11-23,1430.0,1442.300048828125,1420.0999755859375,1426.875,397090
2023-11-24,1427.4000244140625,1447.5,1416.3499755859375,1420.7750244140625,492292
2023-11-28,1425.0,1469.0999755859375,1424.0,1449.1500244140625,1131592
2023-11-29,1452.4749755859375,1473.75,1441.0999755859375,1466.375,529216
2023-11-30,1469.0250244140625,1500.0999755859375,1457.75,1484.7750244140625,2303334
2023-12-01,1494.949951171875,1499.0,1462.324951171875,1464.0250244140625,496440
2023-12-04,1475.9749755859375,1496.75,1473.550048828125,1476.7750244140625,748316
2023-12-05,1475.0,1517.074951171875,1465.625,1514.824951171875,1270268
2023-12-06,1524.4749755859375,1524.4749755859375,1493.5,1496.050048828125,829826
2023-12-07,1496.074951171875,1512.5,1489.324951171875,1498.0,1209934
2023-12-08,1498.0,1506.3499755859375,1486.449951171875,1493.5250244140625,974538
2023-12-11,1497.125,1505.0,1483.2750244140625,1488.050048828125,436790
2023-12-12,1494.5,1515.0,1490.125,1508.425048828125,1009402
2023-12-13,1513.3499755859375,1514.8499755859375,1481.2750244140625,1505.574951171875,767166
2023-12-14,1515.7249755859375,1532.8499755859375,1515.7249755859375,1524.7750244140625,777614
2023-12-15,1530.0,1535.4749755859375,1508.3499755859375,1512.3499755859375,770918
2023-12-18,1512.5,1530.949951171875,1509.050048828125,1513.925048828125,950546
2023-12-19,1517.5,1566.0999755859375,1506.050048828125,1561.0250244140625,1921968
2023-12-20,1564.949951171875,1635.75,1547.5,1558.300048828125,2335116
2023-12-21,1540.574951171875,1578.800048828125,1525.0250244140625,1574.300048828125,573692
2023-12-22,1587.5,1614.9749755859375,1570.074951171875,1610.75,829196
2023-12-26,1610.75,1645.2249755859375,1594.0,1597.7249755859375,1151172
2023-12-27,1614.5,1624.6500244140625,1601.125,1607.199951171875,725380
2023-12-28,1610.0,1617.449951171875,1597.5,1606.9749755859375,1220506
2023-12-29,1607.5,1612.5,1594.5,1602.5,580172
2024-01-01,1602.5,1614.3499755859375,1590.75,1610.6500244140625,303928
2024-01-02,1615.0,1635.0,1601.75,1630.4749755859375,748530
2024-01-03,1630.0,1638.8499755859375,1613.5,1618.625,366900
2024-01-04,1622.5,1676.125,1618.625,1663.175048828125,1209976
2024-01-05,1669.5,1669.5,1644.0,1651.800048828125,609926
2024-01-08,1637.5,1687.0,1637.5,1675.074951171875,896504
2024-01-09,1691.425048828125,1724.5,1672.0,1707.625,932218
2024-01-10,1709.9749755859375,1722.5,1681.699951171875,1709.449951171875,921458
2024-01-11,1715.0,1771.25,1706.550048828125,1750.8499755859375,2238284
2024-01-12,1772.5,1780.0,1705.5,1727.375,2237674
2024-01-15,1740.0,1767.675048828125,1730.5,1751.050048828125,1162702
2024-01-16,1757.4000244140625,1757.4000244140625,1709.050048828125,1718.0,1037288
2024-01-17,1696.0,1699.4000244140625,1641.2750244140625,1667.199951171875,770634
2024-01-18,1655.5,1708.300048828125,1628.0,1701.2750244140625,1300702
2024-01-19,1710.0,1744.5,1700.625,1739.3499755859375,803434
2024-01-23,1698.5250244140625,1731.7750244140625,1666.5,1683.550048828125,1833300
2024-01-24,1676.800048828125,1722.9749755859375,1664.199951171875,1717.875,803830
2024-01-25,1715.5,1747.0,1703.1500244140625,1714.324951171875,650550
2024-01-29,1714.0,1769.5999755859375,1703.1500244140625,1755.050048828125,1409190
2024-01-30,1762.4749755859375,1767.0,1739.0,1755.199951171875,1149726
2024-01-31,1764.0,1806.0,1761.550048828125,1790.75,1506634
2024-02-01,1790.75,1800.5999755859375,1767.5250244140625,1793.9749755859375,374652
2024-02-02,1798.949951171875,1808.300048828125,1775.925048828125,1783.425048828125,429416
2024-02-05,1787.0,1803.0,1756.574951171875,1779.074951171875,1124312
2024-02-06,1785.0,1815.0,1775.5,1812.125,698934
2024-02-07,1815.4749755859375,1829.925048828125,1805.0,1821.5,519448
2024-02-08,1830.0,1837.375,1810.5250244140625,1821.675048828125,355616
2024-02-09,1833.9000244140625,1845.0,1788.8499755859375,1818.324951171875,511562
2024-02-12,1821.0,1842.425048828125,1787.0999755859375,1818.125,1638454
2024-02-13,1824.949951171875,1889.5,1811.5999755859375,1882.4000244140625,1431082
2024-02-14,1875.0,1898.6500244140625,1840.5250244140625,1889.125,749592
2024-02-15,1889.1500244140625,1909.6500244140625,1862.0,1891.5,634966
2024-02-16,1907.3499755859375,1939.9749755859375,1891.5,1937.699951171875,536504
2024-02-19,1942.5250244140625,1944.875,1845.0,1867.25,2124130
2024-02-20,1873.0,1915.0,1862.574951171875,1887.25,1312970
2024-02-21,1890.0,1904.9000244140625,1863.0,1870.675048828125,470884
2024-02-22,1876.5,1896.4749755859375,1857.5250244140625,1891.4749755859375,406832
2024-02-23,1892.0,1919.1500244140625,1888.0,1908.925048828125,380830
2024-02-26,1909.949951171875,1954.9749755859375,1871.25,1940.449951171875,2308838
2024-02-27,1955.5,2033.25,1930.550048828125,1951.925048828125,2879020
2024-02-28,1951.925048828125,1959.4749755859375,1913.5,1918.4000244140625,539766
2024-02-29,1907.5,1913.625,1856.125,1876.5,3165748
2024-03-01,1876.5,1904.0,1861.5,1892.375,503454
2024-03-04,1885.0,1938.1500244140625,1885.0,1928.25,1019990
2024-03-05,1926.4749755859375,1927.800048828125,1885.0,1897.3499755859375,516942
2024-03-06,1896.3499755859375,1907.875,1866.050048828125,1881.550048828125,345596
2024-03-07,1885.0,1893.9749755859375,1865.0,1872.9000244140625,291510
2024-03-11,1875.0,1917.324951171875,1862.5,1884.050048828125,1111168
2024-03-12,1873.0,1885.0,1829.9749755859375,1844.550048828125,786888
2024-03-13,1844.550048828125,1875.449951171875,1793.0250244140625,1818.0250244140625,678648
2024-03-14,1792.5250244140625,1889.5,1791.175048828125,1877.5250244140625,620838
2024-03-15,1875.0,1915.7249755859375,1840.0,1909.324951171875,1278930
2024-03-18,1909.9749755859375,1912.3499755859375,1857.7750244140625,1870.675048828125,1056494
2024-03-19,1862.449951171875,1865.0,1823.0,1833.074951171875,764134
2024-03-20,1830.0,1847.824951171875,1793.199951171875,1805.699951171875,465324
2024-03-21,1815.074951171875,1841.0,1811.0250244140625,1835.625,417580
2024-03-22,1835.625,1909.5,1834.0,1886.699951171875,1686008
2024-03-26,1887.125,1929.0,1873.8499755859375,1905.425048828125,989612
2024-03-27,1905.300048828125,1918.5250244140625,1889.0,1897.7750244140625,305874
2024-03-28,1899.9749755859375,1904.875,1872.074951171875,1877.050048828125,662492
2024-04-01,1899.5,1912.2249755859375,1886.0,1892.550048828125,1484820
2024-04-02,1906.0,1906.0,1828.449951171875,1878.3499755859375,1434838
2024-04-03,1874.9749755859375,1890.5,1861.0250244140625,1871.9000244140625,360558
2024-04-04,1877.0,1879.0,1845.0,1849.675048828125,449102
2024-04-05,1849.675048828125,1852.7249755859375,1830.625,1837.3499755859375,511864
2024-04-08,1835.4000244140625,1843.5,1808.125,1830.175048828125,1431236
2024-04-09,1835.074951171875,1862.9749755859375,1825.5,1851.949951171875,731756
2024-04-10,1859.4749755859375,1877.7249755859375,1848.875,1852.875,1052856
2024-04-12,1852.875,1866.0,1830.0,1840.0999755859375,949218
2024-04-15,1815.0,1852.6500244140625,1798.800048828125,1823.449951171875,1201260
2024-04-16,1824.925048828125,1887.800048828125,1824.925048828125,1864.4749755859375,2934572
2024-04-18,1867.5250244140625,1912.5,1865.0,1886.199951171875,1205268
2024-04-19,1884.0250244140625,1884.0250244140625,1822.5250244140625,1854.2249755859375,973044
2024-04-22,1865.0,1875.5,1812.6500244140625,1823.75,1533888
2024-04-23,1824.9749755859375,1848.949951171875,1818.0250244140625,1822.875,659864
2024-04-24,1823.0,1833.4749755859375,1799.074951171875,1830.199951171875,798326
2024-04-25,1830.0,1852.5,1818.0250244140625,1843.800048828125,675132
2024-04-26,1847.5,1893.0999755859375,1847.5,1858.8499755859375,717404
2024-04-29,1866.0,1893.0,1854.050048828125,1885.425048828125,637550
2024-04-30,1894.0,1971.9749755859375,1890.5,1947.324951171875,3433536
2024-05-02,1960.0,1975.050048828125,1946.5,1969.199951171875,468392
2024-05-03,1970.0,1991.925048828125,1947.9000244140625,1958.9749755859375,531308
2024-05-06,1974.949951171875,1974.949951171875,1936.2750244140625,1943.8499755859375,447032
2024-05-07,1943.8499755859375,1966.0250244140625,1875.300048828125,1882.4000244140625,1028066
2024-05-08,1891.9000244140625,1891.9000244140625,1853.5250244140625,1857.875,453526
2024-05-09,1864.949951171875,1869.2249755859375,1800.949951171875,1808.199951171875,435590
2024-05-10,1813.5,1850.0,1808.199951171875,1819.800048828125,338488
2024-05-13,1819.800048828125,1846.3499755859375,1764.0,1836.574951171875,945940
2024-05-14,1842.5,1860.949951171875,1821.5999755859375,1838.949951171875,352882
2024-05-15,1839.0,1884.2249755859375,1838.0999755859375,1881.0250244140625,292902
2024-05-16,1889.5,1930.0,1882.5250244140625,1927.4749755859375,519840
2024-05-17,1927.4749755859375,1937.425048828125,1887.5250244140625,1892.25,567618
2024-05-21,1893.300048828125,1905.0,1880.0,1898.25,449644
2024-05-22,1898.75,1912.5,1883.800048828125,1899.4000244140625,495070
2024-05-23,1901.7249755859375,1917.5,1880.7750244140625,1913.5250244140625,345272
2024-05-24,1920.0,1922.5,1901.125,1908.175048828125,308854
2024-05-27,1917.0,2010.0,1896.0,1959.949951171875,2289480
2024-05-28,1962.9749755859375,2020.5,1955.824951171875,2005.800048828125,1694452
2024-05-29,1990.2750244140625,1999.425048828125,1940.2750244140625,1946.7249755859375,642100
2024-05-30,1935.5,1936.0,1863.0250244140625,1874.375,1215110
2024-05-31,1885.0,1952.4749755859375,1882.0,1942.1500244140625,1269932
2024-06-03,2000.0,2093.47509765625,2000.0,2045.0999755859375,2950286
2024-06-04,2037.5250244140625,2038.9749755859375,1707.7750244140625,1728.699951171875,3167694
2024-06-05,1754.0,1870.7249755859375,1720.625,1852.699951171875,1916838
2024-06-06,1874.5,1904.5,1850.550048828125,1880.25,903012
2024-06-07,1899.449951171875,1920.0,1867.7249755859375,1911.5999755859375,626870
2024-06-10,1932.0,1947.5,1870.574951171875,1895.4000244140625,1866114
2024-06-11,1905.0,1924.824951171875,1867.5,1908.425048828125,1173968
2024-06-12,1913.9000244140625,2014.8499755859375,1908.425048828125,2002.050048828125,1277902
2024-06-13,2015.0,2044.9749755859375,1987.449951171875,1998.074951171875,939574
2024-06-14,1999.5,2012.5,1977.5250244140625,2007.199951171875,788392
2024-06-18,1972.5,1985.5250244140625,1958.0250244140625,1980.5250244140625,756348
2024-06-19,1983.300048828125,1995.2249755859375,1942.824951171875,1950.1500244140625,337688
2024-06-20,1951.25,1964.9749755859375,1933.2249755859375,1946.0999755859375,397838
2024-06-21,1957.5,1974.175048828125,1942.5,1956.4000244140625,393214
2024-06-24,1932.5,1997.5,1903.0250244140625,1984.449951171875,1162756
2024-06-25,1997.5,2063.949951171875,1992.625,2056.800048828125,2904328
2024-06-26,2064.0,2076.27490234375,2015.0250244140625,2022.175048828125,1031658
2024-06-27,2010.75,2033.4749755859375,1995.0,2021.949951171875,607586
2024-06-28,2013.550048828125,2046.199951171875,1991.925048828125,1996.6500244140625,545160
2024-07-01,1999.9749755859375,2062.449951171875,1991.324951171875,2054.85009765625,1101036
2024-07-02,2054.85009765625,2057.5,2013.5250244140625,2047.9749755859375,895980
2024-07-03,2052.47509765625,2097.97509765625,2037.824951171875,2062.97509765625,955596
2024-07-04,2070.97509765625,2124.375,2053.949951171875,2110.39990234375,847864
2024-07-05,2114.949951171875,2132.47509765625,2100.625,2117.35009765625,816536
2024-07-08,2115.5,2126.10009765625,2051.824951171875,2079.52490234375,1450420
2024-07-09,2079.5,2099.949951171875,2065.5,2093.47509765625,566662
2024-07-10,2100.0,2100.0,2025.0,2079.824951171875,644216
2024-07-11,2089.5,2099.0,2065.64990234375,2090.72509765625,403540
2024-07-12,2089.52490234375,2100.0,2070.0,2084.47509765625,668850
2024-07-15,2085.5,2148.199951171875,2062.5,2098.199951171875,3190482
2024-07-16,2112.0,2138.97509765625,2038.0999755859375,2043.925048828125,1636448
2024-07-18,2043.925048828125,2085.60009765625,2030.5,2081.25,1378636
2024-07-19,2083.47509765625,2099.0,2021.0,2033.074951171875,1113458
2024-07-22,2020.0,2072.0,1988.875,2027.25,1841682
2024-07-23,2028.0250244140625,2050.0,1851.7750244140625,1978.449951171875,3027068
2024-07-24,1978.449951171875,2042.550048828125,1970.1500244140625,2029.9000244140625,1416578
2024-07-25,2022.175048828125,2042.6500244140625,2001.125,2029.25,1044172
2024-07-26,2029.25,2077.0,2025.0,2052.550048828125,762104
2024-07-29,2055.0,2108.47509765625,2052.60009765625,2072.925048828125,941626
2024-07-30,2074.97509765625,2088.47509765625,2046.4000244140625,2052.85009765625,1263734
2024-07-31,2052.85009765625,2079.875,2050.0,2057.125,1237700
2024-08-01,2069.39990234375,2105.97509765625,2060.14990234375,2091.425048828125,994864
2024-08-02,2075.0,2080.0,2050.0,2061.89990234375,1619870
2024-08-05,2024.9749755859375,2034.449951171875,1977.7750244140625,2014.824951171875,1630134
2024-08-06,2025.0,2059.60009765625,1980.800048828125,1992.050048828125,1409020
2024-08-07,2034.0,2047.5250244140625,2010.5,2034.7249755859375,915732
2024-08-08,2033.0,2089.925048828125,2027.699951171875,2054.375,772820
2024-08-09,2082.875,2094.574951171875,2056.14990234375,2066.625,1489786
2024-08-12,2065.02490234375,2108.375,2035.0,2104.050048828125,840346
2024-08-13,2105.0,2127.60009765625,2063.074951171875,2071.02490234375,1051192
2024-08-14,2096.39990234375,2100.550048828125,2067.199951171875,2072.050048828125,732968
2024-08-16,2082.5,2122.425048828125,2081.02490234375,2108.14990234375,940164
2024-08-19,2119.35009765625,2121.925048828125,2081.02490234375,2098.074951171875,1768752
2024-08-20,2107.35009765625,2158.47509765625,2087.85009765625,2149.375,1905824
2024-08-21,2150.5,2197.89990234375,2143.0,2194.77490234375,1658900
2024-08-22,2197.52490234375,2219.425048828125,2182.5,2212.699951171875,1683236
2024-08-23,2210.0,2218.5,2189.02490234375,2192.875,991610
2024-08-26,2192.5,2216.925048828125,2182.800048828125,2202.77490234375,1065858
2024-08-27,2202.77490234375,2263.97509765625,2192.64990234375,2253.675048828125,1658922
2024-08-28,2254.25,2254.97509765625,2230.625,2237.47509765625,277566
2024-08-29,2237.47509765625,2246.97509765625,2212.949951171875,2227.0,1017062
2024-08-30,2227.0,2239.925048828125,2205.25,2210.25,1232220
2024-09-02,2215.97509765625,2239.800048828125,2196.175048828125,2201.64990234375,448112
2024-09-03,2202.050048828125,2234.02490234375,2180.0,2229.925048828125,1030320
2024-09-04,2208.0,2257.47509765625,2206.800048828125,2252.175048828125,701830
2024-09-05,2257.0,2273.10009765625,2246.125,2257.175048828125,748700
2024-09-06,2253.0,2269.85009765625,2202.550048828125,2209.0,648946
2024-09-09,2209.0,2209.02490234375,2185.0,2200.699951171875,639202
2024-09-10,2214.949951171875,2224.199951171875,2161.75,2187.85009765625,1025578
2024-09-11,2188.02490234375,2229.47509765625,2188.02490234375,2200.925048828125,555186
2024-09-12,2200.925048828125,2216.699951171875,2183.949951171875,2193.14990234375,466108
2024-09-13,2202.0,2225.0,2193.324951171875,2211.199951171875,636528
2024-09-16,2219.0,2232.300048828125,2198.64990234375,2216.5,764594
2024-09-17,2219.72509765625,2226.89990234375,2200.0,2210.949951171875,557156
2024-09-18,2210.949951171875,2243.0,2196.050048828125,2216.125,380498
2024-09-19,2220.0,2243.0,2149.949951171875,2194.89990234375,897240
2024-09-20,2196.0,2207.47509765625,2180.0,2189.14990234375,1475934
2024-09-23,2192.75,2216.5,2165.0,2206.39990234375,831256
2024-09-24,2211.0,2267.14990234375,2195.0,2239.574951171875,1116268
2024-09-25,2244.949951171875,2252.85009765625,2212.52490234375,2235.60009765625,522548
2024-09-26,2245.199951171875,2270.5,2208.0,2263.77490234375,536208
2024-09-27,2262.5,2262.5,2205.5,2210.27490234375,993054
2024-09-30,2210.0,2210.0,2137.77490234375,2149.64990234375,797224
2024-10-01,2159.0,2195.35009765625,2150.875,2182.5,671976
2024-10-03,2146.0,2175.0,2100.52490234375,2112.824951171875,462290
2024-10-04,2112.5,2144.824951171875,2092.324951171875,2109.72509765625,571368
2024-10-07,2101.5,2118.97509765625,2051.125,2066.39990234375,966506
2024-10-08,2050.0,2101.0,2050.0,2094.72509765625,743846
2024-10-09,2124.949951171875,2194.47509765625,2119.675048828125,2184.89990234375,1384092
2024-10-10,2180.25,2221.77490234375,2176.125,2205.22509765625,771062
2024-10-11,2205.5,2227.5,2172.5,2224.699951171875,1435862
2024-10-14,2238.47509765625,2251.0,2207.0,2241.02490234375,994138
2024-10-15,2249.949951171875,2302.125,2232.574951171875,2277.550048828125,3133600
2024-10-16,2280.0,2432.0,2280.0,2413.949951171875,6730060
2024-10-17,2412.02490234375,2412.02490234375,2345.14990234375,2364.324951171875,1340284
2024-10-18,2349.47509765625,2375.10009765625,2302.5,2354.875,687266
2024-10-21,2370.449951171875,2400.0,2295.02490234375,2301.47509765625,1214348
2024-10-22,2301.47509765625,2323.949951171875,2245.27490234375,2255.425048828125,1134084
2024-10-23,2243.5,2284.97509765625,2220.02490234375,2249.5,959870
2024-10-24,2249.5,2270.425048828125,2180.77490234375,2217.22509765625,876938
2024-10-25,2225.0,2257.699951171875,2152.52490234375,2171.125,1132414
2024-10-28,2182.72509765625,2206.64990234375,2152.5,2168.75,805170
2024-10-29,2170.0,2217.675048828125,2108.27490234375,2209.52490234375,1342094
2024-10-30,2219.5,2219.5,2180.60009765625,2192.300048828125,651610
2024-10-31,2200.449951171875,2200.449951171875,2129.25,2149.72509765625,1040584
2024-11-01,2170.0,2179.574951171875,2155.0,2161.425048828125,110624
2024-11-04,2171.02490234375,2171.02490234375,2113.5,2141.699951171875,1120384
2024-11-05,2147.0,2164.0,2091.25,2147.0,1719128
2024-11-06,2150.0,2254.5,2150.0,2249.22509765625,1237050
2024-11-07,2254.800048828125,2269.5,2229.0,2258.574951171875,553968
2024-11-08,2264.5,2276.449951171875,2230.02490234375,2242.27490234375,531956
2024-11-11,2242.27490234375,2250.0,2196.324951171875,2225.02490234375,594912
2024-11-12,2237.0,2270.0,2190.02490234375,2198.75,955806
2024-11-13,2180.47509765625,2186.050048828125,2110.0,2124.574951171875,728754
2024-11-14,2124.52490234375,2180.0,2124.02490234375,2139.375,787290
2024-11-18,2138.0,2139.375,2083.52490234375,2091.175048828125,1369562
2024-11-19,2091.0,2114.5,2075.875,2095.074951171875,910972
2024-11-21,2100.0,2118.800048828125,2063.300048828125,2107.050048828125,1747022
2024-11-22,2112.300048828125,2120.0,2092.550048828125,2111.625,945050
2024-11-25,2152.47509765625,2186.675048828125,2136.10009765625,2171.72509765625,1409054
2024-11-26,2187.75,2187.75,2116.0,2119.22509765625,538878
2024-11-27,2119.22509765625,2129.199951171875,2100.5,2120.949951171875,591086
2024-11-28,2129.27490234375,2139.699951171875,2093.5,2104.875,378764
2024-11-29,2117.0,2117.875,2094.0,2102.125,687334
2024-12-02,2097.0,2148.074951171875,2089.824951171875,2125.02490234375,675400
2024-12-03,2130.02490234375,2141.800048828125,2120.47509765625,2129.14990234375,739190
2024-12-04,2137.0,2185.75,2130.22509765625,2181.300048828125,995192
2024-12-05,2197.5,2197.5,2159.02490234375,2178.5,791510
2024-12-06,2192.425048828125,2203.5,2173.949951171875,2181.949951171875,410454
2024-12-09,2178.02490234375,2255.375,2166.050048828125,2234.574951171875,1193452
2024-12-10,2237.85009765625,2240.375,2200.0,2228.25,619290
2024-12-11,2234.10009765625,2274.89990234375,2225.699951171875,2271.925048828125,659634
2024-12-12,2273.5,2289.97509765625,2250.0,2271.300048828125,566166
2024-12-13,2269.52490234375,2271.550048828125,2200.0,2269.425048828125,383296
2024-12-16,2275.0,2289.0,2247.77490234375,2258.375,367930
2024-12-17,2250.0,2254.22509765625,2201.0,2207.5,625680
2024-12-18,2205.0,2207.675048828125,2170.0,2184.074951171875,356458
2024-12-19,2155.5,2203.5,2136.47509765625,2197.10009765625,789838
2024-12-20,2199.5,2217.675048828125,2107.14990234375,2131.39990234375,837392
2024-12-23,2137.5,2164.60009765625,2120.0,2124.824951171875,530572
2024-12-24,2125.0,2139.14990234375,2105.5,2108.300048828125,225676
2024-12-26,2148.0,2148.0,2106.824951171875,2134.72509765625,572788
2024-12-27,2135.175048828125,2162.22509765625,2126.47509765625,2131.550048828125,419692
2024-12-30,2124.5,2149.47509765625,2088.875,2132.699951171875,1026418
2024-12-31,2115.0,2127.449951171875,2091.02490234375,2099.52490234375,795528
2025-01-01,2099.97509765625,2108.89990234375,2072.550048828125,2081.27490234375,594116
2025-01-02,2090.0,2146.27490234375,2080.02490234375,2140.97509765625,607908
2025-01-03,2149.0,2155.0,2080.39990234375,2112.324951171875,953024
2025-01-06,2100.0,2119.22509765625,2011.0,2052.47509765625,1650778
2025-01-07,2045.449951171875,2064.949951171875,2031.2249755859375,2035.8499755859375,577822
2025-01-08,2039.824951171875,2040.824951171875,1996.0,2031.2249755859375,995150
2025-01-09,2031.2249755859375,2039.9749755859375,1971.0,1975.199951171875,358956
2025-01-10,1979.9749755859375,1989.4749755859375,1916.4749755859375,1922.4000244140625,947064
2025-01-13,1900.0,1952.4749755859375,1896.0999755859375,1917.2750244140625,796840
2025-01-14,1926.175048828125,1973.550048828125,1906.675048828125,1932.5250244140625,1325996
2025-01-15,1950.925048828125,2057.47509765625,1920.5250244140625,2023.75,3728602
2025-01-16,2023.925048828125,2059.0,2022.5,2045.3499755859375,715796
2025-01-17,2045.0,2049.949951171875,2003.0250244140625,2015.425048828125,595028
2025-01-20,2019.324951171875,2044.9749755859375,2000.300048828125,2020.199951171875,823842
2025-01-21,2021.9749755859375,2042.75,2005.875,2014.8499755859375,821218
2025-01-22,2029.9000244140625,2029.9000244140625,1962.75,1975.550048828125,1012250
2025-01-23,1971.0,2016.550048828125,1952.2249755859375,2000.8499755859375,597190
2025-01-24,2014.449951171875,2022.5,1932.1500244140625,1938.9000244140625,593050
2025-01-27,1930.175048828125,1932.0,1850.0,1857.0999755859375,1153368
2025-01-28,1888.175048828125,1888.175048828125,1830.800048828125,1844.324951171875,717374
2025-01-29,1849.9749755859375,1897.2249755859375,1841.0999755859375,1892.8499755859375,258272
2025-01-30,1905.0,1905.9749755859375,1877.7750244140625,1884.675048828125,811496
2025-01-31,1884.675048828125,2000.0,1877.074951171875,1934.949951171875,718238
2025-02-01,1934.925048828125,2003.7750244140625,1885.5,1954.050048828125,502460
2025-02-03,1950.0,1950.0,1893.0,1905.449951171875,815874
2025-02-04,1922.4749755859375,1962.0,1920.0250244140625,1934.175048828125,1078436
2025-02-05,1945.0,2018.9749755859375,1940.0250244140625,1996.425048828125,1567432
2025-02-06,2007.4000244140625,2021.9749755859375,1961.0,1967.824951171875,549530
2025-02-07,1967.824951171875,1985.0,1920.175048828125,1961.175048828125,495928
2025-02-10,1962.0,1977.675048828125,1917.875,1936.199951171875,462162
2025-02-11,1935.5,1935.5,1823.9749755859375,1842.2249755859375,1233914
2025-02-12,1842.5,1883.4749755859375,1781.5250244140625,1851.824951171875,1542350
2025-02-13,1865.7249755859375,1890.0,1840.5250244140625,1877.925048828125,890224
2025-02-14,1882.5,1895.0,1847.5,1876.2249755859375,1322252
2025-02-17,1872.5,1897.4749755859375,1826.4000244140625,1865.2750244140625,838260
2025-02-18,1862.5,1878.0,1842.5999755859375,1868.925048828125,921626
2025-02-19,1865.5,1915.9749755859375,1850.550048828125,1895.875,468990
2025-02-20,1882.5,1947.0999755859375,1880.0,1939.800048828125,480598
2025-02-21,1931.9749755859375,1964.0,1889.0250244140625,1896.550048828125,935990
2025-02-24,1893.7249755859375,1905.0,1861.175048828125,1891.7249755859375,440498
2025-02-25,1891.5,1918.9749755859375,1870.0,1882.625,434252
2025-02-27,1872.550048828125,1881.425048828125,1823.25,1844.4000244140625,1480148
2025-02-28,1835.5250244140625,1838.925048828125,1800.5,1814.1500244140625,1271818
2025-03-03,1817.7249755859375,1866.4749755859375,1811.4000244140625,1856.324951171875,736396
2025-03-04,1840.3499755859375,1875.0,1826.800048828125,1847.5,741638
2025-03-05,1840.0250244140625,1940.425048828125,1835.0,1932.1500244140625,997838
2025-03-06,1941.949951171875,1956.2249755859375,1906.5250244140625,1921.0250244140625,862932
2025-03-07,1921.0250244140625,1953.550048828125,1910.2750244140625,1917.0999755859375,712230
2025-03-10,1913.074951171875,1928.5999755859375,1866.0999755859375,1875.050048828125,887760
2025-03-11,1861.0,1897.0,1839.5,1889.6500244140625,527654
2025-03-12,1885.0,1907.5,1834.1500244140625,1883.824951171875,599140
2025-03-13,1880.0999755859375,1886.25,1830.0,1862.550048828125,859344
2025-03-17,1863.050048828125,1896.9749755859375,1859.199951171875,1873.324951171875,484400
2025-03-18,1873.324951171875,1873.324951171875,1873.324951171875,1873.324951171875,0
2025-03-19,1900.0,1992.550048828125,1900.0,1987.875,813080
2025-03-20,1997.800048828125,2021.625,1972.574951171875,1983.9000244140625,836320
2025-03-21,1977.699951171875,2037.0,1970.0999755859375,1997.2750244140625,1709870
2025-03-24,2005.0,2064.949951171875,1996.25,2050.22509765625,593836
2025-03-25,2065.0,2070.0,2026.125,2056.14990234375,1233648
2025-03-26,2057.5,2094.199951171875,2030.0,2035.675048828125,1112578
2025-03-27,2035.675048828125,2069.425048828125,2027.8499755859375,2036.6500244140625,1924882
2025-03-28,2047.4749755859375,2063.0,1997.199951171875,2006.949951171875,524930
2025-04-01,2006.949951171875,2035.0,1961.050048828125,1988.2750244140625,622060
2025-04-02,1995.0,2045.4749755859375,1972.0250244140625,2037.675048828125,605100
2025-04-03,2018.199951171875,2044.0,2008.1500244140625,2021.75,876714
2025-04-04,2022.4000244140625,2029.0,1940.0,1953.1500244140625,836150
2025-04-07,1825.0,1882.5250244140625,1783.425048828125,1866.050048828125,1869488
2025-04-08,1890.0250244140625,1940.2249755859375,1887.75,1918.175048828125,1292042
2025-04-09,1918.175048828125,1925.0,1890.699951171875,1899.9749755859375,964922
2025-04-11,1887.875,2015.5,1887.5,1993.625,1333996
2025-04-15,2014.5,2070.449951171875,2003.0,2066.550048828125,1014002
2025-04-16,2066.5,2069.300048828125,2038.0,2065.0,811810
2025-04-17,2065.0,2126.449951171875,2030.550048828125,2109.0,1570204
2025-04-21,2117.5,2248.550048828125,2102.5,2229.89990234375,2154574
2025-04-22,2227.050048828125,2264.699951171875,2217.64990234375,2254.800048828125,1129072
2025-04-23,2254.5,2312.5,2245.5,2279.75,1645778
2025-04-24,2276.0,2300.0,2255.550048828125,2273.699951171875,1124494
2025-04-25,2277.050048828125,2300.5,2183.550048828125,2191.25,1451192
2025-04-28,2190.0,2221.85009765625,2171.050048828125,2214.64990234375,849918
2025-04-29,2221.949951171875,2247.10009765625,2195.5,2208.0,536718
2025-04-30,2198.0,2230.0,2179.64990234375,2187.199951171875,569200
2025-05-02,2188.5,2247.5,2188.5,2195.60009765625,850824
2025-05-05,2201.550048828125,2239.449951171875,2182.64990234375,2232.5,478010
2025-05-06,2232.5,2239.0,2155.5,2169.0,690696
2025-05-07,2151.0,2219.89990234375,2150.0,2214.699951171875,667894
2025-05-08,2212.5,2225.0,2125.75,2143.89990234375,842560
2025-05-09,2116.0,2142.050048828125,2087.5,2135.800048828125,566858
2025-05-12,2195.89990234375,2272.550048828125,2175.050048828125,2264.550048828125,854130
2025-05-13,2265.0,2286.0,2245.050048828125,2248.300048828125,938474
2025-05-14,2257.0,2294.10009765625,2241.64990234375,2284.449951171875,1213162
2025-05-15,2295.0,2356.64990234375,2270.89990234375,2351.199951171875,2404438
2025-05-16,2360.0,2386.0,2344.10009765625,2368.64990234375,1996018
2025-05-19,2380.39990234375,2422.5,2369.0,2406.35009765625,1785064
2025-05-20,2410.800048828125,2416.0,2369.449951171875,2382.699951171875,1954260
2025-05-21,2380.0,2416.0,2347.050048828125,2407.75,852190
2025-05-22,2407.75,2434.949951171875,2375.0,2392.300048828125,1267304
2025-05-23,2400.0,2417.050048828125,2385.050048828125,2407.050048828125,741624
2025-05-26,2405.0,2445.5,2400.0,2415.39990234375,577424
2025-05-27,2415.39990234375,2422.5,2387.550048828125,2404.199951171875,309984
2025-05-28,2416.199951171875,2442.0,2400.0,2413.699951171875,597830
2025-05-29,2415.0,2435.449951171875,2393.39990234375,2422.449951171875,571128
2025-05-30,2431.0,2441.64990234375,2386.050048828125,2391.5,1029842
2025-06-02,2375.0,2412.5,2375.0,2410.60009765625,690620
2025-06-03,2419.449951171875,2469.699951171875,2390.25,2394.75,1027216
2025-06-04,2400.89990234375,2410.699951171875,2363.0,2369.800048828125,861856
2025-06-05,2381.0,2452.0,2367.10009765625,2442.89990234375,1773732
2025-06-06,2417.5,2578.89990234375,2410.5,2543.75,4772156
2025-06-09,2551.5,2639.449951171875,2540.10009765625,2608.60009765625,1731976
2025-06-10,2620.0,2620.0,2553.0,2560.449951171875,1011332
2025-06-11,2560.0,2603.449951171875,2544.60009765625,2561.949951171875,777532
2025-06-12,2559.5,2570.0,2510.699951171875,2515.60009765625,618352
2025-06-13,2465.5,2511.449951171875,2464.050048828125,2484.60009765625,1067046
2025-06-16,2350.0,2511.39990234375,2350.0,2485.14990234375,1212002
2025-06-17,2477.5,2499.5,2460.39990234375,2491.949951171875,578248
2025-06-18,2506.050048828125,2506.050048828125,2453.5,2471.5,781590
2025-06-19,2467.0,2502.89990234375,2435.10009765625,2438.75,465524
2025-06-20,2434.25,2487.64990234375,2433.39990234375,2479.300048828125,814140
2025-06-23,2460.5,2493.60009765625,2455.0,2469.25,426042
2025-06-24,2497.5,2547.5,2491.85009765625,2531.699951171875,809230
2025-06-25,2548.25,2562.0,2532.35009765625,2546.14990234375,514844
2025-06-26,2540.0,2564.699951171875,2506.0,2537.5,734016
2025-06-27,2549.39990234375,2589.89990234375,2529.050048828125,2574.25,646350
2025-06-30,2575.0,2609.89990234375,2573.699951171875,2595.89990234375,388280
2025-07-01,2597.25,2610.0,2559.25,2571.5,347666
2025-07-02,2550.5,2574.5,2521.75,2538.0,252610
2025-07-03,2539.5,2561.0,2517.5,2522.5,655578
2025-07-04,2522.5,2541.75,2492.25,2516.75,459094
2025-07-07,2516.5,2557.5,2492.0,2499.5,734382
2025-07-08,2511.0,2584.75,2510.5,2554.5,1744412
2025-07-09,2562.5,2586.5,2536.5,2570.5,781838
2025-07-10,2570.75,2616.75,2570.75,2603.75,1330220
2025-07-11,2600.0,2610.0,2545.0,2558.0,473158
2025-07-14,2556.0,2573.5,2526.25,2545.75,331236
2025-07-15,2562.0,2650.0,2555.25,2641.75,1814928
2025-07-16,2642.0,2682.5,2639.25,2676.75,1613654
2025-07-17,2691.25,2774.25,2671.25,2755.0,3217284
2025-07-18,2764.25,2813.0,2755.25,2795.0,3387632
2025-07-21,2795.0,2827.5,2768.5,2811.0,819598
2025-07-22,2825.0,2825.0,2778.25,2796.25,605784
2025-07-23,2799.5,2809.75,2786.5,2799.5,890700
2025-07-24,2790.0,2801.5,2768.75,2781.5,377622
2025-07-25,2775.5,2795.0,2752.0,2775.75,800432
2025-07-28,2762.5,2824.75,2753.75,2781.75,973040
2025-07-29,2768.0,2836.5,2758.75,2813.75,1632592
2025-07-30,2817.0,2847.5,2791.25,2835.0,773452
2025-07-31,2802.5,2846.5,2783.75,2825.0,1122856
2025-08-01,2822.0,2839.0,2793.0,2807.5,559116
2025-08-04,2807.25,2862.5,2801.25,2842.5,796510
2025-08-05,2850.0,2852.0,2814.25,2836.75,879702
2025-08-06,2845.5,2857.25,2825.5,2840.5,834734
2025-08-07,2830.5,2849.5,2788.5,2832.25,769596
2025-08-08,2833.5,2833.5,2765.25,2781.0,504560
2025-08-11,2784.25,2807.25,2724.25,2750.5,1468858
2025-08-12,2768.0,2790.0,2722.75,2733.0,927894
2025-08-13,2749.5,2760.0,2736.5,2740.75,596870
2025-08-14,2742.5,2765.0,2702.0,2745.5,1737370
2025-08-18,2760.0,2865.5,2757.75,2858.5,1141554
2025-08-19,2860.0,2870.0,2820.5,2859.5,788962
2025-08-20,2855.25,2859.25,2819.75,2854.75,552500
2025-08-21,2869.25,2905.0,2843.25,2897.0,950302
2025-08-22,2903.75,2934.75,2897.25,2914.0,1186878
2025-08-25,2920.0,2963.75,2913.25,2946.0,957974
2025-08-26,2941.25,2961.0,2868.0,2879.75,915742
2025-08-28,2872.5,2872.5,2784.5,2791.0,926700
2025-08-29,2794.75,2809.0,2725.0,2731.5,928214
2025-09-01,2731.5,2795.0,2721.0,2789.75,590140
2025-09-02,2798.0,2799.5,2756.25,2765.25,300678
2025-09-03,2770.0,2820.0,2768.75,2798.75,641778
2025-09-04,2820.0,2825.0,2775.0,2784.75,572552
2025-09-05,2794.5,2821.0,2771.75,2786.25,524070
2025-09-08,2788.25,2872.5,2784.25,2856.25,844332
2025-09-09,2855.0,2864.0,2815.5,2826.25,498592
2025-09-10,2835.25,2916.5,2835.25,2902.25,969338
2025-09-11,2887.5,2919.25,2862.0,2899.5,741338
2025-09-12,2915.0,2919.5,2895.5,2899.25,359580
2025-09-15,2895.5,2895.5,2856.75,2872.0,350410
2025-09-16,2883.75,2920.0,2875.0,2889.75,413052
2025-09-17,2903.75,2919.75,2886.5,2904.0,309696
2025-09-18,2915.0,2935.25,2903.25,2925.0,311378
2025-09-19,2934.0,2950.0,2920.5,2928.25,709726
2025-09-22,2937.5,2952.5,2905.0,2913.75,318136
2025-09-23,2915.0,2951.75,2905.5,2941.75,635528
2025-09-24,2932.0,2950.0,2871.0,2895.0,562108
2025-09-25,2896.5,2908.75,2870.0,2875.5,495084
2025-09-26,2873.5,2890.0,2804.5,2810.5,444412
2025-09-29,2810.75,2843.25,2776.5,2811.5,716636
2025-09-30,2802.5,2814.5,2719.0,2766.25,1120878
2025-10-01,2762.0,2795.0,2762.0,2777.75,486324
2025-10-03,2792.0,2816.75,2777.5,2795.5,871432
2025-10-06,2798.5,2838.75,2795.5,2830.5,537854
2025-10-07,2844.25,2844.25,2762.5,2778.25,682296
2025-10-08,2765.0,2783.0,2720.75,2737.75,658820
2025-10-09,2747.0,2764.75,2715.25,2739.5,832926
2025-10-10,2747.5,2774.5,2726.0,2760.0,883626
2025-10-13,2775.75,2842.5,2774.75,2834.5,1287142
2025-10-14,2849.0,2856.25,2794.0,2797.0,620692
2025-10-15,2808.5,2904.5,2805.5,2882.0,2416320
2025-10-16,2895.25,2967.25,2780.25,2901.75,3245468
2025-10-17,2901.75,2947.5,2851.5,2857.75,965010
2025-10-20,2871.5,2886.25,2838.75,2858.0,514468
2025-10-21,2869.75,2876.75,2840.5,2853.75,84866
2025-10-23,2872.5,2872.5,2798.0,2806.0,658268
2025-10-24,2808.25,2820.0,2753.25,2771.75,605608
2025-10-27,2780.0,2803.25,2775.75,2779.5,721390
2025-10-28,2787.5,2841.75,2772.0,2823.25,886968
2025-10-29,2710.75,2734.5,2644.0,2699.0,4400454
2025-10-30,2700.75,2709.5,2670.5,2682.25,1488562
2025-10-31,2695.0,2724.25,2680.0,2689.5,932400
2025-11-03,2689.5,2714.0,2655.0,2702.25,931202
2025-11-04,2697.5,2737.25,2695.5,2701.25,1240214
2025-11-06,2621.25,2712.5,2621.25,2694.25,978448
2025-11-07,2690.5,2723.25,2647.75,2716.25,909932
2025-11-10,2716.25,2755.0,2708.25,2748.0,369724
2025-11-11,2762.5,2762.5,2712.5,2740.0,594370
2025-11-12,2752.5,2761.75,2725.75,2742.75,653398
2025-11-13,2750.0,2786.0,2732.5,2738.75,878676
2025-11-14,2742.5,2749.0,2682.0,2706.5,814572
2025-11-17,2719.0,2734.5,2704.0,2719.25,626530
2025-11-18,2730.0,2749.0,2692.5,2698.25,532134
2025-11-19,2698.25,2705.5,2669.75,2696.0,853640
2025-11-20,2706.75,2709.75,2690.25,2699.5,723608
2025-11-21,2700.0,2712.75,2675.75,2696.75,849466
2025-11-24,2709.75,2725.5,2675.0,2685.5,1086588
2025-11-25,2690.5,2694.0,2656.0,2668.25,790564
2025-11-26,2682.0,2697.5,2658.5,2679.0,430478
2025-11-27,2705.5,2705.5,2656.5,2680.0,271818
2025-11-28,2680.0,2695.0,2659.0,2673.0,298038
2025-12-01,2679.89990234375,2692.300048828125,2638.10009765625,2648.800048828125,333366
2025-12-02,2649.0,2649.0,2591.5,2599.0,819741
2025-12-03,2620.0,2627.800048828125,2575.5,2596.199951171875,483519
2025-12-04,2606.60009765625,2609.0,2583.39990234375,2596.0,533045
2025-12-05,2583.0,2596.699951171875,2564.0,2577.5,471729
2025-12-08,2578.89990234375,2605.10009765625,2542.39990234375,2551.5,746623
2025-12-09,2548.5,2565.0,2510.0,2558.89990234375,809645
2025-12-10,2559.0,2625.800048828125,2559.0,2609.39990234375,751288
2025-12-11,2605.0,2670.5,2600.300048828125,2664.699951171875,895280
2025-12-12,2676.0,2681.300048828125,2653.60009765625,2674.699951171875,1304915
2025-12-15,2669.800048828125,2669.800048828125,2597.199951171875,2607.0,626759
2025-12-16,2608.0,2608.0,2563.10009765625,2583.699951171875,989338
2025-12-17,2581.300048828125,2601.699951171875,2535.60009765625,2541.199951171875,501390
2025-12-18,2602.89990234375,2729.199951171875,2602.89990234375,2722.89990234375,2915803
2025-12-19,2719.0,2738.10009765625,2632.39990234375,2672.199951171875,2244048
2025-12-22,2661.0,2674.60009765625,2641.199951171875,2662.800048828125,522476
2025-12-23,2679.0,2713.699951171875,2665.199951171875,2709.300048828125,493486
2025-12-24,2709.0,2724.0,2641.199951171875,2656.10009765625,1008479
2025-12-26,2656.0,2673.89990234375,2642.800048828125,2647.199951171875,407924
2025-12-29,2647.199951171875,2656.800048828125,2625.10009765625,2647.199951171875,573768
2025-12-30,2647.0,2655.0,2622.60009765625,2630.199951171875,1265693
2025-12-31,2640.0,2682.0,2639.89990234375,2672.199951171875,502461
2026-01-01,2674.800048828125,2682.0,2635.5,2648.199951171875,344128
2026-01-02,2648.199951171875,2664.800048828125,2627.10009765625,2657.199951171875,347752
2026-01-05,2657.0,2686.60009765625,2636.800048828125,2660.699951171875,981827
2026-01-06,2673.199951171875,2673.699951171875,2616.199951171875,2622.10009765625,930786
2026-01-07,2648.39990234375,2648.39990234375,2607.699951171875,2624.60009765625,501844
2026-01-08,2619.10009765625,2625.199951171875,2567.0,2583.0,831429
2026-01-09,2582.0,2591.60009765625,2518.10009765625,2523.39990234375,1138292
2026-01-12,2513.0,2533.5,2464.39990234375,2487.5,879934
2026-01-13,2502.0,2512.5,2455.10009765625,2485.699951171875,975174
2026-01-14,2498.300048828125,2603.300048828125,2487.10009765625,2554.10009765625,2340909
2026-01-15,2554.10009765625,2554.10009765625,2554.10009765625,2554.10009765625,0
2026-01-16,2580.199951171875,2696.0,2580.0,2596.39990234375,2869514
2026-01-19,2580.199951171875,2598.800048828125,2543.10009765625,2579.60009765625,814597
2026-01-20,2597.0,2597.0,2520.0,2526.89990234375,827106
2026-01-21,2531.0,2533.60009765625,2454.10009765625,2476.0,1087574
2026-01-22,2509.0,2518.5,2484.0,2498.89990234375,684139
2026-01-23,2513.0,2513.0,2420.0,2429.699951171875,417907
2026-01-27,2433.0,2448.300048828125,2407.300048828125,2436.800048828125,1437206
2026-01-28,2460.0,2481.699951171875,2427.5,2477.60009765625,1300327
2026-01-29,2486.89990234375,2555.0,2471.0,2544.199951171875,1550271
2026-01-30,2544.199951171875,2553.60009765625,2506.10009765625,2515.699951171875,1084243
2026-02-02,2468.89990234375,2580.39990234375,2432.0,2570.300048828125,1442403
2026-02-03,2750.0,2769.89990234375,2658.699951171875,2671.300048828125,2576323
2026-02-04,2680.0,2745.0,2660.39990234375,2725.0,2931893
2026-02-05,2725.0,2772.5,2720.89990234375,2762.300048828125,2336539
2026-02-06,2772.60009765625,2772.60009765625,2697.800048828125,2719.800048828125,479617
2026-02-09,2750.0,2757.10009765625,2715.0,2746.60009765625,604024
2026-02-10,2753.0,2824.39990234375,2735.0,2816.800048828125,916277
2026-02-11,2832.0,2832.699951171875,2814.10009765625,2826.89990234375,669732
2026-02-12,2829.699951171875,2843.89990234375,2819.60009765625,2835.699951171875,574333
2026-02-13,2817.0,2832.39990234375,2797.39990234375,2813.199951171875,1046968
2026-02-16,2807.800048828125,2847.699951171875,2790.5,2842.199951171875,272866
2026-02-17,2825.0,2869.0,2823.199951171875,2863.60009765625,344823
2026-02-18,2865.10009765625,2901.5,2800.0,2812.60009765625,1032735
2026-02-19,2815.0,2826.800048828125,2725.0,2732.199951171875,337142
2026-02-20,2742.300048828125,2756.39990234375,2701.39990234375,2715.699951171875,456524
2026-02-23,2739.0,2772.0,2712.800048828125,2726.800048828125,924223
2026-02-24,2719.800048828125,2727.89990234375,2666.5,2681.39990234375,654112
2026-02-25,2689.0,2766.699951171875,2682.800048828125,2743.89990234375,849803
2026-02-26,2755.0,2763.0,2740.60009765625,2753.800048828125,579732
2026-02-27,2718.699951171875,2751.699951171875,2687.10009765625,2698.60009765625,1193019
2026-03-02,2625.0,2690.199951171875,2601.39990234375,2649.800048828125,816022
2026-03-04,2600.0,2625.0,2539.0,2547.199951171875,1001078
2026-03-05,2580.0,2588.0,2523.39990234375,2559.0,600390
2026-03-06,2559.10009765625,2559.199951171875,2495.199951171875,2503.800048828125,689587
2026-03-09,2453.800048828125,2469.39990234375,2408.0,2461.10009765625,615536
2026-03-10,2507.199951171875,2550.39990234375,2467.5,2534.699951171875,1570912
2026-03-11,2550.0,2551.300048828125,2439.800048828125,2448.199951171875,1185276
2026-03-12,2439.0,2479.39990234375,2408.39990234375,2429.0,848681
2026-03-13,2417.10009765625,2417.10009765625,2357.300048828125,2381.0,1177208
2026-03-16,2384.0,2397.800048828125,2323.0,2367.199951171875,1973365
2026-03-17,2379.0,2407.89990234375,2355.5,2383.39990234375,1214120
2026-03-18,2386.5,2501.60009765625,2383.0,2468.89990234375,1251975
2026-03-19,2378.10009765625,2441.0,2373.0,2401.0,1095550
2026-03-20,2409.300048828125,2443.0,2380.0,2385.89990234375,771952
2026-03-23,2359.89990234375,2361.300048828125,2236.60009765625,2254.60009765625,1483046
2026-03-24,2300.0,2361.699951171875,2284.300048828125,2351.699951171875,822856
2026-03-25,2375.199951171875,2419.5,2365.60009765625,2386.300048828125,826687
2026-03-27,2370.0,2380.60009765625,2300.0,2313.89990234375,5308340
2026-03-30,2255.10009765625,2313.5,2205.60009765625,2216.39990234375,2088678
2026-04-01,2285.0,2369.0,2275.199951171875,2340.5,2438152
2026-04-02,2298.0,2358.300048828125,2241.199951171875,2348.60009765625,1124725
2026-04-06,2349.800048828125,2400.0,2315.199951171875,2386.60009765625,885512
2026-04-07,2379.60009765625,2379.60009765625,2331.300048828125,2345.199951171875,861846
2026-04-08,2490.0,2559.699951171875,2431.300048828125,2539.39990234375,2035265
2026-04-09,2537.0,2548.699951171875,2491.89990234375,2515.0,996857
2026-04-10,2533.89990234375,2626.199951171875,2530.10009765625,2619.300048828125,919481
2026-04-13,2549.699951171875,2592.89990234375,2525.199951171875,2546.10009765625,1006209
2026-04-15,2590.199951171875,2678.0,2590.199951171875,2663.699951171875,2160698
2026-04-16,2701.199951171875,2723.699951171875,2606.10009765625,2662.199951171875,2949659
2026-04-17,2646.300048828125,2799.0,2646.300048828125,2792.39990234375,2259343
2026-04-20,2791.800048828125,2809.800048828125,2753.39990234375,2768.199951171875,1049876
2026-04-21,2754.0,2816.800048828125,2733.89990234375,2794.0,1593751
2026-04-22,2794.0,2811.39990234375,2759.300048828125,2766.39990234375,1161510
2026-04-23,2745.0,2762.89990234375,2700.0,2708.199951171875,1161552
2026-04-24,2700.0,2764.0,2692.89990234375,2735.0,1081669
2026-04-27,2749.89990234375,2776.5,2719.60009765625,2756.0,483814
2026-04-28,2756.0,2788.800048828125,2738.10009765625,2760.199951171875,1098502
2026-04-29,2770.0,2808.300048828125,2760.199951171875,2787.89990234375,832683
2026-04-30,2770.10009765625,2774.89990234375,2703.699951171875,2712.60009765625,1255481
2026-05-01,2712.60009765625,2712.60009765625,2712.60009765625,2712.60009765625,0
2026-05-04,2725.0,2774.300048828125,2725.0,2753.60009765625,489137
2026-05-05,2749.10009765625,2825.5,2707.0,2806.300048828125,981595
2026-05-06,2830.0,2866.0,2807.39990234375,2815.89990234375,940065
2026-05-07,2830.0,2854.89990234375,2780.0,2834.60009765625,814891
2026-05-08,2820.0,2872.39990234375,2815.300048828125,2854.0,1044961
2026-05-11,2845.0,2845.0,2738.89990234375,2747.199951171875,1319247
2026-05-12,2713.0,2759.300048828125,2623.39990234375,2632.800048828125,894165
2026-05-13,2630.0,2689.199951171875,2630.0,2652.300048828125,548007
2026-05-14,2670.0,2705.0,2618.0,2691.60009765625,649261
2026-05-15,2700.0,2738.39990234375,2690.199951171875,2703.5,429762
2026-05-18,2663.0,2680.5,2600.10009765625,2625.10009765625,990806
2026-05-19,2625.0,2696.300048828125,2600.89990234375,2653.60009765625,593711
2026-05-20,2630.0,2698.5,2605.199951171875,2685.300048828125,1035717
2026-05-21,2711.0,2774.199951171875,2705.0,2727.89990234375,898831
2026-05-22,2739.0,2767.0,2720.0,2738.699951171875,525571
2026-05-25,2768.0,2809.800048828125,2753.0,2758.10009765625,767309
2026-05-26,2758.10009765625,2765.800048828125,2717.39990234375,2739.800048828125,685263
2026-05-27,2728.0,2739.10009765625,2704.0,2716.300048828125,548519
2026-05-28,2716.300048828125,2716.300048828125,2716.300048828125,2716.300048828125,0
2026-05-29,2716.300048828125,2768.39990234375,2652.60009765625,2674.300048828125,2092882
2026-06-01,2687.5,2712.39990234375,2595.10009765625,2604.699951171875,912721
2026-06-02,2574.10009765625,2594.699951171875,2540.0,2583.5,1342853
2026-06-03,2583.5,2583.60009765625,2463.5,2510.0,1184566
2026-06-04,2495.5,2548.5,2485.800048828125,2522.89990234375,661317
2026-06-05,2483.800048828125,2506.199951171875,2465.60009765625,2495.89990234375,1100160
2026-06-08,2465.0,2478.10009765625,2436.5,2453.0,1025312
2026-06-09,2468.0,2509.199951171875,2447.10009765625,2503.300048828125,994452
2026-06-10,2503.300048828125,2510.39990234375,2436.300048828125,2447.800048828125,673825
2026-06-11,2438.0,2450.0,2384.199951171875,2389.800048828125,1069770
2026-06-12,2419.89990234375,2463.60009765625,2380.800048828125,2455.89990234375,1107972
2026-06-15,2500.0,2637.199951171875,2499.0,2622.89990234375,2029867
2026-06-16,2622.89990234375,2669.0,2622.89990234375,2658.60009765625,680815
2026-06-17,2677.699951171875,2716.10009765625,2654.60009765625,2711.10009765625,912665
2026-06-18,2709.89990234375,2735.0,2681.800048828125,2728.199951171875,609955
2026-06-19,2720.10009765625,2729.89990234375,2685.60009765625,2719.0,430133
2026-06-22,2730.0,2732.89990234375,2678.699951171875,2689.89990234375,922796
2026-06-23,2662.0,2725.0,2656.0,2680.0,666444
2026-06-24,2671.0,2690.0,2621.0,2625.10009765625,538871
2026-06-25,2638.800048828125,2691.800048828125,2638.800048828125,2649.699951171875,824774
2026-06-26,2649.699951171875,2649.699951171875,2649.699951171875,2649.699951171875,0
2026-06-29,2638.0,2679.89990234375,2594.39990234375,2606.60009765625,1613740
2026-06-30,2625.800048828125,2669.60009765625,2605.60009765625,2653.199951171875,753577
2026-07-01,2663.0,2752.39990234375,2655.60009765625,2745.800048828125,1139695
2026-07-02,2747.0,2770.10009765625,2742.89990234375,2759.60009765625,395005
2026-07-03,2777.0,2808.300048828125,2765.199951171875,2800.199951171875,504864
2026-07-06,2821.5,2838.39990234375,2760.300048828125,2773.39990234375,396364
2026-07-07,2785.0,2806.0,2734.199951171875,2783.39990234375,538949
2026-07-08,2768.5,2776.10009765625,2645.800048828125,2659.199951171875,651746
2026-07-09,2675.0,2744.89990234375,2662.300048828125,2737.10009765625,1437375
2026-07-10,2755.0,2789.800048828125,2748.0,2761.199951171875,846266
2026-07-13,2751.0,2758.199951171875,2681.0,2749.0,914005
2026-07-14,2735.0,2741.89990234375,2642.0,2659.800048828125,1148370
2026-07-15,2681.699951171875,2767.300048828125,2673.699951171875,2729.199951171875,1658894
2026-07-16,2722.300048828125,2729.0,2587.60009765625,2602.199951171875,2845724
2026-07-17,2601.699951171875,2669.0,2588.39990234375,2651.199951171875,1533879
2026-07-20,2655.39990234375,2659.0,2603.0,2644.89990234375,655096
2026-07-21,2632.0,2695.0,2578.300048828125,2581.10009765625,1230158
2026-07-22,2588.0,2593.89990234375,2537.699951171875,2546.0,852280
2026-07-23,2542.0,2563.199951171875,2497.60009765625,,828743
