date,open,high,low,close,volume
2019-07-23,222.64999389648438,225.89999389648438,221.9499969482422,222.9499969482422,714424
2019-07-24,222.10000610351562,223.35000610351562,217.64999389648438,218.75,561493
2019-07-25,219.39999389648438,221.85000610351562,215.8000030517578,217.10000610351562,1495203
2019-07-26,218.1999969482422,226.1999969482422,214.3000030517578,225.5,807673
2019-07-29,225.0,225.0,214.35000610351562,215.75,1527410
2019-07-30,215.8000030517578,220.8000030517578,213.10000610351562,214.10000610351562,1102600
2019-07-31,212.0500030517578,217.75,211.0500030517578,216.9499969482422,510463
2019-08-01,214.35000610351562,216.39999389648438,209.5,211.5,567145
2019-08-02,208.9499969482422,214.25,207.89999389648438,211.60000610351562,566703
2019-08-05,210.0,210.64999389648438,202.60000610351562,203.75,820853
2019-08-06,203.0,209.10000610351562,202.0,205.25,968334
2019-08-07,207.0,209.6999969482422,203.39999389648438,208.3000030517578,513567
2019-08-08,208.3000030517578,212.9499969482422,206.35000610351562,212.1999969482422,741347
2019-08-09,212.0,214.89999389648438,210.39999389648438,212.14999389648438,598259
2019-08-13,212.0,213.0,204.3000030517578,205.25,1088197
2019-08-14,205.0,208.75,203.8000030517578,204.9499969482422,957094
2019-08-16,204.9499969482422,208.0,199.25,206.85000610351562,2070527
2019-08-19,207.10000610351562,211.5,207.10000610351562,209.1999969482422,1312119
2019-08-20,209.3000030517578,209.3000030517578,203.8000030517578,206.25,668288
2019-08-21,205.10000610351562,206.10000610351562,201.64999389648438,202.5,647762
2019-08-22,201.0,202.89999389648438,198.0500030517578,199.39999389648438,648688
2019-08-23,198.5500030517578,203.5500030517578,193.0500030517578,202.4499969482422,541997
2019-08-26,204.5,208.9499969482422,197.35000610351562,206.0500030517578,769269
2019-08-27,206.0,214.89999389648438,205.0,213.14999389648438,980632
2019-08-28,213.14999389648438,215.39999389648438,208.6999969482422,210.85000610351562,923453
2019-08-29,212.0,214.8000030517578,209.10000610351562,213.0,1385997
2019-08-30,215.9499969482422,222.3000030517578,214.0,216.64999389648438,3405843
2019-09-03,216.10000610351562,216.5,210.3000030517578,213.25,655491
2019-09-04,212.9499969482422,215.85000610351562,210.60000610351562,214.8000030517578,473680
2019-09-05,217.8000030517578,219.5,214.64999389648438,215.1999969482422,873111
2019-09-06,214.60000610351562,218.10000610351562,212.4499969482422,217.0500030517578,465144
2019-09-09,217.1999969482422,218.5,213.8000030517578,215.39999389648438,601017
2019-09-11,216.0500030517578,218.89999389648438,213.4499969482422,214.60000610351562,779326
2019-09-12,215.8000030517578,217.39999389648438,213.14999389648438,214.4499969482422,530826
2019-09-13,215.10000610351562,219.0,212.1999969482422,217.8000030517578,470486
2019-09-16,217.0,220.64999389648438,215.6999969482422,219.64999389648438,1030129
2019-09-17,218.0,221.4499969482422,208.75,210.5,1264568
2019-09-18,211.1999969482422,217.14999389648438,208.6999969482422,213.4499969482422,1124857
2019-09-19,213.5,214.10000610351562,208.4499969482422,210.10000610351562,411214
2019-09-20,211.0,220.85000610351562,201.3000030517578,217.5500030517578,2375579
2019-09-23,222.10000610351562,224.0,214.0,215.89999389648438,616189
2019-09-24,216.0,216.64999389648438,209.35000610351562,210.5,722057
2019-09-25,210.5,210.5,201.0,201.64999389648438,921011
2019-09-26,202.25,216.8000030517578,197.25,212.89999389648438,10225486
2019-09-27,212.89999389648438,218.1999969482422,211.10000610351562,216.60000610351562,1557188
2019-09-30,217.10000610351562,218.39999389648438,211.8000030517578,213.4499969482422,843381
2019-10-01,213.39999389648438,216.89999389648438,210.10000610351562,213.9499969482422,794580
2019-10-03,211.0,213.3000030517578,207.6999969482422,209.4499969482422,899805
2019-10-04,209.75,211.4499969482422,207.0,207.85000610351562,414673
2019-10-07,208.0,209.35000610351562,204.4499969482422,205.4499969482422,250265
2019-10-09,205.4499969482422,208.39999389648438,203.0,206.89999389648438,272415
2019-10-10,206.85000610351562,208.0,204.0,204.35000610351562,207122
2019-10-11,205.75,209.5,204.5,207.25,327027
2019-10-14,209.0,210.0,205.5500030517578,207.89999389648438,676808
2019-10-15,209.39999389648438,212.0,207.10000610351562,208.75,370311
2019-10-16,213.0,213.89999389648438,209.0500030517578,210.60000610351562,974034
2019-10-17,211.4499969482422,213.75,209.60000610351562,211.5500030517578,686109
2019-10-18,213.10000610351562,218.89999389648438,212.0,216.39999389648438,988749
2019-10-22,216.5,219.6999969482422,209.1999969482422,209.89999389648438,946692
2019-10-23,208.6999969482422,211.89999389648438,208.39999389648438,210.0,995251
2019-10-24,210.0,214.89999389648438,210.0,211.5500030517578,630417
2019-10-25,212.89999389648438,214.1999969482422,210.14999389648438,211.10000610351562,294829
2019-10-27,214.5,218.6999969482422,212.25,216.9499969482422,444722
2019-10-29,214.0,224.8000030517578,212.6999969482422,220.25,3269262
2019-10-30,216.0,216.0,211.5,212.5,1077318
2019-10-31,212.5,215.64999389648438,212.0,212.64999389648438,662745
2019-11-01,213.0,213.0,205.0500030517578,207.0,1774160
2019-11-04,209.0,215.9499969482422,209.0,210.5,2258686
2019-11-05,213.14999389648438,214.5,206.8000030517578,207.0,1287977
2019-11-06,208.25,209.1999969482422,205.8000030517578,208.1999969482422,1292053
2019-11-07,209.1999969482422,214.0,206.6999969482422,213.1999969482422,845059
2019-11-08,212.0,214.35000610351562,209.1999969482422,210.8000030517578,583212
2019-11-11,211.5,211.5,208.0,210.3000030517578,346673
2019-11-13,210.3000030517578,210.89999389648438,208.0,208.60000610351562,378032
2019-11-14,208.5,210.9499969482422,206.25,210.0500030517578,508466
2019-11-15,209.1999969482422,211.25,208.0,208.3000030517578,350743
2019-11-18,209.89999389648438,213.0,207.8000030517578,210.75,509636
2019-11-19,211.0,216.5,208.75,215.6999969482422,936387
2019-11-20,215.6999969482422,216.9499969482422,213.0,213.60000610351562,382508
2019-11-21,214.25,215.8000030517578,210.0,214.6999969482422,464816
2019-11-22,214.6999969482422,217.5,210.0,212.5500030517578,762140
2019-11-25,213.0,216.5,213.0,215.0,613006
2019-11-26,215.0,215.89999389648438,209.0,209.89999389648438,347447
2019-11-27,211.0,215.10000610351562,210.60000610351562,212.6999969482422,504454
2019-11-28,212.10000610351562,215.9499969482422,212.10000610351562,215.10000610351562,643776
2019-11-29,215.8000030517578,220.64999389648438,213.8000030517578,215.35000610351562,1068144
2019-12-02,216.0,217.9499969482422,213.0,213.5,279233
2019-12-03,213.5,216.8000030517578,210.25,210.8000030517578,266103
2019-12-04,211.0,213.5,209.5,211.5,266441
2019-12-05,213.0,213.9499969482422,211.0,211.85000610351562,119097
2019-12-06,211.5,213.9499969482422,210.0,210.89999389648438,275881
2019-12-09,210.89999389648438,212.14999389648438,208.8000030517578,209.0500030517578,201139
2019-12-10,209.64999389648438,210.4499969482422,206.0,206.35000610351562,280791
2019-12-11,207.60000610351562,208.85000610351562,204.5,205.4499969482422,464915
2019-12-12,207.0,209.0,205.3000030517578,205.5,285440
2019-12-13,207.35000610351562,209.39999389648438,205.5,206.0,612881
2019-12-16,207.1999969482422,207.6999969482422,206.0,206.25,130261
2019-12-17,206.25,208.60000610351562,206.25,208.0,473024
2019-12-18,208.6999969482422,210.25,207.10000610351562,207.3000030517578,666319
2019-12-19,207.39999389648438,209.0500030517578,207.0,207.25,162390
2019-12-20,209.0,210.60000610351562,206.14999389648438,208.39999389648438,968923
2019-12-23,208.39999389648438,212.0,208.0,211.5,361029
2019-12-24,211.75,213.6999969482422,211.0,211.4499969482422,275074
2019-12-26,212.0,214.5,211.89999389648438,212.0,354046
2019-12-27,213.0,214.85000610351562,205.8000030517578,210.35000610351562,988739
2019-12-30,210.39999389648438,211.6999969482422,208.1999969482422,208.85000610351562,279469
2019-12-31,209.8000030517578,211.9499969482422,209.14999389648438,209.64999389648438,189212
2020-01-01,210.8000030517578,211.5,209.60000610351562,210.10000610351562,88791
2020-01-02,211.39999389648438,214.9499969482422,210.5500030517578,214.14999389648438,549833
2020-01-03,214.0,216.89999389648438,213.10000610351562,215.25,816967
2020-01-06,216.39999389648438,216.39999389648438,210.0,211.85000610351562,322036
2020-01-07,212.60000610351562,215.60000610351562,210.1999969482422,213.0500030517578,259266
2020-01-08,211.0,212.1999969482422,209.5,211.0,362093
2020-01-09,215.3000030517578,215.3000030517578,211.35000610351562,213.25,380062
2020-01-10,215.0,224.4499969482422,213.0,219.10000610351562,2207069
2020-01-13,219.64999389648438,222.0,214.1999969482422,215.8000030517578,547822
2020-01-14,216.0,218.6999969482422,213.25,214.0500030517578,2079225
2020-01-15,214.0,218.89999389648438,213.5,215.35000610351562,679989
2020-01-16,217.0,218.5,215.14999389648438,215.75,417479
2020-01-17,217.0,219.60000610351562,216.35000610351562,216.9499969482422,1274504
2020-01-20,218.75,224.0,214.5500030517578,216.35000610351562,1694116
2020-01-21,214.0,216.8000030517578,211.64999389648438,212.39999389648438,549280
2020-01-22,213.0,214.6999969482422,207.6999969482422,209.1999969482422,576149
2020-01-23,210.25,210.6999969482422,207.5,208.64999389648438,472035
2020-01-24,209.89999389648438,209.89999389648438,207.5,207.85000610351562,558023
2020-01-27,207.9499969482422,208.10000610351562,200.0,201.0,922817
2020-01-28,201.14999389648438,203.39999389648438,197.25,198.75,612033
2020-01-29,200.0,202.75,198.0,198.5500030517578,591901
2020-01-30,199.75,199.75,193.5,194.6999969482422,689175
2020-01-31,195.14999389648438,196.6999969482422,193.64999389648438,194.10000610351562,724986
2020-02-03,191.60000610351562,192.75,188.14999389648438,189.39999389648438,327572
2020-02-04,191.6999969482422,194.89999389648438,190.0,192.9499969482422,475656
2020-02-05,193.1999969482422,194.9499969482422,189.5,190.75,682799
2020-02-06,193.6999969482422,198.6999969482422,191.89999389648438,192.75,867168
2020-02-07,193.75,195.60000610351562,192.6999969482422,195.0500030517578,337789
2020-02-10,196.1999969482422,196.75,191.64999389648438,193.75,296480
2020-02-11,194.39999389648438,195.89999389648438,192.5,194.8000030517578,207883
2020-02-12,195.0,195.14999389648438,191.60000610351562,192.25,155810
2020-02-13,192.5,193.6999969482422,190.25,190.75,149432
2020-02-14,191.0,192.0,190.1999969482422,190.64999389648438,138592
2020-02-17,190.64999389648438,190.64999389648438,188.3000030517578,189.14999389648438,135016
2020-02-18,190.0,190.0,184.10000610351562,185.5500030517578,324413
2020-02-19,185.6999969482422,189.60000610351562,184.5,184.8000030517578,279253
2020-02-20,185.0,187.6999969482422,181.5,182.35000610351562,390434
2020-02-24,181.5,183.1999969482422,179.5,180.14999389648438,705058
2020-02-25,180.0,181.5,175.0,177.60000610351562,366180
2020-02-26,175.10000610351562,177.9499969482422,170.85000610351562,172.8000030517578,542335
2020-02-27,170.10000610351562,187.64999389648438,170.0,182.39999389648438,1352291
2020-02-28,170.3000030517578,177.75,170.3000030517578,172.25,640027
2020-03-02,173.3000030517578,177.14999389648438,164.0,167.6999969482422,290865
2020-03-03,170.0,174.0,167.8000030517578,172.89999389648438,321602
2020-03-04,172.35000610351562,172.89999389648438,167.1999969482422,169.4499969482422,302832
2020-03-05,172.0,174.35000610351562,169.0,169.35000610351562,228864
2020-03-06,167.0,170.5,161.89999389648438,163.8000030517578,558994
2020-03-09,161.4499969482422,161.4499969482422,154.39999389648438,159.3000030517578,882419
2020-03-11,168.5500030517578,168.5500030517578,158.1999969482422,160.0,641989
2020-03-12,153.0,155.0,140.14999389648438,145.0500030517578,1359057
2020-03-13,129.85000610351562,150.1999969482422,116.05000305175781,141.14999389648438,1802233
2020-03-16,136.0,148.0,133.1999969482422,138.25,1040430
2020-03-17,138.0,142.0,130.0,134.10000610351562,804354
2020-03-18,137.0,145.39999389648438,126.5,135.75,829364
2020-03-19,132.89999389648438,135.0,125.25,127.25,834222
2020-03-20,130.0,142.5,127.30000305175781,136.25,772563
2020-03-23,125.0,135.0,123.0,125.55000305175781,683556
2020-03-24,126.0,130.0,125.0,126.19999694824219,778018
2020-03-25,125.0,139.14999389648438,123.44999694824219,137.9499969482422,823353
2020-03-26,142.0,145.0,138.10000610351562,139.25,494010
2020-03-27,141.9499969482422,154.0,141.9499969482422,143.9499969482422,701050
2020-03-30,140.0,146.5500030517578,137.5,145.35000610351562,352686
2020-03-31,146.5500030517578,159.64999389648438,146.0500030517578,155.39999389648438,510402
2020-04-01,155.0,167.0,152.25,160.4499969482422,901524
2020-04-03,167.0,167.0,151.4499969482422,161.5500030517578,710426
2020-04-07,169.4499969482422,169.4499969482422,159.64999389648438,164.5,1136863
2020-04-08,167.0,169.9499969482422,164.0,165.9499969482422,382642
2020-04-09,168.8000030517578,171.60000610351562,163.0,165.5,368829
2020-04-13,166.0,168.75,162.5500030517578,165.1999969482422,295015
2020-04-15,167.0,173.5500030517578,166.0,170.39999389648438,602104
2020-04-16,170.39999389648438,177.4499969482422,168.64999389648438,174.10000610351562,413836
2020-04-17,178.0,180.89999389648438,173.0,174.5,438775
2020-04-20,174.85000610351562,177.8000030517578,173.4499969482422,174.1999969482422,679839
2020-04-21,172.0,172.9499969482422,165.0,167.9499969482422,553443
2020-04-22,168.0,169.89999389648438,165.0500030517578,166.6999969482422,234022
2020-04-23,168.0500030517578,172.0,167.3000030517578,171.4499969482422,201007
2020-04-24,174.89999389648438,181.60000610351562,170.4499969482422,171.1999969482422,611078
2020-04-27,173.0,173.89999389648438,164.5,165.35000610351562,470433
2020-04-28,167.0,168.5500030517578,164.0,165.0500030517578,168768
2020-04-29,167.0,172.0,164.6999969482422,171.35000610351562,538897
2020-04-30,174.39999389648438,176.0,172.0,174.60000610351562,715866
2020-05-04,167.0,169.35000610351562,165.0500030517578,165.75,461891
2020-05-05,168.0,172.75,166.5,167.39999389648438,554735
2020-05-06,172.9499969482422,172.9499969482422,167.75,169.4499969482422,374474
2020-05-07,169.39999389648438,178.0,167.0,176.35000610351562,873636
2020-05-08,178.5,179.5,174.0,175.3000030517578,440702
2020-05-11,178.35000610351562,185.5,178.35000610351562,181.85000610351562,1591023
2020-05-12,182.1999969482422,184.60000610351562,177.0500030517578,179.9499969482422,902231
2020-05-13,192.0,195.0,183.10000610351562,184.14999389648438,2373532
2020-05-14,184.14999389648438,189.0,181.85000610351562,186.8000030517578,1136048
2020-05-15,190.25,195.0,189.1999969482422,192.64999389648438,2642622
2020-05-18,195.5,200.39999389648438,185.60000610351562,188.25,4041183
2020-05-19,176.0,176.39999389648438,172.1999969482422,174.10000610351562,1292274
2020-05-20,172.0,173.0,168.3000030517578,170.64999389648438,516110
2020-05-21,170.0,174.5,167.10000610351562,169.3000030517578,1547592
2020-05-22,167.0,168.8000030517578,164.0500030517578,165.25,825953
2020-05-26,166.5,169.0,165.3000030517578,166.64999389648438,525510
2020-05-27,167.3000030517578,167.9499969482422,164.1999969482422,164.75,479648
2020-05-28,165.9499969482422,169.0,164.5,168.64999389648438,796264
2020-05-29,168.64999389648438,172.3000030517578,166.64999389648438,171.5500030517578,643006
2020-06-01,173.5,177.8000030517578,171.0,173.0500030517578,2605828
2020-06-02,176.0,176.0,171.0,172.85000610351562,667802
2020-06-03,173.8000030517578,174.89999389648438,171.25,172.8000030517578,844549
2020-06-04,172.0,172.9499969482422,170.0,171.39999389648438,312110
2020-06-05,172.5,174.35000610351562,171.60000610351562,173.0,1082754
2020-06-08,175.0,176.25,172.0,172.89999389648438,944873
2020-06-09,173.3000030517578,174.9499969482422,171.8000030517578,173.6999969482422,856762
2020-06-10,174.0500030517578,174.39999389648438,171.5500030517578,172.0500030517578,604781
2020-06-11,172.0,174.60000610351562,170.25,172.64999389648438,581301
2020-06-12,168.0,176.0,166.85000610351562,174.64999389648438,1200452
2020-06-15,174.64999389648438,175.60000610351562,171.4499969482422,174.64999389648438,969428
2020-06-16,177.1999969482422,177.3000030517578,172.85000610351562,176.10000610351562,1377118
2020-06-17,175.25,176.85000610351562,172.64999389648438,174.1999969482422,454777
2020-06-18,173.1999969482422,184.60000610351562,173.0,178.4499969482422,1361183
2020-06-19,182.0,182.0,176.60000610351562,178.0500030517578,940977
2020-06-22,179.1999969482422,190.89999389648438,179.1999969482422,187.85000610351562,1671183
2020-06-23,190.0,195.0500030517578,186.1999969482422,187.9499969482422,1496547
2020-06-24,189.1999969482422,194.6999969482422,185.39999389648438,186.9499969482422,2192514
2020-06-25,186.8000030517578,193.89999389648438,184.0500030517578,189.64999389648438,3984328
2020-06-26,191.0,204.75,191.0,198.9499969482422,4242919
2020-06-29,198.5,199.0,192.8000030517578,193.64999389648438,1006973
2020-06-30,194.89999389648438,201.35000610351562,192.60000610351562,195.9499969482422,1165072
2020-07-01,196.39999389648438,199.35000610351562,193.60000610351562,198.25,654693
2020-07-02,198.60000610351562,200.75,195.4499969482422,196.4499969482422,723514
2020-07-03,196.8000030517578,197.5,195.0,195.14999389648438,366876
2020-07-06,196.0500030517578,197.5,193.8000030517578,194.3000030517578,608396
2020-07-07,194.0,197.8000030517578,194.0,196.39999389648438,695508
2020-07-08,198.0,198.0,190.0,190.85000610351562,1794792
2020-07-09,193.0,195.5,192.0,192.6999969482422,1237464
2020-07-10,192.5,193.5,188.85000610351562,189.1999969482422,703075
2020-07-13,190.8000030517578,196.39999389648438,190.10000610351562,195.0500030517578,2187263
2020-07-14,196.0500030517578,196.3000030517578,190.25,191.60000610351562,713941
2020-07-15,190.5,194.35000610351562,186.10000610351562,187.1999969482422,706841
2020-07-16,188.5,189.25,183.14999389648438,188.3000030517578,559613
2020-07-17,189.25,191.6999969482422,187.5,187.9499969482422,322430
2020-07-20,188.8000030517578,190.9499969482422,186.9499969482422,187.8000030517578,385726
2020-07-21,189.0,189.3000030517578,182.25,182.8000030517578,1324742
2020-07-22,187.39999389648438,205.6999969482422,187.35000610351562,197.25,9175785
2020-07-23,198.89999389648438,210.64999389648438,198.3000030517578,207.39999389648438,5959343
2020-07-24,208.9499969482422,209.75,197.0,200.1999969482422,3084150
2020-07-27,205.0,211.89999389648438,201.1999969482422,206.8000030517578,3052896
2020-07-28,209.5,215.89999389648438,208.6999969482422,210.8000030517578,3969330
2020-07-29,212.9499969482422,212.9499969482422,205.0,208.35000610351562,1364626
2020-07-30,208.85000610351562,212.39999389648438,205.75,210.0,1162139
2020-07-31,210.0,211.5,207.25,210.0500030517578,884858
2020-08-03,211.0,211.25,204.5,205.35000610351562,950787
2020-08-04,206.0,207.60000610351562,203.10000610351562,206.10000610351562,1659607
2020-08-05,210.10000610351562,221.39999389648438,210.0500030517578,218.75,4379815
2020-08-06,222.3000030517578,237.0,222.3000030517578,235.0,5906354
2020-08-07,240.0,257.5,236.5,252.9499969482422,7408920
2020-08-10,254.89999389648438,257.70001220703125,237.5,243.14999389648438,3873624
2020-08-11,246.0,258.95001220703125,243.3000030517578,246.8000030517578,4932534
2020-08-12,230.0500030517578,237.9499969482422,223.35000610351562,231.5500030517578,4312095
2020-08-13,233.8000030517578,241.4499969482422,228.5500030517578,239.39999389648438,4850302
2020-08-14,242.9499969482422,245.0,227.39999389648438,230.85000610351562,2216476
2020-08-17,233.0,235.9499969482422,227.8000030517578,229.89999389648438,1254860
2020-08-18,232.9499969482422,235.85000610351562,232.0,233.9499969482422,1252781
2020-08-19,234.9499969482422,235.60000610351562,231.0,231.64999389648438,870160
2020-08-20,232.1999969482422,232.1999969482422,222.85000610351562,223.3000030517578,1625274
2020-08-21,226.5,229.0,224.3000030517578,226.5500030517578,1311906
2020-08-24,229.0500030517578,230.75,226.10000610351562,228.0500030517578,726910
2020-08-25,229.0,229.0,225.0,225.85000610351562,556880
2020-08-26,225.85000610351562,229.4499969482422,222.39999389648438,226.0,766552
2020-08-27,227.60000610351562,239.35000610351562,227.1999969482422,237.14999389648438,2264898
2020-08-28,237.25,239.4499969482422,227.5500030517578,228.6999969482422,1959566
2020-08-31,230.75,235.0,225.0,226.60000610351562,1633436
2020-09-01,226.75,231.0,226.0500030517578,227.3000030517578,976206
2020-09-02,227.5,232.0,227.3000030517578,229.25,479707
2020-09-03,229.5,231.3000030517578,224.0,224.75,979692
2020-09-04,221.9499969482422,226.0,220.5,221.64999389648438,413761
2020-09-07,221.9499969482422,222.9499969482422,216.10000610351562,217.8000030517578,888789
2020-09-08,217.5500030517578,217.5500030517578,210.10000610351562,211.89999389648438,464515
2020-09-09,210.60000610351562,219.4499969482422,202.8000030517578,216.1999969482422,1331011
2020-09-10,219.0500030517578,222.4499969482422,218.0,221.25,715608
2020-09-11,221.1999969482422,239.0,218.0,237.6999969482422,2717717
2020-09-14,237.6999969482422,238.4499969482422,222.5,223.9499969482422,1565798
2020-09-15,226.5,231.3000030517578,219.5,221.35000610351562,1122511
2020-09-16,220.5,223.39999389648438,218.0,219.25,739502
2020-09-17,218.39999389648438,222.89999389648438,215.5,215.9499969482422,872202
2020-09-18,217.60000610351562,220.85000610351562,211.8000030517578,213.4499969482422,618490
2020-09-21,214.1999969482422,216.39999389648438,204.8000030517578,206.0,556240
2020-09-22,205.8000030517578,211.0,200.10000610351562,208.1999969482422,871865
2020-09-23,209.8000030517578,222.89999389648438,207.89999389648438,212.5500030517578,1804262
2020-09-24,211.0,211.5,204.0500030517578,205.25,550605
2020-09-25,206.8000030517578,210.85000610351562,205.64999389648438,209.14999389648438,659337
2020-09-28,210.0,213.25,208.75,209.85000610351562,586175
2020-09-29,211.3000030517578,214.75,210.14999389648438,212.1999969482422,596722
2020-09-30,214.89999389648438,214.89999389648438,209.10000610351562,209.9499969482422,369729
2020-10-01,210.5,212.9499969482422,207.64999389648438,208.25,352330
2020-10-05,208.5,214.4499969482422,208.5,213.75,644180
2020-10-06,215.1999969482422,222.8000030517578,214.0500030517578,221.39999389648438,1416355
2020-10-07,222.0,225.0,209.1999969482422,210.75,1492836
2020-10-08,212.0,213.8000030517578,203.0,205.0,1807636
2020-10-09,208.0,211.75,207.25,208.60000610351562,953505
2020-10-12,200.0,207.75,197.3000030517578,198.10000610351562,1694851
2020-10-13,200.0,209.75,198.10000610351562,206.10000610351562,1470485
2020-10-14,208.85000610351562,216.14999389648438,203.0,213.10000610351562,1563682
2020-10-15,217.0,218.39999389648438,206.1999969482422,207.5,1119771
2020-10-16,213.5,216.0,209.4499969482422,211.75,1397663
2020-10-19,215.5,222.5,212.64999389648438,220.89999389648438,1740532
2020-10-20,221.5,224.8000030517578,217.39999389648438,222.85000610351562,2493195
2020-10-21,231.75,235.6999969482422,227.14999389648438,233.10000610351562,8285214
2020-10-22,236.35000610351562,240.0,234.0,238.60000610351562,3639430
2020-10-23,242.0,243.0,238.25,239.64999389648438,2155549
2020-10-26,242.0,242.5,234.25,236.60000610351562,2510881
2020-10-27,214.0,219.6999969482422,211.35000610351562,214.6999969482422,3474033
2020-10-28,215.0,215.75,209.0500030517578,210.25,1154599
2020-10-29,205.0,207.9499969482422,203.5,204.5,1240966
2020-10-30,205.5500030517578,207.60000610351562,202.3000030517578,203.3000030517578,875586
2020-11-02,203.60000610351562,204.8000030517578,200.0500030517578,202.9499969482422,948805
2020-11-03,203.0,213.8000030517578,203.0,212.4499969482422,1656081
2020-11-04,214.0,215.8000030517578,210.64999389648438,213.9499969482422,1035424
2020-11-05,214.25,216.9499969482422,212.85000610351562,215.39999389648438,777750
2020-11-06,217.0,225.60000610351562,216.5,224.64999389648438,1819210
2020-11-09,225.8000030517578,227.75,224.64999389648438,226.5,943058
2020-11-10,229.4499969482422,229.85000610351562,215.1999969482422,217.25,1580254
2020-11-11,217.75,225.5,216.5,224.4499969482422,1747921
2020-11-12,225.0,230.0,222.1999969482422,228.8000030517578,1790385
2020-11-13,227.9499969482422,228.8000030517578,225.0,227.9499969482422,383354
2020-11-14,229.9499969482422,230.0,227.0500030517578,228.6999969482422,183740
2020-11-17,228.0,228.60000610351562,222.5,224.14999389648438,827016
2020-11-18,223.0,230.0,220.60000610351562,227.25,900958
2020-11-19,227.25,229.89999389648438,222.5,224.0,705801
2020-11-20,225.0,225.9499969482422,220.39999389648438,221.5500030517578,591504
2020-11-23,223.0,224.9499969482422,218.5500030517578,219.85000610351562,729048
2020-11-24,219.5,224.0,218.89999389648438,222.6999969482422,537123
2020-11-25,222.9499969482422,223.35000610351562,218.0,219.39999389648438,633337
2020-11-26,220.60000610351562,221.89999389648438,219.0500030517578,221.0,581412
2020-11-27,221.39999389648438,235.60000610351562,221.3000030517578,229.6999969482422,2822358
2020-12-01,232.0,235.0,227.0,227.60000610351562,1010004
2020-12-02,230.0,235.0,228.4499969482422,232.25,1639274
2020-12-03,233.5,239.10000610351562,233.0,238.10000610351562,1566300
2020-12-04,239.0,245.0,238.5,241.1999969482422,1772775
2020-12-07,242.0,243.89999389648438,239.0,240.0,655767
2020-12-08,240.9499969482422,243.1999969482422,232.5500030517578,237.5,1984773
2020-12-09,238.14999389648438,247.25,235.3000030517578,243.14999389648438,2048914
2020-12-10,243.14999389648438,244.0,236.10000610351562,239.6999969482422,669991
2020-12-11,240.9499969482422,249.39999389648438,240.25,241.1999969482422,1487906
2020-12-14,243.4499969482422,247.1999969482422,241.39999389648438,242.5500030517578,440451
2020-12-15,242.60000610351562,245.6999969482422,241.5,243.25,542406
2020-12-16,244.0,245.0,239.5,242.14999389648438,1099848
2020-12-17,242.6999969482422,245.9499969482422,240.0,242.0500030517578,900827
2020-12-18,242.60000610351562,244.5,239.5500030517578,241.75,549963
2020-12-21,242.39999389648438,246.3000030517578,229.8000030517578,234.5,1719159
2020-12-22,230.1999969482422,237.89999389648438,224.8000030517578,232.39999389648438,962929
2020-12-23,235.0,241.5,232.5500030517578,240.0,540388
2020-12-24,244.0,247.64999389648438,240.5500030517578,241.64999389648438,1119509
2020-12-28,244.5,246.0,240.1999969482422,241.8000030517578,348562
2020-12-29,243.0,243.39999389648438,239.0,239.64999389648438,446298
2020-12-30,239.85000610351562,240.39999389648438,238.0,239.1999969482422,439356
2020-12-31,240.5,241.4499969482422,238.1999969482422,239.0500030517578,496391
2021-01-01,239.14999389648438,240.0,237.1999969482422,239.0500030517578,658536
2021-01-04,241.0,245.85000610351562,240.5,244.0500030517578,886735
2021-01-05,244.39999389648438,259.0,243.14999389648438,256.8999938964844,3891253
2021-01-06,257.25,279.8999938964844,256.95001220703125,275.1000061035156,8436991
2021-01-07,281.0,328.3999938964844,280.04998779296875,308.1499938964844,5200956
2021-01-08,312.0,324.8999938964844,298.20001220703125,304.0,9070406
2021-01-11,300.70001220703125,301.0,286.5,292.25,2359429
2021-01-12,293.6499938964844,303.0,286.0,290.6499938964844,1455335
2021-01-13,296.70001220703125,299.6000061035156,283.0,285.3999938964844,1119073
2021-01-14,289.0,290.0,279.0,279.75,790536
2021-01-15,280.6000061035156,285.0,270.0,274.20001220703125,1324117
2021-01-18,277.3999938964844,277.6000061035156,267.29998779296875,268.6000061035156,849339
2021-01-19,270.04998779296875,306.3999938964844,268.6000061035156,298.79998779296875,4529372
2021-01-20,303.3500061035156,315.0,291.54998779296875,296.3999938964844,6769649
2021-01-21,301.0,302.5,282.0,283.20001220703125,3043234
2021-01-22,286.79998779296875,286.79998779296875,274.0,275.6499938964844,1791445
2021-01-25,277.3999938964844,280.0,264.0,268.04998779296875,1807602
2021-01-27,265.3999938964844,266.8500061035156,261.1499938964844,264.0,1310896
2021-01-28,258.8999938964844,265.45001220703125,258.70001220703125,263.29998779296875,1066770
2021-01-29,276.0,278.3999938964844,267.3500061035156,274.75,2254295
2021-02-01,290.0,292.5,281.6000061035156,288.75,3511591
2021-02-02,293.1000061035156,294.0,284.54998779296875,292.3999938964844,3147425
2021-02-03,289.5,290.6000061035156,283.0,289.20001220703125,1472275
2021-02-04,289.3999938964844,298.0,288.25,294.75,1264818
2021-02-05,295.0,295.0,287.5,293.25,1113508
2021-02-08,293.0,306.3999938964844,290.04998779296875,297.29998779296875,2464990
2021-02-09,298.0,301.75,294.0,297.1499938964844,879542
2021-02-10,297.8999938964844,301.0,294.25,298.6000061035156,771602
2021-02-11,297.0,300.6499938964844,296.0,296.95001220703125,516828
2021-02-12,296.25,302.8999938964844,294.95001220703125,300.1000061035156,1120805
2021-02-15,300.1000061035156,302.3500061035156,295.5,297.1000061035156,942670
2021-02-16,298.0,309.8500061035156,297.45001220703125,304.70001220703125,2691599
2021-02-17,304.95001220703125,308.8999938964844,301.5,305.6000061035156,848324
2021-02-18,306.0,312.0,298.3500061035156,300.54998779296875,1393494
2021-02-19,302.8999938964844,307.8500061035156,298.04998779296875,300.5,811948
2021-02-22,302.45001220703125,311.8999938964844,302.0,304.54998779296875,2311972
2021-02-23,306.20001220703125,309.54998779296875,298.54998779296875,304.3999938964844,1086718
2021-02-24,304.5,311.0,303.0,305.1499938964844,647686
2021-02-25,309.0,309.75,302.20001220703125,304.45001220703125,1014557
2021-02-26,302.0,309.75,291.0,297.5,1988515
2021-03-01,300.1000061035156,304.54998779296875,298.25,300.1499938964844,843480
2021-03-02,302.0,322.8999938964844,301.70001220703125,315.29998779296875,4031034
2021-03-03,319.5,326.0,313.6000061035156,318.04998779296875,2427924
2021-03-04,315.25,334.3999938964844,310.20001220703125,325.8999938964844,2619084
2021-03-05,322.04998779296875,322.75,310.0,311.45001220703125,1237997
2021-03-08,314.79998779296875,317.3500061035156,308.04998779296875,309.20001220703125,599511
2021-03-09,310.0,315.8999938964844,293.70001220703125,297.6499938964844,1095282
2021-03-10,301.0,307.54998779296875,295.25,305.45001220703125,726204
2021-03-12,308.0,313.1000061035156,301.1000061035156,301.95001220703125,1066538
2021-03-15,304.25,306.20001220703125,298.5,300.75,344566
2021-03-16,300.75,308.8500061035156,297.5,303.70001220703125,504158
2021-03-17,305.0,306.3999938964844,293.75,295.1000061035156,488782
2021-03-18,298.0,298.5,283.1000061035156,286.3500061035156,909476
2021-03-19,285.0,289.70001220703125,272.29998779296875,283.3500061035156,998832
2021-03-22,284.5,289.70001220703125,277.3500061035156,278.25,1128743
2021-03-23,280.95001220703125,283.70001220703125,269.0,270.45001220703125,1795545
2021-03-24,270.45001220703125,275.79998779296875,264.0,265.04998779296875,1286577
2021-03-25,268.0,269.79998779296875,261.0,266.70001220703125,1011565
2021-03-26,271.8500061035156,287.8999938964844,270.20001220703125,278.04998779296875,2231711
2021-03-30,281.3999938964844,283.0,257.0,262.25,2786509
2021-03-31,264.5,275.0,264.45001220703125,272.8999938964844,1783503
2021-04-01,276.0,283.0,274.25,280.25,1464491
2021-04-05,281.0,303.0,277.5,297.25,3945113
2021-04-06,297.79998779296875,309.0,290.0,301.3500061035156,2113161
2021-04-07,312.0,317.5,305.25,307.5,5173835
2021-04-08,307.5,323.5,306.6000061035156,319.1000061035156,3354406
2021-04-09,317.5,317.5,308.0,308.8500061035156,2143386
2021-04-12,303.0,303.0,288.0,294.1499938964844,1570309
2021-04-13,298.3500061035156,302.45001220703125,291.0,291.95001220703125,1055168
2021-04-15,291.5,297.8999938964844,290.0,291.75,1015424
2021-04-16,293.0,298.75,291.1000061035156,292.1000061035156,866946
2021-04-19,286.0,290.0,278.6499938964844,282.8999938964844,1180792
2021-04-20,286.0,290.1499938964844,281.1000061035156,284.3999938964844,738454
2021-04-22,287.0,305.0,287.0,302.25,3681184
2021-04-23,302.25,309.25,294.0,299.54998779296875,2969340
2021-04-26,304.70001220703125,311.0,300.3500061035156,304.1499938964844,3199929
2021-04-27,308.0,322.3999938964844,306.54998779296875,318.75,9306441
2021-04-28,321.8999938964844,321.8999938964844,307.0,308.20001220703125,5195162
2021-04-29,312.0,314.75,306.0,307.20001220703125,2514122
2021-04-30,305.5,312.54998779296875,302.04998779296875,305.1000061035156,1726897
2021-05-03,306.1499938964844,307.29998779296875,296.54998779296875,297.70001220703125,2004533
2021-05-04,303.0,303.0,287.0,290.3999938964844,3787816
2021-05-05,291.1000061035156,295.04998779296875,287.0,288.04998779296875,1988974
2021-05-06,290.79998779296875,300.6000061035156,290.0,296.5,3618674
2021-05-07,300.5,316.29998779296875,299.0,309.8500061035156,7838176
2021-05-10,315.0,320.20001220703125,309.0,317.8500061035156,4835154
2021-05-11,310.0,316.8999938964844,307.0,313.1000061035156,1994769
2021-05-12,315.5,332.0,312.0,317.1000061035156,7972217
2021-05-14,319.95001220703125,323.8500061035156,308.6499938964844,311.79998779296875,3998991
2021-05-17,311.79998779296875,318.0,311.79998779296875,315.6499938964844,1227131
2021-05-18,321.45001220703125,350.5,321.45001220703125,345.5,24955975
2021-05-19,351.0,362.1000061035156,342.25,347.6499938964844,11543534
2021-05-20,347.0,348.45001220703125,336.0,344.6000061035156,4061140
2021-05-21,349.0,354.0,342.3999938964844,344.54998779296875,3422820
2021-05-24,347.70001220703125,347.8999938964844,327.8500061035156,329.45001220703125,5130644
2021-05-25,332.04998779296875,337.70001220703125,329.20001220703125,333.29998779296875,2581914
2021-05-26,336.0,337.3999938964844,324.70001220703125,325.8500061035156,2223573
2021-05-27,327.95001220703125,332.5,326.0,328.75,1356862
2021-05-28,334.5,335.0,326.0,326.6499938964844,1673508
2021-05-31,326.8999938964844,330.5,322.29998779296875,327.0,2055959
2021-06-01,330.3500061035156,331.75,323.45001220703125,327.54998779296875,1356800
2021-06-02,327.0,330.25,323.04998779296875,324.3999938964844,1849017
2021-06-03,326.95001220703125,327.0,323.5,324.70001220703125,1355911
2021-06-04,323.0,334.8999938964844,322.04998779296875,333.70001220703125,3080244
2021-06-07,337.6000061035156,341.0,334.1499938964844,339.8500061035156,3505337
2021-06-08,340.20001220703125,342.79998779296875,333.5,338.6000061035156,1473381
2021-06-09,336.1000061035156,341.79998779296875,333.04998779296875,338.04998779296875,2068493
2021-06-10,341.0,341.8999938964844,337.5,340.0,1023479
2021-06-11,341.0,351.8999938964844,340.3999938964844,344.04998779296875,3288575
2021-06-14,344.04998779296875,344.04998779296875,331.1000061035156,339.6000061035156,1180879
2021-06-15,340.0,341.45001220703125,337.04998779296875,339.95001220703125,886260
2021-06-16,342.0,342.0,328.1499938964844,334.20001220703125,2476285
2021-06-17,332.0,335.6000061035156,324.8999938964844,334.1499938964844,2234016
2021-06-18,332.04998779296875,332.6499938964844,323.5,328.8999938964844,2192582
2021-06-21,325.0,334.8999938964844,322.5,331.75,906954
2021-06-22,333.0,334.0,328.70001220703125,332.8999938964844,1272621
2021-06-23,333.8999938964844,336.5,327.54998779296875,331.45001220703125,1078467
2021-06-24,332.5,338.8999938964844,329.6499938964844,336.04998779296875,1400581
2021-06-25,338.25,341.5,336.3500061035156,339.54998779296875,917171
2021-06-28,341.5,341.8999938964844,335.25,339.20001220703125,982883
2021-06-29,339.5,341.0,335.29998779296875,340.1000061035156,647407
2021-06-30,340.5,341.8500061035156,337.0,339.29998779296875,520880
2021-07-01,337.6000061035156,344.8999938964844,336.25,339.95001220703125,1271970
2021-07-02,341.0,341.70001220703125,336.75,339.5,636705
2021-07-05,339.3999938964844,339.8999938964844,336.1499938964844,337.29998779296875,562937
2021-07-06,337.3999938964844,339.5,334.0,335.3500061035156,485275
2021-07-07,335.3500061035156,337.0,331.1499938964844,333.54998779296875,759230
2021-07-08,333.8500061035156,338.45001220703125,330.25,331.45001220703125,785873
2021-07-09,331.0,334.8999938964844,331.0,331.95001220703125,464272
2021-07-12,334.20001220703125,336.79998779296875,333.20001220703125,335.70001220703125,472616
2021-07-13,337.0,342.8500061035156,332.1000061035156,334.8500061035156,1195775
2021-07-14,337.0,339.75,333.45001220703125,335.20001220703125,929546
2021-07-15,335.20001220703125,350.8999938964844,335.0,347.20001220703125,2841884
2021-07-16,349.5,349.79998779296875,342.0,344.1000061035156,866858
2021-07-19,345.0,345.0,337.79998779296875,339.95001220703125,767837
2021-07-20,337.5,339.70001220703125,328.45001220703125,333.0,1078296
2021-07-22,340.0,342.0,318.79998779296875,327.04998779296875,3389719
2021-07-23,329.6000061035156,335.8999938964844,325.1499938964844,328.54998779296875,1691393
2021-07-26,330.0,330.29998779296875,325.0,326.5,642013
2021-07-27,328.1499938964844,329.75,319.0,320.45001220703125,820843
2021-07-28,320.0,323.8500061035156,313.70001220703125,316.25,902734
2021-07-29,318.45001220703125,325.54998779296875,317.0,323.54998779296875,1753832
2021-07-30,325.8999938964844,330.3999938964844,319.0,320.5,2759663
2021-08-02,324.5,327.75,323.0,324.5,653297
2021-08-03,326.6499938964844,326.8999938964844,318.04998779296875,321.25,973957
2021-08-04,322.0,324.79998779296875,319.0,319.6499938964844,538335
2021-08-05,321.0,322.95001220703125,316.29998779296875,319.45001220703125,429968
2021-08-06,320.0,323.20001220703125,318.0,318.3999938964844,481160
2021-08-09,317.54998779296875,321.0,315.0,317.6000061035156,727836
2021-08-10,317.0,318.79998779296875,307.79998779296875,309.3500061035156,745912
2021-08-11,310.0,318.0,306.54998779296875,316.1499938964844,1527673
2021-08-12,319.0,321.95001220703125,315.70001220703125,319.79998779296875,893026
2021-08-13,320.8999938964844,323.0,319.1000061035156,320.8999938964844,605873
2021-08-16,323.20001220703125,332.5,323.20001220703125,330.8500061035156,2768305
2021-08-17,332.79998779296875,332.8999938964844,314.0,317.6499938964844,2585664
2021-08-18,316.5,324.95001220703125,313.29998779296875,321.25,1471950
2021-08-20,315.95001220703125,316.79998779296875,306.0,308.1000061035156,1087129
2021-08-23,310.29998779296875,313.25,294.1000061035156,310.25,2182369
2021-08-24,312.79998779296875,317.45001220703125,303.6499938964844,316.25,1537821
2021-08-25,316.0,317.5,311.45001220703125,316.04998779296875,703209
2021-08-26,315.0,317.0,312.0,315.29998779296875,641303
2021-08-27,315.04998779296875,320.79998779296875,313.1000061035156,318.20001220703125,711069
2021-08-30,321.6499938964844,325.0,319.1000061035156,324.04998779296875,747758
2021-08-31,325.0,325.8999938964844,319.04998779296875,321.75,845627
2021-09-01,321.75,326.70001220703125,317.70001220703125,322.75,909890
2021-09-02,323.0,326.0,318.3999938964844,325.20001220703125,1014427
2021-09-03,324.04998779296875,326.8999938964844,322.20001220703125,325.04998779296875,635352
2021-09-06,327.0,329.70001220703125,321.6499938964844,328.04998779296875,690323
2021-09-07,328.8999938964844,330.0,322.6000061035156,328.95001220703125,713935
2021-09-08,328.95001220703125,330.5,324.3500061035156,329.95001220703125,611443
2021-09-09,327.25,332.0,327.25,329.45001220703125,390563
2021-09-13,325.5,337.79998779296875,325.1000061035156,335.3999938964844,1169181
2021-09-14,338.0,338.79998779296875,331.04998779296875,333.0,571182
2021-09-15,333.0,335.8999938964844,330.5,334.45001220703125,514511
2021-09-16,334.8500061035156,335.6000061035156,330.5,334.8999938964844,487050
2021-09-17,334.0,335.5,328.0,334.75,673375
2021-09-20,322.5,336.75,322.0,323.25,989401
2021-09-21,324.1000061035156,324.3999938964844,312.29998779296875,318.6000061035156,855536
2021-09-22,319.5,319.8500061035156,314.3999938964844,317.79998779296875,975106
2021-09-23,321.8999938964844,324.54998779296875,319.0,322.54998779296875,517633
2021-09-24,324.0,325.5,319.25,322.6000061035156,768446
2021-09-27,322.6000061035156,324.1000061035156,318.6499938964844,321.75,601771
2021-09-28,321.0,324.3999938964844,318.70001220703125,321.70001220703125,626305
2021-09-29,320.0,324.6499938964844,318.0,321.8500061035156,1613303
2021-09-30,321.3999938964844,321.3999938964844,310.1000061035156,311.6000061035156,1915795
2021-10-01,311.5,314.5,305.3999938964844,306.1499938964844,2042841
2021-10-04,308.8500061035156,313.0,306.79998779296875,309.75,1438742
2021-10-05,311.54998779296875,315.95001220703125,311.54998779296875,312.04998779296875,1387444
2021-10-06,314.0,315.6000061035156,311.75,314.6499938964844,764014
2021-10-07,315.75,316.5,312.25,313.45001220703125,664318
2021-10-08,316.0,317.5,314.0,315.45001220703125,669127
2021-10-11,317.0,318.04998779296875,314.70001220703125,315.5,629602
2021-10-12,315.95001220703125,319.95001220703125,313.1499938964844,318.75,630240
2021-10-13,319.29998779296875,341.0,318.20001220703125,332.8500061035156,3029449
2021-10-14,350.0,361.0,345.0,346.70001220703125,9464918
2021-10-18,372.0,408.6000061035156,367.5,387.6499938964844,8782614
2021-10-19,390.20001220703125,392.3999938964844,365.0,369.29998779296875,2858310
2021-10-20,369.0,369.0,350.54998779296875,359.8999938964844,1981348
2021-10-21,364.0,369.70001220703125,340.0,342.04998779296875,2189697
2021-10-22,343.8999938964844,347.45001220703125,315.70001220703125,322.3500061035156,3860723
2021-10-25,322.3500061035156,331.3999938964844,317.1000061035156,323.0,1885013
2021-10-26,323.95001220703125,327.5,322.0,323.20001220703125,828215
2021-10-27,324.0,330.95001220703125,321.0,323.8500061035156,1132806
2021-10-28,322.6000061035156,322.6000061035156,316.1000061035156,317.6499938964844,824077
2021-10-29,318.0,318.8999938964844,309.75,311.3500061035156,851684
2021-11-01,314.8999938964844,318.79998779296875,312.54998779296875,315.45001220703125,545266
2021-11-02,318.1499938964844,318.5,314.1000061035156,314.79998779296875,490874
2021-11-03,315.5,317.45001220703125,313.3999938964844,315.75,441908
2021-11-04,318.0,319.5,317.1000061035156,318.54998779296875,141805
2021-11-08,321.0,323.0,315.75,320.6499938964844,443669
2021-11-09,322.29998779296875,322.75,315.25,317.0,711829
2021-11-10,317.0,318.5,315.0,316.25,424368
2021-11-11,317.0,323.8999938964844,317.0,319.5,1091464
2021-11-12,321.5,324.95001220703125,318.75,324.04998779296875,760512
2021-11-15,323.0,330.0,319.25,328.45001220703125,1464062
2021-11-16,328.45001220703125,331.1499938964844,324.6000061035156,329.54998779296875,902964
2021-11-17,330.0,334.0,328.0,332.6499938964844,870444
2021-11-18,336.04998779296875,345.0,319.79998779296875,322.95001220703125,9391701
2021-11-22,310.95001220703125,323.0,310.95001220703125,318.79998779296875,1309404
2021-11-23,326.04998779296875,329.45001220703125,316.54998779296875,326.70001220703125,1738021
2021-11-24,329.0,331.6000061035156,325.3500061035156,330.25,736909
2021-11-25,330.25,335.0,326.0,331.6499938964844,755057
2021-11-26,330.0,334.0,324.0,330.29998779296875,1380003
2021-11-29,330.8999938964844,331.8999938964844,322.5,329.8500061035156,921006
2021-11-30,329.0,333.8999938964844,325.95001220703125,333.04998779296875,1291897
2021-12-01,333.3999938964844,335.79998779296875,328.79998779296875,332.6000061035156,630349
2021-12-02,330.0,334.8500061035156,329.04998779296875,333.29998779296875,490104
2021-12-03,345.1000061035156,350.0,340.04998779296875,347.6499938964844,3532515
2021-12-06,351.45001220703125,352.70001220703125,345.6000061035156,349.0,1984752
2021-12-07,354.0,355.0,350.54998779296875,353.6000061035156,1291881
2021-12-08,357.0,363.75,355.20001220703125,361.75,4226137
2021-12-09,364.54998779296875,368.3500061035156,363.6000061035156,367.20001220703125,2019400
2021-12-10,368.0,368.25,363.29998779296875,365.45001220703125,1345835
2021-12-13,369.79998779296875,369.8500061035156,364.3999938964844,367.95001220703125,1464889
2021-12-14,349.79998779296875,352.04998779296875,333.1499938964844,338.6000061035156,2717685
2021-12-15,339.95001220703125,341.8999938964844,332.0,333.0,873355
2021-12-16,333.0,335.0,323.0,323.79998779296875,1180628
2021-12-17,325.54998779296875,327.5,311.5,313.3999938964844,1424154
2021-12-20,313.3999938964844,313.3999938964844,305.75,310.8999938964844,933224
2021-12-21,310.54998779296875,319.5,310.54998779296875,312.8500061035156,658526
2021-12-22,314.29998779296875,316.6499938964844,309.1499938964844,312.1499938964844,696814
2021-12-23,315.95001220703125,319.3500061035156,313.0,315.04998779296875,649236
2021-12-24,317.5,317.8999938964844,312.29998779296875,313.6499938964844,368237
2021-12-27,313.6000061035156,316.5,310.79998779296875,315.45001220703125,381503
2021-12-28,317.0,318.0,316.0,317.0,244343
2021-12-29,318.79998779296875,320.29998779296875,315.04998779296875,315.70001220703125,362907
2021-12-30,315.70001220703125,318.0,315.0,315.6499938964844,220544
2021-12-31,317.0,318.3500061035156,316.04998779296875,316.79998779296875,262845
2022-01-03,316.95001220703125,320.0,316.8500061035156,319.6000061035156,297955
2022-01-04,331.70001220703125,334.5,326.5,330.54998779296875,2498082
2022-01-05,329.79998779296875,333.20001220703125,326.1000061035156,331.95001220703125,565040
2022-01-06,331.0,332.5,328.0,331.45001220703125,349833
2022-01-07,333.0,334.1000061035156,328.3999938964844,333.0,417489
2022-01-10,334.0,334.95001220703125,329.5,330.45001220703125,326601
2022-01-11,324.0,329.45001220703125,323.8500061035156,326.75,381278
2022-01-12,328.0,331.75,327.0,330.70001220703125,405320
2022-01-13,330.1000061035156,333.0,330.04998779296875,331.3999938964844,291606
2022-01-14,331.95001220703125,332.6499938964844,328.29998779296875,330.0,220490
2022-01-17,328.1000061035156,329.95001220703125,327.0,327.5,285705
2022-01-18,329.8999938964844,329.8999938964844,325.1000061035156,325.79998779296875,243633
2022-01-19,326.0,328.54998779296875,323.0,324.20001220703125,292701
2022-01-20,325.0,327.6000061035156,319.6000061035156,322.20001220703125,398781
2022-01-21,322.20001220703125,329.3999938964844,316.79998779296875,326.0,2227785
2022-01-24,326.6000061035156,326.70001220703125,312.5,316.54998779296875,697303
2022-01-25,314.1000061035156,319.5,308.0,312.25,707511
2022-01-27,309.5,317.0,309.5,312.95001220703125,599365
2022-01-28,314.95001220703125,319.3999938964844,314.3999938964844,315.3500061035156,377815
2022-01-31,316.25,318.54998779296875,315.0,315.45001220703125,264966
2022-02-01,316.6000061035156,318.75,314.75,318.0,336321
2022-02-02,321.0,321.6000061035156,319.25,320.45001220703125,237138
2022-02-03,321.8500061035156,326.5,321.0,323.29998779296875,619741
2022-02-04,325.0,330.8999938964844,321.8500061035156,329.6499938964844,826825
2022-02-07,330.45001220703125,335.8999938964844,329.70001220703125,334.04998779296875,1048595
2022-02-08,336.20001220703125,337.3999938964844,324.8999938964844,327.29998779296875,667055
2022-02-09,329.8999938964844,334.5,326.04998779296875,331.70001220703125,434764
2022-02-10,334.0,338.0,331.04998779296875,331.79998779296875,691056
2022-02-11,328.0,331.3500061035156,326.0,327.04998779296875,275139
2022-02-14,321.0,323.75,310.0,313.70001220703125,510584
2022-02-15,315.0,316.3500061035156,309.75,315.1000061035156,480791
2022-02-16,315.75,319.8999938964844,312.75,317.5,639949
2022-02-17,318.1000061035156,321.95001220703125,315.0,316.54998779296875,346779
2022-02-18,316.54998779296875,319.5,316.0,317.25,231662
2022-02-21,315.0,316.45001220703125,310.79998779296875,312.3500061035156,230960
2022-02-22,308.70001220703125,311.04998779296875,299.54998779296875,309.20001220703125,627968
2022-02-23,312.54998779296875,334.75,312.0,312.95001220703125,382356
2022-02-24,306.0,309.29998779296875,296.04998779296875,298.70001220703125,733004
2022-02-25,302.25,312.0,302.25,310.3500061035156,378004
2022-02-28,309.25,314.5,306.0,311.95001220703125,471318
2022-03-02,311.3999938964844,360.0,311.3999938964844,351.75,9273376
2022-03-03,360.0,371.70001220703125,336.8500061035156,340.3999938964844,8389106
2022-03-04,340.0,349.8999938964844,318.0,321.29998779296875,4485873
2022-03-07,322.1000061035156,330.70001220703125,315.5,319.45001220703125,3370332
2022-03-08,326.0,337.8999938964844,316.6000061035156,322.3999938964844,6205251
2022-03-09,328.5,329.29998779296875,316.5,316.95001220703125,1982633
2022-03-10,316.6000061035156,319.70001220703125,312.04998779296875,312.8999938964844,1670847
2022-03-11,315.04998779296875,315.1000061035156,309.29998779296875,313.1499938964844,1373085
2022-03-14,313.0,315.0,309.1000061035156,309.8500061035156,855693
2022-03-15,310.8999938964844,311.8500061035156,305.0,305.5,973924
2022-03-16,308.0,313.6499938964844,308.0,309.95001220703125,1119742
2022-03-17,312.04998779296875,314.8999938964844,309.1000061035156,310.04998779296875,1297589
2022-03-21,312.0,314.70001220703125,310.6499938964844,311.3999938964844,1053117
2022-03-22,313.25,315.0,311.45001220703125,313.0,1178316
2022-03-23,313.1000061035156,314.5,310.0,311.0,1050024
2022-03-24,315.0,318.8999938964844,310.3999938964844,311.04998779296875,2043996
2022-03-25,313.0,313.3999938964844,310.29998779296875,310.79998779296875,852759
2022-03-28,313.3999938964844,313.3999938964844,309.1000061035156,310.0,959106
2022-03-29,312.0,312.70001220703125,306.04998779296875,309.8500061035156,1291346
2022-03-30,310.0,312.5,310.0,311.20001220703125,722629
2022-03-31,312.5,314.29998779296875,308.20001220703125,310.1499938964844,1148619
2022-04-01,311.54998779296875,321.54998779296875,309.95001220703125,320.6499938964844,1339271
2022-04-04,323.5,326.79998779296875,321.25,325.04998779296875,797433
2022-04-05,330.0,336.0,325.04998779296875,332.8500061035156,2069155
2022-04-06,332.0,335.0,327.0,333.3999938964844,732422
2022-04-07,333.0,338.0,332.1000061035156,337.3999938964844,982237
2022-04-08,337.0,340.79998779296875,333.79998779296875,338.75,890129
2022-04-11,340.0,349.0,338.0,348.54998779296875,1506518
2022-04-12,348.0,348.04998779296875,337.1000061035156,340.3500061035156,712314
2022-04-13,345.45001220703125,356.75,345.3999938964844,352.45001220703125,3585186
2022-04-18,351.6499938964844,351.6499938964844,343.0,344.04998779296875,543920
2022-04-19,348.5,350.0,333.1000061035156,341.45001220703125,543960
2022-04-20,342.04998779296875,349.8999938964844,342.04998779296875,347.45001220703125,534452
2022-04-21,347.3999938964844,350.8999938964844,344.29998779296875,349.79998779296875,599962
2022-04-22,349.3999938964844,353.8999938964844,341.54998779296875,345.3500061035156,1924985
2022-04-25,342.5,342.5,321.8500061035156,322.8500061035156,1840008
2022-04-26,323.04998779296875,327.70001220703125,316.25,322.95001220703125,1762087
2022-04-27,318.20001220703125,322.79998779296875,314.54998779296875,318.1499938964844,1364198
2022-04-28,323.0,324.0,315.54998779296875,321.54998779296875,1015521
2022-04-29,323.0,324.70001220703125,317.6000061035156,321.8999938964844,838605
2022-05-02,321.8500061035156,328.79998779296875,316.04998779296875,323.3500061035156,699894
2022-05-04,323.3500061035156,325.0,314.0,315.8500061035156,612426
2022-05-05,318.20001220703125,320.95001220703125,310.1499938964844,311.0,548685
2022-05-06,306.1000061035156,309.45001220703125,301.3500061035156,304.79998779296875,741272
2022-05-09,304.0,311.45001220703125,301.6000061035156,309.04998779296875,625988
2022-05-10,305.04998779296875,308.75,299.54998779296875,300.95001220703125,562023
2022-05-11,300.1499938964844,303.6000061035156,287.0,295.45001220703125,873285
2022-05-12,292.3500061035156,293.29998779296875,285.1499938964844,286.1499938964844,548950
2022-05-13,289.0,294.54998779296875,283.0,284.54998779296875,415655
2022-05-16,284.70001220703125,288.29998779296875,278.95001220703125,282.25,448904
2022-05-17,286.5,296.29998779296875,284.25,293.79998779296875,821541
2022-05-18,297.0,298.0,290.3500061035156,291.0,371423
2022-05-19,286.8999938964844,290.70001220703125,282.70001220703125,285.45001220703125,339233
2022-05-20,291.1499938964844,296.8500061035156,290.1000061035156,293.6499938964844,591646
2022-05-23,292.0,300.0,286.20001220703125,299.25,741139
2022-05-24,300.0,304.95001220703125,292.29998779296875,295.3999938964844,365786
2022-05-25,295.5,318.0,290.20001220703125,304.5,5949768
2022-05-26,309.5,315.0,295.1000061035156,299.20001220703125,1752641
2022-05-27,302.3999938964844,303.0,295.3999938964844,296.29998779296875,439604
2022-05-30,299.29998779296875,299.6000061035156,296.6499938964844,298.29998779296875,247360
2022-05-31,297.8500061035156,304.5,296.0,300.95001220703125,382712
2022-06-01,304.0,311.6499938964844,303.04998779296875,310.0,708301
2022-06-02,309.0,310.0,304.3500061035156,305.79998779296875,264475
2022-06-03,307.3999938964844,308.6000061035156,298.8500061035156,299.70001220703125,344104
2022-06-06,299.5,301.29998779296875,296.6499938964844,299.54998779296875,154736
2022-06-07,299.8999938964844,307.0,299.8999938964844,301.79998779296875,607057
2022-06-08,302.79998779296875,302.8500061035156,297.20001220703125,297.70001220703125,261209
2022-06-09,295.20001220703125,300.0,291.45001220703125,292.45001220703125,514985
2022-06-10,292.45001220703125,297.95001220703125,287.8500061035156,289.6499938964844,1034256
2022-06-13,284.04998779296875,288.0,276.25,280.54998779296875,586014
2022-06-14,276.3999938964844,287.1000061035156,271.1000061035156,277.25,589705
2022-06-15,280.0,289.1000061035156,278.1499938964844,280.8999938964844,543382
2022-06-16,284.0,290.8500061035156,270.0,275.04998779296875,969370
2022-06-17,274.8500061035156,275.95001220703125,262.8999938964844,265.8500061035156,543481
2022-06-20,268.0,268.5,253.4499969482422,257.70001220703125,584569
2022-06-21,259.1000061035156,267.1499938964844,258.04998779296875,263.54998779296875,634830
2022-06-22,262.0,262.25,245.25,247.60000610351562,668130
2022-06-23,248.1999969482422,252.25,246.0,250.35000610351562,395882
2022-06-24,252.39999389648438,256.75,245.10000610351562,246.5500030517578,798772
2022-06-27,250.0,251.75,245.3000030517578,246.10000610351562,735020
2022-06-28,246.39999389648438,252.5,246.10000610351562,251.1999969482422,298402
2022-06-29,250.5,257.0,248.5,253.5,491018
2022-06-30,253.5,255.4499969482422,248.5500030517578,249.35000610351562,249341
2022-07-01,246.0,249.0,245.35000610351562,247.5500030517578,310474
2022-07-04,248.4499969482422,253.0,245.8000030517578,247.85000610351562,332384
2022-07-05,248.35000610351562,251.75,248.0,248.60000610351562,277978
2022-07-06,247.89999389648438,249.0,242.0500030517578,247.0500030517578,356748
2022-07-07,248.4499969482422,257.8999938964844,248.4499969482422,256.5,589216
2022-07-08,266.70001220703125,266.70001220703125,261.1000061035156,263.04998779296875,980999
2022-07-11,263.04998779296875,271.8999938964844,263.04998779296875,271.3999938964844,761611
2022-07-12,272.8500061035156,273.45001220703125,266.25,267.75,779193
2022-07-13,271.0,273.1499938964844,268.5,271.6499938964844,780303
2022-07-14,284.0,288.0,280.0,283.70001220703125,6466717
2022-07-15,287.0,287.0,283.25,285.3500061035156,1663756
2022-07-18,289.0,294.8500061035156,288.6499938964844,293.3999938964844,1941113
2022-07-19,295.0,299.75,293.5,298.6499938964844,2560461
2022-07-20,280.0,283.0,276.70001220703125,278.8500061035156,3156045
2022-07-21,279.0,286.79998779296875,275.95001220703125,283.0,2947592
2022-07-22,285.0,285.1499938964844,276.5,277.25,1416962
2022-07-25,276.8500061035156,277.70001220703125,272.29998779296875,273.04998779296875,752631
2022-07-26,273.25,273.25,265.0,265.8999938964844,593234
2022-07-27,265.0,265.20001220703125,260.29998779296875,262.95001220703125,655614
2022-07-28,263.0,267.1499938964844,262.6000061035156,264.5,494063
2022-07-29,266.6499938964844,270.20001220703125,266.0,269.70001220703125,588967
2022-08-01,272.25,273.75,270.3500061035156,272.3999938964844,494511
2022-08-02,270.0,272.20001220703125,269.1499938964844,271.1499938964844,403498
2022-08-03,271.25,273.0,268.1000061035156,269.3999938964844,313021
2022-08-04,271.3999938964844,272.6499938964844,266.8500061035156,271.1499938964844,434407
2022-08-05,274.95001220703125,276.29998779296875,270.0,271.8999938964844,690443
2022-08-08,273.6000061035156,274.0,270.29998779296875,271.3999938964844,344207
2022-08-10,271.8999938964844,275.1000061035156,270.5,272.70001220703125,539114
2022-08-11,276.0,277.29998779296875,272.5,272.8999938964844,577857
2022-08-12,273.1000061035156,276.5,273.0,273.70001220703125,867326
2022-08-16,273.0,302.0,271.5,293.20001220703125,5158878
2022-08-17,296.29998779296875,298.0,284.0,285.6000061035156,2997649
2022-08-18,285.0,288.79998779296875,282.20001220703125,282.8500061035156,1443038
2022-08-19,282.8999938964844,283.75,277.0,280.0,992701
2022-08-22,281.5,283.8999938964844,275.04998779296875,279.20001220703125,772130
2022-08-23,277.0,284.20001220703125,276.25,282.5,885701
2022-08-24,281.6499938964844,291.3500061035156,280.8500061035156,282.45001220703125,791395
2022-08-25,282.5,284.79998779296875,280.1499938964844,281.6000061035156,369250
2022-08-26,282.29998779296875,286.45001220703125,282.0,285.1499938964844,638190
2022-08-29,279.8999938964844,287.0,278.45001220703125,284.70001220703125,713986
2022-08-30,286.20001220703125,287.95001220703125,280.3500061035156,285.0,457643
2022-09-01,285.0,287.20001220703125,283.0,284.3500061035156,453578
2022-09-02,288.8999938964844,289.29998779296875,284.0,285.3999938964844,873457
2022-09-05,288.0,290.29998779296875,285.0,287.45001220703125,706524
2022-09-06,287.45001220703125,289.75,286.29998779296875,287.0,437294
2022-09-07,286.75,289.79998779296875,285.5,287.6000061035156,326092
2022-09-08,289.0,289.95001220703125,286.5,288.6499938964844,685165
2022-09-09,290.0,292.0,288.20001220703125,289.54998779296875,527012
2022-09-12,290.29998779296875,295.0,288.29998779296875,289.45001220703125,662532
2022-09-13,293.0,293.0,288.0,288.45001220703125,490769
2022-09-14,283.5,295.0,283.5,289.75,1343291
2022-09-15,291.75,291.8999938964844,287.29998779296875,290.75,561891
2022-09-16,288.29998779296875,291.0,278.6000061035156,281.29998779296875,855108
2022-09-19,283.75,283.75,274.6499938964844,275.3999938964844,538419
2022-09-20,276.0,281.20001220703125,275.5,278.79998779296875,354395
2022-09-21,278.79998779296875,281.8999938964844,277.6000061035156,281.1499938964844,271931
2022-09-22,281.1499938964844,282.95001220703125,279.04998779296875,282.3500061035156,270528
2022-09-23,282.3500061035156,284.70001220703125,278.0,278.3999938964844,308887
2022-09-26,276.0,276.0,269.0,272.45001220703125,296586
2022-09-27,275.0,276.1000061035156,272.0,274.0,217422
2022-09-28,271.54998779296875,273.5,262.6499938964844,266.1000061035156,308238
2022-09-29,268.29998779296875,272.45001220703125,266.1499938964844,267.8500061035156,215429
2022-09-30,267.8500061035156,270.0,266.5,267.20001220703125,459950
2022-10-03,267.20001220703125,269.3500061035156,264.0,266.04998779296875,342434
2022-10-04,275.0,275.0,266.1499938964844,272.3500061035156,1136013
2022-10-06,276.70001220703125,285.29998779296875,274.25,284.54998779296875,1178145
2022-10-07,283.3500061035156,288.3999938964844,280.20001220703125,287.79998779296875,550838
2022-10-10,285.0,290.45001220703125,282.45001220703125,289.75,433434
2022-10-11,289.75,290.6000061035156,282.25,286.8999938964844,639022
2022-10-12,286.8999938964844,289.79998779296875,282.8999938964844,289.45001220703125,414835
2022-10-13,289.29998779296875,289.75,284.25,289.1499938964844,312524
2022-10-14,291.0,292.75,284.0,285.1499938964844,280350
2022-10-17,285.0,285.1499938964844,276.0,276.8999938964844,373337
2022-10-18,277.8999938964844,281.0,277.8500061035156,280.54998779296875,305689
2022-10-19,280.0,284.8999938964844,280.0,281.45001220703125,237621
2022-10-20,279.25,281.0,277.20001220703125,278.3500061035156,234039
2022-10-21,278.95001220703125,283.70001220703125,278.1000061035156,281.1499938964844,653505
2022-10-24,283.0,283.75,281.29998779296875,283.25,123463
2022-10-25,283.0,284.70001220703125,280.54998779296875,284.20001220703125,287573
2022-10-27,286.0,287.79998779296875,283.1000061035156,284.1000061035156,284662
2022-10-28,284.0,285.5,283.0,283.5,169733
2022-10-31,284.95001220703125,285.1000061035156,282.1000061035156,283.70001220703125,419177
2022-11-01,283.0,284.70001220703125,282.6000061035156,283.6000061035156,288825
2022-11-02,283.6000061035156,293.0,283.6000061035156,288.25,1146681
2022-11-03,286.25,290.8999938964844,285.1499938964844,285.8500061035156,317644
2022-11-04,286.75,291.0,286.54998779296875,288.8999938964844,359041
2022-11-07,290.3500061035156,293.29998779296875,288.5,290.79998779296875,644150
2022-11-09,291.79998779296875,295.0,291.0,292.1499938964844,603701
2022-11-10,292.1499938964844,293.54998779296875,289.25,292.8500061035156,452302
2022-11-11,295.1499938964844,298.29998779296875,293.29998779296875,296.54998779296875,941418
2022-11-14,303.0,310.0,302.29998779296875,309.3500061035156,2416967
2022-11-15,311.5,315.0,309.6499938964844,314.29998779296875,996538
2022-11-16,320.0,321.54998779296875,315.54998779296875,319.04998779296875,1639754
2022-11-17,321.95001220703125,326.79998779296875,319.95001220703125,324.25,2636045
2022-11-18,326.1499938964844,326.79998779296875,322.0,323.3999938964844,1233833
2022-11-21,323.8999938964844,325.0,320.6499938964844,324.5,1152337
2022-11-22,324.3500061035156,324.79998779296875,319.1000061035156,319.54998779296875,1190367
2022-11-23,304.1000061035156,305.70001220703125,300.04998779296875,301.04998779296875,1784660
2022-11-24,300.5,301.3999938964844,292.79998779296875,296.20001220703125,1088237
2022-11-25,293.3999938964844,297.79998779296875,293.3999938964844,297.1000061035156,683382
2022-11-28,297.1000061035156,301.95001220703125,296.3999938964844,301.1000061035156,576400
2022-11-29,298.29998779296875,303.95001220703125,297.29998779296875,303.1499938964844,495661
2022-11-30,301.5,307.6000061035156,301.5,307.25,495922
2022-12-01,308.79998779296875,309.5,304.8999938964844,307.0,604601
2022-12-02,308.0,311.0,304.20001220703125,305.3999938964844,828054
2022-12-05,306.1000061035156,315.0,306.1000061035156,314.04998779296875,1227211
2022-12-06,314.5,318.8999938964844,313.1499938964844,315.04998779296875,830567
2022-12-07,316.6499938964844,318.29998779296875,312.0,315.04998779296875,444698
2022-12-08,317.0,318.3999938964844,315.1000061035156,317.20001220703125,490930
2022-12-09,319.70001220703125,319.70001220703125,312.54998779296875,316.95001220703125,638318
2022-12-12,316.6000061035156,318.25,312.6000061035156,317.1499938964844,529141
2022-12-13,317.45001220703125,319.5,316.25,317.20001220703125,337990
2022-12-14,318.0,319.79998779296875,316.1499938964844,318.20001220703125,420848
2022-12-15,318.5,319.5,317.6000061035156,319.04998779296875,388016
2022-12-16,318.6000061035156,324.3999938964844,317.1000061035156,319.6499938964844,1124919
2022-12-19,319.95001220703125,324.8999938964844,318.25,324.0,699822
2022-12-20,321.95001220703125,328.95001220703125,320.20001220703125,328.5,1039966
2022-12-21,331.0,333.0,320.0,323.3500061035156,790394
2022-12-22,324.0,326.45001220703125,311.1000061035156,320.20001220703125,752259
2022-12-23,312.25,315.5,308.25,313.1499938964844,993236
2022-12-26,311.20001220703125,315.95001220703125,307.0,314.04998779296875,351079
2022-12-27,315.25,324.5,313.5,321.6000061035156,366016
2022-12-28,319.8500061035156,326.3500061035156,318.70001220703125,324.25,297658
2022-12-29,320.25,326.6000061035156,320.25,326.20001220703125,447463
2022-12-30,327.95001220703125,329.79998779296875,320.54998779296875,321.70001220703125,327330
2023-01-02,323.29998779296875,326.45001220703125,323.25,325.1000061035156,241376
2023-01-03,329.45001220703125,336.1000061035156,328.0,331.6499938964844,1354277
2023-01-04,332.5,333.95001220703125,330.3500061035156,332.04998779296875,638125
2023-01-05,334.54998779296875,340.54998779296875,333.29998779296875,337.70001220703125,1187757
2023-01-06,337.70001220703125,338.45001220703125,330.29998779296875,332.79998779296875,330906
2023-01-09,334.5,341.70001220703125,334.1000061035156,338.70001220703125,535175
2023-01-10,340.70001220703125,345.6000061035156,340.1000061035156,343.70001220703125,780956
2023-01-11,345.0,347.1499938964844,337.29998779296875,339.3999938964844,507764
2023-01-12,341.0,345.8999938964844,337.04998779296875,345.1000061035156,599868
2023-01-13,345.1000061035156,350.0,345.1000061035156,349.70001220703125,647059
2023-01-16,351.5,352.79998779296875,340.0,344.3999938964844,388733
2023-01-17,346.0,351.95001220703125,342.6499938964844,347.54998779296875,809639
2023-01-18,351.04998779296875,363.8999938964844,350.5,361.3500061035156,2252175
2023-01-19,364.0,383.0,364.0,377.54998779296875,3152013
2023-01-20,345.0,356.79998779296875,340.20001220703125,353.0,5818613
2023-01-23,360.0,360.0,341.79998779296875,346.20001220703125,2107210
2023-01-24,348.0,357.0,345.20001220703125,354.95001220703125,1278140
2023-01-25,359.0,359.0,352.5,358.0,1109433
2023-01-27,355.6499938964844,358.0,340.5,346.3500061035156,1306217
2023-01-30,333.8999938964844,335.0,327.1499938964844,330.0,1021008
2023-01-31,330.0,335.8999938964844,330.0,332.8500061035156,590476
2023-02-01,337.45001220703125,343.0,324.20001220703125,332.3999938964844,949631
2023-02-02,330.45001220703125,347.5,330.45001220703125,343.75,1353291
2023-02-03,344.0,349.6000061035156,340.29998779296875,346.25,695416
2023-02-06,335.8500061035156,344.75,335.0,338.45001220703125,556891
2023-02-07,339.0,340.20001220703125,330.20001220703125,332.04998779296875,573595
2023-02-08,331.25,336.1499938964844,327.25,328.95001220703125,346573
2023-02-09,329.04998779296875,332.5,325.25,327.25,559495
2023-02-10,327.25,331.0,327.0,329.8500061035156,205428
2023-02-13,329.8500061035156,329.8999938964844,325.0,325.95001220703125,276106
2023-02-14,326.0,328.79998779296875,325.20001220703125,326.20001220703125,180115
2023-02-15,325.0,326.95001220703125,320.8500061035156,322.75,268049
2023-02-16,325.0,328.95001220703125,323.04998779296875,324.79998779296875,267210
2023-02-17,324.79998779296875,325.75,323.04998779296875,323.95001220703125,135607
2023-02-20,324.6000061035156,325.1499938964844,320.5,321.20001220703125,157990
2023-02-21,322.8999938964844,323.0,321.1000061035156,321.70001220703125,92681
2023-02-22,323.3999938964844,323.3999938964844,315.0,315.8999938964844,366016
2023-02-23,316.0,320.8500061035156,315.0,315.75,243213
2023-02-24,316.0,321.0,315.04998779296875,319.95001220703125,219964
2023-02-27,318.70001220703125,318.70001220703125,308.0,308.6000061035156,395864
2023-02-28,307.0,307.54998779296875,295.95001220703125,304.0,636946
2023-03-01,304.0,314.0,301.25,311.54998779296875,743898
2023-03-02,311.54998779296875,316.0,309.8999938964844,312.5,244043
2023-03-03,314.5,315.6499938964844,310.1499938964844,311.75,344245
2023-03-06,312.5,316.70001220703125,311.0,311.95001220703125,492230
2023-03-08,312.0,319.70001220703125,309.25,309.95001220703125,829264
2023-03-09,310.04998779296875,313.0,310.04998779296875,311.6499938964844,238206
2023-03-10,311.0,311.8999938964844,303.70001220703125,304.3999938964844,687462
2023-03-13,307.0,314.0,297.5,300.45001220703125,3529283
2023-03-14,301.20001220703125,304.6499938964844,293.6000061035156,294.8500061035156,1644635
2023-03-15,296.3999938964844,309.95001220703125,294.0,295.1000061035156,2796338
2023-03-16,296.54998779296875,306.0,296.25,304.8500061035156,1996713
2023-03-17,312.0,318.0,309.0,312.1000061035156,6324640
2023-03-20,316.79998779296875,317.25,309.54998779296875,310.6000061035156,1409324
2023-03-21,314.8999938964844,316.0,309.1000061035156,310.6000061035156,1566260
2023-03-22,321.0,325.0,316.8500061035156,317.75,10748992
2023-03-23,320.0,324.79998779296875,317.29998779296875,320.25,4468037
2023-03-24,324.0,324.0,320.29998779296875,323.1000061035156,2726902
2023-03-27,326.5,329.70001220703125,324.04998779296875,329.1000061035156,2633761
2023-03-28,331.0,331.54998779296875,323.29998779296875,328.79998779296875,1943385
2023-03-29,299.0,302.8999938964844,295.0,299.0,2729086
2023-03-31,298.0,298.0,292.29998779296875,293.3500061035156,1891210
2023-04-03,294.0,298.8999938964844,293.3500061035156,298.20001220703125,792375
2023-04-05,299.0,307.0,297.6000061035156,305.70001220703125,2122227
2023-04-06,304.20001220703125,312.54998779296875,303.3500061035156,311.29998779296875,1107348
2023-04-10,311.29998779296875,314.95001220703125,310.3500061035156,312.79998779296875,839201
2023-04-11,312.8999938964844,313.95001220703125,310.3999938964844,312.04998779296875,741347
2023-04-12,313.0,313.79998779296875,311.3999938964844,313.25,507479
2023-04-13,313.8999938964844,321.79998779296875,312.6499938964844,319.70001220703125,1314001
2023-04-17,319.70001220703125,320.8500061035156,317.1000061035156,318.8500061035156,767761
2023-04-18,319.0,324.8999938964844,319.0,323.29998779296875,1129990
2023-04-19,324.0,326.0,323.3999938964844,324.45001220703125,789880
2023-04-20,325.70001220703125,328.5,325.04998779296875,327.54998779296875,794274
2023-04-21,326.95001220703125,328.0,321.0,324.6000061035156,1221091
2023-04-24,320.0,320.0,314.0,318.45001220703125,892063
2023-04-25,318.45001220703125,319.20001220703125,316.20001220703125,316.8500061035156,302289
2023-04-26,315.5,316.29998779296875,312.54998779296875,313.20001220703125,401604
2023-04-27,312.0,312.70001220703125,309.20001220703125,310.29998779296875,329620
2023-04-28,311.54998779296875,314.8999938964844,311.29998779296875,314.3500061035156,554348
2023-05-02,316.3999938964844,317.79998779296875,315.0,315.20001220703125,407894
2023-05-03,316.3500061035156,316.3500061035156,312.0,314.3500061035156,466517
2023-05-04,315.6000061035156,316.6499938964844,311.54998779296875,312.6499938964844,404326
2023-05-05,313.0,313.54998779296875,310.6000061035156,311.5,348800
2023-05-08,312.25,314.5,312.0,313.45001220703125,268684
2023-05-09,314.20001220703125,316.6000061035156,312.25,314.20001220703125,408045
2023-05-10,315.5,315.5,312.6000061035156,314.29998779296875,214245
2023-05-11,314.29998779296875,315.0,313.04998779296875,313.70001220703125,146651
2023-05-12,313.0,313.0,309.29998779296875,310.3500061035156,339326
2023-05-15,312.5,312.5,308.8500061035156,309.70001220703125,308715
2023-05-16,311.20001220703125,312.8500061035156,310.0,310.54998779296875,242696
2023-05-17,311.3999938964844,313.6000061035156,310.1499938964844,312.3500061035156,314221
2023-05-18,312.6000061035156,313.5,310.0,310.29998779296875,303319
2023-05-19,310.8500061035156,312.20001220703125,307.54998779296875,308.3500061035156,330855
2023-05-22,309.95001220703125,310.8999938964844,308.0,308.70001220703125,330803
2023-05-23,308.1000061035156,310.0,307.1000061035156,307.54998779296875,533927
2023-05-24,307.54998779296875,309.70001220703125,306.1000061035156,306.54998779296875,480513
2023-05-25,306.0,307.3999938964844,304.3999938964844,304.8999938964844,363830
2023-05-26,307.8500061035156,307.8500061035156,304.54998779296875,305.6000061035156,442425
2023-05-29,307.25,308.0,305.25,306.70001220703125,453398
2023-05-30,307.0,307.79998779296875,305.45001220703125,306.6499938964844,370133
2023-05-31,306.6499938964844,307.1499938964844,304.3999938964844,306.0,343628
2023-06-01,306.75,307.1000061035156,304.5,305.6499938964844,283062
2023-06-02,306.0,307.1499938964844,305.0,306.5,273163
2023-06-05,305.8500061035156,309.8999938964844,305.5,306.8999938964844,421092
2023-06-06,308.0,309.3999938964844,306.3999938964844,307.04998779296875,255148
2023-06-07,309.79998779296875,309.79998779296875,305.1000061035156,305.45001220703125,710622
2023-06-08,306.5,306.5,303.6000061035156,304.20001220703125,712681
2023-06-09,305.95001220703125,305.95001220703125,299.0,300.54998779296875,854118
2023-06-12,301.0,301.54998779296875,298.70001220703125,298.95001220703125,697003
2023-06-13,299.75,304.6000061035156,299.54998779296875,303.8500061035156,984236
2023-06-14,305.0,305.8999938964844,301.0,302.1499938964844,790046
2023-06-15,303.04998779296875,304.70001220703125,300.1499938964844,303.8999938964844,1066599
2023-06-16,304.8999938964844,309.5,303.8999938964844,304.5,803574
2023-06-19,306.1499938964844,307.45001220703125,304.5,307.1000061035156,661796
2023-06-20,307.1000061035156,308.29998779296875,306.0,308.1000061035156,485539
2023-06-21,308.3999938964844,308.70001220703125,305.54998779296875,307.8999938964844,488122
2023-06-22,308.79998779296875,311.45001220703125,306.95001220703125,310.70001220703125,655279
2023-06-23,313.6000061035156,313.6000061035156,308.0,308.45001220703125,333504
2023-06-26,308.45001220703125,308.95001220703125,304.0,307.0,577649
2023-06-27,307.1000061035156,307.5,305.0,305.25,362332
2023-06-28,307.6499938964844,309.3500061035156,305.8999938964844,306.8999938964844,349310
2023-06-30,308.0,308.0,305.29998779296875,307.3500061035156,347574
2023-07-03,309.0,310.0,308.20001220703125,309.54998779296875,329058
2023-07-04,310.70001220703125,312.8500061035156,310.0,310.75,388875
2023-07-05,312.3999938964844,312.3999938964844,310.5,311.5,311186
2023-07-06,316.0,338.3500061035156,316.0,335.95001220703125,6685794
2023-07-07,340.0,344.0,337.54998779296875,340.6000061035156,3390644
2023-07-10,331.0,332.0,324.04998779296875,327.8500061035156,2648867
2023-07-11,329.95001220703125,333.0,327.8500061035156,330.95001220703125,1207370
2023-07-12,332.8999938964844,333.0,331.6000061035156,332.6499938964844,624584
2023-07-13,333.3500061035156,334.0,327.95001220703125,330.70001220703125,1090510
2023-07-14,326.79998779296875,329.0,324.04998779296875,328.54998779296875,563672
2023-07-17,327.5,327.95001220703125,323.0,323.95001220703125,720807
2023-07-18,325.1499938964844,325.1499938964844,318.5,320.29998779296875,442325
2023-07-19,320.0,328.0,318.70001220703125,323.25,607414
2023-07-20,324.6499938964844,324.6499938964844,322.0,323.1499938964844,208681
2023-07-21,323.6000061035156,323.6000061035156,315.6000061035156,318.1499938964844,950300
2023-07-24,315.0,318.0,313.0,316.54998779296875,763349
2023-07-25,316.0,320.0,312.0,318.04998779296875,572162
2023-07-26,320.0,322.45001220703125,318.0,319.8500061035156,562029
2023-07-27,321.1000061035156,321.95001220703125,314.8500061035156,320.3999938964844,816751
2023-07-28,320.3999938964844,320.8999938964844,316.8999938964844,320.1499938964844,497223
2023-07-31,320.29998779296875,323.0,318.20001220703125,321.95001220703125,632384
2023-08-01,323.54998779296875,324.3500061035156,320.3999938964844,322.25,406743
2023-08-02,323.0,324.70001220703125,319.29998779296875,321.0,580855
2023-08-03,322.0,322.0,316.1000061035156,318.1000061035156,485555
2023-08-04,318.8999938964844,321.5,316.75,318.20001220703125,362429
2023-08-07,321.8999938964844,321.8999938964844,316.0,316.75,411143
2023-08-08,319.3500061035156,320.95001220703125,315.75,319.45001220703125,427000
2023-08-09,319.04998779296875,321.0,318.04998779296875,320.6000061035156,235747
2023-08-10,320.95001220703125,321.95001220703125,318.0,318.79998779296875,225424
2023-08-11,320.0,320.0,316.0,316.54998779296875,279237
2023-08-14,317.0,317.95001220703125,314.0,316.54998779296875,234103
2023-08-16,316.79998779296875,316.8999938964844,314.0,314.20001220703125,207990
2023-08-17,314.3500061035156,317.29998779296875,313.04998779296875,314.0,231013
2023-08-18,314.0,315.8999938964844,312.04998779296875,314.54998779296875,246539
2023-08-21,316.0,316.8500061035156,312.29998779296875,315.1000061035156,243071
2023-08-22,315.8999938964844,316.8500061035156,313.5,316.29998779296875,190788
2023-08-23,316.29998779296875,317.5,313.6000061035156,314.1000061035156,322539
2023-08-24,314.1000061035156,316.75,314.1000061035156,316.1000061035156,305984
2023-08-25,316.95001220703125,318.0,313.29998779296875,314.45001220703125,344870
2023-08-28,314.45001220703125,317.29998779296875,314.1000061035156,316.20001220703125,475282
2023-08-29,317.04998779296875,317.8500061035156,314.79998779296875,315.3999938964844,219232
2023-08-30,316.1000061035156,322.5,316.1000061035156,319.95001220703125,567027
2023-08-31,321.0,321.45001220703125,317.04998779296875,318.1499938964844,219124
2023-09-01,318.1499938964844,322.0,318.1499938964844,319.70001220703125,281397
2023-09-04,320.0,324.8999938964844,319.8500061035156,323.5,667679
2023-09-05,325.0,326.45001220703125,320.6499938964844,324.0,535157
2023-09-06,325.0,325.0,321.0,321.45001220703125,291816
2023-09-07,322.0,322.95001220703125,319.0,320.8999938964844,263613
2023-09-08,322.0,322.8500061035156,320.0,320.20001220703125,295099
2023-09-11,320.6000061035156,322.0,318.79998779296875,319.95001220703125,391440
2023-09-12,321.95001220703125,322.0,314.54998779296875,315.20001220703125,388769
2023-09-13,316.45001220703125,316.95001220703125,312.5,314.8500061035156,297983
2023-09-14,317.79998779296875,322.0,316.3999938964844,321.20001220703125,555890
2023-09-15,322.95001220703125,323.5,321.20001220703125,321.5,538269
2023-09-18,322.45001220703125,322.45001220703125,317.5,318.1499938964844,299525
2023-09-20,318.1499938964844,318.8999938964844,314.79998779296875,315.6000061035156,239370
2023-09-21,315.6000061035156,316.0,312.1499938964844,313.3999938964844,233391
2023-09-22,313.95001220703125,314.95001220703125,312.04998779296875,313.79998779296875,195355
2023-09-25,315.45001220703125,315.45001220703125,309.20001220703125,313.29998779296875,350059
2023-09-26,314.8500061035156,316.5,310.04998779296875,311.45001220703125,276885
2023-09-27,312.0,312.0,309.20001220703125,311.0,199242
2023-09-28,311.0,311.3999938964844,294.0,297.95001220703125,1140485
2023-09-29,300.29998779296875,317.5,300.20001220703125,308.6499938964844,2289398
2023-10-03,308.6499938964844,311.45001220703125,303.6000061035156,307.0,703140
2023-10-04,307.0,309.3999938964844,304.20001220703125,308.1499938964844,369670
2023-10-05,300.54998779296875,307.54998779296875,300.54998779296875,304.5,292298
2023-10-06,306.45001220703125,306.8500061035156,302.54998779296875,305.54998779296875,326063
2023-10-09,308.0,314.5,302.79998779296875,311.79998779296875,1103868
2023-10-10,314.95001220703125,317.8500061035156,313.0,317.04998779296875,601029
2023-10-11,318.0,319.79998779296875,312.79998779296875,317.29998779296875,461120
2023-10-12,315.6499938964844,321.8999938964844,315.0,317.70001220703125,555523
2023-10-13,317.70001220703125,320.5,317.1499938964844,318.6000061035156,365388
2023-10-16,320.1499938964844,324.6000061035156,317.6000061035156,321.8999938964844,710371
2023-10-17,323.70001220703125,324.0,320.1000061035156,321.20001220703125,473925
2023-10-18,320.79998779296875,324.5,309.54998779296875,313.25,2046808
2023-10-19,310.0,315.0,310.0,314.3999938964844,205302
2023-10-20,314.6000061035156,315.79998779296875,300.29998779296875,308.6000061035156,1532582
2023-10-23,306.0,307.8999938964844,301.8999938964844,303.45001220703125,499171
2023-10-25,305.95001220703125,307.8999938964844,296.6000061035156,299.70001220703125,512926
2023-10-26,299.0,299.6499938964844,290.5,294.70001220703125,557107
2023-10-27,296.25,299.70001220703125,293.3500061035156,295.79998779296875,346211
2023-10-30,295.79998779296875,295.79998779296875,291.3500061035156,292.8500061035156,325580
2023-10-31,293.45001220703125,297.04998779296875,293.1000061035156,295.54998779296875,228054
2023-11-01,295.8500061035156,296.1499938964844,291.1499938964844,292.5,315882
2023-11-02,295.0,296.5,292.5,294.29998779296875,213238
2023-11-03,295.79998779296875,299.79998779296875,294.70001220703125,299.1000061035156,211812
2023-11-06,299.0,299.70001220703125,295.29998779296875,296.04998779296875,333777
2023-11-07,296.8999938964844,297.5,292.1000061035156,292.75,393766
2023-11-08,293.79998779296875,297.5,293.79998779296875,297.0,197817
2023-11-09,297.0,298.0,295.0,296.6000061035156,186227
2023-11-10,296.6000061035156,305.8999938964844,295.3500061035156,301.79998779296875,331948
2023-11-13,303.95001220703125,304.6000061035156,300.1499938964844,301.25,247756
2023-11-15,304.95001220703125,306.6000061035156,302.54998779296875,304.29998779296875,306698
2023-11-16,305.8999938964844,305.8999938964844,301.3500061035156,303.54998779296875,300970
2023-11-17,300.29998779296875,308.70001220703125,300.1000061035156,307.6000061035156,334149
2023-11-20,307.6000061035156,308.95001220703125,305.0,305.1000061035156,119971
2023-11-21,307.0,307.29998779296875,303.29998779296875,303.8500061035156,142123
2023-11-22,303.8500061035156,304.0,298.25,299.54998779296875,290073
2023-11-23,299.54998779296875,302.5,299.54998779296875,301.3500061035156,115557
2023-11-24,303.8999938964844,303.8999938964844,299.8999938964844,301.0,132414
2023-11-28,302.75,302.75,300.0,300.79998779296875,197865
2023-11-29,302.54998779296875,303.0,299.5,299.75,636251
2023-11-30,300.04998779296875,300.8500061035156,297.5,299.25,382853
2023-12-01,300.95001220703125,302.0,297.8500061035156,300.1499938964844,395237
2023-12-04,318.8999938964844,319.0,313.0,317.8999938964844,2209533
2023-12-05,320.95001220703125,327.0,320.0,325.0,1829812
2023-12-06,329.45001220703125,332.0,325.0,325.6499938964844,2934514
2023-12-07,327.0,327.6000061035156,323.0,324.1499938964844,861934
2023-12-08,324.1499938964844,325.8999938964844,320.20001220703125,322.6499938964844,676456
2023-12-11,324.0,326.79998779296875,323.54998779296875,325.3500061035156,565522
2023-12-12,325.25,326.75,324.20001220703125,324.8999938964844,453205
2023-12-13,324.8999938964844,326.0,323.6000061035156,325.5,879874
2023-12-14,325.1000061035156,325.1000061035156,318.0,319.1000061035156,846426
2023-12-15,320.0,320.0,314.5,316.3500061035156,778336
2023-12-18,316.0,316.3500061035156,311.04998779296875,315.29998779296875,401872
2023-12-19,314.20001220703125,314.8999938964844,310.5,311.95001220703125,541553
2023-12-20,312.1000061035156,314.0,305.75,306.8999938964844,681204
2023-12-21,304.0,307.54998779296875,302.70001220703125,306.5,472198
2023-12-22,305.04998779296875,312.0,305.04998779296875,309.8999938964844,480182
2023-12-26,311.04998779296875,312.8999938964844,310.0,311.70001220703125,311187
2023-12-27,312.0,313.25,310.3500061035156,311.95001220703125,306296
2023-12-28,312.1000061035156,317.5,311.0,312.6000061035156,1639625
2023-12-29,313.70001220703125,322.04998779296875,313.70001220703125,318.04998779296875,1519854
2024-01-01,318.04998779296875,320.79998779296875,316.8500061035156,318.3500061035156,579455
2024-01-02,318.3500061035156,319.20001220703125,312.70001220703125,317.29998779296875,566897
2024-01-03,320.1000061035156,322.0,318.1000061035156,318.79998779296875,787990
2024-01-04,318.04998779296875,319.8999938964844,317.8999938964844,318.25,447976
2024-01-05,318.0,320.0,315.70001220703125,318.5,524841
2024-01-08,318.0,318.29998779296875,314.70001220703125,315.45001220703125,451664
2024-01-09,316.8500061035156,317.8500061035156,312.5,313.79998779296875,371112
2024-01-10,313.0,319.1499938964844,311.0,317.25,417359
2024-01-11,318.45001220703125,318.95001220703125,316.5,317.29998779296875,319079
2024-01-12,317.0,318.8999938964844,315.95001220703125,316.3999938964844,310597
2024-01-15,316.0,325.45001220703125,316.0,321.75,1709160
2024-01-16,322.0,323.95001220703125,317.29998779296875,320.6000061035156,939904
2024-01-17,318.8999938964844,318.8999938964844,314.0,315.8999938964844,765447
2024-01-18,315.0,315.45001220703125,304.3999938964844,312.04998779296875,890971
2024-01-19,314.04998779296875,323.5,313.04998779296875,315.1499938964844,1814063
2024-01-23,316.45001220703125,317.0,307.70001220703125,310.70001220703125,613374
2024-01-24,310.0,312.0,308.0,311.25,420648
2024-01-25,311.5,314.3500061035156,311.0,313.20001220703125,331791
2024-01-29,314.0,315.0,311.54998779296875,314.0,366623
2024-01-30,314.1000061035156,319.5,313.0,318.04998779296875,733697
2024-01-31,318.6000061035156,319.6000061035156,316.04998779296875,317.25,491387
2024-02-01,320.0,321.0,316.0,317.25,504653
2024-02-02,318.8999938964844,321.45001220703125,316.5,318.20001220703125,707719
2024-02-05,318.20001220703125,319.75,314.5,315.5,802078
2024-02-06,315.5,318.70001220703125,313.5,315.8999938964844,433851
2024-02-07,317.0,318.75,315.0,315.8999938964844,430490
2024-02-08,317.0,317.20001220703125,313.0,314.3500061035156,403828
2024-02-09,314.3500061035156,314.75,310.5,312.6000061035156,290538
2024-02-12,313.95001220703125,316.3999938964844,306.3999938964844,308.29998779296875,439066
2024-02-13,308.29998779296875,310.8999938964844,305.0,308.3999938964844,331920
2024-02-14,306.0,311.0,305.70001220703125,310.25,228976
2024-02-15,318.0,318.0,310.0,314.8999938964844,398989
2024-02-16,315.0,316.45001220703125,312.5,313.1499938964844,225066
2024-02-19,313.29998779296875,314.8999938964844,310.5,311.1000061035156,278687
2024-02-20,311.0,313.0,310.5,311.1000061035156,194595
2024-02-21,310.95001220703125,312.8999938964844,308.3999938964844,309.1000061035156,280526
2024-02-22,310.0,311.0,307.95001220703125,310.25,193163
2024-02-23,310.20001220703125,311.45001220703125,309.6499938964844,310.6499938964844,193107
2024-02-26,310.6499938964844,313.95001220703125,308.70001220703125,310.25,349742
2024-02-27,310.0,310.5,308.29998779296875,309.6499938964844,262548
2024-02-28,310.5,311.3500061035156,307.54998779296875,309.0,312859
2024-02-29,308.8999938964844,308.8999938964844,306.0,306.45001220703125,283041
2024-03-01,307.95001220703125,313.3999938964844,307.1499938964844,308.75,331401
2024-03-04,313.0,314.95001220703125,310.75,312.20001220703125,421726
2024-03-05,312.5,313.3999938964844,307.0,308.1499938964844,418677
2024-03-06,307.0,308.95001220703125,306.04998779296875,307.54998779296875,268163
2024-03-07,308.6000061035156,312.79998779296875,308.04998779296875,310.95001220703125,310481
2024-03-11,310.95001220703125,312.79998779296875,308.04998779296875,308.3999938964844,240075
2024-03-12,309.70001220703125,309.70001220703125,305.54998779296875,308.45001220703125,301099
2024-03-13,308.45001220703125,308.70001220703125,300.0,301.79998779296875,560411
2024-03-14,301.79998779296875,306.70001220703125,298.0,304.20001220703125,520707
2024-03-15,304.0,304.0,284.6000061035156,289.3999938964844,3154634
2024-03-18,289.3999938964844,296.5,289.3999938964844,295.45001220703125,685732
2024-03-19,294.95001220703125,295.8999938964844,291.5,293.3999938964844,366865
2024-03-20,294.95001220703125,295.29998779296875,290.79998779296875,291.70001220703125,331332
2024-03-21,292.0,296.45001220703125,292.0,293.8999938964844,367193
2024-03-22,294.0,297.95001220703125,293.20001220703125,296.0,563796
2024-03-26,297.8500061035156,298.95001220703125,294.29998779296875,294.8999938964844,455958
2024-03-27,294.25,297.79998779296875,293.0,293.70001220703125,465415
2024-03-28,293.70001220703125,296.1499938964844,290.1000061035156,292.29998779296875,452622
2024-04-01,295.45001220703125,307.54998779296875,294.1499938964844,306.1499938964844,916687
2024-04-02,306.1499938964844,319.8999938964844,304.3500061035156,315.6499938964844,1847216
2024-04-03,321.0,330.29998779296875,320.5,328.3500061035156,5708706
2024-04-04,334.79998779296875,341.20001220703125,332.6499938964844,337.8500061035156,5296425
2024-04-05,339.5,340.3999938964844,332.1000061035156,339.95001220703125,1822499
2024-04-08,343.5,350.8500061035156,341.3999938964844,344.3999938964844,3220184
2024-04-09,346.1000061035156,408.0,344.04998779296875,398.3999938964844,21023442
2024-04-10,400.0,414.5,388.45001220703125,401.29998779296875,13104407
2024-04-12,402.0,437.79998779296875,394.04998779296875,431.95001220703125,19951451
2024-04-15,425.0,427.29998779296875,402.0,407.25,9041149
2024-04-16,406.0,418.0,400.0,402.75,4248215
2024-04-18,405.3500061035156,417.54998779296875,403.0,404.95001220703125,3100128
2024-04-19,404.0,410.1000061035156,393.20001220703125,398.70001220703125,3834728
2024-04-22,399.0,419.8999938964844,397.6000061035156,409.70001220703125,3212026
2024-04-23,412.0,415.8999938964844,403.0,404.5,1716625
2024-04-24,406.54998779296875,413.8999938964844,406.54998779296875,409.6000061035156,1271005
2024-04-25,409.6000061035156,423.95001220703125,407.5,411.5,2419866
2024-04-26,413.5,429.0,412.04998779296875,421.6000061035156,3812770
2024-04-29,425.3500061035156,427.8500061035156,421.79998779296875,424.25,1474786
2024-04-30,427.5,442.54998779296875,425.25,426.95001220703125,2369092
2024-05-02,428.79998779296875,437.3500061035156,424.20001220703125,432.1000061035156,2249997
2024-05-03,438.20001220703125,478.3999938964844,438.20001220703125,470.1000061035156,10396501
2024-05-06,474.0,476.79998779296875,443.1000061035156,464.25,5386921
2024-05-07,464.25,467.3999938964844,433.6499938964844,445.79998779296875,3599889
2024-05-08,446.70001220703125,487.0,444.3500061035156,471.8500061035156,8896879
2024-05-09,472.79998779296875,486.79998779296875,451.29998779296875,456.1499938964844,3884464
2024-05-10,460.95001220703125,540.9500122070312,460.29998779296875,525.5,28236129
2024-05-13,529.0,586.0,506.79998779296875,579.0999755859375,25340856
2024-05-14,578.5999755859375,582.0,547.2999877929688,559.9000244140625,17152568
2024-05-15,557.5,580.0,545.5499877929688,560.8499755859375,4213134
2024-05-16,566.5,589.0,556.5,583.2999877929688,5205070
2024-05-17,584.75,619.0999755859375,578.4000244140625,590.2000122070312,6519031
2024-05-21,636.75,743.5999755859375,625.0999755859375,741.2999877929688,15462688
2024-05-22,768.0,807.7000122070312,712.3499755859375,772.2999877929688,17441458
2024-05-23,758.75,758.9000244140625,711.9000244140625,740.9000244140625,6795842
2024-05-24,740.0,760.0,728.0,742.6500244140625,2234866
2024-05-27,746.0,749.7000122070312,700.0,706.9000244140625,2122125
2024-05-28,714.0,746.0,703.0,716.2999877929688,3413004
2024-05-29,719.9000244140625,732.0,706.9000244140625,711.7999877929688,1808030
2024-05-30,707.0,714.7999877929688,660.0,666.5,2466965
2024-05-31,678.7999877929688,706.5499877929688,675.25,687.25,2590960
2024-06-03,740.0,740.0,695.0,696.4000244140625,1661075
2024-06-04,692.75,693.75,626.7999877929688,639.3499755859375,1984752
2024-06-05,639.0,687.0,596.7999877929688,676.8499755859375,1764071
2024-06-06,681.9500122070312,703.5,675.0,687.7999877929688,1059101
2024-06-07,691.9000244140625,699.7000122070312,683.0,688.1500244140625,872911
2024-06-10,686.0499877929688,686.0499877929688,665.0,669.6500244140625,880093
2024-06-11,672.4000244140625,716.0,672.0,696.5499877929688,1993799
2024-06-12,700.0,703.3499755859375,679.5499877929688,688.25,769297
2024-06-13,694.0,695.0999755859375,670.0,672.4000244140625,874207
2024-06-14,675.9000244140625,676.4000244140625,659.5499877929688,661.9000244140625,1052979
2024-06-18,664.0,666.0,644.4000244140625,645.75,982672
2024-06-19,647.0,658.0,630.2999877929688,633.4500122070312,867046
2024-06-20,635.4000244140625,673.9500122070312,634.5999755859375,647.5499877929688,2227735
2024-06-21,652.2999877929688,684.0,642.0,664.5499877929688,2688586
2024-06-24,662.0999755859375,666.7999877929688,650.5499877929688,659.5,626230
2024-06-25,659.0,672.0,655.0,663.9000244140625,713278
2024-06-26,664.7999877929688,664.7999877929688,648.0,650.0,492273
2024-06-27,650.9000244140625,679.4500122070312,646.25,673.25,1332637
2024-06-28,673.5499877929688,679.2999877929688,662.2999877929688,669.6500244140625,742344
2024-07-01,670.0,673.0,650.0,656.75,1045453
2024-07-02,659.9000244140625,659.9000244140625,650.0,652.5,435691
2024-07-03,654.9000244140625,684.0,652.0,673.1500244140625,1488309
2024-07-04,680.0,695.0,680.0,686.0499877929688,1496295
2024-07-05,688.0,696.0,680.25,693.1500244140625,1137292
2024-07-08,698.0,717.0,680.9000244140625,686.1500244140625,1463483
2024-07-09,688.9000244140625,699.5999755859375,669.0,673.1500244140625,588087
2024-07-10,677.5499877929688,677.5499877929688,651.0,659.2000122070312,545551
2024-07-11,663.5999755859375,680.4000244140625,661.0,671.5999755859375,503106
2024-07-12,679.9500122070312,684.0,660.0,664.6500244140625,536850
2024-07-15,668.0,669.9000244140625,653.0,659.7000122070312,398746
2024-07-16,660.5,663.4500122070312,655.0,662.0999755859375,396045
2024-07-18,667.0,669.5,646.0,647.9000244140625,597374
2024-07-19,647.9500122070312,654.5499877929688,635.0,641.75,488014
2024-07-22,632.0,638.8499755859375,624.0,632.0,481431
2024-07-23,632.0,635.9000244140625,604.9500122070312,622.4500122070312,470578
2024-07-24,624.0999755859375,645.9500122070312,624.0,634.3499755859375,336587
2024-07-25,627.0499877929688,629.0499877929688,608.25,611.4500122070312,783701
2024-07-26,610.0499877929688,624.0,599.0,603.5,915304
2024-07-29,611.0,642.0,608.2000122070312,633.7000122070312,759838
2024-07-30,640.0,647.7000122070312,635.2000122070312,641.5,526190
2024-07-31,637.0,654.5,633.0499877929688,646.8499755859375,422937
2024-08-01,654.0,655.7000122070312,639.2000122070312,647.5999755859375,540659
2024-08-02,640.0,663.1500244140625,632.5499877929688,651.7999877929688,1155061
2024-08-05,626.0499877929688,636.0,609.0999755859375,617.1500244140625,812500
2024-08-06,615.0,629.9500122070312,605.0,608.7000122070312,490504
2024-08-07,615.0,632.0,591.4000244140625,595.3499755859375,1411776
2024-08-08,598.5,604.4000244140625,588.0,599.9500122070312,752219
2024-08-09,610.4000244140625,610.4000244140625,592.0,594.0,455571
2024-08-12,599.9500122070312,627.9000244140625,599.0,614.2000122070312,930564
2024-08-13,618.0,618.0,576.25,580.0,1345889
2024-08-14,562.0,618.0,544.0499877929688,571.75,3055207
2024-08-16,530.0,544.0,516.0499877929688,519.9000244140625,11319240
2024-08-19,490.0,498.54998779296875,488.04998779296875,495.70001220703125,26422597
2024-08-20,496.29998779296875,514.2000122070312,496.29998779296875,512.5999755859375,21919526
2024-08-21,515.9500122070312,516.9000244140625,508.75,510.8500061035156,7475230
2024-08-22,512.9000244140625,519.8499755859375,512.1500244140625,518.6500244140625,7868421
2024-08-23,517.0,519.6500244140625,512.5499877929688,513.7999877929688,4980038
2024-08-26,518.0,528.9500122070312,517.0999755859375,528.0999755859375,8083106
2024-08-27,531.0,537.5999755859375,530.0,532.3499755859375,5904226
2024-08-28,514.9000244140625,514.9000244140625,509.45001220703125,511.25,3918470
2024-08-29,507.95001220703125,508.6000061035156,492.3999938964844,496.5,5148826
2024-08-30,499.0,502.0,495.0,500.75,2166880
2024-09-02,502.0,502.45001220703125,492.0,493.8500061035156,2338864
2024-09-03,493.04998779296875,496.8999938964844,490.25,492.54998779296875,1772852
2024-09-04,489.0,489.0,481.04998779296875,485.8999938964844,2637897
2024-09-05,489.0,496.70001220703125,488.0,495.70001220703125,1948919
2024-09-06,496.6000061035156,497.3999938964844,485.54998779296875,486.8500061035156,1938403
2024-09-09,484.75,486.0,477.0,480.1000061035156,1742601
2024-09-10,483.6000061035156,491.0,479.0,486.8999938964844,1518727
2024-09-11,488.0,488.0,475.3999938964844,476.54998779296875,1444929
2024-09-12,480.0,491.0,479.3999938964844,489.79998779296875,1743746
2024-09-13,494.70001220703125,504.0,493.3999938964844,496.6000061035156,2483381
2024-09-16,501.0,508.3999938964844,494.04998779296875,496.45001220703125,2072142
2024-09-17,498.0,498.95001220703125,489.5,490.8999938964844,1008673
2024-09-18,495.0,496.0,483.6000061035156,485.0,1280911
2024-09-19,492.0,496.0,478.54998779296875,489.45001220703125,1815671
2024-09-20,494.70001220703125,504.1499938964844,492.29998779296875,500.70001220703125,2846982
2024-09-23,501.0,508.04998779296875,498.25,503.8999938964844,2163517
2024-09-24,505.0,514.0,504.1000061035156,507.6000061035156,3461449
2024-09-25,514.0,514.9500122070312,506.3999938964844,511.20001220703125,3997321
2024-09-26,511.1499938964844,520.9500122070312,504.04998779296875,517.0,3887216
2024-09-27,525.0,525.4000244140625,516.5499877929688,523.0499877929688,3789679
2024-09-30,525.0,531.25,516.8499755859375,522.5,3995531
2024-10-01,522.9000244140625,524.0,511.8500061035156,519.9000244140625,1884521
2024-10-03,517.0,533.5499877929688,512.5499877929688,522.9000244140625,5498929
2024-10-04,523.1500244140625,526.6500244140625,509.8500061035156,517.25,1877538
2024-10-07,524.0,524.0,490.5,495.3999938964844,1936964
2024-10-08,495.3999938964844,513.5999755859375,492.6499938964844,510.79998779296875,1747070
2024-10-09,509.1000061035156,514.9500122070312,503.8500061035156,505.45001220703125,910097
2024-10-10,506.0,513.0,506.0,508.79998779296875,677683
2024-10-11,508.79998779296875,512.0,502.0,504.1499938964844,511306
2024-10-14,506.70001220703125,522.7999877929688,506.6000061035156,520.2000122070312,1883076
2024-10-15,520.2999877929688,523.5499877929688,511.29998779296875,514.4000244140625,1233163
2024-10-16,514.4000244140625,519.9500122070312,508.6499938964844,510.3999938964844,972108
2024-10-17,511.20001220703125,516.9500122070312,502.1000061035156,508.20001220703125,886030
2024-10-18,505.95001220703125,520.0,494.0,506.5,3491646
2024-10-21,519.3499755859375,521.7999877929688,500.0,501.75,2266446
2024-10-22,505.79998779296875,523.0,505.45001220703125,513.5999755859375,4802288
2024-10-23,515.0999755859375,535.0,515.0999755859375,523.7000122070312,4761151
2024-10-24,526.4500122070312,549.0,526.4500122070312,539.5,5302861
2024-10-25,538.5,539.5,503.1499938964844,510.04998779296875,3661702
2024-10-28,515.5,529.5,512.0,526.6500244140625,1853445
2024-10-29,528.4500122070312,553.8499755859375,527.9500122070312,550.1500244140625,4291983
2024-10-30,555.0,575.4000244140625,552.1500244140625,560.4000244140625,4040718
2024-10-31,563.0,564.0,540.0,553.2000122070312,2265460
2024-11-01,558.9500122070312,564.7999877929688,552.0,558.25,570057
2024-11-04,559.0,559.5499877929688,523.0499877929688,543.7999877929688,3242281
2024-11-05,545.0,565.0,542.7999877929688,559.6500244140625,2598508
2024-11-06,520.0,523.4000244140625,512.25,513.0999755859375,11690198
2024-11-07,507.70001220703125,509.70001220703125,505.54998779296875,507.6000061035156,7355515
2024-11-08,509.70001220703125,512.7999877929688,505.04998779296875,506.25,3200423
2024-11-11,505.8999938964844,509.6499938964844,494.0,506.1000061035156,5111496
2024-11-12,509.0,512.25,498.20001220703125,500.70001220703125,2222208
2024-11-13,497.0,503.1499938964844,484.0,485.70001220703125,2639677
2024-11-14,487.04998779296875,497.6499938964844,484.75,495.3500061035156,1576044
2024-11-18,503.6000061035156,503.8999938964844,494.79998779296875,496.3500061035156,2851127
2024-11-19,500.0,500.3999938964844,490.0,492.1499938964844,1336754
2024-11-21,492.1499938964844,492.95001220703125,483.20001220703125,487.04998779296875,1546003
2024-11-22,488.0,491.70001220703125,485.1499938964844,489.25,1077937
2024-11-25,498.0,501.5,495.70001220703125,498.5,1695909
2024-11-26,499.0,499.70001220703125,493.20001220703125,494.45001220703125,768923
2024-11-27,494.0,501.0,494.0,499.95001220703125,787949
2024-11-28,500.0,501.0,493.0,494.04998779296875,919432
2024-11-29,495.79998779296875,505.8999938964844,491.6000061035156,504.6000061035156,1565002
2024-12-02,502.04998779296875,506.75,499.1000061035156,502.8500061035156,868957
2024-12-03,503.04998779296875,508.3999938964844,500.5,507.1499938964844,1157338
2024-12-04,507.5,510.8999938964844,504.79998779296875,506.95001220703125,889376
2024-12-05,508.0,508.04998779296875,499.1000061035156,500.6000061035156,903208
2024-12-06,500.6000061035156,515.4000244140625,499.45001220703125,510.0,2915997
2024-12-09,510.0,512.5499877929688,505.20001220703125,506.5,868376
2024-12-10,508.70001220703125,509.25,498.0,498.45001220703125,1326710
2024-12-11,499.8999938964844,516.4000244140625,497.6000061035156,509.1499938964844,3159856
2024-12-12,510.8500061035156,513.9500122070312,501.0,501.54998779296875,1158128
2024-12-13,501.1499938964844,502.0,492.1000061035156,500.3500061035156,1092238
2024-12-16,500.3500061035156,503.95001220703125,497.5,498.25,595620
2024-12-17,499.70001220703125,501.0,490.0,490.6499938964844,1068528
2024-12-18,491.1499938964844,492.20001220703125,481.3999938964844,485.3500061035156,910000
2024-12-19,478.45001220703125,483.0,472.0,479.3500061035156,941093
2024-12-20,480.0,483.8999938964844,466.29998779296875,468.79998779296875,935248
2024-12-23,471.0,473.5,462.8999938964844,463.8999938964844,786344
2024-12-24,465.0,465.79998779296875,460.45001220703125,463.3999938964844,599367
2024-12-26,463.3999938964844,465.0,451.79998779296875,453.25,981853
2024-12-27,454.0,463.25,453.8500061035156,454.70001220703125,790788
2024-12-30,454.0,454.70001220703125,429.6000061035156,432.3999938964844,2763331
2024-12-31,432.6000061035156,445.5,432.6000061035156,444.0,1432597
2025-01-01,443.8999938964844,448.3999938964844,440.95001220703125,444.04998779296875,638861
2025-01-02,447.0,455.3999938964844,441.29998779296875,452.5,1067204
2025-01-03,452.5,472.5,450.8500061035156,469.1499938964844,2312908
2025-01-06,473.20001220703125,473.20001220703125,445.04998779296875,446.79998779296875,1237423
2025-01-07,447.0,454.95001220703125,447.0,448.54998779296875,566242
2025-01-08,449.25,451.0,432.3999938964844,443.79998779296875,1534792
2025-01-09,445.3999938964844,453.1499938964844,436.1000061035156,437.70001220703125,2009603
2025-01-10,437.70001220703125,438.95001220703125,427.20001220703125,433.3500061035156,910052
2025-01-13,429.8500061035156,432.8500061035156,414.70001220703125,419.3999938964844,1845851
2025-01-14,422.0,439.0,421.8999938964844,436.04998779296875,1148840
2025-01-15,436.5,448.5,436.20001220703125,442.04998779296875,713988
2025-01-16,449.0,459.8999938964844,448.25,455.3999938964844,1034803
2025-01-17,456.5,461.8999938964844,453.8999938964844,456.8500061035156,631209
2025-01-20,464.20001220703125,467.04998779296875,456.6000061035156,465.5,762660
2025-01-21,463.5,472.5,458.25,461.0,1043422
2025-01-22,466.0,470.79998779296875,459.6499938964844,469.3500061035156,1488217
2025-01-23,470.0,479.5,465.0,474.1000061035156,1013935
2025-01-24,477.0,480.5,461.6499938964844,466.54998779296875,811862
2025-01-27,461.70001220703125,461.95001220703125,448.45001220703125,450.8500061035156,697454
2025-01-28,454.0,461.20001220703125,431.0,433.20001220703125,2310918
2025-01-29,440.0,444.95001220703125,430.0,438.29998779296875,1683342
2025-01-30,439.3999938964844,452.3999938964844,438.79998779296875,441.3500061035156,711322
2025-01-31,446.5,452.3500061035156,440.5,450.1499938964844,1051297
2025-02-01,450.1499938964844,457.75,442.6499938964844,446.0,831920
2025-02-03,445.0,445.0,426.54998779296875,432.54998779296875,1149990
2025-02-04,438.5,443.8999938964844,432.0,436.8999938964844,1049689
2025-02-05,442.20001220703125,469.20001220703125,438.6499938964844,467.45001220703125,3709519
2025-02-06,465.0,467.45001220703125,441.6000061035156,442.8999938964844,2683938
2025-02-07,444.0,446.6000061035156,436.5,440.3500061035156,1289638
2025-02-10,441.6000061035156,443.8999938964844,433.0,435.6499938964844,1061336
2025-02-11,435.0,438.45001220703125,413.95001220703125,416.8500061035156,1597914
2025-02-12,420.25,424.29998779296875,408.29998779296875,420.3500061035156,1334554
2025-02-13,422.0,426.95001220703125,411.0,411.79998779296875,1237837
2025-02-14,414.0,422.5,410.1499938964844,416.54998779296875,2778054
2025-02-17,411.54998779296875,416.6499938964844,402.54998779296875,415.54998779296875,1569698
2025-02-18,417.0,419.0,404.70001220703125,409.04998779296875,763874
2025-02-19,409.04998779296875,414.54998779296875,406.6000061035156,413.45001220703125,984098
2025-02-20,412.0,424.25,411.79998779296875,422.8500061035156,971143
2025-02-21,422.75,430.20001220703125,420.04998779296875,426.6499938964844,1071716
2025-02-24,421.0,425.95001220703125,415.04998779296875,415.6499938964844,1024804
2025-02-25,414.75,416.8500061035156,405.1000061035156,407.25,732520
2025-02-27,407.0,415.0,403.04998779296875,411.75,1034655
2025-02-28,406.0,407.0,390.0,390.79998779296875,1613553
2025-03-03,392.0,395.29998779296875,378.1499938964844,387.45001220703125,2004706
2025-03-04,384.8999938964844,398.70001220703125,381.45001220703125,395.45001220703125,1558931
2025-03-05,395.45001220703125,412.79998779296875,395.45001220703125,411.25,1925095
2025-03-06,418.0,429.3500061035156,416.25,426.1000061035156,2634281
2025-03-07,430.04998779296875,437.95001220703125,428.20001220703125,429.3500061035156,2097278
2025-03-10,429.04998779296875,434.04998779296875,425.0,426.45001220703125,1448034
2025-03-11,422.0,431.70001220703125,420.29998779296875,427.3999938964844,2153628
2025-03-12,429.0,432.6499938964844,425.75,427.6499938964844,1225552
2025-03-13,430.0,436.8999938964844,428.0,430.0,1372791
2025-03-17,430.54998779296875,442.0,430.54998779296875,435.3500061035156,1569517
2025-03-18,435.3500061035156,435.3500061035156,435.3500061035156,435.3500061035156,0
2025-03-19,441.5,477.79998779296875,440.25,454.25,7177341
2025-03-20,458.0,464.0,445.6000061035156,456.3500061035156,2796560
2025-03-21,458.25,458.6000061035156,442.0,446.3999938964844,3772285
2025-03-24,448.6499938964844,457.8500061035156,448.3999938964844,453.29998779296875,1406526
2025-03-25,456.04998779296875,457.04998779296875,443.0,444.45001220703125,1269831
2025-03-26,446.25,453.79998779296875,441.1499938964844,442.20001220703125,1445183
2025-03-27,443.0,449.8999938964844,440.1000061035156,447.8999938964844,1972572
2025-03-28,452.0,475.0,451.25,461.8999938964844,5676960
2025-04-01,462.54998779296875,467.0,452.0,453.75,1437487
2025-04-02,453.1000061035156,463.70001220703125,446.6000061035156,460.79998779296875,1214886
2025-04-03,457.8500061035156,468.45001220703125,452.6000061035156,459.1499938964844,1882318
2025-04-04,457.75,457.75,424.0,426.95001220703125,3061033
2025-04-07,390.20001220703125,410.6000061035156,388.54998779296875,406.75,2436376
2025-04-08,418.95001220703125,419.8999938964844,403.3500061035156,412.04998779296875,1514564
2025-04-09,408.0,408.04998779296875,397.1499938964844,400.6000061035156,1432174
2025-04-11,415.0,415.6499938964844,407.1000061035156,411.04998779296875,1561497
2025-04-15,419.5,435.6499938964844,418.29998779296875,433.8999938964844,1872997
2025-04-16,432.8999938964844,439.0,426.5,438.0,1675647
2025-04-17,438.0,444.8999938964844,430.1499938964844,439.70001220703125,2032014
2025-04-21,440.0,457.8500061035156,440.0,452.45001220703125,1888265
2025-04-22,453.0,460.75,444.0,445.75,2048339
2025-04-23,448.20001220703125,451.04998779296875,437.5,449.04998779296875,1607303
2025-04-24,449.0,464.6000061035156,446.79998779296875,459.3500061035156,2639584
2025-04-25,462.5,467.8999938964844,439.0,445.0,4251762
2025-04-28,452.0,459.5,445.5,452.5,3587317
2025-04-29,452.0,455.5,443.8999938964844,445.45001220703125,1568483
2025-04-30,442.5,446.5,438.0,439.20001220703125,1278436
2025-05-02,439.20001220703125,443.25,427.20001220703125,428.6000061035156,1644950
2025-05-05,430.45001220703125,432.95001220703125,426.5,428.25,850003
2025-05-06,430.0,430.95001220703125,411.54998779296875,413.45001220703125,1985510
2025-05-07,409.0,425.54998779296875,408.3999938964844,422.70001220703125,1550266
2025-05-08,423.0,425.6499938964844,408.0,409.3500061035156,1372171
2025-05-09,398.0,410.3500061035156,398.0,408.3500061035156,1511686
2025-05-12,420.0,436.3999938964844,420.0,434.95001220703125,2766591
2025-05-13,435.0,436.1000061035156,427.0,428.8999938964844,1485369
2025-05-14,430.8500061035156,440.70001220703125,429.79998779296875,438.95001220703125,2432511
2025-05-15,440.0,444.25,437.5,440.75,2087164
2025-05-16,442.8999938964844,445.0,439.45001220703125,442.29998779296875,1416394
2025-05-19,442.25,455.8999938964844,442.0,448.20001220703125,2755475
2025-05-20,453.5,455.20001220703125,434.0,435.29998779296875,2712376
2025-05-21,437.75,444.5,433.70001220703125,442.04998779296875,1683181
2025-05-22,444.20001220703125,447.8999938964844,437.6499938964844,442.3999938964844,2701432
2025-05-23,442.1499938964844,449.70001220703125,437.79998779296875,447.04998779296875,2040334
2025-05-26,449.0,453.1000061035156,447.3500061035156,450.95001220703125,1255104
2025-05-27,451.0,455.0,447.5,451.5,1283321
2025-05-28,453.29998779296875,456.95001220703125,450.5,452.6000061035156,1806651
2025-05-29,453.54998779296875,466.0,453.1499938964844,464.75,3994727
2025-05-30,466.8999938964844,469.8999938964844,453.5,458.20001220703125,3055427
2025-06-02,457.0,460.8999938964844,450.5,453.1499938964844,2132482
2025-06-03,457.79998779296875,474.3999938964844,457.6499938964844,468.75,8004970
2025-06-04,472.0,472.0,452.04998779296875,468.0,4555219
2025-06-05,469.70001220703125,497.0,467.20001220703125,491.6000061035156,7873786
2025-06-06,501.6000061035156,510.8999938964844,495.0,502.25,15506056
2025-06-09,511.0,532.7000122070312,508.0,525.0,12608520
2025-06-10,530.0,546.7999877929688,528.0999755859375,534.0499877929688,11077729
2025-06-11,538.0499877929688,540.7000122070312,518.7000122070312,520.5499877929688,8771715
2025-06-12,520.0,530.8499755859375,513.9000244140625,517.25,5827617
2025-06-13,505.0,521.0,502.1499938964844,514.25,5153341
2025-06-16,520.0,520.0499877929688,502.3500061035156,512.9500122070312,4005115
2025-06-17,505.0,506.6000061035156,483.04998779296875,486.3500061035156,9622550
2025-06-18,462.0,465.0,451.20001220703125,452.79998779296875,142069446
2025-06-19,454.1000061035156,456.04998779296875,435.5,437.45001220703125,16137205
2025-06-20,437.8500061035156,441.70001220703125,434.75,438.6000061035156,9792306
2025-06-23,435.70001220703125,445.6000061035156,435.25,440.54998779296875,7981302
2025-06-24,446.0,447.8999938964844,439.6000061035156,442.8999938964844,5259572
2025-06-25,444.79998779296875,445.79998779296875,440.6000061035156,442.1000061035156,3318519
2025-06-26,445.0,450.0,438.5,448.8999938964844,6976812
2025-06-27,452.8999938964844,455.3500061035156,449.0,451.1499938964844,7428769
2025-06-30,452.3999938964844,452.8500061035156,448.29998779296875,450.8500061035156,3717240
2025-07-01,452.0,452.95001220703125,445.70001220703125,450.3500061035156,4010078
2025-07-02,452.0,453.8999938964844,446.6000061035156,447.20001220703125,2979489
2025-07-03,446.8500061035156,450.3999938964844,445.1000061035156,445.54998779296875,2050922
2025-07-04,448.8999938964844,448.8999938964844,443.1000061035156,445.1000061035156,1786418
2025-07-07,445.20001220703125,445.54998779296875,436.20001220703125,437.5,2682662
2025-07-08,438.45001220703125,439.45001220703125,434.70001220703125,436.20001220703125,1567143
2025-07-09,437.29998779296875,437.29998779296875,415.1499938964844,425.0,7244683
2025-07-10,425.0,427.6499938964844,420.0,422.79998779296875,2431803
2025-07-11,423.0,431.25,422.20001220703125,424.8999938964844,3289049
2025-07-14,427.8999938964844,437.20001220703125,426.3999938964844,436.3500061035156,3867360
2025-07-15,437.0,441.79998779296875,435.1000061035156,437.45001220703125,2384363
2025-07-16,437.95001220703125,438.29998779296875,433.29998779296875,435.20001220703125,1930300
2025-07-17,438.5,439.1000061035156,435.25,437.1000061035156,1749870
2025-07-18,438.45001220703125,441.5,431.1000061035156,435.5,4662210
2025-07-21,435.70001220703125,447.20001220703125,434.79998779296875,444.6499938964844,3834004
2025-07-22,446.95001220703125,446.95001220703125,442.1000061035156,443.20001220703125,1623314
2025-07-23,446.1000061035156,449.0,443.29998779296875,446.8500061035156,1808120
2025-07-24,446.79998779296875,447.8500061035156,443.04998779296875,446.1000061035156,1568590
2025-07-25,445.70001220703125,446.25,437.3999938964844,439.20001220703125,1769660
2025-07-28,438.0,439.79998779296875,431.29998779296875,432.04998779296875,1958546
2025-07-29,432.0,438.0,430.6000061035156,437.3999938964844,1325115
2025-07-30,436.8999938964844,438.1499938964844,431.6000061035156,432.45001220703125,1275211
2025-07-31,427.0,430.95001220703125,421.45001220703125,424.04998779296875,2114797
2025-08-01,424.0,424.79998779296875,413.5,415.3999938964844,2163538
2025-08-04,416.1000061035156,422.5,413.8500061035156,421.6000061035156,1093131
2025-08-05,422.0,423.6000061035156,419.20001220703125,421.20001220703125,990246
2025-08-06,422.70001220703125,423.8999938964844,416.8500061035156,419.95001220703125,1418372
2025-08-07,420.3999938964844,426.0,415.04998779296875,424.6499938964844,1528302
2025-08-08,424.6499938964844,426.8999938964844,419.29998779296875,420.70001220703125,1210138
2025-08-11,420.70001220703125,422.8999938964844,414.54998779296875,417.3999938964844,1862022
2025-08-12,420.3999938964844,424.45001220703125,418.79998779296875,423.45001220703125,1597032
2025-08-13,424.8500061035156,433.6499938964844,424.5,430.20001220703125,2072932
2025-08-14,431.0,432.70001220703125,422.5,426.6499938964844,1367682
2025-08-18,430.70001220703125,431.0,424.0,427.1000061035156,1443684
2025-08-19,433.70001220703125,433.70001220703125,426.45001220703125,428.6499938964844,3077711
2025-08-20,428.6499938964844,432.3999938964844,425.45001220703125,430.0,1945943
2025-08-21,433.79998779296875,433.79998779296875,430.0,430.8500061035156,1159668
2025-08-22,431.0,431.3999938964844,424.5,424.8999938964844,826451
2025-08-25,423.0,436.79998779296875,422.8500061035156,434.70001220703125,2994389
2025-08-26,434.70001220703125,434.70001220703125,429.25,430.1499938964844,1117706
2025-08-28,429.0,431.0,420.54998779296875,421.70001220703125,1139531
2025-08-29,423.6499938964844,427.0,418.0,419.25,1268832
2025-09-01,424.0,443.0,424.0,435.8999938964844,7587040
2025-09-02,438.95001220703125,444.20001220703125,438.0,440.8999938964844,2817685
2025-09-03,443.0,448.70001220703125,441.6499938964844,444.6000061035156,4756092
2025-09-04,449.8999938964844,449.8999938964844,435.29998779296875,437.54998779296875,2265053
2025-09-05,437.70001220703125,441.79998779296875,433.8500061035156,440.1000061035156,1953089
2025-09-08,442.3999938964844,442.6499938964844,434.70001220703125,435.6000061035156,1752942
2025-09-09,436.75,440.0,431.5,433.45001220703125,2291407
2025-09-10,435.45001220703125,436.70001220703125,430.75,432.8500061035156,1863865
2025-09-11,434.5,447.0,433.54998779296875,446.25,5122099
2025-09-12,449.5,464.3500061035156,447.5,462.95001220703125,11582146
2025-09-15,466.0,468.95001220703125,459.3500061035156,460.1499938964844,5717417
2025-09-16,462.45001220703125,464.0,458.1000061035156,462.25,3378600
2025-09-17,464.0,464.70001220703125,453.20001220703125,459.45001220703125,3397670
2025-09-18,459.04998779296875,460.1000061035156,451.54998779296875,454.8500061035156,2208920
2025-09-19,456.0,457.79998779296875,452.04998779296875,453.04998779296875,2190231
2025-09-22,455.79998779296875,466.6499938964844,455.54998779296875,459.25,5390225
2025-09-23,461.3500061035156,464.25,452.8500061035156,461.5,4028797
2025-09-24,463.0,463.8999938964844,452.0,452.8999938964844,2695976
2025-09-25,453.29998779296875,468.5,453.29998779296875,466.75,7193012
2025-09-26,468.8999938964844,468.8999938964844,445.6000061035156,449.1000061035156,6524790
2025-09-29,455.79998779296875,468.5,453.79998779296875,466.1499938964844,14939041
2025-09-30,469.1499938964844,483.8999938964844,468.04998779296875,482.45001220703125,15167002
2025-10-01,485.1000061035156,488.54998779296875,475.1000061035156,481.3500061035156,7265353
2025-10-03,483.0,496.6000061035156,478.8999938964844,491.5,9118935
2025-10-06,497.0,499.70001220703125,489.95001220703125,491.5,4193824
2025-10-07,491.5,493.25,485.1499938964844,489.8999938964844,3536988
2025-10-08,491.04998779296875,496.1499938964844,487.6499938964844,490.5,3971075
2025-10-09,492.0,515.0,488.1499938964844,512.25,16377426
2025-10-10,512.7000122070312,513.4500122070312,488.70001220703125,498.29998779296875,11928283
2025-10-13,498.29998779296875,507.3999938964844,494.0,505.54998779296875,7796400
2025-10-14,515.0,525.7999877929688,499.79998779296875,505.6499938964844,15420228
2025-10-15,509.0,516.0999755859375,506.3500061035156,513.2000122070312,6882125
2025-10-16,516.5,516.75,506.04998779296875,506.70001220703125,3256458
2025-10-17,509.20001220703125,510.54998779296875,495.29998779296875,500.25,8202471
2025-10-20,500.0,500.0,481.3999938964844,486.3999938964844,7340096
2025-10-21,487.25,489.3500061035156,482.0,483.8500061035156,2018621
2025-10-23,482.75,487.8999938964844,477.29998779296875,482.1499938964844,7890661
2025-10-24,482.20001220703125,496.3500061035156,482.20001220703125,486.70001220703125,6837879
2025-10-27,489.0,489.6000061035156,481.79998779296875,482.29998779296875,3767112
2025-10-28,481.3999938964844,481.3999938964844,468.20001220703125,471.20001220703125,5637647
2025-10-29,474.70001220703125,486.25,473.5,483.6000061035156,4830935
2025-10-30,481.95001220703125,482.5,474.6499938964844,477.6000061035156,3047179
2025-10-31,479.8999938964844,481.25,475.54998779296875,476.5,1821466
2025-11-03,476.5,481.29998779296875,475.6499938964844,480.6499938964844,1981640
2025-11-04,479.1499938964844,480.1499938964844,470.0,473.3500061035156,2221861
2025-11-06,472.0,474.0,466.0,467.20001220703125,1874384
2025-11-07,465.0,475.6000061035156,460.0,474.5,3011457
2025-11-10,477.0,486.75,476.04998779296875,484.6000061035156,4039654
2025-11-11,486.95001220703125,490.0,482.3999938964844,487.5,3280695
2025-11-12,489.3500061035156,490.3999938964844,481.20001220703125,481.8999938964844,1977730
2025-11-13,490.0,504.0,486.6000061035156,495.20001220703125,12867167
2025-11-14,495.0,497.3999938964844,482.5,487.04998779296875,3057432
2025-11-17,486.95001220703125,487.95001220703125,481.20001220703125,483.8999938964844,2199172
2025-11-18,480.0,480.95001220703125,468.20001220703125,475.95001220703125,6175474
2025-11-19,475.0,478.5,473.70001220703125,476.54998779296875,2595527
2025-11-20,476.8500061035156,480.3500061035156,471.1000061035156,472.1499938964844,1407005
2025-11-21,468.0,470.45001220703125,456.75,458.29998779296875,2368431
2025-11-24,458.29998779296875,460.6000061035156,453.5,454.0,1729282
2025-11-25,457.8999938964844,463.3500061035156,455.5,462.6000061035156,2226516
2025-11-26,465.0,470.8999938964844,463.20001220703125,470.25,2138803
2025-11-27,475.8999938964844,478.5,472.6499938964844,474.54998779296875,2611675
2025-11-28,478.04998779296875,489.20001220703125,476.8999938964844,485.20001220703125,5889839
2025-12-01,500.1000061035156,503.95001220703125,492.79998779296875,499.8500061035156,12744627
2025-12-02,499.8500061035156,501.54998779296875,494.3999938964844,495.6499938964844,4196609
2025-12-03,500.0,509.6000061035156,496.54998779296875,504.3999938964844,11256116
2025-12-04,504.95001220703125,508.20001220703125,493.20001220703125,496.75,5322624
2025-12-05,497.0,501.79998779296875,490.3999938964844,498.1000061035156,3027296
2025-12-08,498.1000061035156,501.95001220703125,487.0,490.45001220703125,2799520
2025-12-09,489.0,494.79998779296875,482.0,491.45001220703125,2767639
2025-12-10,503.5,516.5999755859375,501.29998779296875,512.6500244140625,21067651
2025-12-11,516.5,532.0,515.9000244140625,522.6500244140625,20968349
2025-12-12,533.0,567.4500122070312,532.3499755859375,561.6500244140625,39406555
2025-12-15,562.0999755859375,571.7999877929688,555.75,568.0499877929688,23289407
2025-12-16,564.0,572.9500122070312,556.1500244140625,567.7000122070312,9187083
2025-12-17,580.0,587.7999877929688,573.6500244140625,578.2999877929688,18632926
2025-12-18,581.9000244140625,594.3499755859375,576.8499755859375,592.1500244140625,15414612
2025-12-19,591.0,592.0,578.0499877929688,588.75,9490652
2025-12-22,601.25,610.5499877929688,597.0,606.5,12145672
2025-12-23,610.0,615.5,606.5,609.7999877929688,9277131
2025-12-24,619.0,631.9000244140625,617.9500122070312,624.8499755859375,13964315
2025-12-26,645.0,646.5,634.0,636.8499755859375,13459241
2025-12-29,655.0,656.3499755859375,614.1500244140625,618.5499877929688,27992946
2025-12-30,615.0,630.0,613.0499877929688,625.2999877929688,11718688
2025-12-31,619.0,621.0499877929688,608.2999877929688,612.4500122070312,9599983
2026-01-01,610.5499877929688,617.0,605.2000122070312,611.9500122070312,4767635
2026-01-02,615.0,629.9500122070312,614.2999877929688,628.7999877929688,6324442
2026-01-05,636.7000122070312,638.7999877929688,621.3499755859375,628.5999755859375,6488033
2026-01-06,635.0,649.0999755859375,634.5999755859375,643.0999755859375,10451587
2026-01-07,649.0999755859375,650.75,628.2000122070312,630.0,8304312
2026-01-08,623.0,623.4500122070312,588.3499755859375,590.75,20818517
2026-01-09,588.1500244140625,612.2000122070312,588.1500244140625,606.4500122070312,10779863
2026-01-12,624.7999877929688,632.5499877929688,615.5999755859375,628.25,13671026
2026-01-13,634.0,636.7999877929688,623.7000122070312,629.8499755859375,7856745
2026-01-14,640.0,670.9500122070312,636.4500122070312,654.2000122070312,27694609
2026-01-15,654.2000122070312,654.2000122070312,654.2000122070312,654.2000122070312,0
2026-01-16,654.2000122070312,654.2000122070312,634.0499877929688,637.75,11412408
2026-01-19,650.0,667.3499755859375,648.4500122070312,660.4000244140625,16631601
2026-01-20,668.7999877929688,696.9000244140625,655.0,680.75,46014901
2026-01-21,682.0,701.0,680.75,697.5499877929688,29031895
2026-01-22,694.0,694.0,652.6500244140625,668.25,28204037
2026-01-23,695.0,710.0,688.0499877929688,698.7000122070312,32427217
2026-01-27,733.0,733.0,710.5,727.2000122070312,25791996
2026-01-28,712.0,732.7000122070312,701.5999755859375,708.2000122070312,38182595
2026-01-29,695.25,719.7999877929688,695.25,715.2000122070312,52966214
2026-01-30,690.0,690.0,622.3499755859375,628.5,49436689
2026-02-02,565.0,614.0,560.3499755859375,610.0999755859375,37031059
2026-02-03,635.9000244140625,639.4000244140625,602.0,628.25,26990191
2026-02-04,635.0,643.9500122070312,632.1500244140625,639.25,10586353
2026-02-05,600.0,612.7000122070312,593.25,610.7999877929688,16770606
2026-02-06,595.0,610.7999877929688,594.0,608.9500122070312,11409412
2026-02-09,625.0,630.5,614.25,629.0999755859375,7574577
2026-02-10,632.0,632.4500122070312,613.2999877929688,617.7000122070312,7580536
2026-02-11,623.0,631.0,617.9000244140625,628.5499877929688,6425398
2026-02-12,629.9500122070312,634.0,621.3499755859375,623.7000122070312,4106081
2026-02-13,599.9500122070312,608.0,591.0,592.8499755859375,9424678
2026-02-16,585.9500122070312,596.2999877929688,582.5999755859375,594.0999755859375,4181298
2026-02-17,590.0,590.0,575.0,581.0999755859375,6472316
2026-02-18,580.0,589.7999877929688,576.7999877929688,585.25,4571121
2026-02-19,593.0499877929688,596.1500244140625,582.0499877929688,584.0999755859375,5544345
2026-02-20,586.25,591.5,582.5,589.3499755859375,5062307
2026-02-23,607.0,607.3499755859375,585.7000122070312,590.8499755859375,7862513
2026-02-24,593.0,600.9500122070312,588.5,597.3499755859375,4411001
2026-02-25,607.5,621.2999877929688,602.8499755859375,619.0499877929688,10715612
2026-02-26,620.5,620.5,608.1500244140625,609.7999877929688,4592362
2026-02-27,615.0,617.5999755859375,601.0,603.7999877929688,4662433
2026-03-02,606.0,624.7999877929688,605.0,617.6500244140625,10978219
2026-03-04,604.7999877929688,604.7999877929688,586.0,591.25,7458538
2026-03-05,594.7000122070312,607.9000244140625,592.0,595.6500244140625,5319825
2026-03-06,595.0,596.7999877929688,585.2000122070312,586.8499755859375,2899680
2026-03-09,572.0,578.9000244140625,566.5,575.0,6304945
2026-03-10,585.0,591.0,580.0499877929688,589.9500122070312,3581854
2026-03-11,590.0,602.0,585.5,587.5999755859375,4838138
2026-03-12,584.0,585.6500244140625,568.8499755859375,583.0,4378868
2026-03-13,578.0,581.1500244140625,545.5499877929688,551.9500122070312,6884706
2026-03-16,548.0,551.9000244140625,529.5999755859375,533.8499755859375,7774885
2026-03-17,539.0,548.0,534.1500244140625,546.3499755859375,4636685
2026-03-18,538.7999877929688,540.7999877929688,529.3499755859375,537.5999755859375,6387274
2026-03-19,524.0,524.9500122070312,503.6499938964844,506.1499938964844,10748632
2026-03-20,511.95001220703125,526.5,510.70001220703125,514.75,10046753
2026-03-23,499.3500061035156,499.5,484.0,487.6499938964844,9206594
2026-03-24,499.0,501.54998779296875,484.75,497.04998779296875,8285874
2026-03-25,511.0,521.4000244140625,510.75,517.7000122070312,8498265
2026-03-27,506.95001220703125,520.0,505.0,509.70001220703125,6322713
2026-03-30,507.20001220703125,515.7000122070312,497.3999938964844,502.1499938964844,6642010
2026-04-01,520.0,530.9500122070312,516.5499877929688,524.4500122070312,6207649
2026-04-02,510.0,518.4000244140625,503.3500061035156,515.75,4387980
2026-04-06,515.75,527.5,514.5499877929688,526.0499877929688,4964299
2026-04-07,523.0,541.5,519.0999755859375,538.75,6126013
2026-04-08,560.2999877929688,568.3499755859375,552.75,559.3499755859375,6904276
2026-04-09,554.25,563.9000244140625,546.9500122070312,558.5,3021130
2026-04-10,565.2000122070312,568.0,557.0,564.5999755859375,3922334
2026-04-13,550.0499877929688,565.0,550.0,562.5499877929688,2766771
2026-04-15,582.2999877929688,593.9500122070312,574.2000122070312,580.5,7750446
2026-04-16,589.0,602.9500122070312,585.0999755859375,592.5,7726706
2026-04-17,595.0,595.0,581.2999877929688,592.2999877929688,3006129
2026-04-20,592.2999877929688,594.0,579.0999755859375,590.2999877929688,4194322
2026-04-21,594.0,596.75,587.2999877929688,588.5,3423825
2026-04-22,595.0,607.9000244140625,586.2000122070312,604.75,7130375
2026-04-23,605.0,605.0,590.7000122070312,592.0999755859375,4804398
2026-04-24,594.0,598.5,572.7999877929688,588.5,13298013
2026-04-27,606.2000122070312,633.2999877929688,594.3499755859375,628.0,20875698
2026-04-28,629.0,631.5999755859375,613.2999877929688,616.0999755859375,6908389
2026-04-29,616.0999755859375,621.9000244140625,606.0999755859375,613.0499877929688,7983106
2026-04-30,602.5999755859375,603.4000244140625,583.3499755859375,595.9500122070312,6646054
2026-05-01,595.9500122070312,595.9500122070312,595.9500122070312,595.9500122070312,0
2026-05-04,600.1500244140625,612.0,597.7999877929688,605.5499877929688,5258525
2026-05-05,600.0,614.2999877929688,597.2999877929688,611.25,4650058
2026-05-06,620.0,638.5,616.5,634.5999755859375,10151710
2026-05-07,644.9000244140625,645.6500244140625,634.5999755859375,636.5499877929688,7886637
2026-05-08,634.75,642.5,629.1500244140625,635.0999755859375,3564594
2026-05-11,631.0,638.0,626.2999877929688,629.0999755859375,3838263
2026-05-12,647.0,653.25,639.2000122070312,641.9000244140625,12959003
2026-05-13,660.0,676.7999877929688,659.9500122070312,667.0999755859375,12976174
2026-05-14,674.0,678.25,664.0,669.25,6362142
2026-05-15,659.9500122070312,659.9500122070312,632.1500244140625,637.7999877929688,8677803
2026-05-18,625.0,637.9500122070312,619.25,636.5,5531862
2026-05-19,637.0,638.5499877929688,625.5999755859375,632.5999755859375,3473965
2026-05-20,622.5,632.75,615.5,630.4500122070312,4747014
2026-05-21,634.0,638.0,625.5999755859375,628.0499877929688,4109787
2026-05-22,631.7999877929688,643.5999755859375,629.9000244140625,632.25,3870439
2026-05-25,640.0,642.4000244140625,633.2000122070312,634.5,3122036
2026-05-26,631.9000244140625,648.4000244140625,629.6500244140625,647.4000244140625,7893675
2026-05-27,650.0999755859375,659.8499755859375,647.4500122070312,648.8499755859375,4473837
2026-05-28,648.8499755859375,648.8499755859375,648.8499755859375,648.8499755859375,0
2026-05-29,652.9500122070312,656.25,630.0,632.9500122070312,4146682
2026-06-01,635.9500122070312,639.9500122070312,624.5,626.25,2422723
2026-06-02,630.0,631.5,616.6500244140625,625.0999755859375,4944548
2026-06-03,622.0,628.0,607.25,610.5499877929688,3429070
2026-06-04,609.0,613.2999877929688,601.75,603.8499755859375,2045867
2026-06-05,605.0,605.5499877929688,564.0,566.7999877929688,10696453
2026-06-08,555.0,568.9500122070312,554.0,556.0,3992032
2026-06-09,557.0,572.75,556.4000244140625,563.6500244140625,2919999
2026-06-10,554.6500244140625,554.8499755859375,541.25,547.5499877929688,7206504
2026-06-11,534.5,554.4000244140625,534.4500122070312,545.0,3678148
2026-06-12,560.9500122070312,565.0,555.0999755859375,559.9000244140625,2992652
2026-06-15,571.0,579.3499755859375,562.4000244140625,563.8499755859375,5046258
2026-06-16,565.0,566.9000244140625,557.4500122070312,564.2999877929688,2663318
2026-06-17,564.2999877929688,574.0499877929688,561.0,572.5499877929688,3938599
2026-06-18,568.0,573.5,565.0499877929688,571.4500122070312,3964141
2026-06-19,563.0,565.2999877929688,552.5499877929688,563.5499877929688,3550093
2026-06-22,565.0,576.1500244140625,563.1500244140625,573.2000122070312,2539193
2026-06-23,561.5,564.0499877929688,544.0,546.7999877929688,5514428
2026-06-24,541.0,546.7999877929688,535.2999877929688,541.9500122070312,4019132
2026-06-25,528.0,531.0999755859375,516.8499755859375,518.0499877929688,7705339
2026-06-26,518.0499877929688,518.0499877929688,518.0499877929688,518.0499877929688,0
2026-06-29,518.0499877929688,528.8499755859375,518.0499877929688,525.5,3491577
2026-06-30,525.4000244140625,535.0,517.3499755859375,533.1500244140625,4929851
2026-07-01,532.0499877929688,532.8499755859375,520.6500244140625,524.4000244140625,3207622
2026-07-02,528.0999755859375,533.0,525.9500122070312,528.7000122070312,2287077
2026-07-03,539.2000122070312,544.7999877929688,535.0,536.5499877929688,3981176
2026-07-06,539.4000244140625,545.0,537.7999877929688,540.3499755859375,3312152
2026-07-07,536.7000122070312,538.5,529.6500244140625,531.0999755859375,3458391
2026-07-08,522.4000244140625,544.0499877929688,522.0,530.2999877929688,4857478
2026-07-09,528.0,531.4500122070312,523.0999755859375,528.5,2041649
2026-07-10,536.0,544.2000122070312,535.1500244140625,536.9500122070312,3938725
2026-07-13,527.9500122070312,534.7000122070312,526.1500244140625,532.5999755859375,1839570
2026-07-14,529.9500122070312,536.5,526.25,527.9000244140625,3181142
2026-07-15,532.0,536.5,527.1500244140625,527.75,3173632
2026-07-16,530.0,530.9000244140625,521.0999755859375,521.9500122070312,1848163
2026-07-17,520.0,520.2999877929688,514.9500122070312,518.3499755859375,2356602
2026-07-20,519.0,530.25,518.3499755859375,522.6500244140625,2385114
2026-07-21,526.9500122070312,536.4000244140625,524.25,534.4000244140625,3103362
2026-07-22,537.0,541.0,531.25,535.4000244140625,2416820
2026-07-23,535.8499755859375,541.2999877929688,530.0999755859375,,2075055
