date,open,high,low,close,volume
2019-07-23,255.65399169921875,261.62408447265625,255.17254638671875,260.6130065917969,14951457
2019-07-24,260.2760009765625,263.212890625,257.9649963378906,260.80560302734375,12537555
2019-07-25,260.9500427246094,262.3944091796875,257.0020751953125,257.9168395996094,18350433
2019-07-26,258.7834777832031,260.9500427246094,257.0020751953125,260.3722839355469,4972441
2019-07-29,259.98712158203125,261.094482421875,256.6169128417969,257.820556640625,5738104
2019-07-30,258.061279296875,260.0834045410156,256.6650695800781,258.92791748046875,13743007
2019-07-31,258.6390380859375,261.04632568359375,256.1354675292969,260.1796875,14175457
2019-08-01,260.4204406738281,260.6611633300781,256.6169128417969,257.6279602050781,6153824
2019-08-02,257.29095458984375,257.29095458984375,253.34300231933594,254.6910858154297,9233326
2019-08-05,254.59478759765625,254.6910858154297,248.09510803222656,250.16537475585938,12001827
2019-08-06,249.15431213378906,251.80233764648438,248.57656860351562,249.2987518310547,9770895
2019-08-07,249.4431915283203,249.73207092285156,243.71385192871094,244.2434539794922,8816780
2019-08-08,245.5433807373047,249.10617065429688,243.6175537109375,248.19140625,6616227
2019-08-09,249.2506103515625,249.2506103515625,244.09901428222656,244.77305603027344,10309668
2019-08-13,244.3878936767578,244.58047485351562,234.95132446289062,237.16603088378906,21801393
2019-08-14,237.16603088378906,244.1953125,234.9994659423828,239.52516174316406,14340858
2019-08-16,239.52516174316406,244.00271606445312,238.22523498535156,243.6175537109375,10735480
2019-08-19,244.09901428222656,247.75808715820312,241.64358520507812,242.22132873535156,13006987
2019-08-20,242.26947021484375,242.6064910888672,236.34754943847656,237.35861206054688,15577976
2019-08-21,237.5511932373047,237.7437744140625,231.9181365966797,232.49588012695312,15303762
2019-08-22,233.21807861328125,236.8771514892578,230.13674926757812,231.14779663085938,10917955
2019-08-23,230.13674926757812,230.57005310058594,225.94805908203125,227.3442840576172,17073495
2019-08-26,231.77369689941406,234.42172241210938,226.2369384765625,233.50694274902344,13352257
2019-08-27,234.90316772460938,237.16603088378906,233.69952392578125,236.39569091796875,15089362
2019-08-28,237.02159118652344,238.46595764160156,234.08470153808594,236.82901000976562,9237042
2019-08-29,234.90316772460938,236.34754943847656,231.2440948486328,232.25515747070312,11532941
2019-08-30,233.7476806640625,238.03265380859375,230.1848907470703,236.54013061523438,12225631
2019-09-03,235.38462829589844,235.38462829589844,231.72555541992188,232.59217834472656,9913882
2019-09-04,232.64031982421875,235.48092651367188,232.3514404296875,234.2291259765625,7303230
2019-09-05,233.02548217773438,237.7437744140625,233.02548217773438,235.19204711914062,8777107
2019-09-06,235.2401885986328,236.7327117919922,234.2291259765625,234.8550262451172,9039911
2019-09-09,235.57720947265625,237.35861206054688,234.1809844970703,236.39569091796875,9435127
2019-09-11,235.52906799316406,236.34754943847656,233.9884033203125,234.71058654785156,9314093
2019-09-12,235.2401885986328,235.9142303466797,231.0996551513672,231.82183837890625,8395088
2019-09-13,232.0625762939453,233.45880126953125,229.75157165527344,231.0033721923828,14572355
2019-09-16,230.61819458007812,231.9181365966797,229.46270751953125,230.52191162109375,7357494
2019-09-17,230.90707397460938,231.19595336914062,228.01832580566406,228.40350341796875,11083300
2019-09-18,228.88494873046875,233.31436157226562,225.3703155517578,230.37747192382812,20724917
2019-09-19,231.051513671875,231.051513671875,227.3442840576172,227.9220428466797,8810026
2019-09-20,228.21090698242188,239.28443908691406,225.6110382080078,229.2219696044922,66016326
2019-09-23,240.7288055419922,250.83941650390625,240.6325225830078,245.39895629882812,54044544
2019-09-24,245.5433807373047,248.43212890625,244.3878936767578,246.5063018798828,17828419
2019-09-25,245.63967895507812,246.7470245361328,233.69952392578125,238.3696746826172,21390350
2019-09-26,238.12893676757812,242.07688903808594,237.1178741455078,241.11398315429688,18534981
2019-09-27,240.7288055419922,248.43212890625,240.7288055419922,243.5694122314453,18211017
2019-09-30,245.3026580810547,251.1282958984375,240.15106201171875,250.21353149414062,21381205
2019-10-01,249.4913330078125,252.71710205078125,245.5433807373047,246.41000366210938,16035574
2019-10-03,248.1432647705078,252.42823791503906,246.554443359375,251.94677734375,12832216
2019-10-04,253.2467041015625,254.1133270263672,245.73597717285156,247.70994567871094,18781574
2019-10-07,247.95066833496094,248.43212890625,241.40284729003906,242.558349609375,22082491
2019-10-09,241.98060607910156,242.84722900390625,237.16603088378906,237.9363555908203,22332047
2019-10-10,237.84005737304688,238.46595764160156,233.65138244628906,234.1809844970703,25230638
2019-10-11,234.1809844970703,237.06973266601562,232.1588592529297,234.90316772460938,26037798
2019-10-14,236.34754943847656,237.26231384277344,233.9884033203125,235.047607421875,15280471
2019-10-15,235.96238708496094,239.95848083496094,235.96238708496094,238.41781616210938,10373904
2019-10-16,238.22523498535156,238.41781616210938,233.169921875,234.6143035888672,16681940
2019-10-17,234.95132446289062,237.5511932373047,234.806884765625,236.7327117919922,14175284
2019-10-18,236.8771514892578,238.6103973388672,236.01052856445312,237.35861206054688,13327812
2019-10-22,235.9142303466797,241.78802490234375,235.8660888671875,239.6696014404297,18979485
2019-10-23,241.11398315429688,242.6064910888672,239.8140411376953,241.7398681640625,13325639
2019-10-24,243.23239135742188,244.58047485351562,238.7548370361328,239.8140411376953,17438024
2019-10-25,247.3729248046875,247.66180419921875,237.84005737304688,238.51409912109375,33846376
2019-10-27,240.6806640625,241.78802490234375,240.43994140625,241.11398315429688,3252338
2019-10-29,241.64358520507812,245.63967895507812,240.29550170898438,243.85829162597656,12397313
2019-10-30,246.5063018798828,254.20962524414062,244.8693389892578,249.78021240234375,35611812
2019-10-31,250.3579559326172,253.10226440429688,246.69888305664062,248.09510803222656,17296427
2019-11-01,249.73207092285156,253.2467041015625,249.15431213378906,251.60975646972656,13055757
2019-11-04,253.1985626220703,255.1243896484375,250.40611267089844,251.0801544189453,8199342
2019-11-05,251.3208770751953,254.20962524414062,249.0098876953125,253.15042114257812,10674212
2019-11-06,253.1985626220703,254.0170440673828,250.3579559326172,251.65789794921875,9198544
2019-11-07,253.15042114257812,256.42431640625,252.28379821777344,255.9910125732422,15351749
2019-11-08,255.02810668945312,255.60585021972656,250.3579559326172,250.83941650390625,12357632
2019-11-11,250.9357147216797,252.62081909179688,249.2024688720703,249.82835388183594,7524183
2019-11-13,249.2987518310547,249.63577270507812,243.76199340820312,244.43603515625,10664859
2019-11-14,244.6767578125,246.41000366210938,243.85829162597656,244.4841766357422,9222757
2019-11-15,244.82119750976562,246.2655792236328,240.7288055419922,241.35470581054688,17386229
2019-11-18,242.12503051757812,242.89537048339844,239.52516174316406,241.4510040283203,8167820
2019-11-19,242.41390991210938,242.46205139160156,239.5733184814453,240.0547637939453,12621028
2019-11-20,240.0547637939453,241.98060607910156,237.5511932373047,241.40284729003906,10362358
2019-11-21,242.07688903808594,242.07688903808594,235.96238708496094,236.58827209472656,10793493
2019-11-22,237.9844970703125,243.28053283691406,237.5030517578125,238.46595764160156,17000856
2019-11-25,238.562255859375,239.18814086914062,237.1178741455078,238.562255859375,10994413
2019-11-26,239.4288787841797,241.11398315429688,238.51409912109375,239.91033935546875,20539741
2019-11-27,240.4880828857422,240.77696228027344,237.45489501953125,237.7919158935547,9182137
2019-11-28,238.12893676757812,238.7548370361328,236.54013061523438,237.5511932373047,11416080
2019-11-29,237.59933471679688,238.22523498535156,235.9142303466797,237.26231384277344,10185713
2019-12-02,236.8771514892578,237.7437744140625,235.48092651367188,235.8660888671875,10356741
2019-12-03,235.8660888671875,236.6845703125,233.65138244628906,234.9994659423828,8442322
2019-12-04,234.46986389160156,234.9994659423828,233.02548217773438,234.13284301757812,12406762
2019-12-05,234.13284301757812,238.32151794433594,234.08470153808594,237.7919158935547,11699738
2019-12-06,237.84005737304688,237.9844970703125,233.50694274902344,234.32542419433594,10773814
2019-12-09,233.9884033203125,234.27728271484375,232.0625762939453,232.49588012695312,6981671
2019-12-10,232.64031982421875,232.7366180419922,226.2850799560547,226.86282348632812,15972570
2019-12-11,226.86282348632812,229.94415283203125,226.86282348632812,228.78866577148438,14331297
2019-12-12,229.2219696044922,231.292236328125,228.78866577148438,229.70343017578125,10704007
2019-12-13,231.0996551513672,233.50694274902344,230.32933044433594,232.64031982421875,8521473
2019-12-16,233.9884033203125,234.37356567382812,227.58502197265625,228.1146240234375,12476974
2019-12-17,228.69236755371094,232.7366180419922,228.69236755371094,232.1107177734375,16534369
2019-12-18,231.6774139404297,238.1770782470703,230.8589324951172,236.0586700439453,17794641
2019-12-19,236.92529296875,238.70669555664062,234.2291259765625,235.28834533691406,9699414
2019-12-20,235.28834533691406,236.01052856445312,231.2440948486328,232.20701599121094,14495913
2019-12-23,233.02548217773438,233.7958221435547,229.7997283935547,230.0404510498047,19817033
2019-12-24,230.13674926757812,231.292236328125,229.3664093017578,229.89601135253906,8200254
2019-12-26,230.0404510498047,230.52191162109375,227.58502197265625,228.01832580566406,15017235
2019-12-27,228.69236755371094,229.60714721679688,227.68130493164062,228.1146240234375,9048085
2019-12-30,229.173828125,231.96627807617188,228.69236755371094,229.3664093017578,13680470
2019-12-31,229.70343017578125,230.08859252929688,228.59608459472656,228.88494873046875,7417112
2020-01-01,229.75157165527344,229.75157165527344,228.3072052001953,229.27012634277344,4370931
2020-01-02,229.3664093017578,232.01443481445312,229.27012634277344,230.95521545410156,8726602
2020-01-03,232.0625762939453,232.0625762939453,229.173828125,229.65528869628906,9642051
2020-01-06,228.69236755371094,229.46270751953125,226.2850799560547,226.38137817382812,7930726
2020-01-07,227.296142578125,229.07752990722656,225.89991760253906,226.62210083007812,8740894
2020-01-08,225.32217407226562,227.055419921875,224.5999755859375,225.51475524902344,7314466
2020-01-09,226.86282348632812,227.82574462890625,226.33322143554688,227.055419921875,9816703
2020-01-10,228.78866577148438,229.89601135253906,228.01832580566406,229.173828125,10357864
2020-01-13,229.65528869628906,231.58111572265625,229.41455078125,230.37747192382812,12715178
2020-01-14,231.34039306640625,234.7587432861328,229.46270751953125,234.2291259765625,12299570
2020-01-15,233.5550994873047,233.9884033203125,232.1588592529297,233.41065979003906,5687654
2020-01-16,233.50694274902344,234.8550262451172,231.19595336914062,231.82183837890625,9730522
2020-01-17,231.82183837890625,233.1217803955078,230.52191162109375,231.051513671875,7677106
2020-01-20,231.14779663085938,234.2291259765625,231.14779663085938,232.92919921875,8329721
2020-01-21,232.49588012695312,232.49588012695312,229.173828125,229.60714721679688,9939680
2020-01-22,230.71449279785156,230.71449279785156,228.3072052001953,229.2219696044922,7949731
2020-01-23,229.27012634277344,229.89601135253906,228.1146240234375,229.07752990722656,6356150
2020-01-24,228.59608459472656,230.2330322265625,228.21090698242188,229.31826782226562,7063834
2020-01-27,228.21090698242188,228.59608459472656,225.6110382080078,225.89991760253906,7100949
2020-01-28,226.0443572998047,227.15170288085938,221.95196533203125,222.19268798828125,15144538
2020-01-29,222.91488647460938,228.83680725097656,222.57786560058594,227.87388610839844,21258057
2020-01-30,228.1627655029297,228.21090698242188,224.3592529296875,225.3703155517578,10794458
2020-01-31,227.00726318359375,229.55899047851562,225.3703155517578,226.4295196533203,19166671
2020-02-03,207.0267791748047,208.8563232421875,197.3976287841797,199.9011993408203,82836335
2020-02-04,202.98252868652344,209.5303497314453,201.3937225341797,207.65267944335938,37145337
2020-02-05,208.278564453125,209.43406677246094,203.6565704345703,208.42300415039062,22072147
2020-02-06,209.91552734375,211.74505615234375,203.94544982910156,205.63055419921875,28443398
2020-02-07,205.87127685546875,207.70082092285156,204.86021423339844,205.48611450195312,17793265
2020-02-10,206.06385803222656,206.1120147705078,202.26034545898438,202.74180603027344,9987781
2020-02-11,208.4711456298828,208.9044647216797,203.94544982910156,204.7157745361328,30951617
2020-02-12,205.48611450195312,206.83419799804688,203.94544982910156,205.1490936279297,10310789
2020-02-13,205.1490936279297,205.5342559814453,203.36770629882812,204.04173278808594,9505645
2020-02-14,204.37875366210938,205.00465393066406,199.13087463378906,199.99749755859375,14260540
2020-02-17,200.286376953125,200.91226196289062,196.43470764160156,197.20504760742188,16161290
2020-02-18,196.9643096923828,197.01246643066406,193.0644989013672,196.29026794433594,21741128
2020-02-19,197.6383514404297,199.4678955078125,196.29026794433594,199.03457641601562,9403278
2020-02-20,199.32345581054688,200.81597900390625,197.8309326171875,199.7567596435547,16193373
2020-02-24,199.32345581054688,199.7567596435547,194.31629943847656,195.47178649902344,17233132
2020-02-25,196.24212646484375,197.7827911376953,194.0274200439453,194.31629943847656,15903285
2020-02-26,193.2089385986328,194.4607391357422,189.020263671875,191.23497009277344,18557438
2020-02-27,191.04238891601562,191.7645721435547,188.63510131835938,190.22390747070312,17936226
2020-02-28,187.7684783935547,192.48675537109375,184.92787170410156,190.22390747070312,33885063
2020-03-02,192.10159301757812,195.9051055908203,186.46853637695312,188.05734252929688,19274852
2020-03-03,189.69430541992188,190.1276092529297,185.40933227539062,186.66111755371094,18638624
2020-03-04,187.72032165527344,188.29808044433594,179.6318359375,180.54661560058594,28729502
2020-03-05,180.59475708007812,184.10939025878906,179.6318359375,181.0762176513672,20797182
2020-03-06,177.99488830566406,177.99488830566406,173.08401489257812,175.0098419189453,27795285
2020-03-09,172.36183166503906,172.36183166503906,168.02871704101562,170.6285858154297,22633662
2020-03-11,167.54725646972656,170.1952667236328,165.95843505859375,169.1360626220703,29032759
2020-03-12,162.73268127441406,162.87710571289062,144.96688842773438,150.02220153808594,54043896
2020-03-13,144.43728637695312,157.91810607910156,129.6083984375,156.23300170898438,63962722
2020-03-16,152.14060974121094,152.2368927001953,139.86343383789062,141.78927612304688,34535653
2020-03-17,142.51145935058594,150.02220153808594,140.63377380371094,143.61880493164062,49492914
2020-03-18,146.45941162109375,148.9148406982422,141.88555908203125,145.111328125,52178352
2020-03-19,145.111328125,157.4847869873047,139.38198852539062,155.84783935546875,93204936
2020-03-20,158.97731018066406,169.9545440673828,158.97731018066406,168.9916229248047,64384067
2020-03-23,152.14060974121094,155.9922637939453,143.6669464111328,148.57781982421875,53330913
2020-03-24,156.90704345703125,157.6292266845703,141.93370056152344,144.14840698242188,54576761
2020-03-25,145.40020751953125,146.3631134033203,133.84521484375,141.88555908203125,64913270
2020-03-26,144.43728637695312,153.4886932373047,137.93760681152344,150.59994506835938,60694283
2020-03-27,155.9922637939453,159.84393310546875,149.25186157226562,157.14776611328125,33893412
2020-03-30,150.26292419433594,158.78472900390625,150.26292419433594,153.29611206054688,29203338
2020-03-31,157.91810607910156,167.40281677246094,155.5589599609375,165.33255004882812,44272500
2020-04-01,165.33255004882812,166.34361267089844,158.4477081298828,160.22909545898438,18840671
2020-04-03,161.6734619140625,175.97276306152344,160.8068389892578,171.30262756347656,65288649
2020-04-07,178.8133544921875,178.8133544921875,167.21023559570312,174.8172607421875,37509626
2020-04-08,174.14321899414062,177.17640686035156,170.09898376464844,172.02481079101562,39007671
2020-04-09,177.17640686035156,179.34295654296875,173.32473754882812,178.3800506591797,44268652
2020-04-13,177.65786743164062,179.72813415527344,174.33580017089844,174.8654022216797,18427550
2020-04-15,177.22454833984375,186.56483459472656,175.92462158203125,182.3280029296875,50983406
2020-04-16,182.61688232421875,184.10939025878906,178.5726318359375,179.4392547607422,28122965
2020-04-17,183.38720703125,184.30197143554688,180.01699829101562,181.12435913085938,27694463
2020-04-20,182.90574645996094,182.90574645996094,172.84329223632812,173.998779296875,37141676
2020-04-21,171.39891052246094,177.4652862548828,169.52122497558594,172.9395751953125,24232310
2020-04-22,172.36183166503906,176.7430877685547,169.47308349609375,175.49130249023438,26132520
2020-04-23,176.16534423828125,177.17640686035156,172.9877166748047,173.85433959960938,34237726
2020-04-24,174.28765869140625,176.02090454101562,172.65069580078125,173.37289428710938,18744844
2020-04-27,173.5654754638672,175.53944396972656,172.65069580078125,173.18031311035156,13589672
2020-04-28,173.32473754882812,174.09507751464844,171.44705200195312,172.79513549804688,18488267
2020-04-29,173.8061981201172,176.11720275878906,172.9877166748047,175.39500427246094,22287597
2020-04-30,178.04302978515625,178.04302978515625,173.758056640625,175.29872131347656,31326446
2020-05-04,175.0098419189453,175.0098419189453,164.3214874267578,167.59539794921875,31461042
2020-05-05,168.51016235351562,170.8693084716797,165.62142944335938,167.45095825195312,18389548
2020-05-06,165.04367065429688,165.04367065429688,154.5478973388672,157.82180786132812,68112675
2020-05-07,157.91810607910156,159.69949340820312,154.5478973388672,155.02935791015625,25183509
2020-05-08,157.8699493408203,158.06253051757812,151.27398681640625,152.38133239746094,26281664
2020-05-11,154.06643676757812,157.4366455078125,152.14060974121094,152.57391357421875,18792383
2020-05-12,152.57391357421875,159.7476348876953,151.65914916992188,158.9291534423828,22211224
2020-05-13,166.96949768066406,167.16207885742188,158.39955139160156,159.26617431640625,20785966
2020-05-14,158.39955139160156,162.01048278808594,155.94412231445312,157.7255096435547,15525762
2020-05-15,156.18484497070312,159.3624725341797,155.17379760742188,158.5439910888672,15526021
2020-05-18,159.84393310546875,161.09571838378906,157.09962463378906,158.64028930664062,21602419
2020-05-19,160.3253936767578,165.28440856933594,158.97731018066406,164.4177703857422,20917906
2020-05-20,165.57327270507812,170.43600463867188,164.65850830078125,169.23236083984375,26295911
2020-05-21,169.08792114257812,183.38720703125,166.247314453125,181.94284057617188,60630670
2020-05-22,181.02806091308594,184.78343200683594,177.754150390625,179.4392547607422,40516307
2020-05-26,182.9539031982422,187.72032165527344,180.83547973632812,184.59085083007812,55283582
2020-05-27,185.36119079589844,186.70925903320312,179.96885681152344,185.024169921875,25491463
2020-05-28,185.16859436035156,185.74635314941406,181.99098205566406,183.5797882080078,25524647
2020-05-29,183.38720703125,190.65721130371094,181.99098205566406,190.0313262939453,37214719
2020-06-01,193.54595947265625,197.6383514404297,191.62013244628906,193.11265563964844,29606349
2020-06-02,194.41258239746094,194.41258239746094,189.40542602539062,189.93502807617188,23502975
2020-06-03,192.5830535888672,193.44967651367188,188.34622192382812,189.40542602539062,19710133
2020-06-04,190.41648864746094,194.99034118652344,187.7684783935547,192.7274932861328,22843181
2020-06-05,194.31629943847656,194.50888061523438,191.28311157226562,192.5830535888672,15193091
2020-06-08,195.37550354003906,196.09768676757812,189.69430541992188,190.3201904296875,20304292
2020-06-09,190.89794921875,198.55311584472656,190.3201904296875,191.138671875,41451482
2020-06-10,192.05345153808594,195.61622619628906,190.9460906982422,191.66827392578125,28247205
2020-06-11,192.5830535888672,193.7866973876953,186.42039489746094,187.04627990722656,20611505
2020-06-12,181.94284057617188,187.9610595703125,180.8836212158203,186.70925903320312,23431727
2020-06-15,186.70925903320312,186.75741577148438,179.39111328125,180.2577362060547,25404661
2020-06-16,183.72422790527344,183.86866760253906,175.15428161621094,178.13931274414062,28700454
2020-06-17,177.17640686035156,178.13931274414062,173.998779296875,174.48023986816406,24952658
2020-06-18,174.48023986816406,180.54661560058594,173.998779296875,179.6799774169922,30000032
2020-06-19,180.16143798828125,180.97991943359375,176.79124450683594,177.22454833984375,31707306
2020-06-22,179.5836944580078,180.54661560058594,176.35792541503906,178.13931274414062,32605144
2020-06-23,178.5244903564453,180.54661560058594,177.89859008789062,178.95779418945312,27569189
2020-06-24,180.4503173828125,187.47959899902344,179.24667358398438,184.73529052734375,56757828
2020-06-25,185.12045288085938,195.9532470703125,184.54270935058594,194.60516357421875,78484846
2020-06-26,198.36053466796875,201.6344451904297,186.1315155029297,187.9610595703125,74727243
2020-06-29,194.99034118652344,195.47178649902344,188.92396545410156,189.93502807617188,95027403
2020-06-30,192.0052947998047,192.0052947998047,186.80555725097656,187.43145751953125,42797633
2020-07-01,187.43145751953125,196.29026794433594,187.43145751953125,195.37550354003906,46004000
2020-07-02,196.86802673339844,199.08273315429688,195.03848266601562,198.2161102294922,40835235
2020-07-03,200.286376953125,200.767822265625,198.36053466796875,199.85305786132812,39352660
2020-07-06,192.92007446289062,194.4607391357422,191.57199096679688,192.39047241210938,36046969
2020-07-07,192.5830535888672,193.0644989013672,186.80555725097656,187.04627990722656,32467210
2020-07-08,187.04627990722656,190.60906982421875,187.04627990722656,189.020263671875,22093693
2020-07-09,189.59800720214844,189.69430541992188,186.9499969482422,188.2017822265625,19492371
2020-07-10,187.91290283203125,189.2128448486328,186.80555725097656,187.142578125,16815128
2020-07-13,188.63510131835938,191.37940979003906,187.86476135253906,190.22390747070312,21079233
2020-07-14,190.0794677734375,192.10159301757812,185.60191345214844,188.63510131835938,19185879
2020-07-15,189.0684051513672,192.5830535888672,187.28701782226562,191.3312530517578,24692471
2020-07-16,191.3312530517578,191.47569274902344,184.87973022460938,186.66111755371094,22997164
2020-07-17,186.1315155029297,188.1536407470703,185.84263610839844,186.85369873046875,15455455
2020-07-20,187.7684783935547,188.10549926757812,185.2167510986328,185.55377197265625,19643434
2020-07-21,184.97601318359375,186.99813842773438,184.3982696533203,185.12045288085938,29089491
2020-07-22,185.84263610839844,190.56092834472656,185.36119079589844,189.260986328125,33826583
2020-07-23,190.3201904296875,194.0274200439453,189.50172424316406,193.25709533691406,32700809
2020-07-24,193.54595947265625,194.22000122070312,189.98316955566406,192.1978759765625,62500933
2020-07-27,193.0644989013672,193.0644989013672,187.91290283203125,189.11654663085938,23517850
2020-07-28,189.69430541992188,191.28311157226562,187.81661987304688,188.1536407470703,20029937
2020-07-29,186.2759552001953,190.8498077392578,186.22781372070312,189.40542602539062,15402845
2020-07-30,191.04238891601562,191.04238891601562,185.36119079589844,186.17965698242188,16943579
2020-07-31,186.3240966796875,189.6461639404297,186.3240966796875,186.9499969482422,17294202
2020-08-03,186.80555725097656,186.80555725097656,184.78343200683594,185.4574737548828,13776301
2020-08-04,185.4574737548828,188.53880310058594,185.4574737548828,186.46853637695312,17849565
2020-08-05,187.28701782226562,187.38330078125,184.59085083007812,185.65005493164062,50646546
2020-08-06,186.99813842773438,188.34622192382812,185.93893432617188,188.10549926757812,18574935
2020-08-07,188.2499237060547,189.69430541992188,186.9499969482422,188.77952575683594,21717194
2020-08-10,189.11654663085938,192.24603271484375,189.11654663085938,191.47569274902344,17108987
2020-08-11,192.5830535888672,199.99749755859375,192.5830535888672,195.5199432373047,57266693
2020-08-12,194.99034118652344,197.30133056640625,192.9682159423828,196.62728881835938,22106836
2020-08-13,195.9532470703125,196.62728881835938,189.79058837890625,193.97927856445312,23573090
2020-08-14,194.12371826171875,195.80880737304688,188.2499237060547,189.11654663085938,29858596
2020-08-17,190.7053680419922,192.10159301757812,189.54986572265625,191.37940979003906,12192938
2020-08-18,192.48675537109375,192.48675537109375,189.93502807617188,191.18682861328125,12969115
2020-08-19,191.23497009277344,194.22000122070312,190.75350952148438,191.0905303955078,16070316
2020-08-20,189.69430541992188,189.8868865966797,187.3351593017578,188.53880310058594,17561721
2020-08-21,190.65721130371094,191.81271362304688,189.020263671875,189.50172424316406,17897538
2020-08-24,189.93502807617188,191.62013244628906,189.0684051513672,189.40542602539062,15304895
2020-08-25,189.93502807617188,190.9460906982422,187.86476135253906,188.1536407470703,15784633
2020-08-26,189.2128448486328,189.260986328125,186.46853637695312,187.72032165527344,23502769
2020-08-27,191.138671875,191.5238494873047,186.70925903320312,187.04627990722656,49030500
2020-08-28,187.38330078125,189.020263671875,186.85369873046875,188.29808044433594,35979788
2020-08-31,191.62013244628906,191.62013244628906,182.9539031982422,184.0131072998047,100730476
2020-09-01,184.0131072998047,185.2167510986328,181.268798828125,183.146484375,41311165
2020-09-02,184.2056884765625,185.84263610839844,182.61688232421875,184.2538299560547,21378178
2020-09-03,184.30197143554688,186.0833740234375,182.9539031982422,184.4945526123047,16295787
2020-09-04,182.9539031982422,182.9539031982422,178.8133544921875,179.77627563476562,42983034
2020-09-07,180.30587768554688,183.4353485107422,174.09507751464844,182.08726501464844,33918419
2020-09-08,182.5687255859375,183.48350524902344,177.754150390625,181.17250061035156,26574542
2020-09-09,178.6207733154297,179.34295654296875,175.53944396972656,176.98382568359375,28901363
2020-09-10,177.27268981933594,178.8133544921875,176.40606689453125,178.04302978515625,18469229
2020-09-11,178.04302978515625,179.5836944580078,175.97276306152344,177.12826538085938,19997552
2020-09-14,178.90965270996094,178.95779418945312,176.21348571777344,176.55050659179688,32185628
2020-09-15,177.17640686035156,177.36898803710938,174.09507751464844,175.0579833984375,31956903
2020-09-16,175.10614013671875,176.6949462890625,173.37289428710938,173.9506378173828,52591750
2020-09-17,174.09507751464844,174.7691192626953,171.20632934570312,171.97666931152344,35240133
2020-09-18,172.8914337158203,173.18031311035156,170.43600463867188,172.45811462402344,30929813
2020-09-21,173.32473754882812,173.90249633789062,168.55831909179688,169.23236083984375,24811451
2020-09-22,169.23236083984375,170.1952667236328,167.3065185546875,167.73983764648438,19242719
2020-09-23,168.46202087402344,170.96560668945312,165.33255004882812,166.10287475585938,64164525
2020-09-24,165.33255004882812,165.3806915283203,159.98837280273438,160.37353515625,32698988
2020-09-25,162.63638305664062,164.85108947753906,160.8068389892578,164.4177703857422,27650738
2020-09-28,164.65850830078125,168.3175811767578,164.1770477294922,166.8732147216797,24087933
2020-09-29,168.26943969726562,168.26943969726562,162.73268127441406,163.1178436279297,26602326
2020-09-30,163.69558715820312,165.71771240234375,162.4438018798828,165.33255004882812,19193371
2020-10-01,168.02871704101562,168.125,163.79188537597656,164.51406860351562,20517295
2020-10-05,164.75479125976562,166.39175415039062,162.491943359375,162.97340393066406,25234767
2020-10-06,163.21412658691406,165.2362518310547,161.86605834960938,163.59930419921875,22728054
2020-10-07,163.69558715820312,164.5622100830078,162.73268127441406,163.21412658691406,16913783
2020-10-08,163.79188537597656,164.08074951171875,160.71055603027344,160.95127868652344,26484289
2020-10-09,161.28829956054688,162.63638305664062,160.1809539794922,161.6253204345703,23234939
2020-10-12,164.1770477294922,168.70274353027344,163.69558715820312,165.8140106201172,68801924
2020-10-13,166.4398956298828,168.36572265625,163.21412658691406,163.84002685546875,37058708
2020-10-14,164.22518920898438,164.65850830078125,160.85499572753906,161.57717895507812,39688050
2020-10-15,161.4808807373047,161.57717895507812,158.4477081298828,158.9291534423828,28161148
2020-10-16,159.3624725341797,160.6142578125,157.7255096435547,159.5550537109375,21006060
2020-10-19,160.6142578125,162.63638305664062,159.98837280273438,162.01048278808594,19748904
2020-10-20,161.76976013183594,162.0586395263672,160.51797485351562,161.2401580810547,16770677
2020-10-21,161.91419982910156,162.63638305664062,160.4216766357422,161.4327392578125,17113482
2020-10-22,161.33645629882812,162.82896423339844,160.8068389892578,162.2993621826172,22893091
2020-10-23,162.6845245361328,164.65850830078125,161.52903747558594,164.4177703857422,20921450
2020-10-26,165.1399688720703,165.2362518310547,162.01048278808594,162.2993621826172,16699886
2020-10-27,162.251220703125,163.02154541015625,160.5661163330078,160.9994354248047,47652264
2020-10-28,162.251220703125,162.251220703125,158.88101196289062,159.3624725341797,17468592
2020-10-29,158.88101196289062,159.79579162597656,157.38848876953125,157.77366638183594,21816186
2020-10-30,157.91810607910156,160.6142578125,157.29220581054688,159.1217498779297,16976909
2020-11-02,160.6142578125,160.9994354248047,158.35140991210938,160.5661163330078,14924105
2020-11-03,160.9994354248047,164.4177703857422,160.90313720703125,163.79188537597656,23473408
2020-11-04,163.74374389648438,165.4288330078125,161.96234130859375,163.5030059814453,19533203
2020-11-05,164.89923095703125,168.51016235351562,163.88816833496094,168.26943969726562,28037401
2020-11-06,169.9545440673828,170.6285858154297,166.96949768066406,167.4990997314453,35571152
2020-11-09,167.4990997314453,170.72486877441406,165.47698974609375,166.39175415039062,36645472
2020-11-10,168.51016235351562,172.8914337158203,165.47698974609375,171.73593139648438,59672371
2020-11-11,172.9395751953125,179.00595092773438,171.97666931152344,178.42819213867188,65757234
2020-11-12,178.3319091796875,181.75025939941406,177.03196716308594,181.02806091308594,48153554
2020-11-13,180.2577362060547,181.79840087890625,178.66893005371094,180.16143798828125,29284742
2020-11-14,182.03912353515625,182.9539031982422,181.0762176513672,181.60581970214844,8066280
2020-11-17,181.99098205566406,182.3761444091797,179.48739624023438,180.4021759033203,21757459
2020-11-18,179.87257385253906,181.4613800048828,175.97276306152344,177.22454833984375,27620283
2020-11-19,176.02090454101562,184.68714904785156,175.92462158203125,180.93177795410156,50871154
2020-11-20,181.79840087890625,184.87973022460938,179.15037536621094,184.59085083007812,47052232
2020-11-23,184.87973022460938,185.36119079589844,181.65396118164062,183.77236938476562,24073204
2020-11-24,183.53164672851562,189.16470336914062,183.53164672851562,188.29808044433594,47160760
2020-11-25,188.73138427734375,190.60906982421875,185.36119079589844,186.66111755371094,43263598
2020-11-26,187.86476135253906,188.58694458007812,185.40933227539062,187.5758819580078,25155854
2020-11-27,187.23887634277344,188.49066162109375,186.0352325439453,186.46853637695312,32594141
2020-12-01,187.7684783935547,189.0684051513672,185.264892578125,187.1907196044922,16505446
2020-12-02,187.7684783935547,191.37940979003906,186.3722381591797,188.68324279785156,29520716
2020-12-03,189.8868865966797,189.8868865966797,187.3351593017578,188.92396545410156,29087754
2020-12-04,189.54986572265625,191.9571533203125,189.2128448486328,190.8498077392578,23005484
2020-12-07,190.8498077392578,196.19398498535156,190.2720489501953,195.61622619628906,37068111
2020-12-08,196.3384246826172,197.10874938964844,192.1497344970703,194.9421844482422,32042241
2020-12-09,197.3976287841797,200.09378051757812,197.06060791015625,197.7827911376953,41212760
2020-12-10,198.98643493652344,205.72683715820312,195.61622619628906,204.81207275390625,67739601
2020-12-11,206.49717712402344,209.86737060546875,205.43797302246094,208.278564453125,62645643
2020-12-14,209.86737060546875,210.49327087402344,207.0267791748047,207.89340209960938,28029531
2020-12-15,207.2675018310547,208.37486267089844,203.75286865234375,205.63055419921875,24151252
2020-12-16,205.82313537597656,207.55638122558594,205.5823974609375,206.06385803222656,20304621
2020-12-17,206.25643920898438,207.12306213378906,203.4158477783203,205.1490936279297,23248344
2020-12-18,205.19723510742188,207.94154357910156,201.97146606445312,206.54531860351562,24690701
2020-12-21,206.54531860351562,206.73789978027344,191.7645721435547,195.42364501953125,43445980
2020-12-22,195.56808471679688,198.6012725830078,189.59800720214844,195.85696411132812,42564860
2020-12-23,195.47178649902344,200.527099609375,194.50888061523438,200.04563903808594,24608258
2020-12-24,202.2122039794922,202.8380889892578,197.97537231445312,200.86412048339844,23645158
2020-12-28,201.24928283691406,202.40478515625,200.14193725585938,201.73074340820312,16347233
2020-12-29,202.69366455078125,205.5823974609375,202.30848693847656,203.70472717285156,27568853
2020-12-30,204.81207275390625,205.5823974609375,201.7788848876953,203.31954956054688,19654130
2020-12-31,202.74180603027344,203.4639892578125,200.81597900390625,201.24928283691406,18947950
2021-01-01,202.11590576171875,206.25643920898438,201.5381622314453,205.91941833496094,20279389
2021-01-04,206.06385803222656,207.98968505859375,204.2343292236328,205.48611450195312,27927482
2021-01-05,204.57135009765625,205.3416748046875,202.78994750976562,203.60842895507812,18718244
2021-01-06,203.60842895507812,203.6565704345703,196.91616821289062,197.7827911376953,50957586
2021-01-07,198.4568328857422,199.9011993408203,194.60516357421875,195.27920532226562,36298522
2021-01-08,196.771728515625,198.36053466796875,192.8237762451172,194.0274200439453,58600546
2021-01-11,196.43470764160156,198.4568328857422,193.7866973876953,194.99034118652344,44625924
2021-01-12,195.47178649902344,199.22715759277344,194.12371826171875,198.79385375976562,36989137
2021-01-13,199.7567596435547,205.1009521484375,197.6383514404297,203.4158477783203,66387977
2021-01-14,204.13803100585938,208.4711456298828,203.75286865234375,206.2082977294922,50164605
2021-01-15,206.93048095703125,210.39698791503906,203.36770629882812,209.77108764648438,60567280
2021-01-18,210.30068969726562,213.76718139648438,206.64161682128906,211.6006317138672,70211602
2021-01-19,212.8042755126953,213.47830200195312,209.43406677246094,210.73399353027344,33009228
2021-01-20,210.39698791503906,210.87843322753906,207.70082092285156,209.57850646972656,46392916
2021-01-21,210.87843322753906,211.35989379882812,204.3306121826172,205.77499389648438,30116008
2021-01-22,206.06385803222656,206.78604125976562,201.3937225341797,202.88624572753906,25663922
2021-01-25,204.13803100585938,204.61949157714844,199.17901611328125,200.09378051757812,25929487
2021-01-27,200.286376953125,204.76393127441406,199.4197540283203,202.8380889892578,50338134
2021-01-28,201.49002075195312,203.17510986328125,198.11981201171875,198.93829345703125,22984352
2021-01-29,200.81597900390625,201.05670166015625,194.8459014892578,195.7125244140625,24679902
2021-02-01,196.43470764160156,209.86737060546875,194.31629943847656,207.94154357910156,59968324
2021-02-02,211.8413543701172,215.21156311035156,208.95260620117188,210.1081085205078,50324035
2021-02-03,213.2857208251953,213.76718139648438,207.70082092285156,208.71188354492188,55709225
2021-02-04,208.0859832763672,222.81858825683594,207.98968505859375,221.42236328125,109894300
2021-02-05,223.540771484375,229.9923095703125,218.82249450683594,225.6591796875,130323308
2021-02-08,228.69236755371094,229.2219696044922,222.91488647460938,224.45553588867188,43093963
2021-02-09,225.89991760253906,230.32933044433594,219.7372589111328,220.50758361816406,73377134
2021-02-10,220.50758361816406,222.5297088623047,214.82638549804688,219.11135864257812,49104142
2021-02-11,220.50758361816406,220.7964630126953,216.17446899414062,218.05215454101562,45311749
2021-02-12,217.37811279296875,217.37811279296875,207.79710388183594,209.38592529296875,114826417
2021-02-15,210.3488311767578,212.8042755126953,209.43406677246094,210.49327087402344,33000365
2021-02-16,210.9265899658203,213.57460021972656,209.19334411621094,210.15625,30271502
2021-02-17,209.5303497314453,210.30068969726562,208.51930236816406,209.67478942871094,20615018
2021-02-18,210.1081085205078,212.41909790039062,209.81922912597656,210.73399353027344,24997592
2021-02-19,210.73399353027344,210.7821502685547,206.06385803222656,207.94154357910156,29208388
2021-02-22,204.13803100585938,204.13803100585938,198.36053466796875,199.37159729003906,53531490
2021-02-23,200.286376953125,202.74180603027344,199.32345581054688,200.767822265625,27703323
2021-02-24,201.3455810546875,202.01962280273438,198.8419952392578,201.10484313964844,13667471
2021-02-25,201.73074340820312,203.36770629882812,201.05670166015625,201.3937225341797,26953713
2021-02-26,199.56417846679688,200.286376953125,195.47178649902344,196.29026794433594,45101885
2021-03-01,197.8309326171875,200.04563903808594,196.48284912109375,199.22715759277344,16850430
2021-03-02,199.32345581054688,202.98252868652344,198.8419952392578,202.11590576171875,26590262
2021-03-03,204.13803100585938,204.13803100585938,201.05670166015625,202.1640625,21648963
2021-03-04,201.05670166015625,203.4639892578125,199.9011993408203,201.92332458496094,25858155
2021-03-05,200.286376953125,202.2122039794922,199.5160369873047,200.81597900390625,17990773
2021-03-08,201.92332458496094,202.98252868652344,199.99749755859375,200.286376953125,23874105
2021-03-09,200.9604034423828,201.97146606445312,197.15689086914062,200.09378051757812,23463213
2021-03-10,201.3455810546875,201.44186401367188,198.16795349121094,198.8419952392578,20358192
2021-03-12,200.286376953125,200.286376953125,195.9532470703125,197.5902099609375,31973696
2021-03-15,198.2161102294922,198.36053466796875,194.12371826171875,197.8309326171875,42699297
2021-03-16,198.74571228027344,201.1529998779297,197.34947204589844,200.14193725585938,50641203
2021-03-17,204.3306121826172,205.9675750732422,200.81597900390625,202.78994750976562,81604999
2021-03-18,205.1009521484375,210.9747314453125,204.04173278808594,209.57850646972656,95536034
2021-03-19,210.87843322753906,217.76327514648438,207.55638122558594,214.68194580078125,139352860
2021-03-22,215.0189666748047,218.00401306152344,213.2857208251953,217.6188507080078,47823778
2021-03-23,216.6559295654297,219.64096069335938,213.0931396484375,213.9597625732422,43165463
2021-03-24,212.8042755126953,214.5375213623047,207.2675018310547,207.94154357910156,28672557
2021-03-25,207.1712188720703,207.94154357910156,201.2974395751953,203.75286865234375,42248040
2021-03-26,206.30459594726562,206.49717712402344,202.54922485351562,203.07882690429688,27083832
2021-03-30,205.3416748046875,207.0267791748047,202.5973663330078,206.5934600830078,28862387
2021-03-31,206.1120147705078,211.1673126220703,204.81207275390625,210.39698791503906,37890481
2021-04-01,211.8413543701172,212.41909790039062,209.24148559570312,211.88949584960938,30182056
2021-04-05,209.5303497314453,211.8413543701172,202.69366455078125,204.66763305664062,32586507
2021-04-06,205.87127685546875,206.9786376953125,202.3566436767578,204.76393127441406,26663018
2021-04-07,204.81207275390625,207.2193603515625,204.57135009765625,205.87127685546875,15790468
2021-04-08,206.88233947753906,208.0859832763672,204.95651245117188,205.3416748046875,14660557
2021-04-09,205.82313537597656,207.94154357910156,204.66763305664062,205.19723510742188,16994483
2021-04-12,202.2122039794922,203.17510986328125,197.3976287841797,197.68649291992188,35840817
2021-04-13,199.32345581054688,201.92332458496094,198.36053466796875,200.9604034423828,21027436
2021-04-15,201.24928283691406,202.6455078125,198.36053466796875,199.03457641601562,18205903
2021-04-16,200.286376953125,201.49002075195312,198.8419952392578,200.23822021484375,13824608
2021-04-19,197.3976287841797,198.4568328857422,196.19398498535156,197.97537231445312,16400507
2021-04-20,198.55311584472656,199.32345581054688,194.99034118652344,196.00140380859375,22187707
2021-04-22,194.50888061523438,198.6494140625,193.11265563964844,198.26425170898438,24030915
2021-04-23,196.67544555664062,199.32345581054688,196.67544555664062,197.73464965820312,20381213
2021-04-26,198.16795349121094,199.08273315429688,197.10874938964844,197.68649291992188,20652091
2021-04-27,197.68649291992188,199.2753143310547,197.44577026367188,197.7827911376953,11885588
2021-04-28,198.36053466796875,198.8419952392578,197.68649291992188,197.87908935546875,13197445
2021-04-29,199.4197540283203,199.85305786132812,196.48284912109375,196.7235870361328,13601150
2021-04-30,196.3384246826172,198.07167053222656,194.50888061523438,195.0866241455078,17130954
2021-05-03,193.73854064941406,194.36444091796875,192.5830535888672,193.49781799316406,21405441
2021-05-04,193.73854064941406,194.8459014892578,191.7164306640625,192.1978759765625,18962501
2021-05-05,193.97927856445312,194.50888061523438,192.10159301757812,193.93113708496094,14396547
2021-05-06,194.79776000976562,198.31239318847656,194.60516357421875,195.23106384277344,14872429
2021-05-07,195.42364501953125,198.79385375976562,195.42364501953125,197.73464965820312,20213092
2021-05-10,199.4678955078125,199.7567596435547,197.3976287841797,197.92723083496094,16922951
2021-05-11,196.3384246826172,198.8419952392578,196.19398498535156,196.43470764160156,14277000
2021-05-12,196.3384246826172,197.6383514404297,195.32736206054688,195.7125244140625,17174525
2021-05-14,197.3976287841797,205.2935333251953,196.43470764160156,204.37875366210938,64021335
2021-05-17,208.76002502441406,208.95260620117188,203.80101013183594,204.7157745361328,39465392
2021-05-18,206.16015625,206.64161682128906,201.87518310546875,202.26034545898438,31653409
2021-05-19,202.26034545898438,203.56028747558594,199.85305786132812,200.04563903808594,25345241
2021-05-20,200.7196807861328,201.5381622314453,199.13087463378906,199.32345581054688,21688686
2021-05-21,199.9011993408203,202.06776428222656,199.7086181640625,201.2974395751953,23509878
2021-05-24,201.73074340820312,204.18617248535156,200.04563903808594,203.6565704345703,29977506
2021-05-25,205.1009521484375,205.48611450195312,202.4529266357422,203.07882690429688,26310600
2021-05-26,203.94544982910156,204.57135009765625,202.50108337402344,202.78994750976562,18253046
2021-05-27,203.17510986328125,206.2082977294922,202.50108337402344,203.31954956054688,49385674
2021-05-28,204.61949157714844,205.5823974609375,203.70472717285156,205.00465393066406,26583388
2021-05-31,207.0267791748047,209.81922912597656,206.4490203857422,208.56744384765625,75852502
2021-06-01,209.91552734375,211.26361083984375,206.30459594726562,207.2675018310547,40247686
2021-06-02,202.69366455078125,204.57135009765625,200.86412048339844,201.24928283691406,100377464
2021-06-03,202.93438720703125,202.93438720703125,200.9604034423828,201.2974395751953,48454441
2021-06-04,201.73074340820312,201.92332458496094,200.286376953125,201.00856018066406,31286264
2021-06-07,202.5973663330078,204.523193359375,202.40478515625,203.60842895507812,32643869
2021-06-08,204.3306121826172,206.30459594726562,203.36770629882812,205.72683715820312,22080199
2021-06-09,206.06385803222656,206.78604125976562,203.6565704345703,204.61949157714844,25846432
2021-06-10,200.9604034423828,203.56028747558594,199.80491638183594,201.5381622314453,31902690
2021-06-11,202.50108337402344,202.6455078125,200.04563903808594,200.19007873535156,22249404
2021-06-14,200.23822021484375,200.7196807861328,197.5902099609375,199.61233520507812,18358717
2021-06-15,199.85305786132812,200.67153930664062,199.32345581054688,199.37159729003906,15426377
2021-06-16,199.37159729003906,201.5863037109375,199.37159729003906,200.14193725585938,20878518
2021-06-17,199.2753143310547,200.286376953125,197.3976287841797,198.0235137939453,22304032
2021-06-18,198.36053466796875,198.79385375976562,194.99034118652344,196.9643096923828,24475206
2021-06-21,195.56808471679688,198.36053466796875,194.89404296875,196.86802673339844,19809308
2021-06-22,198.4568328857422,198.6012725830078,196.771728515625,197.49391174316406,18737552
2021-06-23,198.0235137939453,198.2161102294922,196.04954528808594,196.38656616210938,13059519
2021-06-24,196.86802673339844,197.06060791015625,195.03848266601562,195.7125244140625,23299321
2021-06-25,196.43470764160156,197.97537231445312,196.19398498535156,197.44577026367188,14411660
2021-06-28,198.26425170898438,198.26425170898438,195.80880737304688,196.04954528808594,15190488
2021-06-29,196.04954528808594,197.68649291992188,195.61622619628906,195.7606658935547,13839294
2021-06-30,196.7235870361328,196.8198699951172,195.03848266601562,195.18292236328125,16556397
2021-07-01,195.37550354003906,196.24212646484375,194.6533203125,195.47178649902344,10583793
2021-07-02,195.7606658935547,196.1458282470703,194.74960327148438,194.89404296875,13187847
2021-07-05,195.47178649902344,196.531005859375,195.18292236328125,196.09768676757812,10642939
2021-07-06,195.7125244140625,196.24212646484375,194.74960327148438,194.99034118652344,11515716
2021-07-07,194.99034118652344,197.5902099609375,194.79776000976562,196.19398498535156,18568033
2021-07-08,195.9532470703125,196.91616821289062,194.31629943847656,194.50888061523438,21730892
2021-07-09,194.50888061523438,194.8459014892578,193.44967651367188,193.8829803466797,12289809
2021-07-12,194.50888061523438,195.03848266601562,193.49781799316406,193.6422576904297,13589278
2021-07-13,194.50888061523438,194.7014617919922,193.8829803466797,194.36444091796875,11247522
2021-07-14,194.36444091796875,197.5420684814453,194.22000122070312,196.531005859375,21269167
2021-07-15,196.8198699951172,200.767822265625,195.37550354003906,198.6012725830078,29963443
2021-07-16,199.99749755859375,201.87518310546875,199.5160369873047,200.19007873535156,30137464
2021-07-19,199.13087463378906,201.73074340820312,198.6975555419922,200.04563903808594,17099088
2021-07-20,200.4789581298828,201.5381622314453,198.74571228027344,199.13087463378906,24567907
2021-07-22,199.32345581054688,200.527099609375,198.2161102294922,199.32345581054688,19016769
2021-07-23,199.32345581054688,205.67869567871094,198.8419952392578,204.523193359375,46241640
2021-07-26,206.06385803222656,207.36380004882812,202.98252868652344,203.31954956054688,49084040
2021-07-27,204.13803100585938,205.1009521484375,200.23822021484375,200.91226196289062,25378089
2021-07-28,200.5752410888672,202.2122039794922,199.7567596435547,201.3455810546875,15304399
2021-07-29,201.3455810546875,202.40478515625,198.0235137939453,198.40869140625,16204679
2021-07-30,198.4568328857422,199.4197540283203,197.01246643066406,197.34947204589844,15515733
2021-08-02,198.79385375976562,199.80491638183594,197.8309326171875,199.61233520507812,10046707
2021-08-03,199.80491638183594,203.07882690429688,198.79385375976562,202.11590576171875,19179805
2021-08-04,203.07882690429688,203.2714080810547,200.38265991210938,200.86412048339844,11421835
2021-08-05,200.86412048339844,208.71188354492188,199.22715759277344,207.2675018310547,48995450
2021-08-06,207.4119415283203,207.98968505859375,204.7157745361328,206.30459594726562,24489836
2021-08-09,207.0267791748047,209.0970458984375,204.81207275390625,205.87127685546875,21142199
2021-08-10,206.06385803222656,206.49717712402344,200.81597900390625,202.06776428222656,18855165
2021-08-11,202.06776428222656,202.78994750976562,199.7567596435547,200.91226196289062,16012451
2021-08-12,202.4529266357422,206.25643920898438,200.62339782714844,201.1529998779297,28758718
2021-08-13,202.06776428222656,204.42691040039062,201.44186401367188,203.60842895507812,19576945
2021-08-16,203.56028747558594,205.3416748046875,202.69366455078125,203.07882690429688,11621038
2021-08-17,202.98252868652344,203.6565704345703,201.05670166015625,201.44186401367188,8161139
2021-08-18,201.82704162597656,203.6565704345703,200.62339782714844,201.20114135742188,11149120
2021-08-20,199.32345581054688,202.88624572753906,199.03457641601562,201.1529998779297,20168965
2021-08-23,201.73074340820312,202.40478515625,198.36053466796875,198.6494140625,10319044
2021-08-24,199.32345581054688,199.32345581054688,197.10874938964844,198.11981201171875,12971124
2021-08-25,198.74571228027344,200.19007873535156,198.36053466796875,198.74571228027344,10994627
2021-08-26,198.74571228027344,199.17901611328125,196.771728515625,197.01246643066406,15407558
2021-08-27,197.3976287841797,199.17901611328125,197.30133056640625,198.26425170898438,10879860
2021-08-30,198.36053466796875,200.4789581298828,198.36053466796875,200.286376953125,12550267
2021-08-31,200.3345184326172,203.75286865234375,199.56417846679688,203.4639892578125,26802390
2021-09-01,203.17510986328125,204.42691040039062,201.5381622314453,201.73074340820312,16867486
2021-09-02,201.24928283691406,203.6565704345703,201.24928283691406,201.97146606445312,14872714
2021-09-03,201.97146606445312,203.4158477783203,201.97146606445312,202.78994750976562,10622796
2021-09-06,203.17510986328125,203.36770629882812,201.2974395751953,201.5381622314453,11041632
2021-09-07,203.07882690429688,206.40087890625,202.3566436767578,203.89730834960938,38933378
2021-09-08,204.37875366210938,205.1009521484375,201.92332458496094,203.4158477783203,17897021
2021-09-09,203.2232666015625,205.9675750732422,202.74180603027344,204.76393127441406,19784972
2021-09-13,205.43797302246094,207.1712188720703,203.94544982910156,206.2082977294922,16661794
2021-09-14,206.93048095703125,209.19334411621094,206.25643920898438,208.0859832763672,20377545
2021-09-15,209.0489044189453,209.1451873779297,207.31565856933594,207.98968505859375,21028598
2021-09-16,208.9044647216797,224.9851531982422,208.278564453125,222.19268798828125,154986538
2021-09-17,224.3592529296875,228.49978637695312,220.6038818359375,222.57786560058594,82563658
2021-09-20,222.4334259033203,230.47377014160156,221.7112274169922,225.08143615722656,73101936
2021-09-21,226.2369384765625,233.45880126953125,223.1074676513672,232.54403686523438,58854434
2021-09-22,234.46986389160156,236.6845703125,231.77369689941406,234.46986389160156,54648494
2021-09-23,235.9142303466797,236.4919891357422,232.7366180419922,233.50694274902344,22630330
2021-09-24,234.95132446289062,234.95132446289062,228.88494873046875,229.60714721679688,25779310
2021-09-27,230.90707397460938,232.8810577392578,226.76654052734375,229.84786987304688,23772123
2021-09-28,230.95521545410156,232.64031982421875,227.536865234375,228.93310546875,16319138
2021-09-29,227.2480010986328,232.44773864746094,226.95912170410156,229.27012634277344,16045073
2021-09-30,231.0033721923828,231.4848175048828,226.52581787109375,227.39244079589844,16987893
2021-10-01,226.4776611328125,228.21090698242188,224.26295471191406,226.62210083007812,16570661
2021-10-04,227.2480010986328,229.51084899902344,226.6702423095703,227.82574462890625,11098123
2021-10-05,227.63316345214844,228.64422607421875,225.80361938476562,225.99620056152344,9578825
2021-10-06,226.09249877929688,227.63316345214844,222.04824829101562,222.6741485595703,18179336
2021-10-07,224.3592529296875,226.2369384765625,223.68521118164062,224.3111114501953,10770973
2021-10-08,226.0443572998047,226.09249877929688,222.62600708007812,223.1074676513672,10114327
2021-10-11,223.39633178710938,230.61819458007812,223.1074676513672,229.2219696044922,22000303
2021-10-12,229.75157165527344,233.9884033203125,229.173828125,232.3514404296875,30347455
2021-10-13,233.5550994873047,241.59542846679688,231.2440948486328,239.95848083496094,52091422
2021-10-14,243.85829162597656,252.1393585205078,241.06582641601562,247.03590393066406,88696178
2021-10-18,251.3208770751953,255.46141052246094,247.80624389648438,252.8134002685547,62614961
2021-10-19,251.70603942871094,252.8134002685547,235.96238708496094,236.82901000976562,61336411
2021-10-20,236.82901000976562,239.28443908691406,233.3625030517578,237.45489501953125,49663940
2021-10-21,238.802978515625,239.13999938964844,234.08470153808594,235.6253662109375,23385990
2021-10-22,235.6253662109375,236.6845703125,225.03329467773438,227.82574462890625,36905793
2021-10-25,225.41845703125,227.87388610839844,221.95196533203125,224.74441528320312,23194065
2021-10-26,225.41845703125,230.13674926757812,223.97409057617188,227.9220428466797,19663381
2021-10-27,231.34039306640625,232.3514404296875,227.44058227539062,229.60714721679688,26909428
2021-10-28,226.38137817382812,227.19985961914062,215.8374481201172,216.75222778320312,48064941
2021-10-29,216.6559295654297,219.785400390625,214.05606079101562,214.9226837158203,27668175
2021-11-01,215.8374481201172,219.11135864257812,214.24864196777344,218.43731689453125,24090945
2021-11-02,219.544677734375,220.74832153320312,216.17446899414062,217.23367309570312,14896284
2021-11-03,217.6188507080078,218.43731689453125,213.47830200195312,214.20050048828125,18530527
2021-11-04,216.51148986816406,218.87063598632812,215.69300842285156,218.14845275878906,7295341
2021-11-08,221.18162536621094,222.14454650878906,217.32997131347656,221.27792358398438,21051238
2021-11-09,221.32606506347656,222.33712768554688,219.40023803710938,220.26686096191406,11964518
2021-11-10,219.01507568359375,224.21481323242188,218.7743377685547,222.2889862060547,13948380
2021-11-11,221.8556671142578,222.91488647460938,220.07427978515625,221.4705047607422,8448263
2021-11-12,222.62600708007812,225.27401733398438,220.6520233154297,224.26295471191406,12312123
2021-11-15,225.27401733398438,230.13674926757812,224.45553588867188,229.27012634277344,40247848
2021-11-16,230.1848907470703,230.76263427734375,226.2850799560547,226.71839904785156,15241184
2021-11-17,227.2480010986328,236.15496826171875,226.91098022460938,230.61819458007812,48496295
2021-11-18,231.0996551513672,233.9884033203125,227.536865234375,228.69236755371094,21005037
2021-11-22,229.07752990722656,231.82183837890625,221.03720092773438,222.33712768554688,23443628
2021-11-23,220.6520233154297,224.07037353515625,220.6520233154297,223.01116943359375,13950744
2021-11-24,223.82965087890625,224.07037353515625,218.5336151123047,219.25579833984375,14684422
2021-11-25,218.58175659179688,223.5889129638672,217.37811279296875,222.7222900390625,24825493
2021-11-26,220.4113006591797,221.51864624023438,214.82638549804688,215.69300842285156,28067913
2021-11-29,213.76718139648438,215.35598754882812,212.033935546875,213.2857208251953,22985358
2021-11-30,213.76718139648438,216.8485107421875,211.8413543701172,212.94869995117188,24408641
2021-12-01,213.76718139648438,215.0189666748047,212.41909790039062,213.6708984375,13496307
2021-12-02,213.6708984375,217.76327514648438,213.0931396484375,217.08924865722656,16517389
2021-12-03,216.6559295654297,217.81143188476562,213.14129638671875,213.43016052246094,14325920
2021-12-06,213.43016052246094,213.9597625732422,209.43406677246094,209.81922912597656,13644352
2021-12-07,210.7821502685547,213.7190399169922,210.01181030273438,212.46725463867188,9246755
2021-12-08,212.8042755126953,217.28182983398438,212.8042755126953,216.6077880859375,10241656
2021-12-09,214.7301025390625,227.68130493164062,214.7301025390625,226.6702423095703,39714672
2021-12-10,227.44058227539062,230.08859252929688,225.08143615722656,227.3442840576172,36517117
2021-12-13,229.173828125,229.89601135253906,225.4665985107422,225.89991760253906,22903720
2021-12-14,226.2850799560547,228.3072052001953,219.11135864257812,220.12242126464844,38953007
2021-12-15,221.4705047607422,223.5889129638672,215.11526489257812,215.7411651611328,35987634
2021-12-16,217.6188507080078,217.76327514648438,212.61167907714844,214.63380432128906,25131188
2021-12-17,214.5375213623047,214.58566284179688,208.71188354492188,209.86737060546875,30827201
2021-12-20,208.2304229736328,208.2304229736328,202.01962280273438,204.523193359375,38778895
2021-12-21,206.06385803222656,207.4600830078125,203.2232666015625,204.61949157714844,20142586
2021-12-22,206.06385803222656,206.25643920898438,203.2714080810547,204.13803100585938,17903428
2021-12-23,205.9675750732422,210.3488311767578,205.2935333251953,209.24148559570312,23065082
2021-12-24,209.91552734375,212.274658203125,208.42300415039062,209.91552734375,17220191
2021-12-27,210.30068969726562,210.3488311767578,207.65267944335938,209.48220825195312,8467106
2021-12-28,209.91552734375,212.41909790039062,209.91552734375,211.88949584960938,12014352
2021-12-29,211.8413543701172,212.13023376464844,208.278564453125,208.71188354492188,11923119
2021-12-30,208.56744384765625,209.81922912597656,207.50823974609375,207.98968505859375,10116360
2021-12-31,208.8563232421875,210.68585205078125,208.13412475585938,209.9636688232422,7875890
2022-01-03,209.9636688232422,211.69691467285156,209.00074768066406,210.9747314453125,8064567
2022-01-04,211.35989379882812,213.47830200195312,210.9265899658203,212.0820770263672,9398805
2022-01-05,211.50433349609375,213.2857208251953,210.54141235351562,212.37095642089844,11663111
2022-01-06,210.87843322753906,212.2265167236328,210.1081085205078,210.58956909179688,9295303
2022-01-07,211.64877319335938,212.46725463867188,209.43406677246094,210.30068969726562,9196075
2022-01-10,211.74505615234375,216.36705017089844,210.7821502685547,215.0189666748047,16451394
2022-01-11,215.06712341308594,215.93374633789062,212.99685668945312,213.7190399169922,8329596
2022-01-12,214.24864196777344,215.35598754882812,213.38201904296875,214.48936462402344,13665682
2022-01-13,215.5967254638672,217.42626953125,214.48936462402344,215.64486694335938,11944029
2022-01-14,215.64486694335938,216.46334838867188,214.05606079101562,214.34494018554688,10976796
2022-01-17,214.34494018554688,217.23367309570312,213.14129638671875,216.27076721191406,12792728
2022-01-18,216.27076721191406,218.87063598632812,212.13023376464844,212.56353759765625,14948456
2022-01-19,212.56353759765625,214.15234375,210.58956909179688,212.17837524414062,11915686
2022-01-20,212.37095642089844,213.91162109375,209.91552734375,210.63771057128906,17997322
2022-01-21,210.39698791503906,212.32281494140625,207.98968505859375,209.00074768066406,17225050
2022-01-24,209.00074768066406,209.67478942871094,203.07882690429688,203.94544982910156,18023332
2022-01-25,204.13803100585938,206.73789978027344,201.7788848876953,206.3527374267578,19028606
2022-01-27,203.4158477783203,207.50823974609375,203.2714080810547,206.64161682128906,24041247
2022-01-28,207.12306213378906,211.11917114257812,207.12306213378906,209.5303497314453,15865353
2022-01-31,210.39698791503906,212.56353759765625,209.0489044189453,212.033935546875,15618203
2022-02-01,212.8042755126953,220.31500244140625,211.0228729248047,219.30393981933594,44871108
2022-02-02,221.4705047607422,224.64813232421875,220.50758361816406,223.540771484375,42714702
2022-02-03,223.540771484375,226.4776611328125,223.20375061035156,225.75547790527344,28918394
2022-02-04,228.45164489746094,229.65528869628906,222.96302795410156,225.6110382080078,58889867
2022-02-07,225.32217407226562,226.0443572998047,220.02613830566406,221.6630859375,25101983
2022-02-08,221.75938415527344,223.68521118164062,220.5557403564453,222.6741485595703,16825239
2022-02-09,223.68521118164062,224.3592529296875,220.26686096191406,221.6149444580078,12351873
2022-02-10,220.21871948242188,224.74441528320312,219.30393981933594,223.63706970214844,20317032
2022-02-11,223.39633178710938,224.64813232421875,221.27792358398438,223.82965087890625,18793513
2022-02-14,217.6188507080078,217.6188507080078,210.39698791503906,211.31175231933594,23621214
2022-02-15,212.8042755126953,215.21156311035156,210.44512939453125,214.7301025390625,13371177
2022-02-16,215.50042724609375,216.36705017089844,213.62274169921875,214.48936462402344,11664158
2022-02-17,214.7782440185547,216.030029296875,212.6598358154297,214.39308166503906,14564261
2022-02-18,214.39308166503906,215.1634063720703,213.2857208251953,213.6708984375,9004891
2022-02-21,212.13023376464844,213.0931396484375,209.0970458984375,209.91552734375,16750193
2022-02-22,207.0267791748047,208.8563232421875,205.1009521484375,206.88233947753906,26741024
2022-02-23,208.76002502441406,209.43406677246094,207.07492065429688,207.94154357910156,11438476
2022-02-24,202.2122039794922,205.3898162841797,199.32345581054688,200.767822265625,42933709
2022-02-25,203.6565704345703,208.4711456298828,202.74180603027344,206.01571655273438,24543858
2022-02-28,205.2935333251953,208.42300415039062,202.98252868652344,207.8452606201172,20806226
2022-03-02,206.4490203857422,208.56744384765625,204.57135009765625,207.31565856933594,20039140
2022-03-03,208.037841796875,212.033935546875,207.98968505859375,211.26361083984375,29631546
2022-03-04,209.62664794921875,218.9669189453125,208.95260620117188,217.13739013671875,69409780
2022-03-07,213.76718139648438,218.58175659179688,211.93765258789062,216.6077880859375,47001716
2022-03-08,215.5967254638672,219.9779815673828,215.45228576660156,218.4854736328125,37424203
2022-03-09,219.25579833984375,222.81858825683594,217.7151336669922,220.74832153320312,43923809
2022-03-10,222.4334259033203,223.87779235839844,219.40023803710938,223.39633178710938,37523806
2022-03-11,223.300048828125,228.3072052001953,221.6149444580078,227.58502197265625,43305144
2022-03-14,227.4887237548828,230.57005310058594,226.57395935058594,230.13674926757812,36465969
2022-03-15,230.13674926757812,232.44773864746094,227.15170288085938,229.02938842773438,34269168
2022-03-16,231.0996551513672,233.9884033203125,230.2330322265625,233.60324096679688,22462538
2022-03-17,236.15496826171875,236.29940795898438,233.69952392578125,235.8179473876953,35541798
2022-03-21,236.78085327148438,238.562255859375,234.7587432861328,235.43276977539062,29052540
2022-03-22,235.48092651367188,241.4510040283203,234.51800537109375,240.4880828857422,38368305
2022-03-23,242.12503051757812,244.29159545898438,239.28443908691406,242.65464782714844,42051087
2022-03-24,242.6064910888672,246.98776245117188,242.12503051757812,245.39895629882812,39712133
2022-03-25,245.83226013183594,246.2655792236328,240.00662231445312,243.95457458496094,30412482
2022-03-28,244.58047485351562,248.43212890625,243.1842498779297,247.51736450195312,25876007
2022-03-29,247.51736450195312,247.95066833496094,244.33973693847656,245.15821838378906,18820674
2022-03-30,245.63967895507812,246.89146423339844,239.4288787841797,239.95848083496094,18281803
2022-03-31,240.34364318847656,244.91749572753906,240.2473602294922,241.35470581054688,26644916
2022-04-01,240.7288055419922,245.88040161132812,239.5733184814453,243.90643310546875,14856664
2022-04-04,243.71385192871094,248.33584594726562,241.78802490234375,245.97669982910156,16520039
2022-04-05,246.554443359375,252.1393585205078,245.63967895507812,249.82835388183594,28230046
2022-04-06,247.95066833496094,253.58372497558594,247.75808715820312,249.97279357910156,20352716
2022-04-07,248.43212890625,252.47637939453125,246.313720703125,247.1322021484375,16679649
2022-04-08,248.43212890625,258.8797607421875,246.5063018798828,257.86871337890625,39283623
2022-04-11,258.7834777832031,263.0202941894531,256.1354675292969,257.579833984375,47924937
2022-04-12,257.0020751953125,258.68719482421875,253.34300231933594,254.97994995117188,24460888
2022-04-13,255.46141052246094,260.5648498535156,253.8726043701172,259.5538024902344,22239115
2022-04-18,258.061279296875,262.3944091796875,257.339111328125,260.0834045410156,25339139
2022-04-19,261.9129333496094,262.3944091796875,249.2024688720703,251.85047912597656,24280577
2022-04-20,253.15042114257812,255.60585021972656,247.9988250732422,249.92465209960938,25454589
2022-04-21,250.069091796875,254.64292907714844,249.97279357910156,250.74313354492188,24313956
2022-04-22,250.3579559326172,253.2467041015625,248.96173095703125,251.41717529296875,16274820
2022-04-25,249.2024688720703,249.39505004882812,243.13609313964844,245.78411865234375,25140992
2022-04-26,247.08404541015625,251.03199768066406,246.7470245361328,249.34690856933594,21327644
2022-04-27,246.69888305664062,248.91358947753906,246.2655792236328,247.95066833496094,17219401
2022-04-28,249.8765106201172,253.92074584960938,248.57656860351562,251.41717529296875,28999835
2022-04-29,253.2467041015625,253.2467041015625,248.91358947753906,249.92465209960938,21206335
2022-05-02,248.43212890625,254.6910858154297,247.51736450195312,253.39114379882812,19696250
2022-05-04,254.20962524414062,256.18359375,249.0098876953125,250.1172332763672,26951488
2022-05-05,252.28379821777344,255.36512756347656,250.74313354492188,252.33193969726562,18623544
2022-05-06,249.39505004882812,257.4353942871094,249.2987518310547,256.7613525390625,35818441
2022-05-09,256.2799072265625,256.2799072265625,250.8875732421875,253.1985626220703,22228031
2022-05-10,252.28379821777344,256.9057922363281,249.4913330078125,250.1172332763672,18727774
2022-05-11,249.39505004882812,252.47637939453125,242.41390991210938,246.16928100585938,18012072
2022-05-12,245.5433807373047,246.89146423339844,239.91033935546875,243.52127075195312,20816708
2022-05-13,245.4952392578125,251.1764373779297,245.0619354248047,249.0098876953125,12380764
2022-05-16,250.309814453125,250.309814453125,243.6175537109375,244.6767578125,8502159
2022-05-17,245.5433807373047,255.65399169921875,245.35079956054688,254.8836669921875,18483427
2022-05-18,256.1354675292969,257.86871337890625,253.39114379882812,256.9057922363281,20978307
2022-05-19,252.86154174804688,268.8940734863281,252.86154174804688,265.4275817871094,81302807
2022-05-20,266.7275085449219,271.8791198730469,266.7275085449219,269.61627197265625,33617466
2022-05-23,269.61627197265625,270.0495910644531,262.92401123046875,264.3202209472656,22535903
2022-05-24,264.80169677734375,264.80169677734375,259.98712158203125,260.80560302734375,16146766
2022-05-25,262.8277282714844,263.74249267578125,260.46856689453125,262.58697509765625,15877459
2022-05-26,258.302001953125,258.302001953125,254.065185546875,256.80950927734375,19129574
2022-05-27,259.0242004394531,260.6611633300781,255.22068786621094,259.216796875,13986762
2022-05-30,260.46856689453125,260.9500427246094,257.6761169433594,259.0723571777344,12274291
2022-05-31,259.0723571777344,264.3202209472656,256.5206298828125,260.6130065917969,24102167
2022-06-01,260.6130065917969,263.93505859375,260.1796875,261.7685241699219,15265925
2022-06-02,260.6611633300781,264.2720947265625,257.9168395996094,263.3573303222656,14789457
2022-06-03,264.80169677734375,265.4757385253906,261.52777099609375,262.58697509765625,12968807
2022-06-06,262.2981262207031,265.572021484375,259.6982421875,264.6091003417969,11345943
2022-06-07,263.0684509277344,264.80169677734375,262.1536865234375,263.74249267578125,11245578
2022-06-08,263.7906188964844,264.22393798828125,256.3280334472656,257.9649963378906,14915091
2022-06-09,257.86871337890625,261.62408447265625,255.8947296142578,260.80560302734375,10239939
2022-06-10,259.0723571777344,260.9500427246094,258.7834777832031,260.1315612792969,8693455
2022-06-13,256.5206298828125,259.1204833984375,253.2467041015625,254.8355255126953,11519902
2022-06-14,253.4392852783203,257.53167724609375,253.29486083984375,255.60585021972656,7708043
2022-06-15,256.1354675292969,257.3872375488281,253.29486083984375,253.6318817138672,5254329
2022-06-16,257.0983581542969,257.9649963378906,249.8765106201172,251.03199768066406,14843837
2022-06-17,249.39505004882812,254.35406494140625,248.96173095703125,253.53558349609375,17296080
2022-06-20,253.53558349609375,256.2799072265625,251.65789794921875,254.30592346191406,17738981
2022-06-21,255.17254638671875,260.80560302734375,254.30592346191406,259.8908386230469,14417711
2022-06-22,257.0983581542969,260.2760009765625,255.0762481689453,255.46141052246094,11756920
2022-06-23,255.65399169921875,257.339111328125,252.66896057128906,255.65399169921875,9416459
2022-06-24,256.23175048828125,258.3983154296875,255.36512756347656,255.9910125732422,7283228
2022-06-27,257.0983581542969,260.6130065917969,256.6169128417969,259.93896484375,8487729
2022-06-28,258.92791748046875,262.1536865234375,258.59088134765625,261.7685241699219,11673046
2022-06-29,259.2649230957031,264.80169677734375,259.16864013671875,263.8869323730469,16635367
2022-06-30,263.7906188964844,264.5128173828125,261.9129333496094,263.3573303222656,20003893
2022-07-01,263.3573303222656,274.43084716796875,261.1426086425781,273.8049621582031,36520000
2022-07-04,275.0567321777344,282.42303466796875,274.2382507324219,281.074951171875,41417701
2022-07-05,282.1341552734375,282.1341552734375,275.1530456542969,276.2603759765625,19283789
2022-07-06,275.49005126953125,279.24542236328125,274.7197265625,278.5713806152344,18997440
2022-07-07,280.2083435058594,282.2785949707031,277.8010559082031,281.12310791015625,14326277
2022-07-08,282.0378723144531,283.5303955078125,279.6305847167969,282.18231201171875,11538313
2022-07-11,282.1341552734375,285.93768310546875,281.2193908691406,284.05999755859375,12828405
2022-07-12,282.1341552734375,284.3970031738281,280.1120300292969,281.8453063964844,14616684
2022-07-13,282.1341552734375,283.8674011230469,281.8453063964844,283.1452331542969,9634877
2022-07-14,283.3859558105469,285.35992431640625,278.42694091796875,280.06390380859375,13930984
2022-07-15,281.1712646484375,283.0970764160156,278.76397705078125,282.66375732421875,11450042
2022-07-18,284.05999755859375,285.3117980957031,282.8563537597656,284.348876953125,11751684
2022-07-19,284.05999755859375,284.63775634765625,281.8453063964844,283.6748352050781,9542292
2022-07-20,283.9637145996094,288.39312744140625,282.7119140625,287.1413269042969,16397373
2022-07-21,287.9116516113281,290.99298095703125,286.94873046875,288.4412536621094,16660697
2022-07-22,288.87457275390625,291.2818603515625,287.0450439453125,289.4041748046875,10351425
2022-07-25,287.9116516113281,291.7151794433594,287.7190856933594,289.93377685546875,11050533
2022-07-26,289.8374938964844,292.4855041503906,289.3078918457031,291.23370361328125,10114261
2022-07-27,291.6188659667969,293.68914794921875,289.45233154296875,292.87066650390625,9706094
2022-07-28,293.5928649902344,293.8817443847656,291.1855773925781,292.1966247558594,11256515
2022-07-29,293.68914794921875,294.5557861328125,290.17449951171875,291.81146240234375,17584873
2022-08-01,292.7262268066406,297.3482360839844,291.859619140625,296.096435546875,16501510
2022-08-02,298.50372314453125,304.9071044921875,296.7704772949219,298.45556640625,40483892
2022-08-03,299.370361328125,299.370361328125,292.38922119140625,296.7223205566406,18376724
2022-08-04,296.577880859375,298.84075927734375,295.7594299316406,298.02227783203125,16514348
2022-08-05,298.02227783203125,300.2369689941406,297.6371154785156,299.32220458984375,10477269
2022-08-08,299.4184875488281,302.3072509765625,298.5518798828125,301.5368957519531,8627072
2022-08-10,301.5368957519531,302.4516906738281,299.2259216308594,299.6592102050781,9267241
2022-08-11,301.3924560546875,301.8257751464844,293.97802734375,294.8927917480469,11305242
2022-08-12,294.8927917480469,297.92596435546875,293.20770263671875,297.10748291015625,6669853
2022-08-16,297.10748291015625,299.9480895996094,297.10748291015625,299.0333251953125,8941455
2022-08-17,300.14068603515625,301.6332092285156,299.4666442871094,300.95916748046875,8283028
2022-08-18,301.3924560546875,304.2812194824219,301.0072937011719,303.9441833496094,10264507
2022-08-19,304.4256591796875,304.4256591796875,299.6592102050781,300.4295654296875,10823811
2022-08-22,299.6592102050781,305.244140625,299.4666442871094,302.74053955078125,11793184
2022-08-23,301.3443298339844,304.2812194824219,300.5258483886719,304.1849365234375,9698555
2022-08-24,304.0404968261719,307.603271484375,301.44061279296875,302.4516906738281,11783894
2022-08-25,303.7516174316406,304.6663818359375,300.0444030761719,300.7665710449219,8057930
2022-08-26,303.07757568359375,303.7034606933594,300.4295654296875,301.2961730957031,7224507
2022-08-29,298.50372314453125,303.2701416015625,297.3963623046875,301.9220886230469,11798961
2022-08-30,302.5960998535156,309.48095703125,302.5960998535156,308.6143493652344,18516092
2022-09-01,307.65142822265625,309.96240234375,304.2812194824219,305.8218688964844,13765474
2022-09-02,306.8810729980469,312.22528076171875,306.25518798828125,311.1660461425781,26750910
2022-09-05,312.94744873046875,317.3768615722656,311.7438049316406,316.6546630859375,18144801
2022-09-06,317.76202392578125,317.76202392578125,314.2955322265625,315.0177307128906,12431779
2022-09-07,313.9103698730469,316.12506103515625,313.18817138671875,314.00665283203125,8397233
2022-09-08,316.7991027832031,318.33978271484375,315.354736328125,317.6657409667969,11331350
2022-09-09,318.33978271484375,320.93963623046875,317.76202392578125,318.2434997558594,9770432
2022-09-12,319.6878662109375,320.0730285644531,317.76202392578125,318.628662109375,9048240
2022-09-13,319.39898681640625,322.57659912109375,318.33978271484375,321.9988708496094,10925371
2022-09-14,318.7249450683594,326.4282531738281,318.6767883300781,322.91363525390625,12739464
2022-09-15,323.9246826171875,324.55059814453125,320.5544738769531,321.7099914550781,8742900
2022-09-16,320.0248718261719,322.1914367675781,317.47314453125,319.0138244628906,12973988
2022-09-19,316.8954162597656,324.4061584472656,316.8954162597656,323.15435791015625,14918717
2022-09-20,326.1875305175781,327.0060119628906,322.57659912109375,323.5395202636719,9892945
2022-09-21,323.5395202636719,332.3983459472656,323.0580749511719,328.3059387207031,21800547
2022-09-22,328.3540954589844,335.8166809082031,328.2578125,332.25390625,25111230
2022-09-23,334.613037109375,336.5870361328125,330.5688171386719,333.5538330078125,23718397
2022-09-26,332.0613098144531,333.1205139160156,319.4471435546875,320.265625,16829922
2022-09-27,322.57659912109375,326.9578857421875,321.6136779785156,322.4321594238281,10375837
2022-09-28,319.63970947265625,320.93963623046875,312.2734069824219,312.8993225097656,16151900
2022-09-29,316.7991027832031,322.4803161621094,315.595458984375,320.69891357421875,18985406
2022-09-30,320.69891357421875,323.2987976074219,317.9064636230469,319.88043212890625,12906555
2022-10-03,320.5544738769531,320.6507873535156,311.2623596191406,312.36968994140625,9462192
2022-10-04,316.51025390625,321.6136779785156,315.8362121582031,320.50634765625,9142294
2022-10-06,322.57659912109375,326.7171325683594,320.21746826171875,324.1654052734375,23091432
2022-10-07,324.3098449707031,324.3580017089844,319.0138244628906,321.7099914550781,10910698
2022-10-10,317.76202392578125,319.15826416015625,313.9585266113281,315.6917724609375,9750594
2022-10-11,316.7991027832031,318.1953430175781,313.0437316894531,314.1992492675781,11018577
2022-10-12,315.7880554199219,319.15826416015625,312.70672607421875,317.8583068847656,10735673
2022-10-13,317.7138977050781,319.0138244628906,315.8362121582031,316.46209716796875,7546587
2022-10-14,319.97674560546875,321.51739501953125,318.58050537109375,319.7841491699219,6672357
2022-10-17,318.82122802734375,322.33587646484375,317.3768615722656,319.9285888671875,7195922
2022-10-18,321.5655517578125,328.3540954589844,321.1803894042969,327.6800537109375,21691854
2022-10-19,330.376220703125,334.5649108886719,327.1986083984375,333.5057067871094,16923690
2022-10-20,334.131591796875,337.93511962890625,332.01318359375,336.7314758300781,19186222
2022-10-21,340.1016540527344,340.1016540527344,331.72430419921875,332.78350830078125,28426343
2022-10-24,336.00927734375,336.7314758300781,334.131591796875,334.8056335449219,3292671
2022-10-25,336.49072265625,336.53887939453125,330.90582275390625,333.4575500488281,17906260
2022-10-27,333.7945556640625,335.4315185546875,331.0984191894531,332.9761047363281,19273344
2022-10-28,334.66119384765625,335.6722412109375,332.30206298828125,332.9761047363281,13572499
2022-10-31,335.0945129394531,337.5018005371094,331.96502685546875,335.7685546875,14358449
2022-11-01,336.29815673828125,337.5018005371094,334.3241882324219,336.53887939453125,20422565
2022-11-02,335.5759582519531,343.0385437011719,335.5759582519531,341.4978942871094,17427813
2022-11-03,340.87200927734375,345.2051086425781,339.9090881347656,340.5831298828125,11149636
2022-11-04,340.87200927734375,342.7978210449219,339.4276123046875,340.48681640625,8709851
2022-11-07,341.83489990234375,343.1348571777344,337.02032470703125,340.3905334472656,10437370
2022-11-09,340.3905334472656,348.04571533203125,340.1016540527344,347.3235168457031,21404869
2022-11-10,345.68658447265625,346.5531921386719,340.9682922363281,342.7978210449219,20071989
2022-11-11,346.64947509765625,347.56427001953125,341.4978942871094,343.1348571777344,11372654
2022-11-14,343.1348571777344,343.71258544921875,333.7464294433594,334.3241882324219,18319254
2022-11-15,336.00927734375,336.00927734375,326.57269287109375,332.4465026855469,16046491
2022-11-16,332.8797912597656,333.9871520996094,328.97998046875,331.3391418457031,7897812
2022-11-17,331.3391418457031,334.5649108886719,329.894775390625,330.9539794921875,10379179
2022-11-18,330.9539794921875,331.96502685546875,327.1986083984375,328.4022521972656,8140173
2022-11-21,326.5245666503906,327.39117431640625,321.9988708496094,324.69500732421875,9553090
2022-11-22,324.50244140625,328.3540954589844,323.2506408691406,327.63189697265625,6746019
2022-11-23,329.3170166015625,329.3170166015625,324.98388671875,327.1986083984375,8067471
2022-11-24,327.1986083984375,329.7984619140625,325.03204345703125,328.1133728027344,8454385
2022-11-25,328.3540954589844,329.2207336425781,325.27276611328125,327.6800537109375,7200274
2022-11-28,327.39117431640625,329.0762939453125,326.1875305175781,327.4393310546875,10284123
2022-11-29,327.39117431640625,332.20574951171875,327.39117431640625,329.60589599609375,10582296
2022-11-30,328.5948181152344,331.38726806640625,326.4282531738281,327.39117431640625,23425220
2022-12-01,329.02813720703125,329.02813720703125,324.3098449707031,326.9578857421875,17270904
2022-12-02,326.7652893066406,328.1615295410156,324.26171875,324.6468811035156,8711914
2022-12-05,325.1283264160156,326.2838439941406,321.75811767578125,324.26171875,10090597
2022-12-06,321.7099914550781,325.6579284667969,321.7099914550781,324.79132080078125,6571118
2022-12-07,325.9468078613281,328.8355407714844,324.1654052734375,327.48748779296875,10191144
2022-12-08,327.5837707519531,329.4614562988281,324.98388671875,325.85052490234375,6439244
2022-12-09,327.15045166015625,329.7984619140625,325.4653625488281,328.7392578125,8445424
2022-12-12,328.3540954589844,331.24285888671875,327.48748779296875,330.4725036621094,11646572
2022-12-13,331.72430419921875,333.1686706542969,329.7021789550781,332.78350830078125,11105261
2022-12-14,333.1686706542969,334.4685974121094,331.0021057128906,332.5909118652344,7664099
2022-12-15,331.96502685546875,333.26495361328125,325.4653625488281,326.2838439941406,8469001
2022-12-16,324.98388671875,326.33197021484375,319.0138244628906,322.67291259765625,12907968
2022-12-19,324.3098449707031,329.6540222167969,322.91363525390625,327.8726501464844,8113695
2022-12-20,327.4393310546875,328.3059387207031,324.26171875,327.5356140136719,5693354
2022-12-21,328.3540954589844,328.5948181152344,322.09515380859375,322.7210388183594,7316532
2022-12-22,323.2025146484375,324.8876037597656,317.6657409667969,320.1211853027344,6838031
2022-12-23,318.628662109375,319.5915832519531,313.28448486328125,314.58441162109375,10461859
2022-12-26,314.3918151855469,322.67291259765625,313.4289245605469,322.1914367675781,9934633
2022-12-27,323.15435791015625,323.9246826171875,317.9064636230469,320.79522705078125,6986433
2022-12-28,320.50634765625,322.57659912109375,319.2063903808594,321.9988708496094,8035558
2022-12-29,321.9507141113281,323.2987976074219,319.2545471191406,322.91363525390625,8417520
2022-12-30,322.9617614746094,324.26171875,318.2434997558594,319.2545471191406,7228324
2023-01-02,318.628662109375,321.6136779785156,317.4250183105469,320.50634765625,6181118
2023-01-03,319.2063903808594,320.98779296875,318.00274658203125,318.82122802734375,6228015
2023-01-04,319.5434265136719,320.1693115234375,313.9103698730469,314.873291015625,6947412
2023-01-05,316.46209716796875,321.51739501953125,316.0287780761719,321.0840759277344,8486143
2023-01-06,322.2877197265625,325.03204345703125,320.7470703125,322.624755859375,8603181
2023-01-09,324.45428466796875,328.6429748535156,323.6839599609375,325.51348876953125,11027747
2023-01-10,325.3690490722656,325.85052490234375,320.21746826171875,321.03594970703125,7217255
2023-01-11,322.67291259765625,322.67291259765625,319.0138244628906,319.4952697753906,4760847
2023-01-12,321.03594970703125,321.228515625,315.9324951171875,317.6175842285156,6894087
2023-01-13,317.6175842285156,319.9285888671875,314.2955322265625,316.5583801269531,14967746
2023-01-16,318.09906005859375,319.88043212890625,315.40289306640625,317.9546203613281,8571826
2023-01-17,317.9546203613281,321.1322326660156,316.8954162597656,319.9285888671875,14240647
2023-01-18,321.6136779785156,324.0691223144531,320.0730285644531,322.2395935058594,13039078
2023-01-19,321.6136779785156,323.2025146484375,319.350830078125,319.8323059082031,8667564
2023-01-20,319.6878662109375,322.7691955566406,317.03985595703125,322.1914367675781,13608325
2023-01-23,323.5395202636719,325.60980224609375,320.69891357421875,325.224609375,7399204
2023-01-24,325.27276611328125,328.1133728027344,325.0802001953125,326.380126953125,12776694
2023-01-25,326.33197021484375,328.3540954589844,322.81732177734375,326.66900634765625,12978859
2023-01-27,329.1244201660156,335.9129943847656,328.8355407714844,333.1686706542969,21850457
2023-01-30,334.0353088378906,338.7054443359375,329.1725769042969,332.01318359375,14634225
2023-01-31,333.1686706542969,341.83489990234375,328.4022521972656,339.2831726074219,17794183
2023-02-01,339.9090881347656,352.1380920410156,316.8954162597656,347.99755859375,67003785
2023-02-02,348.1901550292969,370.4335021972656,347.03466796875,364.5597229003906,57892084
2023-02-03,367.7373352050781,368.0743408203125,358.2044677734375,366.53369140625,23153980
2023-02-06,368.3150939941406,373.8037109375,365.5226135253906,369.18170166015625,26783409
2023-02-07,369.66314697265625,369.66314697265625,354.7861328125,359.4081115722656,21438758
2023-02-08,360.85247802734375,363.30792236328125,357.7711486816406,361.6228332519531,10821785
2023-02-09,360.13031005859375,365.9078063964844,358.3489074707031,360.37103271484375,12318006
2023-02-10,358.3970642089844,362.97088623046875,356.5675048828125,357.5785827636719,10674456
2023-02-13,359.1673889160156,361.2376403808594,356.27862548828125,360.3228759765625,10282470
2023-02-14,361.0932312011719,373.27410888671875,359.8895568847656,372.11859130859375,30246745
2023-02-15,367.5928955078125,368.652099609375,364.5115661621094,368.0262145996094,12679568
2023-02-16,367.8336181640625,370.9631042480469,366.8706970214844,368.36322021484375,10151755
2023-02-17,366.9188537597656,370.2890625,365.18560791015625,369.18170166015625,7967611
2023-02-20,370.4335021972656,373.1296691894531,367.1595764160156,369.8075866699219,8105569
2023-02-21,370.7223815917969,371.5889892578125,367.54473876953125,368.0743408203125,8577674
2023-02-22,367.8336181640625,370.6260681152344,365.9078063964844,369.6150207519531,9306194
2023-02-23,370.1927795410156,379.38861083984375,368.892822265625,373.2259521484375,19555814
2023-02-24,374.57403564453125,374.57403564453125,366.8706970214844,370.81866455078125,13407431
2023-02-27,370.81866455078125,372.45562744140625,364.0782470703125,368.0262145996094,8455904
2023-02-28,368.3150939941406,370.00018310546875,361.0932312011719,362.73016357421875,16997837
2023-03-01,360.37103271484375,366.29296875,359.7451477050781,364.656005859375,8065784
2023-03-02,365.42633056640625,365.66705322265625,360.8043518066406,361.6228332519531,5212922
2023-03-03,363.01904296875,371.1075439453125,362.1524353027344,370.6742248535156,8495772
2023-03-06,371.5889892578125,377.9442443847656,370.9631042480469,373.75555419921875,11126980
2023-03-08,373.6111145019531,378.57012939453125,370.81866455078125,377.8479309082031,9261146
2023-03-09,377.55908203125,379.0034484863281,371.3482666015625,373.1296691894531,10005328
2023-03-10,372.6000671386719,375.7295227050781,369.2779846191406,373.6111145019531,8684320
2023-03-13,374.7666015625,376.403564453125,368.3150939941406,369.42242431640625,9130473
2023-03-14,371.39642333984375,372.11859130859375,363.2116394042969,365.6189270019531,10623744
2023-03-15,366.8706970214844,370.04833984375,363.9819641113281,365.3300476074219,8748113
2023-03-16,366.48553466796875,368.170654296875,362.8746032714844,367.30401611328125,16315136
2023-03-17,370.7223815917969,370.7223815917969,355.9416198730469,361.6228332519531,50787703
2023-03-20,359.4562683105469,365.2818908691406,358.2044677734375,364.7522888183594,10512002
2023-03-21,364.7522888183594,364.7522888183594,360.1784362792969,362.97088623046875,12057999
2023-03-22,362.97088623046875,364.8004455566406,360.3228759765625,363.7412414550781,4958761
2023-03-23,363.01904296875,368.5558166503906,360.5154724121094,366.53369140625,10127917
2023-03-24,367.3521728515625,368.7965393066406,363.9819641113281,364.656005859375,10317108
2023-03-27,363.9338073730469,370.1446228027344,362.3931579589844,366.1003723144531,11232922
2023-03-28,366.1003723144531,368.170654296875,364.12640380859375,365.66705322265625,9523719
2023-03-29,366.1003723144531,369.75946044921875,363.1634826660156,368.5558166503906,10551626
2023-03-31,367.8336181640625,370.24090576171875,365.9078063964844,369.2779846191406,9877493
2023-04-03,369.75946044921875,369.75946044921875,364.4634094238281,364.84857177734375,7331070
2023-04-05,364.84857177734375,372.69635009765625,364.84857177734375,372.0704650878906,12055499
2023-04-06,372.3111877441406,375.8258056640625,369.9520263671875,372.9852294921875,13394394
2023-04-10,372.9852294921875,375.5369567871094,370.48162841796875,374.1407165527344,7044256
2023-04-11,374.1407165527344,383.3365478515625,373.6111145019531,381.3144226074219,18939829
2023-04-12,382.9995422363281,383.0476989746094,377.55908203125,378.9552917480469,10122932
2023-04-13,380.8329772949219,381.8921813964844,379.0997314453125,380.92926025390625,6292395
2023-04-17,378.32940673828125,387.0919189453125,378.32940673828125,385.310546875,11466474
2023-04-18,385.1661071777344,387.0919189453125,382.27734375,383.7217102050781,9860308
2023-04-19,381.3625793457031,386.4660339355469,381.3144226074219,383.96246337890625,10119480
2023-04-20,385.1661071777344,387.71783447265625,382.9513854980469,385.4549865722656,6924577
2023-04-21,385.4549865722656,393.83233642578125,384.2513427734375,393.1101379394531,14801099
2023-04-24,394.7952575683594,394.7952575683594,389.2103271484375,393.54345703125,6212135
2023-04-25,393.54345703125,398.2135925292969,392.2916564941406,396.28778076171875,9180650
2023-04-26,396.7210693359375,397.6839904785156,393.8804931640625,396.9618225097656,7914219
2023-04-27,396.9136657714844,401.92083740234375,395.7581787109375,400.57275390625,13100076
2023-04-28,402.4985656738281,412.3684387207031,398.3580322265625,409.7685852050781,13208557
2023-05-02,410.201904296875,411.164794921875,405.57989501953125,408.7093811035156,10648421
2023-05-03,408.27606201171875,412.60919189453125,406.39837646484375,411.3092346191406,7607609
2023-05-04,409.5278625488281,411.164794921875,408.27606201171875,408.85382080078125,8292456
2023-05-05,410.15374755859375,415.8830871582031,408.61309814453125,412.84991455078125,12890455
2023-05-08,415.0164794921875,417.3756103515625,413.42767333984375,415.44976806640625,7522610
2023-05-09,416.7497253417969,417.08673095703125,405.8687744140625,408.0834655761719,10377820
2023-05-10,408.2279052734375,410.5389099121094,406.5428161621094,409.57598876953125,10130159
2023-05-11,411.4055480957031,411.54998779296875,403.3652038574219,404.8095703125,16597954
2023-05-12,404.8095703125,407.0242614746094,400.6208801269531,404.85772705078125,11564770
2023-05-15,404.4244079589844,412.8017578125,403.5096435546875,411.9351501464844,9503538
2023-05-16,414.0535583496094,414.0535583496094,407.79461669921875,408.2279052734375,8302077
2023-05-17,408.4205017089844,413.04248046875,406.927978515625,411.7425537109375,9844782
2023-05-18,414.0535583496094,416.4126892089844,402.5948791503906,404.1355285644531,24919291
2023-05-19,405.33917236328125,407.4094543457031,396.0951843261719,404.27996826171875,26759905
2023-05-22,406.3020935058594,409.9611511230469,403.5577697753906,408.9982604980469,16015615
2023-05-23,410.201904296875,415.20904541015625,408.4686584472656,413.2350769042969,9068926
2023-05-24,412.4165954589844,418.6274108886719,411.164794921875,417.42376708984375,11921823
2023-05-25,420.7458190917969,426.0418395996094,418.675537109375,424.7900695800781,18905572
2023-05-26,426.95660400390625,428.2565612792969,423.2012634277344,427.1492004394531,13496209
2023-05-29,428.4972839355469,435.04510498046875,427.6306457519531,432.4452209472656,20589822
2023-05-30,424.6456298828125,434.7080993652344,424.6456298828125,433.215576171875,19627897
2023-05-31,432.6378173828125,435.2377014160156,426.0418395996094,428.9787292480469,14821960
2023-06-01,430.4231262207031,430.4231262207031,422.71978759765625,423.3938293457031,9142172
2023-06-02,423.6827087402344,428.4010009765625,423.4901123046875,426.95660400390625,9558309
2023-06-05,428.4972839355469,430.2786865234375,423.77899169921875,424.30859375,7427630
2023-06-06,424.4530334472656,427.1492004394531,424.06787109375,426.3788757324219,6703067
2023-06-07,427.53436279296875,429.1231689453125,426.3307189941406,427.4862365722656,7833952
2023-06-08,429.17132568359375,429.219482421875,425.5122375488281,426.47515869140625,7294955
2023-06-09,419.0125732421875,428.2084045410156,419.0125732421875,422.190185546875,7329661
2023-06-12,423.6827087402344,424.59747314453125,417.7607727050781,420.7458190917969,9054977
2023-06-13,424.6456298828125,429.8453674316406,422.0457458496094,428.8824462890625,16732376
2023-06-14,429.700927734375,431.1452941894531,427.29364013671875,428.0158386230469,9039402
2023-06-15,428.4972839355469,432.10821533203125,428.2565612792969,431.4823303222656,7787525
2023-06-16,432.34893798828125,438.7041931152344,431.28973388671875,436.2969055175781,12181426
2023-06-19,437.8857116699219,438.9930725097656,435.4784240722656,436.7783508300781,4350517
2023-06-20,437.933837890625,437.933837890625,433.456298828125,436.0561828613281,4644353
2023-06-21,435.2377014160156,437.3561096191406,428.5454406738281,430.47125244140625,6292873
2023-06-22,431.3860168457031,432.974853515625,429.3157653808594,431.04901123046875,6892713
2023-06-23,430.9045715332031,431.04901123046875,426.2825927734375,428.2565612792969,6325479
2023-06-26,430.3268127441406,434.6599426269531,427.53436279296875,429.17132568359375,5688287
2023-06-27,429.5564880371094,430.6156921386719,426.71588134765625,428.59356689453125,5052984
2023-06-28,428.4972839355469,433.8896179199219,428.0158386230469,432.68597412109375,12548096
2023-06-30,433.3118591308594,435.1895446777344,430.0379333496094,434.8525390625,9456776
2023-07-03,434.8525390625,448.67034912109375,433.3600158691406,446.07049560546875,11111199
2023-07-04,447.7555847167969,450.64434814453125,442.7484436035156,449.0555114746094,8022597
2023-07-05,449.0555114746094,462.8252258300781,447.08154296875,457.48101806640625,16878943
2023-07-06,459.6475830078125,459.69573974609375,453.0516357421875,456.3255310058594,9835812
2023-07-07,455.45892333984375,457.8662109375,450.2591552734375,451.0295104980469,7605499
2023-07-10,452.5701599121094,453.4367980957031,446.5037841796875,448.5740661621094,6772454
2023-07-11,448.718505859375,456.951416015625,448.718505859375,455.6033630371094,8783282
2023-07-12,460.0327453613281,460.0327453613281,453.00347900390625,454.7848815917969,12816220
2023-07-13,456.3255310058594,459.0698547363281,453.5330810546875,454.4960021972656,8214385
2023-07-14,455.45892333984375,457.3847351074219,453.8700866699219,455.36260986328125,5277090
2023-07-17,456.9032897949219,458.1550598144531,453.1479187011719,454.8330078125,6325310
2023-07-18,455.0256042480469,456.6144104003906,453.5330810546875,454.9774475097656,5558415
2023-07-19,455.2181701660156,462.63262939453125,450.7406311035156,461.09197998046875,14401395
2023-07-20,462.10302734375,475.3912658691406,458.63653564453125,473.89874267578125,21030102
2023-07-21,473.56170654296875,479.242919921875,468.9397277832031,472.26177978515625,14510084
2023-07-24,475.1505126953125,481.16876220703125,450.78875732421875,453.8700866699219,40477929
2023-07-25,450.54803466796875,451.12579345703125,438.5115966796875,445.1557312011719,45211370
2023-07-26,447.6593017578125,455.45892333984375,444.91497802734375,454.7367248535156,18842179
2023-07-27,456.8070068359375,457.5291748046875,444.0002136230469,447.8037414550781,14528232
2023-07-28,450.35546875,452.0405578613281,446.2149353027344,451.07763671875,10362522
2023-07-31,451.60723876953125,452.2812805175781,446.31121826171875,448.42962646484375,8510403
2023-08-01,448.718505859375,451.4627990722656,446.60009765625,447.5630187988281,6686176
2023-08-02,447.37042236328125,447.5630187988281,441.0151672363281,443.03729248046875,10715605
2023-08-03,443.03729248046875,446.55194091796875,437.452392578125,439.13751220703125,11026824
2023-08-04,439.37823486328125,444.2890930175781,437.40423583984375,438.0782775878906,7097614
2023-08-07,437.25982666015625,439.61895751953125,434.22662353515625,438.0301513671875,9513953
2023-08-08,440.0522766113281,440.0522766113281,434.3229064941406,435.57470703125,6638681
2023-08-09,435.57470703125,442.8447265625,430.3268127441406,441.6410827636719,10134166
2023-08-10,441.8818054199219,442.2669677734375,432.34893798828125,434.9969482421875,13702317
2023-08-11,437.0672302246094,437.0672302246094,428.2565612792969,432.10821533203125,12028396
2023-08-14,432.10821533203125,434.5155029296875,428.5454406738281,432.5415344238281,7854074
2023-08-16,434.2747802734375,440.43743896484375,431.57861328125,433.5525817871094,15494896
2023-08-17,433.3118591308594,433.3118591308594,423.6827087402344,424.6456298828125,16896158
2023-08-18,424.6456298828125,426.9084777832031,422.23834228515625,425.2715148925781,20068497
2023-08-21,425.6085510253906,431.86749267578125,424.9826354980469,431.1934509277344,9940689
2023-08-22,432.34893798828125,438.2708740234375,430.4231262207031,437.40423583984375,10234488
2023-08-23,438.7041931152344,438.7523193359375,431.9637756347656,433.74517822265625,8770272
2023-08-24,433.8896179199219,436.68206787109375,432.6378173828125,434.1784973144531,6322751
2023-08-25,434.1784973144531,434.2747802734375,425.65667724609375,426.9084777832031,9628041
2023-08-28,428.4972839355469,430.2786865234375,424.6456298828125,425.0307922363281,7176903
2023-08-29,426.5233154296875,427.53436279296875,422.9123840332031,423.77899169921875,9845106
2023-08-30,424.6456298828125,427.53436279296875,424.1641540527344,426.3788757324219,7648569
2023-08-31,426.5714416503906,428.4010009765625,419.9273376464844,423.3938293457031,20666732
2023-09-01,423.6827087402344,428.4972839355469,422.0457458496094,424.6937561035156,11879159
2023-09-04,426.9084777832031,426.9084777832031,420.4569396972656,421.2754211425781,14128562
2023-09-05,422.6235046386719,428.0158386230469,422.23834228515625,426.6677551269531,8701612
2023-09-06,427.4862365722656,431.86749267578125,425.6085510253906,430.8564147949219,13358433
2023-09-07,432.1563720703125,432.34893798828125,428.11212158203125,429.3639221191406,8401953
2023-09-08,431.28973388671875,431.28973388671875,425.464111328125,426.23443603515625,10322317
2023-09-11,429.460205078125,431.4823303222656,426.23443603515625,430.6156921386719,9679540
2023-09-12,432.2526550292969,437.452392578125,429.0750427246094,434.4192199707031,14961276
2023-09-13,435.4302673339844,440.0522766113281,434.3710632324219,436.68206787109375,12268130
2023-09-14,438.9930725097656,438.9930725097656,430.56756591796875,433.2637023925781,14986708
2023-09-15,431.4341735839844,435.333984375,430.4231262207031,431.7230529785156,15657801
2023-09-18,431.7230529785156,437.16351318359375,429.65277099609375,435.28582763671875,8513132
2023-09-20,434.9488220214844,438.22271728515625,432.8785400390625,436.1524658203125,10343224
2023-09-21,436.0080261230469,436.7301940917969,428.0158386230469,430.9045715332031,11132308
2023-09-22,430.9045715332031,431.7712097167969,425.8492736816406,426.6677551269531,7795399
2023-09-25,426.6677551269531,428.3046875,422.0939025878906,426.186279296875,6005673
2023-09-26,427.1492004394531,428.0158386230469,423.3938293457031,426.0418395996094,5533023
2023-09-27,426.0418395996094,433.1192626953125,422.5272216796875,432.4933776855469,10894817
2023-09-28,433.2637023925781,433.2637023925781,423.29754638671875,424.4049072265625,10610213
2023-09-29,425.6085510253906,429.0750427246094,422.9123840332031,427.9195251464844,8474326
2023-10-03,424.6456298828125,426.47515869140625,422.96051025390625,423.4419860839844,7770032
2023-10-04,423.4419860839844,425.3196716308594,417.2311706542969,419.9273376464844,13912656
2023-10-05,423.6827087402344,424.1641540527344,418.9162902832031,419.8791809082031,10416552
2023-10-06,421.6124267578125,427.1492004394531,420.4569396972656,425.7529602050781,8742804
2023-10-09,424.59747314453125,426.7640380859375,421.0346984863281,424.11602783203125,5827256
2023-10-10,424.11602783203125,428.35284423828125,424.11602783203125,427.9195251464844,5207891
2023-10-11,430.6156921386719,432.7822570800781,428.3046875,431.62677001953125,7946195
2023-10-12,432.974853515625,435.7191467285156,429.6046447753906,433.98590087890625,12227957
2023-10-13,433.16741943359375,435.04510498046875,430.4231262207031,431.7230529785156,7926432
2023-10-16,431.3860168457031,434.2747802734375,429.65277099609375,432.3008117675781,4377288
2023-10-17,433.1192626953125,437.6449890136719,432.34893798828125,436.6339111328125,7203352
2023-10-18,437.40423583984375,441.207763671875,434.2747802734375,434.9006652832031,7160492
2023-10-19,433.0711364746094,438.0301513671875,430.2786865234375,433.697021484375,9830006
2023-10-20,428.4972839355469,432.34893798828125,421.1309814453125,422.0457458496094,13521824
2023-10-23,421.7568664550781,423.6345520019531,417.0386047363281,419.7347412109375,7555671
2023-10-25,420.6976623535156,421.7568664550781,411.21295166015625,416.6534118652344,11308597
2023-10-26,413.6202392578125,420.4087829589844,413.6202392578125,418.24224853515625,19525305
2023-10-27,418.24224853515625,420.60137939453125,416.1719665527344,417.66448974609375,13638258
2023-10-30,418.434814453125,420.9383850097656,412.4647521972656,414.48687744140625,7911426
2023-10-31,414.0535583496094,417.2793273925781,412.03143310546875,412.51287841796875,8952141
2023-11-01,414.0535583496094,415.1127624511719,409.7204284667969,412.2240295410156,8297973
2023-11-02,414.1017150878906,416.6534118652344,412.7536315917969,415.1609191894531,8465990
2023-11-03,416.7497253417969,418.2903747558594,415.1127624511719,417.1830139160156,14334179
2023-11-06,417.42376708984375,420.60137939453125,416.5090026855469,419.20513916015625,7589690
2023-11-07,418.7718505859375,418.7718505859375,416.1238098144531,416.6534118652344,5321353
2023-11-08,417.08673095703125,421.2754211425781,416.26824951171875,420.7458190917969,7248663
2023-11-09,421.5643005371094,421.7568664550781,417.8089294433594,418.2903747558594,8085620
2023-11-10,418.2903747558594,421.7568664550781,416.4608459472656,420.36065673828125,4236307
2023-11-13,422.14202880859375,422.14202880859375,418.8681335449219,419.8310546875,3888975
2023-11-15,421.8531799316406,426.0899963378906,421.2754211425781,425.5603942871094,7722827
2023-11-16,425.5603942871094,428.0158386230469,421.3717041015625,422.3827819824219,11276031
2023-11-17,422.96051025390625,425.1270751953125,422.0457458496094,422.96051025390625,6911592
2023-11-20,423.53826904296875,423.9715881347656,418.3866882324219,420.60137939453125,4502356
2023-11-21,420.9383850097656,423.0086669921875,419.3495788574219,420.07177734375,6228803
2023-11-22,420.7939758300781,424.06787109375,418.675537109375,423.3938293457031,5074887
2023-11-23,424.59747314453125,425.8492736816406,421.99761962890625,424.01971435546875,6611803
2023-11-24,424.6456298828125,425.8492736816406,420.6495361328125,421.5643005371094,7084608
2023-11-28,421.7568664550781,422.71978759765625,418.7718505859375,419.1088562011719,9082513
2023-11-29,419.8310546875,422.23834228515625,418.0496520996094,420.9865417480469,14316126
2023-11-30,420.5050964355469,422.190185546875,418.3866882324219,419.6384582519531,15710110
2023-12-01,421.66058349609375,434.22662353515625,421.17913818359375,433.1192626953125,20081576
2023-12-04,438.1264343261719,439.4745178222656,434.2747802734375,437.211669921875,13293194
2023-12-05,438.1264343261719,440.8226013183594,433.40814208984375,434.9969482421875,12603697
2023-12-06,437.0672302246094,447.2741394042969,435.333984375,446.07049560546875,21203900
2023-12-07,447.5148620605469,447.5630187988281,440.43743896484375,441.1114807128906,11746535
2023-12-08,442.8928527832031,444.481689453125,431.86749267578125,432.4933776855469,19386851
2023-12-11,434.7562255859375,436.7783508300781,432.6378173828125,435.6709899902344,6854157
2023-12-12,437.3561096191406,442.9410095214844,435.57470703125,436.2969055175781,10549319
2023-12-13,439.37823486328125,441.8336486816406,436.2969055175781,438.7523193359375,11718443
2023-12-14,442.9410095214844,443.9039306640625,432.7822570800781,443.03729248046875,14924265
2023-12-15,444.7705383300781,445.7816162109375,438.1264343261719,441.207763671875,16397959
2023-12-18,438.1264343261719,439.08935546875,433.64886474609375,434.9006652832031,12490839
2023-12-19,436.5376281738281,441.0151672363281,435.28582763671875,439.1856384277344,10664235
2023-12-20,441.97808837890625,442.21881103515625,432.6378173828125,434.2747802734375,10766954
2023-12-21,432.34893798828125,436.92279052734375,427.9676818847656,434.7080993652344,11584223
2023-12-22,436.2005920410156,438.9930725097656,433.8414611816406,438.31903076171875,11450973
2023-12-26,439.13751220703125,441.8818054199219,437.8375549316406,439.5226745605469,6097422
2023-12-27,440.0522766113281,441.49664306640625,436.92279052734375,440.1485595703125,7833901
2023-12-28,440.2448425292969,447.4667053222656,439.1856384277344,446.88897705078125,21493169
2023-12-29,446.88897705078125,450.54803466796875,444.2409362792969,444.963134765625,13384631
2024-01-01,446.31121826171875,452.52203369140625,445.49273681640625,450.6924743652344,9706230
2024-01-02,452.5701599121094,453.8700866699219,446.4075012207031,452.9071960449219,10924918
2024-01-03,452.8108825683594,462.87335205078125,451.94427490234375,459.5513000488281,24961710
2024-01-04,462.1993103027344,463.5955505371094,456.6144104003906,458.7328186035156,12240910
2024-01-05,461.62158203125,461.62158203125,454.4960021972656,456.3736877441406,9564086
2024-01-08,457.3847351074219,457.8662109375,447.322265625,448.237060546875,8311403
2024-01-09,450.1628723144531,452.52203369140625,446.4556579589844,447.322265625,5916180
2024-01-10,447.322265625,449.4407043457031,442.9891662597656,446.1186218261719,6123200
2024-01-11,446.88897705078125,449.24810791015625,444.0002136230469,445.49273681640625,6786448
2024-01-12,446.07049560546875,450.35546875,443.2780456542969,449.3925476074219,9714589
2024-01-15,452.5701599121094,453.0516357421875,448.8147888183594,450.2591552734375,7167978
2024-01-16,450.4517517089844,457.3847351074219,447.0334167480469,454.7848815917969,12531058
2024-01-17,453.9182434082031,459.3105773925781,447.94818115234375,449.2962646484375,11536527
2024-01-18,447.9963073730469,450.4999084472656,437.693115234375,448.237060546875,9495938
2024-01-19,451.1739501953125,455.45892333984375,449.1036682128906,454.0145263671875,12673308
2024-01-23,456.18109130859375,456.18109130859375,439.4745178222656,442.2669677734375,8728196
2024-01-24,443.03729248046875,450.06658935546875,441.1114807128906,446.4075012207031,22459072
2024-01-25,446.359375,447.7074279785156,435.333984375,438.7523193359375,20435547
2024-01-29,438.9930725097656,440.2929992675781,430.9045715332031,433.1192626953125,18557346
2024-01-30,430.4231262207031,436.8746337890625,421.17913818359375,421.8050231933594,45190319
2024-01-31,423.6827087402344,426.0899963378906,422.430908203125,425.17523193359375,20648695
2024-02-01,425.6085510253906,431.1452941894531,423.0086669921875,426.47515869140625,19903526
2024-02-02,428.4972839355469,430.6156921386719,423.2012634277344,423.77899169921875,17816750
2024-02-05,425.6085510253906,427.1973571777344,420.36065673828125,421.8050231933594,12505666
2024-02-06,423.6827087402344,424.54931640625,413.57208251953125,415.4016418457031,19487043
2024-02-07,418.8681335449219,418.8681335449219,414.8238830566406,415.78680419921875,13376903
2024-02-08,413.09063720703125,413.1869201660156,393.4471740722656,399.176513671875,50039587
2024-02-09,394.89154052734375,408.4686584472656,393.4471740722656,400.0912780761719,33527317
2024-02-12,402.06524658203125,402.4985656738281,390.9917297363281,391.7620544433594,11326971
2024-02-13,391.8102111816406,395.5655822753906,388.3437194824219,391.665771484375,16207766
2024-02-14,390.943603515625,396.9618225097656,389.4029235839844,396.28778076171875,12618012
2024-02-15,397.6839904785156,399.176513671875,388.19927978515625,388.9214782714844,21169031
2024-02-16,389.9806823730469,394.3619384765625,384.5883483886719,389.59552001953125,38963810
2024-02-19,389.9806823730469,397.4432678222656,389.59552001953125,394.07305908203125,17602580
2024-02-20,395.22857666015625,395.22857666015625,389.306640625,391.0398864746094,14626643
2024-02-21,391.906494140625,394.89154052734375,386.4178771972656,388.3918762207031,20162369
2024-02-22,391.8102111816406,399.7542724609375,388.4881591796875,399.0802307128906,19321180
2024-02-23,400.4764404296875,400.4764404296875,395.2767028808594,396.1433410644531,11576964
2024-02-26,395.8544616699219,397.7321472167969,392.19537353515625,394.0249328613281,8289561
2024-02-27,394.7952575683594,397.4432678222656,393.3990173339844,395.902587890625,8083518
2024-02-28,395.902587890625,397.05810546875,391.71392822265625,393.1582946777344,8949664
2024-02-29,393.83233642578125,395.8063049316406,389.49920654296875,391.2324523925781,15468800
2024-03-01,393.7360534667969,397.82843017578125,392.3879699707031,394.31378173828125,12873024
2024-03-04,396.9618225097656,397.6358642578125,393.302734375,393.9286193847656,7103794
2024-03-05,394.4582214355469,396.1433410644531,388.9696044921875,391.0880126953125,10108373
2024-03-06,391.425048828125,394.7471008300781,385.84014892578125,392.7249755859375,11534613
2024-03-07,392.7249755859375,399.5616760253906,388.68072509765625,398.2135925292969,23907135
2024-03-11,401.34307861328125,402.7874450683594,392.8694152832031,394.2174987792969,18298683
2024-03-12,391.425048828125,391.425048828125,384.5401916503906,389.4510803222656,36226074
2024-03-13,418.8681335449219,421.7568664550781,405.5317687988281,406.7835388183594,105525827
2024-03-14,406.3020935058594,409.7204284667969,402.4985656738281,404.0873718261719,31949569
2024-03-15,401.7282409667969,412.6573181152344,399.8505554199219,403.5577697753906,76074975
2024-03-18,403.46148681640625,405.09844970703125,401.4393615722656,401.9689636230469,16547358
2024-03-19,402.4985656738281,403.9910888671875,393.54345703125,394.3619384765625,21803126
2024-03-20,394.7952575683594,401.1986389160156,394.3619384765625,400.28387451171875,20364534
2024-03-21,403.46148681640625,406.3502197265625,400.76531982421875,405.6280517578125,19968509
2024-03-22,405.6280517578125,413.7165222167969,405.6280517578125,412.7054748535156,40358503
2024-03-26,409.7685852050781,413.2832336425781,409.7685852050781,411.79071044921875,10669833
2024-03-27,411.164794921875,412.9943542480469,410.63519287109375,412.1277160644531,12698464
2024-03-28,412.1277160644531,417.1830139160156,411.164794921875,412.4647521972656,29009002
2024-04-01,413.1869201660156,415.3534851074219,409.9611511230469,410.8759460449219,9743648
2024-04-02,412.8017578125,412.8017578125,408.85382080078125,410.0574645996094,9194659
2024-04-03,410.201904296875,412.8980712890625,405.3873291015625,409.4315490722656,13152268
2024-04-04,409.7685852050781,411.5018310546875,404.328125,407.0724182128906,19065447
2024-04-05,406.8316955566406,415.6905212402344,404.3762512207031,411.6944274902344,16768902
2024-04-08,412.4165954589844,415.4016418457031,411.8869934082031,413.1869201660156,8844633
2024-04-09,414.48687744140625,415.4979248046875,409.7685852050781,410.5389099121094,6967273
2024-04-10,412.4165954589844,421.5643005371094,409.9611511230469,420.7458190917969,14547618
2024-04-12,418.8681335449219,419.59033203125,412.4165954589844,414.14984130859375,18785009
2024-04-15,412.1277160644531,413.2350769042969,407.21685791015625,410.1055908203125,9083087
2024-04-16,407.5538635253906,411.164794921875,407.5057373046875,410.1055908203125,10357752
2024-04-18,410.201904296875,411.0685119628906,402.16156005859375,403.3170471191406,22133191
2024-04-19,402.4985656738281,410.442626953125,400.57275390625,408.9982604980469,17221280
2024-04-22,411.164794921875,411.7425537109375,407.6501770019531,409.5278625488281,7386048
2024-04-23,409.5278625488281,414.5350036621094,409.33526611328125,413.2832336425781,12484384
2024-04-24,413.33135986328125,414.8238830566406,412.4165954589844,412.9943542480469,6070285
2024-04-25,415.0164794921875,422.0457458496094,413.09063720703125,421.3235778808594,30337038
2024-04-26,422.96051025390625,426.8603210449219,420.2162170410156,423.6827087402344,15342965
2024-04-29,425.6085510253906,426.0418395996094,418.48297119140625,421.949462890625,12075706
2024-04-30,423.6345520019531,424.1641540527344,418.96441650390625,419.4940185546875,12528665
2024-05-02,419.8310546875,426.186279296875,418.72369384765625,422.71978759765625,24123523
2024-05-03,423.7308654785156,423.7308654785156,415.3534851074219,420.26434326171875,23786388
2024-05-06,421.7568664550781,424.11602783203125,417.2793273925781,418.6274108886719,10753860
2024-05-07,420.6976623535156,429.460205078125,419.0606994628906,424.01971435546875,26969062
2024-05-08,424.8863525390625,428.2084045410156,421.949462890625,424.6456298828125,10916481
2024-05-09,423.7308654785156,425.1270751953125,407.6501770019531,409.33526611328125,24314298
2024-05-10,410.683349609375,420.1680603027344,410.683349609375,417.2793273925781,14524604
2024-05-13,417.1830139160156,419.30145263671875,413.57208251953125,415.8349609375,7584217
2024-05-14,414.5350036621094,417.2311706542969,412.6573181152344,413.7646789550781,11423749
2024-05-15,414.7757263183594,417.1830139160156,410.924072265625,411.9351501464844,7856433
2024-05-16,414.0535583496094,416.55712890625,407.21685791015625,415.44976806640625,23911954
2024-05-17,416.36456298828125,421.2754211425781,412.9943542480469,420.11993408203125,11894830
2024-05-21,419.8310546875,420.8902587890625,417.1348876953125,418.675537109375,11175153
2024-05-22,421.1309814453125,425.5603942871094,419.2532958984375,423.58642578125,11036895
2024-05-23,425.0307922363281,428.4010009765625,420.36065673828125,424.9826354980469,27244733
2024-05-24,424.6456298828125,426.0418395996094,419.1570129394531,420.02362060546875,13252938
2024-05-27,422.5272216796875,422.6235046386719,414.72760009765625,415.4979248046875,12282545
2024-05-28,416.07568359375,416.4608459472656,412.3684387207031,413.09063720703125,9668761
2024-05-29,409.7204284667969,416.36456298828125,409.7204284667969,414.96832275390625,10832067
2024-05-30,412.60919189453125,414.96832275390625,406.687255859375,408.1316223144531,21314885
2024-05-31,410.924072265625,413.6202392578125,408.51678466796875,410.63519287109375,29300711
2024-06-03,417.90521240234375,418.7718505859375,412.7536315917969,414.39056396484375,16116836
2024-06-04,410.201904296875,410.49078369140625,387.910400390625,399.8023986816406,47791986
2024-06-05,406.3502197265625,419.8310546875,402.5467224121094,414.3424377441406,28197030
2024-06-06,419.8310546875,421.4679870605469,415.1127624511719,419.2532958984375,32318523
2024-06-07,415.4016418457031,425.2715148925781,415.1127624511719,422.8642272949219,29543660
2024-06-10,423.6827087402344,424.6456298828125,419.6866149902344,420.6976623535156,11872688
2024-06-11,420.7939758300781,421.5643005371094,416.2201232910156,416.9422912597656,13158571
2024-06-12,414.5831604003906,418.2903747558594,414.2461242675781,416.26824951171875,10751658
2024-06-13,420.6976623535156,420.6976623535156,413.8128356933594,414.3424377441406,9641349
2024-06-14,415.0164794921875,415.8830871582031,413.1387939453125,415.1609191894531,9572809
2024-06-18,416.9422912597656,418.0978088378906,412.3203125,412.84991455078125,14641141
2024-06-19,414.0535583496094,414.7757263183594,407.3612976074219,407.9390563964844,11329972
2024-06-20,408.32421875,410.683349609375,405.8687744140625,407.6020202636719,15147549
2024-06-21,409.2389831542969,409.5278625488281,403.0281677246094,404.03924560546875,26176371
2024-06-24,404.4244079589844,408.2279052734375,404.4244079589844,407.6020202636719,9723008
2024-06-25,407.3131408691406,408.27606201171875,404.1836853027344,407.6020202636719,10655609
2024-06-26,407.3131408691406,410.5870666503906,406.39837646484375,408.2279052734375,11511714
2024-06-27,408.2279052734375,411.4055480957031,405.4836120605469,409.8167419433594,38438054
2024-06-28,409.7204284667969,412.1277160644531,407.79461669921875,409.1427001953125,18554411
2024-07-01,410.49078369140625,414.2942810058594,408.9019470214844,413.1387939453125,13391362
2024-07-02,414.0535583496094,414.679443359375,406.87982177734375,409.7204284667969,11177863
2024-07-03,410.2981872558594,413.7165222167969,409.7204284667969,412.4165954589844,7435499
2024-07-04,414.0535583496094,415.4979248046875,411.21295166015625,413.1387939453125,9478861
2024-07-05,413.09063720703125,417.90521240234375,411.7425537109375,417.5682067871094,13427543
2024-07-08,419.0125732421875,428.06396484375,417.5682067871094,427.1492004394531,21311436
2024-07-09,431.0008544921875,438.1264343261719,427.53436279296875,435.8154296875,27489709
2024-07-10,436.8746337890625,438.4634704589844,429.941650390625,434.7080993652344,12065662
2024-07-11,433.3118591308594,442.4595642089844,432.06005859375,441.6410827636719,19556596
2024-07-12,441.6410827636719,446.07049560546875,438.9449157714844,442.0262451171875,19693114
2024-07-15,442.0262451171875,449.1518249511719,440.2448425292969,446.2149353027344,16876907
2024-07-16,446.2630615234375,449.4407043457031,444.2890930175781,448.2851867675781,13497253
2024-07-18,445.82977294921875,453.4367980957031,445.49273681640625,452.8108825683594,21907158
2024-07-19,453.5330810546875,461.62158203125,451.9924011230469,456.951416015625,25939326
2024-07-22,456.99957275390625,461.6697082519531,448.5740661621094,449.24810791015625,18762384
2024-07-23,449.24810791015625,478.95404052734375,449.1036682128906,473.9468688964844,56125835
2024-07-24,477.60595703125,491.7126770019531,472.4543762207031,475.728271484375,43693692
2024-07-25,471.8284606933594,477.60595703125,466.6768798828125,471.78033447265625,18567567
2024-07-26,475.728271484375,487.6202697753906,469.32489013671875,483.5760498046875,21534703
2024-07-29,486.753662109375,487.4277038574219,475.728271484375,477.65411376953125,12978187
2024-07-30,477.89483642578125,479.3392028808594,470.5285339355469,471.732177734375,13891052
2024-07-31,474.1876220703125,479.483642578125,472.3099365234375,476.9800720214844,11982586
2024-08-01,477.55780029296875,478.3281555175781,472.74322509765625,475.3912658691406,12114803
2024-08-02,466.8213195800781,480.9280090332031,466.8213195800781,470.96185302734375,22141163
2024-08-05,462.2474670410156,473.65802001953125,461.7659912109375,467.976806640625,25022076
2024-08-06,468.217529296875,473.4654235839844,466.09912109375,468.26568603515625,14251363
2024-08-07,471.8284606933594,477.2207946777344,469.9989318847656,474.38018798828125,11320399
2024-08-08,475.6801452636719,479.53179931640625,474.2357482910156,476.4023132324219,21349889
2024-08-09,479.53179931640625,479.53179931640625,474.8135070800781,477.5096740722656,9556181
2024-08-12,473.7543029785156,481.4576110839844,473.7543029785156,476.25787353515625,9425644
2024-08-13,477.55780029296875,479.3873596191406,470.14337158203125,471.8284606933594,8056478
2024-08-14,473.7061462402344,480.4947204589844,471.732177734375,473.9468688964844,9609981
2024-08-16,476.1615905761719,485.5018615722656,474.38018798828125,484.00933837890625,13643352
2024-08-19,486.0314636230469,490.4127197265625,481.07244873046875,482.8538513183594,10591508
2024-08-20,482.4205322265625,484.7315368652344,479.242919921875,480.3021240234375,6888634
2024-08-21,481.4576110839844,490.1238708496094,480.5428466796875,486.6573791503906,8801221
2024-08-22,489.0165100097656,489.64239501953125,482.8538513183594,485.8388977050781,8686423
2024-08-23,486.3203430175781,488.1498718261719,481.40948486328125,487.04254150390625,8195369
2024-08-26,487.235107421875,489.16094970703125,483.3834533691406,486.94622802734375,8126402
2024-08-27,488.7276306152344,488.7757873535156,481.4576110839844,482.0353698730469,8260450
2024-08-28,481.8427734375,483.6723327636719,478.0874328613281,478.8577575683594,8081932
2024-08-29,479.53179931640625,488.8720703125,478.9058837890625,486.3684997558594,19389694
2024-08-30,483.3352966308594,490.268310546875,481.65020751953125,483.28717041015625,15523349
2024-09-02,485.3092956542969,493.8792419433594,484.63525390625,491.1349182128906,16497266
2024-09-03,491.1349182128906,496.8161315917969,489.0646667480469,490.509033203125,12481552
2024-09-04,481.4576110839844,491.1349182128906,481.40948486328125,487.5721435546875,8739052
2024-09-05,489.4979553222656,492.91632080078125,488.2461853027344,492.2422790527344,11318636
2024-09-06,493.0126037597656,493.0126037597656,478.71331787109375,483.0945739746094,14245025
2024-09-09,483.3834533691406,493.63848876953125,481.7946472167969,492.7718811035156,14265060
2024-09-10,492.91632080078125,495.9013366699219,489.88311767578125,494.55328369140625,11332248
2024-09-11,493.97552490234375,500.2344665527344,492.9644470214844,495.27545166015625,15497555
2024-09-12,495.9976501464844,501.1973876953125,489.6905517578125,500.2344665527344,19085324
2024-09-13,500.2344665527344,500.7159118652344,493.0126037597656,494.79400634765625,9165077
2024-09-16,496.7679748535156,497.8271789550781,490.79791259765625,492.14599609375,7821668
2024-09-17,492.09783935546875,494.505126953125,487.475830078125,488.92022705078125,10889862
2024-09-18,489.0165100097656,493.39776611328125,486.3684997558594,488.5350341796875,5638729
2024-09-19,491.0867614746094,495.7087707519531,488.6794738769531,489.40167236328125,14461616
2024-09-20,493.0126037597656,498.1642150878906,489.16094970703125,495.3236083984375,24725118
2024-09-23,496.33465576171875,500.1863098144531,494.55328369140625,497.7790222167969,8105508
2024-09-24,497.8271789550781,498.5975036621094,495.0828857421875,496.14208984375,7015487
2024-09-25,496.3828125,500.0419006347656,493.3014831542969,498.3567810058594,8802667
2024-09-26,498.45306396484375,504.3268737792969,497.8271789550781,503.36395263671875,16086557
2024-09-27,500.9566650390625,508.90069580078125,500.9566650390625,503.3157958984375,17916386
2024-09-30,501.2936706542969,504.90460205078125,494.986572265625,498.9345397949219,10936940
2024-10-01,498.9345397949219,500.4751892089844,494.9384460449219,497.0568542480469,5285319
2024-10-03,489.6905517578125,496.57537841796875,489.2572326660156,493.73480224609375,16481353
2024-10-04,491.0867614746094,498.1642150878906,482.95013427734375,484.8759765625,18930962
2024-10-07,488.1980285644531,495.85321044921875,487.9573059082031,491.27935791015625,17114457
2024-10-08,491.0867614746094,493.5422058105469,487.235107421875,489.11279296875,9868331
2024-10-09,490.8941955566406,490.8941955566406,472.3580627441406,473.4654235839844,24874940
2024-10-10,476.9800720214844,477.2689514160156,471.2988586425781,473.8024597167969,13292273
2024-10-11,474.71722412109375,475.6319885253906,469.32489013671875,470.09521484375,14949380
2024-10-14,472.7913818359375,480.4947204589844,470.5285339355469,478.5207214355469,6970606
2024-10-15,479.53179931640625,480.8798828125,476.1615905761719,480.0614013671875,8347216
2024-10-16,477.60595703125,480.35028076171875,474.09130859375,474.9097900390625,6939430
2024-10-17,476.6430358886719,476.6430358886719,469.90264892578125,470.7692565917969,7669729
2024-10-18,470.62481689453125,473.32098388671875,460.6586608886719,468.6508483886719,22616838
2024-10-21,468.6508483886719,469.5174865722656,459.6475830078125,465.7139587402344,7680088
2024-10-22,465.7139587402344,470.2878112792969,462.9696350097656,463.93255615234375,12772970
2024-10-23,463.1622314453125,465.3769226074219,461.7178649902344,462.5363464355469,10553961
2024-10-24,464.1251525878906,464.51031494140625,452.5701599121094,454.2071228027344,13596626
2024-10-25,458.1550598144531,475.19866943359375,456.6144104003906,464.4140319824219,32154050
2024-10-28,464.0769958496094,467.8805236816406,458.34765625,466.1954040527344,8946214
2024-10-29,467.0138854980469,471.0581359863281,463.45111083984375,469.8544921875,7131161
2024-10-30,469.8544921875,474.95794677734375,468.458251953125,473.32098388671875,6640080
2024-10-31,473.7543029785156,474.71722412109375,466.7250061035156,470.6729736328125,8111694
2024-11-01,472.7913818359375,473.8505859375,471.1544189453125,472.1173400878906,1517892
2024-11-04,475.1505126953125,475.1505126953125,461.7659912109375,466.62872314453125,8754385
2024-11-05,465.0399169921875,467.0620422363281,459.2624206542969,462.39190673828125,7610046
2024-11-06,462.39190673828125,466.4361572265625,460.27349853515625,463.2585144042969,11749720
2024-11-07,463.8844299316406,464.7991943359375,458.4439392089844,460.17718505859375,9267980
2024-11-08,460.17718505859375,462.87335205078125,456.99957275390625,460.3216247558594,6325023
2024-11-11,460.3216247558594,463.6436767578125,456.51812744140625,459.2624206542969,5700343
2024-11-12,459.8883361816406,460.225341796875,453.6775207519531,455.3144836425781,5236095
2024-11-13,452.6183166503906,457.0958557128906,450.88507080078125,454.6885681152344,11548660
2024-11-14,453.7256774902344,455.4107666015625,445.1075744628906,448.67034912109375,12087836
2024-11-18,448.718505859375,450.4517517089844,444.8668518066406,449.24810791015625,8448573
2024-11-19,450.64434814453125,456.18109130859375,448.959228515625,450.0184326171875,7121472
2024-11-21,443.9039306640625,446.8408203125,438.5115966796875,440.19671630859375,20313155
2024-11-22,439.28192138671875,458.8291015625,438.6078796386719,457.0477294921875,20214206
2024-11-25,461.23638916015625,464.3177185058594,454.88116455078125,459.11798095703125,14427013
2024-11-26,462.1993103027344,464.75103759765625,456.51812744140625,459.3105773925781,6791715
2024-11-27,459.7920227050781,462.2956237792969,455.45892333984375,459.2624206542969,7339184
2024-11-28,459.3105773925781,465.8583984375,453.0997619628906,457.2884521484375,14967609
2024-11-29,455.6514892578125,461.1401062011719,455.07373046875,459.0698547363281,8668142
2024-12-02,458.34765625,461.5252685546875,455.8440856933594,459.5031433105469,5689595
2024-12-03,448.718505859375,455.8440856933594,445.5890197753906,455.0256042480469,23073942
2024-12-04,456.8070068359375,460.466064453125,449.1036682128906,449.7777099609375,13957078
2024-12-05,450.2110290527344,455.2181701660156,445.3482971191406,450.1628723144531,27432375
2024-12-06,452.5701599121094,457.33660888671875,450.35546875,453.6775207519531,7842234
2024-12-09,454.0145263671875,454.4960021972656,445.7816162109375,447.7074279785156,12154116
2024-12-10,448.0926208496094,449.1518249511719,445.444580078125,448.18890380859375,9163636
2024-12-11,449.8739929199219,450.8369140625,447.4667053222656,447.9963073730469,7005617
2024-12-12,448.237060546875,450.54803466796875,442.1225280761719,443.5187683105469,13380617
2024-12-13,442.9410095214844,456.8070068359375,434.9006652832031,452.5701599121094,32976794
2024-12-16,452.8108825683594,456.8070068359375,450.64434814453125,452.66644287109375,9354160
2024-12-17,452.5701599121094,458.1550598144531,445.8778991699219,452.1368408203125,20608409
2024-12-18,455.1700439453125,456.229248046875,449.5851135253906,453.0516357421875,12841386
2024-12-19,451.60723876953125,456.75885009765625,448.0444641113281,449.24810791015625,15161531
2024-12-20,449.199951171875,450.11474609375,442.2669677734375,447.4185791015625,20231570
2024-12-23,453.7256774902344,459.984619140625,450.2591552734375,456.6625671386719,19562956
2024-12-24,457.2884521484375,462.4400329589844,455.12188720703125,460.706787109375,12009880
2024-12-26,462.7289123535156,463.980712890625,458.34765625,459.2624206542969,9188830
2024-12-27,461.9585876464844,464.02886962890625,458.34765625,460.8512268066406,16906420
2024-12-30,462.9215087890625,463.5955505371094,458.34765625,459.3105773925781,13578360
2024-12-31,460.706787109375,466.6768798828125,456.951416015625,465.7139587402344,13787501
2025-01-01,467.976806640625,468.7952880859375,464.26959228515625,466.0028381347656,18931186
2025-01-02,467.3509216308594,471.8284606933594,464.4140319824219,470.9136962890625,27131131
2025-01-03,472.0691833496094,472.7913818359375,462.05487060546875,463.739990234375,38500784
2025-01-06,455.6000061035156,461.75,441.25,442.6499938964844,22009958
2025-01-07,445.5,447.6000061035156,440.1499938964844,441.1000061035156,14294780
2025-01-08,443.0,452.04998779296875,437.1000061035156,449.54998779296875,13482926
2025-01-09,449.3999938964844,460.6499938964844,446.04998779296875,450.1000061035156,19732649
2025-01-10,449.95001220703125,452.0,442.5,444.8999938964844,9145729
2025-01-13,435.0,444.0,435.0,439.04998779296875,17799607
2025-01-14,441.0,441.5,435.8500061035156,436.6000061035156,18048459
2025-01-15,436.6000061035156,441.79998779296875,435.3500061035156,437.3500061035156,9786805
2025-01-16,438.04998779296875,439.45001220703125,431.1000061035156,432.8500061035156,15774070
2025-01-17,433.0,441.79998779296875,432.5,440.20001220703125,11270061
2025-01-20,439.0,441.20001220703125,436.0,437.70001220703125,8742771
2025-01-21,438.0,447.0,435.25,437.54998779296875,15686500
2025-01-22,439.8999938964844,441.95001220703125,436.54998779296875,437.0,9619648
2025-01-23,435.0,441.8500061035156,434.1000061035156,440.20001220703125,8888248
2025-01-24,439.3999938964844,445.0,439.04998779296875,441.6000061035156,9665384
2025-01-27,440.79998779296875,445.0,436.54998779296875,440.1000061035156,10480203
2025-01-28,440.0,441.79998779296875,434.5,435.45001220703125,20813072
2025-01-29,435.95001220703125,437.5,430.1000061035156,433.3500061035156,15158510
2025-01-30,433.0,438.0,431.45001220703125,436.20001220703125,22496695
2025-01-31,436.5,448.20001220703125,435.1000061035156,447.5,13546181
2025-02-01,448.0,471.5,439.54998779296875,462.54998779296875,30393007
2025-02-03,462.0,465.20001220703125,452.29998779296875,454.3500061035156,16991730
2025-02-04,458.0,460.3500061035156,448.75,455.1499938964844,18923681
2025-02-05,455.1499938964844,455.8500061035156,446.5,448.1499938964844,12836283
2025-02-06,450.0,450.0,438.20001220703125,441.1000061035156,17469129
2025-02-07,440.0,445.5,428.3999938964844,430.8500061035156,18875982
2025-02-10,427.0,433.29998779296875,426.5,427.20001220703125,12227140
2025-02-11,428.79998779296875,430.54998779296875,417.5,418.29998779296875,14288751
2025-02-12,413.1499938964844,413.79998779296875,407.6000061035156,409.8999938964844,13884574
2025-02-13,409.95001220703125,413.95001220703125,409.0,409.70001220703125,12989029
2025-02-14,411.75,416.20001220703125,408.3999938964844,410.25,14124236
2025-02-17,409.79998779296875,411.3999938964844,406.75,408.6000061035156,11975265
2025-02-18,408.0,410.8500061035156,404.0,405.25,12998403
2025-02-19,404.79998779296875,408.79998779296875,404.5,406.3999938964844,7079032
2025-02-20,399.95001220703125,403.8999938964844,396.20001220703125,402.04998779296875,15355585
2025-02-21,402.04998779296875,403.25,399.20001220703125,400.8999938964844,8240986
2025-02-24,400.0,403.3999938964844,398.75,401.8999938964844,7037625
2025-02-25,402.0,407.0,400.5,404.8500061035156,15760891
2025-02-27,404.8500061035156,406.5,399.5,401.6000061035156,19051003
2025-02-28,399.0,402.5,392.20001220703125,395.0,31954776
2025-03-03,395.95001220703125,399.0,391.20001220703125,397.45001220703125,10702826
2025-03-04,395.3999938964844,397.20001220703125,392.8500061035156,394.8500061035156,13404774
2025-03-05,394.5,412.75,394.5,405.04998779296875,15665018
2025-03-06,409.1499938964844,409.70001220703125,400.54998779296875,405.70001220703125,17869996
2025-03-07,403.54998779296875,405.8500061035156,401.70001220703125,403.8999938964844,11180761
2025-03-10,401.04998779296875,406.8500061035156,400.3999938964844,405.0,9785018
2025-03-11,401.5,408.3999938964844,401.20001220703125,406.20001220703125,11099475
2025-03-12,406.3999938964844,413.29998779296875,404.0,412.3999938964844,13844306
2025-03-13,413.0,414.3999938964844,408.20001220703125,412.04998779296875,8196569
2025-03-17,413.0,416.25,407.0,407.95001220703125,5257805
2025-03-18,410.0,411.95001220703125,407.75,409.1000061035156,13861897
2025-03-19,410.0,410.75,402.6000061035156,403.04998779296875,12830387
2025-03-20,405.0,406.6499938964844,401.8999938964844,403.95001220703125,16994037
2025-03-21,405.95001220703125,407.5,401.70001220703125,405.54998779296875,25302035
2025-03-24,407.0,412.8500061035156,405.6000061035156,410.8999938964844,14362572
2025-03-25,412.0,415.25,408.70001220703125,409.79998779296875,20338110
2025-03-26,410.29998779296875,411.20001220703125,406.25,407.3500061035156,13891436
2025-03-27,408.0,410.70001220703125,405.6499938964844,409.45001220703125,18642328
2025-03-28,410.8999938964844,415.6000061035156,408.1499938964844,409.75,12981873
2025-04-01,409.79998779296875,414.3999938964844,405.6000061035156,406.6499938964844,15206240
2025-04-02,407.04998779296875,410.0,406.04998779296875,409.04998779296875,8001323
2025-04-03,407.04998779296875,410.20001220703125,406.70001220703125,409.3999938964844,7059566
2025-04-04,407.5,412.79998779296875,404.5,409.70001220703125,18627592
2025-04-07,390.1499938964844,408.1000061035156,390.1499938964844,406.04998779296875,26762866
2025-04-08,411.8999938964844,415.79998779296875,407.25,412.54998779296875,18600796
2025-04-09,413.0,419.04998779296875,411.25,416.29998779296875,21785572
2025-04-11,420.0,422.45001220703125,417.0,421.54998779296875,8939356
2025-04-15,429.20001220703125,429.20001220703125,419.0,420.3999938964844,11685880
2025-04-16,418.0,426.04998779296875,418.0,424.45001220703125,13034594
2025-04-17,425.0,427.8500061035156,421.54998779296875,427.25,22410217
2025-04-21,428.04998779296875,429.1000061035156,421.5,422.8500061035156,27388236
2025-04-22,425.95001220703125,434.79998779296875,423.54998779296875,433.6000061035156,32031936
2025-04-23,436.20001220703125,437.45001220703125,428.8500061035156,430.8500061035156,19566317
2025-04-24,431.8500061035156,436.04998779296875,429.29998779296875,430.04998779296875,26064089
2025-04-25,430.04998779296875,432.70001220703125,423.29998779296875,427.79998779296875,22944377
2025-04-28,426.6499938964844,430.5,424.75,428.79998779296875,6287095
2025-04-29,428.8999938964844,429.6000061035156,425.0,426.0,11189930
2025-04-30,427.3999938964844,429.29998779296875,422.0,425.79998779296875,10026546
2025-05-02,424.1000061035156,431.5,424.1000061035156,429.5,9263372
2025-05-05,430.25,438.5,429.3500061035156,436.95001220703125,11525305
2025-05-06,437.5,439.6499938964844,433.0,435.54998779296875,15026568
2025-05-07,433.3999938964844,435.0,429.70001220703125,431.1499938964844,9710361
2025-05-08,429.0,431.5,423.54998779296875,430.6000061035156,19937960
2025-05-09,425.95001220703125,429.1499938964844,423.0,423.54998779296875,8226512
2025-05-12,429.5,436.20001220703125,428.1499938964844,435.5,8031891
2025-05-13,434.8999938964844,437.95001220703125,425.3500061035156,427.8999938964844,14976369
2025-05-14,427.1000061035156,431.8500061035156,425.8999938964844,429.1000061035156,9557309
2025-05-15,429.1000061035156,435.3999938964844,426.0,432.6499938964844,24263510
2025-05-16,434.8999938964844,436.20001220703125,432.1000061035156,435.70001220703125,16402035
2025-05-19,435.0,438.5,432.6499938964844,435.3500061035156,7543854
2025-05-20,437.0,440.79998779296875,432.8999938964844,434.8999938964844,9868414
2025-05-21,436.6000061035156,438.20001220703125,432.0,433.0,5776672
2025-05-22,433.0,433.0,422.8999938964844,426.1000061035156,19451749
2025-05-23,434.0,439.0,429.0,436.29998779296875,18536884
2025-05-26,438.25,443.54998779296875,436.75,442.8999938964844,13107662
2025-05-27,442.8999938964844,444.20001220703125,430.8500061035156,433.8999938964844,26986022
2025-05-28,417.70001220703125,422.6000061035156,413.0,420.20001220703125,431851622
2025-05-29,422.0,422.79998779296875,416.6000061035156,418.75,21478547
2025-05-30,419.1000061035156,420.04998779296875,416.3999938964844,418.04998779296875,30656239
2025-06-02,418.29998779296875,420.45001220703125,414.54998779296875,419.29998779296875,14973380
2025-06-03,419.0,421.70001220703125,415.6499938964844,416.95001220703125,13216486
2025-06-04,417.1499938964844,419.0,415.95001220703125,417.0,12598933
2025-06-05,418.5,420.95001220703125,415.75,419.1000061035156,13212523
2025-06-06,420.29998779296875,421.29998779296875,419.0,421.04998779296875,8774988
2025-06-09,422.0,423.6000061035156,420.5,423.04998779296875,10473123
2025-06-10,424.5,428.54998779296875,423.04998779296875,427.0,13041075
2025-06-11,428.0,428.1000061035156,424.8500061035156,426.1499938964844,20789182
2025-06-12,427.0,427.20001220703125,419.54998779296875,421.0,18508835
2025-06-13,415.0,419.3500061035156,413.5,413.8999938964844,17873926
2025-06-16,414.95001220703125,418.8999938964844,413.25,418.20001220703125,7006629
2025-06-17,418.1000061035156,419.04998779296875,415.70001220703125,417.3999938964844,9028406
2025-06-18,417.0,418.45001220703125,414.8999938964844,415.8999938964844,8036215
2025-06-19,415.6499938964844,418.25,414.79998779296875,416.0,12601006
2025-06-20,416.0,419.5,416.0,418.54998779296875,13203184
2025-06-23,417.0,417.5,411.75,413.8999938964844,14839890
2025-06-24,416.8999938964844,420.6499938964844,413.75,414.3500061035156,16690068
2025-06-25,416.3999938964844,418.1499938964844,415.1000061035156,416.3500061035156,9946718
2025-06-26,417.20001220703125,420.8999938964844,416.25,420.29998779296875,13703918
2025-06-27,421.0,422.0,417.79998779296875,418.6499938964844,21409935
2025-06-30,419.79998779296875,420.75,415.79998779296875,416.45001220703125,12317124
2025-07-01,417.0,418.8500061035156,414.8999938964844,415.1000061035156,13670465
2025-07-02,416.8999938964844,416.8999938964844,411.70001220703125,412.95001220703125,15990899
2025-07-03,414.0,416.0,411.25,413.3500061035156,14185298
2025-07-04,414.8999938964844,415.0,411.75,412.54998779296875,8256733
2025-07-07,413.0,417.20001220703125,412.0,416.1499938964844,6845218
2025-07-08,416.1499938964844,418.1000061035156,414.6499938964844,417.20001220703125,6807192
2025-07-09,416.20001220703125,420.29998779296875,415.45001220703125,419.45001220703125,9930533
2025-07-10,420.29998779296875,420.29998779296875,416.3999938964844,416.8500061035156,6220360
2025-07-11,417.0,418.04998779296875,415.5,416.79998779296875,8578844
2025-07-14,417.04998779296875,419.95001220703125,416.54998779296875,419.3999938964844,6896989
2025-07-15,420.8999938964844,422.3999938964844,419.0,422.1000061035156,8532755
2025-07-16,422.1000061035156,425.45001220703125,420.29998779296875,424.6000061035156,9780773
2025-07-17,425.79998779296875,425.8999938964844,423.0,423.95001220703125,7240795
2025-07-18,425.20001220703125,425.20001220703125,420.1000061035156,422.75,6730256
2025-07-21,422.0,422.75,418.3999938964844,420.1000061035156,4822343
2025-07-22,420.1000061035156,420.3999938964844,415.20001220703125,416.0,9869507
2025-07-23,417.1000061035156,417.8999938964844,414.0,414.95001220703125,12196187
2025-07-24,415.8500061035156,415.8500061035156,409.45001220703125,409.95001220703125,9005157
2025-07-25,410.0,410.25,407.75,409.3999938964844,5824089
2025-07-28,410.79998779296875,410.8500061035156,408.6000061035156,409.8999938964844,8123337
2025-07-29,410.0,411.3999938964844,408.0,408.45001220703125,6811772
2025-07-30,409.0,409.29998779296875,405.75,407.6000061035156,10915863
2025-07-31,405.95001220703125,414.0,405.54998779296875,411.95001220703125,19364174
2025-08-01,412.3999938964844,419.3500061035156,411.79998779296875,416.45001220703125,14324065
2025-08-04,420.20001220703125,422.5,415.1000061035156,416.8500061035156,18352458
2025-08-05,417.20001220703125,417.95001220703125,413.0,414.1499938964844,8495104
2025-08-06,414.1499938964844,415.0,410.5,412.0,9080543
2025-08-07,412.0,414.75,411.6499938964844,413.6000061035156,11514878
2025-08-08,413.8999938964844,415.3500061035156,412.95001220703125,414.5,9814361
2025-08-11,414.5,417.0,414.0,416.8500061035156,8514272
2025-08-12,417.0,419.79998779296875,415.29998779296875,416.3500061035156,13635738
2025-08-13,417.20001220703125,417.5,413.6000061035156,414.1000061035156,10874910
2025-08-14,414.25,415.04998779296875,411.0,411.45001220703125,9580361
2025-08-18,413.0,413.70001220703125,404.8500061035156,406.29998779296875,30950814
2025-08-19,406.3500061035156,409.3999938964844,404.5,409.1000061035156,16681331
2025-08-20,409.1000061035156,410.25,405.45001220703125,406.04998779296875,18188129
2025-08-21,406.04998779296875,406.8500061035156,403.3500061035156,405.54998779296875,15028966
2025-08-22,406.0,406.5,397.5,398.29998779296875,13087624
2025-08-25,399.0,400.54998779296875,396.25,399.3500061035156,10440286
2025-08-26,399.29998779296875,405.3999938964844,398.3999938964844,403.3500061035156,13715752
2025-08-28,404.5,404.5,400.0,400.8999938964844,12471719
2025-08-29,402.0,410.45001220703125,401.8999938964844,409.75,25255050
2025-09-01,409.75,410.20001220703125,405.0,405.8500061035156,12268090
2025-09-02,406.54998779296875,407.8500061035156,404.45001220703125,406.75,19808255
2025-09-03,408.5,413.25,407.29998779296875,411.75,12936588
2025-09-04,423.95001220703125,427.0,415.0,415.8999938964844,27274123
2025-09-05,416.8999938964844,417.0,404.3999938964844,407.3500061035156,16000675
2025-09-08,407.45001220703125,410.54998779296875,406.79998779296875,407.54998779296875,7419022
2025-09-09,408.5,410.95001220703125,407.3999938964844,410.04998779296875,8825896
2025-09-10,411.0,413.70001220703125,408.95001220703125,413.04998779296875,9252397
2025-09-11,413.04998779296875,416.70001220703125,412.45001220703125,415.04998779296875,8274406
2025-09-12,415.3500061035156,417.04998779296875,412.8500061035156,413.75,7803379
2025-09-15,413.04998779296875,414.29998779296875,411.75,412.6499938964844,5707331
2025-09-16,413.20001220703125,414.3500061035156,412.0,413.1000061035156,8239087
2025-09-17,413.95001220703125,414.6000061035156,408.04998779296875,409.29998779296875,14113882
2025-09-18,411.3500061035156,413.04998779296875,410.1000061035156,411.54998779296875,15647808
2025-09-19,411.54998779296875,412.6000061035156,408.95001220703125,410.6499938964844,19505321
2025-09-22,410.6499938964844,411.0,406.04998779296875,406.95001220703125,8930779
2025-09-23,407.1000061035156,408.1000061035156,402.1000061035156,403.20001220703125,14936357
2025-09-24,403.20001220703125,404.6499938964844,400.70001220703125,401.0,12380865
2025-09-25,401.45001220703125,403.0,398.0,400.1000061035156,22006368
2025-09-26,400.1000061035156,405.8999938964844,399.79998779296875,405.1000061035156,14414044
2025-09-29,406.8999938964844,408.0,403.20001220703125,407.25,19717660
2025-09-30,406.75,406.75,400.3999938964844,401.54998779296875,9465490
2025-10-01,402.3500061035156,406.0,399.75,405.6000061035156,17643039
2025-10-03,404.8999938964844,405.5,402.29998779296875,404.29998779296875,16987141
2025-10-06,403.0,403.8999938964844,399.79998779296875,400.75,13989077
2025-10-07,402.5,402.6000061035156,399.5,399.79998779296875,12298968
2025-10-08,400.0,401.75,398.0,399.75,8402463
2025-10-09,399.0,401.3999938964844,398.95001220703125,399.8999938964844,15656267
2025-10-10,400.45001220703125,403.8500061035156,399.5,402.79998779296875,15085738
2025-10-13,400.0,400.95001220703125,398.54998779296875,399.25,9508594
2025-10-14,400.0,400.8500061035156,396.20001220703125,396.79998779296875,10291102
2025-10-15,398.0,400.8500061035156,397.25,399.8999938964844,16043867
2025-10-16,401.0,406.0,399.54998779296875,405.1499938964844,22962049
2025-10-17,405.3500061035156,413.8500061035156,405.25,412.1499938964844,21071344
2025-10-20,412.54998779296875,414.8500061035156,411.29998779296875,413.04998779296875,13083621
2025-10-21,413.5,413.95001220703125,412.3500061035156,412.8500061035156,1142130
2025-10-23,416.0,420.45001220703125,413.54998779296875,415.95001220703125,24305990
2025-10-24,415.95001220703125,417.95001220703125,413.45001220703125,416.79998779296875,14935678
2025-10-27,417.0,422.70001220703125,416.6000061035156,420.6499938964844,11603679
2025-10-28,420.5,421.6499938964844,415.8999938964844,417.8999938964844,17163147
2025-10-29,418.20001220703125,422.20001220703125,416.04998779296875,421.6000061035156,11470661
2025-10-30,421.6000061035156,421.70001220703125,416.1499938964844,418.75,12938674
2025-10-31,420.5,426.3999938964844,418.20001220703125,420.3500061035156,18599864
2025-11-03,419.95001220703125,421.6499938964844,413.29998779296875,413.95001220703125,7635440
2025-11-04,414.0,414.5,408.3500061035156,408.8999938964844,10085404
2025-11-06,410.0,413.29998779296875,406.54998779296875,407.5,10095563
2025-11-07,406.04998779296875,409.1000061035156,403.1000061035156,404.04998779296875,8411611
2025-11-10,404.04998779296875,407.1000061035156,403.6499938964844,405.54998779296875,6650003
2025-11-11,406.0,408.04998779296875,404.6000061035156,406.8500061035156,12005318
2025-11-12,408.0,408.1000061035156,405.54998779296875,407.0,7987236
2025-11-13,407.0,407.5,404.5,405.70001220703125,6617185
2025-11-14,404.70001220703125,408.75,400.1000061035156,408.1499938964844,64020258
2025-11-17,409.75,412.0,406.0,407.1000061035156,7855399
2025-11-18,408.25,409.79998779296875,404.54998779296875,405.8500061035156,7661681
2025-11-19,404.8500061035156,405.54998779296875,402.79998779296875,403.54998779296875,7882450
2025-11-20,403.54998779296875,407.0,403.25,405.45001220703125,6693410
2025-11-21,405.0,408.5,404.70001220703125,407.8500061035156,5808131
2025-11-24,408.3999938964844,408.79998779296875,402.8500061035156,403.54998779296875,11037491
2025-11-25,403.54998779296875,404.5,400.1000061035156,400.79998779296875,8199785
2025-11-26,401.0,403.95001220703125,400.95001220703125,402.29998779296875,11443953
2025-11-27,403.5,405.95001220703125,402.1000061035156,404.29998779296875,8679529
2025-11-28,404.29998779296875,405.0,402.5,404.25,6883500
2025-12-01,402.79998779296875,405.5,398.20001220703125,404.25,13442658
2025-12-02,404.25,405.5,400.5,400.95001220703125,8093808
2025-12-03,401.70001220703125,402.20001220703125,398.8500061035156,400.5,10772192
2025-12-04,400.1000061035156,403.54998779296875,399.04998779296875,403.04998779296875,8057989
2025-12-05,403.04998779296875,405.3500061035156,402.0,404.95001220703125,4419747
2025-12-08,404.95001220703125,405.25,400.54998779296875,402.29998779296875,6056866
2025-12-09,402.0,404.5,400.0,401.04998779296875,9426717
2025-12-10,401.1000061035156,404.3999938964844,401.0,403.1499938964844,6969146
2025-12-11,403.1499938964844,404.0,401.1000061035156,402.8999938964844,6980147
2025-12-12,402.8999938964844,404.0,399.8500061035156,400.1000061035156,12407516
2025-12-15,400.1000061035156,403.3500061035156,399.5,402.29998779296875,7756564
2025-12-16,401.3999938964844,405.75,401.04998779296875,401.70001220703125,12347384
2025-12-17,401.0,403.1000061035156,399.1000061035156,399.79998779296875,8087490
2025-12-18,400.0,401.95001220703125,399.8500061035156,400.3999938964844,7227668
2025-12-19,400.25,402.6499938964844,400.25,401.04998779296875,10654835
2025-12-22,401.6000061035156,403.6499938964844,401.20001220703125,402.70001220703125,6847871
2025-12-23,402.5,408.8999938964844,401.79998779296875,407.3500061035156,10081997
2025-12-24,407.95001220703125,409.5,405.6499938964844,406.6000061035156,5777430
2025-12-26,406.5,407.1499938964844,403.8500061035156,404.1499938964844,3152453
2025-12-29,404.1000061035156,404.79998779296875,401.45001220703125,402.6000061035156,6647710
2025-12-30,403.0,403.45001220703125,400.29998779296875,400.6000061035156,12340527
2025-12-31,401.1000061035156,403.75,400.8500061035156,403.0,9945109
2026-01-01,402.70001220703125,402.70001220703125,362.70001220703125,363.8500061035156,282626710
2026-01-02,360.0,360.0,345.25,350.04998779296875,118790358
2026-01-05,350.20001220703125,353.95001220703125,346.04998779296875,349.70001220703125,48358124
2026-01-06,350.25,350.70001220703125,337.75,342.45001220703125,72582738
2026-01-07,343.0,344.54998779296875,339.29998779296875,341.25,29440734
2026-01-08,341.5,345.1499938964844,339.04998779296875,340.8999938964844,36706319
2026-01-09,340.8999938964844,341.0,336.1000061035156,337.1499938964844,35193201
2026-01-12,338.25,339.5,335.79998779296875,338.3999938964844,16156143
2026-01-13,339.0,339.5,333.70001220703125,334.70001220703125,24922339
2026-01-14,336.0,336.0,333.45001220703125,334.75,14913422
2026-01-15,334.75,334.75,334.75,334.75,0
2026-01-16,337.5,337.5,328.54998779296875,329.20001220703125,30526898
2026-01-19,330.0,334.6499938964844,327.29998779296875,333.20001220703125,15507440
2026-01-20,334.04998779296875,334.5,325.5,326.29998779296875,18771011
2026-01-21,326.0,329.29998779296875,324.3500061035156,324.75,14177965
2026-01-22,326.1000061035156,328.70001220703125,321.04998779296875,324.8500061035156,18622852
2026-01-23,325.54998779296875,326.3999938964844,322.70001220703125,323.3999938964844,11950089
2026-01-27,323.6000061035156,324.70001220703125,317.8500061035156,318.6499938964844,47847784
2026-01-28,319.95001220703125,323.70001220703125,319.3500061035156,321.1499938964844,28400238
2026-01-29,322.6000061035156,322.6000061035156,318.04998779296875,318.6000061035156,17719420
2026-01-30,318.79998779296875,325.1499938964844,316.45001220703125,322.1499938964844,41975824
2026-02-02,309.45001220703125,315.3999938964844,302.0,314.70001220703125,35227572
2026-02-03,321.20001220703125,324.75,311.6000061035156,316.6499938964844,33168353
2026-02-04,312.5,314.95001220703125,311.3500061035156,313.8500061035156,11196759
2026-02-05,313.95001220703125,315.3500061035156,309.29998779296875,310.20001220703125,15816704
2026-02-06,310.0,327.70001220703125,308.29998779296875,325.79998779296875,68057745
2026-02-09,327.95001220703125,328.70001220703125,321.6499938964844,322.79998779296875,20059198
2026-02-10,323.0,323.54998779296875,320.75,321.3999938964844,11489090
2026-02-11,321.95001220703125,322.20001220703125,316.29998779296875,318.25,24843366
2026-02-12,317.29998779296875,320.3999938964844,316.8999938964844,317.45001220703125,13294561
2026-02-13,316.0,318.3999938964844,313.25,313.75,8730618
2026-02-16,313.75,318.25,313.1499938964844,317.95001220703125,11693763
2026-02-17,318.45001220703125,328.04998779296875,318.1499938964844,325.45001220703125,39360672
2026-02-18,326.0,332.95001220703125,324.79998779296875,332.45001220703125,35473203
2026-02-19,334.04998779296875,334.25,325.0,326.0,19911747
2026-02-20,325.04998779296875,327.8500061035156,325.04998779296875,327.0,11282027
2026-02-23,327.0,328.1000061035156,324.3999938964844,325.3999938964844,13486092
2026-02-24,324.0,325.3999938964844,322.04998779296875,323.5,13135859
2026-02-25,325.5,326.6000061035156,318.1000061035156,319.75,13492101
2026-02-26,320.0,321.3999938964844,317.6000061035156,318.29998779296875,11270119
2026-02-27,316.0,317.75,312.6499938964844,313.6000061035156,13892595
2026-03-02,307.0,315.75,307.0,314.8999938964844,22194311
2026-03-04,310.6000061035156,315.5,310.5,311.95001220703125,24165489
2026-03-05,312.20001220703125,313.6000061035156,308.20001220703125,311.5,19938009
2026-03-06,310.04998779296875,312.29998779296875,309.20001220703125,309.70001220703125,21288269
2026-03-09,305.0,307.20001220703125,303.6000061035156,306.0,14084931
2026-03-10,309.0,310.0,303.75,309.04998779296875,18352950
2026-03-11,309.04998779296875,310.6499938964844,307.70001220703125,309.0,14842485
2026-03-12,307.04998779296875,308.0,302.8500061035156,304.1000061035156,23319679
2026-03-13,304.0,306.0,300.6499938964844,301.45001220703125,25659996
2026-03-16,302.54998779296875,309.45001220703125,302.0,308.25,37472204
2026-03-17,309.95001220703125,309.95001220703125,304.04998779296875,304.8500061035156,25649286
2026-03-18,305.8999938964844,306.95001220703125,303.5,304.04998779296875,16702554
2026-03-19,301.5,305.5,297.1000061035156,298.0,17851126
2026-03-20,301.04998779296875,308.75,298.1499938964844,299.95001220703125,58679529
2026-03-23,298.8999938964844,299.0,289.54998779296875,290.45001220703125,31788160
2026-03-24,295.95001220703125,296.0,288.75,291.25,33335721
2026-03-25,292.70001220703125,298.5,292.25,295.70001220703125,26184716
2026-03-27,294.70001220703125,296.8500061035156,291.54998779296875,294.70001220703125,22179022
2026-03-30,293.6000061035156,294.45001220703125,287.0,287.70001220703125,24586921
2026-04-01,293.0,294.45001220703125,290.8999938964844,291.70001220703125,18604340
2026-04-02,290.25,293.6499938964844,288.3999938964844,292.8500061035156,18082775
2026-04-06,293.0,295.3500061035156,290.25,294.8500061035156,18047063
2026-04-07,294.1499938964844,299.0,292.75,298.45001220703125,26963485
2026-04-08,303.8999938964844,304.6000061035156,301.54998779296875,302.45001220703125,22310207
2026-04-09,301.5,304.3999938964844,301.25,303.0,17691477
2026-04-10,303.0,305.3999938964844,302.6000061035156,304.25,17744386
2026-04-13,300.0,301.45001220703125,298.1000061035156,298.6499938964844,16522014
2026-04-15,300.70001220703125,304.0,300.54998779296875,302.04998779296875,18701403
2026-04-16,302.95001220703125,305.3500061035156,301.8500061035156,303.3999938964844,16512053
2026-04-17,303.8500061035156,309.95001220703125,303.8500061035156,306.79998779296875,35111203
2026-04-20,307.0,307.95001220703125,304.45001220703125,305.0,13540471
2026-04-21,305.0,311.1000061035156,304.54998779296875,309.6499938964844,24411865
2026-04-22,310.0,310.54998779296875,305.1000061035156,305.5,24500511
2026-04-23,304.0,306.3500061035156,303.25,305.29998779296875,10701849
2026-04-24,306.6499938964844,306.6499938964844,301.1000061035156,301.6000061035156,17011704
2026-04-27,303.6499938964844,305.6499938964844,302.8500061035156,303.8500061035156,14382348
2026-04-28,304.3999938964844,305.79998779296875,302.54998779296875,304.45001220703125,12907339
2026-04-29,305.1000061035156,317.5,305.1000061035156,316.25,31199038
2026-04-30,316.25,317.5,313.29998779296875,314.8999938964844,11541956
2026-05-01,314.8999938964844,314.8999938964844,314.8999938964844,314.8999938964844,0
2026-05-04,317.8999938964844,317.8999938964844,310.5,311.1000061035156,20245091
2026-05-05,311.1000061035156,313.70001220703125,309.6499938964844,311.45001220703125,26795704
2026-05-06,312.79998779296875,313.6000061035156,309.25,310.70001220703125,20287609
2026-05-07,311.45001220703125,311.6499938964844,307.0,307.3999938964844,25718615
2026-05-08,308.8999938964844,308.8999938964844,305.70001220703125,307.45001220703125,17739844
2026-05-11,307.0,308.0,305.1499938964844,305.8500061035156,14968661
2026-05-12,305.3500061035156,306.25,300.1000061035156,300.70001220703125,15968338
2026-05-13,302.0,305.79998779296875,301.04998779296875,304.45001220703125,13024778
2026-05-14,305.0,309.20001220703125,304.8500061035156,307.20001220703125,11113377
2026-05-15,307.20001220703125,312.04998779296875,306.29998779296875,309.45001220703125,11954564
2026-05-18,309.45001220703125,312.29998779296875,306.5,310.1499938964844,14422870
2026-05-19,311.95001220703125,314.25,308.3500061035156,310.29998779296875,17519355
2026-05-20,309.0,309.6499938964844,306.20001220703125,307.54998779296875,12127920
2026-05-21,309.8500061035156,311.29998779296875,305.79998779296875,308.04998779296875,21868988
2026-05-22,305.8999938964844,307.0,301.0,301.70001220703125,30751752
2026-05-25,303.95001220703125,305.5,302.3500061035156,303.95001220703125,15734247
2026-05-26,304.3500061035156,304.3999938964844,301.1000061035156,301.6499938964844,37560542
2026-05-27,295.6499938964844,296.3500061035156,291.04998779296875,291.95001220703125,25446093
2026-05-28,291.95001220703125,291.95001220703125,291.95001220703125,291.95001220703125,0
2026-05-29,292.0,292.3999938964844,285.8999938964844,286.8999938964844,31930439
2026-06-01,287.79998779296875,288.54998779296875,278.29998779296875,279.6499938964844,23477875
2026-06-02,279.5,283.6000061035156,277.1000061035156,283.25,20206131
2026-06-03,282.3500061035156,282.3500061035156,275.20001220703125,277.0,28001438
2026-06-04,277.0,280.6499938964844,275.04998779296875,280.29998779296875,22017634
2026-06-05,280.0,281.3999938964844,277.8500061035156,280.70001220703125,16065822
2026-06-08,279.0,283.45001220703125,276.95001220703125,279.45001220703125,15779677
2026-06-09,281.70001220703125,281.70001220703125,277.1499938964844,280.0,12302522
2026-06-10,280.0,285.8500061035156,278.6499938964844,283.6499938964844,19823743
2026-06-11,283.0,283.25,281.20001220703125,282.3999938964844,12603100
2026-06-12,283.54998779296875,285.8500061035156,283.0,285.1000061035156,12893433
2026-06-15,287.0,288.8500061035156,286.70001220703125,287.8999938964844,11194950
2026-06-16,288.1499938964844,292.1499938964844,287.5,291.6499938964844,14467499
2026-06-17,291.95001220703125,292.3500061035156,290.0,290.75,8626353
2026-06-18,291.04998779296875,291.8999938964844,288.0,291.1499938964844,10409670
2026-06-19,289.79998779296875,294.54998779296875,288.3999938964844,292.5,13874008
2026-06-22,292.79998779296875,293.95001220703125,290.04998779296875,291.25,9947873
2026-06-23,291.25,293.1499938964844,289.6499938964844,290.0,9410364
2026-06-24,290.0,291.3999938964844,289.45001220703125,290.3500061035156,6218635
2026-06-25,290.3500061035156,292.25,289.20001220703125,290.0,11230239
2026-06-26,290.0,290.0,290.0,290.0,0
2026-06-29,290.45001220703125,291.8999938964844,289.3500061035156,290.70001220703125,10110022
2026-06-30,291.5,291.6000061035156,285.5,286.95001220703125,18180676
2026-07-01,287.8500061035156,291.0,287.1000061035156,290.29998779296875,6551425
2026-07-02,290.70001220703125,291.0,287.70001220703125,289.8999938964844,12722639
2026-07-03,291.29998779296875,291.6000061035156,289.0,289.95001220703125,6517591
2026-07-06,289.95001220703125,290.3999938964844,287.6000061035156,288.25,27126124
2026-07-07,288.29998779296875,290.70001220703125,286.54998779296875,288.75,18491160
2026-07-08,286.8999938964844,287.8500061035156,280.0,280.6499938964844,21593793
2026-07-09,281.25,284.3999938964844,281.0,282.04998779296875,12512120
2026-07-10,282.8500061035156,283.6499938964844,280.8500061035156,281.75,11774274
2026-07-13,281.3500061035156,281.5,279.5,279.6499938964844,12559492
2026-07-14,279.25,280.6499938964844,275.0,275.54998779296875,15018851
2026-07-15,276.6499938964844,277.70001220703125,275.29998779296875,276.6499938964844,8523722
2026-07-16,277.0,280.45001220703125,276.0,279.3500061035156,11220653
2026-07-17,279.3500061035156,281.95001220703125,277.79998779296875,280.70001220703125,15215868
2026-07-20,280.70001220703125,283.70001220703125,279.5,282.70001220703125,9913943
2026-07-21,283.0,283.95001220703125,278.79998779296875,281.0,9858768
2026-07-22,280.5,282.20001220703125,278.5,280.79998779296875,12995017
2026-07-23,279.95001220703125,284.0,279.6499938964844,281.29998779296875,21143589
