date,open,high,low,close,volume
2019-07-23,144.0,148.64999389648438,142.1999969482422,146.64999389648438,11767863
2019-07-24,146.60000610351562,146.85000610351562,134.60000610351562,135.35000610351562,16336488
2019-07-25,135.60000610351562,136.89999389648438,132.8000030517578,135.10000610351562,12137941
2019-07-26,135.0,142.39999389648438,133.75,138.0500030517578,12464765
2019-07-29,138.60000610351562,138.75,132.39999389648438,136.10000610351562,11372480
2019-07-30,136.0,137.5,129.10000610351562,130.14999389648438,11000787
2019-07-31,129.0,135.8000030517578,128.10000610351562,135.10000610351562,11616689
2019-08-01,134.10000610351562,134.39999389648438,126.55000305175781,128.64999389648438,17004827
2019-08-02,128.0,128.10000610351562,117.75,119.44999694824219,33420092
2019-08-05,117.4000015258789,117.4000015258789,111.75,112.55000305175781,20021403
2019-08-06,110.9000015258789,117.5,110.05000305175781,114.5999984741211,16799318
2019-08-07,113.6500015258789,114.69999694824219,97.80000305175781,102.25,21741535
2019-08-08,100.75,104.19999694824219,94.44999694824219,100.19999694824219,44589121
2019-08-09,101.25,103.5,98.3499984741211,99.69999694824219,24792213
2019-08-13,99.44999694824219,102.1500015258789,94.0,94.80000305175781,26382510
2019-08-14,95.80000305175781,105.5,95.80000305175781,103.80000305175781,36474132
2019-08-16,102.25,106.4000015258789,99.9000015258789,103.80000305175781,31732377
2019-08-19,104.9000015258789,106.1500015258789,102.69999694824219,104.80000305175781,16955000
2019-08-20,104.80000305175781,105.0,100.8499984741211,104.0,16250979
2019-08-21,103.1500015258789,104.5,97.69999694824219,98.9000015258789,17372474
2019-08-22,97.6500015258789,100.69999694824219,95.5999984741211,96.94999694824219,21182375
2019-08-23,96.9000015258789,102.8499984741211,95.0999984741211,101.94999694824219,21483497
2019-08-26,102.44999694824219,103.94999694824219,97.1500015258789,101.1500015258789,26352764
2019-08-27,102.5,105.0,101.25,104.05000305175781,16421579
2019-08-28,103.94999694824219,103.94999694824219,94.8499984741211,95.80000305175781,21128544
2019-08-29,95.80000305175781,96.44999694824219,91.0999984741211,94.05000305175781,26417279
2019-08-30,96.0,98.3499984741211,94.19999694824219,96.5999984741211,25710354
2019-09-03,95.6500015258789,96.8499984741211,92.30000305175781,92.80000305175781,13712721
2019-09-04,93.0,96.80000305175781,91.05000305175781,95.55000305175781,18711992
2019-09-05,97.0,99.6500015258789,95.0,96.0999984741211,21705698
2019-09-06,96.69999694824219,97.0,92.5,95.6500015258789,28342974
2019-09-09,95.5,98.9000015258789,93.5,95.5,28330816
2019-09-11,96.4000015258789,109.19999694824219,96.19999694824219,107.55000305175781,41216573
2019-09-12,108.19999694824219,113.94999694824219,106.55000305175781,107.25,46605839
2019-09-13,108.30000305175781,109.8499984741211,104.5,109.0,28388159
2019-09-16,106.9000015258789,109.1500015258789,105.55000305175781,107.5999984741211,15476632
2019-09-17,107.5999984741211,111.30000305175781,101.5999984741211,102.80000305175781,29665626
2019-09-18,104.0,106.5999984741211,102.80000305175781,104.9000015258789,21024523
2019-09-19,105.0,105.19999694824219,97.5999984741211,100.3499984741211,20847083
2019-09-20,101.30000305175781,111.94999694824219,98.8499984741211,108.6500015258789,39542671
2019-09-23,114.5999984741211,114.5999984741211,106.25,110.75,27080657
2019-09-24,110.0,111.9000015258789,106.30000305175781,107.1500015258789,14969322
2019-09-25,105.69999694824219,106.3499984741211,101.25,103.5999984741211,16083605
2019-09-26,104.5,109.4000015258789,104.0,108.80000305175781,19695491
2019-09-27,107.80000305175781,107.8499984741211,102.0,102.8499984741211,20347735
2019-09-30,102.0,104.3499984741211,98.5999984741211,103.55000305175781,21961633
2019-10-01,104.0,104.75,93.4000015258789,97.44999694824219,24057345
2019-10-03,95.5,99.5,94.5,95.9000015258789,18649281
2019-10-04,96.9000015258789,97.9000015258789,92.44999694824219,93.69999694824219,18291036
2019-10-07,93.9000015258789,96.30000305175781,91.30000305175781,93.3499984741211,22709072
2019-10-09,93.3499984741211,98.25,91.9000015258789,97.5999984741211,24143941
2019-10-10,96.9000015258789,97.8499984741211,94.5999984741211,95.6500015258789,17559085
2019-10-11,96.6500015258789,100.25,95.25,97.44999694824219,26700762
2019-10-14,99.55000305175781,102.69999694824219,98.75,99.5,21326087
2019-10-15,99.55000305175781,104.94999694824219,96.25,103.0999984741211,33002841
2019-10-16,103.5,104.19999694824219,101.25,102.4000015258789,15985718
2019-10-17,101.25,105.9000015258789,99.80000305175781,104.55000305175781,18532554
2019-10-18,104.4000015258789,108.4000015258789,103.69999694824219,107.6500015258789,18095628
2019-10-22,106.0,108.0999984741211,102.55000305175781,103.4000015258789,20481332
2019-10-23,103.19999694824219,103.4000015258789,100.3499984741211,101.19999694824219,19338850
2019-10-24,101.5,103.9000015258789,99.05000305175781,102.80000305175781,24157758
2019-10-25,102.6500015258789,105.80000305175781,101.75,104.8499984741211,17513992
2019-10-27,105.94999694824219,107.6500015258789,105.0,107.19999694824219,2720903
2019-10-29,107.4000015258789,116.25,106.6500015258789,112.6500015258789,25236074
2019-10-30,112.9000015258789,116.5,111.1500015258789,115.19999694824219,17240594
2019-10-31,117.0,119.30000305175781,113.8499984741211,116.25,24486750
2019-11-01,116.0,123.94999694824219,116.0,123.3499984741211,30028955
2019-11-04,125.25,141.3000030517578,125.25,137.1999969482422,67908658
2019-11-05,138.9499969482422,141.0,132.8000030517578,134.0500030517578,43315239
2019-11-06,130.0,142.25,128.75,134.6999969482422,54187219
2019-11-07,136.60000610351562,152.89999389648438,135.35000610351562,148.60000610351562,63062505
2019-11-08,146.1999969482422,150.39999389648438,143.9499969482422,144.5500030517578,29259836
2019-11-11,145.3000030517578,151.85000610351562,144.1999969482422,150.75,28595171
2019-11-13,151.6999969482422,153.0500030517578,140.8000030517578,142.14999389648438,31554355
2019-11-14,142.0500030517578,144.39999389648438,138.60000610351562,139.64999389648438,18804406
2019-11-15,141.1999969482422,145.89999389648438,139.8000030517578,143.5500030517578,16318423
2019-11-18,144.39999389648438,147.0,142.25,145.4499969482422,16277768
2019-11-19,145.39999389648438,146.0,138.3000030517578,139.10000610351562,16029300
2019-11-20,140.0,143.60000610351562,137.85000610351562,140.14999389648438,16071410
2019-11-21,139.3000030517578,140.5,135.1999969482422,136.10000610351562,11728699
2019-11-22,136.9499969482422,145.6999969482422,136.3000030517578,144.1999969482422,24439375
2019-11-25,145.14999389648438,155.8000030517578,144.85000610351562,154.8000030517578,34249966
2019-11-26,154.8000030517578,157.64999389648438,152.0,156.4499969482422,25014300
2019-11-27,156.0,160.0,154.8000030517578,159.3000030517578,17185218
2019-11-28,159.3000030517578,166.39999389648438,158.1999969482422,165.0500030517578,19601225
2019-11-29,164.35000610351562,164.75,158.10000610351562,161.0,17469017
2019-12-02,161.60000610351562,162.0,158.25,159.4499969482422,10165969
2019-12-03,158.85000610351562,158.85000610351562,141.64999389648438,149.75,43638748
2019-12-04,145.35000610351562,156.5,143.0,153.75,27151029
2019-12-05,154.0,154.4499969482422,135.64999389648438,141.10000610351562,23327336
2019-12-06,139.0,145.8000030517578,134.25,139.85000610351562,42183273
2019-12-09,140.60000610351562,145.0,138.8000030517578,143.14999389648438,18777598
2019-12-10,143.39999389648438,145.3000030517578,139.5,141.25,17656288
2019-12-11,142.9499969482422,145.39999389648438,141.5,144.4499969482422,14479614
2019-12-12,145.1999969482422,146.39999389648438,137.75,142.25,16119727
2019-12-13,143.25,149.25,137.1999969482422,138.85000610351562,43391119
2019-12-16,136.8000030517578,139.89999389648438,132.0,136.75,36141327
2019-12-17,138.5,147.75,137.0,145.60000610351562,45830185
2019-12-18,146.60000610351562,148.6999969482422,143.35000610351562,146.0500030517578,29351742
2019-12-19,147.85000610351562,153.89999389648438,146.35000610351562,152.85000610351562,29577787
2019-12-20,153.0,158.39999389648438,151.6999969482422,157.0500030517578,25272098
2019-12-23,157.0,159.3000030517578,156.25,157.8000030517578,19904345
2019-12-24,158.14999389648438,162.0,157.35000610351562,160.0500030517578,20240998
2019-12-26,159.9499969482422,164.8000030517578,159.89999389648438,163.5500030517578,21763900
2019-12-27,164.5,165.0,158.5500030517578,161.25,19434487
2019-12-30,161.39999389648438,167.9499969482422,160.5,167.35000610351562,19284158
2019-12-31,166.5,168.6999969482422,166.0,167.6999969482422,16304965
2020-01-01,167.8000030517578,171.3000030517578,164.39999389648438,166.39999389648438,24648797
2020-01-02,169.89999389648438,174.25,169.0,173.25,23256674
2020-01-03,173.35000610351562,174.60000610351562,170.0,171.60000610351562,19536532
2020-01-06,169.25,170.85000610351562,165.5,166.89999389648438,15670706
2020-01-07,169.0,171.89999389648438,165.75,167.35000610351562,19605976
2020-01-08,166.4499969482422,176.39999389648438,164.0500030517578,174.6999969482422,33040895
2020-01-09,177.25,179.5,174.35000610351562,176.39999389648438,18381117
2020-01-10,177.0,179.39999389648438,174.6999969482422,176.64999389648438,18329483
2020-01-13,177.8000030517578,179.75,174.10000610351562,178.0500030517578,15771923
2020-01-14,178.5,180.64999389648438,171.64999389648438,174.0,22197682
2020-01-15,172.89999389648438,180.75,171.14999389648438,180.14999389648438,28161176
2020-01-16,180.4499969482422,181.8000030517578,176.10000610351562,179.0,20938516
2020-01-17,179.5,180.89999389648438,175.8000030517578,176.9499969482422,14452871
2020-01-20,175.0,180.1999969482422,173.25,179.3000030517578,19944796
2020-01-21,177.0,186.9499969482422,176.39999389648438,185.8000030517578,30489750
2020-01-22,185.89999389648438,186.1999969482422,177.5,179.14999389648438,19443219
2020-01-23,179.39999389648438,181.1999969482422,177.5,180.0,11413774
2020-01-24,179.39999389648438,189.8000030517578,178.9499969482422,188.9499969482422,19856058
2020-01-27,181.0,186.0,177.64999389648438,178.6999969482422,24954268
2020-01-28,179.8000030517578,180.85000610351562,173.1999969482422,175.5,19420336
2020-01-29,178.9499969482422,181.0,170.60000610351562,174.9499969482422,23683887
2020-01-30,176.0,181.89999389648438,172.35000610351562,175.64999389648438,33407995
2020-01-31,178.0,178.3000030517578,172.60000610351562,175.89999389648438,15207085
2020-02-03,166.0,175.9499969482422,161.6999969482422,174.85000610351562,23272332
2020-02-04,176.0,184.8000030517578,173.75,183.39999389648438,21437184
2020-02-05,183.39999389648438,192.9499969482422,181.89999389648438,190.10000610351562,20048729
2020-02-06,192.14999389648438,198.75,191.1999969482422,197.75,28812959
2020-02-07,195.5,202.25,194.8000030517578,197.8000030517578,22908839
2020-02-10,196.5,196.6999969482422,190.39999389648438,193.1999969482422,14810988
2020-02-11,197.6999969482422,202.39999389648438,195.0500030517578,196.3000030517578,18730237
2020-02-12,198.6999969482422,199.25,194.0,197.0,12307478
2020-02-13,196.5,197.25,192.64999389648438,193.89999389648438,8746026
2020-02-14,192.89999389648438,197.64999389648438,189.39999389648438,190.5,14340696
2020-02-17,192.5,193.39999389648438,188.85000610351562,190.39999389648438,12487268
2020-02-18,188.6999969482422,189.3000030517578,181.6999969482422,185.25,14228234
2020-02-19,188.0,189.5,184.0,188.0500030517578,9801115
2020-02-20,187.5,195.89999389648438,185.8000030517578,193.39999389648438,16689454
2020-02-24,190.39999389648438,190.39999389648438,172.85000610351562,174.89999389648438,19898510
2020-02-25,179.9499969482422,182.6999969482422,175.35000610351562,179.0,19983174
2020-02-26,172.0500030517578,175.8000030517578,169.14999389648438,170.14999389648438,25605939
2020-02-27,170.0,170.0,164.5500030517578,168.35000610351562,21185744
2020-02-28,158.0,162.1999969482422,146.3000030517578,153.89999389648438,22939235
2020-03-02,161.10000610351562,163.9499969482422,149.4499969482422,153.35000610351562,24188438
2020-03-03,158.0,162.1999969482422,155.35000610351562,160.64999389648438,25472220
2020-03-04,161.0,162.5,148.10000610351562,154.25,24252742
2020-03-05,156.8000030517578,159.8000030517578,152.8000030517578,154.39999389648438,18929214
2020-03-06,140.0,149.25,140.0,146.3000030517578,17133704
2020-03-09,141.25,142.0,126.55000305175781,131.1999969482422,21051651
2020-03-11,130.60000610351562,133.14999389648438,125.0,126.9000015258789,27035488
2020-03-12,119.75,121.3499984741211,107.9000015258789,113.9000015258789,22695627
2020-03-13,103.0,130.5,99.19999694824219,121.4000015258789,25213769
2020-03-16,112.30000305175781,115.8499984741211,106.80000305175781,108.94999694824219,15440501
2020-03-17,111.0,116.80000305175781,105.44999694824219,107.19999694824219,18388276
2020-03-18,112.0,112.0999984741211,100.0,101.25,17129407
2020-03-19,95.1500015258789,100.44999694824219,91.44999694824219,93.0,18965781
2020-03-20,96.0999984741211,108.5,92.9000015258789,104.55000305175781,26516602
2020-03-23,94.0999984741211,99.5,86.0,89.0,5355485
2020-03-24,94.0,94.44999694824219,86.5,90.4000015258789,9730042
2020-03-25,88.0,94.9000015258789,87.25,92.19999694824219,12549137
2020-03-26,92.3499984741211,96.0,87.5,88.8499984741211,13486196
2020-03-27,92.0,94.5,87.80000305175781,88.8499984741211,14011886
2020-03-30,84.25,87.30000305175781,79.3499984741211,80.0,12837677
2020-03-31,82.5,85.6500015258789,81.75,82.19999694824219,15815842
2020-04-01,81.55000305175781,82.8499984741211,62.099998474121094,70.25,49775595
2020-04-03,74.25,74.80000305175781,62.0,63.150001525878906,46615931
2020-04-07,67.0,82.05000305175781,66.5,81.4000015258789,58701231
2020-04-08,77.30000305175781,97.5,77.0999984741211,84.9000015258789,62924343
2020-04-09,88.0,93.3499984741211,85.5999984741211,91.5999984741211,38987033
2020-04-13,92.0,93.25,84.5,91.6500015258789,32561343
2020-04-15,93.5999984741211,95.8499984741211,87.0,88.0,33151306
2020-04-16,86.94999694824219,91.4000015258789,86.1500015258789,88.30000305175781,21887868
2020-04-17,92.30000305175781,93.1500015258789,88.80000305175781,92.25,18261189
2020-04-20,93.25,93.5999984741211,89.30000305175781,90.5999984741211,13853103
2020-04-21,87.0,87.0,78.8499984741211,82.9000015258789,32750979
2020-04-22,82.0999984741211,86.3499984741211,80.44999694824219,85.0999984741211,20090386
2020-04-23,85.55000305175781,90.3499984741211,84.80000305175781,86.44999694824219,22240052
2020-04-24,85.0,87.0,78.25,79.1500015258789,24334069
2020-04-27,81.0999984741211,83.0,79.5999984741211,82.25,18036513
2020-04-28,83.0,84.44999694824219,81.5,83.9000015258789,14289244
2020-04-29,83.9000015258789,89.8499984741211,83.0,88.75,25784510
2020-04-30,91.0,96.1500015258789,89.69999694824219,95.0,31627275
2020-05-04,88.9000015258789,88.9000015258789,83.3499984741211,85.4000015258789,20169238
2020-05-05,88.6500015258789,90.30000305175781,85.4000015258789,85.94999694824219,22255536
2020-05-06,87.0,90.25,85.25,89.5,22020932
2020-05-07,88.5,92.5999984741211,87.69999694824219,90.75,18495594
2020-05-08,93.5,94.0,88.25,89.0999984741211,16444431
2020-05-11,90.30000305175781,92.30000305175781,88.30000305175781,89.5999984741211,11132083
2020-05-12,89.0,90.5999984741211,84.25,89.75,16957824
2020-05-13,94.05000305175781,100.9000015258789,91.3499984741211,97.3499984741211,38175696
2020-05-14,95.0,97.5999984741211,92.69999694824219,93.5,15151966
2020-05-15,94.44999694824219,96.5999984741211,91.9000015258789,94.55000305175781,22659497
2020-05-18,94.94999694824219,95.5999984741211,86.75,88.05000305175781,23716504
2020-05-19,90.0,94.19999694824219,89.0999984741211,91.6500015258789,25064205
2020-05-20,91.0,95.69999694824219,90.6500015258789,94.94999694824219,15271764
2020-05-21,94.94999694824219,99.0999984741211,94.1500015258789,98.0,23227182
2020-05-22,96.80000305175781,99.0,92.9000015258789,96.5999984741211,19185968
2020-05-26,100.19999694824219,110.8499984741211,99.0999984741211,109.1500015258789,57513307
2020-05-27,109.1500015258789,116.3499984741211,106.5,115.05000305175781,37503220
2020-05-28,115.05000305175781,120.75,113.80000305175781,119.0999984741211,28096717
2020-05-29,116.0999984741211,122.4000015258789,115.25,121.55000305175781,22712017
2020-06-01,123.19999694824219,131.85000610351562,123.1500015258789,129.60000610351562,25816408
2020-06-02,129.60000610351562,131.3000030517578,127.0,129.3000030517578,20594275
2020-06-03,131.0,132.89999389648438,126.0,127.4000015258789,14628148
2020-06-04,129.5,138.60000610351562,129.0,137.0500030517578,37112431
2020-06-05,138.9499969482422,147.1999969482422,138.35000610351562,145.4499969482422,34572627
2020-06-08,149.4499969482422,150.85000610351562,142.0500030517578,143.6999969482422,21469635
2020-06-09,144.6999969482422,149.0,142.1999969482422,144.1999969482422,17744119
2020-06-10,142.5,145.14999389648438,140.5,142.25,11731725
2020-06-11,142.0,147.9499969482422,139.39999389648438,141.0,13322028
2020-06-12,131.25,143.0,131.1999969482422,141.64999389648438,9828008
2020-06-15,142.6999969482422,143.3000030517578,135.10000610351562,135.89999389648438,13177889
2020-06-16,139.5,146.75,138.14999389648438,143.5,28554032
2020-06-17,142.14999389648438,142.14999389648438,139.0,140.0,7375498
2020-06-18,138.5500030517578,145.9499969482422,138.5500030517578,145.14999389648438,11222367
2020-06-19,146.0500030517578,148.0500030517578,143.60000610351562,145.6999969482422,6878109
2020-06-22,146.0,146.25,143.0,144.39999389648438,5207549
2020-06-23,145.0,148.1999969482422,144.64999389648438,146.25,7806774
2020-06-24,149.0,158.35000610351562,147.39999389648438,148.4499969482422,30133824
2020-06-25,146.0,151.8000030517578,144.25,149.8000030517578,10313929
2020-06-26,151.3000030517578,157.5,151.0,153.1999969482422,16035209
2020-06-29,152.0,158.0500030517578,148.75,153.0500030517578,15681476
2020-06-30,156.0,164.89999389648438,155.0500030517578,161.5,37243230
2020-07-01,163.0,163.25,152.14999389648438,153.75,22520584
2020-07-02,155.3000030517578,157.1999969482422,153.1999969482422,154.10000610351562,11240835
2020-07-03,155.25,156.89999389648438,152.85000610351562,153.6999969482422,8416786
2020-07-06,156.0,160.1999969482422,154.10000610351562,156.9499969482422,15574360
2020-07-07,157.8000030517578,158.14999389648438,152.8000030517578,155.60000610351562,10930287
2020-07-08,156.60000610351562,162.8000030517578,155.5,156.25,19073666
2020-07-09,158.0,166.10000610351562,157.89999389648438,164.0500030517578,21300898
2020-07-10,162.0500030517578,170.0,160.39999389648438,169.14999389648438,20684865
2020-07-13,170.5,172.8000030517578,168.25,170.10000610351562,16663154
2020-07-14,168.89999389648438,168.89999389648438,164.3000030517578,165.6999969482422,9931683
2020-07-15,167.8000030517578,172.75,165.4499969482422,166.39999389648438,14381282
2020-07-16,167.6999969482422,178.25,164.5500030517578,177.0,20601832
2020-07-17,179.39999389648438,181.89999389648438,174.75,176.75,21877756
2020-07-20,177.0,179.3000030517578,174.0,177.64999389648438,8440254
2020-07-21,179.89999389648438,180.39999389648438,174.60000610351562,178.60000610351562,14471605
2020-07-22,179.8000030517578,181.25,168.64999389648438,173.39999389648438,24764376
2020-07-23,174.39999389648438,175.89999389648438,170.0,171.75,8095391
2020-07-24,170.6999969482422,170.85000610351562,165.60000610351562,167.75,7153627
2020-07-27,169.39999389648438,178.39999389648438,168.3000030517578,176.9499969482422,20564172
2020-07-28,177.25,184.0,175.3000030517578,183.3000030517578,18461477
2020-07-29,182.0,185.9499969482422,180.5,184.25,13692592
2020-07-30,184.25,186.8000030517578,178.85000610351562,182.5500030517578,10842225
2020-07-31,182.10000610351562,186.3000030517578,180.75,184.85000610351562,12166469
2020-08-03,185.5,191.25,183.60000610351562,190.8000030517578,12705293
2020-08-04,192.0,195.8000030517578,190.5,194.1999969482422,14977662
2020-08-05,196.0,199.9499969482422,195.0,197.39999389648438,11634932
2020-08-06,198.39999389648438,199.1999969482422,194.39999389648438,196.8000030517578,10524483
2020-08-07,196.8000030517578,201.0,195.25,199.39999389648438,10206972
2020-08-10,200.0,204.0,196.8000030517578,201.60000610351562,13126158
2020-08-11,202.5,216.75,202.0,211.0500030517578,26590998
2020-08-12,209.0,210.60000610351562,203.8000030517578,209.14999389648438,11485730
2020-08-13,210.1999969482422,214.5,209.3000030517578,213.10000610351562,11508473
2020-08-14,213.5,222.39999389648438,208.25,212.0500030517578,23202108
2020-08-17,215.0,225.35000610351562,213.14999389648438,223.60000610351562,23051450
2020-08-18,225.39999389648438,225.9499969482422,221.5500030517578,224.89999389648438,7369160
2020-08-19,226.0,228.9499969482422,225.10000610351562,227.39999389648438,6276869
2020-08-20,224.4499969482422,238.75,223.39999389648438,234.85000610351562,14578306
2020-08-21,236.8000030517578,238.39999389648438,222.10000610351562,223.60000610351562,16189836
2020-08-24,226.4499969482422,230.64999389648438,223.60000610351562,225.8000030517578,14009011
2020-08-25,227.0,227.85000610351562,220.0,222.0,12505409
2020-08-26,222.0,224.8000030517578,220.0500030517578,221.75,9382645
2020-08-27,221.8000030517578,224.4499969482422,213.5500030517578,216.14999389648438,9697356
2020-08-28,217.9499969482422,225.4499969482422,215.5,216.3000030517578,11333546
2020-08-31,217.0,220.25,201.0,205.10000610351562,15322399
2020-09-01,205.0,220.39999389648438,204.14999389648438,218.0,17211191
2020-09-02,218.89999389648438,222.9499969482422,212.5,221.25,15151681
2020-09-03,222.0,226.0,219.10000610351562,221.64999389648438,10668592
2020-09-04,216.9499969482422,217.25,209.0,210.64999389648438,12963624
2020-09-07,211.39999389648438,212.39999389648438,202.5500030517578,204.5500030517578,7217754
2020-09-08,206.25,208.0,192.25,194.8000030517578,9146956
2020-09-09,191.0,197.0,185.5,193.8000030517578,16704093
2020-09-10,196.5,200.60000610351562,192.3000030517578,195.89999389648438,8810657
2020-09-11,196.5,202.6999969482422,195.3000030517578,201.85000610351562,7544839
2020-09-14,211.0,211.35000610351562,206.5,209.64999389648438,8616933
2020-09-15,209.64999389648438,211.5,202.5500030517578,206.1999969482422,6413799
2020-09-16,208.0,209.8000030517578,202.14999389648438,204.14999389648438,3669131
2020-09-17,200.10000610351562,204.0,198.60000610351562,202.25,4272232
2020-09-18,201.5500030517578,203.5,197.10000610351562,198.3000030517578,6008911
2020-09-21,197.89999389648438,198.5500030517578,168.60000610351562,174.39999389648438,25867997
2020-09-22,173.0,175.39999389648438,159.60000610351562,169.89999389648438,27153451
2020-09-23,172.4499969482422,181.4499969482422,160.0,175.8000030517578,23576538
2020-09-24,172.25,174.39999389648438,162.3000030517578,164.1999969482422,14821717
2020-09-25,167.89999389648438,179.6999969482422,166.4499969482422,175.85000610351562,19509333
2020-09-28,176.0500030517578,187.25,175.85000610351562,183.85000610351562,13944924
2020-09-29,184.3000030517578,194.5,182.10000610351562,192.14999389648438,15149304
2020-09-30,191.75,193.9499969482422,184.35000610351562,186.85000610351562,11724469
2020-10-01,186.85000610351562,194.89999389648438,186.8000030517578,190.3000030517578,11995777
2020-10-05,192.6999969482422,198.14999389648438,191.6999969482422,196.6999969482422,11064608
2020-10-06,198.9499969482422,202.39999389648438,191.10000610351562,193.9499969482422,11790447
2020-10-07,192.75,196.89999389648438,187.1999969482422,191.64999389648438,12626537
2020-10-08,192.89999389648438,197.8000030517578,192.0500030517578,194.5,10023987
2020-10-09,195.75,202.0,192.25,193.85000610351562,16913000
2020-10-12,193.9499969482422,196.6999969482422,190.14999389648438,193.0,6001195
2020-10-13,193.4499969482422,194.39999389648438,190.8000030517578,191.8000030517578,2920797
2020-10-14,190.9499969482422,191.89999389648438,188.25,190.14999389648438,3323914
2020-10-15,191.1999969482422,192.6999969482422,181.39999389648438,182.89999389648438,5978662
2020-10-16,184.5,194.8000030517578,179.0,193.6999969482422,10870513
2020-10-19,194.1999969482422,202.85000610351562,190.75,201.6999969482422,12505282
2020-10-20,200.0,203.3000030517578,197.35000610351562,200.4499969482422,6697295
2020-10-21,202.1999969482422,210.0,201.5500030517578,209.10000610351562,13220570
2020-10-22,208.0500030517578,211.0,205.0,208.1999969482422,13031394
2020-10-23,208.6999969482422,214.1999969482422,202.1999969482422,206.25,16788014
2020-10-26,204.64999389648438,204.64999389648438,185.64999389648438,195.6999969482422,23104866
2020-10-27,193.9499969482422,195.64999389648438,189.75,193.0500030517578,12159953
2020-10-28,193.39999389648438,200.39999389648438,189.0,190.60000610351562,12921177
2020-10-29,188.75,192.89999389648438,185.8000030517578,189.60000610351562,10243697
2020-10-30,191.0,195.39999389648438,184.5,191.5,20919229
2020-11-02,191.5,194.75,187.25,190.8000030517578,14266886
2020-11-03,192.39999389648438,202.8000030517578,192.35000610351562,201.64999389648438,19495118
2020-11-04,202.3000030517578,210.85000610351562,201.0,207.5500030517578,20281048
2020-11-05,210.0500030517578,213.4499969482422,206.64999389648438,211.64999389648438,13030954
2020-11-06,211.6999969482422,216.0,209.5,212.3000030517578,10323094
2020-11-09,212.3000030517578,214.39999389648438,209.0,210.0,5612423
2020-11-10,212.0500030517578,214.60000610351562,208.10000610351562,213.85000610351562,6709096
2020-11-11,213.9499969482422,220.0,212.60000610351562,219.14999389648438,8316444
2020-11-12,220.0,221.9499969482422,215.10000610351562,218.10000610351562,5125578
2020-11-13,217.4499969482422,217.4499969482422,213.0,215.10000610351562,4166342
2020-11-14,217.0,218.5,214.89999389648438,216.39999389648438,761948
2020-11-17,217.0,230.75,217.0,228.85000610351562,10920316
2020-11-18,228.0,229.64999389648438,223.5500030517578,228.0500030517578,4081823
2020-11-19,225.0,235.39999389648438,224.25,233.64999389648438,11777158
2020-11-20,236.75,245.0,231.6999969482422,236.5500030517578,18339216
2020-11-23,239.0,245.8000030517578,238.5,242.0500030517578,9931028
2020-11-24,243.89999389648438,245.64999389648438,235.6999969482422,240.9499969482422,8472362
2020-11-25,241.60000610351562,248.0,232.0,235.1999969482422,11344961
2020-11-26,234.60000610351562,250.8000030517578,232.25,249.60000610351562,12732331
2020-11-27,250.0,252.25,242.14999389648438,244.0,12116579
2020-12-01,246.0,257.45001220703125,243.60000610351562,253.14999389648438,9734697
2020-12-02,252.1999969482422,268.3500061035156,251.1999969482422,259.1000061035156,22314238
2020-12-03,259.6000061035156,265.20001220703125,259.6000061035156,263.1499938964844,11854299
2020-12-04,263.70001220703125,271.45001220703125,257.54998779296875,267.29998779296875,17365825
2020-12-07,267.29998779296875,272.8999938964844,264.5,266.3500061035156,10334837
2020-12-08,267.8999938964844,268.70001220703125,254.1999969482422,260.29998779296875,12708530
2020-12-09,262.20001220703125,265.0,256.1499938964844,258.1000061035156,6605175
2020-12-10,257.0,263.6000061035156,252.5500030517578,259.3999938964844,7720336
2020-12-11,260.5,264.25,258.54998779296875,260.6000061035156,6458937
2020-12-14,264.8500061035156,269.3999938964844,261.0,263.29998779296875,9956703
2020-12-15,264.0,273.95001220703125,261.3999938964844,272.79998779296875,9969730
2020-12-16,275.0,287.3500061035156,273.1499938964844,285.6000061035156,16676228
2020-12-17,285.0,286.8999938964844,275.54998779296875,278.1000061035156,7336203
2020-12-18,278.0,280.95001220703125,270.6499938964844,272.04998779296875,6978398
2020-12-21,269.5,273.70001220703125,244.85000610351562,252.8000030517578,9801151
2020-12-22,253.0,261.8999938964844,246.3000030517578,260.1000061035156,11697459
2020-12-23,261.5,263.3999938964844,254.5,262.29998779296875,9481749
2020-12-24,264.75,269.5,258.0,259.25,10510931
2020-12-28,259.29998779296875,269.0,259.20001220703125,267.1499938964844,8007419
2020-12-29,269.0,271.1000061035156,257.79998779296875,259.3999938964844,8428134
2020-12-30,263.29998779296875,268.8999938964844,260.20001220703125,265.95001220703125,9449170
2020-12-31,264.0,270.5,262.04998779296875,266.45001220703125,7949979
2021-01-01,268.29998779296875,272.8500061035156,268.1000061035156,270.1499938964844,8047337
2021-01-04,273.29998779296875,290.0,272.70001220703125,287.70001220703125,16083859
2021-01-05,286.5,288.0,282.1000061035156,284.6499938964844,7992858
2021-01-06,285.95001220703125,290.6000061035156,278.1499938964844,284.20001220703125,12378749
2021-01-07,288.0,304.6499938964844,287.25,298.0,16883643
2021-01-08,300.5,302.6000061035156,290.8999938964844,293.79998779296875,9970177
2021-01-11,295.0,295.25,284.8999938964844,293.04998779296875,8300395
2021-01-12,292.5,307.0,290.3999938964844,294.3999938964844,12056629
2021-01-13,297.29998779296875,305.75,288.29998779296875,299.75,10560096
2021-01-14,299.70001220703125,301.0,291.3500061035156,293.6499938964844,5834247
2021-01-15,295.0,304.0,293.20001220703125,299.0,12385982
2021-01-18,299.0,299.3999938964844,279.45001220703125,282.45001220703125,9306301
2021-01-19,286.0,298.70001220703125,284.20001220703125,295.8999938964844,8412997
2021-01-20,296.0,306.75,294.04998779296875,305.04998779296875,11213922
2021-01-21,307.0,310.5,295.20001220703125,301.1000061035156,16599082
2021-01-22,304.79998779296875,309.25,278.1000061035156,281.6499938964844,24406863
2021-01-25,287.0,290.79998779296875,268.20001220703125,279.6499938964844,14820160
2021-01-27,280.0,280.3999938964844,266.0,272.04998779296875,11603788
2021-01-28,263.0,274.70001220703125,263.0,270.95001220703125,8213950
2021-01-29,273.70001220703125,275.0,258.20001220703125,261.75,10965798
2021-02-01,262.0,280.3500061035156,257.1499938964844,277.5,12684256
2021-02-02,280.20001220703125,286.29998779296875,271.20001220703125,276.1000061035156,13596700
2021-02-03,277.8999938964844,294.79998779296875,275.25,285.5,12034014
2021-02-04,284.3500061035156,292.75,282.04998779296875,288.3999938964844,8512753
2021-02-05,291.3500061035156,301.04998779296875,280.5,299.20001220703125,14614529
2021-02-08,302.20001220703125,311.6000061035156,297.79998779296875,307.1499938964844,15504570
2021-02-09,307.0,317.25,304.8500061035156,309.75,17242835
2021-02-10,314.0,318.3999938964844,303.95001220703125,311.45001220703125,15272126
2021-02-11,310.0,318.0,308.3500061035156,315.54998779296875,8020929
2021-02-12,315.95001220703125,316.8999938964844,307.1000061035156,308.29998779296875,6546595
2021-02-15,311.0,314.5,306.45001220703125,308.6000061035156,6379749
2021-02-16,309.0,335.8999938964844,308.79998779296875,332.6499938964844,26320619
2021-02-17,329.1000061035156,329.70001220703125,321.04998779296875,325.20001220703125,9900841
2021-02-18,325.5,332.8999938964844,325.5,327.8500061035156,8261985
2021-02-19,324.8999938964844,332.95001220703125,312.3500061035156,321.5,11751459
2021-02-22,320.04998779296875,332.3999938964844,318.0,321.6499938964844,11165599
2021-02-23,323.6000061035156,342.0,321.1499938964844,336.8999938964844,12824670
2021-02-24,339.0,344.6499938964844,332.0,338.1499938964844,7132578
2021-02-25,340.29998779296875,346.95001220703125,340.0,344.8999938964844,6333361
2021-02-26,338.0,345.8999938964844,332.0,335.8999938964844,8851273
2021-03-01,338.0,348.70001220703125,332.6000061035156,345.3999938964844,5995931
2021-03-02,346.25,346.25,335.3500061035156,338.29998779296875,7687364
2021-03-03,341.3500061035156,354.79998779296875,341.0,349.54998779296875,8703428
2021-03-04,338.6499938964844,344.0,335.20001220703125,336.54998779296875,8664486
2021-03-05,333.5,333.6499938964844,313.5,322.3500061035156,13458441
2021-03-08,325.6000061035156,332.3500061035156,322.25,324.04998779296875,6022231
2021-03-09,326.5,329.6000061035156,309.3999938964844,312.8500061035156,8121292
2021-03-10,315.45001220703125,322.29998779296875,311.3999938964844,320.3500061035156,6903410
2021-03-12,327.0,332.5,314.0,317.6499938964844,8661309
2021-03-15,320.45001220703125,327.29998779296875,315.79998779296875,326.1000061035156,7642941
2021-03-16,328.0,328.8999938964844,320.0,323.54998779296875,4796079
2021-03-17,320.0,324.5,305.6000061035156,308.75,6430311
2021-03-18,312.04998779296875,318.6000061035156,302.6000061035156,309.3500061035156,6372698
2021-03-19,306.0,317.0,296.70001220703125,313.04998779296875,12819655
2021-03-22,313.0,323.79998779296875,309.0,320.95001220703125,7824327
2021-03-23,322.04998779296875,325.5,313.6499938964844,315.6499938964844,8085284
2021-03-24,311.0,315.8999938964844,305.0,306.8999938964844,7978045
2021-03-25,306.5,313.70001220703125,297.25,309.25,12384761
2021-03-26,314.25,327.79998779296875,311.0,324.20001220703125,9743664
2021-03-30,329.6000061035156,340.8999938964844,328.20001220703125,336.45001220703125,9379719
2021-03-31,337.0,347.5,334.0,343.6000061035156,6912102
2021-04-01,346.3999938964844,373.5,346.0,370.8999938964844,14147031
2021-04-05,370.8999938964844,386.0,359.25,382.8500061035156,11514234
2021-04-06,392.20001220703125,397.0,384.3999938964844,388.8500061035156,16986573
2021-04-07,390.20001220703125,394.8999938964844,385.3500061035156,388.79998779296875,10294775
2021-04-08,393.5,427.5,391.3999938964844,415.6499938964844,27365406
2021-04-09,416.0,426.25,401.5,412.3500061035156,14532585
2021-04-12,404.8999938964844,409.6499938964844,386.1499938964844,389.0,11886755
2021-04-13,389.0,411.6499938964844,384.29998779296875,409.45001220703125,12033319
2021-04-15,413.8500061035156,422.95001220703125,403.0,414.29998779296875,12092334
2021-04-16,416.70001220703125,424.70001220703125,411.6000061035156,414.0,9209394
2021-04-19,403.0,418.70001220703125,398.1000061035156,413.79998779296875,10772613
2021-04-20,419.0,436.8999938964844,418.0,431.54998779296875,19220825
2021-04-22,431.29998779296875,446.0,428.1000061035156,441.6000061035156,16382110
2021-04-23,444.8999938964844,449.5,431.25,437.04998779296875,15212228
2021-04-26,441.0,451.3999938964844,438.6499938964844,442.95001220703125,12314848
2021-04-27,445.0,456.0,436.6499938964844,449.8999938964844,17708967
2021-04-28,453.79998779296875,453.95001220703125,436.04998779296875,443.6000061035156,15697777
2021-04-29,449.0,459.25,442.29998779296875,454.25,20739925
2021-04-30,447.3999938964844,455.8500061035156,432.3999938964844,441.5,16715876
2021-05-03,438.0,451.75,434.20001220703125,445.29998779296875,12397053
2021-05-04,450.0,453.79998779296875,433.5,435.75,11563827
2021-05-05,439.8999938964844,443.0,433.20001220703125,439.3999938964844,7379545
2021-05-06,441.0,462.1000061035156,439.0,458.8999938964844,16058047
2021-05-07,465.1000061035156,485.0,463.6499938964844,479.8999938964844,17370389
2021-05-10,488.95001220703125,501.70001220703125,487.0,490.20001220703125,12543953
2021-05-11,481.0,486.3999938964844,468.45001220703125,476.20001220703125,14239603
2021-05-12,479.8999938964844,482.3999938964844,445.25,456.6000061035156,12104730
2021-05-14,462.0,462.0,388.54998779296875,417.29998779296875,53810900
2021-05-17,421.0,440.6499938964844,412.25,435.5,21659972
2021-05-18,445.0,456.29998779296875,434.79998779296875,439.3999938964844,16216804
2021-05-19,433.95001220703125,440.45001220703125,420.29998779296875,421.8500061035156,12763170
2021-05-20,408.5,418.25,390.0,401.04998779296875,35292844
2021-05-21,405.79998779296875,412.5,401.0,403.1499938964844,10623656
2021-05-24,401.95001220703125,404.25,392.0,397.8500061035156,10885382
2021-05-25,403.0,417.5,403.0,407.6499938964844,14180170
2021-05-26,402.0,402.0,386.45001220703125,389.8500061035156,17597454
2021-05-27,391.3500061035156,402.0,381.20001220703125,394.8500061035156,14530974
2021-05-28,408.45001220703125,412.45001220703125,393.3999938964844,396.1000061035156,14341709
2021-05-31,395.79998779296875,408.3999938964844,392.75,407.20001220703125,10026676
2021-06-01,410.0,410.8999938964844,390.25,396.5,13200999
2021-06-02,396.3999938964844,403.5,396.0,398.79998779296875,6350316
2021-06-03,402.95001220703125,406.5,395.0,397.3999938964844,10167620
2021-06-04,396.3999938964844,401.20001220703125,393.6499938964844,398.6000061035156,6761375
2021-06-07,401.25,410.5,400.0,404.75,11066997
2021-06-08,407.0,407.5,394.6000061035156,401.75,9620313
2021-06-09,403.70001220703125,407.29998779296875,394.45001220703125,397.6499938964844,7707531
2021-06-10,400.5,407.20001220703125,399.3500061035156,405.45001220703125,8660122
2021-06-11,409.0,422.3999938964844,404.6499938964844,421.1000061035156,17216758
2021-06-14,424.0,428.70001220703125,405.95001220703125,425.1000061035156,15785263
2021-06-15,427.8999938964844,429.6000061035156,420.1000061035156,422.5,8374127
2021-06-16,420.75,424.6000061035156,405.29998779296875,407.3500061035156,14457301
2021-06-17,401.5,411.70001220703125,392.3500061035156,395.5,10354231
2021-06-18,395.0,395.0,365.0,388.3500061035156,22497537
2021-06-21,376.0,388.5,373.45001220703125,381.95001220703125,18216426
2021-06-22,386.29998779296875,395.0,384.54998779296875,388.70001220703125,9863264
2021-06-23,390.45001220703125,394.79998779296875,383.20001220703125,385.20001220703125,5167908
2021-06-24,386.0,392.20001220703125,383.6000061035156,386.3999938964844,5919171
2021-06-25,391.95001220703125,401.8999938964844,390.25,395.6000061035156,10914596
2021-06-28,398.0,409.75,394.04998779296875,408.3500061035156,10910974
2021-06-29,408.20001220703125,410.70001220703125,397.20001220703125,398.95001220703125,7162050
2021-06-30,402.3500061035156,408.6000061035156,396.20001220703125,397.45001220703125,8316359
2021-07-01,401.0,401.0,392.1499938964844,394.79998779296875,7915431
2021-07-02,396.8999938964844,397.0,387.25,388.1499938964844,5780873
2021-07-05,391.3500061035156,396.3999938964844,385.3500061035156,394.1499938964844,5920446
2021-07-06,394.0,398.1000061035156,387.1000061035156,391.0,5032091
2021-07-07,393.0,402.6000061035156,384.04998779296875,400.20001220703125,11491655
2021-07-08,400.95001220703125,401.75,384.29998779296875,386.54998779296875,9009413
2021-07-09,386.0,396.8500061035156,383.3999938964844,394.75,7768549
2021-07-12,398.25,402.5,391.1000061035156,392.8500061035156,7880289
2021-07-13,396.0,401.5,393.70001220703125,395.0,5755567
2021-07-14,396.0,399.3999938964844,392.45001220703125,396.04998779296875,5006578
2021-07-15,397.1000061035156,401.1000061035156,394.3500061035156,397.0,6608656
2021-07-16,399.29998779296875,408.79998779296875,397.5,405.95001220703125,10515786
2021-07-19,400.0,404.54998779296875,390.0,393.45001220703125,9945721
2021-07-20,395.45001220703125,395.45001220703125,378.6000061035156,380.1499938964844,10162199
2021-07-22,385.5,396.70001220703125,385.0,394.3999938964844,9400295
2021-07-23,397.70001220703125,400.54998779296875,394.0,397.70001220703125,8459294
2021-07-26,437.45001220703125,437.45001220703125,402.3500061035156,403.79998779296875,24514886
2021-07-27,406.04998779296875,423.3500061035156,406.0,419.79998779296875,18459577
2021-07-28,420.1000061035156,423.45001220703125,407.04998779296875,419.70001220703125,12069376
2021-07-29,421.70001220703125,447.0,419.1000061035156,437.6000061035156,24314941
2021-07-30,435.0,443.79998779296875,429.3999938964844,431.75,10427407
2021-08-02,435.0,435.0,422.79998779296875,424.5,7334357
2021-08-03,425.5,426.6000061035156,416.79998779296875,421.75,7230759
2021-08-04,424.0,432.1000061035156,413.6499938964844,415.95001220703125,9929938
2021-08-05,417.95001220703125,427.29998779296875,410.0,425.3500061035156,8561081
2021-08-06,424.95001220703125,427.1499938964844,420.0,421.70001220703125,5216193
2021-08-09,424.04998779296875,428.95001220703125,414.20001220703125,418.1499938964844,7649732
2021-08-10,419.0,419.79998779296875,396.3500061035156,400.45001220703125,10550247
2021-08-11,405.5,424.8999938964844,405.5,421.3500061035156,17266941
2021-08-12,423.0,426.70001220703125,419.04998779296875,424.25,6466461
2021-08-13,423.0,432.5,414.0,424.25,10182311
2021-08-16,422.70001220703125,434.95001220703125,420.79998779296875,430.29998779296875,10165396
2021-08-17,429.70001220703125,433.0,412.8999938964844,414.95001220703125,10044107
2021-08-18,414.95001220703125,418.29998779296875,403.79998779296875,408.0,9405766
2021-08-20,391.0,395.5,374.0,376.8500061035156,15773398
2021-08-23,383.6499938964844,385.5,357.6000061035156,363.6000061035156,16523384
2021-08-24,369.95001220703125,377.3999938964844,367.5,372.75,10065675
2021-08-25,375.1000061035156,382.6499938964844,370.29998779296875,375.3999938964844,8530532
2021-08-26,375.95001220703125,377.29998779296875,369.0,371.25,7890653
2021-08-27,372.0,376.3999938964844,370.0,371.5,6693997
2021-08-30,376.04998779296875,384.8999938964844,375.0,381.45001220703125,8142482
2021-08-31,381.3999938964844,383.0,375.95001220703125,376.95001220703125,10414277
2021-09-01,378.95001220703125,379.8999938964844,368.5,370.79998779296875,8361942
2021-09-02,371.70001220703125,379.8999938964844,368.79998779296875,377.75,7327328
2021-09-03,376.0,394.0,375.5,392.6000061035156,11542927
2021-09-06,396.8999938964844,396.8999938964844,386.1499938964844,390.29998779296875,8303871
2021-09-07,393.0,404.79998779296875,389.79998779296875,399.8500061035156,12792717
2021-09-08,398.79998779296875,403.45001220703125,393.04998779296875,395.79998779296875,6035429
2021-09-09,397.5,402.54998779296875,395.20001220703125,400.3500061035156,6072716
2021-09-13,402.29998779296875,404.45001220703125,399.3500061035156,403.5,5132723
2021-09-14,405.0,408.29998779296875,400.25,401.1000061035156,5800969
2021-09-15,402.54998779296875,406.20001220703125,399.25,401.8999938964844,6194694
2021-09-16,404.70001220703125,405.8999938964844,394.20001220703125,395.1000061035156,6523771
2021-09-17,398.0,398.20001220703125,378.29998779296875,386.6000061035156,12906039
2021-09-20,378.5,378.5,349.0,351.1000061035156,18657173
2021-09-21,352.5,363.70001220703125,347.1000061035156,361.6000061035156,12597294
2021-09-22,363.0,371.70001220703125,358.8500061035156,365.95001220703125,7224345
2021-09-23,372.0,374.0,369.0,371.1499938964844,5410189
2021-09-24,372.8999938964844,372.8999938964844,357.0,359.1499938964844,7902775
2021-09-27,360.5,362.5,354.04998779296875,357.79998779296875,5284583
2021-09-28,360.0,366.0,356.20001220703125,361.3999938964844,5705876
2021-09-29,358.95001220703125,386.79998779296875,358.3999938964844,382.5,18537905
2021-09-30,384.0,394.79998779296875,382.20001220703125,389.25,11425042
2021-10-01,386.6499938964844,409.5,379.6000061035156,401.70001220703125,17193037
2021-10-04,404.79998779296875,419.8999938964844,402.5,418.3999938964844,13836045
2021-10-05,418.45001220703125,425.79998779296875,414.29998779296875,421.1499938964844,10464852
2021-10-06,422.0,427.79998779296875,407.75,409.6499938964844,7957394
2021-10-07,414.1000061035156,419.79998779296875,406.20001220703125,407.6000061035156,6127096
2021-10-08,412.0,425.0,411.75,415.8500061035156,9816429
2021-10-11,420.04998779296875,421.5,412.0,412.8999938964844,5070562
2021-10-12,413.79998779296875,422.75,408.54998779296875,418.79998779296875,7390169
2021-10-13,417.0,442.54998779296875,412.0,432.6000061035156,14252173
2021-10-14,436.1000061035156,453.79998779296875,432.6000061035156,446.5,10695420
2021-10-18,451.6000061035156,461.0,450.1000061035156,452.1000061035156,10750659
2021-10-19,464.79998779296875,472.6499938964844,435.29998779296875,439.75,12285531
2021-10-20,439.75,446.0,427.04998779296875,441.20001220703125,7341439
2021-10-21,444.5,446.20001220703125,421.3500061035156,433.79998779296875,7179385
2021-10-22,435.8999938964844,436.5,420.8999938964844,425.1000061035156,5692093
2021-10-25,427.1499938964844,432.54998779296875,415.0,425.29998779296875,4519537
2021-10-26,428.29998779296875,448.8999938964844,426.54998779296875,445.70001220703125,6521650
2021-10-27,448.29998779296875,448.6499938964844,428.8500061035156,430.3999938964844,4966436
2021-10-28,426.5,426.70001220703125,408.5,414.1499938964844,7937914
2021-10-29,410.0,423.5,406.79998779296875,417.29998779296875,5982825
2021-11-01,421.0,434.1000061035156,420.5,430.8999938964844,4712097
2021-11-02,434.0,438.54998779296875,417.3500061035156,418.8999938964844,9190392
2021-11-03,423.70001220703125,429.20001220703125,417.20001220703125,422.54998779296875,8741833
2021-11-04,424.95001220703125,425.1499938964844,418.45001220703125,423.20001220703125,421029
2021-11-08,426.0,428.0,416.20001220703125,424.6000061035156,5240000
2021-11-09,424.79998779296875,431.0,410.29998779296875,413.29998779296875,11324467
2021-11-10,412.0,412.6000061035156,397.0,399.25,11428841
2021-11-11,402.95001220703125,404.8999938964844,397.6000061035156,401.75,5441641
2021-11-12,405.5,407.3500061035156,393.04998779296875,398.5,6996964
2021-11-15,401.6000061035156,401.6000061035156,387.0,388.29998779296875,5942662
2021-11-16,386.6000061035156,393.54998779296875,383.3999938964844,385.04998779296875,5736307
2021-11-17,383.6000061035156,390.45001220703125,380.45001220703125,381.8999938964844,4510931
2021-11-18,382.0,385.70001220703125,367.5,370.04998779296875,7052933
2021-11-22,371.0,373.0,362.04998779296875,368.3999938964844,4797124
2021-11-23,368.0,385.3500061035156,367.79998779296875,380.8500061035156,6970887
2021-11-24,383.0,391.20001220703125,379.79998779296875,383.04998779296875,6334540
2021-11-25,382.25,384.70001220703125,376.0,381.54998779296875,5149021
2021-11-26,375.0,376.25,352.3500061035156,354.3999938964844,8888472
2021-11-29,354.3999938964844,358.0,340.0,352.6499938964844,9338109
2021-11-30,352.70001220703125,358.8999938964844,341.5,343.54998779296875,7486278
2021-12-01,347.0,351.75,344.25,347.20001220703125,8310368
2021-12-02,346.6000061035156,357.0,343.04998779296875,354.04998779296875,7496087
2021-12-03,355.0,366.95001220703125,353.1499938964844,359.45001220703125,5937967
2021-12-06,358.5,365.3999938964844,352.8999938964844,356.79998779296875,5309123
2021-12-07,359.6000061035156,370.70001220703125,359.04998779296875,367.95001220703125,5908638
2021-12-08,373.45001220703125,383.0,370.3500061035156,381.3999938964844,11630602
2021-12-09,384.95001220703125,392.25,379.1000061035156,390.95001220703125,7890573
2021-12-10,387.8999938964844,398.3999938964844,385.70001220703125,395.45001220703125,6916045
2021-12-13,409.0,409.0,395.1000061035156,395.8500061035156,7021123
2021-12-14,390.5,401.0,389.6000061035156,399.1000061035156,5193670
2021-12-15,399.0,405.6000061035156,395.0,395.8999938964844,5197495
2021-12-16,398.70001220703125,401.95001220703125,392.1000061035156,395.0,4730287
2021-12-17,395.0,398.3500061035156,382.5,386.04998779296875,5908359
2021-12-20,380.0,380.45001220703125,357.1000061035156,364.1499938964844,7368367
2021-12-21,370.79998779296875,382.1499938964844,366.1499938964844,378.04998779296875,5272426
2021-12-22,380.0,383.79998779296875,375.6499938964844,379.95001220703125,2714085
2021-12-23,383.0,389.79998779296875,382.6000061035156,385.54998779296875,5102828
2021-12-24,386.0,387.54998779296875,377.8500061035156,384.29998779296875,3293420
2021-12-27,382.0,383.3999938964844,377.20001220703125,381.0,2220250
2021-12-28,385.0,385.70001220703125,381.25,383.20001220703125,1855502
2021-12-29,383.70001220703125,383.75,373.0,376.1499938964844,3347746
2021-12-30,374.1499938964844,379.3999938964844,368.75,370.1000061035156,2800848
2021-12-31,371.0,381.70001220703125,371.0,377.25,2721297
2022-01-03,379.25,387.3999938964844,377.04998779296875,385.8500061035156,2331615
2022-01-04,388.04998779296875,390.45001220703125,382.0,388.20001220703125,3847048
2022-01-05,388.0,408.45001220703125,386.25,406.3999938964844,9891594
2022-01-06,404.0,411.1000061035156,400.29998779296875,402.8999938964844,5791462
2022-01-07,406.8999938964844,408.75,399.6000061035156,406.6000061035156,3868930
2022-01-10,410.3999938964844,410.6000061035156,402.8500061035156,404.29998779296875,3564673
2022-01-11,400.0,403.70001220703125,382.6000061035156,383.95001220703125,8641956
2022-01-12,387.0,394.6000061035156,386.54998779296875,390.3999938964844,3823504
2022-01-13,391.5,414.5,391.1499938964844,413.20001220703125,12631114
2022-01-14,411.0,421.3999938964844,408.6000061035156,418.6499938964844,6714395
2022-01-17,420.0,423.6000061035156,414.54998779296875,418.6499938964844,5629017
2022-01-18,420.0,421.6499938964844,400.5,402.3999938964844,5251367
2022-01-19,402.5,413.6000061035156,398.3500061035156,409.0,6338539
2022-01-20,411.45001220703125,420.6000061035156,407.8500061035156,418.20001220703125,5606748
2022-01-21,414.0,417.3999938964844,401.0,405.1499938964844,6469700
2022-01-24,402.0,402.6499938964844,370.6499938964844,376.95001220703125,8097592
2022-01-25,377.0,383.3500061035156,371.29998779296875,376.54998779296875,5563162
2022-01-27,370.0,378.45001220703125,361.1499938964844,375.5,6635808
2022-01-28,380.0,396.75,380.0,382.6000061035156,6025485
2022-01-31,388.8500061035156,390.54998779296875,382.6499938964844,386.0,4610487
2022-02-01,389.70001220703125,413.70001220703125,386.0,411.1499938964844,10377270
2022-02-02,414.0,418.5,406.8999938964844,416.8999938964844,5440855
2022-02-03,413.6000061035156,425.75,413.29998779296875,417.5,6623741
2022-02-04,418.70001220703125,431.5,417.75,424.3999938964844,7140522
2022-02-07,426.0,434.29998779296875,419.75,421.54998779296875,6533398
2022-02-08,424.0,429.3999938964844,410.5,422.29998779296875,7882733
2022-02-09,409.70001220703125,418.95001220703125,401.25,416.5,11868324
2022-02-10,418.0,442.1000061035156,418.0,440.8999938964844,16483464
2022-02-11,435.95001220703125,444.79998779296875,433.79998779296875,436.3999938964844,9998336
2022-02-14,422.3500061035156,429.0,402.5,407.6499938964844,8907990
2022-02-15,409.70001220703125,417.6000061035156,393.0,415.70001220703125,11225764
2022-02-16,418.8999938964844,420.54998779296875,412.29998779296875,413.95001220703125,5635279
2022-02-17,416.04998779296875,421.6000061035156,409.29998779296875,415.3999938964844,4835093
2022-02-18,412.1499938964844,420.75,411.3999938964844,413.1499938964844,3632694
2022-02-21,410.04998779296875,423.6499938964844,409.0,415.1499938964844,6047365
2022-02-22,405.5,410.79998779296875,395.70001220703125,406.45001220703125,7263740
2022-02-23,410.95001220703125,411.95001220703125,400.6499938964844,403.0,4344345
2022-02-24,387.0,395.45001220703125,367.75,369.79998779296875,9146123
2022-02-25,383.45001220703125,405.95001220703125,375.25,399.75,9564373
2022-02-28,394.0,426.3999938964844,392.1000061035156,424.8500061035156,12206595
2022-03-02,422.0,452.25,420.75,444.1499938964844,13939790
2022-03-03,450.0,462.70001220703125,443.0,445.1000061035156,9613194
2022-03-04,447.1000061035156,452.79998779296875,426.20001220703125,435.75,10981256
2022-03-07,435.75,446.95001220703125,429.1499938964844,443.8500061035156,9816426
2022-03-08,443.8500061035156,445.0,426.20001220703125,442.0,7848374
2022-03-09,445.0,459.20001220703125,437.0,449.75,6811358
2022-03-10,452.0,470.8500061035156,439.8999938964844,467.79998779296875,11549021
2022-03-11,466.0,481.6000061035156,465.0,479.25,11870331
2022-03-14,484.5,485.70001220703125,470.54998779296875,476.3500061035156,6558924
2022-03-15,472.5,474.29998779296875,445.79998779296875,452.5,8631742
2022-03-16,456.5,471.8999938964844,454.1000061035156,465.1000061035156,7602106
2022-03-17,473.0,486.6000061035156,470.0,477.1499938964844,7937854
2022-03-21,484.95001220703125,494.75,480.6499938964844,487.6000061035156,7437561
2022-03-22,489.45001220703125,497.75,483.0,493.1000061035156,5845218
2022-03-23,498.70001220703125,514.3499755859375,485.6000061035156,510.79998779296875,13325630
2022-03-24,511.70001220703125,529.3499755859375,510.79998779296875,521.6500244140625,10208046
2022-03-25,527.7000122070312,536.0,523.0,529.6500244140625,9882557
2022-03-28,529.2000122070312,532.7999877929688,513.8499755859375,519.7999877929688,7807323
2022-03-29,522.0499877929688,540.5499877929688,518.5999755859375,535.0499877929688,8356494
2022-03-30,536.0,536.5999755859375,515.9000244140625,519.8499755859375,16990894
2022-03-31,521.0,544.4000244140625,518.4500122070312,532.8499755859375,18778369
2022-04-01,534.0,537.7999877929688,526.2000122070312,530.8499755859375,7134107
2022-04-04,531.25,550.6500244140625,531.25,547.4500122070312,7806545
2022-04-05,551.9500122070312,557.8499755859375,544.0499877929688,545.8499755859375,8880806
2022-04-06,540.0,563.9500122070312,540.0,561.1500244140625,7073542
2022-04-07,565.0,566.0,548.0499877929688,549.9000244140625,6844088
2022-04-08,552.4500122070312,569.5,550.5,562.7999877929688,6645250
2022-04-11,566.9000244140625,577.7999877929688,564.4500122070312,571.2000122070312,6909601
2022-04-12,568.9500122070312,570.5999755859375,545.5,558.25,6939835
2022-04-13,560.2999877929688,567.7000122070312,550.0,552.4000244140625,5289646
2022-04-18,550.0,558.25,543.25,553.0499877929688,4799385
2022-04-19,558.8499755859375,569.9000244140625,545.7000122070312,553.75,5597174
2022-04-20,556.0,563.25,549.75,556.9500122070312,4782655
2022-04-21,560.0,560.0,523.3499755859375,540.75,14755221
2022-04-22,538.0,542.6500244140625,533.0,537.8499755859375,4747073
2022-04-25,529.0,529.6500244140625,514.0,526.2000122070312,6834922
2022-04-26,531.25,534.5,523.0499877929688,525.1500244140625,5144109
2022-04-27,522.0499877929688,542.0,518.5,539.8499755859375,6986381
2022-04-28,544.9500122070312,549.1500244140625,536.0499877929688,545.2999877929688,7231399
2022-04-29,546.9000244140625,551.9500122070312,538.1500244140625,540.0499877929688,4427011
2022-05-02,532.0499877929688,539.4000244140625,520.25,532.8499755859375,3966334
2022-05-04,537.7000122070312,540.0,517.2999877929688,520.3499755859375,4177538
2022-05-05,526.5,536.3499755859375,521.4000244140625,523.25,4550796
2022-05-06,513.0,516.0,498.0,503.79998779296875,4617742
2022-05-09,492.5,501.8999938964844,488.75,497.0,4390524
2022-05-10,494.04998779296875,497.5,460.5,464.29998779296875,6580359
2022-05-11,463.0,479.3500061035156,458.45001220703125,474.6499938964844,9760025
2022-05-12,469.0,472.0,447.8500061035156,461.1000061035156,7443538
2022-05-13,469.0,481.5,450.95001220703125,453.54998779296875,8174027
2022-05-16,455.95001220703125,471.20001220703125,452.1499938964844,462.29998779296875,5915386
2022-05-17,468.0,487.1499938964844,466.6000061035156,483.79998779296875,6556427
2022-05-18,487.5,487.5,471.6000061035156,482.29998779296875,6788982
2022-05-19,470.0,472.8999938964844,452.6000061035156,460.75,7409602
2022-05-20,475.0,481.70001220703125,469.95001220703125,478.79998779296875,4452873
2022-05-23,446.0,447.5,384.04998779296875,395.54998779296875,29084924
2022-05-24,398.0,403.5,383.6000061035156,394.0,16039787
2022-05-25,397.0,398.29998779296875,375.6499938964844,381.29998779296875,11445512
2022-05-26,378.95001220703125,396.79998779296875,371.25,394.25,12425196
2022-05-27,400.0,401.6000061035156,388.8999938964844,396.45001220703125,7727787
2022-05-30,401.0,401.29998779296875,380.3500061035156,386.95001220703125,8629539
2022-05-31,381.1000061035156,392.79998779296875,373.75,377.8500061035156,65903602
2022-06-01,384.95001220703125,386.3999938964844,373.54998779296875,376.20001220703125,10235470
2022-06-02,379.8500061035156,382.79998779296875,372.5,377.3999938964844,7648378
2022-06-03,381.0,383.1000061035156,361.8999938964844,363.5,8753176
2022-06-06,361.0,370.95001220703125,355.20001220703125,370.1000061035156,7039354
2022-06-07,368.0,371.54998779296875,360.6000061035156,365.25,5222981
2022-06-08,366.0,377.5,365.79998779296875,373.3500061035156,7140120
2022-06-09,370.0,374.3500061035156,365.20001220703125,369.54998779296875,4095657
2022-06-10,365.0,369.29998779296875,357.3999938964844,367.54998779296875,6431099
2022-06-13,359.0,361.70001220703125,348.29998779296875,350.45001220703125,5172294
2022-06-14,350.04998779296875,358.70001220703125,346.6499938964844,348.25,5636271
2022-06-15,351.79998779296875,354.95001220703125,347.3500061035156,348.54998779296875,3244368
2022-06-16,352.95001220703125,355.75,323.8999938964844,326.6499938964844,6334431
2022-06-17,324.0,338.3500061035156,319.5,329.20001220703125,6958109
2022-06-20,328.0,328.8500061035156,308.25,313.29998779296875,6831046
2022-06-21,318.95001220703125,329.3500061035156,314.04998779296875,326.8999938964844,4794355
2022-06-22,323.8999938964844,323.8999938964844,304.20001220703125,307.45001220703125,7723854
2022-06-23,309.5,316.1499938964844,304.6499938964844,309.8500061035156,5882772
2022-06-24,311.5,318.70001220703125,308.0,317.6000061035156,5110202
2022-06-27,323.0,330.8999938964844,321.70001220703125,322.5,4424275
2022-06-28,323.1499938964844,334.25,321.1000061035156,333.04998779296875,5277001
2022-06-29,329.25,341.95001220703125,325.70001220703125,340.70001220703125,7754004
2022-06-30,341.8999938964844,344.8999938964844,325.29998779296875,329.25,8520881
2022-07-01,326.20001220703125,334.6000061035156,322.04998779296875,332.95001220703125,4320099
2022-07-04,328.54998779296875,334.0,322.0,332.29998779296875,3565767
2022-07-05,332.29998779296875,339.1499938964844,328.5,330.6000061035156,3778520
2022-07-06,328.5,335.1000061035156,320.0,333.75,5036395
2022-07-07,338.8999938964844,352.8999938964844,333.6000061035156,350.3999938964844,5563114
2022-07-08,356.0,356.5,338.25,343.3999938964844,5508311
2022-07-11,341.0,362.1499938964844,339.1000061035156,350.95001220703125,7114822
2022-07-12,349.8999938964844,353.20001220703125,343.3500061035156,348.54998779296875,3843969
2022-07-13,348.54998779296875,356.79998779296875,347.8999938964844,355.3500061035156,4412006
2022-07-14,355.0,364.29998779296875,354.79998779296875,361.1499938964844,6237397
2022-07-15,362.0,362.45001220703125,342.79998779296875,345.5,6558911
2022-07-18,349.04998779296875,353.0,341.95001220703125,351.5,5679766
2022-07-19,351.70001220703125,356.0,347.0,352.6499938964844,5363422
2022-07-20,358.3999938964844,364.8999938964844,354.1000061035156,356.3999938964844,5758941
2022-07-21,355.75,362.3999938964844,353.70001220703125,361.6499938964844,3848715
2022-07-22,364.0,367.1499938964844,356.70001220703125,360.20001220703125,4798188
2022-07-25,359.0,371.5,357.25,370.1499938964844,4874583
2022-07-26,372.45001220703125,373.75,359.3500061035156,361.70001220703125,5313553
2022-07-27,360.70001220703125,367.6000061035156,357.45001220703125,366.6000061035156,3143228
2022-07-28,368.04998779296875,379.0,365.25,377.20001220703125,5927786
2022-07-29,381.1000061035156,394.6499938964844,379.20001220703125,389.04998779296875,6695489
2022-08-01,390.0,394.79998779296875,386.6499938964844,390.8999938964844,4994897
2022-08-02,389.0,389.0,374.29998779296875,384.0,4388499
2022-08-03,385.5,389.5,372.1000061035156,377.6499938964844,4211991
2022-08-04,380.0,398.0,378.70001220703125,382.79998779296875,9120232
2022-08-05,386.3999938964844,395.0,385.1499938964844,392.79998779296875,4557120
2022-08-08,393.0,398.8999938964844,390.0,392.1499938964844,3259631
2022-08-10,393.5,399.8500061035156,388.04998779296875,396.6000061035156,3741687
2022-08-11,401.25,401.8500061035156,396.29998779296875,397.8999938964844,2593624
2022-08-12,396.20001220703125,408.95001220703125,396.20001220703125,404.3500061035156,5092529
2022-08-16,406.0,412.6499938964844,399.0,409.95001220703125,3322782
2022-08-17,409.95001220703125,413.25,407.04998779296875,410.1499938964844,2574513
2022-08-18,408.3999938964844,421.5,404.95001220703125,417.54998779296875,3285529
2022-08-19,421.29998779296875,421.8999938964844,402.79998779296875,403.95001220703125,3966371
2022-08-22,403.70001220703125,403.70001220703125,381.5,383.1499938964844,3897789
2022-08-23,381.0,393.5,377.0,390.79998779296875,2409943
2022-08-24,390.8999938964844,402.54998779296875,390.75,397.6499938964844,2826665
2022-08-25,399.75,410.3999938964844,399.0,402.95001220703125,5233097
2022-08-26,406.6499938964844,422.1000061035156,405.54998779296875,419.6499938964844,7885103
2022-08-29,409.95001220703125,418.79998779296875,401.5,416.04998779296875,6510150
2022-08-30,418.0,434.70001220703125,418.0,433.3500061035156,5451275
2022-09-01,425.6499938964844,432.95001220703125,422.95001220703125,425.79998779296875,3641109
2022-09-02,424.5,429.3500061035156,416.0,418.20001220703125,3636829
2022-09-05,417.1000061035156,428.5,417.1000061035156,425.6499938964844,2369908
2022-09-06,426.95001220703125,438.79998779296875,423.0,436.70001220703125,3822180
2022-09-07,433.0,438.54998779296875,428.29998779296875,432.6499938964844,3701548
2022-09-08,435.20001220703125,437.0,428.25,429.5,1903128
2022-09-09,434.29998779296875,437.29998779296875,423.1499938964844,430.95001220703125,3478191
2022-09-12,433.0,443.70001220703125,432.0,441.45001220703125,2775392
2022-09-13,442.8999938964844,449.75,441.20001220703125,447.6000061035156,2564828
2022-09-14,440.8500061035156,468.0,439.6499938964844,457.1499938964844,4716990
2022-09-15,455.04998779296875,459.45001220703125,444.04998779296875,446.3500061035156,3038619
2022-09-16,442.0,449.0,428.6000061035156,435.79998779296875,4652607
2022-09-19,438.0,439.25,428.70001220703125,431.6499938964844,2707642
2022-09-20,433.5,444.45001220703125,433.5,438.75,2071257
2022-09-21,436.5,439.95001220703125,431.0,432.1499938964844,1664497
2022-09-22,429.1499938964844,436.0,422.0,434.25,2550296
2022-09-23,433.79998779296875,437.25,420.6000061035156,425.79998779296875,2487778
2022-09-26,418.29998779296875,423.0,395.0,397.29998779296875,4314013
2022-09-27,401.0,405.8500061035156,386.1000061035156,398.6000061035156,3195580
2022-09-28,394.0,405.25,391.29998779296875,403.75,7925698
2022-09-29,409.1499938964844,422.0,409.1499938964844,418.20001220703125,6998654
2022-09-30,418.45001220703125,431.5,417.8500061035156,428.6000061035156,3400438
2022-10-03,428.20001220703125,430.3999938964844,417.29998779296875,419.6000061035156,3216345
2022-10-04,433.0,440.54998779296875,427.1000061035156,439.5,3494559
2022-10-06,441.70001220703125,454.75,440.0,453.0,3200170
2022-10-07,453.0,453.0,438.95001220703125,446.29998779296875,3064718
2022-10-10,437.0,447.8999938964844,434.1000061035156,446.5,1784305
2022-10-11,447.0,448.8999938964844,426.1000061035156,428.54998779296875,3590610
2022-10-12,430.70001220703125,434.5,424.5,432.54998779296875,3195372
2022-10-13,433.0,439.0,428.6000061035156,434.8500061035156,1241456
2022-10-14,442.0,443.79998779296875,434.5,435.8500061035156,3756770
2022-10-17,430.0,441.04998779296875,429.0,439.75,3151261
2022-10-18,441.95001220703125,444.3500061035156,437.0,437.8999938964844,2378127
2022-10-19,440.1000061035156,447.5,437.0,439.75,3038495
2022-10-20,439.70001220703125,445.6499938964844,435.6000061035156,443.20001220703125,2887362
2022-10-21,443.8999938964844,447.6499938964844,435.95001220703125,437.95001220703125,2446164
2022-10-24,437.95001220703125,440.29998779296875,432.8500061035156,438.3500061035156,361513
2022-10-25,438.3500061035156,456.0,437.0,451.25,5775004
2022-10-27,454.29998779296875,471.0,454.29998779296875,469.45001220703125,5530234
2022-10-28,469.20001220703125,469.3999938964844,448.0,453.8999938964844,3269810
2022-10-31,457.1000061035156,461.0,446.25,459.8500061035156,2260943
2022-11-01,454.3500061035156,467.79998779296875,454.3500061035156,465.0,2103928
2022-11-02,465.0,476.8999938964844,464.3500061035156,470.04998779296875,3307547
2022-11-03,464.79998779296875,474.29998779296875,463.5,468.8500061035156,2314376
2022-11-04,471.0,481.29998779296875,470.1499938964844,477.3500061035156,3810254
2022-11-07,482.0,496.79998779296875,475.6000061035156,494.04998779296875,4952724
2022-11-09,497.0,498.29998779296875,478.20001220703125,481.25,3231177
2022-11-10,476.29998779296875,479.95001220703125,471.45001220703125,474.8500061035156,2578001
2022-11-11,476.0,502.5,476.0,498.8999938964844,8288340
2022-11-14,502.0,517.0,501.3500061035156,515.0999755859375,5697689
2022-11-15,514.0,525.5,511.79998779296875,524.0499877929688,3041035
2022-11-16,525.9500122070312,525.9500122070312,511.04998779296875,514.4000244140625,3099871
2022-11-17,512.0,519.4000244140625,507.20001220703125,514.75,2917574
2022-11-18,514.9000244140625,520.0,510.1000061035156,517.75,2955341
2022-11-21,522.0,526.5,512.2000122070312,516.5,3718235
2022-11-22,517.0,524.9000244140625,514.25,523.3499755859375,3041780
2022-11-23,527.1500244140625,532.0,520.7999877929688,525.5,4968549
2022-11-24,526.7000122070312,529.0,519.0,522.0,1782095
2022-11-25,524.6500244140625,524.6500244140625,517.5,520.7999877929688,1747230
2022-11-28,517.7999877929688,520.2000122070312,505.8500061035156,507.20001220703125,2593511
2022-11-29,507.45001220703125,518.0,507.45001220703125,515.0,2267533
2022-11-30,517.0,539.5,515.0,535.75,9585497
2022-12-01,540.0,566.9000244140625,537.7000122070312,564.5,8938555
2022-12-02,564.4500122070312,570.7999877929688,560.5,564.4500122070312,4132768
2022-12-05,571.2999877929688,573.5,566.0499877929688,569.3499755859375,2829575
2022-12-06,564.0,569.5,561.5,567.5,2722675
2022-12-07,569.7999877929688,570.0999755859375,559.3499755859375,560.8499755859375,1984033
2022-12-08,563.4000244140625,566.0499877929688,558.0,559.9000244140625,3328093
2022-12-09,566.0,566.5499877929688,539.8499755859375,545.7999877929688,6294136
2022-12-12,541.9500122070312,556.6500244140625,537.2000122070312,554.4500122070312,2457350
2022-12-13,555.0,558.5,548.7000122070312,551.9000244140625,1804401
2022-12-14,554.5499877929688,562.9500122070312,554.0,560.5499877929688,2154134
2022-12-15,560.9500122070312,566.0,540.6500244140625,542.2000122070312,2683159
2022-12-16,538.0999755859375,549.3499755859375,535.2000122070312,542.9000244140625,2283728
2022-12-19,542.9000244140625,553.9000244140625,542.5499877929688,552.5999755859375,2461987
2022-12-20,547.0999755859375,549.7999877929688,536.7999877929688,546.0499877929688,1902685
2022-12-21,550.0499877929688,561.2999877929688,541.2999877929688,547.5999755859375,3475867
2022-12-22,548.75,552.9500122070312,537.25,539.8499755859375,2300268
2022-12-23,535.0,539.0,522.0,524.2999877929688,2296625
2022-12-26,525.25,537.0,523.5499877929688,528.3499755859375,2918642
2022-12-27,535.0499877929688,578.6500244140625,532.0,575.9500122070312,15063600
2022-12-28,572.7999877929688,583.9500122070312,568.5,578.2000122070312,8477148
2022-12-29,572.0,597.9500122070312,570.0999755859375,589.3499755859375,5659082
2022-12-30,596.2000122070312,596.5,576.7000122070312,580.5999755859375,3524630
2023-01-02,585.0,601.9000244140625,584.5,594.6500244140625,6413541
2023-01-03,593.0,604.9000244140625,593.0,598.5,4003746
2023-01-04,597.9000244140625,599.0999755859375,581.5999755859375,585.5499877929688,3627787
2023-01-05,589.0,595.5,580.0999755859375,593.5499877929688,3141675
2023-01-06,595.5,599.7000122070312,589.0,591.0999755859375,2529412
2023-01-09,597.0,607.4000244140625,595.0,601.5999755859375,2609482
2023-01-10,601.8499755859375,608.4000244140625,593.9500122070312,599.0,2497380
2023-01-11,603.0,610.5999755859375,601.0,604.4000244140625,2858119
2023-01-12,606.0,606.8499755859375,598.1500244140625,602.6500244140625,1745157
2023-01-13,604.9000244140625,612.7999877929688,602.6500244140625,610.0,2207887
2023-01-16,610.0,611.9500122070312,585.5,589.5,3149496
2023-01-17,590.0,591.7000122070312,579.0499877929688,585.8499755859375,2648883
2023-01-18,588.9500122070312,603.5,587.75,601.0499877929688,4079261
2023-01-19,597.9500122070312,606.7000122070312,596.2999877929688,604.8499755859375,2226506
2023-01-20,603.7999877929688,609.0,597.5999755859375,601.0999755859375,1255170
2023-01-23,602.0,609.7000122070312,601.5999755859375,603.9000244140625,1682585
2023-01-24,605.0999755859375,606.75,596.7999877929688,598.7000122070312,1364272
2023-01-25,598.0,603.0,590.0999755859375,595.3499755859375,1796224
2023-01-27,596.0,600.0,576.0999755859375,588.1500244140625,2095603
2023-01-30,588.0,596.9000244140625,564.9500122070312,574.8499755859375,1897614
2023-01-31,577.75,591.0,577.0,583.5499877929688,1637320
2023-02-01,580.0,622.75,577.4000244140625,608.25,7178955
2023-02-02,607.0,610.9500122070312,569.4500122070312,575.0499877929688,4192268
2023-02-03,578.0,584.9000244140625,569.5499877929688,582.6500244140625,2797927
2023-02-06,582.0,582.0,554.75,556.8499755859375,3160759
2023-02-07,556.8499755859375,571.5,550.3499755859375,570.25,2441129
2023-02-08,570.3499755859375,595.75,570.3499755859375,593.2000122070312,2811414
2023-02-09,595.1500244140625,599.3499755859375,589.1500244140625,597.0499877929688,1636859
2023-02-10,594.7000122070312,595.5499877929688,575.4500122070312,581.2999877929688,2931980
2023-02-13,578.0,594.7000122070312,578.0,584.9000244140625,1963849
2023-02-14,588.0,593.0,580.2000122070312,589.6500244140625,1262160
2023-02-15,586.0,596.5,582.5,587.5999755859375,1435993
2023-02-16,592.6500244140625,603.25,590.0,601.6500244140625,1632298
2023-02-17,600.9000244140625,608.8499755859375,586.3499755859375,590.0999755859375,2076033
2023-02-20,590.9000244140625,600.0,584.75,594.8499755859375,1420192
2023-02-21,599.0,607.9000244140625,586.0499877929688,589.2999877929688,2143558
2023-02-22,589.0,590.5499877929688,569.0999755859375,573.25,1522960
2023-02-23,576.25,586.5,573.0,580.6500244140625,1725412
2023-02-24,583.5999755859375,585.4500122070312,558.5499877929688,560.2999877929688,2316474
2023-02-27,559.0,559.0,544.0,553.25,2250348
2023-02-28,555.0,556.9000244140625,545.6500244140625,549.2000122070312,5758384
2023-03-01,552.4000244140625,574.6500244140625,552.4000244140625,572.4500122070312,2725782
2023-03-02,567.0,581.7999877929688,567.0,576.5,2845459
2023-03-03,579.4000244140625,591.5,575.0999755859375,589.0499877929688,2424735
2023-03-06,590.4000244140625,590.4000244140625,577.2000122070312,581.7000122070312,2431647
2023-03-08,575.0,578.8499755859375,561.0999755859375,574.9500122070312,2052190
2023-03-09,577.8499755859375,589.5999755859375,576.6500244140625,577.9500122070312,1813203
2023-03-10,569.0,578.9000244140625,564.2999877929688,576.2999877929688,2026025
2023-03-13,580.0,588.7999877929688,571.6500244140625,575.4000244140625,1982153
2023-03-14,576.0,578.8499755859375,564.1500244140625,571.1500244140625,1874599
2023-03-15,575.5,588.3499755859375,575.5,580.1500244140625,1873120
2023-03-16,574.0,574.4000244140625,550.0,553.7000122070312,4208636
2023-03-17,560.9500122070312,574.9500122070312,560.0999755859375,572.0499877929688,3567733
2023-03-20,569.9500122070312,571.0499877929688,549.0,558.5499877929688,2873875
2023-03-21,562.5499877929688,564.7000122070312,552.25,559.25,1948525
2023-03-22,562.0499877929688,565.2999877929688,555.9000244140625,557.25,1271221
2023-03-23,554.5,566.7000122070312,552.2000122070312,557.2000122070312,2281129
2023-03-24,557.9500122070312,557.9500122070312,532.0,534.0999755859375,3643046
2023-03-27,530.5999755859375,543.5,530.5999755859375,539.4000244140625,2991845
2023-03-28,542.2000122070312,544.5999755859375,535.8499755859375,537.5499877929688,1355558
2023-03-29,538.0,549.2000122070312,533.4000244140625,546.4000244140625,1402975
2023-03-31,550.9000244140625,554.7999877929688,544.5499877929688,546.2000122070312,2745899
2023-04-03,547.9000244140625,551.0,539.0999755859375,544.2000122070312,1182300
2023-04-05,542.0,547.7999877929688,537.2000122070312,543.3499755859375,2021436
2023-04-06,541.0,548.0,539.75,544.2999877929688,1365725
2023-04-10,548.7000122070312,558.5,548.0499877929688,549.5,4240150
2023-04-11,553.7000122070312,563.9000244140625,552.8499755859375,562.9000244140625,1915083
2023-04-12,564.9500122070312,567.6500244140625,557.5999755859375,559.2999877929688,1472367
2023-04-13,559.2999877929688,561.2999877929688,555.5999755859375,560.4000244140625,1395446
2023-04-17,560.0,567.0,557.2999877929688,560.4500122070312,1355214
2023-04-18,563.5,568.5,561.3499755859375,566.5,1278845
2023-04-19,570.0,589.5,566.5499877929688,579.8499755859375,4824485
2023-04-20,579.8499755859375,589.0,578.7999877929688,584.5499877929688,1240024
2023-04-21,584.4500122070312,586.9000244140625,565.9500122070312,573.0499877929688,2315012
2023-04-24,573.0,579.5,569.0,576.5999755859375,1065300
2023-04-25,576.0999755859375,581.0999755859375,574.0,575.6500244140625,926966
2023-04-26,574.25,574.9000244140625,563.2000122070312,570.4000244140625,1535100
2023-04-27,570.4000244140625,580.9000244140625,567.4000244140625,579.4500122070312,1408423
2023-04-28,581.8499755859375,585.2000122070312,578.0,582.8499755859375,1733781
2023-05-02,587.0,597.3499755859375,582.4000244140625,592.75,2060182
2023-05-03,594.0,594.7999877929688,580.4000244140625,588.5999755859375,1376005
2023-05-04,589.0499877929688,600.6500244140625,588.6500244140625,595.0499877929688,1392236
2023-05-05,594.0,596.25,582.0,583.0999755859375,1511288
2023-05-08,587.0,597.0,580.0999755859375,592.9000244140625,1402955
2023-05-09,593.0,604.5,586.2999877929688,587.6500244140625,1744202
2023-05-10,590.0,591.0,580.5,584.75,955848
2023-05-11,586.5,588.9000244140625,579.0999755859375,581.9500122070312,1123419
2023-05-12,577.3499755859375,582.7999877929688,573.0,574.1500244140625,1255035
2023-05-15,574.1500244140625,577.9000244140625,564.0999755859375,575.0499877929688,1142120
2023-05-16,579.0,580.7999877929688,558.4500122070312,560.4000244140625,2894930
2023-05-17,548.0,549.8499755859375,530.2999877929688,532.0999755859375,8830826
2023-05-18,532.5,539.25,521.5499877929688,523.8499755859375,4000851
2023-05-19,525.0,526.7000122070312,515.4000244140625,522.4000244140625,3150698
2023-05-22,517.0999755859375,527.7999877929688,516.0,525.1500244140625,2039749
2023-05-23,525.3499755859375,528.75,520.0,520.8499755859375,1955175
2023-05-24,519.0,520.5,508.75,510.1499938964844,1987757
2023-05-25,507.6000061035156,514.0,503.0,510.6000061035156,1811459
2023-05-26,511.0,522.5,508.25,520.3499755859375,2569828
2023-05-29,525.0999755859375,534.1500244140625,523.25,531.7999877929688,2046489
2023-05-30,532.0,535.7000122070312,521.7000122070312,522.7999877929688,1953558
2023-05-31,519.7999877929688,525.1500244140625,512.1500244140625,517.25,3897562
2023-06-01,520.0,520.9000244140625,507.95001220703125,509.8500061035156,2436623
2023-06-02,514.4500122070312,526.5999755859375,512.25,525.3499755859375,3652493
2023-06-05,529.9000244140625,530.0,518.0499877929688,525.9500122070312,3161259
2023-06-06,525.0,528.2000122070312,520.5499877929688,523.0499877929688,2673151
2023-06-07,525.0,533.2999877929688,522.25,531.5,4463947
2023-06-08,534.9000244140625,542.0,529.0499877929688,530.1500244140625,6076512
2023-06-09,532.0,533.0,520.5,523.9500122070312,2929898
2023-06-12,526.0,529.5,521.5999755859375,525.7999877929688,1935905
2023-06-13,528.0,536.9500122070312,526.0,533.0999755859375,2492673
2023-06-14,538.0,545.4500122070312,534.25,540.5999755859375,3925283
2023-06-15,542.5,544.2000122070312,534.2000122070312,537.0499877929688,2271029
2023-06-16,540.5,547.9500122070312,538.7999877929688,544.2000122070312,2498994
2023-06-19,558.0,581.1500244140625,557.4500122070312,574.5,8045417
2023-06-20,574.5,604.5,571.25,594.1500244140625,9508590
2023-06-21,594.5,595.2000122070312,581.9000244140625,583.5,2792440
2023-06-22,582.75,586.75,573.5499877929688,584.0999755859375,3184252
2023-06-23,578.0,581.4000244140625,567.0999755859375,568.8499755859375,1927779
2023-06-26,569.2000122070312,571.9000244140625,563.0999755859375,567.7000122070312,1570497
2023-06-27,573.4000244140625,583.0999755859375,572.0,581.9500122070312,2788196
2023-06-28,587.4500122070312,588.0,575.0,576.0999755859375,3170209
2023-06-30,576.0999755859375,582.9000244140625,575.5,581.0499877929688,1952542
2023-07-03,584.0,598.5,581.1500244140625,595.0499877929688,2585602
2023-07-04,598.0499877929688,614.2000122070312,591.0,609.0999755859375,3730616
2023-07-05,614.9500122070312,636.0,610.4500122070312,624.6500244140625,7048198
2023-07-06,622.8499755859375,622.8499755859375,607.75,613.4000244140625,4171562
2023-07-07,608.9500122070312,614.7000122070312,602.4000244140625,610.2000122070312,2427780
2023-07-10,611.0,633.5,609.5,626.3499755859375,3732186
2023-07-11,629.9000244140625,634.0,625.0,626.5,3174731
2023-07-12,631.9500122070312,634.0,617.0,621.7000122070312,8106836
2023-07-13,632.0,637.0,621.9000244140625,633.5499877929688,4206123
2023-07-14,641.0,645.0,634.0,641.5999755859375,3141648
2023-07-17,642.4000244140625,650.5,634.5999755859375,637.9000244140625,2360840
2023-07-18,638.0,640.4000244140625,625.9500122070312,634.0999755859375,3150574
2023-07-19,637.0,643.5999755859375,634.4500122070312,640.0499877929688,1669578
2023-07-20,642.0499877929688,642.8499755859375,636.0999755859375,637.3499755859375,1074533
2023-07-21,636.4500122070312,640.4000244140625,627.0,628.0999755859375,2470457
2023-07-24,630.9500122070312,633.1500244140625,625.0,629.3499755859375,997795
2023-07-25,635.7000122070312,667.9500122070312,633.6500244140625,664.7000122070312,4624289
2023-07-26,668.0,668.0,652.2000122070312,657.5999755859375,3382159
2023-07-27,661.5499877929688,665.7999877929688,656.6500244140625,659.7999877929688,1613361
2023-07-28,659.7999877929688,667.3499755859375,646.0499877929688,665.2999877929688,1822173
2023-07-31,665.7000122070312,674.2000122070312,662.5,668.75,3576640
2023-08-01,670.0,675.5499877929688,668.0,671.4500122070312,1671929
2023-08-02,669.9000244140625,669.9500122070312,636.0499877929688,644.0,2217769
2023-08-03,647.0,649.9500122070312,638.4000244140625,646.5999755859375,1198816
2023-08-04,648.0,664.2999877929688,647.5499877929688,652.7000122070312,1791378
2023-08-07,657.8499755859375,660.0,649.7000122070312,657.4500122070312,1173349
2023-08-08,655.2999877929688,665.0,655.25,658.0,1698850
2023-08-09,659.5,680.9500122070312,658.0499877929688,678.9500122070312,4279101
2023-08-10,677.5499877929688,682.7000122070312,673.0,676.3499755859375,1931514
2023-08-11,675.5,700.0,664.0499877929688,698.2000122070312,4115696
2023-08-14,690.0,691.2000122070312,658.1500244140625,662.25,4487444
2023-08-16,662.25,662.2999877929688,642.0,647.9500122070312,1988425
2023-08-17,647.9500122070312,653.5,640.5499877929688,645.2000122070312,1552598
2023-08-18,645.9500122070312,647.0999755859375,637.4000244140625,641.0499877929688,1506231
2023-08-21,647.0,655.0,643.4000244140625,653.5999755859375,1537449
2023-08-22,655.0,658.7000122070312,649.25,655.8499755859375,1267288
2023-08-23,658.0,665.7999877929688,654.0,660.75,1270336
2023-08-24,666.5,669.1500244140625,647.0,649.0999755859375,2462684
2023-08-25,645.9500122070312,645.9500122070312,633.0,634.4000244140625,1949633
2023-08-28,637.9000244140625,660.4500122070312,636.0999755859375,655.8499755859375,2826926
2023-08-29,660.0,679.7000122070312,658.0,676.2999877929688,3200989
2023-08-30,680.0,683.5,671.7999877929688,673.5999755859375,1649655
2023-08-31,675.0999755859375,688.9000244140625,673.2999877929688,684.5,2742132
2023-09-01,687.75,713.7000122070312,686.5,701.0999755859375,3821673
2023-09-04,707.0,711.0,702.0,707.2000122070312,2637822
2023-09-05,705.0,716.7000122070312,695.0999755859375,712.5499877929688,2407991
2023-09-06,710.6500244140625,711.0,697.0,702.4500122070312,1685851
2023-09-07,702.4000244140625,707.75,698.9500122070312,703.5,1239661
2023-09-08,703.9000244140625,707.0999755859375,695.5,698.2999877929688,1515441
2023-09-11,707.7000122070312,719.4500122070312,701.0,713.5499877929688,2667702
2023-09-12,719.25,719.25,683.7999877929688,685.8499755859375,2141183
2023-09-13,688.0499877929688,696.5,680.0,691.7999877929688,1295559
2023-09-14,697.8499755859375,716.5,695.2999877929688,711.0499877929688,2396980
2023-09-15,717.3499755859375,722.7999877929688,708.75,711.4500122070312,2256202
2023-09-18,709.0,709.0,700.2000122070312,702.0999755859375,1227630
2023-09-20,700.0,703.3499755859375,684.0,688.9500122070312,1963443
2023-09-21,688.0,691.0999755859375,678.0,689.0499877929688,1374769
2023-09-22,686.0999755859375,693.0,678.7999877929688,683.2000122070312,1966991
2023-09-25,687.0,698.9000244140625,682.7999877929688,695.2000122070312,1127597
2023-09-26,693.0,706.4500122070312,691.0499877929688,693.7000122070312,1267372
2023-09-27,693.0499877929688,697.2999877929688,682.0999755859375,692.75,1491241
2023-09-28,690.75,697.0,680.0,681.8499755859375,1403765
2023-09-29,686.2999877929688,705.7000122070312,686.2999877929688,701.3499755859375,1418848
2023-10-03,698.0499877929688,701.7000122070312,690.0,699.5499877929688,1378867
2023-10-04,691.2999877929688,694.7999877929688,672.4500122070312,678.7999877929688,2373015
2023-10-05,682.0499877929688,684.8499755859375,675.0,677.8499755859375,957466
2023-10-06,687.9500122070312,698.0,681.3499755859375,683.4500122070312,3259891
2023-10-09,677.9500122070312,680.0,663.5499877929688,676.5499877929688,1118794
2023-10-10,680.0499877929688,698.4500122070312,677.7999877929688,693.2000122070312,1882578
2023-10-11,698.25,701.5,690.4500122070312,692.5499877929688,1677423
2023-10-12,692.2000122070312,699.5,688.0999755859375,691.7000122070312,1231595
2023-10-13,685.0,687.7000122070312,675.0,681.5,1497291
2023-10-16,680.0,697.25,676.7000122070312,691.8499755859375,1436740
2023-10-17,696.8499755859375,701.75,691.0,692.8499755859375,873111
2023-10-18,694.0,705.7000122070312,682.1500244140625,683.4500122070312,2257558
2023-10-19,679.0,679.0,666.6500244140625,675.0,1947640
2023-10-20,672.0,674.8499755859375,660.5999755859375,662.4000244140625,1425240
2023-10-23,662.5,664.0,637.0499877929688,640.1500244140625,1313725
2023-10-25,650.0,661.9000244140625,646.25,651.4500122070312,2490628
2023-10-26,648.0,648.6500244140625,638.0,645.0499877929688,2320101
2023-10-27,650.0499877929688,655.0,640.5499877929688,643.9000244140625,1452775
2023-10-30,645.0,649.0,641.2000122070312,643.6500244140625,1093581
2023-10-31,646.2000122070312,648.3499755859375,628.5,633.7999877929688,2027458
2023-11-01,611.0,618.6500244140625,581.5999755859375,585.0499877929688,12209864
2023-11-02,589.0,593.0,584.0999755859375,589.5,2721333
2023-11-03,595.0,601.4500122070312,591.8499755859375,596.9000244140625,1769085
2023-11-06,602.0999755859375,626.9000244140625,597.25,622.2000122070312,5492143
2023-11-07,622.5,633.5,620.0,630.3499755859375,3715097
2023-11-08,631.0,633.1500244140625,623.7999877929688,628.7999877929688,1694691
2023-11-09,629.7999877929688,633.5499877929688,622.4000244140625,624.7000122070312,1657746
2023-11-10,623.5499877929688,637.8499755859375,621.5999755859375,636.9000244140625,1839288
2023-11-13,636.0,644.3499755859375,633.7000122070312,636.7000122070312,1149105
2023-11-15,647.2000122070312,658.2000122070312,642.5999755859375,648.2999877929688,2491752
2023-11-16,648.0999755859375,651.0499877929688,642.5,647.2000122070312,857041
2023-11-17,648.9000244140625,655.0,646.0,647.0999755859375,1575247
2023-11-20,650.0,654.2999877929688,648.0,649.7999877929688,939835
2023-11-21,656.4000244140625,660.5,652.7000122070312,654.6500244140625,1260954
2023-11-22,655.7999877929688,656.0,649.5,651.5999755859375,778796
2023-11-23,652.5,657.5499877929688,647.2000122070312,651.7000122070312,1468486
2023-11-24,654.0,661.4000244140625,652.25,660.2999877929688,1526716
2023-11-28,662.0,670.0499877929688,655.5,668.4000244140625,2568165
2023-11-29,669.1500244140625,672.4000244140625,662.1500244140625,668.5499877929688,1272051
2023-11-30,668.2000122070312,674.75,665.5999755859375,670.7999877929688,1865635
2023-12-01,678.0,693.2999877929688,671.0499877929688,692.2000122070312,2180409
2023-12-04,695.0,699.0,678.4500122070312,681.5,2037749
2023-12-05,680.5,683.9500122070312,674.2999877929688,677.9000244140625,3878993
2023-12-06,680.0,691.5,674.3499755859375,686.8499755859375,2255716
2023-12-07,687.9000244140625,692.1500244140625,679.5,684.0,1730038
2023-12-08,684.0,697.4500122070312,676.4000244140625,686.25,2131802
2023-12-11,687.25,728.0,685.0,719.25,6574569
2023-12-12,725.0,753.0,724.5999755859375,747.8499755859375,9128866
2023-12-13,752.0,755.9500122070312,742.0,746.5499877929688,3476358
2023-12-14,759.9000244140625,767.9000244140625,732.0499877929688,735.3499755859375,4246726
2023-12-15,740.0,745.4500122070312,721.7999877929688,724.4000244140625,2971250
2023-12-18,721.0,739.8499755859375,708.25,734.8499755859375,2612438
2023-12-19,736.8499755859375,737.6500244140625,722.2000122070312,729.4000244140625,1688901
2023-12-20,732.0,733.9000244140625,692.75,697.5499877929688,2151830
2023-12-21,692.0,710.0,685.0499877929688,706.0499877929688,1459098
2023-12-22,710.1500244140625,730.5,707.2000122070312,726.4000244140625,2392981
2023-12-26,735.0,739.1500244140625,727.0,729.7000122070312,1645139
2023-12-27,730.4500122070312,737.8499755859375,727.0,733.7000122070312,1180034
2023-12-28,737.3499755859375,741.7999877929688,732.3499755859375,736.3499755859375,2446647
2023-12-29,737.7999877929688,750.0,732.3499755859375,748.0999755859375,2288552
2024-01-01,752.0,753.5,741.1500244140625,744.0,1153090
2024-01-02,744.0,747.8499755859375,730.0,743.2000122070312,844656
2024-01-03,741.0,741.0,723.4500122070312,732.0,1578330
2024-01-04,734.9000244140625,751.5999755859375,732.9500122070312,744.9500122070312,1762967
2024-01-05,745.0,755.5,730.0499877929688,735.75,1749327
2024-01-08,738.9500122070312,740.3499755859375,715.2000122070312,717.1500244140625,1313588
2024-01-09,723.75,736.0,722.0999755859375,728.0999755859375,1249816
2024-01-10,726.0,733.0,713.75,731.0,1049880
2024-01-11,734.75,739.7000122070312,730.0,732.4500122070312,969483
2024-01-12,735.0,741.7999877929688,729.0999755859375,735.9000244140625,999941
2024-01-15,738.2999877929688,739.7000122070312,726.1500244140625,735.0499877929688,842890
2024-01-16,735.6500244140625,756.9500122070312,729.0,749.75,2676909
2024-01-17,739.9500122070312,739.9500122070312,718.0,722.0999755859375,2797056
2024-01-18,722.0,728.2000122070312,701.0999755859375,719.7000122070312,1775563
2024-01-19,725.0,733.0,721.0499877929688,729.25,1551868
2024-01-23,736.0,738.0,692.0,694.6500244140625,1346480
2024-01-24,696.3499755859375,711.5499877929688,687.7999877929688,706.2999877929688,2874944
2024-01-25,712.8499755859375,719.5,700.3499755859375,716.2999877929688,1861827
2024-01-29,723.0,733.8499755859375,715.0,730.75,2034288
2024-01-30,731.0499877929688,760.9500122070312,731.0499877929688,746.2000122070312,3228263
2024-01-31,748.0,763.5499877929688,747.0,757.1500244140625,1920453
2024-02-01,766.75,769.0,732.8499755859375,742.4500122070312,3539486
2024-02-02,747.0,782.2000122070312,746.2000122070312,776.0,5419790
2024-02-05,781.9000244140625,781.9000244140625,758.0499877929688,763.0999755859375,3291771
2024-02-06,768.0,784.8499755859375,751.0999755859375,781.2000122070312,2564978
2024-02-07,789.0499877929688,804.4500122070312,776.5999755859375,780.6500244140625,3673374
2024-02-08,784.7999877929688,795.0,770.0499877929688,776.9500122070312,2204316
2024-02-09,775.5,776.9500122070312,741.8499755859375,761.4500122070312,1878921
2024-02-12,761.4500122070312,770.9000244140625,737.3499755859375,743.5,1413841
2024-02-13,743.0,743.0,708.7000122070312,736.5499877929688,2298299
2024-02-14,720.0,760.6500244140625,720.0,758.1500244140625,2320373
2024-02-15,763.0,773.9500122070312,755.5,765.2000122070312,2095811
2024-02-16,769.0,779.5999755859375,766.1500244140625,769.5,1192225
2024-02-19,772.0,773.9500122070312,757.0499877929688,759.0,1242531
2024-02-20,763.0,768.0,753.0,760.0,1719670
2024-02-21,773.0,785.0,761.8499755859375,771.5,3824236
2024-02-22,777.5999755859375,787.5,774.2000122070312,783.7000122070312,3526557
2024-02-23,791.5,795.7999877929688,784.0999755859375,786.5499877929688,3093797
2024-02-26,787.0999755859375,787.3499755859375,768.0,771.2999877929688,1209173
2024-02-27,774.4000244140625,785.0,768.7999877929688,776.0999755859375,1359840
2024-02-28,778.0499877929688,781.4000244140625,752.8499755859375,755.25,973881
2024-02-29,758.0499877929688,779.5999755859375,755.9500122070312,776.25,2501678
2024-03-01,780.5,825.0,775.4500122070312,822.8499755859375,5256259
2024-03-04,837.8499755859375,849.5,826.0,839.4500122070312,2856051
2024-03-05,839.4500122070312,840.5499877929688,822.0,824.4500122070312,1537610
2024-03-06,826.7000122070312,833.9500122070312,801.4000244140625,830.1500244140625,2246235
2024-03-07,833.0,851.0,832.2000122070312,839.0,2176087
2024-03-11,845.0,845.0,823.5999755859375,827.75,1424721
2024-03-12,827.75,832.9000244140625,800.6500244140625,807.1500244140625,1646471
2024-03-13,807.5,814.7000122070312,760.2000122070312,764.2000122070312,2175250
2024-03-14,764.9500122070312,784.9000244140625,756.5,781.5999755859375,2278644
2024-03-15,780.0,783.0999755859375,760.9000244140625,767.75,2415351
2024-03-18,767.75,810.9000244140625,767.75,808.0,4040803
2024-03-19,806.0,817.0499877929688,790.5999755859375,794.25,2528299
2024-03-20,798.9000244140625,803.4000244140625,774.9500122070312,782.3499755859375,1272564
2024-03-21,798.0999755859375,823.4000244140625,778.0999755859375,821.5499877929688,3440279
2024-03-22,818.9500122070312,835.7999877929688,813.4000244140625,832.9000244140625,2059744
2024-03-26,842.9000244140625,867.7000122070312,835.25,837.2000122070312,3545906
2024-03-27,841.0,843.9000244140625,826.9500122070312,833.0999755859375,1467887
2024-03-28,836.0499877929688,854.0,836.0,849.1500244140625,1751216
2024-04-01,858.0,873.5,855.1500244140625,868.3499755859375,2179459
2024-04-02,875.0,900.0,857.2999877929688,896.9000244140625,4087436
2024-04-03,892.7000122070312,916.9000244140625,889.2999877929688,902.4000244140625,3171054
2024-04-04,908.5,915.0,898.5999755859375,903.3499755859375,1634219
2024-04-05,902.5,921.5,888.0499877929688,915.75,3185781
2024-04-08,916.0999755859375,924.1500244140625,903.6500244140625,911.5499877929688,1660694
2024-04-09,912.0999755859375,927.0,899.0,902.5499877929688,2510871
2024-04-10,911.0,911.0499877929688,891.6500244140625,897.75,7432694
2024-04-12,900.9500122070312,907.9000244140625,891.2000122070312,897.5499877929688,1101942
2024-04-15,892.5499877929688,913.0,876.0499877929688,893.75,2487303
2024-04-16,892.0,909.2000122070312,883.0,901.7999877929688,1559770
2024-04-18,906.1500244140625,936.0,899.2000122070312,905.8499755859375,3288107
2024-04-19,900.0,931.9500122070312,885.7999877929688,927.25,3869393
2024-04-22,935.7999877929688,945.3499755859375,915.2999877929688,917.6500244140625,1754331
2024-04-23,921.9000244140625,922.4500122070312,905.0999755859375,909.8499755859375,1014238
2024-04-24,914.75,944.4500122070312,911.1500244140625,936.5,3633914
2024-04-25,935.75,945.0,926.0499877929688,942.25,2839898
2024-04-26,942.0,946.9000244140625,926.4500122070312,931.8499755859375,1823107
2024-04-29,935.0,945.0,930.5,942.0999755859375,1286958
2024-04-30,947.0,948.5999755859375,926.0,929.6500244140625,1917697
2024-05-02,934.0,953.9000244140625,930.7000122070312,941.8499755859375,1615306
2024-05-03,948.5,960.0,923.4500122070312,931.5,3031130
2024-05-06,935.9500122070312,949.7000122070312,917.4000244140625,936.0,1978042
2024-05-07,937.0,938.7999877929688,916.0,924.0499877929688,2914141
2024-05-08,923.7000122070312,948.0999755859375,911.0,943.5999755859375,1732112
2024-05-09,945.0499877929688,947.9500122070312,916.0999755859375,921.2999877929688,1097509
2024-05-10,925.8499755859375,936.8499755859375,915.9500122070312,930.5499877929688,835091
2024-05-13,931.7000122070312,942.2000122070312,908.5999755859375,939.4500122070312,1965933
2024-05-14,939.5,983.2999877929688,930.8499755859375,978.4500122070312,6840175
2024-05-15,987.0,998.7000122070312,975.4500122070312,993.5499877929688,2292776
2024-05-16,996.0,1009.9500122070312,993.4500122070312,1005.25,3747123
2024-05-17,1005.0,1028.0,1002.0,1015.5,1708670
2024-05-21,1014.0,1075.0,1014.0,1068.949951171875,3541313
2024-05-22,1077.9000244140625,1085.949951171875,1058.5999755859375,1077.699951171875,2169567
2024-05-23,1065.0,1076.75,1050.0999755859375,1074.050048828125,1299470
2024-05-24,1069.0999755859375,1083.0999755859375,1059.5,1069.199951171875,795828
2024-05-27,1071.0,1079.9000244140625,1056.5999755859375,1059.300048828125,1283259
2024-05-28,1063.199951171875,1068.0,1043.949951171875,1052.5999755859375,702188
2024-05-29,1049.050048828125,1051.1500244140625,1030.25,1038.550048828125,1540923
2024-05-30,1027.199951171875,1040.1500244140625,1023.9000244140625,1031.199951171875,838030
2024-05-31,1036.199951171875,1046.6500244140625,1016.5999755859375,1028.1500244140625,3245379
2024-06-03,1080.0,1080.0,1049.0,1057.449951171875,2006398
2024-06-04,1030.0,1037.0,901.2000122070312,960.1500244140625,5964333
2024-06-05,978.9000244140625,1013.6500244140625,928.25,1006.25,3384707
2024-06-06,1016.0999755859375,1035.0,1000.0,1029.550048828125,2465243
2024-06-07,1030.0,1042.3499755859375,1021.1500244140625,1026.949951171875,2354471
2024-06-10,1033.800048828125,1033.800048828125,1004.5999755859375,1012.1500244140625,2412594
2024-06-11,1010.0,1019.0,1001.5999755859375,1008.9000244140625,1220832
2024-06-12,1012.9000244140625,1037.8499755859375,1005.1500244140625,1027.699951171875,2853655
2024-06-13,1039.0,1053.0,1036.4000244140625,1041.25,1162049
2024-06-14,1043.5,1059.25,1036.0,1052.449951171875,2722106
2024-06-18,1060.949951171875,1060.949951171875,1024.199951171875,1034.25,2798849
2024-06-19,1043.9000244140625,1050.949951171875,1029.0,1046.949951171875,2074723
2024-06-20,1051.0,1074.9000244140625,1044.300048828125,1056.4000244140625,2379619
2024-06-21,1065.0,1097.0,1050.25,1077.25,3775241
2024-06-24,1077.5,1077.5,1045.0999755859375,1070.9000244140625,3374848
2024-06-25,1077.5,1081.0,1049.050048828125,1064.050048828125,2287648
2024-06-26,1064.050048828125,1064.050048828125,1042.3499755859375,1047.0999755859375,1089927
2024-06-27,1050.5,1059.0,1029.1500244140625,1047.3499755859375,1596848
2024-06-28,1047.3499755859375,1061.0,1041.300048828125,1044.4000244140625,2370605
2024-07-01,1045.0,1075.199951171875,1042.25,1059.5,2903887
2024-07-02,1066.050048828125,1066.5,1038.0999755859375,1045.0999755859375,1415238
2024-07-03,1046.699951171875,1055.9000244140625,1044.75,1050.300048828125,1580996
2024-07-04,1058.0,1063.0,1047.4000244140625,1055.449951171875,885590
2024-07-05,1050.050048828125,1063.300048828125,1047.699951171875,1050.5,1445408
2024-07-08,1050.550048828125,1054.449951171875,1023.5,1025.949951171875,1417503
2024-07-09,1030.0,1041.3499755859375,1012.9000244140625,1021.8499755859375,1371213
2024-07-10,1023.0,1026.300048828125,992.0,1007.8499755859375,2245736
2024-07-11,1008.0,1025.8499755859375,1008.0,1014.5499877929688,1842467
2024-07-12,1016.0,1019.0,1005.7000122070312,1013.9000244140625,907800
2024-07-15,1017.9000244140625,1020.75,1002.8499755859375,1008.5,1118459
2024-07-16,1014.0,1028.0,1008.4000244140625,1010.0499877929688,1706821
2024-07-18,1014.9000244140625,1014.9000244140625,976.4000244140625,989.9500122070312,4764249
2024-07-19,984.9500122070312,987.5,944.4500122070312,946.3499755859375,2974059
2024-07-22,942.0,958.5499877929688,930.3499755859375,952.5999755859375,2489828
2024-07-23,955.2000122070312,961.5999755859375,927.25,952.7999877929688,1397714
2024-07-24,952.7999877929688,974.9500122070312,945.8499755859375,972.4500122070312,2385985
2024-07-25,940.0,954.2999877929688,918.9000244140625,937.7999877929688,5020305
2024-07-26,947.2000122070312,973.5,942.2999877929688,972.3499755859375,3121650
2024-07-29,979.5,982.7999877929688,963.5,966.9000244140625,1596044
2024-07-30,966.9000244140625,981.6500244140625,956.0999755859375,976.5,1215074
2024-07-31,990.0,992.0,980.1500244140625,988.25,984608
2024-08-01,996.0,1006.6500244140625,975.2000122070312,983.2999877929688,1242869
2024-08-02,969.0,974.6500244140625,953.1500244140625,956.75,1982275
2024-08-05,937.9000244140625,946.0499877929688,903.4500122070312,917.8499755859375,3333943
2024-08-06,919.0999755859375,936.4500122070312,919.0999755859375,925.3499755859375,2794386
2024-08-07,936.0,949.8499755859375,925.0999755859375,946.4000244140625,2262015
2024-08-08,938.0,938.0,915.0,919.1500244140625,2204897
2024-08-09,926.7999877929688,937.0,913.5499877929688,916.2000122070312,1479733
2024-08-12,914.9500122070312,920.5999755859375,902.2000122070312,918.0999755859375,2379658
2024-08-13,921.5,927.8499755859375,905.0,908.9500122070312,1449141
2024-08-14,908.9500122070312,931.9500122070312,896.0,929.75,3795523
2024-08-16,935.0,941.25,926.0499877929688,934.5,1074486
2024-08-19,944.2999877929688,957.5999755859375,931.1500244140625,953.75,1245922
2024-08-20,957.0,959.1500244140625,935.0,949.6500244140625,999577
2024-08-21,949.6500244140625,959.9000244140625,944.0,957.5999755859375,832903
2024-08-22,957.4500122070312,968.0,948.0,965.75,1141606
2024-08-23,969.0,969.0,957.7999877929688,959.8499755859375,853881
2024-08-26,965.0,987.8499755859375,960.1500244140625,985.5999755859375,1183617
2024-08-27,985.5,986.0999755859375,966.9500122070312,968.7999877929688,983842
2024-08-28,974.5999755859375,975.0,963.0,968.9000244140625,914225
2024-08-29,964.0,967.0,948.5499877929688,960.5,1052201
2024-08-30,961.2999877929688,976.0,960.9000244140625,970.4000244140625,2683048
2024-09-02,975.0,980.8499755859375,959.0,965.3499755859375,1048122
2024-09-03,965.0,969.3499755859375,946.0499877929688,948.25,972264
2024-09-04,935.0,953.3499755859375,929.0499877929688,945.5999755859375,1578965
2024-09-05,947.0,955.6500244140625,942.5999755859375,950.5,787383
2024-09-06,950.5,969.7000122070312,937.7999877929688,953.9500122070312,1314912
2024-09-09,953.9500122070312,965.3499755859375,933.0,945.7999877929688,1877070
2024-09-10,950.0,973.4500122070312,949.5999755859375,962.0,1905394
2024-09-11,960.0,970.9000244140625,951.2999877929688,966.9000244140625,1675589
2024-09-12,980.9500122070312,1014.0,972.1500244140625,1004.6500244140625,2998825
2024-09-13,1010.0999755859375,1035.699951171875,1008.75,1031.0999755859375,2806536
2024-09-16,1036.0,1049.0,1024.9000244140625,1043.0999755859375,1958439
2024-09-17,1044.0,1073.699951171875,1033.050048828125,1052.75,2217260
2024-09-18,1045.550048828125,1054.8499755859375,1017.5499877929688,1024.8499755859375,1777856
2024-09-19,1035.25,1043.699951171875,997.5499877929688,1002.7999877929688,4880849
2024-09-20,1015.6500244140625,1041.449951171875,1003.5999755859375,1009.4000244140625,3076614
2024-09-23,1015.0,1024.0,1008.5999755859375,1021.3499755859375,1448077
2024-09-24,1032.0,1053.0,1032.0,1041.550048828125,2777479
2024-09-25,1053.0,1054.75,1018.5,1020.7999877929688,2564667
2024-09-26,1027.0,1035.699951171875,1013.7999877929688,1028.25,1903363
2024-09-27,1036.0,1048.9000244140625,1011.0999755859375,1028.050048828125,3002247
2024-09-30,1038.0,1058.8499755859375,1023.5499877929688,1039.6500244140625,3037535
2024-10-01,1050.0,1050.0,1019.4500122070312,1035.3499755859375,2382544
2024-10-03,1030.0,1069.0,1027.050048828125,1051.050048828125,6213074
2024-10-04,1055.0,1057.8499755859375,1013.4000244140625,1021.0999755859375,2138207
2024-10-07,1026.050048828125,1030.699951171875,987.0999755859375,1000.5999755859375,1714125
2024-10-08,999.0,999.0,965.0,982.9000244140625,2614906
2024-10-09,985.5,1009.6500244140625,965.5499877929688,999.5,2166137
2024-10-10,1008.7000122070312,1034.199951171875,986.0,990.75,1415371
2024-10-11,989.0,1014.0,989.0,1005.8499755859375,1834521
2024-10-14,1006.0499877929688,1017.0999755859375,984.3499755859375,993.1500244140625,1949682
2024-10-15,996.9500122070312,999.5499877929688,965.0,968.7000122070312,7070247
2024-10-16,965.0,971.9500122070312,950.0499877929688,960.25,7109924
2024-10-17,959.0,961.9500122070312,915.0,930.0,5120919
2024-10-18,929.7999877929688,973.2000122070312,923.7000122070312,964.5,2696607
2024-10-21,969.1500244140625,973.6500244140625,946.0,948.9500122070312,1659103
2024-10-22,948.0,952.4500122070312,906.0999755859375,910.25,1988814
2024-10-23,924.9000244140625,925.7000122070312,896.75,915.4500122070312,1874744
2024-10-24,918.7000122070312,935.6500244140625,909.0499877929688,924.2999877929688,3186168
2024-10-25,924.2999877929688,927.0,882.0,899.0499877929688,2311184
2024-10-28,899.0,924.8499755859375,891.5499877929688,919.0,962918
2024-10-29,924.0,924.0,896.4500122070312,915.0499877929688,1624416
2024-10-30,911.6500244140625,930.4000244140625,904.5499877929688,919.0,805681
2024-10-31,919.0,931.7000122070312,911.5499877929688,920.5,1116203
2024-11-01,927.9000244140625,935.4000244140625,922.4000244140625,929.5,228890
2024-11-04,932.0,933.9000244140625,897.7999877929688,909.2000122070312,1031272
2024-11-05,909.0,939.0,905.1500244140625,936.0499877929688,2270819
2024-11-06,942.0,955.5,928.0,951.8499755859375,2513894
2024-11-07,955.0,968.9500122070312,929.5999755859375,947.5999755859375,2917302
2024-11-08,947.5999755859375,955.5,920.1500244140625,928.0499877929688,1185483
2024-11-11,923.0,929.7999877929688,904.5499877929688,906.8499755859375,1299909
2024-11-12,906.8499755859375,915.9500122070312,883.2000122070312,887.0,2703824
2024-11-13,881.0,884.9000244140625,855.0,858.6500244140625,2232128
2024-11-14,859.75,888.0,859.0,877.4000244140625,1864763
2024-11-18,880.0,903.9500122070312,875.25,886.75,1348925
2024-11-19,886.9500122070312,890.8499755859375,862.3499755859375,865.4000244140625,1585170
2024-11-21,868.0,879.9500122070312,857.3499755859375,871.2000122070312,1330047
2024-11-22,873.7000122070312,884.0,858.5,878.9500122070312,895312
2024-11-25,887.7000122070312,898.1500244140625,870.0499877929688,877.25,5649588
2024-11-26,875.0,898.5999755859375,870.9500122070312,892.7999877929688,1423292
2024-11-27,892.7999877929688,894.2000122070312,881.25,889.5499877929688,819382
2024-11-28,894.0,903.7999877929688,885.5,897.0,1325547
2024-11-29,899.0,912.5,892.0,906.4500122070312,1082644
2024-12-02,906.0,921.0,897.2000122070312,918.5499877929688,988585
2024-12-03,925.9500122070312,935.5999755859375,919.0499877929688,925.7999877929688,1636042
2024-12-04,925.0,937.0,920.4500122070312,935.5,1147200
2024-12-05,935.5499877929688,942.8499755859375,924.3499755859375,934.4500122070312,1159145
2024-12-06,935.0,951.75,932.6500244140625,949.0999755859375,1179083
2024-12-09,950.0499877929688,969.5999755859375,945.2000122070312,967.2000122070312,1433142
2024-12-10,973.9000244140625,1011.4500122070312,973.0,1002.3499755859375,4608726
2024-12-11,998.0,1008.4000244140625,990.2999877929688,994.6500244140625,1284435
2024-12-12,1000.0,1006.0,987.0499877929688,1000.25,1331800
2024-12-13,997.0,1000.7999877929688,974.1500244140625,998.75,1575356
2024-12-16,993.0,1000.4000244140625,968.9000244140625,976.0999755859375,1420965
2024-12-17,972.0,981.6500244140625,947.75,951.5,885850
2024-12-18,960.0,961.6500244140625,926.8499755859375,931.4500122070312,946566
2024-12-19,907.0,925.0,907.0,922.4000244140625,726533
2024-12-20,925.0,934.4000244140625,904.0,908.0499877929688,1099720
2024-12-23,925.0,947.5,883.3499755859375,940.7999877929688,3310719
2024-12-24,939.0,946.5499877929688,930.0,942.7000122070312,1638333
2024-12-26,938.0,945.0,924.75,941.3499755859375,1163046
2024-12-27,939.0,949.4500122070312,921.3499755859375,923.5499877929688,699559
2024-12-30,920.7000122070312,925.3499755859375,909.0,918.2999877929688,3283259
2024-12-31,911.5,935.5,911.5,930.7000122070312,1135095
2025-01-01,925.4000244140625,939.5,918.5999755859375,938.0999755859375,591839
2025-01-02,932.0,947.0,930.2999877929688,941.7000122070312,1107101
2025-01-03,940.5,962.0999755859375,939.2999877929688,957.8499755859375,1702255
2025-01-06,957.7999877929688,957.7999877929688,926.6500244140625,939.3499755859375,1881095
2025-01-07,935.0999755859375,954.7000122070312,935.0999755859375,941.4500122070312,1057467
2025-01-08,937.0,947.75,930.1500244140625,942.5499877929688,1719232
2025-01-09,940.8499755859375,941.6500244140625,921.0,931.5499877929688,1652891
2025-01-10,930.0,931.5499877929688,911.0499877929688,917.7000122070312,965180
2025-01-13,913.0499877929688,918.5499877929688,871.0499877929688,876.7000122070312,1916830
2025-01-14,878.9000244140625,922.4000244140625,878.9000244140625,909.9000244140625,2581715
2025-01-15,915.0999755859375,919.25,898.1500244140625,910.25,1733336
2025-01-16,919.0,932.5,911.5,917.8499755859375,1399598
2025-01-17,915.0,930.9000244140625,912.5999755859375,924.6500244140625,1374068
2025-01-20,927.7999877929688,939.9000244140625,910.6500244140625,933.7999877929688,1226037
2025-01-21,940.0,940.0,915.5,918.9000244140625,813070
2025-01-22,925.0,927.75,877.3499755859375,896.7999877929688,1613414
2025-01-23,896.0,906.0,889.25,893.0,1097278
2025-01-24,899.0,908.0,881.0,882.7999877929688,2053984
2025-01-27,876.5999755859375,876.5999755859375,838.2000122070312,842.6500244140625,2260090
2025-01-28,849.9500122070312,858.75,825.5499877929688,841.0999755859375,855671
2025-01-29,846.0,855.8499755859375,836.7000122070312,849.0,551268
2025-01-30,849.0,864.2000122070312,821.2999877929688,840.0499877929688,1970355
2025-01-31,785.0499877929688,796.7999877929688,723.3499755859375,791.5499877929688,22676494
2025-02-01,792.0499877929688,807.7999877929688,755.2000122070312,776.3499755859375,4262499
2025-02-03,769.0,813.2999877929688,750.4000244140625,807.7000122070312,7785004
2025-02-04,813.5,827.0999755859375,799.0,801.5999755859375,2771274
2025-02-05,810.2000122070312,824.0,804.2000122070312,818.8499755859375,1895088
2025-02-06,822.4000244140625,826.0999755859375,806.2000122070312,809.3499755859375,1073064
2025-02-07,809.9500122070312,848.7000122070312,809.9500122070312,844.5499877929688,6993440
2025-02-10,841.0,843.1500244140625,818.2999877929688,840.5999755859375,1744941
2025-02-11,835.0,851.0,827.6500244140625,834.5,2851850
2025-02-12,825.0,835.0,801.3499755859375,829.3499755859375,4696962
2025-02-13,825.0999755859375,854.0,825.0999755859375,840.5,1584072
2025-02-14,844.0,858.0,814.4500122070312,833.2999877929688,3127767
2025-02-17,825.0,841.9500122070312,813.3499755859375,837.6500244140625,3000527
2025-02-18,835.0999755859375,849.5999755859375,825.2999877929688,846.9500122070312,1253438
2025-02-19,840.0,862.0,838.0499877929688,860.0999755859375,1378738
2025-02-20,852.0999755859375,882.5,852.0999755859375,879.2999877929688,1283212
2025-02-21,872.7999877929688,887.0999755859375,863.25,880.3499755859375,4152422
2025-02-24,868.0999755859375,887.4000244140625,855.0999755859375,862.25,1686346
2025-02-25,855.1500244140625,872.3499755859375,854.0,856.7999877929688,1648058
2025-02-27,853.0,872.5499877929688,847.4500122070312,862.0,1967080
2025-02-28,850.0,866.2000122070312,842.4000244140625,856.1500244140625,7714704
2025-03-03,852.0,876.5499877929688,846.25,854.3499755859375,2828636
2025-03-04,854.0,872.0,842.5499877929688,867.2999877929688,1266558
2025-03-05,861.0,896.0,861.0,891.6500244140625,2371535
2025-03-06,902.0,920.0,894.0499877929688,914.5999755859375,3101315
2025-03-07,912.0,925.0499877929688,905.25,908.9500122070312,2083657
2025-03-10,909.0,933.7999877929688,900.5999755859375,905.2999877929688,3073227
2025-03-11,892.5,909.5,892.5,904.8499755859375,2786479
2025-03-12,908.4500122070312,915.4500122070312,881.5499877929688,903.0499877929688,1325797
2025-03-13,905.75,909.2999877929688,885.7000122070312,889.7000122070312,1009777
2025-03-17,892.0,905.75,889.7000122070312,897.25,1163494
2025-03-18,897.25,897.25,897.25,897.25,0
2025-03-19,937.0499877929688,943.75,920.2999877929688,925.0,2402675
2025-03-20,931.7999877929688,931.7999877929688,915.0999755859375,926.2000122070312,1311300
2025-03-21,926.2000122070312,928.8499755859375,911.75,914.2999877929688,2350523
2025-03-24,921.0,929.0,916.0,922.75,985738
2025-03-25,925.5,925.5,903.9000244140625,908.7999877929688,1553849
2025-03-26,909.5,916.3499755859375,896.0499877929688,899.8499755859375,1507434
2025-03-27,898.0,919.0,893.2000122070312,916.0499877929688,1246440
2025-03-28,925.4500122070312,925.4500122070312,905.2999877929688,912.2999877929688,1550743
2025-04-01,907.0,914.5999755859375,893.2999877929688,901.5,1697338
2025-04-02,903.0,911.7000122070312,896.5,909.5499877929688,1761044
2025-04-03,900.0,916.0,898.2999877929688,905.2000122070312,1949930
2025-04-04,898.0,908.7999877929688,845.0,850.0999755859375,2878135
2025-04-07,775.0999755859375,807.7000122070312,775.0999755859375,791.0499877929688,5300335
2025-04-08,818.5999755859375,822.75,777.7000122070312,801.8499755859375,2090766
2025-04-09,790.25,793.25,770.0,786.9000244140625,1877934
2025-04-11,810.0,816.7999877929688,797.7999877929688,805.6500244140625,1804073
2025-04-15,825.0,850.9500122070312,821.7999877929688,845.1500244140625,1818808
2025-04-16,845.1500244140625,860.0,838.5499877929688,854.25,1404916
2025-04-17,851.9500122070312,895.9500122070312,848.3499755859375,881.7000122070312,2842300
2025-04-21,888.0,913.9500122070312,879.0499877929688,906.4000244140625,2090565
2025-04-22,917.0,923.7999877929688,907.0999755859375,914.75,1941122
2025-04-23,921.0,922.0,892.6500244140625,919.0499877929688,1241468
2025-04-24,917.0,926.0,903.5999755859375,908.0,1578364
2025-04-25,912.0,919.0,876.0499877929688,891.7999877929688,1253219
2025-04-28,895.0,912.7999877929688,889.0499877929688,907.5,631588
2025-04-29,911.0,916.5,892.9500122070312,895.4500122070312,519692
2025-04-30,895.5499877929688,907.7999877929688,888.4000244140625,895.6500244140625,1048167
2025-05-02,887.0,904.75,843.5499877929688,899.5499877929688,3188976
2025-05-05,895.0999755859375,908.8499755859375,892.5499877929688,903.8499755859375,1299773
2025-05-06,911.0,911.0,871.0,873.5,1841702
2025-05-07,862.0,885.9500122070312,858.7000122070312,878.5999755859375,1186064
2025-05-08,878.5999755859375,882.2999877929688,839.0999755859375,851.1500244140625,1586003
2025-05-09,833.5999755859375,858.2999877929688,833.5999755859375,855.3499755859375,687868
2025-05-12,875.0,906.4000244140625,866.9000244140625,904.75,1674583
2025-05-13,898.3499755859375,915.4500122070312,896.0,909.7000122070312,2468436
2025-05-14,910.0999755859375,950.0,908.6500244140625,943.2000122070312,6979336
2025-05-15,940.0,971.6500244140625,934.6500244140625,968.2999877929688,2553377
2025-05-16,966.4000244140625,985.7999877929688,964.3499755859375,981.5999755859375,2805260
2025-05-19,970.9000244140625,979.6500244140625,955.25,973.0499877929688,3177664
2025-05-20,973.0499877929688,982.9000244140625,956.2000122070312,957.5999755859375,2683257
2025-05-21,951.0999755859375,971.9500122070312,951.0999755859375,968.5,2277923
2025-05-22,961.0999755859375,976.0,957.5,959.9500122070312,1299974
2025-05-23,953.0499877929688,964.6500244140625,950.6500244140625,953.4000244140625,1124070
2025-05-26,952.0,969.7999877929688,952.0,954.7999877929688,1381677
2025-05-27,964.0,964.0,946.5499877929688,947.5,1604889
2025-05-28,943.5999755859375,951.1500244140625,940.5,945.1500244140625,833626
2025-05-29,950.0,977.0,948.6500244140625,971.3499755859375,2490067
2025-05-30,966.2000122070312,977.0,945.0499877929688,948.9000244140625,2013497
2025-06-02,935.0,949.0,930.7999877929688,943.6500244140625,1587165
2025-06-03,935.0,953.9500122070312,934.0,946.4000244140625,1294383
2025-06-04,935.0,956.25,934.9500122070312,951.7000122070312,867911
2025-06-05,945.0,960.6500244140625,945.0,949.8499755859375,1053306
2025-06-06,941.0,967.4000244140625,941.0,962.75,1192159
2025-06-09,963.0999755859375,979.0499877929688,960.4500122070312,974.5499877929688,1856046
2025-06-10,974.5499877929688,984.2000122070312,970.0999755859375,973.7000122070312,1114437
2025-06-11,975.0,978.0,950.5499877929688,955.0499877929688,2083579
2025-06-12,955.0499877929688,961.25,936.5,939.0999755859375,1432499
2025-06-13,925.0,933.8499755859375,914.7999877929688,920.75,715534
2025-06-16,923.4000244140625,929.5999755859375,908.2000122070312,922.5999755859375,1016126
2025-06-17,922.5999755859375,926.5,887.4000244140625,891.0,3176704
2025-06-18,895.0,901.0,888.5999755859375,893.9000244140625,1661670
2025-06-19,893.9500122070312,898.25,882.6500244140625,887.4500122070312,1412283
2025-06-20,888.0999755859375,903.7999877929688,884.7999877929688,899.0499877929688,1641610
2025-06-23,895.0999755859375,914.75,892.0,910.7000122070312,661419
2025-06-24,930.0,936.5,917.0999755859375,924.2000122070312,1171729
2025-06-25,930.4500122070312,935.7999877929688,914.5999755859375,919.9000244140625,1976461
2025-06-26,924.5,958.5999755859375,921.0,954.9000244140625,2568931
2025-06-27,959.8499755859375,970.5,938.0,939.3499755859375,3131858
2025-06-30,944.0,949.2000122070312,931.0499877929688,941.7000122070312,1246303
2025-07-01,941.7000122070312,955.0,935.5,951.25,1166914
2025-07-02,954.0,979.9000244140625,950.5,968.7000122070312,2004442
2025-07-03,972.0999755859375,985.2000122070312,954.0,956.5,1506490
2025-07-04,961.4500122070312,964.5,942.6500244140625,953.0,652147
2025-07-07,951.0,960.7999877929688,942.0,953.5,773510
2025-07-08,950.5499877929688,957.3499755859375,945.0,951.0999755859375,574607
2025-07-09,947.0,952.0499877929688,926.75,944.7999877929688,1039879
2025-07-10,941.0,952.9000244140625,940.25,944.5499877929688,1128883
2025-07-11,944.0,946.9000244140625,928.0,938.4000244140625,1676679
2025-07-14,938.4000244140625,948.9000244140625,927.2000122070312,933.0499877929688,1815311
2025-07-15,937.7000122070312,946.0,932.3499755859375,943.8499755859375,1106472
2025-07-16,943.0,945.7000122070312,929.7000122070312,931.4500122070312,1500910
2025-07-17,935.5,953.0,929.8499755859375,950.4500122070312,1652952
2025-07-18,951.9000244140625,962.9000244140625,948.3499755859375,957.1500244140625,1480756
2025-07-21,957.9500122070312,972.6500244140625,957.5999755859375,960.0499877929688,1346529
2025-07-22,963.2000122070312,973.4500122070312,960.0,965.0,1858427
2025-07-23,969.4500122070312,981.0,963.5499877929688,977.4000244140625,1618809
2025-07-24,980.0,1006.3499755859375,978.2000122070312,1000.4500122070312,3629756
2025-07-25,1001.9500122070312,1003.0999755859375,990.3499755859375,1000.1500244140625,2197185
2025-07-28,1000.4500122070312,1001.4000244140625,972.0,977.7000122070312,1295974
2025-07-29,975.0,989.0,973.0,984.3499755859375,499540
2025-07-30,989.4000244140625,993.4500122070312,980.7000122070312,982.8499755859375,964425
2025-07-31,971.2000122070312,979.2999877929688,958.3499755859375,965.0,2114119
2025-08-01,968.0999755859375,971.0,941.5499877929688,945.5,1363054
2025-08-04,948.0999755859375,991.0,948.0999755859375,980.2000122070312,2939641
2025-08-05,983.0,1003.2000122070312,978.0,999.7999877929688,1411354
2025-08-06,998.5,1001.7000122070312,983.0999755859375,985.9000244140625,1098509
2025-08-07,985.8499755859375,1003.2000122070312,980.5499877929688,999.5,2528535
2025-08-08,999.5,1000.25,971.25,974.0999755859375,923189
2025-08-11,975.0499877929688,993.0,972.3499755859375,991.0,585167
2025-08-12,981.2000122070312,1004.0,979.7000122070312,998.5,1211533
2025-08-13,1007.0,1021.75,988.0,996.3499755859375,3231630
2025-08-14,999.0499877929688,999.4500122070312,968.2000122070312,975.4000244140625,1846204
2025-08-18,990.0,999.5499877929688,980.0,992.8499755859375,1909764
2025-08-19,995.0,1009.0999755859375,990.5499877929688,1005.25,1121842
2025-08-20,1003.2000122070312,1022.0,997.5999755859375,1016.25,1564199
2025-08-21,1016.25,1019.3499755859375,1006.2000122070312,1010.1500244140625,3047183
2025-08-22,1010.0,1010.75,993.7999877929688,997.25,1818098
2025-08-25,1003.0999755859375,1004.4000244140625,992.0999755859375,996.2000122070312,1542533
2025-08-26,994.9500122070312,999.4500122070312,970.9000244140625,977.1500244140625,6927411
2025-08-28,980.0,982.0,960.75,964.7000122070312,673705
2025-08-29,970.4000244140625,974.4000244140625,943.5499877929688,945.7999877929688,968556
2025-09-01,944.9500122070312,965.0,943.2999877929688,962.8499755859375,1593811
2025-09-02,964.4500122070312,982.0,956.0999755859375,975.1500244140625,1277690
2025-09-03,973.0,1030.0,973.0,1028.3499755859375,4521491
2025-09-04,1028.0,1037.4000244140625,1020.2000122070312,1031.8499755859375,1350756
2025-09-05,1031.8499755859375,1039.0,1027.199951171875,1034.8499755859375,793972
2025-09-08,1036.949951171875,1057.1500244140625,1036.1500244140625,1041.550048828125,1823229
2025-09-09,1043.0,1044.449951171875,1023.2000122070312,1034.0999755859375,766328
2025-09-10,1036.0,1042.050048828125,1030.050048828125,1039.5999755859375,722139
2025-09-11,1037.0,1044.699951171875,1032.5999755859375,1040.4000244140625,882337
2025-09-12,1041.949951171875,1046.300048828125,1027.199951171875,1035.949951171875,578783
2025-09-15,1034.9000244140625,1049.949951171875,1033.199951171875,1046.300048828125,618202
2025-09-16,1046.300048828125,1056.0,1038.449951171875,1053.3499755859375,1224328
2025-09-17,1056.949951171875,1059.4000244140625,1029.3499755859375,1033.6500244140625,634304
2025-09-18,1039.949951171875,1052.550048828125,1030.300048828125,1047.6500244140625,702731
2025-09-19,1048.0,1049.949951171875,1036.0,1046.0,943974
2025-09-22,1045.5,1051.5999755859375,1029.5999755859375,1032.449951171875,685776
2025-09-23,1035.0,1069.699951171875,1028.050048828125,1062.699951171875,1889834
2025-09-24,1062.699951171875,1065.75,1046.050048828125,1052.6500244140625,729744
2025-09-25,1048.0,1059.300048828125,1045.0,1051.699951171875,1534438
2025-09-26,1048.0,1061.949951171875,1027.8499755859375,1029.5,858507
2025-09-29,1035.0999755859375,1052.0,1035.0999755859375,1043.3499755859375,1278211
2025-09-30,1043.3499755859375,1069.0,1043.199951171875,1063.75,1992711
2025-10-01,1063.800048828125,1070.4000244140625,1055.0,1065.0,1125486
2025-10-03,1063.0,1087.5999755859375,1049.300048828125,1076.5,2035582
2025-10-06,1077.0,1078.9000244140625,1043.699951171875,1055.9000244140625,2301398
2025-10-07,1058.0,1059.300048828125,1029.9000244140625,1033.699951171875,1938416
2025-10-08,1031.0999755859375,1040.0,1016.0,1019.2000122070312,1436225
2025-10-09,1023.9000244140625,1044.4000244140625,1020.2999877929688,1040.300048828125,2732150
2025-10-10,1037.199951171875,1039.800048828125,1010.2000122070312,1015.2000122070312,2426076
2025-10-13,1015.2000122070312,1016.0999755859375,1002.2999877929688,1007.5999755859375,1642367
2025-10-14,1017.2999877929688,1018.4000244140625,986.2000122070312,996.0,1404907
2025-10-15,996.0,1004.4000244140625,993.9000244140625,1001.4000244140625,1643008
2025-10-16,1005.7000122070312,1025.800048828125,994.0,1022.7999877929688,1248871
2025-10-17,1022.7999877929688,1027.0999755859375,1004.7999877929688,1007.5999755859375,1530004
2025-10-20,1011.5,1013.5999755859375,998.5999755859375,1005.5999755859375,898357
2025-10-21,1010.0,1012.7999877929688,1003.0,1009.7999877929688,109029
2025-10-23,1012.0,1022.9000244140625,1005.7999877929688,1009.0999755859375,1065307
2025-10-24,1010.9000244140625,1027.9000244140625,1003.4000244140625,1008.2000122070312,1691676
2025-10-27,1011.2000122070312,1036.300048828125,1011.2000122070312,1034.300048828125,999054
2025-10-28,1034.300048828125,1077.699951171875,1027.0999755859375,1073.5,4445977
2025-10-29,1063.0,1097.699951171875,1058.199951171875,1070.5999755859375,3983488
2025-10-30,1072.9000244140625,1074.0,1058.0999755859375,1070.199951171875,1514350
2025-10-31,1065.699951171875,1074.199951171875,1056.5,1066.800048828125,1018215
2025-11-03,1066.0,1087.5999755859375,1063.0,1077.0,1193076
2025-11-04,1073.0,1085.199951171875,1066.4000244140625,1080.699951171875,2806142
2025-11-06,1080.699951171875,1081.0999755859375,1042.300048828125,1045.5,1497966
2025-11-07,1035.0,1075.0999755859375,1002.0999755859375,1069.9000244140625,1892592
2025-11-10,1069.9000244140625,1082.0,1069.0999755859375,1071.4000244140625,990878
2025-11-11,1076.5999755859375,1089.800048828125,1057.0,1080.199951171875,670521
2025-11-12,1080.300048828125,1084.5,1072.5,1079.9000244140625,702572
2025-11-13,1087.5,1098.0,1075.9000244140625,1087.800048828125,1863602
2025-11-14,1082.5999755859375,1096.0,1068.800048828125,1076.199951171875,1403097
2025-11-17,1080.5999755859375,1082.800048828125,1071.800048828125,1080.0,723524
2025-11-18,1078.0999755859375,1078.300048828125,1057.199951171875,1066.300048828125,1437183
2025-11-19,1066.0,1076.0,1059.300048828125,1071.0,933058
2025-11-20,1075.9000244140625,1078.0,1062.199951171875,1069.4000244140625,834957
2025-11-21,1065.0,1065.0,1035.5,1038.5999755859375,1316935
2025-11-24,1040.4000244140625,1046.699951171875,1014.7000122070312,1021.2999877929688,3883924
2025-11-25,1022.9000244140625,1029.9000244140625,1014.7000122070312,1022.5999755859375,1833665
2025-11-26,1029.0,1048.300048828125,1023.7999877929688,1042.4000244140625,1580115
2025-11-27,1047.9000244140625,1053.0999755859375,1034.199951171875,1041.0999755859375,893056
2025-11-28,1046.699951171875,1054.9000244140625,1037.300048828125,1044.4000244140625,1205893
2025-12-01,1053.5,1055.0,1039.0,1048.0,803834
2025-12-02,1046.0,1052.0,1024.5999755859375,1028.800048828125,1634860
2025-12-03,1033.800048828125,1033.800048828125,1013.0,1017.9000244140625,1634772
2025-12-04,1020.0999755859375,1028.300048828125,1003.0,1005.7999877929688,645481
2025-12-05,1009.0,1010.9000244140625,989.0,1006.7999877929688,1273166
2025-12-08,1007.0,1011.0999755859375,991.0,997.5,1118377
2025-12-09,996.0,1009.7000122070312,977.0999755859375,1002.7999877929688,1274066
2025-12-10,1004.2000122070312,1013.5,1001.0999755859375,1008.9000244140625,658048
2025-12-11,1009.0,1015.2999877929688,1002.5999755859375,1012.9000244140625,576973
2025-12-12,1019.0,1032.5,1017.9000244140625,1029.5,846932
2025-12-15,1032.0,1036.5,1023.2000122070312,1034.0,396392
2025-12-16,1032.0,1032.0,1005.0999755859375,1011.2000122070312,1561272
2025-12-17,1008.0,1012.4000244140625,998.0,1001.5,647160
2025-12-18,1001.5,1003.5,979.0999755859375,986.0,2600965
2025-12-19,986.5999755859375,1002.5,981.5999755859375,992.5999755859375,1137039
2025-12-22,998.0,1016.2000122070312,995.0999755859375,1002.0999755859375,1205035
2025-12-23,1008.0,1017.0,998.5999755859375,1012.5999755859375,682890
2025-12-24,1014.7999877929688,1014.7999877929688,997.0,999.0,617162
2025-12-26,997.9000244140625,999.0,985.4000244140625,986.5,780164
2025-12-29,991.2000122070312,1010.5999755859375,988.5,990.5,2221198
2025-12-30,992.0,1025.5,986.4000244140625,1021.2999877929688,2097101
2025-12-31,1042.4000244140625,1065.0,1042.4000244140625,1053.800048828125,4643020
2026-01-01,1053.800048828125,1070.0,1046.5999755859375,1068.4000244140625,1361672
2026-01-02,1068.800048828125,1082.699951171875,1065.0,1080.300048828125,1931379
2026-01-05,1084.0,1087.5,1074.4000244140625,1081.5999755859375,900540
2026-01-06,1080.0999755859375,1090.5999755859375,1072.300048828125,1079.800048828125,1100849
2026-01-07,1080.0,1087.0,1067.5999755859375,1074.699951171875,553494
2026-01-08,1075.300048828125,1078.0,1010.0,1013.5999755859375,3223347
2026-01-09,1014.9000244140625,1021.2000122070312,1003.7000122070312,1010.2999877929688,994369
2026-01-12,1010.9000244140625,1029.5999755859375,997.0999755859375,1023.4000244140625,1469718
2026-01-13,1028.0,1031.800048828125,1002.7000122070312,1010.7999877929688,977080
2026-01-14,1012.0,1046.0,1006.0,1040.699951171875,1727062
2026-01-15,1040.699951171875,1040.699951171875,1040.699951171875,1040.699951171875,0
2026-01-16,1045.9000244140625,1054.0,1035.5,1042.9000244140625,1500141
2026-01-19,1035.0,1062.9000244140625,1034.0999755859375,1055.5999755859375,1407699
2026-01-20,1053.5,1063.800048828125,1034.0,1039.800048828125,1518491
2026-01-21,1050.4000244140625,1055.5999755859375,1030.4000244140625,1041.4000244140625,1655357
2026-01-22,1045.9000244140625,1079.0,1044.0,1076.0,2032310
2026-01-23,1081.0,1104.0,1057.0999755859375,1063.5999755859375,2761031
2026-01-27,1067.0,1086.5,1059.4000244140625,1080.699951171875,1951032
2026-01-28,1090.0,1122.0,1078.4000244140625,1119.4000244140625,2783493
2026-01-29,1125.0,1168.0,1125.0,1159.5999755859375,4011001
2026-01-30,1141.800048828125,1164.699951171875,1103.0,1132.0,3291975
2026-02-02,1100.0,1133.0,1082.699951171875,1125.0999755859375,1460280
2026-02-03,1165.0,1170.5999755859375,1135.0,1149.699951171875,1360519
2026-02-04,1155.0,1180.5,1154.9000244140625,1167.300048828125,2332435
2026-02-05,1159.0999755859375,1185.0,1150.199951171875,1178.0,1090941
2026-02-06,1171.5,1191.699951171875,1162.9000244140625,1189.9000244140625,988037
2026-02-09,1196.300048828125,1204.9000244140625,1178.9000244140625,1191.0999755859375,1017423
2026-02-10,1195.0,1203.699951171875,1185.4000244140625,1191.4000244140625,677182
2026-02-11,1198.800048828125,1202.0,1187.9000244140625,1190.5,670060
2026-02-12,1185.0,1207.0,1185.0,1203.4000244140625,627605
2026-02-13,1193.4000244140625,1193.4000244140625,1167.300048828125,1184.699951171875,1302484
2026-02-16,1168.0,1214.0,1165.0,1210.9000244140625,939983
2026-02-17,1210.0,1215.4000244140625,1190.4000244140625,1211.0,1950738
2026-02-18,1214.0,1229.300048828125,1211.5,1221.800048828125,918546
2026-02-19,1228.0,1232.800048828125,1200.0,1211.0999755859375,966087
2026-02-20,1209.800048828125,1230.0,1203.0,1217.0999755859375,662336
2026-02-23,1220.800048828125,1230.0,1207.0,1216.5999755859375,562390
2026-02-24,1216.5999755859375,1240.0,1211.0999755859375,1233.300048828125,1023225
2026-02-25,1241.9000244140625,1269.9000244140625,1237.699951171875,1266.5,1271115
2026-02-26,1272.0,1272.0999755859375,1257.800048828125,1261.0,942928
2026-02-27,1253.199951171875,1267.0,1239.0999755859375,1244.199951171875,1618136
2026-03-02,1215.0,1256.5999755859375,1215.0,1237.800048828125,1589722
2026-03-04,1225.0999755859375,1227.0,1161.0,1168.4000244140625,2894114
2026-03-05,1172.300048828125,1193.300048828125,1169.4000244140625,1184.0,788753
2026-03-06,1184.0,1195.800048828125,1176.5999755859375,1180.4000244140625,797237
2026-03-09,1157.0,1167.0999755859375,1132.0,1144.0999755859375,2194187
2026-03-10,1154.9000244140625,1190.9000244140625,1150.5,1187.199951171875,1189789
2026-03-11,1187.0,1205.0999755859375,1183.199951171875,1187.0,1055730
2026-03-12,1177.5999755859375,1232.0999755859375,1162.199951171875,1225.0,1959835
2026-03-13,1216.300048828125,1222.4000244140625,1136.0999755859375,1143.300048828125,1866333
2026-03-16,1137.0,1156.199951171875,1124.199951171875,1133.0,1403667
2026-03-17,1135.9000244140625,1160.699951171875,1128.0,1157.300048828125,809027
2026-03-18,1157.300048828125,1184.4000244140625,1140.199951171875,1179.199951171875,1013722
2026-03-19,1161.199951171875,1162.699951171875,1130.699951171875,1138.0999755859375,542455
2026-03-20,1144.0999755859375,1196.0,1144.0999755859375,1186.5,1998983
2026-03-23,1162.0,1169.800048828125,1101.5999755859375,1106.199951171875,1880244
2026-03-24,1129.4000244140625,1138.5,1111.0,1120.5999755859375,1222265
2026-03-25,1132.199951171875,1154.0,1130.5,1143.0,1230757
2026-03-27,1135.9000244140625,1154.699951171875,1122.4000244140625,1131.4000244140625,1840045
2026-03-30,1117.0,1133.800048828125,1106.9000244140625,1113.0999755859375,1729076
2026-04-01,1131.0,1158.300048828125,1126.4000244140625,1137.4000244140625,1544180
2026-04-02,1131.0,1146.300048828125,1093.800048828125,1137.9000244140625,1485498
2026-04-06,1131.0,1156.4000244140625,1101.300048828125,1134.0,4716546
2026-04-07,1124.0999755859375,1173.9000244140625,1124.0999755859375,1168.199951171875,1729304
2026-04-08,1190.0,1223.0999755859375,1188.9000244140625,1213.0999755859375,1573122
2026-04-09,1213.300048828125,1229.699951171875,1194.800048828125,1199.5999755859375,1807078
2026-04-10,1207.0,1223.0999755859375,1196.5,1219.199951171875,1632332
2026-04-13,1205.0,1230.300048828125,1185.5,1218.5,1075242
2026-04-15,1234.0,1249.5,1211.0,1221.300048828125,1190536
2026-04-16,1226.0,1242.0,1219.5,1228.300048828125,1381465
2026-04-17,1228.300048828125,1284.0,1207.9000244140625,1270.0,2860655
2026-04-20,1274.9000244140625,1297.5,1250.0,1287.699951171875,1852542
2026-04-21,1290.0,1306.199951171875,1277.300048828125,1288.800048828125,1197265
2026-04-22,1289.0,1298.4000244140625,1272.300048828125,1278.5999755859375,1550115
2026-04-23,1278.5999755859375,1279.9000244140625,1251.699951171875,1254.5,843109
2026-04-24,1252.199951171875,1273.0999755859375,1237.300048828125,1256.0,1161639
2026-04-27,1257.9000244140625,1293.5999755859375,1257.5999755859375,1278.199951171875,1150764
2026-04-28,1283.5,1290.5,1262.5,1265.5,858544
2026-04-29,1270.9000244140625,1270.9000244140625,1224.5,1228.0999755859375,1069141
2026-04-30,1224.0,1234.4000244140625,1201.0999755859375,1223.0999755859375,878441
2026-05-01,1223.0999755859375,1223.0999755859375,1223.0999755859375,1223.0999755859375,0
2026-05-04,1245.0,1278.9000244140625,1234.0999755859375,1261.4000244140625,4141121
2026-05-05,1263.0999755859375,1283.300048828125,1254.699951171875,1261.199951171875,2181399
2026-05-06,1272.0,1283.5999755859375,1250.0,1264.300048828125,1985427
2026-05-07,1273.0,1284.4000244140625,1254.199951171875,1258.199951171875,992992
2026-05-08,1258.199951171875,1260.0,1239.199951171875,1248.4000244140625,995187
2026-05-11,1250.0,1256.0,1230.199951171875,1232.0,699510
2026-05-12,1233.0999755859375,1242.800048828125,1211.0999755859375,1214.300048828125,1177173
2026-05-13,1219.0,1258.0,1216.0999755859375,1242.9000244140625,1024817
2026-05-14,1253.0999755859375,1258.4000244140625,1237.199951171875,1252.800048828125,1111090
2026-05-15,1255.0,1259.0,1225.699951171875,1232.0,1171259
2026-05-18,1229.199951171875,1246.300048828125,1200.699951171875,1231.800048828125,923644
2026-05-19,1237.0,1237.699951171875,1221.199951171875,1226.300048828125,634511
2026-05-20,1215.0,1244.0,1200.9000244140625,1223.0999755859375,1117681
2026-05-21,1243.0,1243.0,1194.0,1196.800048828125,963285
2026-05-22,1198.5999755859375,1212.4000244140625,1192.300048828125,1209.9000244140625,805924
2026-05-25,1224.4000244140625,1224.4000244140625,1209.0999755859375,1212.300048828125,323348
2026-05-26,1212.300048828125,1226.300048828125,1205.0,1222.9000244140625,477830
2026-05-27,1225.0,1254.9000244140625,1211.0,1220.5999755859375,1184467
2026-05-28,1220.5999755859375,1220.5999755859375,1220.5999755859375,1220.5999755859375,0
2026-05-29,1227.0,1230.5,1191.699951171875,1207.199951171875,4256869
2026-06-01,1219.0,1222.9000244140625,1203.0999755859375,1209.800048828125,451079
2026-06-02,1199.699951171875,1217.5,1196.699951171875,1203.4000244140625,478492
2026-06-03,1213.199951171875,1218.9000244140625,1190.0,1211.300048828125,489001
2026-06-04,1210.800048828125,1213.5999755859375,1195.0,1197.199951171875,611274
2026-06-05,1199.4000244140625,1204.699951171875,1165.4000244140625,1181.300048828125,1034889
2026-06-08,1165.0,1181.9000244140625,1150.0999755859375,1156.300048828125,610979
2026-06-09,1157.800048828125,1168.4000244140625,1143.5,1149.9000244140625,745517
2026-06-10,1147.0,1147.5999755859375,1118.300048828125,1121.0999755859375,1344851
2026-06-11,1119.0,1137.300048828125,1109.5,1121.300048828125,914820
2026-06-12,1140.0,1150.9000244140625,1128.0999755859375,1148.5,448591
2026-06-15,1156.5999755859375,1168.4000244140625,1142.5999755859375,1149.5,2612316
2026-06-16,1149.5,1152.9000244140625,1120.5999755859375,1139.800048828125,810919
2026-06-17,1139.800048828125,1142.300048828125,1123.5999755859375,1135.800048828125,1869441
2026-06-18,1136.0,1147.800048828125,1126.4000244140625,1131.9000244140625,1279545
2026-06-19,1131.9000244140625,1143.0,1122.0999755859375,1137.699951171875,1345823
2026-06-22,1146.5,1150.0,1125.9000244140625,1132.0,2311665
2026-06-23,1131.0,1131.9000244140625,1076.199951171875,1082.5999755859375,2645410
2026-06-24,1076.0,1096.5999755859375,1064.5,1089.699951171875,1420573
2026-06-25,1089.699951171875,1093.0,1056.300048828125,1059.5,3101359
2026-06-26,1059.5,1059.5,1059.5,1059.5,0
2026-06-29,1059.5999755859375,1081.300048828125,1056.5999755859375,1068.0999755859375,1129001
2026-06-30,1068.800048828125,1075.0,1054.4000244140625,1060.0999755859375,1062138
2026-07-01,1045.5,1049.300048828125,1024.199951171875,1028.800048828125,3331254
2026-07-02,1034.0,1049.9000244140625,1033.0,1043.800048828125,816316
2026-07-03,1052.4000244140625,1073.800048828125,1051.0,1054.0,932823
2026-07-06,1058.5,1065.5,1045.9000244140625,1059.5,1284371
2026-07-07,1053.9000244140625,1053.9000244140625,1027.300048828125,1035.4000244140625,1217611
2026-07-08,1029.199951171875,1048.0,1016.0,1021.5,939813
2026-07-09,1023.5999755859375,1037.699951171875,1022.5999755859375,1029.800048828125,641235
2026-07-10,1044.4000244140625,1063.5999755859375,1038.5,1051.300048828125,1175870
2026-07-13,1044.300048828125,1044.300048828125,1010.0999755859375,1028.800048828125,1907483
2026-07-14,1026.699951171875,1049.9000244140625,1025.0,1040.0999755859375,2286094
2026-07-15,1045.699951171875,1050.5,1037.9000244140625,1042.199951171875,1751517
2026-07-16,1041.9000244140625,1044.199951171875,1023.0,1028.0,1097051
2026-07-17,1031.0,1035.800048828125,1018.4000244140625,1025.0,628804
2026-07-20,1025.0,1044.0,1020.0,1033.300048828125,1212343
2026-07-21,1035.0,1050.5,1030.5,1044.699951171875,638437
2026-07-22,1050.0,1051.0,1038.300048828125,1045.0,842226
2026-07-23,1042.0,1056.300048828125,1034.0999755859375,,1130291
