date,open,high,low,close,volume
2019-07-23,30.668582916259766,31.09206771850586,30.163131713867188,30.887155532836914,21658209
2019-07-24,30.83251190185547,31.078407287597656,29.971879959106445,30.13581085205078,17521577
2019-07-25,30.35438346862793,30.805191040039062,29.917236328125,30.53197479248047,14556031
2019-07-26,30.600278854370117,31.46091079711914,30.13581085205078,30.87349510192871,16326215
2019-07-29,30.955459594726562,31.064746856689453,29.015621185302734,29.493749618530273,21111046
2019-07-30,29.507410049438477,29.534732818603516,28.209630966186523,28.30525779724121,21545979
2019-07-31,28.30525779724121,29.575714111328125,28.141326904296875,29.165889739990234,12835456
2019-08-01,28.96097755432129,29.179550170898438,28.52383041381836,28.797046661376953,14058049
2019-08-02,28.41454315185547,28.482847213745117,27.704179763793945,28.141326904296875,58284796
2019-08-05,28.141326904296875,28.141326904296875,26.966495513916016,27.26703453063965,47652729
2019-08-06,27.075782775878906,28.154987335205078,27.075782775878906,27.991058349609375,21351507
2019-08-07,27.745162963867188,28.11400604248047,26.447383880615234,26.62497329711914,19308616
2019-08-08,26.47470474243164,27.048460006713867,24.9310302734375,26.870868682861328,54416735
2019-08-09,27.32167625427246,30.32706069946289,27.185068130493164,29.32982063293457,120492894
2019-08-13,28.96097755432129,29.234193801879883,26.2834529876709,26.58399200439453,90355330
2019-08-14,26.966495513916016,27.840789794921875,26.720600128173828,27.021137237548828,48348861
2019-08-16,26.775243759155273,27.308015823364258,26.36541748046875,26.788904190063477,23328435
2019-08-19,27.185068130493164,27.226051330566406,26.461044311523438,26.679616928100586,22472445
2019-08-20,26.720600128173828,27.471946716308594,26.597652435302734,26.80256462097168,20964152
2019-08-21,26.843547821044922,27.212390899658203,26.03755760192871,26.47470474243164,24406444
2019-08-22,26.47470474243164,26.62497329711914,25.92827033996582,26.4337215423584,53542349
2019-08-23,26.228809356689453,26.98015594482422,24.890047073364258,26.720600128173828,51712092
2019-08-26,28.277936935424805,28.277936935424805,25.559429168701172,26.720600128173828,41895048
2019-08-27,26.775243759155273,28.182310104370117,26.720600128173828,27.799806594848633,42884006
2019-08-28,27.86811065673828,28.482847213745117,26.4337215423584,26.665956497192383,37233003
2019-08-29,26.406400680541992,26.98015594482422,25.941932678222656,26.488365173339844,16887257
2019-08-30,26.761581420898438,26.898191452026367,26.2834529876709,26.775243759155273,15351608
2019-09-03,26.24247169494629,26.420061111450195,25.764341354370117,25.941932678222656,14032055
2019-09-04,25.95559310913086,26.269792556762695,25.40915870666504,25.95559310913086,26260880
2019-09-05,26.201488494873047,26.775243759155273,26.051219940185547,26.679616928100586,15350313
2019-09-06,26.95283317565918,27.56757164001465,26.58399200439453,27.021137237548828,35318969
2019-09-09,27.007478713989258,27.32167625427246,26.69327735900879,27.116764068603516,26724578
2019-09-11,27.23971176147461,28.687761306762695,27.157747268676758,28.250614166259766,59448231
2019-09-12,28.400882720947266,29.056602478027344,27.977397918701172,28.168649673461914,32837936
2019-09-13,28.400882720947266,29.507410049438477,28.209630966186523,29.384464263916016,54380914
2019-09-16,29.22053337097168,29.48008918762207,28.728742599487305,29.247854232788086,19400258
2019-09-17,29.357141494750977,29.944557189941406,28.728742599487305,29.015621185302734,60857793
2019-09-18,29.193212509155273,29.288837432861328,27.553911209106445,28.250614166259766,32042688
2019-09-19,28.277936935424805,28.797046661376953,28.004718780517578,28.469186782836914,28527256
2019-09-20,28.674100875854492,32.37618637084961,28.250614166259766,31.05108642578125,86485700
2019-09-23,31.515554428100586,32.02100372314453,30.545635223388672,31.66582489013672,54340166
2019-09-24,31.96636199951172,32.307884216308594,31.16037368774414,31.57019805908203,33549792
2019-09-25,31.22867774963379,31.365285873413086,29.261516571044922,29.644018173217773,58867315
2019-09-26,29.65768051147461,30.32706069946289,29.521072387695312,29.7669677734375,30543893
2019-09-27,29.73964500427246,30.28607940673828,29.193212509155273,29.343481063842773,26675115
2019-09-30,29.097585678100586,29.43910789489746,28.182310104370117,28.674100875854492,30874008
2019-10-01,28.824369430541992,28.96097755432129,27.594894409179688,28.428205490112305,21479197
2019-10-03,28.510169982910156,28.578474044799805,27.007478713989258,27.157747268676758,34368541
2019-10-04,27.294355392456055,27.622215270996094,26.50202751159668,26.62497329711914,18382861
2019-10-07,26.775243759155273,27.048460006713867,26.092201232910156,26.80256462097168,16107715
2019-10-09,26.775243759155273,26.88452911376953,26.174165725708008,26.54300880432129,28136336
2019-10-10,26.54300880432129,26.73426055908203,25.818984985351562,26.269792556762695,30742376
2019-10-11,26.4337215423584,26.597652435302734,25.9829158782959,26.21514892578125,25149960
2019-10-14,26.47470474243164,27.458284378051758,26.2971134185791,27.048460006713867,41204377
2019-10-15,27.185068130493164,28.073022842407227,26.747922897338867,27.82712745666504,38303435
2019-10-16,27.950075149536133,28.11400604248047,27.048460006713867,27.17140769958496,25455490
2019-10-17,27.185068130493164,30.600278854370117,27.116764068603516,29.876253128051758,86290917
2019-10-18,30.32706069946289,30.409025192260742,29.124908447265625,29.384464263916016,55858122
2019-10-22,28.906333923339844,28.919994354248047,28.141326904296875,28.332578659057617,38013431
2019-10-23,27.977397918701172,29.644018173217773,27.82712745666504,29.39812469482422,38043399
2019-10-24,29.821609497070312,30.545635223388672,29.466428756713867,30.46367073059082,48200949
2019-10-25,30.518312454223633,31.010103225708008,29.889915466308594,30.32706069946289,27244751
2019-10-27,31.22867774963379,31.406267166137695,30.43634796142578,30.79153060913086,5822717
2019-10-29,31.037424087524414,34.50727844238281,30.87349510192871,33.496376037597656,106160282
2019-10-30,33.57834243774414,34.001827239990234,32.58110046386719,33.40074920654297,34903292
2019-10-31,33.60566329956055,34.64388656616211,33.127532958984375,33.592002868652344,58437557
2019-11-01,33.742271423339844,34.152095794677734,33.168514251708984,33.41440963745117,27696377
2019-11-04,33.441734313964844,34.8897819519043,33.40074920654297,34.31602478027344,32044906
2019-11-05,33.61932373046875,35.46353530883789,33.51003646850586,34.561920166015625,53286289
2019-11-06,34.302364349365234,36.20122146606445,34.09745407104492,36.009971618652344,73393740
2019-11-07,35.88702392578125,36.84328079223633,35.40889358520508,36.66569137573242,43162386
2019-11-08,36.29684829711914,36.979888916015625,35.135677337646484,35.31326675415039,44475618
2019-11-11,35.0537109375,37.020870208740234,34.69852828979492,36.66569137573242,78706236
2019-11-13,36.66569137573242,37.28042984008789,36.269527435302734,36.73399353027344,48720994
2019-11-14,36.58372497558594,37.649269104003906,36.39247512817383,37.25310516357422,28393099
2019-11-15,37.6082878112793,37.86784362792969,36.570064544677734,36.73399353027344,31544973
2019-11-18,36.95256805419922,37.4716796875,36.22854232788086,36.69301223754883,34943674
2019-11-19,36.747657775878906,36.938907623291016,36.44711685180664,36.65203094482422,33301052
2019-11-20,36.54274368286133,36.870601654052734,36.009971618652344,36.14657974243164,21378343
2019-11-21,36.119258880615234,36.119258880615234,33.168514251708984,33.41440963745117,58759236
2019-11-22,33.87887954711914,35.31326675415039,33.87887954711914,34.7668342590332,45398215
2019-11-25,34.95808410644531,35.96898651123047,34.83513641357422,35.73675537109375,27789183
2019-11-26,35.79139709472656,37.26676559448242,35.73675537109375,36.570064544677734,61991084
2019-11-27,37.97713088989258,37.97713088989258,36.13291931152344,36.50175857543945,69214084
2019-11-28,36.58372497558594,36.91158676147461,36.14657974243164,36.70667266845703,17058099
2019-11-29,36.378814697265625,37.089176177978516,35.01272964477539,35.395233154296875,64573842
2019-12-02,34.95808410644531,36.51542282104492,34.561920166015625,36.35149002075195,30128421
2019-12-03,35.70943069458008,36.17390060424805,35.504520416259766,35.87336349487305,23831219
2019-12-04,35.10835647583008,36.59738540649414,34.31602478027344,36.310508728027344,27637757
2019-12-05,36.064613342285156,36.33782958984375,35.436214447021484,35.98265075683594,14025145
2019-12-06,35.94166564941406,36.611045837402344,35.87336349487305,36.29684829711914,24068778
2019-12-09,36.255863189697266,37.1574821472168,36.064613342285156,36.720333099365234,34815329
2019-12-10,36.611045837402344,36.73399353027344,35.72309112548828,35.98265075683594,16001781
2019-12-11,35.955326080322266,36.59738540649414,35.586483001708984,36.29684829711914,12637470
2019-12-12,36.55640411376953,37.56730651855469,36.03729248046875,37.0072135925293,28148169
2019-12-13,37.21212387084961,39.179283142089844,37.21212387084961,38.49624252319336,89084545
2019-12-16,38.783119201660156,38.93339157104492,37.84052276611328,38.66017150878906,27959831
2019-12-17,38.53722381591797,38.947052001953125,38.40061569213867,38.81044387817383,20974440
2019-12-18,38.79677963256836,40.51804733276367,38.264007568359375,40.162864685058594,41462157
2019-12-19,40.012596130371094,40.65465545654297,39.26124954223633,40.422420501708984,29748389
2019-12-20,40.381439208984375,40.55902862548828,39.7530403137207,39.971614837646484,25758572
2019-12-23,39.712059020996094,40.61367416381836,39.616432189941406,40.422420501708984,25527466
2019-12-24,40.43608093261719,40.490726470947266,39.916969299316406,40.0262565612793,13447278
2019-12-26,40.012596130371094,40.681976318359375,39.82134246826172,40.08089828491211,13936508
2019-12-27,40.09456253051758,40.70929718017578,39.95795440673828,40.381439208984375,11245608
2019-12-30,40.572689056396484,41.255733489990234,40.28581237792969,40.750282287597656,18996454
2019-12-31,40.76394271850586,40.92787170410156,39.93062973022461,40.0399169921875,17197362
2020-01-01,40.162864685058594,40.36777877807617,39.68473434448242,39.807682037353516,12607710
2020-01-02,39.8896484375,41.11912536621094,39.79402160644531,40.92787170410156,12239032
2020-01-03,40.92787170410156,40.92787170410156,40.121883392333984,40.490726470947266,11045269
2020-01-06,40.313133239746094,40.40876007080078,38.277671813964844,38.53722381591797,22717280
2020-01-07,39.06999969482422,40.08089828491211,38.93339157104492,39.548126220703125,21389601
2020-01-08,38.523563385009766,40.39509963989258,38.427940368652344,40.162864685058594,19359634
2020-01-09,40.43608093261719,41.255733489990234,39.79402160644531,40.95519256591797,30493215
2020-01-10,40.95519256591797,41.091800689697266,40.08089828491211,40.58634948730469,14026660
2020-01-13,40.81858444213867,40.91421127319336,39.616432189941406,39.84866714477539,13810389
2020-01-14,39.82134246826172,39.95795440673828,38.40061569213867,38.86508560180664,28015110
2020-01-15,38.79677963256836,38.93339157104492,37.649269104003906,38.01811218261719,34958413
2020-01-16,38.223026275634766,39.397857666015625,38.113739013671875,39.138301849365234,40421054
2020-01-17,39.12464141845703,39.12464141845703,38.04543685913086,38.20936584472656,16939918
2020-01-20,38.31865310668945,38.66017150878906,37.4580192565918,37.6082878112793,18685331
2020-01-21,37.26676559448242,38.10007858276367,36.611045837402344,37.82686233520508,27603103
2020-01-22,37.93614959716797,38.04543685913086,37.294090270996094,37.90882873535156,10753468
2020-01-23,37.813201904296875,38.64651107788086,37.703914642333984,38.45526123046875,24215749
2020-01-24,38.29132843017578,40.35411834716797,38.29132843017578,39.64375305175781,42239492
2020-01-27,39.4525032043457,39.4525032043457,38.332313537597656,38.44160079956055,22590212
2020-01-28,38.50990295410156,38.728477478027344,37.7858772277832,37.97713088989258,36921283
2020-01-29,38.19570541381836,38.97437286376953,38.16838455200195,38.687496185302734,14535070
2020-01-30,38.61919021606445,38.878746032714844,37.512664794921875,37.94981002807617,26084558
2020-01-31,38.113739013671875,38.332313537597656,35.83237838745117,36.529083251953125,100783596
2020-02-03,34.97174835205078,35.586483001708984,33.94718551635742,34.19308090209961,42849609
2020-02-04,34.630226135253906,36.99354934692383,34.35700988769531,36.62470626831055,50303276
2020-02-05,36.8842658996582,37.36239242553711,35.764076232910156,36.979888916015625,29873187
2020-02-06,37.07551574707031,37.97713088989258,36.897926330566406,37.389713287353516,40249402
2020-02-07,37.43069839477539,37.58096694946289,36.064613342285156,36.14657974243164,26988207
2020-02-10,36.064613342285156,37.143821716308594,33.15485382080078,34.08379364013672,153566812
2020-02-11,34.42531204223633,34.72584915161133,33.892539978027344,34.16575622558594,42157612
2020-02-12,34.261383056640625,35.46353530883789,34.19308090209961,34.821475982666016,30383350
2020-02-13,35.01272964477539,35.01272964477539,33.91986083984375,34.12477493286133,29057553
2020-02-14,34.12477493286133,34.39799118041992,33.52369689941406,33.86521911621094,23246175
2020-02-17,33.892539978027344,33.98816680908203,33.35976791381836,33.57834243774414,16709669
2020-02-18,33.29146194458008,33.98816680908203,31.829753875732422,33.68762969970703,36367840
2020-02-19,34.01548767089844,34.6029052734375,32.69038772583008,33.22315979003906,29991694
2020-02-20,33.05923080444336,34.17941665649414,32.867977142333984,33.592002868652344,25689308
2020-02-24,33.195838928222656,33.195838928222656,31.1330509185791,31.31064224243164,30148599
2020-02-25,31.146711349487305,32.44449234008789,30.805191040039062,31.911718368530273,39398529
2020-02-26,30.87349510192871,31.365285873413086,30.24509620666504,30.395366668701172,48532302
2020-02-27,30.313400268554688,30.313400268554688,29.11124610900879,29.80794906616211,55372555
2020-02-28,28.277936935424805,28.906333923339844,27.772485733032227,28.318918228149414,99175880
2020-03-02,28.906333923339844,29.685001373291016,26.939172744750977,27.635875701904297,95691862
2020-03-03,28.41454315185547,29.466428756713867,27.963735580444336,29.015621185302734,45347651
2020-03-04,28.769725799560547,28.906333923339844,26.88452911376953,27.485607147216797,89496565
2020-03-05,27.86811065673828,28.073022842407227,26.638635635375977,27.444623947143555,94573355
2020-03-06,26.078540802001953,26.993816375732422,25.60041046142578,26.665956497192383,34633642
2020-03-09,25.92827033996582,26.515687942504883,24.67147445678711,24.972013473510742,43158836
2020-03-11,24.45290184020996,25.29987335205078,24.12504005432129,24.52120590209961,49919899
2020-03-12,23.455659866333008,23.455659866333008,18.250879287719727,18.55141830444336,250271833
2020-03-13,16.707204818725586,21.283586502075195,13.920393943786621,17.44489097595215,166680882
2020-03-16,17.34926414489746,18.92026138305664,16.119789123535156,18.237218856811523,123734767
2020-03-17,18.319183349609375,18.578739166259766,16.447649002075195,16.597919464111328,66704400
2020-03-18,17.021404266357422,17.41756820678711,16.1607723236084,16.83015251159668,65035000
2020-03-19,16.666223526000977,17.977663040161133,15.942197799682617,17.52685546875,82383082
2020-03-20,17.513195037841797,18.974903106689453,17.103370666503906,18.22355842590332,69924583
2020-03-23,16.93943977355957,17.472211837768555,14.589775085449219,14.589775085449219,30715079
2020-03-24,14.453166961669922,16.338363647460938,13.291996002197266,15.259156227111816,51864103
2020-03-25,15.300139427185059,16.72086524963379,15.026922225952148,16.556936264038086,35565371
2020-03-26,16.67988395690918,17.936681747436523,16.119789123535156,17.52685546875,49533441
2020-03-27,18.305522918701172,18.81097412109375,17.076047897338867,17.253639221191406,36790431
2020-03-30,16.666223526000977,17.117029190063477,15.928537368774414,16.584257125854492,22920982
2020-03-31,17.062387466430664,17.144351959228516,16.338363647460938,16.67988395690918,30723472
2020-04-01,16.529613494873047,16.884796142578125,15.627999305725098,15.83291244506836,33423892
2020-04-03,15.96951961517334,15.96951961517334,14.808348655700684,14.94495677947998,30568522
2020-04-07,15.600676536560059,15.860233306884766,15.204512596130371,15.423086166381836,52066697
2020-04-08,15.409425735473633,16.802831649780273,14.808348655700684,15.354782104492188,111758888
2020-04-09,15.846571922302246,18.387487411499023,15.627999305725098,18.04596710205078,119503973
2020-04-13,18.237218856811523,18.360166549682617,16.98042106628418,17.253639221191406,48203208
2020-04-15,17.759090423583984,20.436613082885742,17.690786361694336,19.439373016357422,170943300
2020-04-16,19.53499984741211,22.922887802124023,19.316425323486328,22.267166137695312,183590653
2020-04-17,23.769859313964844,24.49388313293457,22.267166137695312,23.7152156829834,245719840
2020-04-20,24.043075561523438,24.152362823486328,22.868242263793945,23.141460418701172,101358707
2020-04-21,21.84368133544922,21.84368133544922,19.46669578552246,19.65794563293457,142726577
2020-04-22,19.671606063842773,20.436613082885742,19.302764892578125,19.985807418823242,97407727
2020-04-23,20.16339683532715,20.86009979248047,19.972145080566406,20.108753204345703,54035130
2020-04-24,19.780893325805664,20.286344528198242,19.494016647338867,19.671606063842773,39210301
2020-04-27,19.903841018676758,21.63876724243164,19.903841018676758,20.983047485351562,136568269
2020-04-28,21.26992416381836,22.14421844482422,20.805456161499023,21.392873764038086,95605458
2020-04-29,21.84368133544922,23.523963928222656,21.789037704467773,22.239845275878906,297534473
2020-04-30,23.360034942626953,25.135942459106445,23.305389404296875,23.920127868652344,200724824
2020-05-04,22.62234878540039,22.649669647216797,20.846439361572266,20.928403854370117,97010639
2020-05-05,21.70707130432129,21.81635856628418,20.190719604492188,20.27268409729004,92576428
2020-05-06,20.38197135925293,21.25626564025879,19.671606063842773,20.955726623535156,81472827
2020-05-07,20.846439361572266,21.20162010192871,20.409292221069336,20.50491714477539,43989392
2020-05-08,21.187959671020508,21.515819549560547,20.928403854370117,21.037691116333008,83678932
2020-05-11,21.4475154876709,23.223424911499023,21.33823013305664,21.980289459228516,200212359
2020-05-12,22.048593521118164,22.649669647216797,21.22894287109375,22.417436599731445,98113913
2020-05-13,23.933788299560547,23.988431930541992,22.868242263793945,23.045833587646484,84870762
2020-05-14,22.267166137695312,22.991191864013672,21.63876724243164,21.84368133544922,51728752
2020-05-15,22.021270751953125,22.704313278198242,21.611446380615234,22.458417892456055,69995577
2020-05-18,22.458417892456055,22.499401092529297,21.065013885498047,21.26992416381836,53362851
2020-05-19,21.789037704467773,22.021270751953125,21.365550994873047,21.611446380615234,51882919
2020-05-20,21.70707130432129,22.73163414001465,21.502159118652344,22.40377426147461,31091656
2020-05-21,22.40377426147461,22.813600540161133,22.14421844482422,22.33547019958496,39503368
2020-05-22,22.130558013916016,22.33547019958496,21.420194625854492,21.63876724243164,29438877
2020-05-26,21.857341766357422,23.305389404296875,21.775375366210938,23.114139556884766,82918865
2020-05-27,23.360034942626953,23.742536544799805,22.786277770996094,23.660572052001953,74045223
2020-05-28,23.701555252075195,25.95559310913086,23.701555252075195,25.245229721069336,274189538
2020-05-29,24.589508056640625,27.034799575805664,24.275310516357422,26.03755760192871,123365679
2020-06-01,26.310775756835938,26.98015594482422,26.119522094726562,26.39274024963379,82513678
2020-06-02,26.69327735900879,28.906333923339844,25.73702049255371,27.854450225830078,305714963
2020-06-03,28.687761306762695,28.687761306762695,27.17140769958496,27.56757164001465,127575937
2020-06-04,27.43096351623535,27.86811065673828,26.843547821044922,27.67685890197754,68486552
2020-06-05,28.11400604248047,28.687761306762695,27.799806594848633,28.41454315185547,54195984
2020-06-08,28.769725799560547,29.015621185302734,26.939172744750977,27.116764068603516,114530826
2020-06-09,27.185068130493164,27.308015823364258,26.119522094726562,27.06212043762207,86513253
2020-06-10,26.775243759155273,26.775243759155273,25.586750030517578,25.859966278076172,91355415
2020-06-11,25.859966278076172,26.338096618652344,25.40915870666504,25.559429168701172,44983193
2020-06-12,23.564945220947266,26.1331844329834,23.564945220947266,25.941932678222656,70030883
2020-06-15,25.941932678222656,25.941932678222656,24.657812118530273,24.972013473510742,37079484
2020-06-16,25.682376861572266,26.1331844329834,24.589508056640625,25.094959259033203,56851509
2020-06-17,25.094959259033203,27.198728561401367,24.64415168762207,26.54300880432129,158356613
2020-06-18,26.50202751159668,26.870868682861328,26.269792556762695,26.4337215423584,43900401
2020-06-19,27.048460006713867,27.075782775878906,26.228809356689453,26.597652435302734,72772157
2020-06-22,26.775243759155273,27.23971176147461,26.50202751159668,26.570331573486328,48893952
2020-06-23,26.720600128173828,27.86811065673828,26.58399200439453,27.26703453063965,78329198
2020-06-24,27.622215270996094,27.704179763793945,26.03755760192871,26.1468448638916,62658641
2020-06-25,25.92827033996582,26.50202751159668,25.49112319946289,26.24247169494629,31445507
2020-06-26,26.570331573486328,26.843547821044922,26.174165725708008,26.228809356689453,27073531
2020-06-29,26.092201232910156,26.25613021850586,25.313533782958984,26.03755760192871,36145588
2020-06-30,26.2834529876709,26.966495513916016,25.77800178527832,25.859966278076172,40832888
2020-07-01,25.95559310913086,26.679616928100586,25.641393661499023,26.529348373413086,43038239
2020-07-02,26.761581420898438,28.496509552001953,26.679616928100586,28.318918228149414,160726112
2020-07-03,27.157747268676758,27.485607147216797,25.73702049255371,26.80256462097168,329239913
2020-07-06,27.048460006713867,27.82712745666504,26.775243759155273,27.075782775878906,88402811
2020-07-07,27.075782775878906,27.075782775878906,26.4337215423584,26.966495513916016,58125871
2020-07-08,26.966495513916016,27.116764068603516,26.310775756835938,26.39274024963379,34033378
2020-07-09,26.515687942504883,26.857208251953125,26.338096618652344,26.679616928100586,35012012
2020-07-10,26.761581420898438,27.048460006713867,25.88728904724121,26.2834529876709,43044966
2020-07-13,26.570331573486328,26.843547821044922,26.092201232910156,26.25613021850586,37314817
2020-07-14,25.818984985351562,26.023897171020508,25.25889015197754,25.655054092407227,31743120
2020-07-15,25.818984985351562,26.54300880432129,25.54576873779297,25.709697723388672,35856294
2020-07-16,25.764341354370117,25.88728904724121,25.01299476623535,25.231569290161133,37878457
2020-07-17,25.354515075683594,25.73702049255371,24.972013473510742,25.504785537719727,38167103
2020-07-20,25.73702049255371,25.832645416259766,25.45014190673828,25.764341354370117,23782544
2020-07-21,25.92827033996582,26.720600128173828,25.641393661499023,26.529348373413086,58882706
2020-07-22,26.638635635375977,26.706939697265625,25.818984985351562,26.1331844329834,27707058
2020-07-23,26.119522094726562,26.556669235229492,25.900949478149414,26.4337215423584,29999431
2020-07-24,26.228809356689453,26.816225051879883,25.900949478149414,26.078540802001953,39197088
2020-07-27,26.174165725708008,26.228809356689453,25.204246520996094,25.422819137573242,38802017
2020-07-28,25.49112319946289,25.88728904724121,25.381837844848633,25.655054092407227,22955003
2020-07-29,25.709697723388672,25.900949478149414,25.14960479736328,25.272550582885742,30892568
2020-07-30,25.272550582885742,25.723358154296875,25.053977966308594,25.586750030517578,40836079
2020-07-31,25.60041046142578,26.092201232910156,25.245229721069336,25.92827033996582,28693783
2020-08-03,26.092201232910156,26.993816375732422,26.023897171020508,26.69327735900879,66671671
2020-08-04,26.82988739013672,27.32167625427246,26.69327735900879,27.06212043762207,52906813
2020-08-05,27.226051330566406,27.75882339477539,26.898191452026367,27.43096351623535,64654646
2020-08-06,27.56757164001465,27.799806594848633,27.048460006713867,27.308015823364258,33109797
2020-08-07,27.116764068603516,27.622215270996094,26.706939697265625,27.26703453063965,38388488
2020-08-10,27.294355392456055,29.575714111328125,27.198728561401367,28.660438537597656,144105636
2020-08-11,28.96097755432129,29.862592697143555,27.663198471069336,29.411785125732422,195992823
2020-08-12,28.728742599487305,32.3488655090332,28.592134475708008,31.89805793762207,245214472
2020-08-13,31.89805793762207,33.496376037597656,31.242338180541992,32.977264404296875,132219114
2020-08-14,32.92262268066406,33.41440963745117,32.307884216308594,32.7860107421875,70197080
2020-08-17,32.512794494628906,35.0537109375,32.362525939941406,34.71219253540039,133187876
2020-08-18,34.7395133972168,35.01272964477539,34.152095794677734,34.520938873291016,50662255
2020-08-19,34.64388656616211,35.38157272338867,33.851558685302734,34.16575622558594,52169381
2020-08-20,33.851558685302734,34.07012939453125,32.4718132019043,32.608421325683594,100121012
2020-08-21,32.96360397338867,33.29146194458008,31.92538070678711,32.11663055419922,65364508
2020-08-24,32.4991340637207,32.7723503112793,31.92538070678711,32.13029098510742,57943924
2020-08-25,32.4718132019043,32.88163757324219,31.74778938293457,31.980022430419922,44533656
2020-08-26,32.23957824707031,32.403507232666016,31.515554428100586,31.87073516845703,47058911
2020-08-27,32.08930969238281,32.43083190917969,31.775110244750977,31.93903923034668,33681486
2020-08-28,32.07564926147461,32.608421325683594,31.802431106567383,31.87073516845703,36111271
2020-08-31,32.1849365234375,32.28055953979492,29.7669677734375,29.971879959106445,64584043
2020-09-01,30.14946937561035,32.3488655090332,29.384464263916016,30.996442794799805,46491698
2020-09-02,30.996442794799805,31.829753875732422,30.32706069946289,31.556537628173828,46174255
2020-09-03,31.87073516845703,32.676727294921875,31.556537628173828,31.66582489013672,50249608
2020-09-04,30.600278854370117,31.706806182861328,30.409025192260742,30.777868270874023,28181794
2020-09-07,30.955459594726562,31.406267166137695,30.46367073059082,31.146711349487305,23397677
2020-09-08,31.337963104248047,31.556537628173828,30.272417068481445,30.545635223388672,35437780
2020-09-09,30.053844451904297,30.572956085205078,29.65768051147461,29.99920082092285,42029868
2020-09-10,30.190452575683594,30.805191040039062,30.02652359008789,30.50465202331543,23092912
2020-09-11,30.668582916259766,30.94179916381836,30.28607940673828,30.654922485351562,21621377
2020-09-14,30.736886978149414,32.6494026184082,30.736886978149414,31.78877067565918,74810201
2020-09-15,32.102970123291016,33.37342834472656,31.857074737548828,33.03190612792969,78093415
2020-09-16,33.25048065185547,34.042808532714844,33.05923080444336,33.48271560668945,65286910
2020-09-17,33.277801513671875,33.93352127075195,32.99092483520508,33.30512237548828,40232917
2020-09-18,33.57834243774414,34.35700988769531,33.25048065185547,33.51003646850586,57649703
2020-09-21,33.56467819213867,33.63298416137695,30.846172332763672,31.187694549560547,48198698
2020-09-22,31.4199275970459,31.693145751953125,30.081165313720703,30.695903778076172,46027104
2020-09-23,31.16037368774414,31.556537628173828,29.65768051147461,29.84893226623535,46931565
2020-09-24,29.507410049438477,29.507410049438477,27.950075149536133,28.400882720947266,52041683
2020-09-25,28.96097755432129,30.231435775756836,28.660438537597656,30.012861251831055,34621095
2020-09-28,30.46367073059082,30.9691219329834,30.381704330444336,30.76420783996582,28796394
2020-09-29,31.1193904876709,31.884397506713867,30.572956085205078,31.57019805908203,38979008
2020-09-30,32.02100372314453,32.02100372314453,31.1193904876709,31.37894630432129,29813242
2020-10-01,31.515554428100586,32.1712760925293,31.392606735229492,31.734128952026367,18207641
2020-10-05,32.02100372314453,32.512794494628906,31.20135498046875,31.87073516845703,33012610
2020-10-06,32.1849365234375,32.7723503112793,31.78877067565918,31.952701568603516,33395837
2020-10-07,31.93903923034668,32.43083190917969,31.37894630432129,31.980022430419922,23370640
2020-10-08,32.02100372314453,33.05923080444336,32.02100372314453,32.826995849609375,52995421
2020-10-09,33.05923080444336,33.646644592285156,32.73136901855469,33.086551666259766,59684439
2020-10-12,33.37342834472656,33.37342834472656,30.272417068481445,31.05108642578125,73668423
2020-10-13,31.037424087524414,31.242338180541992,30.313400268554688,30.572956085205078,42493328
2020-10-14,30.32706069946289,30.654922485351562,29.862592697143555,30.20411491394043,52837879
2020-10-15,30.409025192260742,30.600278854370117,28.537492752075195,28.824369430541992,57560624
2020-10-16,29.083925247192383,29.425445556640625,28.660438537597656,29.029281616210938,45212502
2020-10-19,29.507410049438477,29.562053680419922,28.674100875854492,29.384464263916016,50604846
2020-10-20,29.43910789489746,30.053844451904297,29.00196075439453,29.821609497070312,41529470
2020-10-21,30.24509620666504,30.58661651611328,28.933656692504883,29.247854232788086,55820200
2020-10-22,29.165889739990234,29.179550170898438,28.41454315185547,28.96097755432129,53997757
2020-10-23,29.234193801879883,30.35438346862793,29.11124610900879,30.17679214477539,58147934
2020-10-26,30.20411491394043,30.422687530517578,28.797046661376953,29.316158294677734,51001960
2020-10-27,29.562053680419922,30.32706069946289,28.89267349243164,30.0675048828125,45429699
2020-10-28,29.753305435180664,30.518312454223633,28.906333923339844,29.04294204711914,63774312
2020-10-29,28.687761306762695,29.493749618530273,28.41454315185547,29.32982063293457,38460691
2020-10-30,29.247854232788086,29.507410049438477,28.37356185913086,28.8516902923584,46022661
2020-11-02,29.097585678100586,29.261516571044922,28.728742599487305,29.015621185302734,20383675
2020-11-03,29.275177001953125,29.69866371154785,29.015621185302734,29.521072387695312,33132402
2020-11-04,29.234193801879883,30.231435775756836,29.206872940063477,29.98554039001465,45596501
2020-11-05,30.32706069946289,30.996442794799805,30.108488082885742,30.750547409057617,45095715
2020-11-06,30.87349510192871,32.212257385253906,30.299739837646484,31.980022430419922,85166304
2020-11-09,32.23957824707031,33.78325271606445,32.13029098510742,33.61932373046875,76016302
2020-11-10,33.91986083984375,35.244964599609375,32.908958435058594,34.80781555175781,174585616
2020-11-11,34.821475982666016,36.17390060424805,34.671207427978516,35.90068435668945,96290965
2020-11-12,35.88702392578125,36.47443771362305,35.51818084716797,36.365150451660156,47396716
2020-11-13,35.92800521850586,36.18756103515625,35.27228546142578,35.545501708984375,62374859
2020-11-14,35.79139709472656,35.88702392578125,35.36791229248047,35.51818084716797,4951954
2020-11-17,35.44987487792969,36.20122146606445,34.370670318603516,35.68210983276367,48441615
2020-11-18,35.613807678222656,38.10007858276367,35.285945892333984,37.41703796386719,115671060
2020-11-19,37.143821716308594,38.40061569213867,36.66569137573242,37.36239242553711,66277365
2020-11-20,37.43069839477539,38.25034713745117,37.048194885253906,38.12739944458008,43271709
2020-11-23,38.49624252319336,40.51804733276367,38.46892166137695,40.0535774230957,114690893
2020-11-24,40.14920425415039,40.43608093261719,39.507144927978516,39.712059020996094,63313382
2020-11-25,40.121883392333984,40.51804733276367,38.728477478027344,38.97437286376953,38595953
2020-11-26,38.97437286376953,39.971614837646484,38.90606689453125,39.12464141845703,52112455
2020-11-27,39.19294738769531,40.87322998046875,39.08366012573242,40.44974136352539,128054853
2020-12-01,40.941532135009766,43.34584045410156,39.971614837646484,42.949676513671875,102561565
2020-12-02,42.51253128051758,42.799407958984375,41.61091232299805,41.856807708740234,39101468
2020-12-03,43.11360549926758,43.168251037597656,42.34859848022461,42.758426666259766,44106735
2020-12-04,42.89503479003906,44.15182876586914,42.7720832824707,43.400482177734375,62591252
2020-12-07,43.400482177734375,44.04254150390625,43.318519592285156,43.49610900878906,27206587
2020-12-08,43.66004180908203,43.90593338012695,42.3076171875,43.18191146850586,27908418
2020-12-09,43.414146423339844,44.04254150390625,42.908695220947266,43.08628463745117,37297168
2020-12-10,43.15459060668945,43.209232330322266,41.966094970703125,42.25297546386719,28742858
2020-12-11,42.635475158691406,42.840389251708984,41.52894973754883,42.1573486328125,25544332
2020-12-14,42.56717300415039,43.42780685424805,42.23931121826172,42.758426666259766,34927782
2020-12-15,42.34859848022461,43.263877868652344,42.075382232666016,42.97699737548828,30047825
2020-12-16,43.168251037597656,43.44146728515625,42.485206604003906,42.82672882080078,34289582
2020-12-17,43.04530334472656,44.39772415161133,43.00431823730469,43.250213623046875,68677053
2020-12-18,43.23655319213867,43.523433685302734,41.80216598510742,42.96333694458008,37948405
2020-12-21,42.21199035644531,42.4442253112793,38.67383575439453,40.231170654296875,59647527
2020-12-22,39.9033088684082,41.02349853515625,38.16838455200195,40.681976318359375,65345263
2020-12-23,40.832244873046875,41.63823699951172,40.0535774230957,41.37868118286133,38356920
2020-12-24,41.54261016845703,42.4578857421875,41.406002044677734,42.08904266357422,30393682
2020-12-28,42.5944938659668,43.98789978027344,42.375919342041016,43.89227294921875,46688129
2020-12-29,43.98789978027344,44.165489196777344,42.66279983520508,43.168251037597656,34878297
2020-12-30,43.45512771606445,44.09718704223633,42.430564880371094,43.864952087402344,34680689
2020-12-31,43.55075454711914,45.299339294433594,43.22289276123047,45.13541030883789,75697464
2021-01-01,45.149070739746094,45.627201080322266,44.643619537353516,44.83487319946289,31099243
2021-01-04,45.217376708984375,45.87309646606445,44.602638244628906,45.23103713989258,26565638
2021-01-05,44.5753173828125,46.282920837402344,44.26111602783203,45.96872329711914,57064355
2021-01-06,45.96872329711914,46.542476654052734,44.752906799316406,45.46327209472656,30214502
2021-01-07,45.90041732788086,46.48783493041992,45.367645263671875,45.79113006591797,36853901
2021-01-08,46.11899185180664,46.11899185180664,45.517913818359375,45.90041732788086,33289423
2021-01-11,46.17363357543945,46.720069885253906,45.75014877319336,46.25559997558594,46544924
2021-01-12,46.17363357543945,47.77195358276367,45.927738189697266,46.21461868286133,58814383
2021-01-13,46.583457946777344,47.08890914916992,45.149070739746094,45.75014877319336,33831638
2021-01-14,45.982383728027344,46.583457946777344,45.258358001708984,45.69550323486328,24633256
2021-01-15,45.818450927734375,45.927738189697266,43.714683532714844,44.39772415161133,60686775
2021-01-18,44.37040328979492,44.39772415161133,42.41690444946289,42.89503479003906,52205810
2021-01-19,43.29119873046875,43.79664611816406,43.19557189941406,43.57807540893555,30317142
2021-01-20,43.714683532714844,43.98789978027344,42.498870849609375,43.23655319213867,59859549
2021-01-21,43.30485916137695,43.769325256347656,41.82948684692383,42.1710090637207,36835922
2021-01-22,42.55351257324219,44.998802185058594,42.2939567565918,42.690120697021484,81651256
2021-01-25,43.42780685424805,43.44146728515625,41.06447982788086,41.67921829223633,28614498
2021-01-27,41.69287872314453,42.0207405090332,40.231170654296875,41.28305435180664,35305877
2021-01-28,40.231170654296875,41.706539154052734,40.1765251159668,40.58634948730469,25931541
2021-01-29,40.73662185668945,41.63823699951172,39.23392868041992,39.6027717590332,35996794
2021-02-01,40.14920425415039,42.10270309448242,39.11098098754883,41.87046813964844,36465824
2021-02-02,42.25297546386719,43.29119873046875,41.72019958496094,42.70378112792969,46356480
2021-02-03,43.22289276123047,44.384063720703125,42.66279983520508,43.27753448486328,57008491
2021-02-04,43.33218002319336,44.26111602783203,42.92235565185547,43.18191146850586,49939737
2021-02-05,43.45512771606445,43.81031036376953,42.0207405090332,42.71744155883789,30504364
2021-02-08,43.11360549926758,45.19005584716797,42.96333694458008,44.493350982666016,95980088
2021-02-09,44.91683578491211,45.217376708984375,43.782989501953125,44.165489196777344,47217291
2021-02-10,44.015220642089844,48.304725646972656,43.468788146972656,47.5806999206543,216720445
2021-02-11,47.5806999206543,50.16259765625,47.170875549316406,48.98776626586914,158281303
2021-02-12,49.151695251464844,54.5613899230957,47.1298942565918,53.905670166015625,468677607
2021-02-15,56.52854919433594,61.47377395629883,55.72256088256836,57.5667724609375,397520999
2021-02-16,58.577674865722656,59.21973419189453,57.5531120300293,58.318119049072266,130332682
2021-02-17,57.92195510864258,62.675926208496094,57.58043670654297,62.06119155883789,243256342
2021-02-18,62.62128448486328,62.97646713256836,59.5475959777832,60.29894256591797,107919911
2021-02-19,60.05304718017578,60.05304718017578,56.50122833251953,58.33177947998047,102089555
2021-02-22,58.468387603759766,60.38090515136719,58.167850494384766,58.90553665161133,106106519
2021-02-23,59.110450744628906,60.85903549194336,58.673301696777344,59.9847412109375,65761676
2021-02-24,60.367244720458984,61.651363372802734,58.468387603759766,59.342681884765625,47414446
2021-02-25,59.88911437988281,60.87269592285156,59.151432037353516,59.62955856323242,44255866
2021-02-26,58.741607666015625,59.5475959777832,57.184268951416016,58.468387603759766,67059934
2021-03-01,59.27437973022461,63.79611587524414,59.05580520629883,63.263343811035156,149608263
2021-03-02,63.37263107299805,64.369873046875,61.78797149658203,63.55022048950195,83457635
2021-03-03,64.1922836303711,65.08023834228516,63.23602294921875,63.659507751464844,58155097
2021-03-04,62.15681457519531,64.61576843261719,61.869937896728516,63.86442184448242,45713503
2021-03-05,62.18413543701172,64.57478332519531,61.200557708740234,61.59672164916992,46278933
2021-03-08,62.56664276123047,63.78245544433594,61.18689727783203,61.41912841796875,41067738
2021-03-09,61.979225158691406,62.5393180847168,58.741607666015625,59.13777160644531,62205668
2021-03-10,59.6842041015625,60.65412139892578,59.383663177490234,59.83447265625,52418531
2021-03-12,60.38090515136719,60.736087799072266,58.017581939697266,58.359100341796875,45112076
2021-03-15,58.86455154418945,60.03938674926758,57.99026107788086,59.711524963378906,52284773
2021-03-16,60.01206588745117,60.85903549194336,59.09678649902344,60.55849838256836,41058482
2021-03-17,60.85903549194336,61.69234848022461,59.752506256103516,60.257957458496094,45234382
2021-03-18,60.65412139892578,61.33716583251953,57.99026107788086,59.05580520629883,30587199
2021-03-19,58.468387603759766,58.727943420410156,56.09140396118164,57.82632827758789,81792796
2021-03-22,57.92195510864258,58.59133529663086,55.73622131347656,56.28265380859375,46422764
2021-03-23,56.583194732666016,58.359100341796875,55.73622131347656,57.78534698486328,50380991
2021-03-24,57.21159362792969,57.45748519897461,54.697998046875,55.06684112548828,61978032
2021-03-25,55.189788818359375,55.99577713012695,51.09153747558594,53.56414794921875,93827138
2021-03-26,54.37013626098633,55.17612838745117,53.70075607299805,54.37013626098633,53931765
2021-03-30,54.8619270324707,56.76078414916992,54.697998046875,55.21710968017578,55744505
2021-03-31,55.32639694213867,55.73622131347656,54.670677185058594,55.039520263671875,32984870
2021-04-01,55.46300506591797,58.03124237060547,55.32639694213867,57.498470306396484,49185420
2021-04-05,57.45748519897461,57.77168655395508,54.7116584777832,57.17060852050781,44061928
2021-04-06,57.2525749206543,57.48480987548828,56.214351654052734,56.473907470703125,25943615
2021-04-07,56.55587387084961,58.741607666015625,56.14604568481445,58.50937271118164,43515446
2021-04-08,59.561256408691406,59.6978645324707,58.468387603759766,59.2470588684082,51690512
2021-04-09,59.16509246826172,59.88911437988281,57.37552261352539,57.89463424682617,32651618
2021-04-12,55.954795837402344,56.733463287353516,53.441200256347656,54.8346061706543,48508979
2021-04-13,54.8346061706543,58.11320877075195,54.8346061706543,57.81266784667969,70856923
2021-04-15,57.30721664428711,58.427406311035156,56.20069122314453,56.80176544189453,38382079
2021-04-16,57.22525405883789,58.68696212768555,56.55587387084961,57.908294677734375,44143859
2021-04-19,55.46300506591797,56.54220962524414,54.2608528137207,55.87282943725586,37002219
2021-04-20,56.80176544189453,57.06132125854492,55.46300506591797,55.83184814453125,35172218
2021-04-22,55.06684112548828,58.372764587402344,54.30183410644531,58.07222366333008,61368033
2021-04-23,57.594093322753906,59.6978645324707,57.17060852050781,58.359100341796875,60504352
2021-04-26,58.19517135620117,59.342681884765625,57.689720153808594,58.099544525146484,24533548
2021-04-27,58.24981689453125,59.151432037353516,57.867313385009766,58.91919708251953,24938238
2021-04-28,59.561256408691406,61.92457962036133,59.28804016113281,60.55849838256836,69328722
2021-04-29,60.92734146118164,61.28252029418945,59.6978645324707,59.94375991821289,30847677
2021-04-30,59.083126068115234,60.626800537109375,58.49571228027344,58.65964126586914,29908559
2021-05-03,58.468387603759766,59.94375991821289,57.62141799926758,58.932857513427734,31891457
2021-05-04,59.83447265625,61.460113525390625,58.94651794433594,59.233394622802734,44879407
2021-05-05,59.766170501708984,60.544837951660156,57.867313385009766,60.01206588745117,49382110
2021-05-06,60.107688903808594,61.67868423461914,58.98749923706055,60.695106506347656,68099585
2021-05-07,60.92734146118164,61.99288558959961,59.9710807800293,60.35358428955078,47572719
2021-05-10,60.845375061035156,64.6977310180664,60.29894256591797,64.12397766113281,80228910
2021-05-11,63.659507751464844,65.68131256103516,63.01744842529297,63.70048904418945,61522635
2021-05-12,63.52289962768555,66.00917053222656,62.8398551940918,64.45183563232422,62923658
2021-05-14,65.23050689697266,65.271484375,61.979225158691406,62.4163703918457,32685039
2021-05-17,63.113075256347656,66.99275207519531,62.020206451416016,65.62667083740234,87673881
2021-05-18,66.39167785644531,67.93534851074219,65.69497680664062,66.18675994873047,59764760
2021-05-19,66.06381225585938,66.86980438232422,65.02558898925781,66.29605102539062,33089582
2021-05-20,66.33702850341797,66.7605209350586,63.79611587524414,65.271484375,44466431
2021-05-21,65.32613372802734,67.73043823242188,65.31246948242188,67.0610580444336,45667060
2021-05-24,67.47087860107422,67.5665054321289,65.572021484375,65.70863342285156,50218003
2021-05-25,66.39167785644531,66.6375732421875,63.413612365722656,65.70863342285156,77625958
2021-05-26,66.22774505615234,67.18400573730469,63.659507751464844,63.919063568115234,73022584
2021-05-27,64.47915649414062,65.271484375,62.97646713256836,63.68682861328125,82653358
2021-05-28,64.47915649414062,64.970947265625,63.659507751464844,64.27424621582031,35231171
2021-05-31,64.75237274169922,65.81791687011719,64.2196044921875,65.62667083740234,34053019
2021-06-01,66.07747650146484,66.15943908691406,64.27424621582031,64.83434295654297,30792812
2021-06-02,64.970947265625,74.54719543457031,64.13763427734375,73.52263641357422,370358703
2021-06-03,73.22209167480469,73.41334533691406,68.04463958740234,68.45446014404297,254534610
2021-06-04,68.85062408447266,69.39705657958984,67.07471466064453,68.86428833007812,110266699
2021-06-07,69.12384033203125,70.42162322998047,68.98723602294922,69.21946716308594,46724118
2021-06-08,69.58831024169922,70.05278015136719,68.57740783691406,68.94625091552734,36155851
2021-06-09,69.30143737792969,69.36973571777344,66.6648941040039,67.5391845703125,44393024
2021-06-10,68.03097534179688,68.23588562011719,66.85614776611328,67.40258026123047,30989188
2021-06-11,67.63481140136719,67.89437103271484,66.20042419433594,66.84248352050781,42374008
2021-06-14,66.85614776611328,67.40258026123047,64.86166381835938,67.00641632080078,38893486
2021-06-15,67.34793090820312,67.90802764892578,66.82881927490234,67.19766235351562,18368908
2021-06-16,67.2113265991211,69.4790267944336,66.59658813476562,67.04739379882812,68667767
2021-06-17,66.89712524414062,66.89712524414062,64.76603698730469,65.46273803710938,42543394
2021-06-18,65.84524536132812,66.18675994873047,62.21146011352539,64.72505187988281,43951466
2021-06-21,63.38629150390625,65.58568572998047,63.01744842529297,64.61576843261719,30934747
2021-06-22,65.21684265136719,65.79059600830078,64.35620880126953,64.95729064941406,29760650
2021-06-23,65.271484375,66.58292388916016,64.77969360351562,65.01193237304688,39528458
2021-06-24,65.28514862060547,65.2988052368164,64.13763427734375,64.50647735595703,23734904
2021-06-25,64.61576843261719,65.79059600830078,64.3971939086914,64.65674591064453,19420451
2021-06-28,64.88898468017578,65.23050689697266,64.02835083007812,64.28790283203125,16016176
2021-06-29,65.02558898925781,66.86980438232422,64.369873046875,64.61576843261719,106865569
2021-06-30,65.23050689697266,66.6102523803711,65.08023834228516,66.14578247070312,36072832
2021-07-01,66.24140930175781,67.27963256835938,65.2441635131836,66.88346862792969,34822517
2021-07-02,67.1156997680664,68.01731872558594,66.6648941040039,67.04739379882812,31826186
2021-07-05,67.5118637084961,67.8124008178711,66.26873016357422,66.37801361083984,18176405
2021-07-06,66.73320007324219,67.60749053955078,63.113075256347656,64.7933578491211,42167963
2021-07-07,65.02558898925781,65.02558898925781,63.003787994384766,64.28790283203125,30666674
2021-07-08,64.20594024658203,64.86166381835938,62.56664276123047,63.39995193481445,47880621
2021-07-09,63.39995193481445,64.7933578491211,62.86717987060547,64.57478332519531,36426518
2021-07-12,64.91630554199219,65.65399169921875,64.20594024658203,65.17585754394531,23795025
2021-07-13,65.69497680664062,67.15668487548828,65.05290985107422,66.80149841308594,26389814
2021-07-14,66.33702850341797,67.04739379882812,65.70863342285156,66.71953582763672,22668158
2021-07-15,66.6648941040039,67.55284881591797,65.96819305419922,66.17310333251953,21757478
2021-07-16,66.5146255493164,66.9381103515625,66.25506591796875,66.70587158203125,11214984
2021-07-19,65.98184967041016,67.2113265991211,65.77693939208984,66.84248352050781,16227125
2021-07-20,66.6375732421875,66.6375732421875,64.75237274169922,64.9982681274414,28199019
2021-07-22,65.16220092773438,65.572021484375,64.3425521850586,64.7933578491211,21637481
2021-07-23,64.8206787109375,65.21684265136719,63.49557876586914,64.46549987792969,26232726
2021-07-26,64.3971939086914,64.3971939086914,62.86717987060547,63.003787994384766,26279832
2021-07-27,63.22236251831055,64.01468658447266,62.49833679199219,62.97646713256836,23369088
2021-07-28,62.97646713256836,63.09941482543945,61.13225173950195,62.5393180847168,26046845
2021-07-29,62.92182159423828,65.62667083740234,62.71691131591797,65.1485366821289,39986981
2021-07-30,65.13488006591797,65.80426025390625,62.853519439697266,64.02835083007812,45739717
2021-08-02,64.75237274169922,64.75237274169922,63.304325103759766,64.0693359375,35709655
2021-08-03,64.20594024658203,64.83434295654297,63.960044860839844,64.67041015625,14987714
2021-08-04,65.2441635131836,66.29605102539062,64.32888793945312,64.61576843261719,26674888
2021-08-05,64.42451477050781,65.38077545166016,64.02835083007812,64.72505187988281,14976613
2021-08-06,64.47915649414062,65.84524536132812,64.05567169189453,64.5201416015625,14579745
2021-08-09,65.40809631347656,65.40809631347656,62.1021728515625,63.08575439453125,38859594
2021-08-10,63.16771697998047,64.80701446533203,60.285282135009766,60.98198318481445,139415279
2021-08-11,61.22787857055664,62.21146011352539,59.77983093261719,61.309844970703125,43264700
2021-08-12,61.70600891113281,61.78797149658203,60.57215881347656,61.11859130859375,33390314
2021-08-13,61.11859130859375,61.542076110839844,60.38090515136719,60.50385284423828,24755017
2021-08-16,60.50385284423828,60.65412139892578,59.42464828491211,59.6978645324707,23337882
2021-08-17,59.807151794433594,59.807151794433594,57.949275970458984,59.05580520629883,28597182
2021-08-18,59.01482391357422,59.35634231567383,58.19517135620117,58.55035400390625,19613308
2021-08-20,57.238914489746094,57.88097381591797,55.17612838745117,55.54497146606445,47335248
2021-08-23,56.009437561035156,56.52854919433594,54.37013626098633,54.616031646728516,25639326
2021-08-24,54.779964447021484,57.62141799926758,54.64335250854492,57.034000396728516,31587683
2021-08-25,57.17060852050781,58.673301696777344,57.115966796875,57.758026123046875,41039123
2021-08-26,57.78534698486328,58.45472717285156,57.22525405883789,58.277137756347656,23229847
2021-08-27,58.19517135620117,58.98749923706055,57.82632827758789,58.53669357299805,33173523
2021-08-30,59.06946563720703,60.16233444213867,58.75526809692383,59.73884582519531,19894708
2021-08-31,60.216976165771484,60.216976165771484,58.80990982055664,59.72518539428711,24616490
2021-09-01,60.025726318359375,60.517513275146484,59.21973419189453,59.342681884765625,15371980
2021-09-02,58.891876220703125,59.62955856323242,58.55035400390625,59.47929000854492,13191203
2021-09-03,59.09678649902344,59.9847412109375,59.02848434448242,59.73884582519531,17371726
2021-09-06,60.03938674926758,60.03938674926758,58.45472717285156,58.56401443481445,18401410
2021-09-07,58.60499572753906,58.823570251464844,57.37552261352539,57.92195510864258,26675814
2021-09-08,57.78534698486328,58.058563232421875,56.883731842041016,57.66239929199219,29484785
2021-09-09,57.37552261352539,58.29079818725586,57.36186218261719,58.099544525146484,13082509
2021-09-13,58.19517135620117,58.482051849365234,57.4301643371582,58.26347732543945,8059717
2021-09-14,58.741607666015625,61.00930404663086,58.26347732543945,60.64046096801758,41536929
2021-09-15,61.26885986328125,62.525657653808594,60.57215881347656,62.36172866821289,35169813
2021-09-16,62.82619857788086,62.8398551940918,60.92734146118164,61.28252029418945,24414738
2021-09-17,61.47377395629883,61.610382080078125,59.916439056396484,60.92734146118164,31752867
2021-09-20,60.107688903808594,60.70876693725586,58.53669357299805,59.124107360839844,31190376
2021-09-21,59.124107360839844,60.285282135009766,57.66239929199219,60.135009765625,22706318
2021-09-22,60.107688903808594,61.74699020385742,59.87545394897461,61.41912841796875,18528005
2021-09-23,61.99288558959961,62.62128448486328,61.55574035644531,62.170475006103516,15032008
2021-09-24,62.170475006103516,62.334407806396484,60.941001892089844,61.391807556152344,13095828
2021-09-27,61.47377395629883,64.04200744628906,61.391807556152344,63.79611587524414,35923493
2021-09-28,64.27424621582031,64.45183563232422,62.04752731323242,63.07209014892578,27639646
2021-09-29,62.56664276123047,63.33164978027344,61.10493087768555,62.79887390136719,26416068
2021-09-30,62.99012756347656,63.52289962768555,61.48743438720703,61.73332977294922,24028235
2021-10-01,61.33716583251953,61.85627746582031,60.435550689697266,61.44645309448242,18270397
2021-10-04,61.74699020385742,62.71691131591797,61.17323684692383,61.85627746582031,22422247
2021-10-05,61.74699020385742,62.675926208496094,61.62404251098633,61.89725875854492,19382832
2021-10-06,62.29342269897461,62.66226577758789,60.845375061035156,61.13225173950195,17023065
2021-10-07,61.69234848022461,65.43541717529297,61.47377395629883,64.47915649414062,110538773
2021-10-08,65.53104400634766,67.04739379882812,64.47915649414062,64.7933578491211,61535270
2021-10-11,65.98184967041016,68.22222900390625,64.88898468017578,65.73595428466797,62954535
2021-10-12,66.10479736328125,67.18400573730469,65.43541717529297,66.99275207519531,34239167
2021-10-13,67.63481140136719,70.21671295166016,67.52552795410156,69.31509399414062,83121239
2021-10-14,69.72492218017578,70.43528747558594,66.9381103515625,67.3615951538086,39715720
2021-10-18,67.75775909423828,67.92169189453125,64.90264129638672,65.50372314453125,39625751
2021-10-19,66.33702850341797,66.88346862792969,63.38629150390625,63.75513458251953,29301777
2021-10-20,63.659507751464844,64.73871612548828,61.89725875854492,62.90816116333008,30257337
2021-10-21,63.53656005859375,63.85076141357422,61.910919189453125,62.73057174682617,23875488
2021-10-22,62.92182159423828,64.5474624633789,62.19779968261719,62.785213470458984,23865445
2021-10-25,63.08575439453125,63.33164978027344,60.216976165771484,60.98198318481445,25090523
2021-10-26,60.98198318481445,62.44369125366211,60.46287155151367,62.03386688232422,15831290
2021-10-27,62.15681457519531,62.66226577758789,61.47377395629883,61.828956604003906,12671945
2021-10-28,61.828956604003906,62.32074737548828,61.10493087768555,61.43279266357422,15500512
2021-10-29,61.43279266357422,62.375389099121094,60.107688903808594,61.050289154052734,13140485
2021-11-01,61.200557708740234,63.358970642089844,61.00930404663086,62.935482025146484,13840936
2021-11-02,63.14039611816406,63.987369537353516,62.8398551940918,63.05842971801758,12286954
2021-11-03,63.05842971801758,63.85076141357422,61.951904296875,62.75789260864258,8501447
2021-11-04,63.304325103759766,63.68682861328125,62.66226577758789,62.88084030151367,2035874
2021-11-08,63.358970642089844,65.79059600830078,62.894500732421875,65.18952178955078,35657283
2021-11-09,65.51737976074219,65.79059600830078,64.72505187988281,65.20318603515625,13310570
2021-11-10,64.9982681274414,66.11846160888672,64.56112670898438,65.59934997558594,9122671
2021-11-11,65.96819305419922,66.17310333251953,64.13763427734375,64.8206787109375,11147192
2021-11-12,65.49005889892578,68.23588562011719,62.3890495300293,67.1156997680664,88377999
2021-11-15,65.271484375,67.12936401367188,63.38629150390625,64.31523132324219,44604377
2021-11-16,64.3971939086914,69.61563110351562,64.2196044921875,68.30419158935547,125475509
2021-11-17,68.30419158935547,69.0828628540039,66.2140884399414,66.74685668945312,32013554
2021-11-18,66.74685668945312,66.7605209350586,64.4928207397461,64.92996978759766,25190726
2021-11-22,66.18675994873047,66.50096130371094,61.200557708740234,62.32074737548828,34115705
2021-11-23,61.47377395629883,63.113075256347656,61.200557708740234,62.4163703918457,20259751
2021-11-24,62.62128448486328,64.02835083007812,60.92734146118164,62.4027099609375,19337154
2021-11-25,61.74699020385742,63.52289962768555,61.33716583251953,63.195037841796875,18344971
2021-11-26,61.88359832763672,62.2387809753418,58.87821578979492,59.151432037353516,32244652
2021-11-29,58.741607666015625,59.47929000854492,56.93837356567383,58.482051849365234,28335738
2021-11-30,58.468387603759766,60.03938674926758,56.82908630371094,57.334537506103516,32347980
2021-12-01,57.92195510864258,59.20607376098633,57.51213073730469,58.75526809692383,15895872
2021-12-02,58.79624938964844,59.410987854003906,58.23615646362305,59.13777160644531,13227269
2021-12-03,58.741607666015625,59.9847412109375,58.50937271118164,58.68696212768555,21590943
2021-12-06,58.673301696777344,59.124107360839844,57.949275970458984,58.15419006347656,10948548
2021-12-07,58.59133529663086,60.025726318359375,58.482051849365234,59.861793518066406,12878861
2021-12-08,59.83447265625,61.88359832763672,59.83447265625,61.36448669433594,43582243
2021-12-09,61.610382080078125,61.66502380371094,60.65412139892578,61.52841567993164,14132067
2021-12-10,61.610382080078125,63.20869827270508,61.569400787353516,62.51199722290039,22216977
2021-12-13,63.07209014892578,63.07209014892578,61.091270446777344,61.719669342041016,15539851
2021-12-14,61.719669342041016,62.06119155883789,60.29894256591797,60.57215881347656,40862652
2021-12-15,60.74974822998047,61.11859130859375,60.135009765625,60.476531982421875,18217036
2021-12-16,60.845375061035156,62.29342269897461,59.410987854003906,61.18689727783203,11089641
2021-12-17,61.22787857055664,61.28252029418945,57.77168655395508,58.03124237060547,47331288
2021-12-20,57.37552261352539,58.30445861816406,53.57780838012695,55.1624641418457,44789786
2021-12-21,55.32639694213867,56.473907470703125,54.91657257080078,55.72256088256836,27928138
2021-12-22,56.22801208496094,59.124107360839844,56.03675842285156,58.891876220703125,32955685
2021-12-23,59.342681884765625,59.9710807800293,58.38642501831055,58.577674865722656,17767917
2021-12-24,59.151432037353516,59.602237701416016,58.00392150878906,58.673301696777344,21442815
2021-12-27,58.65964126586914,59.88911437988281,57.949275970458984,59.16509246826172,18331125
2021-12-28,59.766170501708984,60.18965530395508,59.2470588684082,59.58857727050781,13497103
2021-12-29,59.506614685058594,59.861793518066406,59.042144775390625,59.656883239746094,8803712
2021-12-30,59.561256408691406,59.861793518066406,58.34544372558594,58.76892852783203,11169252
2021-12-31,58.87821578979492,61.36448669433594,58.87821578979492,61.00930404663086,27924665
2022-01-03,61.00930404663086,61.58306121826172,60.72242736816406,61.43279266357422,16419054
2022-01-04,61.651363372802734,62.21146011352539,61.11859130859375,61.41912841796875,14494223
2022-01-05,61.719669342041016,63.05842971801758,60.87269592285156,61.22787857055664,27818486
2022-01-06,60.92734146118164,63.93272399902344,60.38090515136719,63.618526458740234,37805749
2022-01-07,64.15129852294922,65.95452880859375,63.509239196777344,65.271484375,52453854
2022-01-10,65.84524536132812,67.1156997680664,65.271484375,65.572021484375,29099673
2022-01-11,65.84524536132812,69.04187774658203,65.47640228271484,68.70035552978516,68264399
2022-01-12,69.3833999633789,69.3833999633789,66.14578247070312,66.5146255493164,47977317
2022-01-13,66.85614776611328,67.62115478515625,63.468257904052734,64.15129852294922,72943365
2022-01-14,86.64444732666016,89.9111099243164,81.17778015136719,82.46666717529297,100740235
2022-01-17,84.33333587646484,85.66666412353516,83.77777862548828,84.24444580078125,31362819
2022-01-18,85.04444122314453,85.04444122314453,81.11111450195312,81.5999984741211,20820640
2022-01-19,81.73332977294922,82.28888702392578,78.97777557373047,82.0,12179781
2022-01-20,82.22222137451172,83.33333587646484,81.4888916015625,82.4888916015625,13154179
2022-01-21,82.37777709960938,83.37777709960938,80.0,80.84444427490234,16657758
2022-01-24,81.11111450195312,82.64444732666016,78.0888900756836,79.86666870117188,31079839
2022-01-25,79.73332977294922,79.97777557373047,77.57777404785156,78.26666259765625,12736995
2022-01-27,78.22222137451172,78.22222137451172,75.62222290039062,77.4000015258789,12775997
2022-01-28,77.86666870117188,80.64444732666016,77.80000305175781,78.55555725097656,9342339
2022-01-31,79.97777557373047,81.19999694824219,79.5999984741211,79.77777862548828,9138732
2022-02-01,80.86666870117188,80.88888549804688,78.28888702392578,80.44444274902344,13803246
2022-02-02,80.88888549804688,82.22222137451172,80.88888549804688,81.68888854980469,7707694
2022-02-03,81.77777862548828,82.06666564941406,80.77777862548828,80.95555877685547,5070314
2022-02-04,81.33333587646484,81.75555419921875,79.97777557373047,80.55555725097656,5206817
2022-02-07,80.55555725097656,81.26666259765625,79.33333587646484,80.37777709960938,6934164
2022-02-08,80.75555419921875,81.88888549804688,78.46666717529297,79.0888900756836,14734255
2022-02-09,79.55555725097656,79.9111099243164,78.5111083984375,79.66666412353516,5412363
2022-02-10,80.06666564941406,80.66666412353516,78.95555877685547,80.15555572509766,6911181
2022-02-11,79.53333282470703,80.55555725097656,75.57777404785156,76.5111083984375,28848534
2022-02-14,73.93333435058594,77.66666412353516,73.86666870117188,74.71111297607422,20809417
2022-02-15,74.66666412353516,76.28888702392578,73.19999694824219,76.06666564941406,21147783
2022-02-16,76.88888549804688,76.88888549804688,74.68888854980469,75.11111450195312,8874200
2022-02-17,75.55555725097656,76.06666564941406,73.80000305175781,74.02222442626953,10459777
2022-02-18,73.77777862548828,73.82221984863281,69.95555877685547,70.4000015258789,52335042
2022-02-21,70.22222137451172,70.88888549804688,68.24444580078125,69.68888854980469,22723879
2022-02-22,66.66666412353516,70.04444122314453,66.0,69.5111083984375,18262845
2022-02-23,70.22222137451172,70.77777862548828,69.0,69.33333587646484,11609012
2022-02-24,66.24444580078125,67.0,63.75555419921875,64.24444580078125,40062417
2022-02-25,65.33333587646484,68.4000015258789,65.33333587646484,66.4888916015625,23441888
2022-02-28,64.0,67.33333587646484,63.79999923706055,66.86666870117188,19690148
2022-03-02,66.80000305175781,66.80000305175781,64.97777557373047,65.37777709960938,15791319
2022-03-03,66.22222137451172,66.4222183227539,63.844444274902344,64.02222442626953,15083685
2022-03-04,63.5555534362793,63.5555534362793,60.35555648803711,60.71110916137695,23630323
2022-03-07,59.511112213134766,59.511112213134766,55.28888702392578,56.97777557373047,41435691
2022-03-08,57.33333206176758,58.22222137451172,53.133331298828125,56.33333206176758,64845821
2022-03-09,57.33333206176758,57.77777862548828,56.28888702392578,56.88888931274414,35932774
2022-03-10,59.9555549621582,61.9555549621582,58.53333282470703,58.93333435058594,50216492
2022-03-11,58.666664123535156,58.93333435058594,56.911109924316406,58.46666717529297,53283091
2022-03-14,58.46666717529297,58.5555534362793,55.88888931274414,56.97777557373047,45361912
2022-03-15,57.44444274902344,60.622222900390625,57.44444274902344,59.400001525878906,45224127
2022-03-16,60.57777786254883,60.844444274902344,58.86666488647461,59.24444580078125,42909054
2022-03-17,60.17777633666992,62.0,59.911109924316406,60.86666488647461,47173403
2022-03-21,61.5555534362793,61.5555534362793,59.11111068725586,59.24444580078125,18968177
2022-03-22,59.33333206176758,60.75555419921875,58.24444580078125,60.622222900390625,18227632
2022-03-23,60.93333435058594,61.24444580078125,59.75555419921875,60.022220611572266,12265465
2022-03-24,58.88888931274414,59.9555549621582,58.17777633666992,58.79999923706055,13971854
2022-03-25,60.44444274902344,61.77777862548828,59.68888854980469,60.28888702392578,42457941
2022-03-28,60.64444351196289,60.68888854980469,58.666664123535156,60.155555725097656,22318665
2022-03-29,60.155555725097656,61.266666412353516,59.44444274902344,60.44444274902344,18225245
2022-03-30,61.0,61.733333587646484,60.57777786254883,61.22222137451172,22095162
2022-03-31,61.71110916137695,63.68888854980469,61.33333206176758,61.97777557373047,45854196
2022-04-01,62.20000076293945,62.622222900390625,61.377777099609375,62.33333206176758,15500371
2022-04-04,62.86666488647461,64.0,62.42222213745117,63.64444351196289,14167570
2022-04-05,64.44444274902344,65.02222442626953,63.79999923706055,64.55555725097656,22178268
2022-04-06,64.17778015136719,64.55555725097656,63.35555648803711,64.06666564941406,13492696
2022-04-07,64.5999984741211,64.82221984863281,62.53333282470703,62.97777557373047,17892427
2022-04-08,63.5555534362793,64.4000015258789,62.79999923706055,64.11111450195312,19496864
2022-04-11,64.5111083984375,64.53333282470703,63.599998474121094,64.11111450195312,17769935
2022-04-12,64.11111450195312,64.11111450195312,61.666664123535156,61.86666488647461,28948360
2022-04-13,62.31111145019531,62.86666488647461,60.911109924316406,61.86666488647461,23446235
2022-04-18,62.22222137451172,62.266666412353516,60.57777786254883,61.82222366333008,9994527
2022-04-19,62.133331298828125,62.57777786254883,58.71110916137695,59.53333282470703,11066287
2022-04-20,59.97777557373047,61.911109924316406,59.22222137451172,60.46666717529297,18390870
2022-04-21,60.88888931274414,63.11111068725586,60.77777862548828,62.93333435058594,12839908
2022-04-22,62.35555648803711,62.400001525878906,61.266666412353516,61.46666717529297,9263639
2022-04-25,61.33333206176758,61.400001525878906,58.9555549621582,59.11111068725586,21838923
2022-04-26,59.666664123535156,62.82222366333008,59.666664123535156,62.53333282470703,22210564
2022-04-27,61.53333282470703,62.0444450378418,58.622222900390625,60.377777099609375,42002075
2022-04-28,61.57777786254883,61.68888854980469,59.9555549621582,60.5555534362793,17900806
2022-04-29,61.24444580078125,63.022220611572266,60.53333282470703,61.155555725097656,23590809
2022-05-02,60.666664123535156,60.71110916137695,58.75555419921875,59.08888626098633,20563211
2022-05-04,59.53333282470703,59.9555549621582,57.622222900390625,57.97777557373047,18860645
2022-05-05,58.24444580078125,59.511112213134766,57.5555534362793,57.733333587646484,10822459
2022-05-06,56.0,56.377777099609375,54.71110916137695,55.0,21396026
2022-05-09,54.22222137451172,54.31111145019531,52.155555725097656,52.599998474121094,36632781
2022-05-10,52.88888931274414,54.622222900390625,52.75555419921875,54.08888626098633,19922116
2022-05-11,54.133331298828125,54.666664123535156,51.42222213745117,51.68888854980469,24111681
2022-05-12,51.42222213745117,51.46666717529297,50.0,51.022220611572266,31244098
2022-05-13,51.86666488647461,53.75555419921875,51.75555419921875,52.11111068725586,16773237
2022-05-16,52.79999923706055,54.0,51.5555534362793,53.64444351196289,12356304
2022-05-17,54.33333206176758,56.400001525878906,53.844444274902344,56.24444580078125,15458010
2022-05-18,56.622222900390625,57.155555725097656,55.5555534362793,56.31111145019531,17438733
2022-05-19,54.24444580078125,55.022220611572266,53.33333206176758,53.511112213134766,15182838
2022-05-20,54.88888931274414,55.622222900390625,54.33333206176758,55.266666412353516,10996926
2022-05-23,55.5555534362793,56.9555549621582,55.33333206176758,56.08888626098633,15476283
2022-05-24,56.57777786254883,56.844444274902344,54.400001525878906,55.377777099609375,11030240
2022-05-25,55.77777862548828,55.911109924316406,53.155555725097656,53.28888702392578,10560525
2022-05-26,53.46666717529297,55.11111068725586,51.77777862548828,54.488887786865234,16227897
2022-05-27,52.22222137451172,56.22222137451172,52.11111068725586,54.71110916137695,36658390
2022-05-30,55.733333587646484,56.44444274902344,55.133331298828125,56.08888626098633,10567102
2022-05-31,56.0,59.33333206176758,55.71110916137695,58.08888626098633,48850629
2022-06-01,58.622222900390625,58.622222900390625,56.599998474121094,57.68888854980469,17214520
2022-06-02,57.488887786865234,57.71110916137695,56.75555419921875,57.22222137451172,9788148
2022-06-03,57.77777862548828,58.24444580078125,56.622222900390625,56.77777862548828,21216345
2022-06-06,56.46666717529297,57.17777633666992,54.5555534362793,55.488887786865234,16804433
2022-06-07,54.77777862548828,55.11111068725586,53.9555549621582,54.24444580078125,12374070
2022-06-08,54.79999923706055,55.622222900390625,54.266666412353516,55.11111068725586,16479076
2022-06-09,54.666664123535156,55.42222213745117,54.44444274902344,55.28888702392578,6529092
2022-06-10,54.666664123535156,55.377777099609375,54.266666412353516,54.53333282470703,4437382
2022-06-13,53.9555549621582,54.5555534362793,52.88888931274414,53.622222900390625,11549607
2022-06-14,53.11111068725586,54.31111145019531,52.911109924316406,53.42222213745117,7607706
2022-06-15,53.77777862548828,54.400001525878906,53.42222213745117,53.71110916137695,4254988
2022-06-16,54.53333282470703,54.79999923706055,52.0,52.155555725097656,8501832
2022-06-17,52.133331298828125,52.511112213134766,51.022220611572266,51.64444351196289,9665736
2022-06-20,51.64444351196289,52.35555648803711,49.77777862548828,50.20000076293945,11586255
2022-06-21,50.666664123535156,53.42222213745117,50.57777786254883,52.77777862548828,11081128
2022-06-22,52.44444274902344,52.666664123535156,50.79999923706055,51.377777099609375,10190722
2022-06-23,51.511112213134766,53.24444580078125,51.511112213134766,53.08888626098633,11007427
2022-06-24,53.733333587646484,54.666664123535156,52.9555549621582,54.35555648803711,12102801
2022-06-27,55.11111068725586,55.68888854980469,54.64444351196289,55.0444450378418,9985893
2022-06-28,54.75555419921875,55.53333282470703,54.022220611572266,55.31111145019531,12705169
2022-06-29,54.24444580078125,55.0444450378418,53.35555648803711,54.266666412353516,11866981
2022-06-30,54.24444580078125,54.82222366333008,52.11111068725586,52.511112213134766,18205247
2022-07-01,52.0444450378418,52.44444274902344,51.400001525878906,52.31111145019531,12737124
2022-07-04,52.35555648803711,52.844444274902344,51.57777786254883,52.155555725097656,6617729
2022-07-05,52.266666412353516,52.64444351196289,50.71110916137695,51.133331298828125,12597311
2022-07-06,51.06666564941406,52.0,50.511112213134766,51.86666488647461,12730923
2022-07-07,52.11111068725586,53.666664123535156,51.622222900390625,53.22222137451172,16538087
2022-07-08,53.5555534362793,53.77777862548828,52.266666412353516,52.88888931274414,9437024
2022-07-11,52.53333282470703,54.266666412353516,52.28888702392578,54.06666564941406,8102583
2022-07-12,53.77777862548828,53.77777862548828,52.488887786865234,52.666664123535156,7267099
2022-07-13,53.0,53.22222137451172,52.28888702392578,52.488887786865234,7743307
2022-07-14,52.622222900390625,53.20000076293945,52.22222137451172,53.0,8276924
2022-07-15,53.06666564941406,53.31111145019531,52.666664123535156,53.155555725097656,4783428
2022-07-18,53.5555534362793,56.44444274902344,53.400001525878906,56.0444450378418,11558866
2022-07-19,56.22222137451172,56.57777786254883,55.5555534362793,55.68888854980469,8349491
2022-07-20,56.133331298828125,57.28888702392578,55.97777557373047,56.24444580078125,10860268
2022-07-21,56.511112213134766,61.11111068725586,56.511112213134766,59.75555419921875,51491700
2022-07-22,60.08888626098633,60.53333282470703,58.377777099609375,58.75555419921875,18271809
2022-07-25,58.666664123535156,60.022220611572266,57.33333206176758,58.0444450378418,12806869
2022-07-26,58.0,58.488887786865234,57.33333206176758,57.75555419921875,7719349
2022-07-27,57.75555419921875,58.0444450378418,56.9555549621582,57.488887786865234,6623394
2022-07-28,58.0444450378418,58.155555725097656,56.79999923706055,57.06666564941406,6708771
2022-07-29,57.511112213134766,57.77777862548828,56.377777099609375,56.57777786254883,11384100
2022-08-01,56.88888931274414,59.11111068725586,56.666664123535156,58.11111068725586,19130888
2022-08-02,58.20000076293945,60.0444450378418,56.9555549621582,59.24444580078125,19096782
2022-08-03,59.31111145019531,59.5555534362793,57.0,58.022220611572266,17096130
2022-08-04,58.20000076293945,59.57777786254883,56.64444351196289,57.79999923706055,19609051
2022-08-05,58.11111068725586,58.86666488647461,57.266666412353516,57.97777557373047,14898123
2022-08-08,58.11111068725586,58.44444274902344,56.9555549621582,57.133331298828125,10384944
2022-08-10,57.77777862548828,57.77777862548828,53.844444274902344,54.133331298828125,42421007
2022-08-11,54.64444351196289,55.20000076293945,54.0,55.06666564941406,35535057
2022-08-12,55.022220611572266,55.155555725097656,54.400001525878906,54.5555534362793,11216893
2022-08-16,55.11111068725586,57.377777099609375,54.733333587646484,57.133331298828125,33560975
2022-08-17,57.44444274902344,59.0,56.733333587646484,58.75555419921875,29004736
2022-08-18,58.622222900390625,59.11111068725586,57.93333435058594,58.42222213745117,13803763
2022-08-19,58.71110916137695,58.71110916137695,56.666664123535156,56.9555549621582,12155064
2022-08-22,56.88888931274414,57.0,55.666664123535156,55.82222366333008,12977401
2022-08-23,55.33333206176758,56.511112213134766,54.377777099609375,55.155555725097656,14652587
2022-08-24,55.28888702392578,56.17777633666992,55.20000076293945,55.53333282470703,9927159
2022-08-25,55.86666488647461,56.9555549621582,55.33333206176758,55.511112213134766,20846292
2022-08-26,56.08888626098633,56.42222213745117,55.33333206176758,55.488887786865234,10504527
2022-08-29,54.22222137451172,54.44444274902344,53.46666717529297,53.82222366333008,19069895
2022-08-30,54.22222137451172,55.46666717529297,54.133331298828125,54.622222900390625,70877673
2022-09-01,54.488887786865234,56.0444450378418,54.24444580078125,55.844444274902344,24464794
2022-09-02,56.155555725097656,56.488887786865234,55.733333587646484,55.86666488647461,10764369
2022-09-05,56.24444580078125,56.33333206176758,55.64444351196289,55.71110916137695,7724193
2022-09-06,55.79999923706055,56.0,54.44444274902344,54.733333587646484,13421106
2022-09-07,54.733333587646484,54.79999923706055,54.133331298828125,54.64444351196289,12584688
2022-09-08,55.28888702392578,55.31111145019531,54.5555534362793,54.733333587646484,9239366
2022-09-09,55.33333206176758,55.9555549621582,54.79999923706055,54.97777557373047,13965408
2022-09-12,55.22222137451172,55.82222366333008,55.133331298828125,55.666664123535156,13205589
2022-09-13,55.93333435058594,57.64444351196289,55.64444351196289,57.06666564941406,19334470
2022-09-14,56.155555725097656,57.33333206176758,55.5555534362793,56.97777557373047,16066469
2022-09-15,57.31111145019531,57.68888854980469,56.5555534362793,57.31111145019531,20483804
2022-09-16,57.622222900390625,57.622222900390625,54.82222366333008,55.20000076293945,18769079
2022-09-19,55.5555534362793,55.5555534362793,54.377777099609375,54.57777786254883,9266445
2022-09-20,55.11111068725586,56.0444450378418,55.022220611572266,55.266666412353516,8168726
2022-09-21,55.57777786254883,55.71110916137695,54.35555648803711,54.511112213134766,10163893
2022-09-22,54.377777099609375,54.71110916137695,53.266666412353516,54.08888626098633,13753822
2022-09-23,54.266666412353516,54.511112213134766,52.28888702392578,52.488887786865234,10698410
2022-09-26,53.53333282470703,53.53333282470703,49.82222366333008,50.133331298828125,23948925
2022-09-27,50.666664123535156,50.97777557373047,48.93333435058594,49.64444351196289,22636818
2022-09-28,49.06666564941406,49.06666564941406,47.24444580078125,47.488887786865234,54780826
2022-09-29,48.22222137451172,48.42222213745117,45.666664123535156,47.022220611572266,70687147
2022-09-30,47.24444580078125,49.5555534362793,46.22222137451172,48.44444274902344,45500166
2022-10-03,49.93333435058594,49.93333435058594,48.400001525878906,48.633331298828125,26165662
2022-10-04,49.86666488647461,49.86666488647461,48.06666564941406,48.20000076293945,13234878
2022-10-06,49.099998474121094,52.233333587646484,48.733333587646484,50.766666412353516,32852646
2022-10-07,51.233333587646484,51.33333206176758,50.233333587646484,51.133331298828125,9838831
2022-10-10,50.5,50.83333206176758,49.599998474121094,50.46666717529297,6821782
2022-10-11,50.666664123535156,50.900001525878906,48.599998474121094,48.766666412353516,10536954
2022-10-12,48.93333435058594,49.20000076293945,48.33333206176758,49.03333282470703,7003894
2022-10-13,49.0,49.33333206176758,47.400001525878906,47.56666564941406,10549087
2022-10-14,48.46666717529297,48.46666717529297,46.133331298828125,46.266666412353516,13759713
2022-10-17,46.29999923706055,46.43333435058594,45.733333587646484,46.133331298828125,6975262
2022-10-18,43.666664123535156,43.900001525878906,42.20000076293945,42.599998474121094,157739503
2022-10-19,43.0,43.20000076293945,42.166664123535156,42.33333206176758,30965580
2022-10-20,42.33333206176758,43.0,41.29999923706055,42.33333206176758,24310830
2022-10-21,42.53333282470703,42.56666564941406,41.266666412353516,41.400001525878906,26618376
2022-10-24,41.93333435058594,42.133331298828125,41.46666717529297,41.86666488647461,3543192
2022-10-25,42.0,42.03333282470703,41.20000076293945,41.400001525878906,39201670
2022-10-27,41.633331298828125,42.666664123535156,41.5,42.5,26598516
2022-10-28,42.666664123535156,42.93333435058594,42.166664123535156,42.766666412353516,14994022
2022-10-31,43.666664123535156,43.666664123535156,42.53333282470703,43.0,19475290
2022-11-01,43.233333587646484,44.46666717529297,43.0,43.43333435058594,18705784
2022-11-02,43.53333282470703,43.733333587646484,42.93333435058594,43.099998474121094,7536579
2022-11-03,42.900001525878906,43.29999923706055,42.733333587646484,43.03333282470703,8861697
2022-11-04,43.099998474121094,43.5,42.96666717529297,43.36666488647461,15548622
2022-11-07,43.79999923706055,45.06666564941406,43.599998474121094,44.36666488647461,25600456
2022-11-09,44.633331298828125,46.03333282470703,44.56666564941406,45.53333282470703,22203240
2022-11-10,45.666664123535156,47.83333206176758,45.133331298828125,46.96666717529297,50365543
2022-11-11,49.5,49.70000076293945,46.266666412353516,47.36666488647461,63710211
2022-11-14,47.599998474121094,49.03333282470703,47.20000076293945,48.599998474121094,35562411
2022-11-15,48.83333206176758,49.46666717529297,48.266666412353516,49.33333206176758,13874194
2022-11-16,49.33333206176758,49.400001525878906,47.633331298828125,48.099998474121094,17303617
2022-11-17,47.86666488647461,49.03333282470703,47.599998474121094,48.86666488647461,15579175
2022-11-18,49.0,49.20000076293945,47.70000076293945,48.133331298828125,12967971
2022-11-21,48.06666564941406,48.400001525878906,47.266666412353516,47.666664123535156,9486129
2022-11-22,48.0,48.06666564941406,47.33333206176758,47.633331298828125,7414236
2022-11-23,47.86666488647461,48.06666564941406,47.5,47.633331298828125,5084847
2022-11-24,47.666664123535156,48.06666564941406,47.166664123535156,47.766666412353516,12069690
2022-11-25,47.96666717529297,49.20000076293945,47.766666412353516,48.93333435058594,9868503
2022-11-28,49.133331298828125,49.400001525878906,48.56666564941406,48.733333587646484,8666557
2022-11-29,48.733333587646484,49.633331298828125,48.599998474121094,48.86666488647461,14081674
2022-11-30,48.86666488647461,50.06666564941406,48.666664123535156,49.83333206176758,16875408
2022-12-01,50.0,50.166664123535156,49.099998474121094,49.33333206176758,14673216
2022-12-02,49.33333206176758,49.900001525878906,48.666664123535156,49.33333206176758,18909721
2022-12-05,49.46666717529297,50.86666488647461,49.133331298828125,50.29999923706055,26087724
2022-12-06,50.29999923706055,50.400001525878906,48.79999923706055,49.03333282470703,21450112
2022-12-07,49.33333206176758,49.5,48.56666564941406,48.666664123535156,23396460
2022-12-08,48.83333206176758,49.56666564941406,48.43333435058594,49.099998474121094,20132298
2022-12-09,49.36666488647461,49.633331298828125,48.099998474121094,48.733333587646484,22704313
2022-12-12,48.733333587646484,49.06666564941406,47.70000076293945,48.5,17468923
2022-12-13,48.733333587646484,48.900001525878906,47.93333435058594,48.0,14304427
2022-12-14,48.03333282470703,48.666664123535156,47.900001525878906,48.166664123535156,33191179
2022-12-15,48.43333435058594,48.633331298828125,47.5,47.70000076293945,13591317
2022-12-16,47.599998474121094,47.79999923706055,46.70000076293945,47.03333282470703,18883765
2022-12-19,47.099998474121094,47.20000076293945,46.33333206176758,47.03333282470703,23656935
2022-12-20,47.0,47.099998474121094,45.766666412353516,46.33333206176758,22206750
2022-12-21,46.766666412353516,47.70000076293945,46.46666717529297,46.79999923706055,37862013
2022-12-22,47.06666564941406,47.46666717529297,45.733333587646484,46.0,40355697
2022-12-23,45.53333282470703,45.666664123535156,44.06666564941406,44.599998474121094,37926798
2022-12-26,44.599998474121094,47.96666717529297,44.20000076293945,47.79999923706055,24666718
2022-12-27,47.900001525878906,49.06666564941406,47.79999923706055,48.96666717529297,28732896
2022-12-28,48.93333435058594,49.900001525878906,48.266666412353516,49.56666564941406,26449375
2022-12-29,49.0,49.900001525878906,48.400001525878906,49.633331298828125,18013203
2022-12-30,49.93333435058594,50.03333282470703,49.29999923706055,49.43333435058594,16042926
2023-01-02,49.53333282470703,50.733333587646484,49.43333435058594,50.46666717529297,16344105
2023-01-03,50.46666717529297,50.900001525878906,50.166664123535156,50.70000076293945,10859731
2023-01-04,50.79999923706055,50.83333206176758,49.36666488647461,49.86666488647461,8710752
2023-01-05,49.96666717529297,50.43333435058594,49.33333206176758,50.33333206176758,7324356
2023-01-06,50.29999923706055,50.599998474121094,49.53333282470703,50.20000076293945,8076379
2023-01-09,50.599998474121094,51.5,50.53333282470703,51.29999923706055,15335931
2023-01-10,51.43333435058594,52.96666717529297,51.20000076293945,52.5,36685590
2023-01-11,52.666664123535156,52.83333206176758,51.03333282470703,51.46666717529297,13978857
2023-01-12,51.666664123535156,52.20000076293945,51.133331298828125,52.099998474121094,18534366
2023-01-13,51.96666717529297,51.96666717529297,49.133331298828125,51.5,41603080
2023-01-16,51.53333282470703,51.733333587646484,50.266666412353516,50.36666488647461,11901637
2023-01-17,49.133331298828125,51.46666717529297,48.83333206176758,49.46666717529297,56133672
2023-01-18,49.53333282470703,49.766666412353516,49.20000076293945,49.599998474121094,10135534
2023-01-19,49.36666488647461,49.70000076293945,48.900001525878906,49.53333282470703,11815812
2023-01-20,49.36666488647461,49.53333282470703,48.29999923706055,48.666664123535156,33414445
2023-01-23,48.733333587646484,49.099998474121094,48.266666412353516,48.86666488647461,12076575
2023-01-24,48.900001525878906,49.5,48.79999923706055,49.20000076293945,10079661
2023-01-25,49.20000076293945,49.266666412353516,47.93333435058594,48.43333435058594,10755367
2023-01-27,48.400001525878906,48.86666488647461,46.86666488647461,47.733333587646484,19400304
2023-01-30,47.733333587646484,48.93333435058594,47.03333282470703,48.733333587646484,19037101
2023-01-31,49.0,51.133331298828125,48.900001525878906,50.33333206176758,23899842
2023-02-01,50.599998474121094,50.83333206176758,48.400001525878906,49.400001525878906,13454178
2023-02-02,49.20000076293945,50.266666412353516,48.46666717529297,49.96666717529297,21250107
2023-02-03,50.20000076293945,51.33333206176758,49.733333587646484,50.599998474121094,21671890
2023-02-06,50.599998474121094,52.666664123535156,50.20000076293945,52.400001525878906,22104030
2023-02-07,52.400001525878906,53.733333587646484,52.266666412353516,53.400001525878906,39149149
2023-02-08,53.400001525878906,54.29999923706055,52.666664123535156,53.83333206176758,41891415
2023-02-09,54.633331298828125,54.633331298828125,52.266666412353516,52.86666488647461,37864893
2023-02-10,52.96666717529297,54.099998474121094,52.733333587646484,53.46666717529297,20582980
2023-02-13,53.633331298828125,53.86666488647461,52.733333587646484,53.03333282470703,12741529
2023-02-14,53.266666412353516,54.0,52.5,53.33333206176758,13355443
2023-02-15,53.53333282470703,53.96666717529297,53.06666564941406,53.400001525878906,8324116
2023-02-16,53.599998474121094,53.86666488647461,53.29999923706055,53.43333435058594,11105386
2023-02-17,53.53333282470703,53.70000076293945,52.70000076293945,53.133331298828125,7559548
2023-02-20,54.666664123535156,56.166664123535156,54.20000076293945,54.633331298828125,46480078
2023-02-21,54.96666717529297,55.0,54.20000076293945,54.766666412353516,12453493
2023-02-22,54.33333206176758,54.96666717529297,54.20000076293945,54.70000076293945,19416834
2023-02-23,54.733333587646484,55.133331298828125,54.03333282470703,54.900001525878906,14527701
2023-02-24,55.0,55.33333206176758,54.43333435058594,54.96666717529297,8509320
2023-02-27,55.133331298828125,55.133331298828125,51.79999923706055,52.29999923706055,15409105
2023-02-28,52.53333282470703,54.266666412353516,52.53333282470703,53.099998474121094,18410106
2023-03-01,53.33333206176758,54.400001525878906,53.20000076293945,54.266666412353516,11773822
2023-03-02,54.0,54.266666412353516,53.666664123535156,53.83333206176758,6612655
2023-03-03,54.36666488647461,54.400001525878906,53.099998474121094,53.36666488647461,13098846
2023-03-06,54.666664123535156,55.900001525878906,54.666664123535156,55.46666717529297,27097054
2023-03-08,55.099998474121094,55.83333206176758,54.79999923706055,55.70000076293945,10075456
2023-03-09,55.79999923706055,55.93333435058594,54.599998474121094,55.133331298828125,9390082
2023-03-10,54.70000076293945,55.5,54.233333587646484,55.36666488647461,7752126
2023-03-13,54.733333587646484,55.133331298828125,52.86666488647461,53.20000076293945,11594085
2023-03-14,53.266666412353516,53.46666717529297,52.133331298828125,52.53333282470703,11070147
2023-03-15,52.86666488647461,53.266666412353516,50.666664123535156,51.20000076293945,7833699
2023-03-16,47.53333282470703,47.53333282470703,44.03333282470703,45.666664123535156,629861299
2023-03-17,46.266666412353516,46.53333282470703,44.266666412353516,45.20000076293945,42735310
2023-03-20,44.36666488647461,45.03333282470703,43.43333435058594,43.70000076293945,50692723
2023-03-21,44.06666564941406,44.20000076293945,43.03333282470703,43.70000076293945,33706230
2023-03-22,43.96666717529297,44.266666412353516,43.43333435058594,43.633331298828125,32063304
2023-03-23,43.633331298828125,43.633331298828125,43.03333282470703,43.5,21396952
2023-03-24,43.5,44.166664123535156,42.79999923706055,43.166664123535156,20444788
2023-03-27,43.166664123535156,43.266666412353516,42.33333206176758,42.766666412353516,26154885
2023-03-28,42.86666488647461,42.96666717529297,41.20000076293945,41.93333435058594,33483847
2023-03-29,41.93333435058594,43.33333206176758,41.766666412353516,43.03333282470703,30268953
2023-03-31,43.599998474121094,44.79999923706055,43.20000076293945,44.733333587646484,22257579
2023-04-03,45.233333587646484,45.29999923706055,44.70000076293945,45.06666564941406,11383434
2023-04-05,45.06666564941406,45.29999923706055,44.56666564941406,45.03333282470703,8557086
2023-04-06,45.0,45.400001525878906,44.666664123535156,45.266666412353516,7116240
2023-04-10,45.43333435058594,45.666664123535156,44.733333587646484,45.29999923706055,10099228
2023-04-11,45.33333206176758,45.79999923706055,45.133331298828125,45.56666564941406,10143691
2023-04-12,45.900001525878906,46.599998474121094,45.53333282470703,45.900001525878906,19766322
2023-04-13,46.099998474121094,46.43333435058594,45.20000076293945,45.53333282470703,8728773
2023-04-17,45.46666717529297,46.0,44.93333435058594,45.900001525878906,9565654
2023-04-18,46.166664123535156,46.20000076293945,45.53333282470703,45.79999923706055,13915387
2023-04-19,45.79999923706055,46.36666488647461,45.400001525878906,46.0,15196144
2023-04-20,46.133331298828125,46.733333587646484,45.79999923706055,46.666664123535156,9237451
2023-04-21,47.0,47.0,46.266666412353516,46.70000076293945,9679335
2023-04-24,46.79999923706055,47.400001525878906,46.20000076293945,47.233333587646484,16817200
2023-04-25,47.33333206176758,47.666664123535156,47.0,47.43333435058594,11150157
2023-04-26,47.43333435058594,48.33333206176758,47.233333587646484,47.900001525878906,22892986
2023-04-27,48.06666564941406,48.5,47.666664123535156,48.33333206176758,11086020
2023-04-28,48.400001525878906,49.233333587646484,48.33333206176758,48.93333435058594,12593839
2023-05-02,49.33333206176758,50.5,49.0,50.099998474121094,17442015
2023-05-03,49.96666717529297,50.29999923706055,49.666664123535156,49.83333206176758,10144740
2023-05-04,49.83333206176758,50.5,49.733333587646484,50.36666488647461,10833310
2023-05-05,50.133331298828125,50.733333587646484,49.96666717529297,50.20000076293945,16258624
2023-05-08,50.233333587646484,51.03333282470703,50.20000076293945,50.70000076293945,16566717
2023-05-09,50.900001525878906,51.400001525878906,50.266666412353516,50.599998474121094,12273862
2023-05-10,50.79999923706055,52.33333206176758,50.733333587646484,52.20000076293945,18543394
2023-05-11,52.46666717529297,52.86666488647461,51.733333587646484,51.900001525878906,18639718
2023-05-12,52.0,52.79999923706055,51.733333587646484,52.233333587646484,25613259
2023-05-15,52.36666488647461,52.79999923706055,52.133331298828125,52.43333435058594,8074477
2023-05-16,52.56666564941406,53.099998474121094,51.93333435058594,52.266666412353516,9653889
2023-05-17,52.400001525878906,52.5,51.233333587646484,52.03333282470703,10742950
2023-05-18,52.233333587646484,53.266666412353516,52.133331298828125,52.43333435058594,22690428
2023-05-19,52.633331298828125,54.20000076293945,51.53333282470703,53.43333435058594,29186566
2023-05-22,53.733333587646484,54.133331298828125,52.83333206176758,53.266666412353516,23451744
2023-05-23,53.70000076293945,55.06666564941406,53.56666564941406,54.29999923706055,27030217
2023-05-24,54.133331298828125,54.93333435058594,53.733333587646484,54.36666488647461,12348568
2023-05-25,54.33333206176758,54.599998474121094,53.70000076293945,54.46666717529297,14993076
2023-05-26,54.79999923706055,54.93333435058594,53.33333206176758,53.83333206176758,35897061
2023-05-29,54.666664123535156,54.666664123535156,53.20000076293945,53.70000076293945,18816135
2023-05-30,53.70000076293945,54.099998474121094,52.83333206176758,53.0,9884769
2023-05-31,53.03333282470703,53.166664123535156,52.233333587646484,52.70000076293945,42198186
2023-06-01,52.666664123535156,53.29999923706055,52.43333435058594,52.599998474121094,9208801
2023-06-02,53.0,53.666664123535156,52.70000076293945,53.56666564941406,8925031
2023-06-05,54.0,54.29999923706055,53.599998474121094,53.96666717529297,11033119
2023-06-06,53.86666488647461,54.400001525878906,53.36666488647461,53.599998474121094,14735572
2023-06-07,53.79999923706055,53.96666717529297,53.29999923706055,53.666664123535156,10022286
2023-06-08,53.96666717529297,54.83333206176758,53.56666564941406,53.96666717529297,19477347
2023-06-09,54.166664123535156,54.79999923706055,53.733333587646484,54.5,18377637
2023-06-12,54.96666717529297,56.266666412353516,54.56666564941406,55.83333206176758,29255616
2023-06-13,56.233333587646484,56.599998474121094,55.53333282470703,56.400001525878906,15117034
2023-06-14,56.56666564941406,56.599998474121094,55.133331298828125,55.36666488647461,9889413
2023-06-15,55.36666488647461,55.666664123535156,54.33333206176758,54.766666412353516,14896459
2023-06-16,55.43333435058594,55.633331298828125,54.599998474121094,55.03333282470703,24921823
2023-06-19,55.5,55.53333282470703,54.0,54.133331298828125,16915311
2023-06-20,54.5,55.20000076293945,54.0,54.79999923706055,18593254
2023-06-21,55.06666564941406,57.46666717529297,54.96666717529297,57.233333587646484,38777167
2023-06-22,57.633331298828125,58.83333206176758,56.29999923706055,56.5,40951209
2023-06-23,56.400001525878906,56.46666717529297,54.233333587646484,55.400001525878906,24648064
2023-06-26,55.400001525878906,56.79999923706055,55.29999923706055,56.56666564941406,20644776
2023-06-27,56.666664123535156,57.133331298828125,56.29999923706055,56.70000076293945,19798344
2023-06-28,57.266666412353516,57.599998474121094,56.36666488647461,57.20000076293945,29239720
2023-06-30,57.266666412353516,57.599998474121094,56.86666488647461,57.133331298828125,16270116
2023-07-03,57.53333282470703,57.599998474121094,56.86666488647461,57.400001525878906,9357436
2023-07-04,57.666664123535156,57.666664123535156,56.53333282470703,56.766666412353516,10656460
2023-07-05,60.666664123535156,62.43333435058594,59.099998474121094,60.20000076293945,91076451
2023-07-06,60.56666564941406,61.93333435058594,60.0,61.03333282470703,32863102
2023-07-07,60.900001525878906,61.43333435058594,60.36666488647461,60.900001525878906,14045424
2023-07-10,61.33333206176758,61.633331298828125,60.166664123535156,60.53333282470703,9220122
2023-07-11,60.86666488647461,62.266666412353516,60.53333282470703,61.599998474121094,23057428
2023-07-12,62.03333282470703,62.86666488647461,61.733333587646484,62.099998474121094,21011205
2023-07-13,63.900001525878906,64.69999694824219,62.79999923706055,63.36666488647461,51782271
2023-07-14,63.900001525878906,64.16666412353516,63.5,64.06666564941406,22201584
2023-07-17,64.43333435058594,64.56666564941406,63.900001525878906,64.0,12381352
2023-07-18,64.26666259765625,64.56666564941406,63.83333206176758,64.30000305175781,13602376
2023-07-19,64.5999984741211,64.73332977294922,64.0,64.13333129882812,7568469
2023-07-20,64.13333129882812,64.53333282470703,63.5,64.46666717529297,10056472
2023-07-21,64.0,65.46666717529297,63.70000076293945,64.66666412353516,22704619
2023-07-24,64.66666412353516,64.93333435058594,64.36666870117188,64.69999694824219,13729512
2023-07-25,65.13333129882812,67.0,64.5,65.5,28335930
2023-07-26,65.86666870117188,66.46666717529297,65.76666259765625,66.06666564941406,10292223
2023-07-27,66.46666717529297,67.13333129882812,65.9000015258789,66.9000015258789,13267123
2023-07-28,67.26666259765625,67.26666259765625,63.93333435058594,65.0,30132093
2023-07-31,65.30000305175781,65.83333587646484,64.43333435058594,65.53333282470703,13546888
2023-08-01,65.53333282470703,66.33333587646484,65.36666870117188,65.93333435058594,8435149
2023-08-02,65.9000015258789,66.5999984741211,63.599998474121094,64.53333282470703,14917627
2023-08-03,64.4000015258789,64.86666870117188,63.666664123535156,64.66666412353516,13528398
2023-08-04,64.66666412353516,65.93333435058594,63.86666488647461,64.46666717529297,10489303
2023-08-07,64.46666717529297,65.96666717529297,64.13333129882812,65.76666259765625,11200576
2023-08-08,66.13333129882812,66.33333587646484,65.26666259765625,65.4000015258789,10941921
2023-08-09,66.0,66.0,65.06666564941406,65.76666259765625,5965650
2023-08-10,65.73332977294922,66.36666870117188,63.46666717529297,63.86666488647461,31077909
2023-08-11,65.93333435058594,68.66666412353516,64.46666717529297,65.0999984741211,70453902
2023-08-14,65.46666717529297,65.46666717529297,62.400001525878906,64.33333587646484,14034900
2023-08-16,63.5,64.5,63.33333206176758,64.30000305175781,10083418
2023-08-17,64.66666412353516,64.66666412353516,62.79999923706055,63.0,13748719
2023-08-18,63.06666564941406,63.233333587646484,62.166664123535156,62.79999923706055,12099742
2023-08-21,62.93333435058594,63.93333435058594,62.70000076293945,63.79999923706055,8188275
2023-08-22,63.93333435058594,63.93333435058594,63.20000076293945,63.53333282470703,6357115
2023-08-23,63.86666488647461,63.900001525878906,63.0,63.099998474121094,8668861
2023-08-24,63.33333206176758,63.70000076293945,63.133331298828125,63.233333587646484,9815947
2023-08-25,63.266666412353516,64.80000305175781,62.86666488647461,63.93333435058594,16118761
2023-08-28,64.26666259765625,64.86666870117188,63.666664123535156,63.96666717529297,9407541
2023-08-29,64.0,64.43333435058594,63.599998474121094,64.30000305175781,11783785
2023-08-30,64.43333435058594,64.83333587646484,64.03333282470703,64.0999984741211,7547463
2023-08-31,64.30000305175781,64.46666717529297,63.633331298828125,63.86666488647461,13079830
2023-09-01,63.86666488647461,65.43333435058594,63.400001525878906,65.19999694824219,12505060
2023-09-04,66.06666564941406,68.66666412353516,65.4000015258789,68.23332977294922,36375070
2023-09-05,68.93333435058594,68.93333435058594,66.36666870117188,66.63333129882812,19532676
2023-09-06,66.96666717529297,67.16666412353516,65.86666870117188,66.06666564941406,10453140
2023-09-07,66.43333435058594,67.33333587646484,65.83333587646484,66.19999694824219,14953033
2023-09-08,66.66666412353516,66.86666870117188,66.19999694824219,66.36666870117188,9742446
2023-09-11,67.43333435058594,67.5999984741211,66.56666564941406,67.4000015258789,16661668
2023-09-12,67.63333129882812,67.69999694824219,64.56666564941406,65.0,23895127
2023-09-13,64.80000305175781,65.4000015258789,63.79999923706055,65.03333282470703,10872583
2023-09-14,65.93333435058594,65.96666717529297,65.03333282470703,65.69999694824219,9136813
2023-09-15,65.86666870117188,66.4000015258789,65.4000015258789,65.63333129882812,10279875
2023-09-18,65.69999694824219,66.9000015258789,64.80000305175781,66.16666412353516,13756206
2023-09-20,66.33333587646484,66.5999984741211,65.5,65.76666259765625,7792902
2023-09-21,65.66666412353516,65.73332977294922,63.86666488647461,64.23332977294922,9700374
2023-09-22,64.23332977294922,64.5,63.5,64.0999984741211,11769472
2023-09-25,64.33333587646484,64.93333435058594,63.70000076293945,64.53333282470703,7286166
2023-09-26,64.53333282470703,65.16666412353516,64.4000015258789,64.96666717529297,8668770
2023-09-27,64.69999694824219,64.96666717529297,63.93333435058594,64.80000305175781,18126483
2023-09-28,64.80000305175781,65.19999694824219,63.36666488647461,63.666664123535156,15010879
2023-09-29,64.0999984741211,64.73332977294922,63.766666412353516,64.0,15959247
2023-10-03,64.03333282470703,64.33333587646484,63.133331298828125,63.83333206176758,10168356
2023-10-04,63.633331298828125,63.70000076293945,61.400001525878906,61.83333206176758,14032089
2023-10-05,62.166664123535156,62.599998474121094,61.53333282470703,61.83333206176758,11089231
2023-10-06,61.86666488647461,62.099998474121094,61.400001525878906,61.766666412353516,5646508
2023-10-09,60.93333435058594,61.099998474121094,60.099998474121094,60.29999923706055,7824195
2023-10-10,60.33333206176758,62.46666717529297,60.33333206176758,62.20000076293945,18993229
2023-10-11,62.56666564941406,64.16666412353516,62.33333206176758,63.599998474121094,21932067
2023-10-12,63.43333435058594,63.86666488647461,63.133331298828125,63.633331298828125,8441802
2023-10-13,63.03333282470703,63.733333587646484,62.83333206176758,62.900001525878906,11952223
2023-10-16,63.766666412353516,65.0999984741211,62.79999923706055,64.9000015258789,13268203
2023-10-17,65.5999984741211,65.66666412353516,64.53333282470703,64.86666870117188,10335012
2023-10-18,64.86666870117188,65.06666564941406,63.900001525878906,64.23332977294922,5709649
2023-10-19,63.93333435058594,64.33333587646484,63.43333435058594,64.13333129882812,7593751
2023-10-20,63.93333435058594,64.26666259765625,61.900001525878906,62.20000076293945,9394584
2023-10-23,62.83333206176758,62.83333206176758,61.266666412353516,61.86666488647461,12112683
2023-10-25,62.79999923706055,62.83333206176758,60.666664123535156,61.29999923706055,7835080
2023-10-26,60.666664123535156,61.766666412353516,59.133331298828125,61.29999923706055,21076773
2023-10-27,61.633331298828125,62.133331298828125,61.133331298828125,61.666664123535156,5618437
2023-10-30,61.96666717529297,62.0,60.599998474121094,61.56666564941406,6584886
2023-10-31,62.33333206176758,62.33333206176758,61.133331298828125,61.29999923706055,7227289
2023-11-01,61.79999923706055,62.0,61.0,61.266666412353516,6053035
2023-11-02,61.79999923706055,61.93333435058594,61.06666564941406,61.33333206176758,8720628
2023-11-03,61.5,62.0,60.20000076293945,60.400001525878906,10547119
2023-11-06,61.266666412353516,61.43333435058594,60.266666412353516,61.29999923706055,10177891
2023-11-07,61.36666488647461,61.79999923706055,60.79999923706055,61.29999923706055,10379964
2023-11-08,61.56666564941406,62.400001525878906,60.83333206176758,61.900001525878906,9987193
2023-11-09,62.0,62.233333587646484,59.33333206176758,60.0,26728344
2023-11-10,60.0,61.0,58.20000076293945,58.93333435058594,26106264
2023-11-13,60.633331298828125,60.633331298828125,59.266666412353516,59.766666412353516,14424292
2023-11-15,60.633331298828125,60.633331298828125,59.29999923706055,60.43333435058594,21373297
2023-11-16,60.43333435058594,61.0,60.06666564941406,60.733333587646484,10942137
2023-11-17,60.70000076293945,60.733333587646484,59.79999923706055,60.03333282470703,15039484
2023-11-20,60.33333206176758,60.36666488647461,59.06666564941406,59.266666412353516,13839805
2023-11-21,59.33333206176758,59.633331298828125,58.83333206176758,59.0,9720522
2023-11-22,59.099998474121094,59.233333587646484,57.86666488647461,58.46666717529297,14601499
2023-11-23,58.133331298828125,59.266666412353516,58.133331298828125,58.766666412353516,10244439
2023-11-24,58.83333206176758,59.03333282470703,58.20000076293945,58.33333206176758,9430222
2023-11-28,58.79999923706055,60.20000076293945,57.86666488647461,59.96666717529297,20684302
2023-11-29,60.33333206176758,62.46666717529297,60.03333282470703,61.70000076293945,38956030
2023-11-30,61.96666717529297,61.96666717529297,61.0,61.36666488647461,24178086
2023-12-01,61.93333435058594,62.56666564941406,60.86666488647461,62.06666564941406,21828052
2023-12-04,63.0,63.233333587646484,61.766666412353516,61.96666717529297,22662147
2023-12-05,62.03333282470703,62.666664123535156,61.5,62.20000076293945,16032783
2023-12-06,62.53333282470703,63.33333206176758,62.166664123535156,62.56666564941406,20365620
2023-12-07,62.666664123535156,62.766666412353516,61.86666488647461,62.233333587646484,11059675
2023-12-08,62.266666412353516,63.633331298828125,62.06666564941406,63.33333206176758,21478791
2023-12-11,63.70000076293945,65.33333587646484,63.599998474121094,64.63333129882812,47758251
2023-12-12,64.96666717529297,65.19999694824219,62.96666717529297,63.36666488647461,19586982
2023-12-13,63.633331298828125,64.33333587646484,63.099998474121094,63.70000076293945,15024408
2023-12-14,64.56666564941406,66.03333282470703,63.86666488647461,65.86666870117188,42141489
2023-12-15,66.5,66.5999984741211,65.19999694824219,65.5,25425507
2023-12-18,65.73332977294922,66.23332977294922,65.0,65.30000305175781,13382241
2023-12-19,65.69999694824219,65.69999694824219,64.0999984741211,64.23332977294922,16437145
2023-12-20,64.66666412353516,64.96666717529297,60.86666488647461,61.46666717529297,19958163
2023-12-21,60.666664123535156,63.06666564941406,60.133331298828125,62.633331298828125,16081480
2023-12-22,63.400001525878906,63.46666717529297,62.53333282470703,63.20000076293945,11373295
2023-12-26,63.33333206176758,64.36666870117188,62.900001525878906,64.06666564941406,19490901
2023-12-27,64.33333587646484,64.46666717529297,63.53333282470703,64.26666259765625,15431011
2023-12-28,64.56666564941406,65.33333587646484,63.83333206176758,65.0999984741211,17843449
2023-12-29,65.5,68.56666564941406,65.0,67.96666717529297,103303900
2024-01-01,68.53333282470703,72.26666259765625,68.33333587646484,70.56666564941406,79068615
2024-01-02,71.93333435058594,72.5999984741211,68.96666717529297,70.0,33922234
2024-01-03,70.33333587646484,70.46666717529297,67.56666564941406,67.93333435058594,33251532
2024-01-04,68.13333129882812,69.66666412353516,68.06666564941406,68.96666717529297,32104879
2024-01-05,69.53333282470703,71.0999984741211,68.69999694824219,69.36666870117188,36242838
2024-01-08,70.36666870117188,71.46666717529297,69.26666259765625,70.46666717529297,48036397
2024-01-09,71.16666412353516,72.80000305175781,70.73332977294922,71.36666870117188,51733212
2024-01-10,71.33333587646484,73.4000015258789,70.26666259765625,72.76666259765625,38273914
2024-01-11,73.13333129882812,74.19999694824219,72.80000305175781,73.26666259765625,54171232
2024-01-12,73.9000015258789,73.9000015258789,71.33333587646484,71.5999984741211,36360897
2024-01-15,71.5999984741211,71.5999984741211,71.5999984741211,71.5999984741211,0
2024-01-16,73.0999984741211,73.73332977294922,71.80000305175781,72.9000015258789,28529832
2024-01-17,71.33333587646484,73.13333129882812,71.03333282470703,72.06666564941406,26074947
2024-01-18,72.0,73.0999984741211,69.56666564941406,71.9000015258789,24343167
2024-01-19,72.43333435058594,73.96666717529297,72.23332977294922,73.03333282470703,17999988
2024-01-23,72.5,72.86666870117188,70.23332977294922,70.9000015258789,44544520
2024-01-24,70.69999694824219,73.69999694824219,69.46666717529297,73.33333587646484,31401241
2024-01-25,73.5999984741211,77.43333435058594,73.0999984741211,76.93333435058594,66744631
2024-01-29,77.5,78.66666412353516,76.4000015258789,77.5999984741211,33730098
2024-01-30,78.19999694824219,78.19999694824219,75.83333587646484,76.16666412353516,15796419
2024-01-31,76.33333587646484,76.5,75.19999694824219,75.5,16940139
2024-02-01,76.13333129882812,77.53333282470703,75.76666259765625,76.80000305175781,26823478
2024-02-02,77.36666870117188,78.23332977294922,76.83333587646484,77.23332977294922,14048137
2024-02-05,77.86666870117188,79.46666717529297,77.26666259765625,78.03333282470703,15137983
2024-02-06,78.26666259765625,79.46666717529297,77.53333282470703,79.16666412353516,15072040
2024-02-07,79.76666259765625,81.83333587646484,77.93333435058594,81.53333282470703,25547152
2024-02-08,81.93333435058594,82.0,79.56666564941406,79.86666870117188,14054334
2024-02-09,80.33333587646484,81.5999984741211,78.13333129882812,80.83333587646484,20789388
2024-02-12,82.03333282470703,82.26666259765625,72.96666717529297,76.26666259765625,30103014
2024-02-13,78.93333435058594,78.93333435058594,73.26666259765625,76.96666717529297,41025993
2024-02-14,76.43333435058594,76.5,74.80000305175781,76.03333282470703,23923629
2024-02-15,77.13333129882812,77.19999694824219,75.16666412353516,75.5,16961917
2024-02-16,76.26666259765625,77.36666870117188,75.76666259765625,76.03333282470703,15701937
2024-02-19,76.66666412353516,77.93333435058594,75.33333587646484,75.43333435058594,11217888
2024-02-20,75.80000305175781,75.96666717529297,74.33333587646484,75.66666412353516,10597477
2024-02-21,75.66666412353516,76.56666564941406,75.0999984741211,75.4000015258789,17532744
2024-02-22,75.73332977294922,76.33333587646484,73.96666717529297,76.06666564941406,13317978
2024-02-23,77.13333129882812,77.73332977294922,75.86666870117188,77.0999984741211,15841140
2024-02-26,77.23332977294922,77.63333129882812,76.4000015258789,76.93333435058594,7830067
2024-02-27,77.30000305175781,77.30000305175781,76.19999694824219,76.9000015258789,13473025
2024-02-28,77.26666259765625,79.63333129882812,76.56666564941406,79.03333282470703,46088626
2024-02-29,78.23332977294922,79.80000305175781,77.73332977294922,79.46666717529297,38238361
2024-03-01,79.56666564941406,80.33333587646484,78.63333129882812,79.5999984741211,26272923
2024-03-04,80.66666412353516,81.76666259765625,79.5,79.73332977294922,27703375
2024-03-05,81.03333282470703,84.33333587646484,79.66666412353516,83.63333129882812,66481314
2024-03-06,82.53333282470703,82.53333282470703,78.56666564941406,80.56666564941406,694984567
2024-03-07,79.96666717529297,80.93333435058594,79.0,79.30000305175781,25374204
2024-03-11,79.26666259765625,79.26666259765625,76.5999984741211,77.53333282470703,34194975
2024-03-12,78.03333282470703,78.43333435058594,76.69999694824219,77.33333587646484,25512529
2024-03-13,77.33333587646484,77.63333129882812,71.66666412353516,73.46666717529297,46975041
2024-03-14,72.33333587646484,75.30000305175781,72.19999694824219,75.0,24998371
2024-03-15,75.0,75.73332977294922,72.9000015258789,74.23332977294922,35826564
2024-03-18,75.19999694824219,75.56666564941406,74.26666259765625,75.23332977294922,17735347
2024-03-19,75.19999694824219,75.93333435058594,73.86666870117188,74.0999984741211,19219557
2024-03-20,74.5999984741211,75.30000305175781,73.43333435058594,74.73332977294922,18882471
2024-03-21,75.69999694824219,77.36666870117188,75.4000015258789,76.83333587646484,37905846
2024-03-22,77.66666412353516,77.86666870117188,76.46666717529297,77.53333282470703,22605883
2024-03-26,76.19999694824219,78.53333282470703,76.19999694824219,78.16666412353516,15085734
2024-03-27,78.46666717529297,78.9000015258789,77.76666259765625,78.19999694824219,13128432
2024-03-28,78.66666412353516,78.80000305175781,77.83333587646484,78.06666564941406,18315744
2024-04-01,78.0999984741211,80.26666259765625,78.0999984741211,80.0999984741211,13253416
2024-04-02,80.53333282470703,81.66666412353516,80.0999984741211,80.63333129882812,26424223
2024-04-03,80.53333282470703,80.5999984741211,79.80000305175781,80.26666259765625,11443332
2024-04-04,80.30000305175781,82.19999694824219,79.06666564941406,79.73332977294922,25639474
2024-04-05,79.46666717529297,79.93333435058594,78.5999984741211,79.5999984741211,12842899
2024-04-08,79.5999984741211,80.73332977294922,79.13333129882812,80.4000015258789,12148297
2024-04-09,80.56666564941406,80.63333129882812,77.93333435058594,78.53333282470703,10797178
2024-04-10,78.66666412353516,79.5999984741211,78.36666870117188,79.33333587646484,16170637
2024-04-12,79.19999694824219,82.0999984741211,78.83333587646484,80.36666870117188,33069286
2024-04-15,78.76666259765625,80.86666870117188,77.86666870117188,80.53333282470703,22711540
2024-04-16,78.83333587646484,83.80000305175781,78.83333587646484,82.83333587646484,44835511
2024-04-18,84.5,86.63333129882812,83.33333587646484,83.9000015258789,77434396
2024-04-19,83.66666412353516,85.19999694824219,80.83333587646484,84.69999694824219,29621212
2024-04-22,84.4000015258789,85.96666717529297,81.06666564941406,85.13333129882812,53454127
2024-04-23,85.0999984741211,86.30000305175781,83.86666870117188,84.93333435058594,20074206
2024-04-24,85.9000015258789,85.9000015258789,84.0,84.5999984741211,14101944
2024-04-25,84.26666259765625,85.19999694824219,84.0,84.80000305175781,15323953
2024-04-26,85.36666870117188,88.19999694824219,84.96666717529297,87.4000015258789,57540150
2024-04-29,88.0999984741211,88.63333129882812,86.53333282470703,87.19999694824219,18722745
2024-04-30,87.86666870117188,88.93333435058594,87.23332977294922,87.46666717529297,21953337
2024-05-02,87.33333587646484,87.83333587646484,86.16666412353516,86.80000305175781,16745535
2024-05-03,87.19999694824219,88.16666412353516,86.43333435058594,87.46666717529297,14623228
2024-05-06,88.19999694824219,88.19999694824219,84.66666412353516,85.23332977294922,13162159
2024-05-07,85.66666412353516,85.76666259765625,81.96666717529297,83.5999984741211,17769252
2024-05-08,83.66666412353516,86.03333282470703,83.46666717529297,85.83333587646484,12858696
2024-05-09,86.43333435058594,87.0999984741211,83.33333587646484,83.66666412353516,17142588
2024-05-10,84.06666564941406,85.66666412353516,83.56666564941406,85.06666564941406,21527007
2024-05-13,85.0,85.0,81.63333129882812,83.36666870117188,27284988
2024-05-14,83.56666564941406,85.53333282470703,83.16666412353516,85.03333282470703,12772726
2024-05-15,85.5,85.53333282470703,83.56666564941406,84.23332977294922,12439588
2024-05-16,84.86666870117188,85.26666259765625,83.76666259765625,84.83333587646484,8724822
2024-05-17,85.56666564941406,86.73332977294922,85.03333282470703,86.23332977294922,18197251
2024-05-21,86.33333587646484,88.93333435058594,86.19999694824219,87.73332977294922,30216357
2024-05-22,88.26666259765625,90.33333587646484,87.80000305175781,88.86666870117188,33427041
2024-05-23,89.46666717529297,92.33333587646484,87.33333587646484,91.56666564941406,33918772
2024-05-24,91.9000015258789,93.86666870117188,91.03333282470703,93.43333435058594,45794625
2024-05-27,94.0,97.13333129882812,93.26666259765625,95.80000305175781,42460551
2024-05-28,96.5,96.5,93.19999694824219,94.66666412353516,19186863
2024-05-29,94.56666564941406,99.30000305175781,93.30000305175781,98.46666717529297,65112288
2024-05-30,99.86666870117188,101.76666259765625,94.86666870117188,101.13333129882812,166704804
2024-05-31,102.96666717529297,104.63333129882812,100.0,100.83333587646484,111308170
2024-06-03,106.46666717529297,106.46666717529297,99.33333587646484,99.63333129882812,47148160
2024-06-04,100.63333129882812,100.63333129882812,89.66666412353516,94.76666259765625,75212941
2024-06-05,95.0,102.0,94.66666412353516,101.36666870117188,47792667
2024-06-06,102.33333587646484,103.46666717529297,99.66666412353516,101.63333129882812,47578168
2024-06-07,101.96666717529297,105.33333587646484,100.86666870117188,104.46666717529297,46043448
2024-06-10,106.0,110.32666778564453,105.30000305175781,109.72000122070312,72906954
2024-06-11,110.26666259765625,111.4000015258789,107.8933334350586,108.67333221435547,32050354
2024-06-12,109.0,110.96666717529297,108.6066665649414,110.58000183105469,32831823
2024-06-13,111.33333587646484,112.68000030517578,110.80000305175781,112.50666809082031,26522145
2024-06-14,112.9000015258789,117.4000015258789,111.87999725341797,116.413330078125,40038670
2024-06-18,116.96666717529297,123.38666534423828,116.73332977294922,120.21333312988281,83345070
2024-06-19,120.80000305175781,122.99333190917969,117.94000244140625,121.53333282470703,73177087
2024-06-20,122.26666259765625,125.46666717529297,121.23999786376953,123.62000274658203,61598674
2024-06-21,124.0,126.19999694824219,122.2066650390625,125.14666748046875,49642555
2024-06-24,124.72000122070312,126.73332977294922,121.8133316040039,125.5199966430664,35866704
2024-06-25,125.69999694824219,129.72000122070312,125.57333374023438,128.5933380126953,53325444
2024-06-26,128.13333129882812,131.0066680908203,127.15333557128906,129.1666717529297,50254263
2024-06-27,129.1666717529297,133.46665954589844,128.3866729736328,132.36666870117188,82392340
2024-06-28,132.24667358398438,132.24667358398438,126.66000366210938,126.87333679199219,39194205
2024-07-01,129.02667236328125,132.9933319091797,128.05999755859375,131.1666717529297,58307166
2024-07-02,131.6999969482422,138.0800018310547,131.26666259765625,135.30667114257812,72638686
2024-07-03,136.0,137.74667358398438,135.53334045410156,137.05332946777344,45969681
2024-07-04,137.18666076660156,139.25332641601562,136.6666717529297,137.7133331298828,33270364
2024-07-05,138.3000030517578,138.39999389648438,134.32666015625,136.6666717529297,25978965
2024-07-08,137.2066650390625,137.57333374023438,133.8866729736328,134.2933349609375,18354111
2024-07-09,134.76666259765625,135.86000061035156,133.13333129882812,135.35333251953125,20849716
2024-07-10,135.8000030517578,136.1999969482422,131.1666717529297,133.6666717529297,26757825
2024-07-11,131.0,134.60000610351562,130.46665954589844,132.33999633789062,25200132
2024-07-12,132.6666717529297,133.17333984375,130.97999572753906,131.2133331298828,11622349
2024-07-15,131.6199951171875,134.7933349609375,131.0399932861328,134.3866729736328,21148968
2024-07-16,134.8333282470703,135.84666442871094,133.76666259765625,134.1133270263672,13018024
2024-07-18,133.3333282470703,137.26666259765625,132.24667358398438,136.2066650390625,83597221
2024-07-19,136.8733367919922,137.1999969482422,127.55999755859375,128.13333129882812,29569963
2024-07-22,127.96666717529297,128.9066619873047,125.46666717529297,126.82666778564453,28416783
2024-07-23,128.26666259765625,129.01333618164062,120.73999786376953,128.4933319091797,21033669
2024-07-24,128.4933319091797,128.4933319091797,125.86666870117188,126.58666229248047,25969308
2024-07-25,125.33333587646484,127.8933334350586,123.33333587646484,127.58666229248047,22550532
2024-07-26,127.59333038330078,131.10000610351562,127.59333038330078,130.93333435058594,19007992
2024-07-29,132.0,132.75332641601562,129.1999969482422,130.47999572753906,29413480
2024-07-30,130.6666717529297,130.93333435058594,128.67999267578125,129.4066619873047,12741376
2024-07-31,130.6666717529297,132.06666564941406,129.46665954589844,131.04666137695312,16020861
2024-08-01,131.60000610351562,132.0,129.4933319091797,130.86666870117188,9729102
2024-08-02,129.3333282470703,131.44000244140625,128.39332580566406,128.8333282470703,17568840
2024-08-05,125.33333587646484,125.33333587646484,113.54000091552734,117.00666809082031,131587926
2024-08-06,121.6933364868164,123.9000015258789,116.19999694824219,116.9000015258789,63867487
2024-08-07,121.26666259765625,122.23332977294922,117.93333435058594,120.6066665649414,31695174
2024-08-08,120.6066665649414,123.26666259765625,119.06666564941406,121.64666748046875,17658948
2024-08-09,122.87333679199219,125.83333587646484,122.87333679199219,125.16000366210938,19882804
2024-08-12,123.86666870117188,126.64666748046875,123.40666961669922,125.47333526611328,14379006
2024-08-13,126.0999984741211,126.5,118.46666717529297,120.46666717529297,47424657
2024-08-14,122.66666412353516,125.86000061035156,122.0999984741211,123.04666900634766,49126998
2024-08-16,125.4000015258789,125.66000366210938,123.07333374023438,123.78666687011719,19901452
2024-08-19,124.66666412353516,125.03333282470703,123.46666717529297,124.08666229248047,30698122
2024-08-20,124.56666564941406,126.86666870117188,121.43333435058594,126.33999633789062,42793029
2024-08-21,126.66666412353516,129.93333435058594,126.0,129.02000427246094,26261607
2024-08-22,129.53334045410156,129.93333435058594,128.56666564941406,129.25999450683594,13422336
2024-08-23,129.1999969482422,132.19332885742188,128.74667358398438,131.81333923339844,41235546
2024-08-26,132.93333435058594,132.93333435058594,131.10000610351562,131.96665954589844,17208246
2024-08-27,132.10000610351562,133.8866729736328,131.5399932861328,133.27333068847656,18300570
2024-08-28,133.53334045410156,133.53334045410156,131.05999755859375,131.31333923339844,13220776
2024-08-29,131.3333282470703,132.4600067138672,128.35333251953125,129.7866668701172,15405211
2024-08-30,130.8333282470703,131.06666564941406,128.85333251953125,130.18666076660156,20743273
2024-09-02,130.18666076660156,130.5,128.586669921875,128.81333923339844,7002138
2024-09-03,128.8000030517578,129.6666717529297,127.12666320800781,128.5,17868903
2024-09-04,127.28666687011719,128.97999572753906,125.76666259765625,128.77333068847656,18748972
2024-09-05,129.0,130.43333435058594,128.34666442871094,128.7933349609375,13994482
2024-09-06,128.6666717529297,129.23333740234375,124.93333435058594,125.22000122070312,13783662
2024-09-09,124.66666412353516,126.15333557128906,123.35333251953125,124.90666961669922,14824486
2024-09-10,125.53333282470703,126.92666625976562,123.93333435058594,126.4000015258789,15433758
2024-09-11,125.4000015258789,125.4000015258789,121.40666961669922,122.55999755859375,27337789
2024-09-12,123.6066665649414,126.66666412353516,123.6066665649414,125.9000015258789,16979335
2024-09-13,122.83333587646484,128.23333740234375,121.38666534423828,126.99333190917969,50309443
2024-09-16,126.66666412353516,129.60000610351562,126.45333099365234,129.19332885742188,33183306
2024-09-17,130.5,131.3333282470703,126.4000015258789,130.0066680908203,61568832
2024-09-18,130.26666259765625,139.06666564941406,130.03334045410156,136.10665893554688,140782561
2024-09-19,137.6666717529297,138.02000427246094,133.89332580566406,136.73333740234375,51366397
2024-09-20,137.39999389648438,137.4199981689453,133.0,135.17999267578125,49227394
2024-09-23,136.0,140.39999389648438,135.73333740234375,138.22666931152344,34523124
2024-09-24,138.6666717529297,139.086669921875,136.35333251953125,137.44667053222656,32300989
2024-09-25,137.9933319091797,138.1199951171875,136.39999389648438,136.98666381835938,19783440
2024-09-26,136.46665954589844,142.53334045410156,135.07333374023438,141.98666381835938,77413540
2024-09-27,142.63333129882812,144.66000366210938,142.36000061035156,143.39999389648438,49835152
2024-09-30,142.74000549316406,142.93333435058594,139.5399932861328,140.92666625976562,30211713
2024-10-01,141.3333282470703,142.96665954589844,139.55332946777344,140.5,15644047
2024-10-03,134.3333282470703,138.89999389648438,134.3333282470703,135.94667053222656,29934076
2024-10-04,135.9600067138672,137.24000549316406,133.01333618164062,133.94667053222656,17067202
2024-10-07,133.9066619873047,135.97332763671875,131.5,132.6999969482422,25480270
2024-10-08,132.03334045410156,136.66000366210938,130.24000549316406,135.8733367919922,21525315
2024-10-09,136.6666717529297,139.18666076660156,136.05332946777344,137.36666870117188,13786501
2024-10-10,138.39999389648438,143.3333282470703,138.1999969482422,140.01333618164062,37438473
2024-10-11,140.3333282470703,142.76666259765625,139.46665954589844,141.8800048828125,15055069
2024-10-14,142.5066680908203,143.913330078125,141.76666259765625,142.8333282470703,15046014
2024-10-15,143.3333282470703,143.5,138.0,140.75999450683594,17815351
2024-10-16,139.36666870117188,140.57333374023438,137.2066650390625,137.75332641601562,21596799
2024-10-17,137.32666015625,137.75332641601562,133.44667053222656,135.27333068847656,17762751
2024-10-18,134.6666717529297,137.1999969482422,132.36000061035156,136.75999450683594,20845005
2024-10-21,136.75999450683594,137.77333068847656,132.6666717529297,132.913330078125,13407735
2024-10-22,133.30667114257812,134.1199951171875,128.5066680908203,128.9933319091797,21445761
2024-10-23,128.0,132.6999969482422,127.64666748046875,131.75332641601562,20533344
2024-10-24,133.3333282470703,133.52667236328125,127.32666778564453,128.2866668701172,17596192
2024-10-25,128.45333862304688,129.60665893554688,124.76000213623047,126.44666290283203,19057266
2024-10-28,124.67333221435547,128.30667114257812,124.67333221435547,126.96666717529297,11463882
2024-10-29,126.96666717529297,127.5999984741211,124.66666412353516,126.84666442871094,17364205
2024-10-30,126.83999633789062,127.30000305175781,123.03333282470703,123.37333679199219,21707964
2024-10-31,123.33333587646484,124.26666259765625,119.77333068847656,120.63333129882812,22821669
2024-11-01,120.76666259765625,122.46666717529297,120.76666259765625,121.48666381835938,2598148
2024-11-04,121.54666900634766,123.66666412353516,120.46666717529297,123.40666961669922,28195791
2024-11-05,122.81999969482422,124.33333587646484,121.27999877929688,122.77999877929688,22461463
2024-11-06,123.66666412353516,125.91999816894531,123.17333221435547,125.18000030517578,16918128
2024-11-07,125.23332977294922,126.49333190917969,121.3133316040039,121.7933349609375,24389580
2024-11-08,121.80000305175781,122.45333099365234,117.01333618164062,117.38666534423828,18062914
2024-11-11,117.02666473388672,119.25333404541016,114.9000015258789,116.54666900634766,22014631
2024-11-12,116.80000305175781,117.4000015258789,108.86666870117188,110.6933364868164,45663886
2024-11-13,111.33333587646484,112.94666290283203,105.86666870117188,106.59333038330078,68796726
2024-11-14,107.0,112.2066650390625,107.0,110.23999786376953,37887424
2024-11-18,111.0,112.0,109.19999694824219,109.96666717529297,19671880
2024-11-19,110.36666870117188,113.32666778564453,109.66666412353516,110.23999786376953,20247315
2024-11-21,110.0,110.19999694824219,107.33333587646484,107.8933334350586,16225894
2024-11-22,108.66666412353516,110.75333404541016,108.26666259765625,110.15333557128906,14350263
2024-11-25,113.66666412353516,114.13999938964844,109.6933364868164,110.13333129882812,78378736
2024-11-26,110.66666412353516,111.30000305175781,109.5,110.87999725341797,12732241
2024-11-27,110.9000015258789,110.9000015258789,108.03333282470703,109.06666564941406,22808661
2024-11-28,109.33333587646484,109.52666473388672,107.35333251953125,107.87333679199219,26455468
2024-11-29,108.66000366210938,108.66666412353516,107.27999877929688,108.3066635131836,21796333
2024-12-02,108.3066635131836,111.13333129882812,107.4000015258789,110.5,25927936
2024-12-03,111.5999984741211,112.0,110.07333374023438,110.80000305175781,23195494
2024-12-04,111.33333587646484,111.46666717529297,108.0,108.31999969482422,41451690
2024-12-05,109.06666564941406,112.54000091552734,108.53333282470703,111.33333587646484,37119991
2024-12-06,113.32666778564453,116.37999725341797,111.0199966430664,113.59333038330078,79893495
2024-12-09,113.15333557128906,113.63999938964844,110.55999755859375,111.2066650390625,30714513
2024-12-10,111.19999694824219,111.83999633789062,109.33333587646484,111.53333282470703,29316321
2024-12-11,112.0,112.66000366210938,110.96666717529297,111.2066650390625,17571738
2024-12-12,111.33333587646484,111.86666870117188,109.33999633789062,109.86000061035156,15713007
2024-12-13,109.36000061035156,109.63333129882812,106.94000244140625,109.413330078125,15319813
2024-12-16,109.6066665649414,112.85333251953125,109.5,112.54000091552734,24793854
2024-12-17,112.38666534423828,112.94000244140625,109.0,109.62000274658203,19945074
2024-12-18,109.62000274658203,110.26666259765625,105.97333526611328,106.36666870117188,22363585
2024-12-19,103.35333251953125,105.62666320800781,103.04666900634766,105.04000091552734,28127700
2024-12-20,105.33333587646484,106.26666259765625,103.33333587646484,104.04000091552734,25000230
2024-12-23,104.78666687011719,105.53333282470703,103.80000305175781,104.3133316040039,8720616
2024-12-24,104.66666412353516,105.41999816894531,103.6933364868164,104.8066635131836,6372226
2024-12-26,105.33333587646484,105.58666229248047,103.6066665649414,104.26666259765625,20552493
2024-12-27,104.31999969482422,107.22000122070312,104.27333068847656,104.68000030517578,13273540
2024-12-30,104.68000030517578,104.8933334350586,101.98666381835938,102.57333374023438,54119110
2024-12-31,102.0199966430664,104.47333526611328,101.5999984741211,104.08000183105469,14935015
2025-01-01,104.1933364868164,104.28666687011719,102.59333038330078,103.5999984741211,10466761
2025-01-02,103.0,107.25333404541016,102.99333190917969,106.51333618164062,18015825
2025-01-03,107.33333587646484,107.85333251953125,106.0999984741211,106.72000122070312,21423820
2025-01-06,106.24666595458984,107.09333038330078,102.26666259765625,102.87333679199219,18301117
2025-01-07,103.0,104.31999969482422,102.0,102.19999694824219,11486536
2025-01-08,102.00666809082031,102.72666931152344,100.1933364868164,100.93333435058594,18826099
2025-01-09,101.64666748046875,101.94666290283203,99.0,99.14666748046875,12269697
2025-01-10,99.19999694824219,99.84666442871094,96.06666564941406,96.58666229248047,21085603
2025-01-13,95.05999755859375,96.04666900634766,92.07333374023438,93.17333221435547,21148368
2025-01-14,93.33333587646484,97.94000244140625,93.33333587646484,97.05332946777344,12186148
2025-01-15,97.57333374023438,99.95999908447266,97.36666870117188,99.6066665649414,14424391
2025-01-16,100.36666870117188,100.96666717529297,99.06666564941406,99.33333587646484,10413076
2025-01-17,99.4000015258789,101.06666564941406,98.36000061035156,100.75333404541016,7186105
2025-01-20,100.33333587646484,101.0999984741211,99.64666748046875,100.23332977294922,14049108
2025-01-21,100.33333587646484,100.96666717529297,96.93333435058594,97.26666259765625,9299127
2025-01-22,97.73332977294922,97.73332977294922,93.73999786376953,95.16000366210938,18067305
2025-01-23,95.23332977294922,97.05999755859375,95.01333618164062,96.64666748046875,8877321
2025-01-24,96.77333068847656,97.33999633789062,94.91999816894531,95.32666778564453,10511362
2025-01-27,94.30000305175781,94.3066635131836,90.9000015258789,91.66666412353516,17510431
2025-01-28,92.80000305175781,95.11333465576172,90.66666412353516,92.22000122070312,34296334
2025-01-29,92.5,94.73332977294922,92.1066665649414,94.25333404541016,7166146
2025-01-30,94.45333099365234,94.46666717529297,91.26666259765625,92.47333526611328,16394604
2025-01-31,93.01333618164062,94.66000366210938,92.32666778564453,94.17333221435547,11449777
2025-02-01,94.4000015258789,95.56666564941406,93.1066665649414,95.08666229248047,10593658
2025-02-03,94.22666931152344,94.22666931152344,86.40666961669922,87.07333374023438,68479860
2025-02-04,91.67333221435547,94.76000213623047,91.43333435058594,91.94666290283203,70736142
2025-02-05,91.93333435058594,92.66666412353516,90.4000015258789,91.1866683959961,24785067
2025-02-06,92.32666778564453,92.4000015258789,90.6866683959961,91.13999938964844,6192094
2025-02-07,91.86666870117188,92.88666534423828,90.55999755859375,92.04666900634766,12089565
2025-02-10,92.06666564941406,92.21333312988281,89.88666534423828,90.33333587646484,7981143
2025-02-11,90.00666809082031,90.55999755859375,85.33999633789062,85.74666595458984,32482851
2025-02-12,85.99333190917969,86.33333587646484,80.66666412353516,85.75333404541016,50870820
2025-02-13,86.66666412353516,87.4000015258789,84.37999725341797,86.54000091552734,43298379
2025-02-14,87.55332946777344,88.1933364868164,83.33333587646484,84.13999938964844,36356068
2025-02-17,84.13333129882812,84.13333129882812,80.72000122070312,83.1933364868164,69063559
2025-02-18,83.23332977294922,85.913330078125,82.33999633789062,85.57333374023438,44277318
2025-02-19,85.33333587646484,86.22666931152344,83.6866683959961,85.63999938964844,31224145
2025-02-20,85.16666412353516,88.13333129882812,85.0,87.87333679199219,22732638
2025-02-21,87.32666778564453,87.32666778564453,84.3933334350586,85.85333251953125,22898901
2025-02-24,85.33333587646484,85.33333587646484,83.50666809082031,84.32666778564453,14712712
2025-02-25,83.32666778564453,84.4000015258789,82.63333129882812,83.76000213623047,30843600
2025-02-27,83.32666778564453,83.66000366210938,81.69999694824219,81.93333435058594,37058766
2025-02-28,79.99333190917969,80.74666595458984,77.8133316040039,79.05999755859375,59611042
2025-03-03,79.55332946777344,80.2066650390625,77.27333068847656,79.6066665649414,27788080
2025-03-04,78.36666870117188,80.14666748046875,77.22000122070312,78.84666442871094,28319941
2025-03-05,79.0,82.81999969482422,78.13333129882812,82.62666320800781,15541101
2025-03-06,85.19999694824219,87.38666534423828,83.28666687011719,85.24666595458984,40741189
2025-03-07,85.24666595458984,87.01333618164062,84.35333251953125,85.1933364868164,18841185
2025-03-10,85.31999969482422,86.00666809082031,83.66666412353516,83.86666870117188,14067241
2025-03-11,82.66666412353516,83.99333190917969,82.08666229248047,83.04000091552734,31065579
2025-03-12,83.33333587646484,83.90666961669922,81.6866683959961,83.65333557128906,13818637
2025-03-13,84.26666259765625,84.32666778564453,80.83999633789062,81.17333221435547,20251365
2025-03-17,80.0,82.0,79.62000274658203,80.66000366210938,18117784
2025-03-18,80.66000366210938,80.66000366210938,80.66000366210938,80.66000366210938,0
2025-03-19,84.0,86.1866683959961,83.33333587646484,86.00666809082031,14779144
2025-03-20,86.33333587646484,86.66666412353516,84.87333679199219,85.84666442871094,10843546
2025-03-21,86.66000366210938,88.53333282470703,86.18000030517578,87.55999755859375,28235211
2025-03-24,88.13333129882812,90.0,87.86666870117188,89.33333587646484,13819324
2025-03-25,90.66666412353516,90.93333435058594,87.1933364868164,87.63999938964844,18107763
2025-03-26,88.76666259765625,90.5999984741211,88.4000015258789,89.95333099365234,28123465
2025-03-27,87.0,88.58666229248047,83.15333557128906,87.94000244140625,55633498
2025-03-28,89.86666870117188,91.45333099365234,87.02666473388672,87.3066635131836,28719250
2025-04-01,87.3066635131836,88.55332946777344,86.06666564941406,87.413330078125,14986759
2025-04-02,86.66666412353516,88.36000061035156,86.07333374023438,88.14666748046875,11112421
2025-04-03,86.33333587646484,87.09333038330078,85.15333557128906,85.95999908447266,29815504
2025-04-04,85.66666412353516,85.69999694824219,78.59333038330078,79.28666687011719,62319645
2025-04-07,73.33999633789062,76.63999938964844,71.5,76.25333404541016,45359316
2025-04-08,80.99333190917969,80.99333190917969,75.33333587646484,76.6866683959961,37537851
2025-04-09,76.69999694824219,77.1866683959961,74.67333221435547,75.33999633789062,22199550
2025-04-11,79.31999969482422,80.0,76.96666717529297,78.81999969482422,34635463
2025-04-15,85.33333587646484,86.69999694824219,83.33333587646484,85.08666229248047,80473206
2025-04-16,85.33333587646484,86.3933334350586,84.62000274658203,85.55999755859375,21142170
2025-04-17,85.5999984741211,86.66666412353516,84.57333374023438,86.44666290283203,14369247
2025-04-21,87.33333587646484,88.62666320800781,85.92666625976562,88.37333679199219,15849453
2025-04-22,88.66666412353516,90.16666412353516,87.5999984741211,88.86666870117188,23254356
2025-04-23,89.93333435058594,91.11333465576172,88.95999908447266,90.48666381835938,24652246
2025-04-24,90.93333435058594,92.22666931152344,90.11333465576172,90.7933349609375,24761502
2025-04-25,90.37999725341797,91.07333374023438,88.0199966430664,89.13999938964844,38228610
2025-04-28,88.67333221435547,90.76000213623047,88.33333587646484,89.99333190917969,19022104
2025-04-29,91.8066635131836,92.98666381835938,89.90666961669922,90.72000122070312,35097037
2025-04-30,90.33333587646484,90.33333587646484,87.84666442871094,88.84666442871094,28209172
2025-05-02,88.58000183105469,89.86666870117188,87.5999984741211,88.08666229248047,13176181
2025-05-05,88.36666870117188,92.99333190917969,88.36666870117188,92.6066665649414,18358515
2025-05-06,93.19999694824219,93.5999984741211,89.46666717529297,90.3133316040039,15873267
2025-05-07,87.33333587646484,95.2933349609375,87.08000183105469,94.97333526611328,41575503
2025-05-08,96.0,98.19999694824219,93.33999633789062,94.3133316040039,58000560
2025-05-09,91.33333587646484,95.2933349609375,90.94666290283203,91.8933334350586,32624419
2025-05-12,95.66666412353516,97.33333587646484,92.73332977294922,96.7066650390625,39048681
2025-05-13,96.36666870117188,96.82666778564453,94.40666961669922,94.96666717529297,14950111
2025-05-14,95.33333587646484,95.87333679199219,93.2066650390625,94.05999755859375,13084842
2025-05-15,94.4000015258789,96.3933334350586,94.12000274658203,95.7933349609375,15295747
2025-05-16,96.12666320800781,98.23332977294922,95.67333221435547,98.02666473388672,15832765
2025-05-19,98.5,99.99333190917969,97.8066635131836,98.42666625976562,18345486
2025-05-20,99.25333404541016,99.26666259765625,97.05332946777344,97.28666687011719,19353394
2025-05-21,97.73332977294922,98.98666381835938,97.0999984741211,98.82666778564453,12889834
2025-05-22,98.0,99.26666259765625,96.83333587646484,98.80000305175781,15487942
2025-05-23,98.67333221435547,99.25333404541016,97.2066650390625,98.81999969482422,20196588
2025-05-26,98.83333587646484,101.05332946777344,98.81999969482422,99.99333190917969,18707139
2025-05-27,101.5,102.2066650390625,98.04666900634766,98.88666534423828,39306147
2025-05-28,99.37999725341797,99.82666778564453,98.23332977294922,99.13333129882812,20803096
2025-05-29,100.66666412353516,102.45333099365234,98.02666473388672,101.3933334350586,52550901
2025-05-30,103.33333587646484,105.77333068847656,101.69999694824219,102.08000183105469,77430208
2025-06-02,102.5999984741211,102.83333587646484,100.33333587646484,100.62666320800781,24675474
2025-06-03,100.53333282470703,101.77333068847656,99.94000244140625,100.27333068847656,14172043
2025-06-04,100.27333068847656,102.63333129882812,100.11333465576172,101.8066635131836,20919648
2025-06-05,102.66666412353516,104.5999984741211,102.19999694824219,103.75333404541016,20085477
2025-06-06,103.8933334350586,105.64666748046875,103.15333557128906,104.99333190917969,14573961
2025-06-09,105.46666717529297,107.56666564941406,105.43333435058594,107.33333587646484,21832009
2025-06-10,107.8933334350586,108.16666412353516,105.66666412353516,105.88666534423828,16479480
2025-06-11,106.0,106.69999694824219,104.47333526611328,106.37999725341797,13470111
2025-06-12,106.27333068847656,106.30000305175781,103.0,103.49333190917969,13840854
2025-06-13,100.0,102.83999633789062,100.0,102.67333221435547,9716179
2025-06-16,102.3133316040039,102.913330078125,100.31999969482422,102.12000274658203,15588451
2025-06-17,102.12000274658203,102.3133316040039,100.25333404541016,100.53333282470703,16860490
2025-06-18,100.13333129882812,101.78666687011719,99.43333435058594,99.87333679199219,9407610
2025-06-19,99.0999984741211,101.38666534423828,98.26666259765625,98.49333190917969,15789631
2025-06-20,98.0,100.80000305175781,97.51333618164062,100.13333129882812,28915708
2025-06-23,98.33333587646484,99.26666259765625,96.78666687011719,98.69999694824219,21541980
2025-06-24,100.63999938964844,103.05332946777344,100.06666564941406,100.96666717529297,20919358
2025-06-25,101.33999633789062,103.4000015258789,100.90666961669922,102.23999786376953,18785613
2025-06-26,102.74666595458984,103.1866683959961,101.33333587646484,102.92666625976562,15513201
2025-06-27,103.41999816894531,104.32666778564453,102.27333068847656,102.75333404541016,31792290
2025-06-30,103.46666717529297,103.63333129882812,101.69999694824219,103.22000122070312,9059988
2025-07-01,103.22666931152344,103.45333099365234,101.32666778564453,101.43333435058594,8339743
2025-07-02,101.4000015258789,102.32666778564453,100.69999694824219,101.94666290283203,10867662
2025-07-03,102.45333099365234,104.13333129882812,102.24666595458984,102.85333251953125,14066409
2025-07-04,102.85333251953125,103.22000122070312,101.74666595458984,102.5999984741211,5751045
2025-07-07,102.33333587646484,103.98666381835938,102.04666900634766,103.49333190917969,13209805
2025-07-08,103.49333190917969,103.8066635131836,101.33333587646484,102.6933364868164,15747742
2025-07-09,102.6933364868164,103.87333679199219,102.33333587646484,103.27999877929688,11630878
2025-07-10,104.0,104.0,101.95999908447266,102.35333251953125,15224410
2025-07-11,102.26666259765625,102.99333190917969,100.0,100.5,9892551
2025-07-14,101.19999694824219,102.4800033569336,100.53333282470703,101.49333190917969,18965572
2025-07-15,102.62666320800781,105.94666290283203,102.23999786376953,104.00666809082031,24891183
2025-07-16,104.0,104.24666595458984,102.2933349609375,102.78666687011719,9407277
2025-07-17,102.6866683959961,103.63333129882812,102.44000244140625,102.58000183105469,7232913
2025-07-18,102.63999938964844,103.58999633789062,100.80000305175781,100.97000122070312,12755135
2025-07-21,101.0,101.51000213623047,99.9000015258789,100.80999755859375,12592541
2025-07-22,101.0,101.2699966430664,97.0999984741211,97.23999786376953,13022343
2025-07-23,97.69999694824219,99.0999984741211,96.9800033569336,98.83000183105469,16250471
2025-07-24,99.11000061035156,103.75,99.0999984741211,103.05000305175781,34498069
2025-07-25,103.27999877929688,103.47000122070312,100.0,100.33999633789062,11999734
2025-07-28,100.6500015258789,102.31999969482422,100.6500015258789,101.87999725341797,16642565
2025-07-29,101.87999725341797,102.69000244140625,101.0,102.58999633789062,5756095
2025-07-30,102.69000244140625,102.80000305175781,98.44999694824219,98.91999816894531,16070296
2025-07-31,96.88999938964844,98.5,95.55000305175781,97.16999816894531,17246210
2025-08-01,97.16999816894531,97.98999786376953,95.30999755859375,95.54000091552734,6424969
2025-08-04,95.55000305175781,98.5,95.05999755859375,98.30000305175781,9078395
2025-08-05,98.5,99.08000183105469,96.45999908447266,97.37999725341797,9072134
2025-08-06,97.5999984741211,97.80000305175781,94.7699966430664,95.3499984741211,11149228
2025-08-07,94.48999786376953,94.76000213623047,92.55999755859375,94.12000274658203,24236301
2025-08-08,94.12000274658203,94.54000091552734,91.0,91.44999694824219,9884650
2025-08-11,91.51000213623047,91.83000183105469,89.69999694824219,90.7699966430664,19734988
2025-08-12,91.30999755859375,91.75,90.0999984741211,90.2699966430664,7712576
2025-08-13,91.0,94.58999633789062,89.86000061035156,93.38999938964844,27152026
2025-08-14,93.0,93.88999938964844,91.62000274658203,93.0999984741211,14771758
2025-08-18,93.80000305175781,95.7699966430664,93.1500015258789,94.08000183105469,14834715
2025-08-19,94.0999984741211,99.8499984741211,93.9000015258789,99.4000015258789,30083383
2025-08-20,99.69000244140625,99.69000244140625,97.68000030517578,97.97000122070312,14042238
2025-08-21,98.5,98.88999938964844,97.48999786376953,97.9000015258789,10323617
2025-08-22,97.9000015258789,98.20999908447266,95.0,95.16000366210938,9583759
2025-08-25,96.0,96.30000305175781,94.4000015258789,94.97000122070312,10376097
2025-08-26,94.69999694824219,94.69999694824219,92.51000213623047,92.95999908447266,14380291
2025-08-28,93.0,93.30000305175781,91.94999694824219,92.11000061035156,13098197
2025-08-29,92.19999694824219,95.06999969482422,91.0999984741211,92.75,28080321
2025-09-01,94.4000015258789,96.94999694824219,93.41999816894531,96.73999786376953,30257885
2025-09-02,96.73999786376953,97.4000015258789,95.22000122070312,96.47000122070312,12452715
2025-09-03,96.37000274658203,96.88999938964844,95.25,96.52999877929688,12129613
2025-09-04,98.4000015258789,98.4000015258789,94.12000274658203,94.31999969482422,14039109
2025-09-05,94.80000305175781,96.0999984741211,93.48999786376953,94.5999984741211,19637004
2025-09-08,96.93000030517578,99.33000183105469,95.08999633789062,98.56999969482422,56299081
2025-09-09,99.0999984741211,99.5,97.25,98.81999969482422,22643077
2025-09-10,99.0,102.19999694824219,98.91000366210938,100.5999984741211,39207033
2025-09-11,100.91000366210938,101.94999694824219,100.19999694824219,100.66999816894531,19218566
2025-09-12,100.69999694824219,105.30000305175781,100.56999969482422,104.69000244140625,46300257
2025-09-15,105.76000213623047,108.06999969482422,105.30999755859375,107.80999755859375,44585391
2025-09-16,108.5,110.9000015258789,107.22000122070312,109.88999938964844,42750129
2025-09-17,110.5,111.9000015258789,108.87000274658203,109.33999633789062,23963434
2025-09-18,109.87000274658203,110.08000183105469,108.05999755859375,108.9800033569336,16247845
2025-09-19,108.9800033569336,110.18000030517578,108.55999755859375,109.08000183105469,13983683
2025-09-22,109.08000183105469,110.2300033569336,108.55000305175781,109.94999694824219,16627782
2025-09-23,109.94999694824219,112.37999725341797,109.37000274658203,112.08000183105469,33790140
2025-09-24,112.5,112.5999984741211,107.5,107.95999908447266,24814885
2025-09-25,107.75,108.69999694824219,105.05000305175781,105.37999725341797,14787443
2025-09-26,105.0,106.01000213623047,103.26000213623047,105.66000366210938,24534407
2025-09-29,106.0,107.30000305175781,105.45999908447266,106.87999725341797,26556235
2025-09-30,106.69000244140625,107.16000366210938,104.54000091552734,105.6500015258789,22843513
2025-10-01,105.5999984741211,106.61000061035156,105.12000274658203,106.0,7448493
2025-10-03,105.98999786376953,107.11000061035156,105.55999755859375,106.66999816894531,8086392
2025-10-06,107.0,107.4000015258789,105.94999694824219,106.22000122070312,7260072
2025-10-07,105.9000015258789,106.75,103.54000091552734,104.12000274658203,18966822
2025-10-08,104.69999694824219,104.94999694824219,101.22000122070312,101.63999938964844,11890467
2025-10-09,101.27999877929688,103.75,101.01000213623047,103.44000244140625,13623431
2025-10-10,103.11000061035156,104.9000015258789,102.81999969482422,104.0999984741211,9724654
2025-10-13,103.0,104.5,102.02999877929688,104.0999984741211,16216577
2025-10-14,104.0,105.33999633789062,102.80000305175781,105.05000305175781,24973101
2025-10-15,105.0,105.9000015258789,103.9000015258789,104.77999877929688,13717505
2025-10-16,104.9000015258789,108.55000305175781,104.69000244140625,107.2699966430664,18610741
2025-10-17,106.69000244140625,106.87000274658203,103.83000183105469,104.69999694824219,14290399
2025-10-20,104.69999694824219,106.02999877929688,104.66000366210938,105.7699966430664,5352437
2025-10-21,106.61000061035156,106.61000061035156,105.0,105.37000274658203,1768861
2025-10-23,106.9000015258789,109.6500015258789,106.41000366210938,107.30999755859375,30104528
2025-10-24,107.30999755859375,107.47000122070312,104.93000030517578,106.25,11030911
2025-10-27,106.75,107.2699966430664,106.0999984741211,106.93000030517578,8676084
2025-10-28,106.93000030517578,107.72000122070312,106.11000061035156,106.9800033569336,7582607
2025-10-29,107.0,108.25,105.1500015258789,107.7300033569336,12702765
2025-10-30,108.80000305175781,108.80000305175781,106.16000366210938,106.87999725341797,9808066
2025-10-31,106.91000366210938,107.69999694824219,105.16999816894531,105.38999938964844,5215003
2025-11-03,105.4000015258789,106.0999984741211,103.81999969482422,105.56999969482422,9823455
2025-11-04,106.08000183105469,106.0999984741211,103.75,104.48999786376953,8923020
2025-11-06,104.48999786376953,105.06999969482422,102.08000183105469,103.91999816894531,11443281
2025-11-07,103.91999816894531,104.2699966430664,102.3499984741211,103.80000305175781,8431755
2025-11-10,103.75,104.2699966430664,102.18000030517578,102.55000305175781,18067302
2025-11-11,102.6500015258789,105.9800033569336,101.08000183105469,105.45999908447266,20357785
2025-11-12,105.9000015258789,106.8499984741211,104.51000213623047,105.91999816894531,26930415
2025-11-13,106.30000305175781,111.75,103.88999938964844,109.12999725341797,45246799
2025-11-14,111.30999755859375,113.47000122070312,108.80000305175781,109.83999633789062,68460187
2025-11-17,109.8499984741211,110.69999694824219,109.05999755859375,110.0199966430664,12995776
2025-11-18,110.0,110.4000015258789,108.13999938964844,108.95999908447266,9891961
2025-11-19,108.91000366210938,112.98999786376953,108.44999694824219,112.16000366210938,33900889
2025-11-20,112.75,113.38999938964844,111.38999938964844,112.0,15140498
2025-11-21,111.97000122070312,112.5,109.48999786376953,109.80000305175781,12406270
2025-11-24,109.80000305175781,110.5,108.86000061035156,109.22000122070312,59352567
2025-11-25,109.22000122070312,110.95999908447266,108.70999908447266,110.20999908447266,13551413
2025-11-26,110.20999908447266,112.0,109.9000015258789,111.80999755859375,13388286
2025-11-27,112.0,116.3499984741211,111.83000183105469,116.12999725341797,42435479
2025-11-28,116.63999938964844,117.69999694824219,115.6500015258789,116.30999755859375,22765742
2025-12-01,116.5,118.0199966430664,115.23999786376953,116.55000305175781,14172449
2025-12-02,115.5,119.5999984741211,115.45999908447266,119.26000213623047,31242759
2025-12-03,119.0,119.13999938964844,115.98999786376953,116.56999969482422,23947588
2025-12-04,116.56999969482422,118.11000061035156,116.45999908447266,117.55999755859375,14828624
2025-12-05,117.5,118.2699966430664,116.4800033569336,117.05000305175781,8681992
2025-12-08,116.75,117.58999633789062,114.54000091552734,115.30000305175781,8912150
2025-12-09,114.5,117.61000061035156,113.12999725341797,116.75,14546773
2025-12-10,116.75,117.56999969482422,116.0,116.27999877929688,7837414
2025-12-11,116.36000061035156,120.16000366210938,116.27999877929688,119.80000305175781,30012240
2025-12-12,120.48999786376953,121.4800033569336,119.97000122070312,121.30000305175781,14876284
2025-12-15,121.02999877929688,121.02999877929688,119.30999755859375,120.30999755859375,8527618
2025-12-16,120.0,120.44000244140625,119.12000274658203,119.56999969482422,5700638
2025-12-17,119.0,120.80000305175781,118.63999938964844,119.55999755859375,7069688
2025-12-18,118.52999877929688,118.94000244140625,115.5999984741211,117.1500015258789,14949216
2025-12-19,117.25,121.2300033569336,117.25,120.9800033569336,21232127
2025-12-22,121.5,122.3499984741211,120.48999786376953,121.11000061035156,12005771
2025-12-23,122.80000305175781,122.80000305175781,119.52999877929688,120.23999786376953,9958172
2025-12-24,120.61000061035156,120.9000015258789,119.2699966430664,119.52999877929688,7675699
2025-12-26,119.52999877929688,121.13999938964844,118.4000015258789,119.29000091552734,12938540
2025-12-29,119.2699966430664,120.11000061035156,118.41999816894531,119.63999938964844,10853968
2025-12-30,119.20999908447266,120.66000366210938,119.13999938964844,119.75,10132129
2025-12-31,120.0,121.0,119.6500015258789,119.94000244140625,5541329
2026-01-01,120.4000015258789,122.75,119.83999633789062,122.5199966430664,13120204
2026-01-02,122.9000015258789,124.70999908447266,121.66999816894531,122.04000091552734,20423410
2026-01-05,122.73999786376953,122.75,120.33000183105469,121.80999755859375,17109084
2026-01-06,122.41000366210938,122.94999694824219,119.94000244140625,120.83000183105469,19478525
2026-01-07,120.69999694824219,121.2699966430664,118.7300033569336,119.3499984741211,9250970
2026-01-08,118.0,118.94000244140625,117.25,118.11000061035156,13950281
2026-01-09,118.0,118.08999633789062,114.8499984741211,115.63999938964844,11448466
2026-01-12,115.63999938964844,116.33000183105469,112.75,114.98999786376953,11208157
2026-01-13,115.55000305175781,116.88999938964844,114.3499984741211,114.93000030517578,12781089
2026-01-14,114.37999725341797,115.6500015258789,113.20999908447266,113.55000305175781,12258494
2026-01-15,113.55000305175781,113.55000305175781,113.55000305175781,113.55000305175781,0
2026-01-16,113.55000305175781,116.62999725341797,113.37000274658203,114.79000091552734,14170255
2026-01-19,114.30000305175781,114.30000305175781,110.7300033569336,112.33000183105469,27290462
2026-01-20,112.0,112.9000015258789,107.52999877929688,107.88999938964844,16421476
2026-01-21,106.31999969482422,111.36000061035156,106.31999969482422,109.66999816894531,17449709
2026-01-22,110.58999633789062,113.94999694824219,110.58999633789062,111.33000183105469,10103546
2026-01-23,111.33000183105469,111.45999908447266,108.01000213623047,108.4000015258789,10449787
2026-01-27,110.23999786376953,110.25,107.61000061035156,109.66999816894531,9770928
2026-01-28,110.08999633789062,111.81999969482422,108.30000305175781,111.43000030517578,12128916
2026-01-29,112.80000305175781,114.55000305175781,110.66999816894531,113.87999725341797,16047659
2026-01-30,113.44999694824219,113.61000061035156,111.52999877929688,112.9000015258789,14380990
2026-02-02,111.47000122070312,115.0,109.62000274658203,114.08999633789062,10374677
2026-02-03,123.98999786376953,125.48999786376953,119.29000091552734,121.31999969482422,35289099
2026-02-04,121.19999694824219,123.3499984741211,119.6500015258789,122.62000274658203,13094471
2026-02-05,121.94999694824219,122.41999816894531,120.33000183105469,120.98999786376953,6105921
2026-02-06,119.0,119.62999725341797,116.05000305175781,118.0999984741211,18822881
2026-02-09,119.69999694824219,124.80000305175781,119.20999908447266,124.41000366210938,20428343
2026-02-10,124.9000015258789,131.88999938964844,123.27999877929688,129.42999267578125,55014074
2026-02-11,130.6300048828125,135.8300018310547,129.69000244140625,130.1699981689453,58063031
2026-02-12,130.2100067138672,133.75999450683594,129.1199951171875,132.74000549316406,35153226
2026-02-13,132.5800018310547,133.49000549316406,130.72000122070312,131.25999450683594,19324007
2026-02-16,130.5,132.94000244140625,129.35000610351562,132.30999755859375,10892515
2026-02-17,132.30999755859375,133.97000122070312,131.22000122070312,132.66000366210938,17075133
2026-02-18,132.64999389648438,135.58999633789062,131.88999938964844,133.9199981689453,14682801
2026-02-19,133.9199981689453,134.19000244140625,129.5,129.8800048828125,15598959
2026-02-20,130.10000610351562,132.11000061035156,128.8000030517578,129.4199981689453,10381669
2026-02-23,130.0,131.25,128.47999572753906,130.82000732421875,10219233
2026-02-24,130.82000732421875,132.33999633789062,130.0,131.55999755859375,14440301
2026-02-25,132.5,133.85000610351562,132.1199951171875,133.24000549316406,13635449
2026-02-26,133.24000549316406,135.64999389648438,132.74000549316406,135.30999755859375,10959037
2026-02-27,135.5,136.14999389648438,132.88999938964844,133.33999633789062,22609831
2026-03-02,126.19999694824219,131.8000030517578,124.9000015258789,128.64999389648438,24541706
2026-03-04,125.0,125.63999938964844,121.43000030517578,122.87999725341797,16183188
2026-03-05,123.9800033569336,127.29000091552734,123.69999694824219,126.33999633789062,23410571
2026-03-06,126.33999633789062,126.69999694824219,122.48999786376953,122.7699966430664,10309068
2026-03-09,119.01000213623047,119.5,113.0,117.9800033569336,14850245
2026-03-10,121.0,123.83000183105469,119.51000213623047,123.41000366210938,20469615
2026-03-11,124.01000213623047,125.9800033569336,121.0,121.38999938964844,22942902
2026-03-12,120.25,120.83000183105469,116.63999938964844,120.16999816894531,24171355
2026-03-13,118.98999786376953,119.58999633789062,113.37000274658203,113.81999969482422,27423685
2026-03-16,113.81999969482422,115.0999984741211,111.0,113.31999969482422,17822186
2026-03-17,115.0,116.30000305175781,113.61000061035156,115.83000183105469,18774691
2026-03-18,116.58000183105469,119.02999877929688,115.88999938964844,117.77999877929688,15985408
2026-03-19,114.47000122070312,114.9800033569336,111.12999725341797,111.75,18554751
2026-03-20,113.0,115.25,111.0,111.58999633789062,20814836
2026-03-23,111.0,111.02999877929688,106.25,106.58999633789062,21402616
2026-03-24,110.5,111.66000366210938,106.52999877929688,111.12999725341797,32098828
2026-03-25,113.0,115.6500015258789,112.1500015258789,113.12999725341797,21168651
2026-03-27,112.5,112.5,109.19999694824219,109.37999725341797,24039957
2026-03-30,106.9000015258789,108.4800033569336,104.72000122070312,105.08000183105469,31377931
2026-04-01,107.98999786376953,110.5199966430664,107.25,107.62000274658203,28221929
2026-04-02,105.41999816894531,107.2300033569336,102.81999969482422,106.80999755859375,26717165
2026-04-06,106.97000122070312,108.72000122070312,105.43000030517578,108.26000213623047,32032534
2026-04-07,107.69999694824219,108.66999816894531,105.4000015258789,108.44000244140625,12418811
2026-04-08,114.8499984741211,122.33999633789062,114.0,118.11000061035156,42283271
2026-04-09,118.0,118.38999938964844,115.5,116.9000015258789,27457815
2026-04-10,118.0,122.55000305175781,117.0,122.16000366210938,25378911
2026-04-13,118.16000366210938,120.6500015258789,117.19999694824219,119.11000061035156,42045762
2026-04-15,122.0999984741211,124.30999755859375,121.30000305175781,123.55000305175781,24891005
2026-04-16,124.69999694824219,125.87000274658203,122.26000213623047,122.81999969482422,20051657
2026-04-17,122.5,125.30000305175781,120.80999755859375,125.02999877929688,18007178
2026-04-20,125.4000015258789,125.4000015258789,122.37999725341797,123.19000244140625,12864248
2026-04-21,122.80000305175781,126.0999984741211,122.5999984741211,124.69999694824219,33674464
2026-04-22,124.72000122070312,132.99000549316406,124.72000122070312,131.75999450683594,42968413
2026-04-23,131.75999450683594,131.75999450683594,126.11000061035156,127.22000122070312,23191134
2026-04-24,128.07000732421875,129.10000610351562,125.33000183105469,125.69999694824219,11238446
2026-04-27,126.12999725341797,128.5399932861328,125.44000244140625,127.93000030517578,11628991
2026-04-28,128.0,128.8000030517578,124.81999969482422,125.22000122070312,15569483
2026-04-29,125.97000122070312,126.9800033569336,122.95999908447266,123.23999786376953,14894309
2026-04-30,123.23999786376953,123.25,119.12000274658203,121.20999908447266,17371847
2026-05-01,121.20999908447266,121.20999908447266,121.20999908447266,121.20999908447266,0
2026-05-04,121.98999786376953,123.43000030517578,119.58999633789062,120.20999908447266,9964145
2026-05-05,120.20999908447266,121.11000061035156,118.41000366210938,120.23999786376953,10287116
2026-05-06,121.80999755859375,128.0,121.51000213623047,127.41000366210938,22449919
2026-05-07,128.30999755859375,131.39999389648438,126.80000305175781,130.42999267578125,38333083
2026-05-08,130.99000549316406,132.75999450683594,130.52000427246094,132.02999877929688,17361170
2026-05-11,130.5800018310547,131.38999938964844,128.94000244140625,130.3000030517578,10995210
2026-05-12,130.0,130.66000366210938,123.55000305175781,124.26000213623047,20474526
2026-05-13,124.0,127.52999877929688,123.83000183105469,126.31999969482422,15031563
2026-05-14,127.0,128.0,125.23999786376953,126.11000061035156,8977945
2026-05-15,126.5,131.61000061035156,125.58000183105469,129.9199981689453,21324325
2026-05-18,128.9499969482422,129.08999633789062,125.1500015258789,128.75,19541162
2026-05-19,130.83999633789062,132.6999969482422,129.02000427246094,131.49000549316406,24014703
2026-05-20,130.25,136.0,129.50999450683594,132.1699981689453,56355040
2026-05-21,136.02000427246094,138.39999389648438,133.36000061035156,137.0,65674007
2026-05-22,137.3000030517578,139.00999450683594,134.3000030517578,136.17999267578125,34327232
2026-05-25,137.5,138.75,135.11000061035156,135.91000366210938,15957403
2026-05-26,136.49000549316406,137.64999389648438,134.85000610351562,135.82000732421875,13243802
2026-05-27,136.0,146.6999969482422,134.64999389648438,142.41000366210938,50082550
2026-05-28,142.41000366210938,142.41000366210938,142.41000366210938,142.41000366210938,0
2026-05-29,144.4600067138672,151.77000427246094,140.0800018310547,145.74000549316406,84670792
2026-06-01,146.00999450683594,146.8000030517578,141.1300048828125,141.77000427246094,38855400
2026-06-02,141.39999389648438,145.3300018310547,140.55999755859375,144.88999938964844,25070101
2026-06-03,144.67999267578125,146.25,141.75,145.61000061035156,19595325
2026-06-04,144.8800048828125,147.39999389648438,143.63999938964844,144.30999755859375,17953489
2026-06-05,144.64999389648438,146.14999389648438,143.0,143.55999755859375,13743288
2026-06-08,142.0,142.85000610351562,138.02999877929688,139.00999450683594,13205674
2026-06-09,141.6999969482422,144.39999389648438,140.5,144.05999755859375,19014375
2026-06-10,144.52000427246094,144.52000427246094,140.72000122070312,142.2100067138672,18703442
2026-06-11,141.10000610351562,141.39999389648438,139.27000427246094,140.74000549316406,15466606
2026-06-12,142.52000427246094,145.44000244140625,141.25,143.39999389648438,12743045
2026-06-15,146.10000610351562,149.89999389648438,146.10000610351562,148.1199951171875,21819103
2026-06-16,148.10000610351562,149.0800018310547,147.02000427246094,147.60000610351562,10550367
2026-06-17,147.50999450683594,147.58999633789062,142.6300048828125,145.10000610351562,20551699
2026-06-18,145.10000610351562,145.4600067138672,142.61000061035156,144.67999267578125,15847981
2026-06-19,144.5,146.0500030517578,143.02000427246094,145.5399932861328,20254043
2026-06-22,145.5399932861328,146.4600067138672,143.3000030517578,145.85000610351562,14978250
2026-06-23,145.85000610351562,146.13999938964844,141.75999450683594,143.61000061035156,15408718
2026-06-24,143.0,145.16000366210938,142.07000732421875,144.5800018310547,11314629
2026-06-25,145.02999877929688,155.25,144.02000427246094,151.7100067138672,74519440
2026-06-26,151.7100067138672,151.7100067138672,151.7100067138672,151.7100067138672,0
2026-06-29,151.7100067138672,154.0,147.72000122070312,150.55999755859375,74600161
2026-06-30,148.94000244140625,150.5,146.5,148.11000061035156,25616527
2026-07-01,148.25,149.0,146.47999572753906,147.50999450683594,21947631
2026-07-02,148.24000549316406,148.58999633789062,146.6999969482422,147.58999633789062,9629607
2026-07-03,148.89999389648438,149.72999572753906,146.02000427246094,146.3000030517578,10135151
2026-07-06,146.5399932861328,148.8000030517578,144.5,145.3300018310547,18610894
2026-07-07,145.35000610351562,145.6699981689453,136.7100067138672,143.3699951171875,42013051
2026-07-08,142.7100067138672,144.8300018310547,139.61000061035156,140.64999389648438,18406565
2026-07-09,140.2100067138672,144.14999389648438,140.0,142.8000030517578,10227076
2026-07-10,144.1999969482422,144.85000610351562,142.6199951171875,143.19000244140625,8178532
2026-07-13,142.0500030517578,144.75,141.05999755859375,144.05999755859375,14294629
2026-07-14,143.25,143.5500030517578,141.2899932861328,142.05999755859375,12934232
2026-07-15,142.91000366210938,144.35000610351562,141.6199951171875,142.11000061035156,14174935
2026-07-16,142.5,145.5,142.11000061035156,143.64999389648438,29245554
2026-07-17,143.00999450683594,145.83999633789062,143.00999450683594,144.1699981689453,14704640
2026-07-20,144.0,144.0399932861328,142.11000061035156,143.25,9919421
2026-07-21,143.5,145.8000030517578,143.1699981689453,145.22000122070312,10666707
2026-07-22,145.0,147.60000610351562,143.30999755859375,143.60000610351562,15608148
2026-07-23,142.1999969482422,148.19000244140625,142.1999969482422,145.57000732421875,17048765
