date,open,high,low,close,volume
2019-07-23,96.72000122070312,97.5199966430664,93.08000183105469,93.55999755859375,7772426
2019-07-24,93.76000213623047,94.19999694824219,89.27999877929688,89.63999938964844,7665703
2019-07-25,89.5999984741211,90.5199966430664,88.23999786376953,89.76000213623047,17437046
2019-07-26,89.91999816894531,91.19999694824219,89.36000061035156,90.08000183105469,7664915
2019-07-29,89.63999938964844,90.91999816894531,87.27999877929688,87.80000305175781,13960450
2019-07-30,88.72000122070312,90.08000183105469,85.95999908447266,86.83999633789062,11460268
2019-07-31,86.4000015258789,88.80000305175781,85.19999694824219,87.80000305175781,9862530
2019-08-01,87.27999877929688,87.5199966430664,84.31999969482422,85.12000274658203,8316588
2019-08-02,85.16000366210938,88.19999694824219,84.4000015258789,86.19999694824219,16002101
2019-08-05,85.44000244140625,85.44000244140625,82.16000366210938,83.36000061035156,6939347
2019-08-06,83.23999786376953,86.5999984741211,83.23999786376953,85.83999633789062,7037823
2019-08-07,86.0,87.08000183105469,84.08000183105469,84.36000061035156,9596247
2019-08-08,84.63999938964844,87.95999908447266,84.4800033569336,87.19999694824219,11331576
2019-08-09,87.19999694824219,90.0,86.87999725341797,87.44000244140625,10309882
2019-08-13,88.0,88.08000183105469,82.5999984741211,83.23999786376953,9978505
2019-08-14,83.87999725341797,85.87999725341797,83.04000091552734,85.0,7134402
2019-08-16,84.31999969482422,88.31999969482422,83.5999984741211,87.76000213623047,8327908
2019-08-19,87.91999816894531,88.44000244140625,86.27999877929688,86.63999938964844,6292745
2019-08-20,86.55999755859375,86.55999755859375,83.76000213623047,85.12000274658203,4975046
2019-08-21,84.83999633789062,84.91999816894531,79.80000305175781,81.5999984741211,9378385
2019-08-22,81.04000091552734,82.16000366210938,80.0,81.36000061035156,8640198
2019-08-23,81.19999694824219,83.27999877929688,78.16000366210938,81.4800033569336,9097621
2019-08-26,82.87999725341797,84.31999969482422,80.4000015258789,83.80000305175781,11797768
2019-08-27,84.4000015258789,85.19999694824219,82.95999908447266,84.27999877929688,10911500
2019-08-28,84.5999984741211,84.83999633789062,81.91999816894531,82.63999938964844,7849037
2019-08-29,82.19999694824219,82.44000244140625,78.95999908447266,80.76000213623047,22394177
2019-08-30,80.80000305175781,84.4000015258789,80.55999755859375,83.83999633789062,8729862
2019-09-03,83.4000015258789,84.36000061035156,81.27999877929688,81.63999938964844,4360276
2019-09-04,81.91999816894531,84.12000274658203,81.0,83.72000122070312,8214683
2019-09-05,84.19999694824219,86.4800033569336,82.44000244140625,83.23999786376953,9937307
2019-09-06,85.23999786376953,87.44000244140625,84.5999984741211,86.80000305175781,14132181
2019-09-09,87.23999786376953,88.4800033569336,86.08000183105469,87.83999633789062,6433331
2019-09-11,87.91999816894531,90.4000015258789,87.23999786376953,88.23999786376953,11376292
2019-09-12,88.55999755859375,90.4800033569336,88.16000366210938,89.31999969482422,8816205
2019-09-13,89.5999984741211,89.83999633789062,86.5999984741211,89.0,8483221
2019-09-16,88.4800033569336,89.5199966430664,87.63999938964844,88.27999877929688,5522251
2019-09-17,88.0,88.27999877929688,81.08000183105469,81.91999816894531,11427152
2019-09-18,82.76000213623047,82.95999908447266,80.23999786376953,80.95999908447266,10241845
2019-09-19,81.19999694824219,81.19999694824219,77.83999633789062,79.5999984741211,9628557
2019-09-20,79.4800033569336,82.76000213623047,79.19999694824219,81.63999938964844,17632575
2019-09-23,83.19999694824219,85.08000183105469,79.63999938964844,84.44000244140625,18459098
2019-09-24,84.55999755859375,85.44000244140625,82.04000091552734,83.27999877929688,8147121
2019-09-25,83.04000091552734,83.04000091552734,80.08000183105469,80.44000244140625,6208128
2019-09-26,81.16000366210938,81.4000015258789,79.72000122070312,80.31999969482422,22098175
2019-09-27,80.4800033569336,81.76000213623047,78.83999633789062,80.16000366210938,8317538
2019-09-30,79.19999694824219,81.16000366210938,78.80000305175781,79.5199966430664,9096277
2019-10-01,79.5999984741211,81.91999816894531,74.55999755859375,76.63999938964844,16421521
2019-10-03,75.04000091552734,77.44000244140625,74.83999633789062,76.08000183105469,14159741
2019-10-04,76.5199966430664,78.36000061035156,75.23999786376953,76.04000091552734,9465651
2019-10-07,76.0,76.80000305175781,74.4000015258789,75.72000122070312,7354740
2019-10-09,75.72000122070312,76.76000213623047,74.31999969482422,75.68000030517578,11800090
2019-10-10,75.55999755859375,76.5199966430664,73.68000030517578,74.08000183105469,12134641
2019-10-11,74.12000274658203,74.63999938964844,72.36000061035156,73.19999694824219,10486337
2019-10-14,73.23999786376953,76.87999725341797,73.23999786376953,74.76000213623047,13416506
2019-10-15,75.12000274658203,75.87999725341797,73.68000030517578,75.4000015258789,6594131
2019-10-16,75.68000030517578,77.0,75.27999877929688,76.80000305175781,10729671
2019-10-17,76.80000305175781,77.12000274658203,74.5199966430664,76.12000274658203,8531208
2019-10-18,76.16000366210938,78.80000305175781,75.91999816894531,78.4800033569336,9270585
2019-10-22,78.55999755859375,82.5199966430664,78.23999786376953,81.19999694824219,12453230
2019-10-23,81.08000183105469,84.5199966430664,79.5999984741211,83.55999755859375,11629276
2019-10-24,84.0,84.31999969482422,82.5199966430664,83.55999755859375,8934300
2019-10-25,84.0,85.27999877929688,82.44000244140625,84.87999725341797,6899763
2019-10-27,85.5999984741211,85.5999984741211,84.0,84.4800033569336,566785
2019-10-29,84.4800033569336,86.31999969482422,83.27999877929688,85.68000030517578,6252262
2019-10-30,85.72000122070312,86.76000213623047,84.4000015258789,85.4000015258789,5491741
2019-10-31,85.5199966430664,88.19999694824219,84.63999938964844,87.31999969482422,10109150
2019-11-01,87.19999694824219,89.68000030517578,86.5199966430664,88.87999725341797,6859872
2019-11-04,89.27999877929688,91.16000366210938,89.19999694824219,89.91999816894531,7682332
2019-11-05,90.0,90.5999984741211,88.04000091552734,89.5199966430664,5843188
2019-11-06,88.19999694824219,89.55999755859375,87.23999786376953,88.80000305175781,8319710
2019-11-07,88.83999633789062,92.0,88.63999938964844,90.68000030517578,7799758
2019-11-08,90.83999633789062,91.12000274658203,88.5199966430664,88.83999633789062,5641167
2019-11-11,88.4000015258789,90.72000122070312,87.87999725341797,90.23999786376953,3529960
2019-11-13,90.4000015258789,90.87999725341797,88.23999786376953,88.44000244140625,5295206
2019-11-14,88.44000244140625,90.19999694824219,86.4800033569336,89.5199966430664,7814433
2019-11-15,89.19999694824219,89.87999725341797,87.80000305175781,88.91999816894531,3937020
2019-11-18,89.36000061035156,95.55999755859375,88.80000305175781,94.08000183105469,17755248
2019-11-19,94.55999755859375,95.55999755859375,93.44000244140625,94.76000213623047,8947187
2019-11-20,95.12000274658203,95.91999816894531,93.91999816894531,94.36000061035156,7117238
2019-11-21,94.0,94.16000366210938,91.04000091552734,91.91999816894531,4927298
2019-11-22,91.68000030517578,95.04000091552734,91.5199966430664,94.5999984741211,6898756
2019-11-25,94.80000305175781,95.72000122070312,93.68000030517578,94.76000213623047,5003397
2019-11-26,95.16000366210938,95.27999877929688,92.0,93.44000244140625,5290918
2019-11-27,93.55999755859375,93.55999755859375,90.4000015258789,92.08000183105469,6659705
2019-11-28,92.04000091552734,93.95999908447266,91.0,93.5199966430664,4986010
2019-11-29,93.44000244140625,93.80000305175781,90.95999908447266,91.5999984741211,4221490
2019-12-02,91.91999816894531,92.12000274658203,89.91999816894531,90.87999725341797,6223376
2019-12-03,90.19999694824219,91.4800033569336,89.87999725341797,91.08000183105469,6948211
2019-12-04,90.4000015258789,92.12000274658203,90.04000091552734,91.63999938964844,4437392
2019-12-05,91.5999984741211,93.5999984741211,90.95999908447266,91.91999816894531,6360261
2019-12-06,91.83999633789062,92.55999755859375,85.76000213623047,87.87999725341797,14024118
2019-12-09,87.4000015258789,90.44000244140625,86.4000015258789,89.31999969482422,7672747
2019-12-10,89.31999969482422,90.4000015258789,88.44000244140625,89.19999694824219,3499912
2019-12-11,89.19999694824219,91.5999984741211,88.80000305175781,91.36000061035156,3649783
2019-12-12,91.4000015258789,92.63999938964844,90.63999938964844,92.4000015258789,6099033
2019-12-13,92.80000305175781,93.19999694824219,91.5999984741211,92.4000015258789,4281647
2019-12-16,92.0,92.80000305175781,91.44000244140625,91.76000213623047,3417291
2019-12-17,91.27999877929688,92.16000366210938,90.5999984741211,91.80000305175781,5191983
2019-12-18,91.76000213623047,92.4800033569336,89.91999816894531,90.63999938964844,2772648
2019-12-19,90.4800033569336,91.5999984741211,89.83999633789062,90.68000030517578,1718648
2019-12-20,90.5199966430664,91.4800033569336,90.23999786376953,90.63999938964844,2838531
2019-12-23,90.4000015258789,91.16000366210938,89.12000274658203,89.4800033569336,3620336
2019-12-24,89.5199966430664,90.5199966430664,89.31999969482422,89.55999755859375,3467688
2019-12-26,89.55999755859375,90.12000274658203,88.63999938964844,88.87999725341797,6043163
2019-12-27,89.19999694824219,92.76000213623047,89.0,92.04000091552734,6604705
2019-12-30,92.23999786376953,92.4800033569336,90.4000015258789,91.36000061035156,2268883
2019-12-31,91.5199966430664,95.04000091552734,90.08000183105469,94.31999969482422,18634758
2020-01-01,94.12000274658203,95.08000183105469,93.80000305175781,94.72000122070312,5303993
2020-01-02,94.95999908447266,96.23999786376953,94.4800033569336,95.87999725341797,3532470
2020-01-03,95.63999938964844,97.0,94.4800033569336,95.0,4023042
2020-01-06,93.83999633789062,94.4800033569336,89.44000244140625,90.31999969482422,6095156
2020-01-07,91.19999694824219,95.04000091552734,91.19999694824219,93.55999755859375,6868918
2020-01-08,91.27999877929688,93.27999877929688,90.87999725341797,92.83999633789062,4670546
2020-01-09,93.76000213623047,95.91999816894531,93.31999969482422,95.5999984741211,4195928
2020-01-10,96.0,98.23999786376953,95.68000030517578,97.31999969482422,5908780
2020-01-13,97.87999725341797,100.31999969482422,97.4800033569336,100.0,7479786
2020-01-14,99.95999908447266,99.95999908447266,97.80000305175781,98.19999694824219,4173391
2020-01-15,98.31999969482422,100.4000015258789,96.95999908447266,99.72000122070312,5571898
2020-01-16,99.72000122070312,100.04000091552734,97.76000213623047,98.68000030517578,2526996
2020-01-17,98.4000015258789,98.72000122070312,97.27999877929688,97.55999755859375,2376240
2020-01-20,93.55999755859375,93.83999633789062,89.36000061035156,89.87999725341797,20355078
2020-01-21,89.68000030517578,90.12000274658203,84.95999908447266,85.31999969482422,17281817
2020-01-22,85.4800033569336,89.5199966430664,83.08000183105469,87.08000183105469,55396931
2020-01-23,87.19999694824219,92.91999816894531,86.4800033569336,90.4800033569336,117047862
2020-01-24,92.44000244140625,94.68000030517578,91.36000061035156,93.08000183105469,17205997
2020-01-27,92.36000061035156,94.95999908447266,92.0,92.68000030517578,8428286
2020-01-28,93.04000091552734,93.91999816894531,89.5199966430664,92.80000305175781,14436988
2020-01-29,93.36000061035156,95.5999984741211,93.27999877929688,94.4800033569336,14457568
2020-01-30,94.80000305175781,96.23999786376953,93.23999786376953,95.5999984741211,13260225
2020-01-31,96.0,96.16000366210938,91.80000305175781,93.31999969482422,11819966
2020-02-03,88.36000061035156,91.68000030517578,86.68000030517578,91.16000366210938,7970361
2020-02-04,92.0,93.5999984741211,91.68000030517578,92.83999633789062,5882866
2020-02-05,93.83999633789062,99.63999938964844,93.83999633789062,98.31999969482422,17587030
2020-02-06,98.91999816894531,99.5999984741211,97.36000061035156,98.95999908447266,9040215
2020-02-07,98.36000061035156,100.80000305175781,98.08000183105469,100.27999877929688,8022180
2020-02-10,100.5199966430664,102.0,99.87999725341797,100.5999984741211,7633955
2020-02-11,101.31999969482422,102.4000015258789,99.4000015258789,100.27999877929688,5772480
2020-02-12,99.5999984741211,101.87999725341797,97.31999969482422,101.31999969482422,20897085
2020-02-13,101.19999694824219,101.76000213623047,97.68000030517578,100.83999633789062,17967361
2020-02-14,101.12000274658203,104.55999755859375,100.80000305175781,101.31999969482422,17472148
2020-02-17,101.91999816894531,104.12000274658203,100.5199966430664,101.16000366210938,9984415
2020-02-18,100.83999633789062,102.5999984741211,98.5199966430664,102.12000274658203,8987817
2020-02-19,102.80000305175781,104.4800033569336,101.80000305175781,103.68000030517578,7014566
2020-02-20,103.4000015258789,106.72000122070312,102.68000030517578,105.80000305175781,10927207
2020-02-24,105.31999969482422,106.5199966430664,103.19999694824219,103.5199966430664,7594113
2020-02-25,104.0,104.76000213623047,101.95999908447266,103.08000183105469,5362185
2020-02-26,102.31999969482422,104.19999694824219,101.4000015258789,101.76000213623047,8984063
2020-02-27,101.95999908447266,102.27999877929688,97.76000213623047,100.08000183105469,15337908
2020-02-28,89.5999984741211,89.5999984741211,86.91999816894531,87.55999755859375,23459037
2020-03-02,88.16000366210938,91.44000244140625,88.08000183105469,89.27999877929688,14195683
2020-03-03,89.76000213623047,91.87999725341797,88.27999877929688,90.5999984741211,21216558
2020-03-04,90.5999984741211,91.68000030517578,88.83999633789062,90.83999633789062,11307250
2020-03-05,91.19999694824219,92.4000015258789,90.16000366210938,90.44000244140625,6124545
2020-03-06,87.19999694824219,89.68000030517578,86.4000015258789,88.4000015258789,9508072
2020-03-09,85.5999984741211,86.68000030517578,82.16000366210938,83.44000244140625,7412792
2020-03-11,82.4000015258789,85.0,81.5999984741211,82.23999786376953,9161980
2020-03-12,78.4000015258789,79.08000183105469,69.19999694824219,72.31999969482422,9516838
2020-03-13,67.5999984741211,83.16000366210938,66.23999786376953,81.95999908447266,16095891
2020-03-16,77.16000366210938,78.0,73.16000366210938,73.83999633789062,5490510
2020-03-17,74.08000183105469,79.36000061035156,71.44000244140625,72.19999694824219,11116787
2020-03-18,73.91999816894531,76.23999786376953,70.4800033569336,74.87999725341797,11171212
2020-03-19,72.0,75.4800033569336,67.44000244140625,71.27999877929688,9594380
2020-03-20,73.12000274658203,75.83999633789062,70.5199966430664,73.4000015258789,7405203
2020-03-23,67.5999984741211,69.19999694824219,62.79999923706055,65.12000274658203,5521882
2020-03-24,67.5199966430664,69.44000244140625,63.0,63.599998474121094,8177965
2020-03-25,63.959999084472656,69.5199966430664,63.20000076293945,69.0,5846963
2020-03-26,68.83999633789062,75.36000061035156,66.4000015258789,73.91999816894531,8468902
2020-03-27,74.31999969482422,77.4000015258789,69.08000183105469,70.5999984741211,6223511
2020-03-30,70.23999786376953,74.04000091552734,68.12000274658203,71.0,4595891
2020-03-31,72.80000305175781,75.4000015258789,71.68000030517578,73.55999755859375,4086928
2020-04-01,73.27999877929688,75.36000061035156,70.23999786376953,71.12000274658203,6504887
2020-04-03,71.44000244140625,72.31999969482422,68.55999755859375,69.0,3943477
2020-04-07,71.19999694824219,72.31999969482422,69.19999694824219,71.5199966430664,4885786
2020-04-08,71.19999694824219,75.72000122070312,70.4000015258789,72.87999725341797,6132768
2020-04-09,73.19999694824219,74.27999877929688,71.27999877929688,72.55999755859375,5280382
2020-04-13,72.80000305175781,73.12000274658203,69.4800033569336,70.63999938964844,4316855
2020-04-15,70.80000305175781,73.44000244140625,69.36000061035156,70.76000213623047,9930547
2020-04-16,70.4000015258789,72.95999908447266,69.5999984741211,71.91999816894531,6243677
2020-04-17,73.4800033569336,78.23999786376953,72.91999816894531,74.91999816894531,14027352
2020-04-20,75.68000030517578,76.0,70.95999908447266,71.44000244140625,8452156
2020-04-21,70.36000061035156,71.08000183105469,69.08000183105469,69.95999908447266,4332130
2020-04-22,69.87999725341797,70.16000366210938,68.23999786376953,69.68000030517578,5905476
2020-04-23,70.4000015258789,74.0,70.08000183105469,73.44000244140625,6897475
2020-04-24,72.55999755859375,75.4800033569336,71.68000030517578,72.83999633789062,9985175
2020-04-27,73.19999694824219,74.12000274658203,72.16000366210938,73.5199966430664,4450320
2020-04-28,73.27999877929688,74.27999877929688,72.16000366210938,72.5999984741211,4802807
2020-04-29,73.5999984741211,77.91999816894531,73.12000274658203,75.87999725341797,16515952
2020-04-30,76.68000030517578,77.27999877929688,74.4800033569336,76.31999969482422,8754215
2020-05-04,74.55999755859375,74.55999755859375,72.08000183105469,73.04000091552734,4532360
2020-05-05,73.55999755859375,75.08000183105469,72.27999877929688,72.55999755859375,9370330
2020-05-06,72.55999755859375,73.12000274658203,70.72000122070312,71.91999816894531,7157601
2020-05-07,71.5999984741211,72.5999984741211,69.5999984741211,69.87999725341797,5791850
2020-05-08,70.44000244140625,71.08000183105469,66.68000030517578,67.23999786376953,9141560
2020-05-11,67.91999816894531,68.91999816894531,65.5999984741211,67.23999786376953,9589390
2020-05-12,66.5999984741211,66.91999816894531,65.31999969482422,66.16000366210938,5966771
2020-05-13,70.4000015258789,73.76000213623047,67.76000213623047,71.72000122070312,22941207
2020-05-14,72.0,74.16000366210938,68.23999786376953,68.63999938964844,16849561
2020-05-15,68.16000366210938,69.27999877929688,67.19999694824219,67.31999969482422,8301021
2020-05-18,67.31999969482422,67.76000213623047,64.23999786376953,65.0,7322028
2020-05-19,66.16000366210938,66.27999877929688,63.599998474121094,64.23999786376953,6274186
2020-05-20,64.55999755859375,65.27999877929688,63.84000015258789,64.80000305175781,6527758
2020-05-21,64.95999908447266,65.12000274658203,63.08000183105469,63.279998779296875,6752890
2020-05-22,62.400001525878906,62.7599983215332,59.7599983215332,59.880001068115234,12807022
2020-05-26,60.08000183105469,60.959999084472656,59.63999938964844,60.08000183105469,4742688
2020-05-27,60.720001220703125,61.720001220703125,59.31999969482422,61.52000045776367,11287075
2020-05-28,61.20000076293945,62.52000045776367,60.52000045776367,61.84000015258789,8116477
2020-05-29,61.20000076293945,63.52000045776367,59.47999954223633,60.15999984741211,33125196
2020-06-01,60.959999084472656,66.36000061035156,60.68000030517578,65.36000061035156,28628881
2020-06-02,66.0,67.36000061035156,65.12000274658203,66.0,10511178
2020-06-03,66.16000366210938,67.91999816894531,65.04000091552734,65.55999755859375,14909805
2020-06-04,65.80000305175781,66.5999984741211,64.36000061035156,64.5999984741211,6133202
2020-06-05,64.80000305175781,69.76000213623047,64.80000305175781,68.83999633789062,17661327
2020-06-08,70.19999694824219,71.55999755859375,67.95999908447266,68.4800033569336,13917910
2020-06-09,69.19999694824219,69.36000061035156,66.0,66.27999877929688,11587231
2020-06-10,66.72000122070312,68.63999938964844,65.23999786376953,68.31999969482422,12758053
2020-06-11,68.4000015258789,69.5999984741211,65.95999908447266,66.27999877929688,14394180
2020-06-12,64.0,67.19999694824219,63.52000045776367,66.87999725341797,13823545
2020-06-15,66.80000305175781,67.4800033569336,65.4000015258789,66.08000183105469,11479062
2020-06-16,67.16000366210938,69.31999969482422,65.36000061035156,66.23999786376953,15252287
2020-06-17,65.76000213623047,68.63999938964844,65.04000091552734,67.0,15890147
2020-06-18,66.72000122070312,68.68000030517578,66.08000183105469,68.4800033569336,12077582
2020-06-19,69.19999694824219,69.4800033569336,67.83999633789062,68.16000366210938,11273723
2020-06-22,68.80000305175781,73.04000091552734,68.31999969482422,72.4800033569336,26207031
2020-06-23,73.08000183105469,73.19999694824219,71.19999694824219,71.36000061035156,12371377
2020-06-24,72.0,73.55999755859375,69.5999984741211,70.36000061035156,13125765
2020-06-25,69.36000061035156,73.36000061035156,69.12000274658203,72.0,16950897
2020-06-26,72.95999908447266,73.27999877929688,71.31999969482422,72.08000183105469,6951456
2020-06-29,71.83999633789062,71.87999725341797,69.31999969482422,69.72000122070312,4544515
2020-06-30,70.16000366210938,70.80000305175781,66.31999969482422,67.19999694824219,13729605
2020-07-01,67.72000122070312,68.4000015258789,66.83999633789062,67.72000122070312,6568666
2020-07-02,68.55999755859375,68.72000122070312,67.4800033569336,68.0,5058703
2020-07-03,68.55999755859375,68.68000030517578,67.08000183105469,67.36000061035156,5710292
2020-07-06,67.63999938964844,70.80000305175781,67.44000244140625,70.16000366210938,23953883
2020-07-07,70.16000366210938,70.36000061035156,68.31999969482422,68.5199966430664,9384930
2020-07-08,68.80000305175781,69.36000061035156,67.44000244140625,67.5999984741211,11891820
2020-07-09,68.23999786376953,68.72000122070312,67.27999877929688,67.72000122070312,6154740
2020-07-10,67.72000122070312,67.87999725341797,66.16000366210938,66.87999725341797,7445855
2020-07-13,67.31999969482422,67.63999938964844,65.87999725341797,66.72000122070312,5786588
2020-07-14,67.12000274658203,67.16000366210938,64.19999694824219,64.44000244140625,12342120
2020-07-15,65.12000274658203,65.76000213623047,63.20000076293945,63.63999938964844,10024746
2020-07-16,63.959999084472656,65.27999877929688,63.08000183105469,65.0,6593393
2020-07-17,65.19999694824219,66.0,65.04000091552734,65.5999984741211,6437395
2020-07-20,66.23999786376953,66.91999816894531,65.91999816894531,66.19999694824219,5107735
2020-07-21,67.04000091552734,68.4000015258789,65.95999908447266,68.16000366210938,12010045
2020-07-22,68.5999984741211,69.19999694824219,67.19999694824219,67.95999908447266,10436367
2020-07-23,68.0,68.4800033569336,67.5199966430664,67.87999725341797,3743685
2020-07-24,67.5199966430664,67.80000305175781,65.68000030517578,66.16000366210938,6053361
2020-07-27,65.87999725341797,66.4800033569336,64.80000305175781,65.12000274658203,4716915
2020-07-28,65.19999694824219,65.87999725341797,64.23999786376953,65.04000091552734,6185062
2020-07-29,65.36000061035156,68.83999633789062,64.55999755859375,66.95999908447266,16496266
2020-07-30,67.16000366210938,68.16000366210938,64.87999725341797,65.63999938964844,7705930
2020-07-31,66.0,66.12000274658203,64.55999755859375,64.68000030517578,6449801
2020-08-03,64.80000305175781,65.80000305175781,64.44000244140625,64.83999633789062,5709331
2020-08-04,65.44000244140625,66.0,64.80000305175781,65.0,3714768
2020-08-05,65.19999694824219,66.68000030517578,65.16000366210938,66.19999694824219,7675186
2020-08-06,66.4000015258789,69.44000244140625,66.16000366210938,69.0,15970110
2020-08-07,69.4000015258789,70.31999969482422,67.95999908447266,68.36000061035156,9393202
2020-08-10,70.27999877929688,71.95999908447266,69.4000015258789,71.5999984741211,13290125
2020-08-11,71.68000030517578,73.08000183105469,71.16000366210938,72.04000091552734,17494066
2020-08-12,71.80000305175781,73.5199966430664,70.80000305175781,73.31999969482422,11384441
2020-08-13,73.63999938964844,77.31999969482422,71.31999969482422,76.27999877929688,30437287
2020-08-14,76.76000213623047,76.80000305175781,72.36000061035156,73.0,18635635
2020-08-17,73.68000030517578,75.31999969482422,72.63999938964844,74.63999938964844,8472501
2020-08-18,74.95999908447266,75.4000015258789,74.19999694824219,74.87999725341797,5412387
2020-08-19,74.87999725341797,78.44000244140625,74.87999725341797,77.5199966430664,24367345
2020-08-20,77.12000274658203,83.16000366210938,76.5999984741211,81.19999694824219,28451017
2020-08-21,82.0,82.76000213623047,80.23999786376953,80.83999633789062,10664475
2020-08-24,81.55999755859375,81.87999725341797,78.0,78.36000061035156,10314445
2020-08-25,78.83999633789062,81.80000305175781,77.68000030517578,79.19999694824219,15553061
2020-08-26,79.80000305175781,80.87999725341797,78.80000305175781,79.19999694824219,10382601
2020-08-27,79.19999694824219,80.31999969482422,77.23999786376953,78.0,10388986
2020-08-28,78.23999786376953,80.91999816894531,78.12000274658203,78.55999755859375,16920420
2020-08-31,79.19999694824219,79.91999816894531,74.5199966430664,75.23999786376953,12548590
2020-09-01,76.0,78.4000015258789,75.63999938964844,77.87999725341797,8692642
2020-09-02,78.27999877929688,78.27999877929688,75.36000061035156,77.4000015258789,8372340
2020-09-03,77.4000015258789,78.4000015258789,76.31999969482422,76.72000122070312,4289973
2020-09-04,75.76000213623047,77.27999877929688,73.76000213623047,74.0,11338607
2020-09-07,74.36000061035156,74.80000305175781,73.04000091552734,73.83999633789062,6599178
2020-09-08,74.12000274658203,74.23999786376953,71.4800033569336,71.87999725341797,5909365
2020-09-09,71.19999694824219,72.0,69.91999816894531,71.4800033569336,9805421
2020-09-10,72.0,73.44000244140625,71.0,73.04000091552734,7016660
2020-09-11,72.95999908447266,74.16000366210938,72.5199966430664,73.72000122070312,6849465
2020-09-14,75.19999694824219,75.4000015258789,73.23999786376953,73.68000030517578,9517497
2020-09-15,73.68000030517578,74.68000030517578,73.68000030517578,74.36000061035156,5522826
2020-09-16,74.5999984741211,76.16000366210938,74.4000015258789,75.80000305175781,9203620
2020-09-17,75.55999755859375,76.76000213623047,74.91999816894531,75.76000213623047,8104343
2020-09-18,76.36000061035156,76.36000061035156,73.76000213623047,74.72000122070312,10443563
2020-09-21,75.19999694824219,75.19999694824219,70.27999877929688,70.80000305175781,10563632
2020-09-22,70.80000305175781,71.04000091552734,68.72000122070312,69.87999725341797,11949425
2020-09-23,70.4000015258789,70.68000030517578,68.08000183105469,68.95999908447266,8032032
2020-09-24,68.0,68.76000213623047,65.63999938964844,66.04000091552734,7115633
2020-09-25,66.5999984741211,68.5999984741211,66.23999786376953,68.27999877929688,6375402
2020-09-28,69.27999877929688,71.5199966430664,68.4000015258789,70.36000061035156,6681312
2020-09-29,70.95999908447266,71.27999877929688,69.5999984741211,70.5999984741211,5956786
2020-09-30,70.91999816894531,71.0,68.72000122070312,68.95999908447266,5310755
2020-10-01,69.44000244140625,71.16000366210938,69.31999969482422,70.91999816894531,5006875
2020-10-05,71.19999694824219,72.36000061035156,69.44000244140625,69.83999633789062,5344245
2020-10-06,70.27999877929688,70.68000030517578,69.44000244140625,69.80000305175781,4464263
2020-10-07,69.91999816894531,70.12000274658203,68.83999633789062,69.12000274658203,3409547
2020-10-08,69.55999755859375,71.55999755859375,68.68000030517578,69.4800033569336,7598538
2020-10-09,69.44000244140625,71.0,69.23999786376953,69.5999984741211,5171280
2020-10-12,69.72000122070312,70.80000305175781,68.23999786376953,68.80000305175781,3991040
2020-10-13,68.80000305175781,68.80000305175781,67.08000183105469,67.5999984741211,5905245
2020-10-14,67.19999694824219,69.19999694824219,66.80000305175781,68.95999908447266,7101011
2020-10-15,68.4000015258789,69.5999984741211,67.4000015258789,67.76000213623047,4381616
2020-10-16,67.4800033569336,68.5999984741211,67.4000015258789,68.04000091552734,4197215
2020-10-19,68.4000015258789,70.08000183105469,67.83999633789062,69.80000305175781,7858851
2020-10-20,69.83999633789062,70.55999755859375,69.27999877929688,70.04000091552734,4414866
2020-10-21,70.08000183105469,71.27999877929688,69.4800033569336,70.72000122070312,5216613
2020-10-22,70.72000122070312,72.16000366210938,70.36000061035156,71.95999908447266,5926353
2020-10-23,72.12000274658203,72.72000122070312,71.68000030517578,72.0,3089208
2020-10-26,71.5999984741211,72.5199966430664,69.76000213623047,70.27999877929688,3991893
2020-10-27,70.4000015258789,71.36000061035156,68.72000122070312,70.80000305175781,4122196
2020-10-28,70.4800033569336,70.87999725341797,68.0,68.63999938964844,6323907
2020-10-29,68.0,68.83999633789062,67.5199966430664,68.16000366210938,3929663
2020-10-30,68.44000244140625,69.95999908447266,67.83999633789062,69.68000030517578,10181063
2020-11-02,70.27999877929688,73.68000030517578,69.55999755859375,73.08000183105469,9073832
2020-11-03,72.95999908447266,73.55999755859375,72.27999877929688,73.19999694824219,4089906
2020-11-04,72.76000213623047,73.44000244140625,71.72000122070312,72.91999816894531,4146027
2020-11-05,73.5199966430664,75.16000366210938,72.87999725341797,74.87999725341797,4962071
2020-11-06,75.0,77.80000305175781,74.4800033569336,76.55999755859375,10477305
2020-11-09,77.63999938964844,79.27999877929688,76.5199966430664,78.80000305175781,9971010
2020-11-10,78.95999908447266,79.76000213623047,77.19999694824219,78.36000061035156,11297522
2020-11-11,78.5199966430664,79.55999755859375,77.76000213623047,79.31999969482422,8598577
2020-11-12,79.4000015258789,81.44000244140625,78.44000244140625,80.87999725341797,11938667
2020-11-13,82.16000366210938,82.83999633789062,78.95999908447266,82.4000015258789,14680822
2020-11-14,82.4000015258789,83.04000091552734,81.63999938964844,82.0,1336501
2020-11-17,82.4800033569336,83.72000122070312,81.31999969482422,83.19999694824219,8868313
2020-11-18,82.55999755859375,84.63999938964844,82.31999969482422,83.63999938964844,7935951
2020-11-19,82.80000305175781,85.5199966430664,82.4800033569336,83.76000213623047,10325788
2020-11-20,83.91999816894531,84.4800033569336,82.23999786376953,82.80000305175781,7013365
2020-11-23,83.19999694824219,84.4000015258789,82.95999908447266,83.23999786376953,5812828
2020-11-24,83.5999984741211,84.44000244140625,82.91999816894531,83.80000305175781,8525200
2020-11-25,84.0,86.08000183105469,83.76000213623047,84.36000061035156,10749532
2020-11-26,84.4800033569336,87.76000213623047,84.04000091552734,87.27999877929688,15421326
2020-11-27,88.0,88.4000015258789,85.87999725341797,86.55999755859375,12670013
2020-12-01,87.04000091552734,87.4800033569336,85.55999755859375,87.08000183105469,5548787
2020-12-02,87.4000015258789,88.04000091552734,86.5999984741211,87.76000213623047,4898771
2020-12-03,87.76000213623047,92.80000305175781,87.68000030517578,91.55999755859375,13385242
2020-12-04,91.76000213623047,94.5999984741211,91.5199966430664,92.4000015258789,16896823
2020-12-07,93.12000274658203,94.72000122070312,92.08000183105469,94.44000244140625,6171183
2020-12-08,95.16000366210938,95.5999984741211,92.16000366210938,92.76000213623047,7265007
2020-12-09,93.31999969482422,98.27999877929688,93.0,94.72000122070312,21220306
2020-12-10,93.5999984741211,93.76000213623047,88.23999786376953,91.63999938964844,18517313
2020-12-11,92.0,95.27999877929688,91.91999816894531,93.87999725341797,9602640
2020-12-14,94.4800033569336,98.08000183105469,94.16000366210938,97.08000183105469,11986780
2020-12-15,96.4800033569336,97.27999877929688,94.31999969482422,96.72000122070312,8569621
2020-12-16,97.4800033569336,98.72000122070312,95.5999984741211,96.19999694824219,7142817
2020-12-17,96.0,96.72000122070312,94.4000015258789,94.76000213623047,4526148
2020-12-18,94.76000213623047,95.5199966430664,92.5199966430664,94.0,9869700
2020-12-21,93.55999755859375,94.04000091552734,84.5999984741211,88.16000366210938,9426968
2020-12-22,87.4800033569336,89.31999969482422,84.4800033569336,88.87999725341797,21368001
2020-12-23,89.76000213623047,92.19999694824219,88.83999633789062,90.83999633789062,8095772
2020-12-24,91.19999694824219,93.31999969482422,90.80000305175781,91.31999969482422,5620163
2020-12-28,92.0,94.12000274658203,91.55999755859375,93.4800033569336,4832227
2020-12-29,94.0,94.23999786376953,91.83999633789062,93.0,4600443
2020-12-30,92.80000305175781,93.16000366210938,90.87999725341797,91.63999938964844,4883026
2020-12-31,90.91999816894531,92.5199966430664,90.80000305175781,91.44000244140625,5647660
2021-01-01,91.83999633789062,92.80000305175781,91.27999877929688,92.04000091552734,4773375
2021-01-04,92.80000305175781,95.31999969482422,92.4000015258789,94.83999633789062,7029263
2021-01-05,94.4000015258789,95.55999755859375,93.19999694824219,94.87999725341797,7842203
2021-01-06,95.76000213623047,96.23999786376953,93.76000213623047,95.0,7309940
2021-01-07,96.0,96.87999725341797,94.95999908447266,95.44000244140625,6727071
2021-01-08,96.55999755859375,97.4800033569336,95.80000305175781,96.76000213623047,8423411
2021-01-11,97.4000015258789,97.5199966430664,94.72000122070312,95.80000305175781,5247801
2021-01-12,95.72000122070312,97.76000213623047,95.19999694824219,97.16000366210938,7341978
2021-01-13,98.23999786376953,98.5199966430664,94.80000305175781,96.87999725341797,6954795
2021-01-14,97.55999755859375,98.16000366210938,96.5199966430664,96.72000122070312,3574333
2021-01-15,97.19999694824219,99.5199966430664,96.0,97.12000274658203,13860241
2021-01-18,97.68000030517578,97.68000030517578,93.04000091552734,93.91999816894531,9514675
2021-01-19,94.31999969482422,98.23999786376953,94.31999969482422,97.83999633789062,9711963
2021-01-20,97.5999984741211,98.27999877929688,96.31999969482422,97.16000366210938,5340328
2021-01-21,97.55999755859375,97.91999816894531,94.4000015258789,94.95999908447266,5220681
2021-01-22,94.83999633789062,95.23999786376953,92.04000091552734,92.5199966430664,7414443
2021-01-25,92.91999816894531,93.5199966430664,90.04000091552734,91.4000015258789,6653710
2021-01-27,91.19999694824219,91.4000015258789,88.80000305175781,89.23999786376953,6376865
2021-01-28,88.0,89.55999755859375,87.12000274658203,88.08000183105469,9095290
2021-01-29,88.87999725341797,90.31999969482422,87.44000244140625,87.83999633789062,7342738
2021-02-01,88.95999908447266,93.68000030517578,86.76000213623047,93.12000274658203,8915563
2021-02-02,94.04000091552734,96.80000305175781,93.68000030517578,95.16000366210938,7340347
2021-02-03,96.19999694824219,100.76000213623047,95.04000091552734,99.95999908447266,13578550
2021-02-04,100.4000015258789,101.91999816894531,99.95999908447266,101.4800033569336,8767693
2021-02-05,102.19999694824219,105.76000213623047,100.31999969482422,100.91999816894531,15815107
2021-02-08,101.19999694824219,102.76000213623047,101.04000091552734,102.4800033569336,7555363
2021-02-09,102.4000015258789,102.80000305175781,100.16000366210938,100.76000213623047,6669290
2021-02-10,100.76000213623047,102.5999984741211,100.19999694824219,101.72000122070312,9913891
2021-02-11,101.68000030517578,102.72000122070312,100.87999725341797,102.0,7832261
2021-02-12,102.4000015258789,102.5199966430664,100.23999786376953,101.16000366210938,6086160
2021-02-15,101.72000122070312,105.5999984741211,101.31999969482422,104.87999725341797,14528595
2021-02-16,105.95999908447266,108.72000122070312,105.5199966430664,106.95999908447266,10657770
2021-02-17,106.36000061035156,107.0,103.63999938964844,104.0,8762018
2021-02-18,104.5999984741211,106.36000061035156,103.91999816894531,104.80000305175781,10356158
2021-02-19,105.19999694824219,105.36000061035156,98.4000015258789,99.44000244140625,11552552
2021-02-22,99.63999938964844,101.31999969482422,96.4800033569336,97.31999969482422,7100868
2021-02-23,97.5199966430664,99.5199966430664,95.80000305175781,97.44000244140625,7744253
2021-02-24,98.23999786376953,100.55999755859375,97.91999816894531,99.5199966430664,3874747
2021-02-25,100.4000015258789,104.76000213623047,99.80000305175781,103.80000305175781,13553315
2021-02-26,102.19999694824219,102.19999694824219,98.76000213623047,99.19999694824219,10754685
2021-03-01,100.31999969482422,102.0,98.55999755859375,101.4800033569336,9094408
2021-03-02,102.36000061035156,105.31999969482422,102.04000091552734,103.68000030517578,9406738
2021-03-03,104.0,107.4800033569336,103.63999938964844,106.83999633789062,9553838
2021-03-04,105.91999816894531,110.95999908447266,105.5999984741211,106.95999908447266,21832872
2021-03-05,106.36000061035156,106.36000061035156,101.95999908447266,102.83999633789062,11655626
2021-03-08,103.55999755859375,108.0,103.31999969482422,107.0,11965602
2021-03-09,108.23999786376953,108.63999938964844,104.80000305175781,105.95999908447266,9034031
2021-03-10,106.87999725341797,108.36000061035156,106.4000015258789,107.5199966430664,6480653
2021-03-12,109.0,112.4000015258789,107.5999984741211,110.16000366210938,32011162
2021-03-15,111.76000213623047,112.08000183105469,107.5999984741211,109.4800033569336,20055378
2021-03-16,110.4000015258789,111.72000122070312,109.76000213623047,111.12000274658203,10440081
2021-03-17,111.5999984741211,111.91999816894531,108.0,108.55999755859375,10219120
2021-03-18,109.55999755859375,111.04000091552734,104.27999877929688,105.5999984741211,18335585
2021-03-19,98.4000015258789,99.72000122070312,95.55999755859375,98.80000305175781,32894595
2021-03-22,98.80000305175781,99.55999755859375,96.83999633789062,97.16000366210938,6339217
2021-03-23,97.19999694824219,98.16000366210938,94.4000015258789,96.4800033569336,14918430
2021-03-24,95.55999755859375,96.72000122070312,93.19999694824219,93.4800033569336,10959025
2021-03-25,93.16000366210938,93.68000030517578,90.16000366210938,90.87999725341797,10610125
2021-03-26,91.19999694824219,93.31999969482422,91.0,91.63999938964844,11771360
2021-03-30,93.12000274658203,93.12000274658203,88.16000366210938,88.87999725341797,15827626
2021-03-31,89.19999694824219,91.87999725341797,88.95999908447266,91.0,8420960
2021-04-01,91.68000030517578,91.83999633789062,90.76000213623047,91.5199966430664,5493510
2021-04-05,91.19999694824219,91.4800033569336,87.76000213623047,89.16000366210938,13123485
2021-04-06,89.4800033569336,92.5999984741211,88.83999633789062,91.4800033569336,12535383
2021-04-07,91.44000244140625,93.72000122070312,91.19999694824219,93.23999786376953,8260280
2021-04-08,93.44000244140625,95.16000366210938,91.80000305175781,92.12000274658203,10589318
2021-04-09,92.16000366210938,93.44000244140625,90.55999755859375,91.12000274658203,6777983
2021-04-12,89.5999984741211,89.5999984741211,83.27999877929688,83.80000305175781,16140737
2021-04-13,85.12000274658203,88.23999786376953,84.04000091552734,87.95999908447266,7915188
2021-04-15,86.4000015258789,89.27999877929688,86.4000015258789,87.55999755859375,7988110
2021-04-16,87.4800033569336,88.0,86.80000305175781,87.27999877929688,3785395
2021-04-19,84.72000122070312,85.12000274658203,83.5199966430664,84.08000183105469,3943238
2021-04-20,85.19999694824219,86.63999938964844,83.80000305175781,84.44000244140625,3241082
2021-04-22,83.68000030517578,85.5199966430664,83.68000030517578,85.12000274658203,3407792
2021-04-23,84.76000213623047,86.87999725341797,84.55999755859375,85.44000244140625,4144846
2021-04-26,85.76000213623047,86.4000015258789,85.27999877929688,85.55999755859375,3753260
2021-04-27,85.95999908447266,87.08000183105469,84.72000122070312,86.80000305175781,8512015
2021-04-28,87.55999755859375,87.55999755859375,86.12000274658203,86.36000061035156,5183063
2021-04-29,87.44000244140625,88.44000244140625,85.5199966430664,85.72000122070312,6833430
2021-04-30,84.83999633789062,88.5199966430664,84.5199966430664,86.72000122070312,8686218
2021-05-03,86.4000015258789,86.5999984741211,84.87999725341797,85.55999755859375,5688356
2021-05-04,85.80000305175781,89.4000015258789,85.55999755859375,86.23999786376953,15577337
2021-05-05,86.91999816894531,88.0,86.5999984741211,87.31999969482422,6123853
2021-05-06,87.83999633789062,88.36000061035156,86.87999725341797,87.08000183105469,6547287
2021-05-07,87.83999633789062,89.44000244140625,87.27999877929688,88.72000122070312,6588607
2021-05-10,89.4800033569336,91.83999633789062,88.87999725341797,91.4800033569336,8595907
2021-05-11,90.31999969482422,93.95999908447266,89.83999633789062,93.5999984741211,13970076
2021-05-12,94.5199966430664,95.4000015258789,91.5999984741211,92.19999694824219,9602901
2021-05-14,93.0,93.68000030517578,90.55999755859375,90.76000213623047,5807063
2021-05-17,91.91999816894531,92.76000213623047,90.80000305175781,92.4800033569336,6512163
2021-05-18,93.23999786376953,94.5999984741211,92.80000305175781,93.12000274658203,5530185
2021-05-19,93.04000091552734,94.55999755859375,92.55999755859375,93.16000366210938,4018376
2021-05-20,93.95999908447266,94.27999877929688,92.0,93.5999984741211,6714203
2021-05-21,94.4000015258789,96.19999694824219,94.23999786376953,95.08000183105469,13717878
2021-05-24,95.55999755859375,96.4000015258789,95.19999694824219,95.4800033569336,5159137
2021-05-25,96.0,96.27999877929688,94.91999816894531,95.16000366210938,3692022
2021-05-26,95.55999755859375,95.5999984741211,94.31999969482422,94.4000015258789,3259305
2021-05-27,94.76000213623047,94.76000213623047,93.0,93.68000030517578,13366623
2021-05-28,94.72000122070312,97.4800033569336,94.04000091552734,96.4000015258789,13619533
2021-05-31,96.87999725341797,97.4000015258789,96.0,96.23999786376953,5898113
2021-06-01,96.31999969482422,97.0,94.55999755859375,95.31999969482422,3864220
2021-06-02,95.55999755859375,97.4800033569336,95.55999755859375,97.27999877929688,4904852
2021-06-03,97.4000015258789,97.83999633789062,96.16000366210938,96.5999984741211,3443408
2021-06-04,96.80000305175781,99.08000183105469,96.63999938964844,97.76000213623047,8739158
2021-06-07,98.36000061035156,100.80000305175781,97.19999694824219,100.5999984741211,10492131
2021-06-08,100.91999816894531,101.55999755859375,99.4000015258789,99.80000305175781,9890256
2021-06-09,100.12000274658203,106.4000015258789,99.5999984741211,103.5199966430664,30709618
2021-06-10,104.16000366210938,105.4800033569336,102.4800033569336,104.5999984741211,13387805
2021-06-11,105.83999633789062,106.19999694824219,103.72000122070312,104.4000015258789,6998777
2021-06-14,104.72000122070312,104.72000122070312,100.80000305175781,103.63999938964844,5913466
2021-06-15,104.0,106.31999969482422,102.0,102.27999877929688,20101736
2021-06-16,103.19999694824219,106.31999969482422,102.87999725341797,103.4000015258789,23361322
2021-06-17,102.95999908447266,102.95999908447266,101.12000274658203,101.5999984741211,10192453
2021-06-18,101.76000213623047,102.27999877929688,98.44000244140625,99.4800033569336,16223613
2021-06-21,98.44000244140625,99.80000305175781,97.91999816894531,99.5199966430664,7503727
2021-06-22,100.4000015258789,100.95999908447266,98.80000305175781,98.95999908447266,6278636
2021-06-23,99.63999938964844,101.0,98.36000061035156,98.5199966430664,7615723
2021-06-24,98.80000305175781,99.08000183105469,97.23999786376953,98.0,6541807
2021-06-25,99.19999694824219,99.4000015258789,97.80000305175781,98.80000305175781,3360660
2021-06-28,99.36000061035156,100.68000030517578,98.72000122070312,99.31999969482422,7278011
2021-06-29,99.5199966430664,100.27999877929688,98.80000305175781,99.23999786376953,4777448
2021-06-30,99.5199966430664,104.23999786376953,98.08000183105469,103.04000091552734,34196573
2021-07-01,103.5999984741211,103.63999938964844,97.19999694824219,97.55999755859375,28813646
2021-07-02,97.95999908447266,98.4000015258789,96.4800033569336,96.83999633789062,6938495
2021-07-05,97.5199966430664,98.76000213623047,97.0,98.5199966430664,7521745
2021-07-06,98.5199966430664,99.27999877929688,97.04000091552734,97.19999694824219,4169183
2021-07-07,97.80000305175781,97.80000305175781,96.4800033569336,97.4000015258789,3022717
2021-07-08,97.4000015258789,99.16000366210938,96.63999938964844,97.12000274658203,4457192
2021-07-09,97.27999877929688,97.5199966430664,96.4000015258789,97.31999969482422,5732168
2021-07-12,98.16000366210938,99.83999633789062,97.87999725341797,98.80000305175781,6308296
2021-07-13,99.12000274658203,99.68000030517578,98.80000305175781,99.4000015258789,3567562
2021-07-14,99.5199966430664,100.36000061035156,98.72000122070312,99.12000274658203,3029701
2021-07-15,99.12000274658203,101.91999816894531,98.95999908447266,100.55999755859375,9950891
2021-07-16,101.0,102.44000244140625,99.80000305175781,102.04000091552734,7178616
2021-07-19,101.5999984741211,104.16000366210938,100.4000015258789,101.68000030517578,10691788
2021-07-20,101.31999969482422,102.80000305175781,100.08000183105469,102.04000091552734,8934925
2021-07-22,102.36000061035156,103.87999725341797,102.31999969482422,103.08000183105469,7174287
2021-07-23,103.44000244140625,103.80000305175781,102.5199966430664,102.76000213623047,4504678
2021-07-26,102.72000122070312,103.19999694824219,101.68000030517578,102.23999786376953,2716888
2021-07-27,102.31999969482422,102.5999984741211,98.80000305175781,99.08000183105469,4756245
2021-07-28,99.16000366210938,101.4800033569336,98.12000274658203,100.44000244140625,7350438
2021-07-29,100.91999816894531,102.68000030517578,100.5199966430664,102.08000183105469,4151460
2021-07-30,101.87999725341797,105.5199966430664,101.87999725341797,103.95999908447266,9487957
2021-08-02,104.80000305175781,107.19999694824219,104.08000183105469,106.87999725341797,12187708
2021-08-03,107.16000366210938,107.91999816894531,105.12000274658203,105.5999984741211,7285256
2021-08-04,106.27999877929688,106.55999755859375,104.0,104.63999938964844,4678216
2021-08-05,104.44000244140625,106.36000061035156,102.76000213623047,105.4000015258789,7951622
2021-08-06,104.80000305175781,108.55999755859375,104.80000305175781,106.83999633789062,14578285
2021-08-09,106.83999633789062,107.68000030517578,104.55999755859375,105.12000274658203,3627888
2021-08-10,105.5999984741211,106.4800033569336,102.0,102.63999938964844,6318270
2021-08-11,102.87999725341797,103.55999755859375,100.04000091552734,103.12000274658203,5097753
2021-08-12,103.44000244140625,105.91999816894531,102.91999816894531,103.72000122070312,12384273
2021-08-13,104.68000030517578,104.68000030517578,101.76000213623047,102.68000030517578,8519075
2021-08-16,102.4000015258789,105.95999908447266,102.4000015258789,105.76000213623047,8823966
2021-08-17,105.72000122070312,105.72000122070312,102.08000183105469,102.83999633789062,5927247
2021-08-18,103.19999694824219,104.4800033569336,102.4000015258789,102.55999755859375,3960503
2021-08-20,101.5999984741211,102.76000213623047,99.23999786376953,99.5199966430664,5047470
2021-08-23,100.0,101.36000061035156,97.83999633789062,98.5199966430664,6366702
2021-08-24,98.5199966430664,100.55999755859375,98.27999877929688,100.19999694824219,3020803
2021-08-25,100.0,101.72000122070312,99.80000305175781,100.68000030517578,3471362
2021-08-26,100.68000030517578,101.44000244140625,99.27999877929688,99.72000122070312,3321740
2021-08-27,99.80000305175781,101.44000244140625,99.80000305175781,101.04000091552734,2852005
2021-08-30,101.91999816894531,104.63999938964844,101.5999984741211,103.83999633789062,6116966
2021-08-31,101.83999633789062,103.80000305175781,101.83999633789062,103.23999786376953,5871491
2021-09-01,103.27999877929688,104.16000366210938,102.23999786376953,103.44000244140625,5188365
2021-09-02,103.19999694824219,103.91999816894531,102.04000091552734,102.63999938964844,2914165
2021-09-03,102.80000305175781,104.5999984741211,102.31999969482422,102.83999633789062,3714065
2021-09-06,103.23999786376953,103.83999633789062,102.12000274658203,102.68000030517578,4920148
2021-09-07,102.68000030517578,103.0,100.63999938964844,102.04000091552734,3504477
2021-09-08,102.16000366210938,106.36000061035156,101.4800033569336,105.76000213623047,8769730
2021-09-09,106.23999786376953,109.5199966430664,105.76000213623047,108.16000366210938,15625476
2021-09-13,108.0,111.72000122070312,106.87999725341797,110.95999908447266,14745376
2021-09-14,111.19999694824219,112.4800033569336,110.16000366210938,110.5999984741211,10350556
2021-09-15,110.87999725341797,112.63999938964844,109.80000305175781,109.95999908447266,9185468
2021-09-16,110.08000183105469,110.72000122070312,108.16000366210938,109.08000183105469,5568547
2021-09-17,109.5199966430664,111.5999984741211,108.12000274658203,110.63999938964844,15381280
2021-09-20,109.19999694824219,110.55999755859375,106.0,106.76000213623047,6118583
2021-09-21,106.76000213623047,107.5999984741211,104.68000030517578,106.72000122070312,4760286
2021-09-22,106.72000122070312,109.16000366210938,106.72000122070312,108.0,3584585
2021-09-23,108.31999969482422,111.63999938964844,108.31999969482422,110.5999984741211,7386392
2021-09-24,110.95999908447266,111.91999816894531,107.5999984741211,108.12000274658203,4513302
2021-09-27,109.04000091552734,109.5199966430664,107.63999938964844,108.5999984741211,3344686
2021-09-28,109.16000366210938,115.72000122070312,108.95999908447266,114.4800033569336,30536098
2021-09-29,114.76000213623047,118.5199966430664,112.27999877929688,115.4000015258789,18152508
2021-09-30,116.36000061035156,117.12000274658203,112.80000305175781,113.68000030517578,9363165
2021-10-01,113.5199966430664,113.68000030517578,110.55999755859375,111.91999816894531,7702117
2021-10-04,113.12000274658203,113.87999725341797,112.12000274658203,113.4800033569336,5645196
2021-10-05,113.80000305175781,115.87999725341797,113.23999786376953,113.95999908447266,7150197
2021-10-06,114.55999755859375,115.04000091552734,111.27999877929688,111.80000305175781,4937873
2021-10-07,112.5199966430664,114.23999786376953,112.16000366210938,112.83999633789062,4454902
2021-10-08,113.19999694824219,113.31999969482422,111.0,111.83999633789062,3437436
2021-10-11,112.5199966430664,115.19999694824219,112.16000366210938,113.63999938964844,7398092
2021-10-12,113.87999725341797,114.27999877929688,112.4000015258789,113.55999755859375,4525123
2021-10-13,115.19999694824219,116.55999755859375,113.80000305175781,114.16000366210938,12481470
2021-10-14,114.83999633789062,122.4000015258789,114.12000274658203,119.16000366210938,40427121
2021-10-18,120.95999908447266,123.0,119.68000030517578,120.63999938964844,17278336
2021-10-19,121.4800033569336,121.4800033569336,114.5999984741211,115.31999969482422,8172231
2021-10-20,115.4000015258789,115.44000244140625,111.0,112.36000061035156,10069256
2021-10-21,113.0,114.16000366210938,111.23999786376953,113.5999984741211,7332303
2021-10-22,114.19999694824219,114.19999694824219,108.5999984741211,109.68000030517578,8740388
2021-10-25,109.83999633789062,110.4000015258789,108.08000183105469,109.16000366210938,6132638
2021-10-26,109.16000366210938,112.0,108.5999984741211,109.76000213623047,8628077
2021-10-27,111.04000091552734,113.36000061035156,110.44000244140625,111.95999908447266,7930611
2021-10-28,112.4000015258789,112.4000015258789,106.83999633789062,107.36000061035156,14515460
2021-10-29,107.5999984741211,108.68000030517578,104.80000305175781,106.4800033569336,8765415
2021-11-01,107.4000015258789,108.44000244140625,106.55999755859375,108.12000274658203,4536018
2021-11-02,108.63999938964844,110.12000274658203,108.08000183105469,108.55999755859375,6294653
2021-11-03,109.19999694824219,110.80000305175781,108.0,108.63999938964844,5961035
2021-11-04,109.5999984741211,110.0,108.87999725341797,109.63999938964844,578295
2021-11-08,109.5999984741211,112.55999755859375,109.5199966430664,112.27999877929688,3965261
2021-11-09,113.08000183105469,113.4000015258789,110.72000122070312,111.23999786376953,4642695
2021-11-10,111.19999694824219,112.72000122070312,110.5199966430664,112.19999694824219,6480888
2021-11-11,112.44000244140625,112.4800033569336,108.80000305175781,111.5999984741211,7346925
2021-11-12,112.4000015258789,113.83999633789062,109.19999694824219,110.4800033569336,5866050
2021-11-15,110.76000213623047,110.95999908447266,107.83999633789062,108.04000091552734,3936215
2021-11-16,108.08000183105469,108.72000122070312,106.08000183105469,106.44000244140625,2935645
2021-11-17,106.19999694824219,107.19999694824219,105.23999786376953,105.4800033569336,4346170
2021-11-18,105.4000015258789,106.31999969482422,103.31999969482422,103.55999755859375,3888206
2021-11-22,102.87999725341797,103.91999816894531,100.5999984741211,100.83999633789062,6845670
2021-11-23,101.04000091552734,102.36000061035156,100.08000183105469,101.19999694824219,8165487
2021-11-24,100.0,101.12000274658203,98.95999908447266,99.27999877929688,8330150
2021-11-25,99.5999984741211,99.91999816894531,97.83999633789062,99.0,7078463
2021-11-26,98.4000015258789,98.83999633789062,94.95999908447266,95.23999786376953,6955746
2021-11-29,95.5999984741211,95.76000213623047,92.23999786376953,93.16000366210938,5208042
2021-11-30,93.36000061035156,95.87999725341797,92.63999938964844,93.04000091552734,6538992
2021-12-01,93.87999725341797,95.83999633789062,93.83999633789062,95.5999984741211,4936380
2021-12-02,95.5999984741211,97.5199966430664,94.87999725341797,97.23999786376953,4201202
2021-12-03,97.80000305175781,98.36000061035156,96.80000305175781,96.95999908447266,3531662
2021-12-06,97.0,97.95999908447266,96.08000183105469,96.44000244140625,3840381
2021-12-07,97.27999877929688,98.87999725341797,96.63999938964844,98.12000274658203,3346788
2021-12-08,99.19999694824219,99.19999694824219,98.23999786376953,98.63999938964844,3262947
2021-12-09,99.12000274658203,99.87999725341797,98.44000244140625,99.5999984741211,4107752
2021-12-10,98.80000305175781,99.31999969482422,97.87999725341797,98.5199966430664,5458743
2021-12-13,99.5199966430664,100.63999938964844,98.27999877929688,98.5999984741211,5443335
2021-12-14,98.36000061035156,99.19999694824219,97.5999984741211,99.08000183105469,4066806
2021-12-15,99.0,99.91999816894531,97.72000122070312,97.87999725341797,2913673
2021-12-16,98.4000015258789,98.72000122070312,95.91999816894531,96.76000213623047,3617648
2021-12-17,96.68000030517578,96.68000030517578,94.31999969482422,95.31999969482422,6007240
2021-12-20,94.72000122070312,94.72000122070312,90.44000244140625,92.0,4966325
2021-12-21,92.80000305175781,93.83999633789062,92.12000274658203,92.83999633789062,2836747
2021-12-22,93.19999694824219,93.83999633789062,92.36000061035156,93.63999938964844,4194266
2021-12-23,94.0,96.4800033569336,94.0,96.31999969482422,3937893
2021-12-24,96.80000305175781,97.12000274658203,94.23999786376953,94.44000244140625,2125032
2021-12-27,94.27999877929688,95.5199966430664,93.23999786376953,95.36000061035156,2722003
2021-12-28,95.91999816894531,96.5199966430664,95.5199966430664,96.12000274658203,2002776
2021-12-29,96.0,96.68000030517578,95.16000366210938,95.4800033569336,1301091
2021-12-30,95.44000244140625,95.4800033569336,94.04000091552734,94.4000015258789,1639168
2021-12-31,94.31999969482422,96.44000244140625,94.31999969482422,95.80000305175781,2044788
2022-01-03,96.0,98.5999984741211,95.80000305175781,98.23999786376953,4365121
2022-01-04,98.08000183105469,99.4800033569336,97.72000122070312,98.68000030517578,4755762
2022-01-05,99.0,99.4800033569336,98.4800033569336,99.04000091552734,2384675
2022-01-06,98.27999877929688,99.55999755859375,98.08000183105469,99.31999969482422,2580900
2022-01-07,99.55999755859375,100.95999908447266,98.5999984741211,99.04000091552734,5930956
2022-01-10,99.4800033569336,100.95999908447266,99.19999694824219,100.68000030517578,3473626
2022-01-11,100.80000305175781,101.44000244140625,99.80000305175781,100.55999755859375,3194705
2022-01-12,100.95999908447266,101.27999877929688,99.68000030517578,100.63999938964844,3118431
2022-01-13,100.80000305175781,102.55999755859375,100.4800033569336,101.87999725341797,5889892
2022-01-14,102.0,102.55999755859375,101.27999877929688,101.80000305175781,3545718
2022-01-17,101.91999816894531,102.36000061035156,101.04000091552734,101.55999755859375,1885543
2022-01-18,102.0,102.5199966430664,98.80000305175781,99.23999786376953,2923460
2022-01-19,98.95999908447266,100.63999938964844,98.44000244140625,99.5999984741211,2277622
2022-01-20,99.72000122070312,100.5199966430664,99.12000274658203,100.0,1561897
2022-01-21,99.76000213623047,99.83999633789062,96.0,96.68000030517578,3539333
2022-01-24,96.23999786376953,96.72000122070312,93.08000183105469,93.95999908447266,5945501
2022-01-25,93.95999908447266,95.5999984741211,93.0,94.5999984741211,9751023
2022-01-27,94.31999969482422,95.76000213623047,93.5199966430664,95.16000366210938,8743302
2022-01-28,95.76000213623047,98.12000274658203,95.0,95.31999969482422,9342948
2022-01-31,96.16000366210938,97.95999908447266,94.83999633789062,97.36000061035156,14026711
2022-02-01,97.76000213623047,98.55999755859375,95.80000305175781,97.5999984741211,5127481
2022-02-02,98.16000366210938,99.4800033569336,97.87999725341797,98.44000244140625,9063503
2022-02-03,98.76000213623047,98.95999908447266,97.27999877929688,97.5199966430664,5991386
2022-02-04,97.63999938964844,97.91999816894531,95.4000015258789,95.91999816894531,6561880
2022-02-07,96.31999969482422,96.5999984741211,94.87999725341797,96.0,4971912
2022-02-08,96.16000366210938,96.55999755859375,93.44000244140625,94.4800033569336,12602340
2022-02-09,94.87999725341797,96.5999984741211,94.31999969482422,96.23999786376953,11838665
2022-02-10,96.72000122070312,99.04000091552734,96.31999969482422,98.5199966430664,9891332
2022-02-11,97.55999755859375,99.31999969482422,96.12000274658203,97.04000091552734,20292002
2022-02-14,96.5199966430664,97.12000274658203,93.36000061035156,93.76000213623047,11266588
2022-02-15,94.4000015258789,95.91999816894531,92.08000183105469,95.80000305175781,8548331
2022-02-16,96.36000061035156,98.31999969482422,96.08000183105469,96.4800033569336,8549606
2022-02-17,96.80000305175781,97.27999877929688,94.87999725341797,95.19999694824219,6518530
2022-02-18,94.91999816894531,96.31999969482422,94.4000015258789,94.68000030517578,6555887
2022-02-21,93.72000122070312,95.5999984741211,93.44000244140625,94.80000305175781,6946518
2022-02-22,93.5999984741211,94.08000183105469,92.23999786376953,93.76000213623047,7793698
2022-02-23,94.16000366210938,95.72000122070312,94.08000183105469,94.76000213623047,5177465
2022-02-24,92.80000305175781,93.55999755859375,88.87999725341797,89.23999786376953,14322327
2022-02-25,88.68000030517578,89.4000015258789,86.4000015258789,86.76000213623047,16108682
2022-02-28,86.4000015258789,88.12000274658203,85.5199966430664,87.87999725341797,6507098
2022-03-02,87.0,89.16000366210938,86.63999938964844,87.63999938964844,4704553
2022-03-03,88.16000366210938,89.5199966430664,87.76000213623047,88.0,5115133
2022-03-04,87.4000015258789,88.27999877929688,86.23999786376953,87.23999786376953,5757978
2022-03-07,86.19999694824219,86.27999877929688,83.5199966430664,84.80000305175781,7027891
2022-03-08,84.80000305175781,87.16000366210938,84.55999755859375,86.80000305175781,6627776
2022-03-09,87.0,89.16000366210938,86.95999908447266,88.76000213623047,6948758
2022-03-10,89.83999633789062,90.72000122070312,88.4000015258789,89.16000366210938,7067116
2022-03-11,88.80000305175781,90.5999984741211,88.5199966430664,89.95999908447266,6342863
2022-03-14,90.16000366210938,90.5199966430664,88.31999969482422,89.55999755859375,5388115
2022-03-15,89.76000213623047,90.55999755859375,88.08000183105469,88.68000030517578,6903962
2022-03-16,89.5999984741211,90.4800033569336,89.31999969482422,89.95999908447266,6626360
2022-03-17,90.5199966430664,93.55999755859375,90.16000366210938,93.08000183105469,16469111
2022-03-21,93.44000244140625,93.44000244140625,92.0,92.27999877929688,2983858
2022-03-22,92.27999877929688,93.27999877929688,91.12000274658203,93.16000366210938,5424956
2022-03-23,93.5999984741211,93.68000030517578,92.5999984741211,92.80000305175781,3629767
2022-03-24,92.4000015258789,93.44000244140625,92.23999786376953,93.0,2556066
2022-03-25,93.44000244140625,93.44000244140625,91.80000305175781,91.95999908447266,2783345
2022-03-28,91.95999908447266,92.08000183105469,90.4000015258789,91.04000091552734,3104293
2022-03-29,91.5999984741211,91.68000030517578,89.27999877929688,89.80000305175781,4159105
2022-03-30,90.80000305175781,90.80000305175781,89.4000015258789,90.27999877929688,7170965
2022-03-31,90.76000213623047,91.0,89.83999633789062,90.08000183105469,4503957
2022-04-01,90.0,93.19999694824219,90.0,92.95999908447266,4902940
2022-04-04,93.23999786376953,95.76000213623047,93.08000183105469,95.19999694824219,8400872
2022-04-05,95.80000305175781,96.87999725341797,95.0,96.23999786376953,4567358
2022-04-06,95.72000122070312,98.76000213623047,95.44000244140625,97.5199966430664,10211725
2022-04-07,97.0,99.83999633789062,97.0,97.83999633789062,10003710
2022-04-08,98.36000061035156,98.4800033569336,97.36000061035156,97.4800033569336,3327718
2022-04-11,97.36000061035156,97.95999908447266,96.16000366210938,96.5999984741211,6080396
2022-04-12,96.16000366210938,96.63999938964844,94.0,94.5199966430664,4914063
2022-04-13,94.83999633789062,95.4800033569336,94.0,94.55999755859375,2393980
2022-04-18,94.27999877929688,95.68000030517578,92.91999816894531,95.19999694824219,3597822
2022-04-19,95.5199966430664,97.04000091552734,93.68000030517578,94.95999908447266,6604865
2022-04-20,95.04000091552734,95.44000244140625,93.4800033569336,94.31999969482422,4029047
2022-04-21,95.12000274658203,95.68000030517578,94.68000030517578,95.19999694824219,5186750
2022-04-22,94.72000122070312,95.5199966430664,94.63999938964844,95.08000183105469,2941617
2022-04-25,94.4800033569336,94.55999755859375,92.23999786376953,92.72000122070312,3922097
2022-04-26,93.76000213623047,95.55999755859375,93.08000183105469,95.16000366210938,6052845
2022-04-27,94.19999694824219,95.4800033569336,94.19999694824219,94.95999908447266,11106823
2022-04-28,95.36000061035156,96.16000366210938,94.19999694824219,95.04000091552734,7365985
2022-04-29,95.36000061035156,96.4000015258789,93.87999725341797,94.19999694824219,3601522
2022-05-02,93.4000015258789,93.91999816894531,92.72000122070312,93.4800033569336,2918261
2022-05-04,93.63999938964844,94.19999694824219,90.83999633789062,91.08000183105469,5710806
2022-05-05,91.68000030517578,92.63999938964844,90.4000015258789,90.55999755859375,3090858
2022-05-06,89.83999633789062,90.5999984741211,88.5199966430664,90.19999694824219,3794542
2022-05-09,89.5199966430664,90.5999984741211,88.27999877929688,89.5999984741211,4325805
2022-05-10,89.5999984741211,90.72000122070312,88.04000091552734,88.31999969482422,3424755
2022-05-11,88.4800033569336,88.91999816894531,85.5999984741211,86.44000244140625,5434203
2022-05-12,85.5999984741211,86.27999877929688,84.0,85.12000274658203,4732192
2022-05-13,85.95999908447266,86.63999938964844,84.0,84.23999786376953,4867995
2022-05-16,85.31999969482422,85.5999984741211,83.4000015258789,84.55999755859375,5227531
2022-05-17,85.19999694824219,87.72000122070312,84.83999633789062,87.55999755859375,2595336
2022-05-18,87.76000213623047,88.5199966430664,87.12000274658203,87.27999877929688,2990963
2022-05-19,86.12000274658203,86.83999633789062,85.5999984741211,86.36000061035156,2681465
2022-05-20,86.87999725341797,87.68000030517578,86.44000244140625,87.08000183105469,2682913
2022-05-23,87.72000122070312,87.95999908447266,86.04000091552734,86.95999908447266,2902262
2022-05-24,87.76000213623047,87.76000213623047,85.83999633789062,86.16000366210938,2703722
2022-05-25,86.19999694824219,86.91999816894531,85.36000061035156,85.5999984741211,4257731
2022-05-26,86.23999786376953,88.0,83.63999938964844,86.5999984741211,6438652
2022-05-27,87.36000061035156,87.80000305175781,86.31999969482422,87.23999786376953,3051265
2022-05-30,88.27999877929688,88.91999816894531,87.5999984741211,88.72000122070312,3105308
2022-05-31,88.4000015258789,89.55999755859375,88.31999969482422,89.08000183105469,2722651
2022-06-01,89.44000244140625,89.44000244140625,88.23999786376953,88.80000305175781,6628637
2022-06-02,88.72000122070312,90.68000030517578,88.19999694824219,90.31999969482422,4613395
2022-06-03,90.87999725341797,91.04000091552734,89.04000091552734,89.27999877929688,4154056
2022-06-06,89.19999694824219,89.27999877929688,86.5999984741211,88.16000366210938,3598488
2022-06-07,87.5999984741211,88.31999969482422,87.27999877929688,87.72000122070312,1990100
2022-06-08,88.0,89.31999969482422,87.5199966430664,88.5999984741211,2820192
2022-06-09,87.68000030517578,87.83999633789062,86.63999938964844,86.83999633789062,2968338
2022-06-10,86.19999694824219,86.4800033569336,85.55999755859375,86.16000366210938,2523272
2022-06-13,85.12000274658203,85.4000015258789,83.4000015258789,83.83999633789062,4000275
2022-06-14,83.19999694824219,84.76000213623047,81.87999725341797,82.08000183105469,4683721
2022-06-15,82.76000213623047,82.95999908447266,81.44000244140625,81.63999938964844,3802395
2022-06-16,82.4000015258789,83.19999694824219,79.55999755859375,79.80000305175781,5276112
2022-06-17,79.76000213623047,80.19999694824219,78.5999984741211,79.12000274658203,5611563
2022-06-20,79.83999633789062,79.91999816894531,77.68000030517578,78.63999938964844,6871586
2022-06-21,78.87999725341797,82.31999969482422,78.87999725341797,82.04000091552734,4149736
2022-06-22,82.16000366210938,82.4000015258789,80.44000244140625,80.68000030517578,3505767
2022-06-23,81.04000091552734,82.27999877929688,80.5199966430664,81.68000030517578,2471647
2022-06-24,82.23999786376953,82.5999984741211,81.72000122070312,82.04000091552734,4042927
2022-06-27,82.80000305175781,83.5999984741211,82.44000244140625,83.4800033569336,3052500
2022-06-28,83.0,83.4800033569336,82.5199966430664,83.16000366210938,2513253
2022-06-29,82.80000305175781,83.31999969482422,82.0,83.08000183105469,2144728
2022-06-30,83.04000091552734,84.19999694824219,82.76000213623047,83.55999755859375,3723937
2022-07-01,83.44000244140625,84.87999725341797,82.55999755859375,84.72000122070312,3554590
2022-07-04,84.95999908447266,86.19999694824219,84.55999755859375,86.04000091552734,2089563
2022-07-05,86.16000366210938,86.80000305175781,85.4800033569336,85.63999938964844,2818668
2022-07-06,85.63999938964844,85.87999725341797,84.55999755859375,85.27999877929688,4788901
2022-07-07,86.4000015258789,86.4800033569336,85.44000244140625,86.16000366210938,3575860
2022-07-08,86.4800033569336,87.31999969482422,86.04000091552734,87.16000366210938,2706067
2022-07-11,86.87999725341797,88.4800033569336,86.83999633789062,88.31999969482422,2493601
2022-07-12,88.4000015258789,88.55999755859375,87.27999877929688,88.12000274658203,1965941
2022-07-13,88.16000366210938,88.44000244140625,86.76000213623047,87.12000274658203,2158862
2022-07-14,87.19999694824219,87.31999969482422,85.83999633789062,86.36000061035156,1571887
2022-07-15,86.5199966430664,86.83999633789062,85.08000183105469,85.91999816894531,1689955
2022-07-18,86.5199966430664,87.91999816894531,86.04000091552734,87.76000213623047,3286612
2022-07-19,87.76000213623047,90.08000183105469,87.76000213623047,89.87999725341797,5551256
2022-07-20,90.83999633789062,90.83999633789062,88.76000213623047,89.08000183105469,2866956
2022-07-21,89.08000183105469,89.63999938964844,88.80000305175781,89.36000061035156,3503995
2022-07-22,89.76000213623047,89.95999908447266,88.87999725341797,89.04000091552734,2125152
2022-07-25,88.80000305175781,90.68000030517578,88.80000305175781,90.5199966430664,3790450
2022-07-26,90.95999908447266,91.5199966430664,89.63999938964844,89.95999908447266,4556540
2022-07-27,89.5199966430664,91.4000015258789,89.4800033569336,91.12000274658203,3484760
2022-07-28,91.4800033569336,92.0,91.04000091552734,91.72000122070312,3538605
2022-07-29,91.83999633789062,93.12000274658203,91.72000122070312,92.76000213623047,3579935
2022-08-01,93.23999786376953,94.0,92.72000122070312,93.68000030517578,4057097
2022-08-02,93.95999908447266,96.0,93.68000030517578,95.76000213623047,5682416
2022-08-03,95.31999969482422,95.91999816894531,94.04000091552734,95.55999755859375,5842916
2022-08-04,95.76000213623047,96.19999694824219,94.12000274658203,94.95999908447266,2413611
2022-08-05,94.95999908447266,95.72000122070312,94.87999725341797,95.0,3030663
2022-08-08,95.31999969482422,95.4800033569336,93.44000244140625,94.16000366210938,5491468
2022-08-10,94.16000366210938,95.04000091552734,93.95999908447266,94.68000030517578,3968892
2022-08-11,95.36000061035156,95.91999816894531,94.63999938964844,95.4800033569336,3437651
2022-08-12,95.5999984741211,97.95999908447266,95.27999877929688,96.5999984741211,7927433
2022-08-16,97.04000091552734,97.4000015258789,95.87999725341797,96.08000183105469,5224048
2022-08-17,96.08000183105469,97.04000091552734,94.31999969482422,95.12000274658203,6946226
2022-08-18,95.4800033569336,96.08000183105469,93.87999725341797,94.87999725341797,4830492
2022-08-19,95.5199966430664,96.12000274658203,94.55999755859375,95.16000366210938,3745472
2022-08-22,94.80000305175781,94.80000305175781,93.63999938964844,94.23999786376953,3261968
2022-08-23,93.68000030517578,94.95999908447266,93.63999938964844,94.44000244140625,4741901
2022-08-24,95.12000274658203,95.4800033569336,94.36000061035156,94.55999755859375,7315142
2022-08-25,94.80000305175781,97.16000366210938,94.76000213623047,96.16000366210938,8296621
2022-08-26,96.87999725341797,97.4800033569336,96.23999786376953,96.4000015258789,6444737
2022-08-29,95.19999694824219,95.5999984741211,94.19999694824219,94.87999725341797,9660276
2022-08-30,95.44000244140625,96.12000274658203,95.0,95.68000030517578,10129877
2022-09-01,94.31999969482422,95.16000366210938,93.44000244140625,93.95999908447266,6629637
2022-09-02,94.4000015258789,94.95999908447266,92.55999755859375,92.72000122070312,4320083
2022-09-05,92.80000305175781,93.36000061035156,91.4000015258789,91.55999755859375,6575817
2022-09-06,91.63999938964844,93.55999755859375,90.87999725341797,93.19999694824219,27493893
2022-09-07,93.08000183105469,94.91999816894531,93.08000183105469,94.12000274658203,9377877
2022-09-08,94.55999755859375,94.87999725341797,92.95999908447266,93.31999969482422,7548788
2022-09-09,94.4800033569336,94.55999755859375,91.68000030517578,92.91999816894531,9129032
2022-09-12,93.19999694824219,94.04000091552734,91.87999725341797,92.4800033569336,6201072
2022-09-13,92.83999633789062,93.12000274658203,91.95999908447266,92.4000015258789,11249168
2022-09-14,91.5999984741211,92.68000030517578,91.4800033569336,92.0,8347970
2022-09-15,92.76000213623047,95.16000366210938,91.91999816894531,94.83999633789062,13238636
2022-09-16,94.80000305175781,95.08000183105469,89.76000213623047,91.12000274658203,20940221
2022-09-19,91.27999877929688,91.72000122070312,90.0,90.23999786376953,7132998
2022-09-20,90.87999725341797,91.83999633789062,90.36000061035156,90.68000030517578,8388898
2022-09-21,90.4800033569336,91.0,89.44000244140625,90.27999877929688,5457973
2022-09-22,89.68000030517578,90.68000030517578,89.0,89.76000213623047,8272416
2022-09-23,89.87999725341797,90.12000274658203,87.68000030517578,88.16000366210938,6848580
2022-09-26,87.27999877929688,87.95999908447266,84.83999633789062,85.19999694824219,7964270
2022-09-27,85.4800033569336,85.80000305175781,84.44000244140625,85.19999694824219,5530678
2022-09-28,84.87999725341797,85.27999877929688,83.91999816894531,84.16000366210938,6655110
2022-09-29,85.08000183105469,85.08000183105469,83.04000091552734,83.80000305175781,5607362
2022-09-30,83.4000015258789,84.16000366210938,82.91999816894531,83.68000030517578,8638088
2022-10-03,83.87999725341797,84.5999984741211,82.4800033569336,83.08000183105469,4781577
2022-10-04,83.91999816894531,84.27999877929688,83.5999984741211,84.0,5904815
2022-10-06,85.55999755859375,85.55999755859375,84.04000091552734,84.5199966430664,9088675
2022-10-07,84.63999938964844,84.91999816894531,83.5999984741211,83.95999908447266,3965157
2022-10-10,83.4000015258789,83.80000305175781,82.63999938964844,83.4000015258789,4531596
2022-10-11,83.5199966430664,83.68000030517578,81.91999816894531,82.12000274658203,5082987
2022-10-12,82.27999877929688,82.4000015258789,81.63999938964844,82.08000183105469,6681196
2022-10-13,82.08000183105469,82.5999984741211,81.19999694824219,81.55999755859375,6156270
2022-10-14,82.80000305175781,82.80000305175781,81.5199966430664,81.63999938964844,3269811
2022-10-17,81.63999938964844,81.63999938964844,80.68000030517578,81.44000244140625,5176086
2022-10-18,81.87999725341797,83.5199966430664,81.19999694824219,83.31999969482422,9945991
2022-10-19,83.87999725341797,84.4800033569336,83.19999694824219,83.4000015258789,5668398
2022-10-20,83.04000091552734,84.5999984741211,82.76000213623047,84.44000244140625,4492118
2022-10-21,84.63999938964844,84.95999908447266,83.83999633789062,84.36000061035156,6880515
2022-10-24,85.19999694824219,85.44000244140625,84.76000213623047,85.0,893367
2022-10-25,85.04000091552734,85.23999786376953,84.0,84.95999908447266,8853457
2022-10-27,85.19999694824219,88.76000213623047,84.72000122070312,87.91999816894531,17172982
2022-10-28,88.31999969482422,91.27999877929688,87.4000015258789,91.04000091552734,12748801
2022-10-31,91.31999969482422,92.4000015258789,90.4000015258789,92.19999694824219,10310606
2022-11-01,92.0,93.83999633789062,91.87999725341797,92.72000122070312,10103050
2022-11-02,92.68000030517578,93.27999877929688,91.5999984741211,92.87999725341797,4746558
2022-11-03,92.55999755859375,93.63999938964844,92.16000366210938,93.44000244140625,3795318
2022-11-04,93.68000030517578,94.0,92.91999816894531,93.55999755859375,4225950
2022-11-07,94.04000091552734,95.36000061035156,93.68000030517578,95.19999694824219,8162465
2022-11-09,95.76000213623047,96.0,94.08000183105469,94.5999984741211,4078612
2022-11-10,94.4000015258789,94.5999984741211,93.12000274658203,93.44000244140625,10101016
2022-11-11,94.80000305175781,97.36000061035156,94.27999877929688,96.23999786376953,17573801
2022-11-14,96.80000305175781,97.27999877929688,96.04000091552734,96.5999984741211,4543771
2022-11-15,96.83999633789062,97.5999984741211,95.5999984741211,96.5999984741211,6537251
2022-11-16,96.63999938964844,97.31999969482422,95.83999633789062,96.4000015258789,6465222
2022-11-17,96.27999877929688,99.83999633789062,96.12000274658203,98.44000244140625,17078585
2022-11-18,98.80000305175781,100.31999969482422,97.95999908447266,99.87999725341797,15120156
2022-11-21,100.31999969482422,101.08000183105469,98.87999725341797,100.04000091552734,9337696
2022-11-22,100.5199966430664,100.72000122070312,99.5199966430664,100.4000015258789,10895381
2022-11-23,100.31999969482422,100.95999908447266,99.80000305175781,100.04000091552734,7379707
2022-11-24,97.95999908447266,104.0,97.72000122070312,103.27999877929688,19050102
2022-11-25,103.91999816894531,109.55999755859375,102.44000244140625,109.19999694824219,30599963
2022-11-28,109.0,111.31999969482422,107.04000091552734,107.68000030517578,11799066
2022-11-29,108.0,108.55999755859375,105.68000030517578,107.5999984741211,8619105
2022-11-30,108.0,109.12000274658203,107.27999877929688,108.72000122070312,7625332
2022-12-01,109.31999969482422,111.27999877929688,107.72000122070312,110.80000305175781,8592753
2022-12-02,111.5999984741211,111.76000213623047,109.5999984741211,111.44000244140625,6577405
2022-12-05,111.5999984741211,112.72000122070312,110.27999877929688,110.5199966430664,8541500
2022-12-06,110.23999786376953,111.19999694824219,109.23999786376953,110.36000061035156,4243621
2022-12-07,109.91999816894531,114.55999755859375,109.91999816894531,113.5999984741211,17939875
2022-12-08,114.23999786376953,115.91999816894531,113.4800033569336,115.63999938964844,11325155
2022-12-09,116.44000244140625,117.5199966430664,112.68000030517578,113.5199966430664,9022553
2022-12-12,113.72000122070312,116.4800033569336,112.4800033569336,116.19999694824219,7145238
2022-12-13,116.76000213623047,116.80000305175781,114.44000244140625,116.0,6940876
2022-12-14,116.23999786376953,118.23999786376953,116.23999786376953,117.0,8174452
2022-12-15,117.27999877929688,117.76000213623047,114.31999969482422,114.80000305175781,6736632
2022-12-16,114.72000122070312,114.80000305175781,111.23999786376953,113.27999877929688,8429702
2022-12-19,113.4800033569336,115.91999816894531,112.76000213623047,115.44000244140625,5322128
2022-12-20,115.44000244140625,115.72000122070312,112.4800033569336,113.36000061035156,7110931
2022-12-21,113.80000305175781,114.36000061035156,109.23999786376953,110.08000183105469,6608451
2022-12-22,111.36000061035156,111.63999938964844,108.5999984741211,109.80000305175781,8076792
2022-12-23,109.04000091552734,109.36000061035156,104.83999633789062,105.44000244140625,10022860
2022-12-26,105.4000015258789,109.72000122070312,104.4000015258789,109.04000091552734,6778067
2022-12-27,109.68000030517578,110.23999786376953,108.04000091552734,109.19999694824219,3590696
2022-12-28,109.19999694824219,111.19999694824219,109.04000091552734,110.16000366210938,3596935
2022-12-29,109.5999984741211,111.16000366210938,108.95999908447266,110.72000122070312,4492741
2022-12-30,111.4800033569336,114.55999755859375,110.5999984741211,112.91999816894531,6596933
2023-01-02,113.95999908447266,120.44000244140625,112.91999816894531,119.76000213623047,17071628
2023-01-03,120.72000122070312,126.23999786376953,119.72000122070312,124.80000305175781,38370371
2023-01-04,125.5999984741211,125.68000030517578,121.36000061035156,123.5999984741211,17767510
2023-01-05,123.5999984741211,126.4000015258789,122.08000183105469,125.5199966430664,14238477
2023-01-06,126.12000274658203,128.63999938964844,123.36000061035156,125.72000122070312,26643681
2023-01-09,127.27999877929688,129.44000244140625,126.27999877929688,127.44000244140625,19991886
2023-01-10,128.0,128.0,122.91999816894531,124.08000183105469,13101983
2023-01-11,123.68000030517578,124.19999694824219,120.16000366210938,121.44000244140625,13945553
2023-01-12,121.87999725341797,122.36000061035156,117.87999725341797,119.4000015258789,12366553
2023-01-13,119.4000015258789,123.0,118.0,122.19999694824219,12919452
2023-01-16,122.5999984741211,123.95999908447266,119.87999725341797,120.4000015258789,9237775
2023-01-17,120.80000305175781,121.91999816894531,118.80000305175781,119.95999908447266,9592017
2023-01-18,120.23999786376953,121.5999984741211,119.83999633789062,121.36000061035156,7077216
2023-01-19,121.19999694824219,122.19999694824219,120.27999877929688,121.63999938964844,6111051
2023-01-20,122.0,122.16000366210938,120.0,120.31999969482422,5755195
2023-01-23,120.68000030517578,121.5999984741211,120.4000015258789,120.80000305175781,3157921
2023-01-24,121.12000274658203,121.44000244140625,119.08000183105469,119.4800033569336,3337365
2023-01-25,119.4800033569336,119.5199966430664,113.91999816894531,114.76000213623047,20025671
2023-01-27,114.91999816894531,115.19999694824219,106.44000244140625,108.87999725341797,21800482
2023-01-30,109.16000366210938,111.83999633789062,107.27999877929688,108.5999984741211,9150842
2023-01-31,109.4800033569336,113.5999984741211,107.63999938964844,113.16000366210938,11876770
2023-02-01,113.5999984741211,115.4000015258789,107.76000213623047,109.08000183105469,9818522
2023-02-02,108.72000122070312,112.04000091552734,107.36000061035156,110.76000213623047,6125063
2023-02-03,111.19999694824219,113.4800033569336,108.5199966430664,113.19999694824219,7357431
2023-02-06,113.31999969482422,115.04000091552734,113.12000274658203,114.72000122070312,3597581
2023-02-07,114.5999984741211,116.68000030517578,113.72000122070312,114.63999938964844,6830677
2023-02-08,114.87999725341797,115.19999694824219,113.4000015258789,114.87999725341797,2894798
2023-02-09,114.87999725341797,116.68000030517578,112.80000305175781,116.27999877929688,5719365
2023-02-10,116.04000091552734,117.23999786376953,115.80000305175781,116.63999938964844,2816965
2023-02-13,116.4000015258789,117.16000366210938,111.63999938964844,113.08000183105469,9662873
2023-02-14,114.31999969482422,115.4800033569336,109.36000061035156,114.87999725341797,13028332
2023-02-15,114.83999633789062,119.4000015258789,114.36000061035156,118.68000030517578,8034723
2023-02-16,118.80000305175781,121.0,118.19999694824219,120.19999694824219,7753257
2023-02-17,119.68000030517578,120.4800033569336,118.12000274658203,118.80000305175781,3626445
2023-02-20,119.44000244140625,119.5199966430664,117.44000244140625,117.80000305175781,4501741
2023-02-21,118.0,121.5199966430664,117.5999984741211,119.68000030517578,7102333
2023-02-22,119.31999969482422,119.31999969482422,115.83999633789062,117.08000183105469,6770372
2023-02-23,117.08000183105469,118.87999725341797,116.04000091552734,118.04000091552734,5847310
2023-02-24,116.0,116.80000305175781,114.27999877929688,115.76000213623047,5354430
2023-02-27,115.19999694824219,116.0,111.91999816894531,114.72000122070312,4602553
2023-02-28,114.4000015258789,116.80000305175781,113.72000122070312,116.31999969482422,7016653
2023-03-01,116.5199966430664,120.04000091552734,115.5199966430664,119.55999755859375,5703165
2023-03-02,119.87999725341797,121.27999877929688,118.80000305175781,120.27999877929688,5360617
2023-03-03,120.91999816894531,124.4000015258789,120.55999755859375,124.12000274658203,10126691
2023-03-06,125.0,129.60000610351562,124.12000274658203,129.39999389648438,14983856
2023-03-08,129.0,135.67999267578125,128.75999450683594,134.72000122070312,24643768
2023-03-09,135.55999755859375,136.47999572753906,133.24000549316406,134.52000427246094,16279688
2023-03-10,133.60000610351562,134.8000030517578,131.63999938964844,133.63999938964844,9978958
2023-03-13,134.32000732421875,134.60000610351562,130.0800018310547,130.75999450683594,9129677
2023-03-14,130.44000244140625,131.60000610351562,128.47999572753906,128.83999633789062,10418103
2023-03-15,130.0399932861328,131.60000610351562,128.24000549316406,128.67999267578125,7583436
2023-03-16,128.0800018310547,128.32000732421875,124.08000183105469,126.5199966430664,10848187
2023-03-17,127.27999877929688,128.0,122.44000244140625,124.72000122070312,18491806
2023-03-20,123.27999877929688,124.08000183105469,119.68000030517578,120.68000030517578,11097073
2023-03-21,121.5999984741211,123.76000213623047,119.83999633789062,123.31999969482422,8820185
2023-03-22,123.5999984741211,125.08000183105469,122.80000305175781,123.27999877929688,5507520
2023-03-23,124.0,124.16000366210938,121.23999786376953,121.87999725341797,7369057
2023-03-24,120.80000305175781,121.68000030517578,117.83999633789062,118.5199966430664,5821246
2023-03-27,117.19999694824219,120.23999786376953,116.95999908447266,119.12000274658203,8986618
2023-03-28,119.19999694824219,120.0,116.31999969482422,117.36000061035156,4765107
2023-03-29,117.19999694824219,121.23999786376953,116.55999755859375,120.91999816894531,5628897
2023-03-31,121.23999786376953,122.83999633789062,120.5199966430664,121.4000015258789,7727412
2023-04-03,121.95999908447266,124.80000305175781,121.31999969482422,124.04000091552734,7675828
2023-04-05,124.80000305175781,125.95999908447266,122.23999786376953,125.36000061035156,6330727
2023-04-06,124.80000305175781,126.4800033569336,123.12000274658203,125.87999725341797,9854273
2023-04-10,126.4000015258789,133.47999572753906,125.4000015258789,133.1199951171875,16722371
2023-04-11,133.60000610351562,135.60000610351562,132.27999877929688,135.36000061035156,10391460
2023-04-12,134.83999633789062,136.0800018310547,132.32000732421875,132.72000122070312,8579281
2023-04-13,132.0,132.24000549316406,127.5199966430664,129.27999877929688,12129911
2023-04-17,128.55999755859375,132.72000122070312,127.87999725341797,132.32000732421875,11241922
2023-04-18,133.1199951171875,134.55999755859375,128.44000244140625,129.39999389648438,23685972
2023-04-19,129.55999755859375,131.72000122070312,128.8000030517578,129.24000549316406,8270541
2023-04-20,129.24000549316406,130.39999389648438,127.76000213623047,128.0,4857083
2023-04-21,128.16000366210938,128.1999969482422,125.08000183105469,125.36000061035156,6926976
2023-04-24,125.5999984741211,129.1199951171875,124.63999938964844,128.63999938964844,8223696
2023-04-25,129.1999969482422,131.52000427246094,128.83999633789062,129.75999450683594,8897916
2023-04-26,129.75999450683594,132.60000610351562,129.1999969482422,132.27999877929688,11517041
2023-04-27,132.72000122070312,133.16000366210938,130.63999938964844,131.8800048828125,10998576
2023-04-28,131.9600067138672,136.24000549316406,131.8800048828125,135.9199981689453,18511696
2023-05-02,136.8800048828125,140.27999877929688,135.9600067138672,138.8800048828125,26929266
2023-05-03,139.16000366210938,140.1999969482422,136.0399932861328,136.36000061035156,13017456
2023-05-04,136.8000030517578,141.9600067138672,136.75999450683594,139.52000427246094,12978156
2023-05-05,139.52000427246094,141.0399932861328,134.67999267578125,135.0800018310547,12554473
2023-05-08,135.0399932861328,138.36000061035156,134.72000122070312,136.60000610351562,7231975
2023-05-09,137.1199951171875,137.9600067138672,132.9600067138672,133.1999969482422,11499542
2023-05-10,134.1999969482422,134.36000061035156,131.39999389648438,132.24000549316406,11856128
2023-05-11,132.8000030517578,134.8800048828125,130.9199981689453,131.67999267578125,12099816
2023-05-12,129.72000122070312,132.16000366210938,126.91999816894531,131.72000122070312,28062578
2023-05-15,132.1999969482422,137.60000610351562,131.44000244140625,136.9199981689453,15177651
2023-05-16,137.75999450683594,139.47999572753906,133.32000732421875,133.83999633789062,23255306
2023-05-17,134.39999389648438,135.0399932861328,130.39999389648438,131.47999572753906,14492755
2023-05-18,132.52000427246094,134.8800048828125,131.32000732421875,131.8800048828125,11886627
2023-05-19,132.0,133.24000549316406,130.63999938964844,132.52000427246094,7935136
2023-05-22,132.52000427246094,133.55999755859375,131.27999877929688,133.0399932861328,8302832
2023-05-23,133.36000061035156,134.16000366210938,132.24000549316406,132.60000610351562,7500411
2023-05-24,132.60000610351562,133.52000427246094,131.75999450683594,133.1999969482422,5348983
2023-05-25,133.16000366210938,136.8000030517578,132.83999633789062,136.47999572753906,11829380
2023-05-26,137.44000244140625,138.39999389648438,135.0,136.36000061035156,4819450
2023-05-29,139.0399932861328,141.75999450683594,137.72000122070312,139.44000244140625,16154211
2023-05-30,139.9600067138672,145.32000732421875,139.0,144.9199981689453,19369441
2023-05-31,144.72000122070312,146.75999450683594,143.63999938964844,145.9199981689453,13788165
2023-06-01,145.60000610351562,147.1199951171875,145.44000244140625,146.55999755859375,8004016
2023-06-02,147.1999969482422,152.8000030517578,146.67999267578125,152.36000061035156,24211463
2023-06-05,153.24000549316406,158.0,152.36000061035156,154.9199981689453,19494456
2023-06-06,155.52000427246094,157.75999450683594,153.32000732421875,155.60000610351562,13209340
2023-06-07,156.36000061035156,157.8000030517578,156.0,157.16000366210938,7872700
2023-06-08,156.9600067138672,159.32000732421875,155.8800048828125,157.47999572753906,10582053
2023-06-09,158.39999389648438,159.60000610351562,156.52000427246094,158.9600067138672,7904078
2023-06-12,159.55999755859375,162.39999389648438,159.0399932861328,161.72000122070312,8456271
2023-06-13,162.0399932861328,163.32000732421875,158.39999389648438,162.44000244140625,14186832
2023-06-14,163.52000427246094,163.52000427246094,159.8000030517578,160.83999633789062,13047692
2023-06-15,160.39999389648438,162.63999938964844,159.44000244140625,160.72000122070312,10540327
2023-06-16,157.47999572753906,158.72000122070312,155.39999389648438,157.67999267578125,12326310
2023-06-19,157.67999267578125,159.63999938964844,156.60000610351562,157.8000030517578,9246936
2023-06-20,158.1999969482422,163.60000610351562,157.1999969482422,163.16000366210938,9726607
2023-06-21,163.8000030517578,169.52000427246094,163.36000061035156,167.0399932861328,20756190
2023-06-22,167.16000366210938,167.52000427246094,160.8000030517578,162.60000610351562,11657516
2023-06-23,162.36000061035156,163.1999969482422,159.0800018310547,160.1199951171875,9072837
2023-06-26,160.1999969482422,162.9199981689453,158.47999572753906,159.8800048828125,9280932
2023-06-27,160.9600067138672,167.16000366210938,160.72000122070312,166.27999877929688,19047221
2023-06-28,167.0,175.44000244140625,166.39999389648438,174.24000549316406,32094496
2023-06-30,176.0,176.1999969482422,171.44000244140625,172.72000122070312,16951743
2023-07-03,173.55999755859375,178.67999267578125,172.39999389648438,175.8000030517578,12784213
2023-07-04,175.8800048828125,179.0399932861328,173.24000549316406,177.0,14872598
2023-07-05,177.60000610351562,180.27999877929688,176.8800048828125,178.63999938964844,9635371
2023-07-06,178.60000610351562,181.32000732421875,177.72000122070312,178.9199981689453,8983942
2023-07-07,178.8000030517578,179.39999389648438,175.0800018310547,177.0399932861328,9032541
2023-07-10,177.0399932861328,180.36000061035156,174.0800018310547,179.60000610351562,11836860
2023-07-11,179.63999938964844,184.32000732421875,179.60000610351562,181.67999267578125,27521285
2023-07-12,182.16000366210938,184.0399932861328,180.47999572753906,181.8000030517578,11875910
2023-07-13,182.55999755859375,182.9199981689453,177.60000610351562,179.72000122070312,10619100
2023-07-14,180.8000030517578,181.1199951171875,178.32000732421875,179.67999267578125,7757530
2023-07-17,180.0,181.52000427246094,178.0,178.72000122070312,7938596
2023-07-18,178.72000122070312,181.0,176.0399932861328,177.36000061035156,14288727
2023-07-19,177.60000610351562,181.60000610351562,176.52000427246094,181.1199951171875,9563980
2023-07-20,181.60000610351562,182.8000030517578,180.0399932861328,180.9600067138672,6992561
2023-07-21,180.72000122070312,182.67999267578125,179.8800048828125,181.60000610351562,7056545
2023-07-24,184.0,195.1999969482422,183.32000732421875,191.8000030517578,27932963
2023-07-25,193.55999755859375,194.75999450683594,188.32000732421875,190.60000610351562,14752168
2023-07-26,190.8000030517578,195.60000610351562,189.52000427246094,194.16000366210938,12038222
2023-07-27,195.9600067138672,204.1199951171875,194.47999572753906,202.67999267578125,26304320
2023-07-28,203.44000244140625,208.1199951171875,201.67999267578125,204.67999267578125,16384307
2023-07-31,204.8000030517578,209.60000610351562,203.1999969482422,209.1199951171875,14236327
2023-08-01,209.72000122070312,210.52000427246094,205.24000549316406,207.0800018310547,11212380
2023-08-02,206.39999389648438,211.47999572753906,199.63999938964844,205.0399932861328,16122036
2023-08-03,204.0,209.55999755859375,202.60000610351562,208.1199951171875,13853421
2023-08-04,208.1199951171875,210.32000732421875,205.72000122070312,206.8800048828125,10243822
2023-08-07,206.83999633789062,214.36000061035156,206.16000366210938,213.47999572753906,19592147
2023-08-08,216.0,221.44000244140625,208.0399932861328,215.1999969482422,38293583
2023-08-09,215.9600067138672,216.9199981689453,212.27999877929688,216.0399932861328,12734777
2023-08-10,216.0399932861328,216.72000122070312,210.83999633789062,213.63999938964844,12885501
2023-08-11,217.1999969482422,218.0399932861328,209.27999877929688,211.24000549316406,24759160
2023-08-14,210.32000732421875,214.8000030517578,206.36000061035156,211.24000549316406,16369013
2023-08-16,210.39999389648438,213.55999755859375,208.47999572753906,211.36000061035156,10764313
2023-08-17,211.32000732421875,217.47999572753906,210.9199981689453,216.67999267578125,22827203
2023-08-18,216.60000610351562,219.52000427246094,212.16000366210938,214.8000030517578,15978257
2023-08-21,215.75999450683594,217.55999755859375,213.27999877929688,216.0399932861328,14616437
2023-08-22,217.1199951171875,221.75999450683594,216.0800018310547,218.47999572753906,15832807
2023-08-23,219.1999969482422,220.1999969482422,217.32000732421875,218.67999267578125,10786048
2023-08-24,220.36000061035156,221.24000549316406,216.16000366210938,216.55999755859375,10437083
2023-08-25,217.1999969482422,219.52000427246094,211.44000244140625,216.0399932861328,18390451
2023-08-28,217.1199951171875,218.36000061035156,214.63999938964844,217.63999938964844,20674040
2023-08-29,218.39999389648438,219.0399932861328,214.8000030517578,216.0,21612353
2023-08-30,218.16000366210938,219.44000244140625,216.8800048828125,218.27999877929688,19494892
2023-08-31,219.1999969482422,221.44000244140625,205.0800018310547,208.16000366210938,205689248
2023-09-01,205.44000244140625,209.39999389648438,200.44000244140625,205.9199981689453,31886045
2023-09-04,207.16000366210938,211.8000030517578,205.52000427246094,211.36000061035156,17449756
2023-09-05,211.32000732421875,212.0399932861328,208.44000244140625,209.67999267578125,18024101
2023-09-06,209.67999267578125,209.67999267578125,203.83999633789062,206.0,13072843
2023-09-07,207.1199951171875,218.39999389648438,205.60000610351562,217.47999572753906,24056615
2023-09-08,218.60000610351562,245.52000427246094,216.8000030517578,244.0800018310547,82791157
2023-09-11,247.9199981689453,251.1199951171875,242.24000549316406,244.9600067138672,32528622
2023-09-12,247.0399932861328,247.0399932861328,225.60000610351562,226.32000732421875,32072173
2023-09-13,227.0800018310547,230.32000732421875,220.47999572753906,222.55999755859375,22854207
2023-09-14,225.60000610351562,226.75999450683594,219.83999633789062,223.63999938964844,20229285
2023-09-15,224.8800048828125,228.52000427246094,220.9600067138672,223.52000427246094,16840451
2023-09-18,224.0800018310547,230.9600067138672,223.0399932861328,229.9199981689453,21777587
2023-09-20,231.1999969482422,234.63999938964844,228.24000549316406,229.52000427246094,24146948
2023-09-21,229.60000610351562,236.25,225.25,229.6999969482422,19969152
2023-09-22,231.0,239.60000610351562,230.39999389648438,238.39999389648438,19853464
2023-09-25,239.35000610351562,241.14999389648438,236.5500030517578,238.1999969482422,10640362
2023-09-26,238.1999969482422,239.14999389648438,232.89999389648438,234.39999389648438,10324176
2023-09-27,236.14999389648438,254.10000610351562,235.4499969482422,249.64999389648438,41395652
2023-09-28,249.75,250.35000610351562,243.4499969482422,244.89999389648438,17882450
2023-09-29,248.5,254.25,247.1999969482422,251.89999389648438,20556307
2023-10-03,251.0,254.0,247.5,250.9499969482422,20505684
2023-10-04,250.9499969482422,252.1999969482422,240.75,243.89999389648438,11248912
2023-10-05,246.5,246.85000610351562,239.85000610351562,240.5500030517578,6991188
2023-10-06,242.60000610351562,248.25,238.25,246.3000030517578,10502776
2023-10-09,243.0,245.25,239.0,240.25,12865038
2023-10-10,242.3000030517578,251.25,240.10000610351562,249.9499969482422,21120310
2023-10-11,253.0,255.5,247.89999389648438,250.0,16901311
2023-10-12,251.14999389648438,253.8000030517578,248.0,248.4499969482422,8856652
2023-10-13,248.0,252.5500030517578,246.85000610351562,250.14999389648438,6963745
2023-10-16,251.0,258.20001220703125,250.5,251.89999389648438,15828545
2023-10-17,253.9499969482422,254.75,250.5,251.39999389648438,7959854
2023-10-18,251.10000610351562,253.5500030517578,244.10000610351562,245.85000610351562,8849737
2023-10-19,244.5,250.75,242.1999969482422,249.0500030517578,10354590
2023-10-20,248.8000030517578,250.35000610351562,244.3000030517578,247.5,9772348
2023-10-23,247.5,250.9499969482422,240.60000610351562,244.14999389648438,16263512
2023-10-25,245.89999389648438,247.60000610351562,234.4499969482422,237.1999969482422,12354938
2023-10-26,235.0,236.0,225.5,230.35000610351562,19102624
2023-10-27,234.5,241.0,232.1999969482422,237.5500030517578,8633736
2023-10-30,238.14999389648438,239.60000610351562,233.35000610351562,238.9499969482422,8589899
2023-10-31,240.89999389648438,247.6999969482422,239.75,246.60000610351562,11247490
2023-11-01,246.9499969482422,249.1999969482422,237.85000610351562,242.1999969482422,11485017
2023-11-02,245.14999389648438,259.79998779296875,245.0,257.6499938964844,31788640
2023-11-03,259.8500061035156,262.8500061035156,256.75,261.70001220703125,13074986
2023-11-06,263.95001220703125,264.6499938964844,257.79998779296875,260.75,15066704
2023-11-07,261.70001220703125,266.3500061035156,259.70001220703125,263.04998779296875,12712137
2023-11-08,264.95001220703125,265.8999938964844,260.0,263.54998779296875,7008956
2023-11-09,267.0,280.5,265.45001220703125,277.29998779296875,46645094
2023-11-10,276.3500061035156,288.8999938964844,276.04998779296875,287.70001220703125,26451061
2023-11-13,297.0,319.79998779296875,293.75,307.5,56941773
2023-11-15,309.0,317.95001220703125,302.0,310.3999938964844,29545189
2023-11-16,310.0,315.75,306.0,310.29998779296875,16593003
2023-11-17,311.25,317.95001220703125,310.04998779296875,316.25,15707486
2023-11-20,316.95001220703125,325.5,315.45001220703125,324.25,19353142
2023-11-21,326.6000061035156,328.6499938964844,315.6000061035156,319.54998779296875,22453701
2023-11-22,320.0,323.6000061035156,317.20001220703125,319.95001220703125,9908872
2023-11-23,321.5,323.0,317.5,320.75,7050700
2023-11-24,316.75,318.3999938964844,312.1499938964844,314.95001220703125,8179159
2023-11-28,314.95001220703125,322.0,309.54998779296875,320.54998779296875,12393794
2023-11-29,322.04998779296875,329.79998779296875,318.6000061035156,328.1000061035156,13325273
2023-11-30,328.1000061035156,338.25,325.70001220703125,334.8999938964844,42144243
2023-12-01,340.0,368.3500061035156,337.0,365.1499938964844,51298211
2023-12-04,382.0,386.25,370.95001220703125,371.70001220703125,33279982
2023-12-05,373.0,379.3999938964844,369.70001220703125,377.25,16714263
2023-12-06,379.1000061035156,387.8999938964844,375.79998779296875,378.6000061035156,15204248
2023-12-07,380.0,381.8999938964844,374.5,377.1000061035156,9186451
2023-12-08,378.70001220703125,390.70001220703125,378.1000061035156,384.6000061035156,22241955
2023-12-11,386.0,393.0,381.20001220703125,389.54998779296875,11743284
2023-12-12,391.3500061035156,392.75,385.1000061035156,389.70001220703125,9651220
2023-12-13,392.04998779296875,424.0,391.29998779296875,421.79998779296875,47230397
2023-12-14,425.6000061035156,428.75,415.54998779296875,423.1000061035156,22525232
2023-12-15,423.29998779296875,426.29998779296875,410.0,412.29998779296875,19759589
2023-12-18,412.29998779296875,416.70001220703125,405.75,411.79998779296875,14104514
2023-12-19,413.8999938964844,414.75,402.04998779296875,408.75,10528820
2023-12-20,410.20001220703125,412.0,376.95001220703125,381.8500061035156,22211254
2023-12-21,376.0,391.8500061035156,368.3500061035156,388.8500061035156,23330278
2023-12-22,392.0,396.5,381.54998779296875,386.8999938964844,13356416
2023-12-26,388.0,399.0,385.20001220703125,392.25,13629896
2023-12-27,394.6000061035156,395.6499938964844,382.54998779296875,384.79998779296875,11269286
2023-12-28,386.70001220703125,393.04998779296875,383.79998779296875,384.8999938964844,12371827
2023-12-29,388.0,389.0,379.5,382.6000061035156,10589854
2024-01-01,383.8999938964844,400.0,381.0,395.04998779296875,15293334
2024-01-02,395.0,395.25,382.75,389.6499938964844,11799148
2024-01-03,389.0,401.29998779296875,385.0,393.1000061035156,13107047
2024-01-04,397.79998779296875,409.0,397.1000061035156,405.75,19291259
2024-01-05,407.70001220703125,408.3500061035156,398.1000061035156,404.0,7735119
2024-01-08,405.79998779296875,412.70001220703125,401.3999938964844,405.75,8020666
2024-01-09,409.3999938964844,411.79998779296875,391.04998779296875,393.79998779296875,12629573
2024-01-10,396.0,396.0,380.79998779296875,390.5,12513678
2024-01-11,392.5,402.20001220703125,391.6499938964844,395.5,8305839
2024-01-12,397.0,402.75,393.1000061035156,401.79998779296875,8217329
2024-01-15,403.0,412.3500061035156,399.54998779296875,409.5,10263830
2024-01-16,409.79998779296875,413.95001220703125,394.70001220703125,400.45001220703125,11079183
2024-01-17,395.0,402.45001220703125,390.0,392.54998779296875,8845319
2024-01-18,393.04998779296875,396.5,379.20001220703125,392.70001220703125,11680203
2024-01-19,397.0,413.6000061035156,396.1499938964844,412.3500061035156,16111152
2024-01-23,430.0,430.29998779296875,382.5,395.54998779296875,28172910
2024-01-24,399.0,422.95001220703125,390.04998779296875,421.75,26232960
2024-01-25,424.95001220703125,425.6499938964844,414.1499938964844,419.0,12426317
2024-01-29,422.95001220703125,448.45001220703125,421.6000061035156,446.75,38320305
2024-01-30,450.0,453.70001220703125,440.75,444.8999938964844,18743455
2024-01-31,442.29998779296875,445.29998779296875,437.1000061035156,443.25,12612238
2024-02-01,447.0,449.5,439.45001220703125,445.75,12778899
2024-02-02,448.1000061035156,461.5,448.1000061035156,450.79998779296875,13316207
2024-02-05,454.79998779296875,464.5,447.79998779296875,458.1499938964844,15932526
2024-02-06,461.29998779296875,461.29998779296875,445.1000061035156,454.0,9403608
2024-02-07,451.0,469.8999938964844,451.0,469.0,11983832
2024-02-08,470.95001220703125,477.79998779296875,464.1499938964844,468.54998779296875,14788511
2024-02-09,463.0,463.0,406.75,428.8500061035156,56589108
2024-02-12,429.0,435.25,412.95001220703125,424.1499938964844,30349202
2024-02-13,419.8999938964844,426.70001220703125,414.6000061035156,420.5,14073386
2024-02-14,416.0,437.95001220703125,411.04998779296875,434.6000061035156,11114379
2024-02-15,437.04998779296875,438.3999938964844,430.04998779296875,435.45001220703125,6467934
2024-02-16,437.79998779296875,437.79998779296875,427.1000061035156,433.70001220703125,8544311
2024-02-19,433.75,442.95001220703125,430.0,431.1499938964844,5880131
2024-02-20,426.5,430.79998779296875,422.1000061035156,426.1000061035156,6734331
2024-02-21,426.0,430.0,411.0,412.3999938964844,7818084
2024-02-22,412.0,417.20001220703125,399.6499938964844,415.6000061035156,12734235
2024-02-23,417.5,419.5,411.25,412.8999938964844,6086377
2024-02-26,411.8500061035156,416.5,405.6499938964844,411.45001220703125,14668409
2024-02-27,407.29998779296875,410.95001220703125,394.1499938964844,401.5,16060760
2024-02-28,401.3500061035156,401.5,387.3999938964844,389.5,11522019
2024-02-29,389.0,403.45001220703125,388.3500061035156,400.70001220703125,18634970
2024-03-01,401.5,415.8999938964844,401.5,413.25,10009056
2024-03-04,416.95001220703125,422.6000061035156,410.54998779296875,421.54998779296875,10217240
2024-03-05,419.8999938964844,425.6499938964844,416.5,417.3500061035156,7545389
2024-03-06,424.8999938964844,432.29998779296875,414.0,424.20001220703125,19232334
2024-03-07,424.5,433.3500061035156,424.5,429.75,12256331
2024-03-11,429.75,433.8999938964844,424.3500061035156,432.54998779296875,16623737
2024-03-12,434.0,435.04998779296875,423.3500061035156,429.04998779296875,15842050
2024-03-13,429.8500061035156,429.95001220703125,392.3500061035156,397.6000061035156,18357786
2024-03-14,397.0,407.3999938964844,390.79998779296875,399.75,18459269
2024-03-15,399.75,401.0,370.29998779296875,381.0,29682116
2024-03-18,377.04998779296875,387.75,371.3999938964844,374.8500061035156,12079910
2024-03-19,375.1000061035156,376.79998779296875,360.1000061035156,362.54998779296875,15002148
2024-03-20,364.8999938964844,367.0,351.70001220703125,361.5,13037554
2024-03-21,368.6000061035156,388.5,368.0,386.75,22051088
2024-03-22,384.3500061035156,394.79998779296875,379.0,391.6499938964844,13733411
2024-03-26,385.54998779296875,396.0,385.54998779296875,394.95001220703125,10930109
2024-03-27,397.0,400.1499938964844,380.25,384.5,28752085
2024-03-28,384.54998779296875,394.20001220703125,384.54998779296875,390.25,12411711
2024-04-01,395.0,404.79998779296875,393.04998779296875,401.20001220703125,9276678
2024-04-02,402.95001220703125,408.45001220703125,395.3500061035156,407.54998779296875,8003458
2024-04-03,405.0,418.20001220703125,402.8500061035156,417.25,10346790
2024-04-04,420.1000061035156,426.8999938964844,412.0,415.0,14146848
2024-04-05,415.0,418.6499938964844,408.0,416.79998779296875,7609006
2024-04-08,419.0,420.45001220703125,409.25,410.3500061035156,9705827
2024-04-09,412.0,414.3500061035156,400.3500061035156,402.75,8624425
2024-04-10,403.0,410.8999938964844,403.0,406.6499938964844,6580214
2024-04-12,405.8999938964844,410.0,402.0,403.0,7368214
2024-04-15,395.0,399.8500061035156,387.6000061035156,392.3999938964844,7965565
2024-04-16,388.20001220703125,399.3999938964844,385.0,396.54998779296875,10543004
2024-04-18,398.25,407.25,393.04998779296875,395.45001220703125,7589176
2024-04-19,392.95001220703125,400.3999938964844,385.1000061035156,398.6499938964844,8788592
2024-04-22,402.20001220703125,408.25,400.25,404.3500061035156,7457201
2024-04-23,406.70001220703125,406.8500061035156,398.04998779296875,399.1000061035156,7401920
2024-04-24,401.0,405.45001220703125,398.25,402.04998779296875,6066000
2024-04-25,400.29998779296875,408.0,399.0,407.04998779296875,7978814
2024-04-26,409.5,412.0,405.1000061035156,406.1499938964844,10419494
2024-04-29,409.79998779296875,416.25,406.1499938964844,415.5,9486965
2024-04-30,419.3999938964844,447.45001220703125,416.5,441.54998779296875,53552269
2024-05-02,448.1499938964844,476.75,443.1499938964844,467.8500061035156,55752960
2024-05-03,471.0,485.5,468.1499938964844,480.45001220703125,28996180
2024-05-06,456.5,458.8500061035156,416.54998779296875,437.79998779296875,66897875
2024-05-07,440.0,441.0,415.29998779296875,421.54998779296875,25818752
2024-05-08,421.0,445.45001220703125,421.0,440.8999938964844,29249669
2024-05-09,439.6000061035156,441.3500061035156,416.5,418.04998779296875,15867846
2024-05-10,423.0,425.29998779296875,407.70001220703125,417.6499938964844,14527463
2024-05-13,419.0,421.29998779296875,402.95001220703125,416.5,13617829
2024-05-14,419.70001220703125,426.20001220703125,416.6000061035156,421.6000061035156,12097891
2024-05-15,423.6000061035156,441.3999938964844,422.70001220703125,436.54998779296875,29319985
2024-05-16,443.0,457.0,439.04998779296875,454.79998779296875,35263613
2024-05-17,457.29998779296875,469.29998779296875,454.0,468.1000061035156,16122079
2024-05-21,465.1000061035156,471.1000061035156,460.20001220703125,469.1000061035156,10578500
2024-05-22,471.3999938964844,471.3999938964844,458.0,464.6000061035156,8295209
2024-05-23,465.0,475.0,461.6000061035156,467.25,12732877
2024-05-24,469.5,499.3999938964844,465.3999938964844,491.6499938964844,33498606
2024-05-27,499.0,521.2999877929688,496.0,513.2000122070312,33290103
2024-05-28,517.5,521.2999877929688,500.29998779296875,517.1500244140625,21588367
2024-05-29,512.9500122070312,524.3499755859375,508.6499938964844,510.1000061035156,18529334
2024-05-30,510.0,516.0,497.04998779296875,500.45001220703125,14291676
2024-05-31,505.0,512.25,479.5,492.45001220703125,31653901
2024-06-03,535.9000244140625,559.0,520.0,554.7999877929688,44287988
2024-06-04,544.9000244140625,544.9000244140625,416.1000061035156,426.75,108815947
2024-06-05,444.70001220703125,450.8500061035156,395.20001220703125,447.1499938964844,52169722
2024-06-06,455.0,490.8500061035156,454.0,472.29998779296875,48961426
2024-06-07,473.0,485.6499938964844,461.04998779296875,483.54998779296875,32944221
2024-06-10,486.0,495.70001220703125,477.0,485.79998779296875,20853211
2024-06-11,485.79998779296875,488.8999938964844,476.1000061035156,486.45001220703125,20122639
2024-06-12,487.0,498.25,484.04998779296875,492.04998779296875,23440337
2024-06-13,496.5,505.8500061035156,492.6000061035156,503.54998779296875,22583735
2024-06-14,506.1000061035156,511.8500061035156,500.29998779296875,510.04998779296875,13048015
2024-06-18,512.5,512.5999755859375,504.5,507.75,12494967
2024-06-19,508.95001220703125,511.8999938964844,494.3999938964844,499.25,8911856
2024-06-20,495.0,495.0,477.79998779296875,481.3500061035156,25848843
2024-06-21,487.0,493.3500061035156,481.0,482.29998779296875,14067512
2024-06-24,481.0,489.45001220703125,472.6000061035156,487.75,14749233
2024-06-25,488.0,490.54998779296875,480.0,483.70001220703125,13567964
2024-06-26,481.54998779296875,486.3500061035156,479.1499938964844,480.04998779296875,10636903
2024-06-27,478.0,491.75,476.45001220703125,479.75,15956471
2024-06-28,481.0,488.6000061035156,479.75,485.1000061035156,8405233
2024-07-01,493.04998779296875,503.0,486.54998779296875,501.25,16866460
2024-07-02,502.29998779296875,506.79998779296875,495.6000061035156,502.6499938964844,26068619
2024-07-03,513.5,533.25,510.5,531.0499877929688,33571765
2024-07-04,536.7999877929688,544.75,530.7000122070312,533.6500244140625,17103459
2024-07-05,534.0,539.4500122070312,529.3499755859375,534.25,10395660
2024-07-08,538.0,559.75,536.4000244140625,549.75,20739673
2024-07-09,552.5,556.5,541.5499877929688,550.1500244140625,13179449
2024-07-10,552.0,567.5999755859375,535.0,560.7999877929688,23340064
2024-07-11,565.8499755859375,573.7999877929688,559.7999877929688,570.5999755859375,10824586
2024-07-12,573.5999755859375,580.0,548.0499877929688,555.1500244140625,13831121
2024-07-15,560.9000244140625,566.3499755859375,553.4500122070312,558.0,12094299
2024-07-16,559.0,561.6500244140625,546.0,549.5499877929688,7358534
2024-07-18,548.0,556.8499755859375,534.0499877929688,547.5999755859375,12703877
2024-07-19,544.0,552.0,532.0,533.7000122070312,10053221
2024-07-22,528.0,547.7000122070312,526.2000122070312,544.5999755859375,8561902
2024-07-23,546.5,551.8499755859375,505.0,523.5499877929688,22524978
2024-07-24,523.5499877929688,537.25,520.0499877929688,525.0999755859375,9022966
2024-07-25,521.0,527.2999877929688,514.75,525.0499877929688,6448853
2024-07-26,529.9500122070312,541.3499755859375,521.0999755859375,538.9500122070312,9126406
2024-07-29,539.0,554.8499755859375,537.0,552.8499755859375,11024457
2024-07-30,553.7999877929688,562.5,547.25,554.7000122070312,10069484
2024-07-31,555.25,558.7000122070312,551.0,556.7999877929688,6337213
2024-08-01,552.0499877929688,559.5,541.5,542.8499755859375,10651189
2024-08-02,535.0,539.7999877929688,525.3499755859375,526.2999877929688,11584967
2024-08-05,505.1000061035156,524.1500244140625,490.70001220703125,498.04998779296875,23854293
2024-08-06,506.0,527.5999755859375,471.3500061035156,474.04998779296875,27196447
2024-08-07,494.5,501.70001220703125,478.0,492.45001220703125,24072515
2024-08-08,495.0,503.3999938964844,486.3500061035156,492.1499938964844,13999802
2024-08-09,499.6000061035156,508.8500061035156,495.04998779296875,500.6499938964844,10489233
2024-08-12,499.8999938964844,503.45001220703125,490.70001220703125,496.6499938964844,5783366
2024-08-13,491.0,497.8999938964844,481.0,482.6499938964844,10669859
2024-08-14,485.0,488.25,478.8500061035156,484.6499938964844,7413761
2024-08-16,493.5,505.1499938964844,489.04998779296875,504.25,10378455
2024-08-19,507.0,512.9500122070312,503.1499938964844,504.95001220703125,5700618
2024-08-20,508.8999938964844,522.6500244140625,504.1499938964844,521.2000122070312,12169319
2024-08-21,521.2000122070312,524.2999877929688,511.6000061035156,515.6500244140625,7836483
2024-08-22,518.7999877929688,519.0499877929688,514.25,517.5,4109631
2024-08-23,520.5,523.0,513.5,514.7999877929688,5850297
2024-08-26,520.1500244140625,521.5499877929688,511.5,514.4000244140625,4077934
2024-08-27,515.0,538.0,512.25,536.4500122070312,19377943
2024-08-28,538.5,545.5,531.5499877929688,539.25,11607989
2024-08-29,546.0,556.5,540.4500122070312,554.4500122070312,19514561
2024-08-30,554.7999877929688,560.0,547.0999755859375,549.5499877929688,10222982
2024-09-02,552.5999755859375,554.0499877929688,540.0999755859375,547.1500244140625,5741792
2024-09-03,547.0,561.7999877929688,540.1500244140625,558.8499755859375,9786096
2024-09-04,548.5,556.4000244140625,546.0,555.2999877929688,6377748
2024-09-05,557.0,566.4000244140625,555.3499755859375,558.25,8554799
2024-09-06,555.0,558.8499755859375,541.5499877929688,545.2999877929688,9565966
2024-09-09,541.0,544.4500122070312,513.2000122070312,523.5999755859375,20183113
2024-09-10,528.5,528.5,508.54998779296875,510.75,14833993
2024-09-11,511.0,515.5,499.29998779296875,501.3999938964844,7623569
2024-09-12,505.45001220703125,509.45001220703125,494.0,506.29998779296875,12346929
2024-09-13,510.70001220703125,511.29998779296875,497.0,499.5,7734239
2024-09-16,503.0,503.20001220703125,488.29998779296875,491.04998779296875,7632924
2024-09-17,490.0,490.45001220703125,476.8500061035156,482.45001220703125,14392518
2024-09-18,489.0,500.5,486.3500061035156,492.04998779296875,15330542
2024-09-19,495.75,501.0,462.70001220703125,480.70001220703125,15783626
2024-09-20,483.70001220703125,488.29998779296875,476.75,481.8999938964844,13890094
2024-09-23,485.0,494.5,482.3999938964844,491.20001220703125,6327029
2024-09-24,490.0,493.54998779296875,486.04998779296875,489.95001220703125,8389458
2024-09-25,491.0,491.3500061035156,480.3999938964844,483.45001220703125,9526068
2024-09-26,485.0,485.0,475.1499938964844,480.45001220703125,8617212
2024-09-27,478.79998779296875,495.95001220703125,478.6000061035156,493.8500061035156,11361968
2024-09-30,492.0,498.8500061035156,486.1000061035156,488.04998779296875,8142211
2024-10-01,490.0,505.04998779296875,489.0,494.1000061035156,12786542
2024-10-03,487.8500061035156,491.75,464.5,467.54998779296875,19202233
2024-10-04,467.54998779296875,469.6499938964844,457.6499938964844,463.3500061035156,11408576
2024-10-07,467.0,469.79998779296875,437.0,438.6499938964844,16775124
2024-10-08,436.5,469.0,432.3999938964844,465.8500061035156,18224193
2024-10-09,467.45001220703125,477.5,467.45001220703125,470.79998779296875,9023720
2024-10-10,474.95001220703125,481.3500061035156,471.0,471.95001220703125,7209670
2024-10-11,469.6000061035156,472.6000061035156,462.75,467.8500061035156,5568364
2024-10-14,469.95001220703125,478.95001220703125,466.79998779296875,473.6000061035156,5758201
2024-10-15,478.0,482.0,474.0,476.75,6280066
2024-10-16,476.8999938964844,483.20001220703125,476.3500061035156,479.20001220703125,5929705
2024-10-17,480.0,480.95001220703125,467.45001220703125,469.45001220703125,5208293
2024-10-18,468.79998779296875,473.75,457.29998779296875,472.70001220703125,7642993
2024-10-21,473.5,474.45001220703125,460.1000061035156,463.95001220703125,4850471
2024-10-22,462.0,465.20001220703125,441.04998779296875,442.3999938964844,10178704
2024-10-23,442.0,446.25,426.54998779296875,438.3500061035156,10169698
2024-10-24,437.0,455.70001220703125,436.04998779296875,453.1000061035156,9477665
2024-10-25,454.0,458.0,431.0,438.1000061035156,8904455
2024-10-28,441.0,458.0,440.5,450.6499938964844,11251735
2024-10-29,453.0,474.0,446.20001220703125,472.1499938964844,13329768
2024-10-30,472.1499938964844,474.25,462.75,463.6499938964844,9061400
2024-10-31,464.3999938964844,465.95001220703125,449.1499938964844,454.95001220703125,6917895
2024-11-01,460.0,460.75,456.1000061035156,459.1000061035156,901996
2024-11-04,463.0,463.0,442.8999938964844,451.04998779296875,9325508
2024-11-05,450.0,464.8500061035156,436.6499938964844,461.5,9875420
2024-11-06,464.0,469.3999938964844,459.3500061035156,467.54998779296875,7221536
2024-11-07,467.5,469.3999938964844,460.54998779296875,462.0,5072697
2024-11-08,461.8999938964844,462.1000061035156,447.6000061035156,449.3999938964844,5816760
2024-11-11,454.25,489.3999938964844,454.25,481.8500061035156,29014155
2024-11-12,485.0,486.6499938964844,465.5,467.1499938964844,12030749
2024-11-13,469.1000061035156,472.0,453.29998779296875,461.45001220703125,12532360
2024-11-14,463.1499938964844,467.6499938964844,451.79998779296875,454.70001220703125,8930823
2024-11-18,461.95001220703125,468.3999938964844,456.1499938964844,459.20001220703125,9440643
2024-11-19,470.0,479.5,467.04998779296875,471.3999938964844,16795032
2024-11-21,470.95001220703125,470.95001220703125,432.79998779296875,453.3500061035156,29932392
2024-11-22,458.5,479.5,454.6000061035156,477.95001220703125,16196571
2024-11-25,490.0,505.3500061035156,480.0,481.5,22624407
2024-11-26,485.0,492.29998779296875,482.20001220703125,484.3999938964844,8322135
2024-11-27,487.54998779296875,494.8500061035156,481.79998779296875,491.1000061035156,6332307
2024-11-28,492.3999938964844,501.1000061035156,491.29998779296875,494.0,9185839
2024-11-29,495.70001220703125,499.3999938964844,490.5,495.29998779296875,7808841
2024-12-02,494.0,497.45001220703125,490.0,495.75,5868905
2024-12-03,496.79998779296875,504.25,494.1499938964844,501.1499938964844,6421930
2024-12-04,502.8999938964844,516.7000122070312,502.5,510.0,10064890
2024-12-05,511.95001220703125,514.1500244140625,501.3999938964844,512.2000122070312,6481631
2024-12-06,514.9000244140625,523.9000244140625,512.0,513.75,10442708
2024-12-09,515.0,521.9500122070312,514.0,515.3499755859375,8490785
2024-12-10,517.7000122070312,521.0999755859375,513.8499755859375,517.1500244140625,5999627
2024-12-11,517.0,520.0,511.25,513.0,5559349
2024-12-12,514.4000244140625,514.4000244140625,507.1000061035156,507.75,3709754
2024-12-13,507.0,507.3500061035156,490.5,504.25,4617836
2024-12-16,505.79998779296875,513.2999877929688,505.1000061035156,507.1000061035156,3621956
2024-12-17,506.5,513.25,496.54998779296875,498.3999938964844,7148005
2024-12-18,496.29998779296875,498.3999938964844,483.0,487.1000061035156,5353446
2024-12-19,479.8999938964844,483.75,469.75,480.45001220703125,6612923
2024-12-20,481.0,482.5,451.0,453.29998779296875,18725117
2024-12-23,459.95001220703125,460.5,449.20001220703125,456.5,5194191
2024-12-24,458.29998779296875,459.79998779296875,440.0,451.20001220703125,3378648
2024-12-26,453.0,464.25,451.6499938964844,463.25,5751347
2024-12-27,465.0,466.75,450.79998779296875,452.04998779296875,3933285
2024-12-30,453.95001220703125,455.5,436.0,440.45001220703125,31939693
2024-12-31,441.79998779296875,449.8999938964844,441.20001220703125,448.5,6078911
2025-01-01,450.0,450.45001220703125,443.54998779296875,448.29998779296875,2624150
2025-01-02,448.5,460.6000061035156,447.0,459.3500061035156,7550076
2025-01-03,463.5,474.8500061035156,460.29998779296875,464.79998779296875,12857999
2025-01-06,468.29998779296875,468.29998779296875,443.54998779296875,446.5,6541592
2025-01-07,448.8500061035156,451.79998779296875,442.6000061035156,446.29998779296875,4817004
2025-01-08,446.29998779296875,447.8999938964844,430.20001220703125,434.8999938964844,7504204
2025-01-09,435.5,436.8999938964844,420.25,421.95001220703125,6771171
2025-01-10,421.0,422.3999938964844,401.3999938964844,404.20001220703125,9418630
2025-01-13,397.1000061035156,408.3500061035156,387.0,389.29998779296875,11102746
2025-01-14,395.45001220703125,419.3999938964844,393.6000061035156,417.3999938964844,16819358
2025-01-15,424.29998779296875,432.8500061035156,419.45001220703125,427.54998779296875,11942821
2025-01-16,434.5,440.75,432.70001220703125,435.3999938964844,11304640
2025-01-17,435.95001220703125,439.0,429.79998779296875,433.45001220703125,5109364
2025-01-20,436.8999938964844,442.0,431.20001220703125,436.8999938964844,4692710
2025-01-21,436.95001220703125,439.45001220703125,425.6000061035156,427.8999938964844,5673560
2025-01-22,427.0,428.0,412.3500061035156,420.6000061035156,7990557
2025-01-23,418.6499938964844,423.8500061035156,415.5,421.25,5201731
2025-01-24,421.29998779296875,423.70001220703125,407.1000061035156,408.3999938964844,5521223
2025-01-27,404.20001220703125,404.8999938964844,387.0,389.70001220703125,6919950
2025-01-28,400.0,400.75,379.6499938964844,386.3500061035156,12499818
2025-01-29,387.5,403.79998779296875,385.75,399.1000061035156,8257720
2025-01-30,403.0,416.95001220703125,401.6000061035156,413.70001220703125,12173193
2025-01-31,415.8500061035156,424.3999938964844,407.04998779296875,422.5,7617498
2025-02-01,425.0,431.54998779296875,401.75,404.04998779296875,10136985
2025-02-03,400.0,400.0,378.20001220703125,385.20001220703125,12764889
2025-02-04,396.0,405.79998779296875,392.29998779296875,405.1000061035156,10384731
2025-02-05,406.95001220703125,414.8999938964844,406.3500061035156,412.6000061035156,7661250
2025-02-06,414.8500061035156,417.3999938964844,401.5,405.54998779296875,9100754
2025-02-07,404.0,419.79998779296875,398.0,409.6499938964844,16988216
2025-02-10,408.6499938964844,412.1000061035156,393.8500061035156,396.54998779296875,7130175
2025-02-11,398.04998779296875,399.8500061035156,374.0,375.5,13932310
2025-02-12,375.95001220703125,384.25,362.25,373.8500061035156,18493994
2025-02-13,377.0,390.29998779296875,376.1000061035156,384.5,15685551
2025-02-14,385.75,389.6499938964844,367.8500061035156,371.29998779296875,9111445
2025-02-17,370.8999938964844,378.79998779296875,357.25,372.3500061035156,9524354
2025-02-18,374.0,376.8999938964844,361.25,375.5,9358375
2025-02-19,373.8500061035156,385.54998779296875,369.5,384.45001220703125,10253709
2025-02-20,382.0,394.8999938964844,378.79998779296875,391.70001220703125,8995688
2025-02-21,391.70001220703125,396.95001220703125,385.04998779296875,389.70001220703125,6385575
2025-02-24,383.5,387.5,380.8999938964844,382.8500061035156,8201863
2025-02-25,385.25,387.45001220703125,381.04998779296875,381.95001220703125,6037957
2025-02-27,382.0,387.6000061035156,377.0,378.1000061035156,9653923
2025-02-28,373.5,375.1000061035156,360.6499938964844,364.29998779296875,23690515
2025-03-03,367.6000061035156,382.0,363.5,379.70001220703125,11923586
2025-03-04,374.79998779296875,386.8999938964844,371.5,383.29998779296875,9721898
2025-03-05,381.5,398.0,381.5,395.75,10048929
2025-03-06,405.0,408.79998779296875,400.1000061035156,405.75,7589546
2025-03-07,404.5,408.0,398.0,401.1000061035156,8363854
2025-03-10,400.5,407.0,393.0,394.25,7710492
2025-03-11,388.0,401.6499938964844,384.70001220703125,399.3999938964844,5838218
2025-03-12,402.0,403.8500061035156,388.8999938964844,396.1000061035156,6139396
2025-03-13,397.04998779296875,399.0,387.79998779296875,388.3500061035156,7418570
2025-03-17,388.3500061035156,396.3500061035156,386.3500061035156,389.70001220703125,6963936
2025-03-18,389.70001220703125,389.70001220703125,389.70001220703125,389.70001220703125,0
2025-03-19,400.95001220703125,405.79998779296875,398.70001220703125,403.8999938964844,6805771
2025-03-20,406.0,410.95001220703125,398.1000061035156,402.3500061035156,5519039
2025-03-21,401.0,410.95001220703125,400.0,407.79998779296875,7418546
2025-03-24,411.70001220703125,428.3999938964844,411.1000061035156,425.5,11643524
2025-03-25,430.0,432.8500061035156,417.0,419.25,7814328
2025-03-26,422.0,423.3999938964844,408.6499938964844,410.5,5336807
2025-03-27,410.0,423.25,409.1000061035156,421.0,7153843
2025-03-28,420.95001220703125,428.45001220703125,412.6000061035156,414.25,8470283
2025-04-01,410.0,417.70001220703125,401.70001220703125,404.70001220703125,6298784
2025-04-02,408.0,416.45001220703125,398.8999938964844,415.8500061035156,6384707
2025-04-03,410.0,424.3500061035156,410.0,421.3500061035156,5378877
2025-04-04,421.0,422.6499938964844,403.45001220703125,406.8500061035156,6089301
2025-04-07,374.0,396.70001220703125,371.8999938964844,395.04998779296875,11041175
2025-04-08,400.0,413.29998779296875,395.1000061035156,398.54998779296875,12900567
2025-04-09,399.8999938964844,399.8999938964844,389.0,393.8500061035156,6339983
2025-04-11,401.0,405.3500061035156,398.1000061035156,400.75,5867624
2025-04-15,411.20001220703125,427.0,407.70001220703125,425.54998779296875,9433755
2025-04-16,426.0,430.3999938964844,420.5,423.79998779296875,5962450
2025-04-17,423.0,426.5,417.0,423.70001220703125,6171410
2025-04-21,425.0,438.8999938964844,424.1000061035156,436.25,7625622
2025-04-22,436.25,444.1000061035156,430.54998779296875,438.1499938964844,8222555
2025-04-23,439.70001220703125,441.0,423.5,433.1000061035156,7558664
2025-04-24,432.54998779296875,436.45001220703125,428.45001220703125,434.20001220703125,6093751
2025-04-25,434.0,436.70001220703125,410.75,415.04998779296875,8782826
2025-04-28,415.04998779296875,425.6000061035156,412.29998779296875,419.54998779296875,6646961
2025-04-29,420.6499938964844,427.8999938964844,412.8999938964844,413.5,5520460
2025-04-30,413.5,415.1499938964844,405.0,407.3999938964844,5430500
2025-05-02,407.0,416.5,403.70001220703125,404.70001220703125,5838633
2025-05-05,410.20001220703125,413.75,407.0,410.3999938964844,3849153
2025-05-06,410.3999938964844,411.8999938964844,393.3999938964844,395.3999938964844,5473528
2025-05-07,393.3999938964844,405.70001220703125,392.20001220703125,404.29998779296875,5827411
2025-05-08,405.5,409.6000061035156,387.0,390.29998779296875,8406346
2025-05-09,387.3999938964844,391.6499938964844,381.1000061035156,385.8999938964844,8952332
2025-05-12,401.0,415.0,400.0,413.95001220703125,6534063
2025-05-13,412.0,416.29998779296875,409.04998779296875,412.3500061035156,5902455
2025-05-14,413.25,419.75,403.1499938964844,405.5,12063302
2025-05-15,405.29998779296875,408.95001220703125,401.54998779296875,407.1000061035156,9174908
2025-05-16,408.0,423.20001220703125,407.5,417.75,13040115
2025-05-19,419.0,424.5,418.0,419.20001220703125,6144525
2025-05-20,420.20001220703125,422.5,405.04998779296875,406.25,7787229
2025-05-21,407.0,420.95001220703125,401.75,412.70001220703125,16780984
2025-05-22,413.0,413.79998779296875,403.0,406.6000061035156,11486658
2025-05-23,407.1000061035156,409.70001220703125,402.5,405.79998779296875,6801449
2025-05-26,408.0,414.54998779296875,407.20001220703125,412.5,4774997
2025-05-27,412.3500061035156,414.6000061035156,408.29998779296875,413.1000061035156,5189625
2025-05-28,413.1000061035156,417.75,410.29998779296875,411.75,3574669
2025-05-29,414.0,415.04998779296875,408.5,413.5,3763771
2025-05-30,412.0,415.8999938964844,404.5,405.95001220703125,10039873
2025-06-02,406.0,411.70001220703125,404.1000061035156,409.3500061035156,4041431
2025-06-03,410.0,415.70001220703125,405.0,407.25,4671387
2025-06-04,408.0,409.8999938964844,402.25,404.79998779296875,4366667
2025-06-05,407.0,411.8500061035156,406.5,407.8999938964844,3695619
2025-06-06,407.8999938964844,421.5,404.20001220703125,418.3999938964844,11031104
2025-06-09,422.8999938964844,432.6000061035156,421.29998779296875,431.0,9586201
2025-06-10,434.54998779296875,434.54998779296875,427.70001220703125,431.45001220703125,4964863
2025-06-11,431.45001220703125,436.20001220703125,425.45001220703125,428.6499938964844,4662364
2025-06-12,427.0,429.20001220703125,413.75,415.75,7636464
2025-06-13,401.0,408.04998779296875,401.0,406.45001220703125,7340189
2025-06-16,406.6499938964844,408.25,397.20001220703125,406.54998779296875,4875821
2025-06-17,406.54998779296875,411.54998779296875,402.20001220703125,403.1000061035156,4437622
2025-06-18,403.0,406.0,394.20001220703125,397.04998779296875,4637176
2025-06-19,395.29998779296875,398.8500061035156,388.6000061035156,390.3500061035156,5562987
2025-06-20,398.5,415.0,397.3500061035156,409.04998779296875,40786410
2025-06-23,404.29998779296875,414.20001220703125,403.5,410.8999938964844,5128511
2025-06-24,417.0,420.79998779296875,412.8999938964844,413.70001220703125,5682297
2025-06-25,417.95001220703125,417.95001220703125,410.54998779296875,412.8999938964844,5208380
2025-06-26,415.0,421.0,413.6000061035156,420.25,4936949
2025-06-27,424.0,427.79998779296875,419.3500061035156,421.54998779296875,5893639
2025-06-30,424.3999938964844,429.8999938964844,422.29998779296875,427.3999938964844,8309295
2025-07-01,429.6499938964844,429.6499938964844,418.1499938964844,423.6499938964844,5986456
2025-07-02,423.0,425.1499938964844,416.5,418.3999938964844,5958682
2025-07-03,419.5,422.45001220703125,414.8500061035156,415.45001220703125,4471741
2025-07-04,415.70001220703125,419.6499938964844,412.20001220703125,413.25,4544818
2025-07-07,413.6499938964844,414.70001220703125,409.75,411.5,3269596
2025-07-08,411.5,420.95001220703125,411.04998779296875,419.79998779296875,4918959
2025-07-09,420.0,421.79998779296875,415.29998779296875,417.75,3945567
2025-07-10,425.75,432.45001220703125,422.29998779296875,429.45001220703125,26178377
2025-07-11,431.79998779296875,438.3500061035156,427.70001220703125,430.95001220703125,14700458
2025-07-14,429.8500061035156,432.0,421.1000061035156,425.20001220703125,4986863
2025-07-15,425.20001220703125,430.45001220703125,423.70001220703125,425.1000061035156,3974226
2025-07-16,425.0,426.8999938964844,421.6499938964844,423.75,3701435
2025-07-17,423.75,424.8500061035156,420.25,424.1000061035156,4052726
2025-07-18,424.1000061035156,426.8500061035156,418.1000061035156,420.45001220703125,5218834
2025-07-21,419.04998779296875,420.6000061035156,414.25,419.79998779296875,4051980
2025-07-22,420.20001220703125,423.70001220703125,414.1499938964844,414.70001220703125,3407343
2025-07-23,416.75,420.0,411.29998779296875,419.1499938964844,3652329
2025-07-24,419.1499938964844,423.3500061035156,416.25,422.1499938964844,2781973
2025-07-25,422.1499938964844,423.3999938964844,413.70001220703125,415.1000061035156,4213376
2025-07-28,414.8500061035156,417.0,404.3999938964844,405.1499938964844,3493261
2025-07-29,403.0,411.5,401.3500061035156,410.6000061035156,4343591
2025-07-30,410.70001220703125,414.20001220703125,408.6000061035156,411.8999938964844,2147122
2025-07-31,406.6000061035156,412.6000061035156,403.3500061035156,409.95001220703125,3924392
2025-08-01,408.1000061035156,409.20001220703125,403.0,403.8500061035156,2424645
2025-08-04,404.0,414.3999938964844,403.1000061035156,413.75,3031304
2025-08-05,415.0,416.5,410.70001220703125,413.5,3014252
2025-08-06,413.54998779296875,419.79998779296875,405.5,415.75,10816716
2025-08-07,416.79998779296875,416.79998779296875,403.6000061035156,408.95001220703125,8387797
2025-08-08,409.0,409.6499938964844,403.45001220703125,404.6499938964844,6103086
2025-08-11,405.8999938964844,419.8999938964844,405.45001220703125,418.79998779296875,9713008
2025-08-12,419.0,424.8999938964844,414.54998779296875,415.70001220703125,6429327
2025-08-13,417.0,419.6499938964844,415.25,417.75,3883695
2025-08-14,419.0,419.79998779296875,413.8999938964844,416.5,3680607
2025-08-18,419.79998779296875,419.79998779296875,407.5,408.70001220703125,6119780
2025-08-19,409.54998779296875,413.1499938964844,406.5,410.0,5315976
2025-08-20,409.95001220703125,411.29998779296875,403.0,403.3999938964844,7517853
2025-08-21,404.75,408.1499938964844,399.29998779296875,400.25,6814781
2025-08-22,400.25,402.70001220703125,394.3999938964844,399.8500061035156,6199157
2025-08-25,399.8500061035156,401.25,398.3999938964844,399.29998779296875,3576487
2025-08-26,398.3999938964844,399.5,387.6499938964844,388.54998779296875,8672494
2025-08-28,388.8500061035156,389.70001220703125,381.0,381.75,6429323
2025-08-29,381.75,383.6000061035156,376.0,379.70001220703125,7398515
2025-09-01,380.0,391.0,379.75,389.54998779296875,3520775
2025-09-02,391.8999938964844,395.75,388.20001220703125,392.6499938964844,4362539
2025-09-03,392.6499938964844,395.8500061035156,391.70001220703125,394.29998779296875,3271472
2025-09-04,397.0,397.95001220703125,389.25,390.04998779296875,2108026
2025-09-05,390.5,396.29998779296875,390.5,394.3999938964844,2886182
2025-09-08,395.29998779296875,398.8500061035156,393.5,395.1499938964844,2699778
2025-09-09,394.6499938964844,397.6499938964844,392.5,392.8999938964844,2829816
2025-09-10,394.04998779296875,400.95001220703125,394.0,398.0,4562765
2025-09-11,398.0,402.75,397.5,399.54998779296875,2141209
2025-09-12,400.0,401.0,394.79998779296875,395.70001220703125,2713735
2025-09-15,395.75,404.75,395.75,401.8500061035156,4377204
2025-09-16,402.5,404.25,400.6499938964844,403.04998779296875,3484057
2025-09-17,404.25,406.6000061035156,402.75,404.79998779296875,5034405
2025-09-18,406.0,411.6499938964844,405.75,408.0,4572862
2025-09-19,407.0,410.45001220703125,407.0,409.1000061035156,4772377
2025-09-22,408.0,411.70001220703125,407.1000061035156,408.8500061035156,3096650
2025-09-23,409.1000061035156,415.0,409.1000061035156,412.8999938964844,4410834
2025-09-24,412.0,414.75,409.6000061035156,410.70001220703125,2610791
2025-09-25,411.0,412.8999938964844,404.0,405.3999938964844,2866572
2025-09-26,405.0,406.54998779296875,395.0,397.29998779296875,4214115
2025-09-29,399.0,407.6499938964844,398.5,406.45001220703125,3646754
2025-09-30,406.1499938964844,411.1000061035156,404.5,410.25,4126060
2025-10-01,410.0,426.3999938964844,408.3500061035156,411.1499938964844,13392846
2025-10-03,411.0,414.45001220703125,406.3999938964844,412.20001220703125,6422810
2025-10-06,410.3500061035156,413.8999938964844,403.70001220703125,405.8999938964844,3131710
2025-10-07,406.45001220703125,409.5,405.8999938964844,408.79998779296875,1919745
2025-10-08,409.5,409.5,398.3500061035156,400.0,4838089
2025-10-09,400.3999938964844,403.6000061035156,398.1000061035156,402.3500061035156,2638307
2025-10-10,404.79998779296875,408.8999938964844,403.0,403.8500061035156,2216904
2025-10-13,402.0,404.29998779296875,400.5,403.1000061035156,2604983
2025-10-14,403.0,404.3999938964844,395.54998779296875,398.0,6584385
2025-10-15,399.5,407.20001220703125,398.5,405.0,5923684
2025-10-16,406.0,408.45001220703125,400.79998779296875,401.54998779296875,4441896
2025-10-17,401.5,401.5,393.5,396.45001220703125,7566342
2025-10-20,398.8999938964844,401.0,396.5,397.95001220703125,4927347
2025-10-21,401.0,401.5,396.95001220703125,398.45001220703125,661678
2025-10-23,403.0,403.79998779296875,395.6000061035156,396.6000061035156,7783176
2025-10-24,396.3999938964844,397.45001220703125,392.20001220703125,393.6000061035156,3294561
2025-10-27,396.0,399.5,394.1000061035156,396.8999938964844,3263341
2025-10-28,397.0,401.8999938964844,393.25,394.6000061035156,5914973
2025-10-29,396.20001220703125,411.0,393.25,408.79998779296875,10111788
2025-10-30,410.6499938964844,411.1000061035156,402.79998779296875,405.04998779296875,5311440
2025-10-31,405.04998779296875,408.75,402.5,403.25,4200882
2025-11-03,403.25,407.0,401.6000061035156,403.3999938964844,3659563
2025-11-04,402.5,406.1000061035156,395.6000061035156,396.20001220703125,5105933
2025-11-06,396.20001220703125,397.95001220703125,385.45001220703125,386.1000061035156,6401150
2025-11-07,386.1000061035156,394.70001220703125,374.20001220703125,380.25,16021457
2025-11-10,378.0,381.6499938964844,374.29998779296875,377.29998779296875,7558172
2025-11-11,378.04998779296875,378.3999938964844,369.5,375.0,8888268
2025-11-12,376.0,380.45001220703125,373.6499938964844,375.29998779296875,5333409
2025-11-13,375.0,377.45001220703125,372.20001220703125,372.8999938964844,5884580
2025-11-14,373.25,375.45001220703125,371.1499938964844,374.6000061035156,4954031
2025-11-17,375.6000061035156,380.20001220703125,375.5,376.3999938964844,5325450
2025-11-18,379.3500061035156,379.3500061035156,373.1499938964844,374.6000061035156,5223085
2025-11-19,374.6000061035156,377.0,372.0,373.6499938964844,5830083
2025-11-20,374.20001220703125,376.3999938964844,372.25,372.75,4429516
2025-11-21,372.75,373.45001220703125,369.0,369.70001220703125,3904024
2025-11-24,370.0,370.8999938964844,362.0,362.6499938964844,11744103
2025-11-25,363.79998779296875,367.0,361.0,361.3999938964844,6113266
2025-11-26,359.0,364.70001220703125,357.54998779296875,362.3999938964844,5145168
2025-11-27,362.3999938964844,367.6499938964844,361.75,365.1499938964844,5016640
2025-11-28,364.0,365.1499938964844,361.04998779296875,362.70001220703125,3452880
2025-12-01,364.20001220703125,365.8500061035156,360.0,360.95001220703125,3010315
2025-12-02,356.3999938964844,363.29998779296875,356.3999938964844,360.29998779296875,4957405
2025-12-03,361.0,361.79998779296875,350.6499938964844,351.95001220703125,7313684
2025-12-04,352.1499938964844,354.6499938964844,350.6000061035156,352.04998779296875,3426935
2025-12-05,351.95001220703125,353.95001220703125,348.79998779296875,352.6499938964844,5225025
2025-12-08,353.1000061035156,353.45001220703125,340.1000061035156,342.45001220703125,7187288
2025-12-09,341.79998779296875,344.0,334.8500061035156,342.5,8160700
2025-12-10,344.6499938964844,348.95001220703125,342.6000061035156,343.8500061035156,7421279
2025-12-11,344.1000061035156,344.5,340.45001220703125,342.54998779296875,4526067
2025-12-12,344.0,345.0,339.79998779296875,344.20001220703125,3751220
2025-12-15,344.0,344.0,337.70001220703125,341.20001220703125,4861434
2025-12-16,340.8999938964844,341.6499938964844,335.0,336.1499938964844,8021854
2025-12-17,336.8999938964844,338.75,334.25,335.6499938964844,4746519
2025-12-18,334.5,337.29998779296875,329.8999938964844,335.04998779296875,5409972
2025-12-19,335.95001220703125,339.25,335.04998779296875,338.70001220703125,8110376
2025-12-22,340.3500061035156,344.6000061035156,339.29998779296875,343.3999938964844,5485124
2025-12-23,344.5,357.0,342.45001220703125,354.8999938964844,9432271
2025-12-24,356.0,357.0,351.04998779296875,352.29998779296875,4097578
2025-12-26,352.29998779296875,357.8999938964844,350.45001220703125,354.6000061035156,4086038
2025-12-29,354.6000061035156,356.1000061035156,350.20001220703125,351.54998779296875,3835579
2025-12-30,351.54998779296875,352.0,348.75,349.3500061035156,3196377
2025-12-31,349.54998779296875,358.54998779296875,349.54998779296875,355.3999938964844,4910584
2026-01-01,358.8999938964844,363.95001220703125,356.25,363.1499938964844,7388994
2026-01-02,365.20001220703125,378.79998779296875,363.54998779296875,375.95001220703125,19990998
2026-01-05,378.20001220703125,378.8999938964844,371.70001220703125,375.04998779296875,6164496
2026-01-06,376.0,381.5,373.0,376.25,6800656
2026-01-07,376.1000061035156,377.6499938964844,372.6499938964844,376.95001220703125,5966190
2026-01-08,376.95001220703125,379.5,363.1000061035156,365.45001220703125,7774241
2026-01-09,363.6499938964844,367.1000061035156,357.6000061035156,358.8999938964844,5369561
2026-01-12,357.1499938964844,372.8500061035156,355.0,371.79998779296875,8700735
2026-01-13,373.79998779296875,374.8999938964844,366.0,369.54998779296875,5638105
2026-01-14,369.5,373.29998779296875,367.5,371.8500061035156,4944952
2026-01-15,371.8500061035156,371.8500061035156,371.8500061035156,371.8500061035156,0
2026-01-16,373.8999938964844,379.1499938964844,370.29998779296875,375.3500061035156,6139589
2026-01-19,374.0,375.79998779296875,370.6499938964844,372.1499938964844,4895367
2026-01-20,370.75,371.29998779296875,358.0,360.5,4993397
2026-01-21,359.1000061035156,362.20001220703125,351.3999938964844,357.6499938964844,6225235
2026-01-22,360.20001220703125,366.3500061035156,360.20001220703125,364.70001220703125,3365970
2026-01-23,365.0,371.1000061035156,357.6499938964844,358.6499938964844,6728741
2026-01-27,358.20001220703125,364.20001220703125,356.54998779296875,361.6499938964844,5750519
2026-01-28,362.45001220703125,384.1499938964844,362.1499938964844,383.04998779296875,12905737
2026-01-29,385.0,390.75,383.0,386.79998779296875,11535966
2026-01-30,384.0,384.45001220703125,376.0,379.3500061035156,17579735
2026-02-02,383.0,391.0,373.3999938964844,385.6499938964844,14731376
2026-02-03,404.0,404.0,386.8500061035156,392.6000061035156,10172106
2026-02-04,392.70001220703125,415.8999938964844,390.0,414.6000061035156,22538378
2026-02-05,415.70001220703125,420.3999938964844,405.6000061035156,415.0,21560718
2026-02-06,412.8999938964844,420.3999938964844,405.8999938964844,419.20001220703125,10129279
2026-02-09,425.0,430.3999938964844,405.5,415.20001220703125,19537837
2026-02-10,416.0,418.54998779296875,408.1000061035156,413.25,8675871
2026-02-11,413.25,417.0,412.29998779296875,415.8500061035156,3387714
2026-02-12,418.0,421.0,408.1000061035156,410.54998779296875,6977349
2026-02-13,407.45001220703125,408.0,399.3999938964844,400.54998779296875,7060981
2026-02-16,400.1000061035156,413.25,397.25,411.79998779296875,4725398
2026-02-17,411.0,418.0,409.29998779296875,416.95001220703125,5584350
2026-02-18,419.0,424.0,417.6499938964844,420.45001220703125,5455712
2026-02-19,420.75,421.25,407.0,409.54998779296875,4478620
2026-02-20,405.0,411.0,404.75,410.1000061035156,7321729
2026-02-23,412.5,417.5,407.6000061035156,411.79998779296875,9008749
2026-02-24,410.95001220703125,420.25,407.25,419.3999938964844,8723019
2026-02-25,421.0,425.25,417.0,423.6000061035156,7232299
2026-02-26,423.8999938964844,426.8999938964844,416.8500061035156,420.6000061035156,5228533
2026-02-27,420.0,422.04998779296875,410.6000061035156,413.79998779296875,6922370
2026-03-02,400.0,409.8999938964844,398.70001220703125,406.20001220703125,6388337
2026-03-04,400.0,404.0,391.0,396.54998779296875,10651800
2026-03-05,398.0,415.8500061035156,397.1000061035156,413.6499938964844,9973521
2026-03-06,414.0,425.1499938964844,405.75,407.8500061035156,8236742
2026-03-09,395.0,399.6000061035156,384.25,392.79998779296875,9226515
2026-03-10,398.0,414.8999938964844,396.45001220703125,412.1499938964844,10244278
2026-03-11,410.1000061035156,416.95001220703125,405.45001220703125,406.8999938964844,5629884
2026-03-12,403.8999938964844,421.3500061035156,398.0,415.8999938964844,8640995
2026-03-13,414.29998779296875,418.25,402.04998779296875,405.6000061035156,11202358
2026-03-16,404.20001220703125,410.0,396.54998779296875,406.25,6317752
2026-03-17,406.8999938964844,419.3500061035156,404.29998779296875,418.04998779296875,8563553
2026-03-18,420.95001220703125,434.95001220703125,418.5,432.25,15012423
2026-03-19,423.0,426.6499938964844,409.1000061035156,411.8500061035156,6730692
2026-03-20,415.0,428.5,411.04998779296875,412.8500061035156,12199222
2026-03-23,402.95001220703125,402.95001220703125,386.3999938964844,398.0,10830695
2026-03-24,408.45001220703125,409.6499938964844,395.54998779296875,398.75,12403753
2026-03-25,402.1499938964844,409.20001220703125,400.8500061035156,403.45001220703125,9329612
2026-03-27,402.0,403.95001220703125,394.75,396.0,9033117
2026-03-30,391.79998779296875,394.95001220703125,363.1499938964844,379.5,9142669
2026-04-01,393.0,400.1000061035156,387.1000061035156,397.70001220703125,10351420
2026-04-02,391.04998779296875,403.95001220703125,382.25,402.25,9147188
2026-04-06,402.6000061035156,407.54998779296875,398.8500061035156,405.8999938964844,7162794
2026-04-07,405.0,409.1499938964844,402.3500061035156,407.3999938964844,5054496
2026-04-08,423.0,425.79998779296875,413.75,417.6499938964844,14645774
2026-04-09,418.54998779296875,432.79998779296875,413.45001220703125,428.04998779296875,11760659
2026-04-10,431.0,438.79998779296875,426.3999938964844,434.8999938964844,10459717
2026-04-13,422.04998779296875,434.20001220703125,420.04998779296875,433.54998779296875,8965276
2026-04-15,438.79998779296875,446.5,438.0,444.75,13577979
2026-04-16,447.79998779296875,467.0,446.5,458.8999938964844,23065922
2026-04-17,460.0,467.20001220703125,455.45001220703125,464.8500061035156,10255394
2026-04-20,464.8500061035156,475.20001220703125,456.6000061035156,472.8500061035156,10992233
2026-04-21,474.0,479.0,469.3500061035156,471.1000061035156,5478143
2026-04-22,469.0,475.75,468.8999938964844,470.29998779296875,5219754
2026-04-23,467.5,472.29998779296875,466.1000061035156,469.79998779296875,6711033
2026-04-24,469.54998779296875,471.1499938964844,462.29998779296875,469.3500061035156,8149142
2026-04-27,471.0,478.3500061035156,470.95001220703125,474.8999938964844,6021520
2026-04-28,471.6499938964844,486.5,470.20001220703125,481.3999938964844,10746434
2026-04-29,477.0,477.8999938964844,461.8999938964844,464.75,10926068
2026-04-30,464.0,464.70001220703125,447.0,448.3999938964844,9436314
2026-05-01,448.3999938964844,448.3999938964844,448.3999938964844,448.3999938964844,0
2026-05-04,452.3500061035156,456.1499938964844,446.04998779296875,448.25,8092056
2026-05-05,448.25,460.25,444.0,456.8999938964844,7671690
2026-05-06,459.29998779296875,464.8500061035156,454.6000061035156,463.8999938964844,5229630
2026-05-07,464.45001220703125,467.3999938964844,456.0,457.54998779296875,3830694
2026-05-08,458.0,467.25,455.54998779296875,461.3500061035156,8789899
2026-05-11,457.0,459.45001220703125,447.3999938964844,448.5,5034155
2026-05-12,448.0,456.79998779296875,439.45001220703125,440.70001220703125,4928790
2026-05-13,440.04998779296875,453.8999938964844,437.1000061035156,446.0,12771382
2026-05-14,449.75,452.95001220703125,439.1000061035156,451.45001220703125,6275043
2026-05-15,451.45001220703125,452.3500061035156,443.0,445.75,3410695
2026-05-18,443.79998779296875,443.79998779296875,427.3999938964844,429.79998779296875,4593536
2026-05-19,429.70001220703125,434.45001220703125,426.1000061035156,431.6000061035156,3990614
2026-05-20,430.0,432.45001220703125,422.3500061035156,429.3500061035156,4861888
2026-05-21,435.3999938964844,441.6499938964844,430.0,431.0,6959709
2026-05-22,432.0,434.20001220703125,428.70001220703125,430.54998779296875,3609645
2026-05-25,438.0,443.6499938964844,435.20001220703125,438.8999938964844,4616153
2026-05-26,440.29998779296875,440.8999938964844,430.54998779296875,433.70001220703125,4643484
2026-05-27,432.0,435.6499938964844,429.25,433.5,3288554
2026-05-28,433.5,433.5,433.5,433.5,0
2026-05-29,435.95001220703125,439.25,425.1499938964844,428.6000061035156,16317068
2026-06-01,431.0,431.8999938964844,420.04998779296875,421.1000061035156,2620603
2026-06-02,416.1000061035156,418.0,409.75,413.04998779296875,6066023
2026-06-03,413.0,418.54998779296875,408.45001220703125,416.6000061035156,5373519
2026-06-04,416.0,428.8999938964844,416.0,424.45001220703125,6886255
2026-06-05,425.1499938964844,438.5,425.1499938964844,431.75,10804549
2026-06-08,426.20001220703125,435.3999938964844,425.20001220703125,428.3999938964844,6618546
2026-06-09,430.29998779296875,438.0,429.70001220703125,435.6000061035156,5861502
2026-06-10,435.6000061035156,440.6499938964844,429.8999938964844,431.29998779296875,4359935
2026-06-11,429.8999938964844,429.8999938964844,412.5,413.54998779296875,9264298
2026-06-12,418.1000061035156,421.6000061035156,414.20001220703125,421.04998779296875,5544060
2026-06-15,426.5,433.70001220703125,423.20001220703125,424.5,5820085
2026-06-16,426.5,433.95001220703125,424.8500061035156,427.5,5312213
2026-06-17,429.0,433.5,425.1000061035156,431.75,6800575
2026-06-18,432.1000061035156,436.6499938964844,422.6499938964844,429.29998779296875,4496589
2026-06-19,429.29998779296875,432.0,425.6499938964844,431.0,3496218
2026-06-22,433.0,444.79998779296875,430.54998779296875,440.95001220703125,10050117
2026-06-23,443.0,443.0,429.6499938964844,430.8999938964844,6123525
2026-06-24,431.0,439.0,430.1499938964844,437.1000061035156,5505436
2026-06-25,440.0,442.75,431.70001220703125,432.6499938964844,8674187
2026-06-26,432.6499938964844,432.6499938964844,432.6499938964844,432.6499938964844,0
2026-06-29,430.1000061035156,432.45001220703125,422.20001220703125,424.45001220703125,8257412
2026-06-30,425.45001220703125,428.54998779296875,422.79998779296875,424.29998779296875,7095981
2026-07-01,426.3999938964844,433.79998779296875,423.29998779296875,430.75,4626021
2026-07-02,432.3500061035156,432.3500061035156,427.5,430.04998779296875,3255339
2026-07-03,433.0,433.0,423.79998779296875,425.79998779296875,3916062
2026-07-06,422.5,427.79998779296875,420.0,421.1000061035156,6277060
2026-07-07,421.1000061035156,422.45001220703125,411.29998779296875,413.1499938964844,5865910
2026-07-08,408.8999938964844,415.8999938964844,402.0,403.6000061035156,6394399
2026-07-09,403.54998779296875,406.25,399.0,404.1000061035156,6397782
2026-07-10,406.29998779296875,409.79998779296875,404.20001220703125,406.5,3420598
2026-07-13,403.0,406.0,399.95001220703125,405.1000061035156,4979432
2026-07-14,405.0,409.95001220703125,400.1499938964844,409.1499938964844,4321273
2026-07-15,412.75,412.8500061035156,404.6499938964844,405.6499938964844,6011087
2026-07-16,407.45001220703125,408.6000061035156,400.79998779296875,401.3500061035156,3414601
2026-07-17,402.0,407.54998779296875,399.75,404.8500061035156,12783074
2026-07-20,403.25,415.0,401.45001220703125,413.8500061035156,4574238
2026-07-21,414.8999938964844,418.3500061035156,410.04998779296875,414.8500061035156,5594822
2026-07-22,414.0,414.29998779296875,409.1000061035156,412.29998779296875,2654166
2026-07-23,410.0,413.6499938964844,407.0,410.04998779296875,4168118
