date,open,high,low,close,volume
2019-07-23,72.80000305175781,73.0,68.0,68.4000015258789,35441004
2019-07-24,68.4000015258789,69.80000305175781,67.75,68.19999694824219,25494368
2019-07-25,68.4000015258789,69.0,65.5999984741211,66.05000305175781,25800387
2019-07-26,66.5,69.6500015258789,65.94999694824219,68.0,58777562
2019-07-29,68.8499984741211,70.30000305175781,67.6500015258789,69.30000305175781,37353477
2019-07-30,69.19999694824219,69.6500015258789,66.30000305175781,66.9000015258789,27726952
2019-07-31,67.0,69.5,66.5999984741211,69.19999694824219,27462579
2019-08-01,69.0,69.19999694824219,66.4000015258789,67.5,21663053
2019-08-02,67.5,68.9000015258789,66.69999694824219,67.6500015258789,29730137
2019-08-05,67.0,68.25,64.4000015258789,66.5999984741211,32274653
2019-08-06,66.69999694824219,68.3499984741211,66.0999984741211,67.94999694824219,26632468
2019-08-07,68.25,68.69999694824219,63.54999923706055,64.05000305175781,40538912
2019-08-08,64.5999984741211,66.9000015258789,64.19999694824219,66.6500015258789,27336537
2019-08-09,66.75,67.55000305175781,65.55000305175781,66.55000305175781,21976833
2019-08-13,66.69999694824219,67.55000305175781,65.05000305175781,65.3499984741211,17405138
2019-08-14,65.9000015258789,66.3499984741211,64.9000015258789,65.55000305175781,18151481
2019-08-16,65.55000305175781,68.44999694824219,64.94999694824219,68.0999984741211,25110812
2019-08-19,67.94999694824219,69.0999984741211,66.9000015258789,67.30000305175781,20209221
2019-08-20,67.5,67.75,64.5999984741211,65.5999984741211,17727108
2019-08-21,65.75,66.4000015258789,63.25,64.05000305175781,19166301
2019-08-22,64.0999984741211,64.30000305175781,61.099998474121094,61.45000076293945,18829140
2019-08-23,61.5,64.0,60.95000076293945,63.599998474121094,20845415
2019-08-26,68.0,68.0,63.400001525878906,65.75,31694402
2019-08-27,66.80000305175781,68.19999694824219,66.30000305175781,67.1500015258789,22567673
2019-08-28,67.30000305175781,67.94999694824219,64.9000015258789,65.6500015258789,17166214
2019-08-29,65.55000305175781,66.1500015258789,63.75,65.05000305175781,14663681
2019-08-30,65.25,65.9000015258789,63.349998474121094,64.9000015258789,25573307
2019-09-03,62.0,62.400001525878906,59.04999923706055,59.400001525878906,68369998
2019-09-04,59.900001525878906,60.349998474121094,58.70000076293945,59.900001525878906,34213414
2019-09-05,61.650001525878906,61.900001525878906,60.5,61.099998474121094,30641680
2019-09-06,61.349998474121094,61.599998474121094,60.79999923706055,61.29999923706055,19597727
2019-09-09,61.29999923706055,62.849998474121094,60.650001525878906,62.599998474121094,21700960
2019-09-11,62.599998474121094,65.0,62.599998474121094,64.8499984741211,24414845
2019-09-12,64.55000305175781,65.5,64.25,64.55000305175781,21906448
2019-09-13,64.55000305175781,65.19999694824219,62.79999923706055,64.9000015258789,21379499
2019-09-16,64.1500015258789,65.6500015258789,63.79999923706055,64.55000305175781,16196194
2019-09-17,64.69999694824219,65.0,62.150001525878906,62.400001525878906,16357780
2019-09-18,62.849998474121094,63.5,62.5,62.95000076293945,16492807
2019-09-19,62.900001525878906,63.0,61.04999923706055,61.95000076293945,18163200
2019-09-20,61.95000076293945,66.80000305175781,61.400001525878906,65.69999694824219,47299267
2019-09-23,67.0,68.0,64.9000015258789,66.8499984741211,33276056
2019-09-24,66.5,67.0999984741211,65.55000305175781,66.1500015258789,19184229
2019-09-25,65.5,65.5999984741211,62.650001525878906,63.29999923706055,18395852
2019-09-26,63.599998474121094,65.5999984741211,62.599998474121094,62.79999923706055,48382199
2019-09-27,62.900001525878906,63.70000076293945,62.349998474121094,62.849998474121094,22426450
2019-09-30,63.25,63.349998474121094,61.04999923706055,61.95000076293945,22597574
2019-10-01,62.95000076293945,62.95000076293945,56.349998474121094,58.70000076293945,34976291
2019-10-03,58.5,59.95000076293945,57.849998474121094,59.04999923706055,22655441
2019-10-04,59.599998474121094,59.95000076293945,57.70000076293945,57.95000076293945,25074289
2019-10-07,58.0,58.20000076293945,56.95000076293945,57.25,19987686
2019-10-09,57.25,58.79999923706055,56.400001525878906,58.45000076293945,26996456
2019-10-10,58.04999923706055,58.20000076293945,56.20000076293945,56.45000076293945,22677919
2019-10-11,56.650001525878906,57.5,55.70000076293945,56.900001525878906,24739349
2019-10-14,57.20000076293945,58.400001525878906,56.75,57.29999923706055,17778101
2019-10-15,57.29999923706055,58.150001525878906,56.70000076293945,57.900001525878906,14261673
2019-10-16,58.150001525878906,58.79999923706055,57.04999923706055,57.349998474121094,15653116
2019-10-17,57.400001525878906,59.29999923706055,57.04999923706055,59.04999923706055,21574463
2019-10-18,58.900001525878906,60.70000076293945,58.5,60.25,16943401
2019-10-22,60.25,62.25,59.900001525878906,60.75,19791117
2019-10-23,60.75,61.95000076293945,59.849998474121094,61.29999923706055,16038768
2019-10-24,61.599998474121094,61.849998474121094,59.150001525878906,59.75,17901412
2019-10-25,59.5,61.25,58.70000076293945,60.70000076293945,26581062
2019-10-27,61.0,61.400001525878906,60.70000076293945,60.95000076293945,2135895
2019-10-29,60.54999923706055,62.599998474121094,60.29999923706055,61.95000076293945,17171226
2019-10-30,61.900001525878906,64.1500015258789,61.849998474121094,63.70000076293945,23374034
2019-10-31,64.30000305175781,66.8499984741211,64.0999984741211,65.3499984741211,36722788
2019-11-01,65.5999984741211,67.75,65.0999984741211,67.1500015258789,29095991
2019-11-04,67.80000305175781,69.6500015258789,67.30000305175781,68.19999694824219,39302621
2019-11-05,69.0,69.55000305175781,64.25,64.75,80019705
2019-11-06,64.44999694824219,65.0999984741211,63.29999923706055,64.25,33999037
2019-11-07,64.25,64.5999984741211,61.75,61.95000076293945,30285269
2019-11-08,61.849998474121094,62.599998474121094,61.099998474121094,61.45000076293945,18136704
2019-11-11,61.29999923706055,62.150001525878906,61.099998474121094,61.70000076293945,15124948
2019-11-13,61.849998474121094,62.5,60.04999923706055,60.29999923706055,16397965
2019-11-14,60.400001525878906,60.95000076293945,58.849998474121094,60.29999923706055,18317596
2019-11-15,60.900001525878906,63.79999923706055,60.79999923706055,61.900001525878906,38997998
2019-11-18,62.25,63.099998474121094,61.79999923706055,62.400001525878906,18394808
2019-11-19,62.04999923706055,64.8499984741211,62.04999923706055,64.1500015258789,30508426
2019-11-20,64.5,65.25,63.400001525878906,63.900001525878906,21268472
2019-11-21,64.0,64.75,63.099998474121094,63.25,13725241
2019-11-22,63.20000076293945,64.69999694824219,63.20000076293945,63.650001525878906,14442645
2019-11-25,64.0,64.5999984741211,63.650001525878906,64.4000015258789,14112251
2019-11-26,64.75,65.3499984741211,62.79999923706055,63.20000076293945,19618525
2019-11-27,63.599998474121094,63.900001525878906,62.849998474121094,63.70000076293945,13339079
2019-11-28,64.30000305175781,67.5,64.05000305175781,66.94999694824219,45071597
2019-11-29,67.05000305175781,67.69999694824219,65.3499984741211,65.5999984741211,23394380
2019-12-02,65.6500015258789,66.4000015258789,65.0999984741211,65.75,12741871
2019-12-03,66.0,66.0,62.75,62.900001525878906,16420022
2019-12-04,62.79999923706055,63.95000076293945,61.45000076293945,63.75,26007180
2019-12-05,64.0,64.44999694824219,62.099998474121094,62.29999923706055,18691755
2019-12-06,62.54999923706055,62.70000076293945,59.900001525878906,60.20000076293945,22533285
2019-12-09,60.29999923706055,61.79999923706055,59.54999923706055,60.79999923706055,18832854
2019-12-10,60.70000076293945,61.099998474121094,59.400001525878906,59.650001525878906,15190374
2019-12-11,59.900001525878906,60.5,58.5,59.54999923706055,14808042
2019-12-12,59.95000076293945,61.04999923706055,59.650001525878906,60.79999923706055,13593777
2019-12-13,61.25,64.6500015258789,61.099998474121094,64.44999694824219,29859768
2019-12-16,63.099998474121094,64.30000305175781,62.599998474121094,63.70000076293945,22898690
2019-12-17,63.79999923706055,65.6500015258789,63.75,64.69999694824219,18888141
2019-12-18,64.6500015258789,64.6500015258789,62.70000076293945,63.20000076293945,15891877
2019-12-19,62.900001525878906,63.900001525878906,62.599998474121094,63.599998474121094,15124580
2019-12-20,63.849998474121094,65.3499984741211,63.650001525878906,64.6500015258789,20145673
2019-12-23,64.0999984741211,64.69999694824219,63.25,63.650001525878906,13309646
2019-12-24,63.75,64.05000305175781,63.29999923706055,63.5,10561775
2019-12-26,63.400001525878906,63.75,62.599998474121094,62.79999923706055,16804192
2019-12-27,63.29999923706055,66.44999694824219,63.25,65.3499984741211,30080465
2019-12-30,65.25,65.30000305175781,63.70000076293945,64.4000015258789,12929929
2019-12-31,64.4000015258789,64.8499984741211,64.0,64.3499984741211,10660714
2020-01-01,64.5,65.05000305175781,63.95000076293945,64.69999694824219,8568946
2020-01-02,65.0,67.0,64.55000305175781,66.69999694824219,26059066
2020-01-03,66.55000305175781,66.55000305175781,64.5999984741211,65.05000305175781,14906983
2020-01-06,64.9000015258789,64.9000015258789,61.0,61.400001525878906,24078755
2020-01-07,62.099998474121094,63.099998474121094,61.0,61.849998474121094,20436567
2020-01-08,61.0,61.599998474121094,60.150001525878906,60.849998474121094,22182671
2020-01-09,62.29999923706055,63.0,61.79999923706055,62.599998474121094,18885640
2020-01-10,62.95000076293945,63.849998474121094,62.04999923706055,62.45000076293945,17939103
2020-01-13,62.75,63.349998474121094,62.599998474121094,63.20000076293945,13131132
2020-01-14,63.20000076293945,64.0999984741211,62.400001525878906,62.79999923706055,13837799
2020-01-15,62.849998474121094,63.70000076293945,61.900001525878906,63.400001525878906,13919689
2020-01-16,63.400001525878906,63.95000076293945,62.75,63.349998474121094,12146474
2020-01-17,62.900001525878906,63.900001525878906,61.29999923706055,63.25,18351080
2020-01-20,64.0999984741211,64.0999984741211,61.349998474121094,61.599998474121094,16226531
2020-01-21,61.54999923706055,62.29999923706055,61.25,61.45000076293945,13678963
2020-01-22,62.099998474121094,62.20000076293945,60.650001525878906,61.0,15241802
2020-01-23,61.04999923706055,62.349998474121094,61.0,61.79999923706055,14136138
2020-01-24,61.75,62.79999923706055,61.650001525878906,62.349998474121094,10845058
2020-01-27,61.95000076293945,62.25,61.099998474121094,61.349998474121094,11436816
2020-01-28,61.5,61.79999923706055,60.25,60.5,12294470
2020-01-29,61.099998474121094,61.5,60.79999923706055,60.95000076293945,11064733
2020-01-30,61.099998474121094,61.25,59.650001525878906,59.95000076293945,13591961
2020-01-31,60.349998474121094,61.20000076293945,59.79999923706055,60.45000076293945,15449355
2020-02-03,58.79999923706055,59.150001525878906,57.099998474121094,57.349998474121094,18930405
2020-02-04,57.900001525878906,58.95000076293945,56.29999923706055,56.79999923706055,48174279
2020-02-05,56.25,57.29999923706055,56.099998474121094,56.900001525878906,23905101
2020-02-06,57.349998474121094,59.29999923706055,56.900001525878906,58.650001525878906,26534154
2020-02-07,58.79999923706055,59.400001525878906,58.150001525878906,58.79999923706055,14094876
2020-02-10,58.75,58.900001525878906,56.95000076293945,57.25,12866342
2020-02-11,57.75,58.0,56.75,56.95000076293945,10942526
2020-02-12,57.45000076293945,57.45000076293945,55.150001525878906,55.5,16371273
2020-02-13,55.900001525878906,56.20000076293945,55.0,55.400001525878906,12379436
2020-02-14,55.70000076293945,56.04999923706055,54.0,54.20000076293945,15654307
2020-02-17,54.099998474121094,54.349998474121094,51.650001525878906,51.95000076293945,18893364
2020-02-18,51.900001525878906,52.5,49.900001525878906,52.0,22621843
2020-02-19,52.5,53.099998474121094,51.70000076293945,52.70000076293945,13554123
2020-02-20,52.5,53.70000076293945,52.04999923706055,52.849998474121094,14961174
2020-02-24,51.849998474121094,51.849998474121094,50.099998474121094,50.349998474121094,20135592
2020-02-25,50.400001525878906,50.70000076293945,49.75,49.900001525878906,15899668
2020-02-26,49.45000076293945,50.099998474121094,49.0,49.150001525878906,18056503
2020-02-27,49.099998474121094,49.29999923706055,46.79999923706055,46.95000076293945,26564325
2020-02-28,45.25,46.349998474121094,44.29999923706055,45.04999923706055,28222955
2020-03-02,46.29999923706055,46.599998474121094,42.099998474121094,42.75,24375256
2020-03-03,42.75,45.0,42.75,44.5,30389904
2020-03-04,44.75,44.95000076293945,43.04999923706055,44.45000076293945,24911682
2020-03-05,44.5,45.95000076293945,42.70000076293945,45.0,29076191
2020-03-06,41.650001525878906,43.20000076293945,40.95000076293945,42.349998474121094,23178204
2020-03-09,41.150001525878906,41.5,39.349998474121094,39.75,23193045
2020-03-11,39.75,40.650001525878906,37.900001525878906,38.45000076293945,29799814
2020-03-12,35.349998474121094,36.29999923706055,33.099998474121094,33.75,45668907
2020-03-13,31.200000762939453,38.150001525878906,28.049999237060547,37.400001525878906,46283310
2020-03-16,36.0,36.400001525878906,34.54999923706055,35.79999923706055,26750745
2020-03-17,36.5,37.20000076293945,34.95000076293945,35.29999923706055,28305181
2020-03-18,36.0,39.25,33.900001525878906,36.75,41726476
2020-03-19,35.0,39.400001525878906,34.29999923706055,37.20000076293945,38504085
2020-03-20,37.5,39.0,36.70000076293945,38.04999923706055,34438012
2020-03-23,35.95000076293945,37.5,34.70000076293945,35.400001525878906,18562456
2020-03-24,37.0,37.5,35.400001525878906,36.29999923706055,26934600
2020-03-25,36.0,36.349998474121094,33.150001525878906,34.29999923706055,24605185
2020-03-26,34.54999923706055,35.79999923706055,33.20000076293945,33.400001525878906,29576021
2020-03-27,34.5,35.95000076293945,33.25,33.45000076293945,30678500
2020-03-30,33.400001525878906,33.900001525878906,32.349998474121094,32.900001525878906,16722670
2020-03-31,33.70000076293945,33.70000076293945,32.20000076293945,32.349998474121094,18297010
2020-04-01,32.5,32.5,30.25,30.450000762939453,26645369
2020-04-03,30.5,30.700000762939453,29.25,29.649999618530273,20693435
2020-04-07,30.5,30.5,29.649999618530273,30.049999237060547,21958544
2020-04-08,29.899999618530273,31.600000381469727,29.399999618530273,30.5,29665371
2020-04-09,30.700000762939453,31.899999618530273,30.600000381469727,31.399999618530273,23013811
2020-04-13,31.75,31.75,30.299999237060547,31.350000381469727,16584216
2020-04-15,31.549999237060547,32.599998474121094,30.600000381469727,31.100000381469727,22095245
2020-04-16,31.100000381469727,31.5,30.549999237060547,31.049999237060547,19994392
2020-04-17,32.25,32.75,31.0,31.799999237060547,28207182
2020-04-20,32.099998474121094,33.900001525878906,31.399999618530273,32.849998474121094,41209050
2020-04-21,32.29999923706055,32.349998474121094,30.950000762939453,31.100000381469727,21855708
2020-04-22,31.0,31.25,30.200000762939453,31.100000381469727,18792906
2020-04-23,31.5,31.75,31.0,31.200000762939453,19387746
2020-04-24,30.700000762939453,31.100000381469727,30.149999618530273,30.200000762939453,14350195
2020-04-27,30.399999618530273,30.899999618530273,30.299999237060547,30.75,11950694
2020-04-28,30.799999237060547,31.350000381469727,30.700000762939453,31.25,11779908
2020-04-29,31.299999237060547,32.5,31.100000381469727,32.29999923706055,18718847
2020-04-30,32.70000076293945,33.70000076293945,32.099998474121094,32.29999923706055,31458387
2020-05-04,30.899999618530273,31.100000381469727,29.899999618530273,30.149999618530273,21840848
2020-05-05,30.5,30.75,29.049999237060547,29.200000762939453,19121106
2020-05-06,29.200000762939453,29.600000381469727,28.5,29.350000381469727,18005225
2020-05-07,29.149999618530273,30.25,28.899999618530273,29.700000762939453,14824828
2020-05-08,29.850000381469727,30.200000762939453,29.049999237060547,29.200000762939453,14357669
2020-05-11,29.399999618530273,29.5,28.700000762939453,28.799999237060547,16324765
2020-05-12,28.5,29.200000762939453,27.899999618530273,28.700000762939453,21778045
2020-05-13,30.299999237060547,31.0,29.450000762939453,30.600000381469727,38941451
2020-05-14,30.149999618530273,30.549999237060547,29.100000381469727,29.299999237060547,22669889
2020-05-15,29.299999237060547,29.600000381469727,28.600000381469727,28.799999237060547,18837162
2020-05-18,28.899999618530273,28.950000762939453,26.75,27.350000381469727,28519760
2020-05-19,27.600000381469727,27.75,26.5,26.600000381469727,25287021
2020-05-20,26.600000381469727,26.899999618530273,26.299999237060547,26.600000381469727,17209079
2020-05-21,26.600000381469727,27.649999618530273,26.299999237060547,27.0,26589981
2020-05-22,26.700000762939453,27.649999618530273,26.399999618530273,26.649999618530273,27654790
2020-05-26,26.799999237060547,27.049999237060547,26.450000762939453,26.700000762939453,17284784
2020-05-27,26.700000762939453,27.649999618530273,26.549999237060547,27.5,27037903
2020-05-28,27.600000381469727,27.899999618530273,26.600000381469727,26.75,41838377
2020-05-29,26.649999618530273,27.350000381469727,26.350000381469727,26.75,35142537
2020-06-01,27.399999618530273,30.100000381469727,27.0,29.200000762939453,72815551
2020-06-02,29.299999237060547,29.700000762939453,28.600000381469727,29.25,40249766
2020-06-03,29.799999237060547,31.600000381469727,29.600000381469727,30.25,86251403
2020-06-04,29.950000762939453,32.599998474121094,29.700000762939453,31.0,127139095
2020-06-05,31.5,34.099998474121094,31.399999618530273,33.75,96114143
2020-06-08,35.5,35.5,32.25,32.599998474121094,103763917
2020-06-09,33.0,33.5,31.5,31.799999237060547,63883963
2020-06-10,32.0,34.099998474121094,31.649999618530273,33.849998474121094,83659985
2020-06-11,34.5,35.20000076293945,32.54999923706055,32.79999923706055,97137720
2020-06-12,31.0,33.20000076293945,30.899999618530273,33.04999923706055,51625110
2020-06-15,33.0,34.150001525878906,32.04999923706055,33.650001525878906,50672408
2020-06-16,34.5,34.849998474121094,31.899999618530273,33.150001525878906,62031926
2020-06-17,32.900001525878906,33.900001525878906,32.5,33.150001525878906,48129227
2020-06-18,33.099998474121094,34.20000076293945,32.900001525878906,33.900001525878906,41940209
2020-06-19,34.5,34.650001525878906,33.900001525878906,34.5,47807176
2020-06-22,35.849998474121094,36.0,35.0,35.79999923706055,89826409
2020-06-23,36.0,37.900001525878906,35.900001525878906,37.45000076293945,83901309
2020-06-24,38.0,38.400001525878906,36.25,36.5,70619520
2020-06-25,36.29999923706055,37.599998474121094,35.54999923706055,37.099998474121094,57452358
2020-06-26,37.650001525878906,37.95000076293945,36.400001525878906,36.599998474121094,37644978
2020-06-29,36.20000076293945,36.400001525878906,35.150001525878906,35.349998474121094,29067559
2020-06-30,35.79999923706055,36.150001525878906,34.54999923706055,34.75,22906001
2020-07-01,35.0,36.54999923706055,34.5,36.400001525878906,39413754
2020-07-02,36.599998474121094,37.04999923706055,36.099998474121094,36.25,26984117
2020-07-03,36.5,36.54999923706055,35.79999923706055,35.95000076293945,19474324
2020-07-06,36.25,37.29999923706055,36.0,37.099998474121094,36388175
2020-07-07,37.29999923706055,37.349998474121094,36.099998474121094,36.79999923706055,33765918
2020-07-08,36.650001525878906,38.75,36.599998474121094,37.25,81536214
2020-07-09,37.79999923706055,38.0,36.849998474121094,37.099998474121094,38093561
2020-07-10,35.849998474121094,36.099998474121094,34.599998474121094,35.04999923706055,101789230
2020-07-13,35.400001525878906,35.45000076293945,34.29999923706055,34.54999923706055,28822642
2020-07-14,34.400001525878906,34.45000076293945,33.400001525878906,33.54999923706055,22087745
2020-07-15,33.70000076293945,34.150001525878906,32.75,33.0,22966651
2020-07-16,33.0,33.45000076293945,32.25,33.25,17806805
2020-07-17,33.45000076293945,33.79999923706055,33.20000076293945,33.599998474121094,15740313
2020-07-20,33.900001525878906,34.75,33.599998474121094,34.54999923706055,19422869
2020-07-21,34.95000076293945,35.20000076293945,34.29999923706055,34.75,25336284
2020-07-22,34.849998474121094,35.099998474121094,33.900001525878906,34.25,26175681
2020-07-23,34.099998474121094,34.70000076293945,34.04999923706055,34.29999923706055,18325343
2020-07-24,34.099998474121094,34.20000076293945,33.150001525878906,33.54999923706055,20991861
2020-07-27,33.650001525878906,33.650001525878906,32.25,32.29999923706055,22869574
2020-07-28,32.349998474121094,32.650001525878906,31.75,32.099998474121094,24366835
2020-07-29,32.099998474121094,33.54999923706055,32.099998474121094,32.75,28066086
2020-07-30,32.79999923706055,33.099998474121094,31.649999618530273,31.75,26795059
2020-07-31,31.899999618530273,32.150001525878906,31.25,31.950000762939453,30715605
2020-08-03,32.0,33.349998474121094,31.850000381469727,32.900001525878906,36462460
2020-08-04,32.849998474121094,32.900001525878906,32.04999923706055,32.5,21120742
2020-08-05,32.650001525878906,33.150001525878906,32.45000076293945,32.599998474121094,17765292
2020-08-06,32.599998474121094,32.900001525878906,32.25,32.349998474121094,21224081
2020-08-07,32.5,32.95000076293945,32.25,32.79999923706055,18254674
2020-08-10,33.0,33.29999923706055,32.70000076293945,32.849998474121094,18269324
2020-08-11,32.79999923706055,33.099998474121094,32.5,32.849998474121094,16076250
2020-08-12,33.0,34.70000076293945,33.0,33.79999923706055,60046401
2020-08-13,34.0,34.29999923706055,32.900001525878906,33.25,24293216
2020-08-14,33.5,33.5,31.950000762939453,32.25,27201356
2020-08-17,32.54999923706055,32.599998474121094,31.850000381469727,32.45000076293945,21850726
2020-08-18,32.54999923706055,33.0,32.20000076293945,32.849998474121094,25200592
2020-08-19,34.25,34.599998474121094,33.70000076293945,34.20000076293945,64987250
2020-08-20,34.0,35.25,33.599998474121094,35.099998474121094,45593468
2020-08-21,35.25,36.70000076293945,35.25,35.650001525878906,68760804
2020-08-24,36.45000076293945,36.599998474121094,34.900001525878906,35.29999923706055,38104044
2020-08-25,35.29999923706055,35.650001525878906,35.099998474121094,35.20000076293945,24142450
2020-08-26,35.650001525878906,35.70000076293945,35.20000076293945,35.400001525878906,18538663
2020-08-27,35.400001525878906,36.45000076293945,35.150001525878906,35.29999923706055,44653828
2020-08-28,35.5,37.400001525878906,35.5,37.04999923706055,85959987
2020-08-31,38.20000076293945,38.599998474121094,34.70000076293945,35.04999923706055,75996857
2020-09-01,35.20000076293945,35.75,33.79999923706055,34.70000076293945,42207150
2020-09-02,35.0,35.150001525878906,34.150001525878906,34.79999923706055,29193200
2020-09-03,34.900001525878906,35.04999923706055,34.400001525878906,34.5,13929020
2020-09-04,33.79999923706055,34.20000076293945,33.5,33.650001525878906,20522901
2020-09-07,33.849998474121094,34.04999923706055,33.5,33.79999923706055,16504375
2020-09-08,33.79999923706055,34.0,33.400001525878906,33.650001525878906,13245081
2020-09-09,33.0,33.29999923706055,32.54999923706055,32.900001525878906,14722712
2020-09-10,33.20000076293945,33.650001525878906,33.150001525878906,33.54999923706055,13592699
2020-09-11,33.29999923706055,33.849998474121094,33.29999923706055,33.70000076293945,11540634
2020-09-14,33.79999923706055,34.04999923706055,33.349998474121094,33.599998474121094,13826555
2020-09-15,33.95000076293945,33.95000076293945,33.0,33.29999923706055,23921967
2020-09-16,33.349998474121094,33.70000076293945,32.75,33.599998474121094,26126290
2020-09-17,33.25,33.54999923706055,33.0,33.25,14159296
2020-09-18,33.349998474121094,33.45000076293945,32.349998474121094,32.599998474121094,26475003
2020-09-21,32.54999923706055,32.599998474121094,30.399999618530273,30.649999618530273,28356034
2020-09-22,30.75,30.799999237060547,29.5,30.049999237060547,30887287
2020-09-23,30.5,30.5,28.899999618530273,29.350000381469727,37098972
2020-09-24,28.950000762939453,29.100000381469727,27.950000762939453,28.049999237060547,26290043
2020-09-25,28.25,29.25,27.649999618530273,29.049999237060547,31735862
2020-09-28,29.5,30.25,29.200000762939453,30.149999618530273,20887757
2020-09-29,30.200000762939453,30.399999618530273,28.700000762939453,29.100000381469727,30263021
2020-09-30,29.0,29.0,28.299999237060547,28.549999237060547,26580672
2020-10-01,27.799999237060547,29.0,27.700000762939453,28.0,62176969
2020-10-05,28.399999618530273,28.850000381469727,28.049999237060547,28.299999237060547,35375815
2020-10-06,28.450000762939453,28.600000381469727,28.100000381469727,28.350000381469727,25184933
2020-10-07,28.350000381469727,28.549999237060547,27.649999618530273,27.75,33248097
2020-10-08,28.049999237060547,28.700000762939453,27.75,27.799999237060547,31575254
2020-10-09,28.0,29.0,27.649999618530273,28.899999618530273,41073470
2020-10-12,29.299999237060547,29.75,28.25,28.450000762939453,33394203
2020-10-13,28.399999618530273,28.5,27.75,27.850000381469727,25015960
2020-10-14,27.799999237060547,28.350000381469727,27.5,28.149999618530273,32332343
2020-10-15,28.350000381469727,28.549999237060547,27.5,27.700000762939453,18354893
2020-10-16,27.799999237060547,27.950000762939453,27.350000381469727,27.450000762939453,17640916
2020-10-19,27.75,28.049999237060547,27.600000381469727,27.950000762939453,23518488
2020-10-20,27.899999618530273,27.899999618530273,27.25,27.350000381469727,19887927
2020-10-21,27.5,27.799999237060547,27.049999237060547,27.200000762939453,22428270
2020-10-22,27.200000762939453,27.399999618530273,27.149999618530273,27.200000762939453,11303327
2020-10-23,27.399999618530273,27.5,27.200000762939453,27.399999618530273,10787905
2020-10-26,27.549999237060547,28.25,27.450000762939453,28.0,32461849
2020-10-27,28.0,28.0,27.049999237060547,27.350000381469727,37298613
2020-10-28,27.450000762939453,27.649999618530273,26.950000762939453,27.100000381469727,29350576
2020-10-29,27.0,27.0,26.299999237060547,26.600000381469727,33996026
2020-10-30,26.799999237060547,27.200000762939453,26.5,26.75,25772525
2020-11-02,27.100000381469727,28.399999618530273,26.75,27.950000762939453,53642960
2020-11-03,28.049999237060547,28.350000381469727,27.299999237060547,27.799999237060547,72403902
2020-11-04,27.899999618530273,27.950000762939453,26.950000762939453,27.450000762939453,46812632
2020-11-05,27.700000762939453,28.149999618530273,27.399999618530273,27.700000762939453,34167763
2020-11-06,27.75,28.200000762939453,27.600000381469727,27.75,32382743
2020-11-09,27.950000762939453,28.899999618530273,27.850000381469727,28.600000381469727,48174136
2020-11-10,28.899999618530273,29.799999237060547,28.600000381469727,29.600000381469727,46493213
2020-11-11,29.799999237060547,30.299999237060547,28.850000381469727,29.25,49278768
2020-11-12,29.25,29.5,28.899999618530273,29.100000381469727,27200167
2020-11-13,29.149999618530273,29.549999237060547,28.350000381469727,29.5,33735974
2020-11-14,30.0,30.0,29.5,29.600000381469727,5257310
2020-11-17,29.600000381469727,30.200000762939453,29.399999618530273,29.850000381469727,30880948
2020-11-18,29.799999237060547,31.25,29.600000381469727,30.850000381469727,78369100
2020-11-19,30.850000381469727,30.850000381469727,29.75,30.0,29648439
2020-11-20,29.950000762939453,30.200000762939453,29.549999237060547,29.799999237060547,23624084
2020-11-23,29.950000762939453,30.149999618530273,29.75,30.049999237060547,21909692
2020-11-24,30.299999237060547,30.600000381469727,29.799999237060547,30.399999618530273,30470938
2020-11-25,30.649999618530273,32.599998474121094,30.549999237060547,31.350000381469727,99621016
2020-11-26,31.399999618530273,32.20000076293945,30.899999618530273,32.04999923706055,48077667
2020-11-27,32.150001525878906,34.150001525878906,32.04999923706055,33.45000076293945,71951138
2020-12-01,33.900001525878906,34.650001525878906,33.29999923706055,34.45000076293945,58487858
2020-12-02,34.54999923706055,35.04999923706055,33.5,33.95000076293945,77155079
2020-12-03,34.349998474121094,36.04999923706055,34.150001525878906,35.79999923706055,90403528
2020-12-04,36.25,36.70000076293945,34.75,35.650001525878906,120208081
2020-12-07,35.599998474121094,36.400001525878906,35.400001525878906,35.75,82840809
2020-12-08,36.0,41.099998474121094,35.900001525878906,40.599998474121094,227310533
2020-12-09,42.20000076293945,42.650001525878906,39.150001525878906,39.400001525878906,216961308
2020-12-10,39.400001525878906,39.400001525878906,38.099998474121094,38.400001525878906,63379052
2020-12-11,38.599998474121094,41.400001525878906,38.599998474121094,40.5,116536838
2020-12-14,41.0,41.5,40.70000076293945,41.25,52117435
2020-12-15,41.25,41.29999923706055,39.70000076293945,40.599998474121094,56929480
2020-12-16,39.599998474121094,39.599998474121094,37.25,37.95000076293945,214696891
2020-12-17,38.150001525878906,38.349998474121094,36.75,37.0,66872650
2020-12-18,37.150001525878906,37.150001525878906,35.650001525878906,36.54999923706055,63979156
2020-12-21,36.0,36.849998474121094,33.0,34.099998474121094,73372682
2020-12-22,33.849998474121094,34.75,31.700000762939453,33.400001525878906,118459132
2020-12-23,32.099998474121094,32.75,31.700000762939453,31.799999237060547,178237037
2020-12-24,32.20000076293945,32.599998474121094,31.399999618530273,31.450000762939453,111190598
2020-12-28,31.850000381469727,32.900001525878906,31.5,32.400001525878906,145990073
2020-12-29,32.900001525878906,34.150001525878906,32.79999923706055,33.20000076293945,160162623
2020-12-30,33.70000076293945,33.70000076293945,32.349998474121094,32.75,92597922
2020-12-31,32.79999923706055,33.349998474121094,32.400001525878906,33.04999923706055,189388220
2021-01-01,33.29999923706055,34.95000076293945,33.099998474121094,34.79999923706055,227528491
2021-01-04,35.400001525878906,35.75,34.25,35.54999923706055,213599078
2021-01-05,35.0,35.70000076293945,34.70000076293945,35.599998474121094,142225084
2021-01-06,35.79999923706055,36.400001525878906,34.75,35.20000076293945,202327890
2021-01-07,35.79999923706055,36.0,35.349998474121094,35.45000076293945,94883129
2021-01-08,35.650001525878906,35.900001525878906,35.099998474121094,35.400001525878906,80655853
2021-01-11,35.79999923706055,35.79999923706055,34.54999923706055,34.900001525878906,76603154
2021-01-12,34.70000076293945,36.95000076293945,34.29999923706055,36.5,183664727
2021-01-13,37.0,37.20000076293945,35.25,36.599998474121094,227452083
2021-01-14,36.75,37.79999923706055,36.400001525878906,37.0,184172283
2021-01-15,37.0,37.5,35.5,35.95000076293945,142841953
2021-01-18,36.0,36.54999923706055,35.099998474121094,35.45000076293945,113003034
2021-01-19,35.95000076293945,36.75,35.5,36.5,109008869
2021-01-20,36.75,37.29999923706055,36.29999923706055,36.95000076293945,132227405
2021-01-21,37.099998474121094,37.400001525878906,35.25,35.650001525878906,126279607
2021-01-22,35.79999923706055,36.04999923706055,34.20000076293945,34.54999923706055,133649890
2021-01-25,35.0,35.099998474121094,33.5,34.150001525878906,83484252
2021-01-27,34.099998474121094,34.25,33.04999923706055,33.349998474121094,69780206
2021-01-28,33.0,33.099998474121094,31.899999618530273,32.54999923706055,130283571
2021-01-29,33.0,34.400001525878906,32.5,33.349998474121094,125606644
2021-02-01,33.75,36.0,33.099998474121094,35.75,200145354
2021-02-02,36.099998474121094,36.849998474121094,35.54999923706055,36.20000076293945,199832087
2021-02-03,36.45000076293945,38.75,35.70000076293945,38.349998474121094,260980002
2021-02-04,38.5,41.0,38.0,40.5,384813812
2021-02-05,41.29999923706055,42.75,39.70000076293945,40.150001525878906,329090924
2021-02-08,40.95000076293945,41.20000076293945,37.75,38.0,208191094
2021-02-09,38.25,41.04999923706055,37.349998474121094,39.04999923706055,376625747
2021-02-10,38.79999923706055,39.95000076293945,38.650001525878906,39.45000076293945,213081321
2021-02-11,39.45000076293945,40.099998474121094,38.599998474121094,38.75,151510830
2021-02-12,39.0,39.650001525878906,38.400001525878906,38.79999923706055,158520381
2021-02-15,39.25,40.04999923706055,39.0,39.54999923706055,127928424
2021-02-16,40.0,40.650001525878906,39.099998474121094,39.5,187520683
2021-02-17,39.5,42.5,39.29999923706055,41.70000076293945,466579666
2021-02-18,42.0,44.29999923706055,41.79999923706055,43.79999923706055,365119300
2021-02-19,44.25,46.349998474121094,41.20000076293945,42.04999923706055,429882183
2021-02-22,42.54999923706055,42.849998474121094,40.20000076293945,41.04999923706055,207909169
2021-02-23,41.29999923706055,42.20000076293945,40.650001525878906,41.0,217940163
2021-02-24,41.45000076293945,42.099998474121094,41.25,41.79999923706055,76642692
2021-02-25,42.25,42.650001525878906,41.75,41.900001525878906,133293103
2021-02-26,41.0,41.70000076293945,40.349998474121094,40.849998474121094,191695436
2021-03-01,41.400001525878906,41.45000076293945,40.54999923706055,40.79999923706055,120923262
2021-03-02,41.150001525878906,41.650001525878906,40.70000076293945,41.0,115358594
2021-03-03,41.400001525878906,43.900001525878906,41.25,43.54999923706055,238140740
2021-03-04,43.0,44.29999923706055,42.45000076293945,43.599998474121094,215065585
2021-03-05,43.599998474121094,43.599998474121094,41.29999923706055,41.70000076293945,129772294
2021-03-08,42.20000076293945,42.849998474121094,41.599998474121094,41.75,89990535
2021-03-09,41.95000076293945,42.349998474121094,40.75,41.599998474121094,77359752
2021-03-10,42.0,42.25,41.29999923706055,41.5,48965330
2021-03-12,41.849998474121094,41.95000076293945,40.70000076293945,41.04999923706055,59205010
2021-03-15,41.04999923706055,41.099998474121094,39.75,40.79999923706055,83777448
2021-03-16,41.0,41.400001525878906,39.599998474121094,39.79999923706055,99770550
2021-03-17,39.849998474121094,39.95000076293945,38.04999923706055,38.400001525878906,89295594
2021-03-18,39.0,39.099998474121094,36.650001525878906,37.70000076293945,126241327
2021-03-19,37.20000076293945,38.75,36.349998474121094,38.45000076293945,135987432
2021-03-22,38.45000076293945,38.54999923706055,37.5,37.95000076293945,94389245
2021-03-23,37.849998474121094,39.20000076293945,37.79999923706055,38.75,108051825
2021-03-24,38.650001525878906,39.04999923706055,36.75,37.0,118077858
2021-03-25,37.0,37.0,34.79999923706055,35.5,190748444
2021-03-26,36.20000076293945,36.400001525878906,35.70000076293945,36.0,100724564
2021-03-30,36.400001525878906,36.70000076293945,35.79999923706055,36.150001525878906,94886069
2021-03-31,36.099998474121094,37.650001525878906,35.75,36.650001525878906,117399302
2021-04-01,37.0,38.5,36.79999923706055,38.20000076293945,100007430
2021-04-05,38.54999923706055,38.54999923706055,36.20000076293945,36.95000076293945,103941329
2021-04-06,36.95000076293945,37.54999923706055,36.25,37.04999923706055,94329535
2021-04-07,37.04999923706055,38.099998474121094,36.849998474121094,37.599998474121094,96171649
2021-04-08,37.75,38.099998474121094,37.349998474121094,37.45000076293945,68360846
2021-04-09,37.349998474121094,39.0,37.20000076293945,37.849998474121094,130289882
2021-04-12,36.75,36.849998474121094,33.29999923706055,33.95000076293945,184407237
2021-04-13,34.0,35.29999923706055,33.650001525878906,35.099998474121094,147766538
2021-04-15,34.599998474121094,35.349998474121094,34.150001525878906,34.75,115658330
2021-04-16,35.0,35.400001525878906,34.5,34.79999923706055,100392762
2021-04-19,33.599998474121094,33.79999923706055,32.5,33.150001525878906,122301341
2021-04-20,34.0,34.20000076293945,33.400001525878906,33.70000076293945,117371947
2021-04-22,33.20000076293945,34.150001525878906,33.04999923706055,33.900001525878906,100459282
2021-04-23,33.5,34.70000076293945,33.400001525878906,34.0,122182836
2021-04-26,34.25,34.70000076293945,34.25,34.45000076293945,73069756
2021-04-27,34.400001525878906,35.29999923706055,34.349998474121094,34.95000076293945,97206393
2021-04-28,35.20000076293945,35.79999923706055,35.04999923706055,35.650001525878906,94894461
2021-04-29,35.79999923706055,36.20000076293945,34.900001525878906,35.04999923706055,127130844
2021-04-30,34.54999923706055,35.70000076293945,34.5,34.849998474121094,95008214
2021-05-03,34.5,34.70000076293945,34.0,34.5,105720320
2021-05-04,34.79999923706055,39.20000076293945,34.70000076293945,37.45000076293945,426069700
2021-05-05,38.54999923706055,38.70000076293945,37.150001525878906,37.45000076293945,178293892
2021-05-06,37.5,37.75,36.20000076293945,36.400001525878906,114302420
2021-05-07,36.650001525878906,36.95000076293945,35.95000076293945,36.25,110980908
2021-05-10,36.54999923706055,36.70000076293945,35.0,35.599998474121094,175653730
2021-05-11,34.849998474121094,35.349998474121094,33.75,35.04999923706055,231689524
2021-05-12,35.75,38.20000076293945,35.54999923706055,37.099998474121094,345869236
2021-05-14,37.79999923706055,38.400001525878906,36.5,36.79999923706055,185587845
2021-05-17,37.20000076293945,37.79999923706055,36.849998474121094,37.650001525878906,108033820
2021-05-18,38.349998474121094,38.349998474121094,37.20000076293945,37.349998474121094,91471489
2021-05-19,36.29999923706055,36.849998474121094,35.75,36.20000076293945,154514444
2021-05-20,36.5,37.900001525878906,35.95000076293945,37.5,339156585
2021-05-21,38.0,38.349998474121094,37.54999923706055,38.04999923706055,178307284
2021-05-24,39.20000076293945,40.099998474121094,38.75,39.79999923706055,277203783
2021-05-25,40.400001525878906,40.5,39.20000076293945,39.349998474121094,163516340
2021-05-26,39.5,40.25,39.04999923706055,39.25,155307751
2021-05-27,39.5,42.400001525878906,39.400001525878906,42.150001525878906,511815455
2021-05-28,42.79999923706055,42.79999923706055,41.0,42.25,335658662
2021-05-31,42.349998474121094,43.20000076293945,41.599998474121094,42.400001525878906,240394043
2021-06-01,42.54999923706055,42.650001525878906,41.099998474121094,41.650001525878906,172714836
2021-06-02,41.900001525878906,44.54999923706055,41.599998474121094,44.0,397167134
2021-06-03,44.5,45.0,43.400001525878906,43.70000076293945,265127956
2021-06-04,43.54999923706055,43.599998474121094,42.95000076293945,43.099998474121094,142152047
2021-06-07,43.0,43.099998474121094,41.849998474121094,42.099998474121094,157004801
2021-06-08,42.5,42.599998474121094,41.29999923706055,41.45000076293945,104992723
2021-06-09,41.54999923706055,42.349998474121094,40.04999923706055,40.599998474121094,149730470
2021-06-10,41.099998474121094,42.849998474121094,41.0,42.5,208415707
2021-06-11,42.900001525878906,43.099998474121094,41.79999923706055,42.04999923706055,91371585
2021-06-14,41.79999923706055,43.75,40.400001525878906,43.04999923706055,192209398
2021-06-15,42.900001525878906,43.25,42.29999923706055,42.400001525878906,72824813
2021-06-16,42.29999923706055,42.900001525878906,41.599998474121094,41.75,70156923
2021-06-17,41.099998474121094,42.099998474121094,40.849998474121094,41.099998474121094,79183021
2021-06-18,41.5,41.70000076293945,38.900001525878906,40.29999923706055,117416542
2021-06-21,39.5,41.900001525878906,39.20000076293945,41.70000076293945,116450769
2021-06-22,42.04999923706055,42.75,41.04999923706055,41.29999923706055,137367867
2021-06-23,41.5,42.95000076293945,41.29999923706055,42.25,205772277
2021-06-24,42.599998474121094,42.79999923706055,41.400001525878906,41.54999923706055,109853745
2021-06-25,42.0,42.70000076293945,41.70000076293945,42.29999923706055,111022988
2021-06-28,42.95000076293945,43.70000076293945,42.599998474121094,43.349998474121094,165596285
2021-06-29,43.45000076293945,43.900001525878906,42.900001525878906,43.0,137925510
2021-06-30,43.25,43.45000076293945,42.150001525878906,42.29999923706055,88216025
2021-07-01,42.400001525878906,42.75,42.150001525878906,42.349998474121094,79292862
2021-07-02,42.54999923706055,42.70000076293945,41.900001525878906,42.099998474121094,82307112
2021-07-05,42.400001525878906,42.45000076293945,41.95000076293945,42.29999923706055,50276083
2021-07-06,42.20000076293945,42.849998474121094,41.5,41.849998474121094,60698228
2021-07-07,41.79999923706055,42.04999923706055,41.54999923706055,41.70000076293945,41710161
2021-07-08,41.79999923706055,42.25,40.900001525878906,41.04999923706055,60454510
2021-07-09,41.099998474121094,41.20000076293945,40.849998474121094,41.0,45122471
2021-07-12,41.099998474121094,41.45000076293945,40.79999923706055,40.900001525878906,38587491
2021-07-13,41.04999923706055,41.25,40.849998474121094,40.900001525878906,33738717
2021-07-14,41.0,41.099998474121094,40.54999923706055,40.70000076293945,27627264
2021-07-15,40.79999923706055,40.900001525878906,40.29999923706055,40.349998474121094,32145976
2021-07-16,40.400001525878906,41.20000076293945,40.29999923706055,40.849998474121094,41560170
2021-07-19,40.5,40.70000076293945,40.099998474121094,40.29999923706055,31864818
2021-07-20,40.150001525878906,40.400001525878906,39.45000076293945,39.75,48757312
2021-07-22,40.45000076293945,40.599998474121094,39.900001525878906,40.0,53618639
2021-07-23,40.099998474121094,40.29999923706055,39.70000076293945,40.04999923706055,42958166
2021-07-26,39.95000076293945,40.150001525878906,39.25,39.349998474121094,39507185
2021-07-27,39.5,40.0,39.04999923706055,39.150001525878906,41915784
2021-07-28,39.20000076293945,39.29999923706055,38.099998474121094,38.400001525878906,57230970
2021-07-29,38.599998474121094,39.70000076293945,38.25,39.400001525878906,63854550
2021-07-30,39.5,40.0,39.25,39.5,45647205
2021-08-02,39.75,40.95000076293945,39.599998474121094,40.70000076293945,64896737
2021-08-03,41.5,41.5,40.04999923706055,40.29999923706055,100994147
2021-08-04,40.5,40.650001525878906,39.29999923706055,39.400001525878906,79555428
2021-08-05,39.5,39.54999923706055,38.20000076293945,38.849998474121094,62226173
2021-08-06,39.0,39.79999923706055,38.75,39.54999923706055,62616916
2021-08-09,39.599998474121094,40.20000076293945,38.650001525878906,38.75,55639684
2021-08-10,38.900001525878906,39.04999923706055,37.29999923706055,37.5,64226181
2021-08-11,37.599998474121094,37.79999923706055,36.599998474121094,37.400001525878906,60555697
2021-08-12,37.45000076293945,37.95000076293945,37.400001525878906,37.79999923706055,32721153
2021-08-13,37.849998474121094,38.04999923706055,37.54999923706055,37.75,31382550
2021-08-16,37.650001525878906,37.900001525878906,37.349998474121094,37.45000076293945,19259890
2021-08-17,37.349998474121094,37.400001525878906,36.70000076293945,36.75,25157898
2021-08-18,36.70000076293945,37.0,36.099998474121094,36.5,32386126
2021-08-20,35.95000076293945,36.29999923706055,35.29999923706055,35.599998474121094,38801065
2021-08-23,35.70000076293945,36.75,35.45000076293945,36.150001525878906,54815488
2021-08-24,36.099998474121094,36.70000076293945,35.900001525878906,36.349998474121094,55044654
2021-08-25,36.45000076293945,36.900001525878906,36.25,36.45000076293945,45499400
2021-08-26,36.400001525878906,36.650001525878906,35.70000076293945,35.79999923706055,35509249
2021-08-27,35.79999923706055,36.25,35.70000076293945,36.150001525878906,31396562
2021-08-30,36.150001525878906,36.900001525878906,36.150001525878906,36.75,31585995
2021-08-31,36.650001525878906,37.29999923706055,36.349998474121094,36.650001525878906,56641931
2021-09-01,36.599998474121094,37.45000076293945,36.54999923706055,37.349998474121094,41504907
2021-09-02,37.25,37.79999923706055,37.20000076293945,37.45000076293945,35910903
2021-09-03,37.5,38.54999923706055,37.5,38.04999923706055,53604232
2021-09-06,38.400001525878906,38.5,37.75,37.849998474121094,30264921
2021-09-07,37.75,37.95000076293945,37.150001525878906,37.400001525878906,30962650
2021-09-08,37.349998474121094,38.349998474121094,37.25,37.650001525878906,47139154
2021-09-09,37.650001525878906,37.900001525878906,37.45000076293945,37.54999923706055,20050778
2021-09-13,37.79999923706055,37.79999923706055,37.349998474121094,37.599998474121094,21274965
2021-09-14,37.75,38.349998474121094,37.650001525878906,37.79999923706055,31674866
2021-09-15,37.95000076293945,38.95000076293945,37.75,38.75,57565856
2021-09-16,38.79999923706055,41.95000076293945,38.5,41.79999923706055,190657378
2021-09-17,42.70000076293945,42.75,39.349998474121094,39.75,135078081
2021-09-20,39.5,39.5,38.0,38.099998474121094,49454941
2021-09-21,38.20000076293945,38.45000076293945,37.349998474121094,38.099998474121094,45279748
2021-09-22,38.150001525878906,38.54999923706055,38.0,38.150001525878906,27417221
2021-09-23,38.5,39.0,38.400001525878906,38.5,31335371
2021-09-24,39.0,39.0,37.75,37.900001525878906,33176080
2021-09-27,38.150001525878906,38.650001525878906,38.04999923706055,38.349998474121094,33799535
2021-09-28,38.400001525878906,39.70000076293945,38.349998474121094,39.150001525878906,87295894
2021-09-29,38.79999923706055,41.0,38.5,39.650001525878906,103695312
2021-09-30,39.79999923706055,41.25,39.599998474121094,40.099998474121094,83665464
2021-10-01,39.95000076293945,41.20000076293945,39.349998474121094,40.599998474121094,97922965
2021-10-04,40.900001525878906,41.5,40.75,41.099998474121094,62912144
2021-10-05,41.04999923706055,41.75,40.75,41.04999923706055,62599441
2021-10-06,41.29999923706055,41.70000076293945,39.70000076293945,39.900001525878906,76749025
2021-10-07,40.45000076293945,40.54999923706055,39.849998474121094,39.900001525878906,35042174
2021-10-08,40.099998474121094,40.5,39.5,40.29999923706055,63181834
2021-10-11,40.5,40.900001525878906,40.29999923706055,40.45000076293945,42779749
2021-10-12,40.5,41.349998474121094,40.04999923706055,41.25,67999277
2021-10-13,41.5,42.099998474121094,41.29999923706055,41.45000076293945,82798525
2021-10-14,41.79999923706055,42.70000076293945,41.70000076293945,42.54999923706055,128521477
2021-10-18,42.95000076293945,48.20000076293945,42.75,46.0,405179433
2021-10-19,46.900001525878906,47.5,43.900001525878906,44.150001525878906,150882735
2021-10-20,43.900001525878906,44.5,42.650001525878906,43.099998474121094,115424264
2021-10-21,43.900001525878906,44.900001525878906,43.45000076293945,44.650001525878906,122750629
2021-10-22,45.20000076293945,46.25,43.650001525878906,43.95000076293945,102347062
2021-10-25,44.25,45.650001525878906,43.150001525878906,44.900001525878906,153458794
2021-10-26,45.349998474121094,47.599998474121094,45.20000076293945,45.849998474121094,214146592
2021-10-27,46.20000076293945,47.099998474121094,45.75,46.29999923706055,111681059
2021-10-28,45.0,45.0,41.0,41.349998474121094,321343621
2021-10-29,41.5,43.099998474121094,40.599998474121094,42.099998474121094,146781564
2021-11-01,42.54999923706055,42.650001525878906,41.79999923706055,42.099998474121094,42645900
2021-11-02,42.349998474121094,42.45000076293945,41.79999923706055,42.099998474121094,52725424
2021-11-03,42.20000076293945,42.650001525878906,41.150001525878906,41.349998474121094,64044920
2021-11-04,41.70000076293945,42.04999923706055,41.54999923706055,41.900001525878906,13072027
2021-11-08,42.25,42.599998474121094,41.900001525878906,42.400001525878906,55791255
2021-11-09,42.599998474121094,43.25,42.5,42.900001525878906,55276093
2021-11-10,42.79999923706055,42.900001525878906,42.04999923706055,42.25,41151809
2021-11-11,42.400001525878906,42.45000076293945,41.650001525878906,41.849998474121094,35549697
2021-11-12,42.20000076293945,42.25,41.54999923706055,41.75,28798008
2021-11-15,42.04999923706055,42.099998474121094,41.45000076293945,41.599998474121094,29300908
2021-11-16,41.849998474121094,41.849998474121094,40.95000076293945,41.099998474121094,37098708
2021-11-17,40.900001525878906,41.400001525878906,40.5,40.650001525878906,37455760
2021-11-18,40.849998474121094,42.20000076293945,40.79999923706055,41.650001525878906,123654620
2021-11-22,41.650001525878906,41.79999923706055,39.349998474121094,39.900001525878906,66795201
2021-11-23,39.599998474121094,40.849998474121094,39.45000076293945,40.650001525878906,54899992
2021-11-24,40.75,41.150001525878906,40.20000076293945,40.45000076293945,40887058
2021-11-25,40.45000076293945,40.54999923706055,39.849998474121094,39.95000076293945,44234204
2021-11-26,39.75,39.75,38.25,38.5,55545650
2021-11-29,38.20000076293945,38.45000076293945,37.099998474121094,37.599998474121094,47437170
2021-11-30,37.75,38.5,37.04999923706055,37.29999923706055,52315588
2021-12-01,37.400001525878906,38.54999923706055,37.150001525878906,38.349998474121094,40315749
2021-12-02,38.29999923706055,38.599998474121094,37.95000076293945,38.5,32390148
2021-12-03,38.54999923706055,39.099998474121094,38.349998474121094,38.5,29288326
2021-12-06,38.5,38.900001525878906,37.849998474121094,38.0,40915598
2021-12-07,38.29999923706055,38.849998474121094,38.20000076293945,38.5,31500355
2021-12-08,38.75,39.45000076293945,38.54999923706055,39.349998474121094,41296620
2021-12-09,39.5,39.900001525878906,39.150001525878906,39.5,35479922
2021-12-10,39.5,41.04999923706055,39.25,40.75,52245056
2021-12-13,41.25,41.400001525878906,40.150001525878906,40.25,46056603
2021-12-14,40.099998474121094,40.45000076293945,39.54999923706055,40.150001525878906,40950927
2021-12-15,40.04999923706055,40.45000076293945,39.650001525878906,39.75,30984077
2021-12-16,39.79999923706055,40.20000076293945,39.099998474121094,39.400001525878906,34881495
2021-12-17,39.25,39.400001525878906,37.900001525878906,38.0,47068060
2021-12-20,37.5,37.650001525878906,35.95000076293945,36.75,55096010
2021-12-21,36.900001525878906,37.599998474121094,36.599998474121094,36.95000076293945,60527831
2021-12-22,37.25,38.0,37.0,37.45000076293945,37841483
2021-12-23,37.75,38.25,37.599998474121094,38.0,35679028
2021-12-24,38.0,38.150001525878906,36.25,36.849998474121094,57414841
2021-12-27,36.79999923706055,37.349998474121094,36.25,37.25,42555204
2021-12-28,37.349998474121094,37.599998474121094,37.099998474121094,37.29999923706055,34060388
2021-12-29,37.400001525878906,37.5,37.0,37.150001525878906,32102072
2021-12-30,37.0,37.400001525878906,36.54999923706055,37.150001525878906,69851127
2021-12-31,37.25,37.599998474121094,37.04999923706055,37.29999923706055,31412356
2022-01-03,37.29999923706055,38.150001525878906,37.25,38.0,36560565
2022-01-04,38.099998474121094,38.650001525878906,37.900001525878906,38.349998474121094,40922358
2022-01-05,38.099998474121094,39.04999923706055,38.04999923706055,38.75,46559579
2022-01-06,38.20000076293945,39.099998474121094,38.20000076293945,38.79999923706055,43889477
2022-01-07,38.79999923706055,39.54999923706055,38.650001525878906,38.900001525878906,45764582
2022-01-10,38.95000076293945,40.75,38.900001525878906,40.349998474121094,77487214
2022-01-11,40.45000076293945,40.599998474121094,39.75,39.95000076293945,40117267
2022-01-12,40.04999923706055,40.45000076293945,39.849998474121094,40.0,27289110
2022-01-13,39.95000076293945,40.650001525878906,39.75,40.20000076293945,38374630
2022-01-14,39.95000076293945,40.349998474121094,39.79999923706055,40.150001525878906,28246979
2022-01-17,40.04999923706055,40.5,39.75,39.849998474121094,28509122
2022-01-18,40.0,40.20000076293945,39.0,39.099998474121094,44095230
2022-01-19,38.849998474121094,40.150001525878906,38.75,40.0,44886428
2022-01-20,39.900001525878906,40.45000076293945,39.75,40.0,38841491
2022-01-21,39.54999923706055,39.75,38.45000076293945,38.79999923706055,48283808
2022-01-24,38.79999923706055,39.04999923706055,37.29999923706055,38.0,51367085
2022-01-25,37.900001525878906,39.54999923706055,37.599998474121094,39.400001525878906,54401085
2022-01-27,39.0,41.45000076293945,38.79999923706055,41.150001525878906,120678533
2022-01-28,42.099998474121094,42.400001525878906,40.70000076293945,40.849998474121094,116265760
2022-01-31,41.099998474121094,41.849998474121094,40.849998474121094,41.54999923706055,65358800
2022-02-01,41.79999923706055,42.0,40.29999923706055,41.29999923706055,83578352
2022-02-02,41.29999923706055,43.0,41.20000076293945,42.79999923706055,111715210
2022-02-03,42.900001525878906,43.349998474121094,42.349998474121094,42.599998474121094,85013403
2022-02-04,42.5,42.900001525878906,41.349998474121094,41.5,57040478
2022-02-07,41.5,43.0,41.29999923706055,41.70000076293945,94193766
2022-02-08,41.900001525878906,42.20000076293945,40.54999923706055,42.0,82898920
2022-02-09,42.099998474121094,42.20000076293945,41.29999923706055,41.599998474121094,36405347
2022-02-10,41.70000076293945,41.79999923706055,40.70000076293945,40.79999923706055,34712483
2022-02-11,40.599998474121094,40.75,39.599998474121094,39.75,38771131
2022-02-14,38.099998474121094,38.400001525878906,37.0,37.099998474121094,68821970
2022-02-15,37.400001525878906,38.54999923706055,36.79999923706055,38.400001525878906,53556498
2022-02-16,38.79999923706055,39.099998474121094,38.45000076293945,38.54999923706055,58312435
2022-02-17,38.5,38.75,37.900001525878906,38.04999923706055,37538172
2022-02-18,37.849998474121094,38.400001525878906,37.599998474121094,37.75,39630801
2022-02-21,37.54999923706055,37.79999923706055,37.20000076293945,37.5,34670090
2022-02-22,36.79999923706055,37.349998474121094,36.5,37.20000076293945,37187228
2022-02-23,37.20000076293945,38.0,37.20000076293945,37.349998474121094,36877066
2022-02-24,35.95000076293945,36.400001525878906,31.75,32.0,189980575
2022-02-25,33.79999923706055,36.75,33.54999923706055,34.95000076293945,189336639
2022-02-28,34.150001525878906,35.150001525878906,34.04999923706055,34.900001525878906,94949907
2022-03-02,34.400001525878906,35.54999923706055,34.29999923706055,35.349998474121094,69515457
2022-03-03,35.900001525878906,36.04999923706055,34.849998474121094,35.099998474121094,52337879
2022-03-04,34.75,35.400001525878906,34.5,34.599998474121094,56689130
2022-03-07,33.95000076293945,34.70000076293945,33.349998474121094,34.20000076293945,62092259
2022-03-08,34.20000076293945,35.150001525878906,33.95000076293945,34.900001525878906,64860676
2022-03-09,35.349998474121094,35.75,34.849998474121094,35.599998474121094,69650320
2022-03-10,36.29999923706055,36.79999923706055,35.70000076293945,35.95000076293945,70426564
2022-03-11,35.79999923706055,36.45000076293945,35.599998474121094,36.25,42340369
2022-03-14,36.29999923706055,36.900001525878906,35.79999923706055,36.79999923706055,54669854
2022-03-15,36.900001525878906,37.20000076293945,35.900001525878906,36.0,50789501
2022-03-16,35.79999923706055,36.349998474121094,35.650001525878906,35.900001525878906,48492102
2022-03-17,36.29999923706055,36.400001525878906,35.900001525878906,36.0,39001545
2022-03-21,36.099998474121094,36.20000076293945,35.54999923706055,35.70000076293945,28291811
2022-03-22,35.70000076293945,35.849998474121094,34.95000076293945,35.599998474121094,46470194
2022-03-23,35.849998474121094,36.45000076293945,35.599998474121094,35.70000076293945,46357008
2022-03-24,35.75,36.0,35.5,35.54999923706055,27969611
2022-03-25,35.599998474121094,35.849998474121094,35.25,35.400001525878906,29182192
2022-03-28,35.400001525878906,35.849998474121094,34.79999923706055,35.650001525878906,49502255
2022-03-29,36.0,36.0,34.849998474121094,34.95000076293945,47346926
2022-03-30,35.400001525878906,35.5,34.95000076293945,35.04999923706055,46240651
2022-03-31,35.150001525878906,35.29999923706055,34.95000076293945,35.04999923706055,33939694
2022-04-01,35.099998474121094,36.45000076293945,35.0,36.349998474121094,53967690
2022-04-04,36.45000076293945,37.099998474121094,36.25,36.900001525878906,56228869
2022-04-05,37.0,37.5,36.70000076293945,36.95000076293945,40801381
2022-04-06,36.79999923706055,37.900001525878906,36.70000076293945,37.599998474121094,44241731
2022-04-07,37.70000076293945,38.5,37.29999923706055,37.45000076293945,61740174
2022-04-08,37.599998474121094,37.95000076293945,37.5,37.75,28343556
2022-04-11,37.650001525878906,38.0,37.400001525878906,37.45000076293945,28770137
2022-04-12,37.349998474121094,37.400001525878906,36.25,36.75,39061333
2022-04-13,36.849998474121094,37.150001525878906,36.599998474121094,36.650001525878906,22607254
2022-04-18,36.400001525878906,36.400001525878906,35.70000076293945,36.20000076293945,29188725
2022-04-19,36.400001525878906,36.599998474121094,35.20000076293945,35.70000076293945,31729898
2022-04-20,35.849998474121094,36.04999923706055,35.45000076293945,35.70000076293945,24765890
2022-04-21,36.0,36.150001525878906,35.79999923706055,35.95000076293945,19283074
2022-04-22,35.849998474121094,36.099998474121094,35.349998474121094,35.400001525878906,29066596
2022-04-25,35.099998474121094,35.25,34.79999923706055,34.900001525878906,38812926
2022-04-26,35.349998474121094,35.70000076293945,35.20000076293945,35.599998474121094,22211380
2022-04-27,35.25,35.599998474121094,35.04999923706055,35.400001525878906,23588728
2022-04-28,35.5,35.54999923706055,35.04999923706055,35.349998474121094,26935411
2022-04-29,35.599998474121094,35.79999923706055,35.0,35.099998474121094,25617648
2022-05-02,34.900001525878906,35.20000076293945,34.650001525878906,35.04999923706055,20822885
2022-05-04,35.25,35.45000076293945,34.20000076293945,34.349998474121094,35664306
2022-05-05,34.650001525878906,35.04999923706055,34.150001525878906,34.25,26554780
2022-05-06,33.95000076293945,34.150001525878906,33.400001525878906,33.849998474121094,36331439
2022-05-09,33.75,33.849998474121094,33.099998474121094,33.5,32033408
2022-05-10,33.5,33.900001525878906,33.04999923706055,33.29999923706055,29295243
2022-05-11,33.400001525878906,33.599998474121094,32.400001525878906,33.099998474121094,36363537
2022-05-12,31.0,31.350000381469727,28.450000762939453,28.600000381469727,203441446
2022-05-13,29.450000762939453,30.0,28.950000762939453,29.299999237060547,63258378
2022-05-16,29.799999237060547,29.799999237060547,29.200000762939453,29.549999237060547,34445098
2022-05-17,29.649999618530273,30.100000381469727,29.399999618530273,29.950000762939453,32624448
2022-05-18,30.149999618530273,30.200000762939453,29.600000381469727,29.700000762939453,31734195
2022-05-19,29.299999237060547,29.350000381469727,28.75,29.200000762939453,30284209
2022-05-20,29.75,30.049999237060547,29.549999237060547,29.950000762939453,24793799
2022-05-23,30.100000381469727,30.850000381469727,29.899999618530273,30.600000381469727,42055819
2022-05-24,30.5,30.950000762939453,30.149999618530273,30.299999237060547,56809933
2022-05-25,30.350000381469727,30.799999237060547,29.75,29.799999237060547,40570359
2022-05-26,30.0,30.450000762939453,28.899999618530273,30.25,43717993
2022-05-27,30.700000762939453,30.75,30.100000381469727,30.450000762939453,30100376
2022-05-30,30.700000762939453,31.799999237060547,30.600000381469727,31.649999618530273,35988041
2022-05-31,31.549999237060547,31.899999618530273,31.25,31.350000381469727,22186702
2022-06-01,31.350000381469727,31.649999618530273,31.149999618530273,31.399999618530273,19112886
2022-06-02,31.299999237060547,32.150001525878906,31.25,32.0,28608162
2022-06-03,32.099998474121094,32.25,31.5,31.549999237060547,17378205
2022-06-06,31.5,31.549999237060547,30.950000762939453,31.450000762939453,17746776
2022-06-07,31.299999237060547,31.549999237060547,31.0,31.25,15036787
2022-06-08,31.299999237060547,31.75,31.100000381469727,31.149999618530273,20451354
2022-06-09,31.149999618530273,31.299999237060547,30.799999237060547,31.100000381469727,15900909
2022-06-10,30.799999237060547,31.0,30.649999618530273,30.899999618530273,16223346
2022-06-13,30.25,30.549999237060547,29.899999618530273,30.100000381469727,21124501
2022-06-14,30.0,30.350000381469727,29.799999237060547,29.899999618530273,20714804
2022-06-15,30.0,30.200000762939453,29.850000381469727,29.950000762939453,11190067
2022-06-16,30.149999618530273,30.25,28.899999618530273,29.049999237060547,24073157
2022-06-17,29.0,29.299999237060547,28.5,29.049999237060547,25315923
2022-06-20,29.25,29.350000381469727,28.049999237060547,28.450000762939453,25688389
2022-06-21,28.700000762939453,30.0,28.549999237060547,29.75,24011383
2022-06-22,29.350000381469727,29.549999237060547,29.049999237060547,29.299999237060547,24515377
2022-06-23,29.350000381469727,29.600000381469727,28.700000762939453,29.25,20714754
2022-06-24,29.350000381469727,29.799999237060547,29.25,29.549999237060547,18924714
2022-06-27,29.799999237060547,29.950000762939453,29.5,29.549999237060547,15645270
2022-06-28,29.450000762939453,29.850000381469727,29.450000762939453,29.75,18553627
2022-06-29,29.450000762939453,29.899999618530273,29.299999237060547,29.75,17307144
2022-06-30,29.700000762939453,29.899999618530273,28.899999618530273,29.0,21893458
2022-07-01,29.049999237060547,29.600000381469727,28.75,29.450000762939453,17767070
2022-07-04,29.450000762939453,30.100000381469727,29.450000762939453,30.0,19169426
2022-07-05,30.049999237060547,30.25,29.600000381469727,29.700000762939453,15961683
2022-07-06,29.600000381469727,30.049999237060547,29.549999237060547,29.950000762939453,14801245
2022-07-07,30.100000381469727,31.100000381469727,30.0,31.0,32993224
2022-07-08,31.100000381469727,31.200000762939453,30.399999618530273,30.649999618530273,20754742
2022-07-11,30.5,31.149999618530273,30.5,31.049999237060547,20450726
2022-07-12,30.799999237060547,31.200000762939453,30.649999618530273,30.799999237060547,15414252
2022-07-13,30.799999237060547,31.049999237060547,30.649999618530273,30.799999237060547,14450589
2022-07-14,30.700000762939453,30.950000762939453,30.100000381469727,30.399999618530273,16034640
2022-07-15,30.399999618530273,30.549999237060547,30.049999237060547,30.299999237060547,12066316
2022-07-18,30.5,31.5,30.350000381469727,31.350000381469727,21452288
2022-07-19,31.149999618530273,31.75,31.100000381469727,31.600000381469727,25007755
2022-07-20,31.850000381469727,31.950000762939453,31.299999237060547,31.399999618530273,20054939
2022-07-21,31.350000381469727,32.04999923706055,31.299999237060547,31.850000381469727,21957903
2022-07-22,31.899999618530273,32.25,31.700000762939453,31.799999237060547,20272480
2022-07-25,31.600000381469727,31.799999237060547,31.350000381469727,31.600000381469727,21587323
2022-07-26,31.5,31.799999237060547,31.450000762939453,31.600000381469727,19540357
2022-07-27,31.5,32.099998474121094,31.5,32.04999923706055,22430650
2022-07-28,32.099998474121094,33.45000076293945,32.099998474121094,32.650001525878906,52325898
2022-07-29,32.20000076293945,32.599998474121094,31.299999237060547,31.350000381469727,49931761
2022-08-01,31.549999237060547,33.75,31.350000381469727,33.400001525878906,70456056
2022-08-02,33.25,34.599998474121094,32.95000076293945,34.20000076293945,64390245
2022-08-03,34.099998474121094,34.349998474121094,33.25,34.0,32209696
2022-08-04,34.099998474121094,34.20000076293945,33.0,33.400001525878906,36881278
2022-08-05,33.400001525878906,33.900001525878906,33.29999923706055,33.54999923706055,30539905
2022-08-08,33.45000076293945,33.75,33.25,33.349998474121094,19970390
2022-08-10,33.400001525878906,33.5,32.79999923706055,33.0,22044563
2022-08-11,33.20000076293945,33.75,33.150001525878906,33.400001525878906,21927939
2022-08-12,33.349998474121094,33.54999923706055,33.25,33.29999923706055,14138000
2022-08-16,33.400001525878906,33.599998474121094,33.25,33.54999923706055,17673451
2022-08-17,33.54999923706055,34.54999923706055,33.400001525878906,34.45000076293945,40936919
2022-08-18,34.29999923706055,34.70000076293945,34.04999923706055,34.150001525878906,26013767
2022-08-19,34.150001525878906,34.25,33.20000076293945,33.349998474121094,28981855
2022-08-22,33.04999923706055,33.20000076293945,32.349998474121094,32.400001525878906,24893422
2022-08-23,32.150001525878906,33.099998474121094,32.150001525878906,33.04999923706055,25441848
2022-08-24,33.04999923706055,33.599998474121094,32.95000076293945,33.54999923706055,20360378
2022-08-25,33.599998474121094,36.099998474121094,33.54999923706055,35.25,111083657
2022-08-26,35.5,36.5,35.45000076293945,35.70000076293945,62782884
2022-08-29,34.849998474121094,35.400001525878906,34.45000076293945,35.25,33867475
2022-08-30,35.650001525878906,36.29999923706055,35.54999923706055,35.849998474121094,33807116
2022-09-01,35.45000076293945,36.5,35.349998474121094,35.79999923706055,38437795
2022-09-02,36.099998474121094,36.150001525878906,35.099998474121094,35.25,24622506
2022-09-05,35.25,35.95000076293945,35.25,35.70000076293945,33308634
2022-09-06,35.75,37.5,35.650001525878906,37.20000076293945,92981035
2022-09-07,36.900001525878906,37.95000076293945,36.79999923706055,37.599998474121094,48254482
2022-09-08,37.95000076293945,38.5,37.75,38.349998474121094,51627315
2022-09-09,38.5,39.599998474121094,38.5,39.0,65772741
2022-09-12,39.400001525878906,40.29999923706055,39.04999923706055,40.099998474121094,61436082
2022-09-13,40.25,40.79999923706055,39.45000076293945,39.54999923706055,67593580
2022-09-14,38.79999923706055,40.400001525878906,38.70000076293945,40.099998474121094,65760110
2022-09-15,40.349998474121094,40.70000076293945,39.849998474121094,40.45000076293945,50606061
2022-09-16,40.400001525878906,40.599998474121094,38.900001525878906,39.650001525878906,59732960
2022-09-19,39.849998474121094,41.349998474121094,39.650001525878906,40.400001525878906,83681824
2022-09-20,40.79999923706055,41.650001525878906,40.150001525878906,40.650001525878906,85095486
2022-09-21,40.70000076293945,41.099998474121094,39.70000076293945,40.150001525878906,46208645
2022-09-22,40.0,41.20000076293945,39.849998474121094,40.5,76924094
2022-09-23,40.45000076293945,40.599998474121094,38.0,38.150001525878906,69527571
2022-09-26,37.849998474121094,37.849998474121094,35.79999923706055,36.0,65861997
2022-09-27,36.29999923706055,37.04999923706055,36.099998474121094,36.70000076293945,41297271
2022-09-28,36.29999923706055,36.29999923706055,34.54999923706055,34.849998474121094,85338288
2022-09-29,35.25,35.75,34.25,34.900001525878906,116839087
2022-09-30,35.599998474121094,36.79999923706055,35.0,36.54999923706055,90405745
2022-10-03,36.599998474121094,36.75,35.349998474121094,35.45000076293945,47921973
2022-10-04,36.349998474121094,36.650001525878906,36.150001525878906,36.45000076293945,38320151
2022-10-06,36.849998474121094,37.0,36.45000076293945,36.650001525878906,27448412
2022-10-07,36.5,36.900001525878906,36.099998474121094,36.650001525878906,28687877
2022-10-10,36.150001525878906,37.0,36.099998474121094,36.54999923706055,32747438
2022-10-11,36.75,36.79999923706055,35.599998474121094,35.70000076293945,35436582
2022-10-12,35.849998474121094,36.45000076293945,35.599998474121094,36.29999923706055,36192793
2022-10-13,36.400001525878906,36.45000076293945,35.45000076293945,35.900001525878906,30733961
2022-10-14,36.650001525878906,36.79999923706055,35.75,35.849998474121094,26022043
2022-10-17,35.849998474121094,37.25,35.5,36.900001525878906,42448068
2022-10-18,37.20000076293945,39.099998474121094,37.04999923706055,38.849998474121094,93855098
2022-10-19,39.0,40.099998474121094,38.650001525878906,39.349998474121094,104078804
2022-10-20,39.099998474121094,40.75,38.599998474121094,40.5,121051376
2022-10-21,40.5,41.79999923706055,40.400001525878906,40.75,113842537
2022-10-24,41.349998474121094,41.599998474121094,40.900001525878906,41.099998474121094,17217018
2022-10-25,41.20000076293945,44.0,40.5,43.29999923706055,169573666
2022-10-27,43.5,43.599998474121094,42.54999923706055,43.0,96348564
2022-10-28,43.29999923706055,44.79999923706055,42.70000076293945,43.099998474121094,118353597
2022-10-31,43.599998474121094,43.75,41.75,42.650001525878906,82205500
2022-11-01,43.20000076293945,43.599998474121094,39.900001525878906,40.099998474121094,146126391
2022-11-02,39.95000076293945,40.0,39.0,39.25,64972626
2022-11-03,39.0,41.599998474121094,38.900001525878906,41.29999923706055,104226875
2022-11-04,41.75,42.150001525878906,41.349998474121094,41.79999923706055,61162545
2022-11-07,42.900001525878906,43.54999923706055,41.650001525878906,41.849998474121094,109584009
2022-11-09,42.599998474121094,46.0,42.099998474121094,44.95000076293945,299263769
2022-11-10,45.0,45.150001525878906,43.54999923706055,44.04999923706055,97489239
2022-11-11,45.04999923706055,45.20000076293945,44.099998474121094,44.75,76514774
2022-11-14,44.900001525878906,44.95000076293945,43.70000076293945,43.95000076293945,39354002
2022-11-15,44.20000076293945,44.29999923706055,43.599998474121094,43.95000076293945,38499635
2022-11-16,43.95000076293945,44.95000076293945,43.849998474121094,44.150001525878906,60764292
2022-11-17,44.150001525878906,44.75,43.349998474121094,44.29999923706055,71836182
2022-11-18,44.349998474121094,46.70000076293945,44.150001525878906,45.849998474121094,172405604
2022-11-21,45.79999923706055,47.79999923706055,45.54999923706055,47.599998474121094,172492290
2022-11-22,47.849998474121094,48.400001525878906,47.0,48.20000076293945,123475904
2022-11-23,48.54999923706055,50.900001525878906,48.29999923706055,50.349998474121094,252150630
2022-11-24,50.54999923706055,51.20000076293945,50.29999923706055,50.849998474121094,104180912
2022-11-25,51.5,55.650001525878906,51.25,53.599998474121094,374685764
2022-11-28,54.349998474121094,54.349998474121094,52.70000076293945,53.400001525878906,124868210
2022-11-29,53.45000076293945,54.099998474121094,52.150001525878906,52.5,110088137
2022-11-30,52.5,52.900001525878906,50.900001525878906,51.29999923706055,72720109
2022-12-01,51.75,53.599998474121094,51.29999923706055,53.25,106625627
2022-12-02,53.29999923706055,54.25,52.75,54.0,96833859
2022-12-05,54.29999923706055,55.349998474121094,53.79999923706055,55.150001525878906,99638073
2022-12-06,55.150001525878906,57.349998474121094,54.599998474121094,55.45000076293945,225788957
2022-12-07,55.79999923706055,56.349998474121094,54.04999923706055,55.45000076293945,111738442
2022-12-08,55.70000076293945,57.95000076293945,55.45000076293945,57.70000076293945,150791474
2022-12-09,58.5,59.400001525878906,55.0,56.25,242993671
2022-12-12,56.75,58.54999923706055,56.25,58.099998474121094,128901863
2022-12-13,58.79999923706055,60.099998474121094,58.400001525878906,59.900001525878906,148851940
2022-12-14,60.45000076293945,60.650001525878906,58.20000076293945,59.25,175015067
2022-12-15,59.25,62.0,58.900001525878906,59.29999923706055,229821550
2022-12-16,59.29999923706055,60.0,56.45000076293945,56.75,150603662
2022-12-19,57.04999923706055,57.29999923706055,55.599998474121094,56.04999923706055,85831831
2022-12-20,55.95000076293945,56.25,54.29999923706055,55.54999923706055,88046715
2022-12-21,56.0,57.099998474121094,52.54999923706055,53.150001525878906,154435087
2022-12-22,53.900001525878906,55.20000076293945,52.599998474121094,53.75,193777944
2022-12-23,53.29999923706055,53.45000076293945,49.29999923706055,49.70000076293945,174132546
2022-12-26,49.70000076293945,53.95000076293945,49.150001525878906,53.5,169993660
2022-12-27,54.599998474121094,55.54999923706055,53.29999923706055,54.20000076293945,124352547
2022-12-28,54.150001525878906,55.849998474121094,53.400001525878906,54.900001525878906,125697410
2022-12-29,54.45000076293945,55.900001525878906,53.45000076293945,55.400001525878906,130252482
2022-12-30,56.0,57.29999923706055,55.79999923706055,56.45000076293945,115251538
2023-01-02,56.79999923706055,57.599998474121094,56.349998474121094,57.150001525878906,72924744
2023-01-03,57.45000076293945,58.29999923706055,57.150001525878906,57.79999923706055,78566820
2023-01-04,58.099998474121094,58.349998474121094,55.70000076293945,56.25,96809213
2023-01-05,56.70000076293945,57.150001525878906,55.45000076293945,56.75,82173647
2023-01-06,57.0,57.599998474121094,56.0,56.400001525878906,88223106
2023-01-09,57.0,57.75,56.75,57.099998474121094,56732510
2023-01-10,56.900001525878906,56.95000076293945,54.650001525878906,55.099998474121094,82014187
2023-01-11,55.29999923706055,56.599998474121094,54.599998474121094,56.400001525878906,75395366
2023-01-12,56.400001525878906,56.5,55.29999923706055,55.849998474121094,58123134
2023-01-13,56.0,57.400001525878906,55.70000076293945,56.79999923706055,98864358
2023-01-16,56.95000076293945,59.45000076293945,56.79999923706055,58.900001525878906,166603280
2023-01-17,59.20000076293945,59.45000076293945,56.75,57.75,116738590
2023-01-18,57.849998474121094,58.0,56.45000076293945,56.75,68557704
2023-01-19,56.70000076293945,57.349998474121094,56.20000076293945,57.20000076293945,59090340
2023-01-20,57.45000076293945,58.099998474121094,56.75,56.95000076293945,60893155
2023-01-23,57.25,57.5,56.599998474121094,56.79999923706055,48030932
2023-01-24,57.0,57.349998474121094,55.29999923706055,55.5,51548951
2023-01-25,55.45000076293945,55.54999923706055,53.150001525878906,53.70000076293945,83514024
2023-01-27,53.75,54.349998474121094,50.04999923706055,50.79999923706055,111244364
2023-01-30,51.099998474121094,53.25,49.099998474121094,50.70000076293945,148179904
2023-01-31,51.0,54.0,50.54999923706055,53.54999923706055,114490184
2023-02-01,54.25,54.400001525878906,48.29999923706055,50.29999923706055,159606635
2023-02-02,50.0,52.25,48.599998474121094,50.79999923706055,121217105
2023-02-03,51.25,52.29999923706055,49.20000076293945,51.79999923706055,114130816
2023-02-06,51.900001525878906,52.29999923706055,51.099998474121094,51.400001525878906,57728571
2023-02-07,51.54999923706055,52.099998474121094,50.70000076293945,51.29999923706055,54786770
2023-02-08,51.650001525878906,52.0,51.150001525878906,51.599998474121094,43092026
2023-02-09,51.54999923706055,51.54999923706055,50.349998474121094,51.0,48710526
2023-02-10,50.79999923706055,52.650001525878906,50.54999923706055,51.25,56528450
2023-02-13,51.400001525878906,51.599998474121094,49.79999923706055,50.20000076293945,53678758
2023-02-14,50.400001525878906,51.150001525878906,49.5,50.79999923706055,44481427
2023-02-15,50.45000076293945,51.04999923706055,50.25,50.900001525878906,26711967
2023-02-16,50.95000076293945,51.25,50.400001525878906,50.79999923706055,25514798
2023-02-17,50.54999923706055,50.54999923706055,49.5,49.70000076293945,37386646
2023-02-20,49.75,50.5,49.29999923706055,49.5,52556924
2023-02-21,49.70000076293945,50.0,48.79999923706055,49.04999923706055,51854291
2023-02-22,48.75,48.849998474121094,47.5,47.79999923706055,50161602
2023-02-23,48.0,48.599998474121094,47.25,48.25,59329147
2023-02-24,48.599998474121094,49.150001525878906,47.349998474121094,47.54999923706055,43992957
2023-02-27,47.5,48.29999923706055,47.20000076293945,48.099998474121094,60479465
2023-02-28,48.25,48.599998474121094,47.650001525878906,48.349998474121094,45553040
2023-03-01,48.349998474121094,50.95000076293945,48.20000076293945,50.150001525878906,54733648
2023-03-02,50.150001525878906,50.25,49.400001525878906,49.75,39689768
2023-03-03,50.150001525878906,51.900001525878906,50.150001525878906,51.79999923706055,75460112
2023-03-06,52.04999923706055,52.45000076293945,51.150001525878906,51.29999923706055,47324177
2023-03-08,51.0,51.650001525878906,50.650001525878906,51.5,37125655
2023-03-09,51.5,51.75,50.70000076293945,50.900001525878906,26784782
2023-03-10,50.45000076293945,50.45000076293945,49.349998474121094,49.900001525878906,32660079
2023-03-13,49.900001525878906,50.25,48.0,48.150001525878906,44252288
2023-03-14,48.20000076293945,48.849998474121094,47.599998474121094,48.150001525878906,57868867
2023-03-15,48.849998474121094,49.04999923706055,47.400001525878906,47.70000076293945,39104721
2023-03-16,47.70000076293945,48.45000076293945,46.79999923706055,48.0,56323397
2023-03-17,48.5,48.75,47.5,47.95000076293945,43994185
2023-03-20,47.849998474121094,48.0,46.099998474121094,47.0,51001675
2023-03-21,47.400001525878906,48.04999923706055,46.849998474121094,47.75,40735601
2023-03-22,47.95000076293945,48.349998474121094,47.70000076293945,47.849998474121094,28630222
2023-03-23,47.650001525878906,47.900001525878906,46.70000076293945,46.849998474121094,30619961
2023-03-24,47.0,47.150001525878906,45.099998474121094,45.5,41476341
2023-03-27,45.5,46.0,45.0,45.54999923706055,42307425
2023-03-28,45.54999923706055,45.75,44.400001525878906,44.900001525878906,38272734
2023-03-29,44.900001525878906,46.650001525878906,44.599998474121094,46.29999923706055,49229088
2023-03-31,46.70000076293945,47.04999923706055,46.5,46.599998474121094,32435561
2023-04-03,46.849998474121094,47.45000076293945,46.599998474121094,47.349998474121094,20028650
2023-04-05,47.349998474121094,47.45000076293945,46.45000076293945,46.70000076293945,24882531
2023-04-06,46.70000076293945,47.79999923706055,46.45000076293945,47.20000076293945,33990957
2023-04-10,47.20000076293945,47.45000076293945,46.79999923706055,47.04999923706055,20735073
2023-04-11,47.650001525878906,48.099998474121094,47.150001525878906,47.25,36635159
2023-04-12,47.54999923706055,47.54999923706055,46.900001525878906,47.04999923706055,24089807
2023-04-13,47.099998474121094,47.95000076293945,46.79999923706055,47.75,32614533
2023-04-17,47.650001525878906,48.95000076293945,47.349998474121094,48.79999923706055,45304745
2023-04-18,48.849998474121094,49.5,48.599998474121094,49.099998474121094,35880230
2023-04-19,49.0,49.650001525878906,48.400001525878906,48.54999923706055,30538280
2023-04-20,48.599998474121094,48.849998474121094,48.29999923706055,48.599998474121094,23270861
2023-04-21,48.5,48.599998474121094,47.79999923706055,48.25,20293450
2023-04-24,48.5,49.349998474121094,48.25,49.25,31327255
2023-04-25,49.5,50.099998474121094,49.29999923706055,49.79999923706055,31449334
2023-04-26,49.70000076293945,50.5,49.29999923706055,50.25,30000936
2023-04-27,50.25,50.54999923706055,50.0,50.400001525878906,27678355
2023-04-28,50.599998474121094,52.5,50.5,52.25,58579598
2023-05-02,52.54999923706055,53.099998474121094,52.400001525878906,52.75,31570025
2023-05-03,51.95000076293945,52.95000076293945,51.79999923706055,52.54999923706055,30999962
2023-05-04,52.75,53.5,52.5,53.349998474121094,31540665
2023-05-05,53.349998474121094,53.849998474121094,52.20000076293945,52.349998474121094,41383424
2023-05-08,51.5,52.70000076293945,50.599998474121094,52.099998474121094,64119087
2023-05-09,52.45000076293945,52.54999923706055,50.04999923706055,50.25,51516931
2023-05-10,49.650001525878906,50.0,47.900001525878906,48.5,94616408
2023-05-11,48.79999923706055,49.25,48.400001525878906,48.5,44557782
2023-05-12,48.5,48.79999923706055,48.04999923706055,48.54999923706055,20165979
2023-05-15,48.5,49.099998474121094,48.25,48.95000076293945,22303027
2023-05-16,49.29999923706055,49.849998474121094,48.79999923706055,49.0,34288935
2023-05-17,49.150001525878906,49.5,48.5,49.29999923706055,31020370
2023-05-18,49.599998474121094,49.70000076293945,48.349998474121094,48.45000076293945,32314683
2023-05-19,48.849998474121094,49.599998474121094,48.349998474121094,49.25,46965076
2023-05-22,49.849998474121094,50.75,49.70000076293945,50.54999923706055,59690876
2023-05-23,50.75,50.95000076293945,50.29999923706055,50.599998474121094,30905073
2023-05-24,50.25,50.79999923706055,49.79999923706055,49.900001525878906,25931404
2023-05-25,50.04999923706055,50.04999923706055,49.349998474121094,49.650001525878906,27256728
2023-05-26,49.75,50.5,49.70000076293945,50.349998474121094,24170849
2023-05-29,50.650001525878906,51.349998474121094,50.29999923706055,50.79999923706055,33668195
2023-05-30,50.79999923706055,51.54999923706055,50.650001525878906,51.45000076293945,31271579
2023-05-31,51.400001525878906,51.95000076293945,50.900001525878906,51.849998474121094,36101259
2023-06-01,51.849998474121094,52.25,51.54999923706055,51.70000076293945,29135650
2023-06-02,51.79999923706055,52.5,51.79999923706055,52.29999923706055,25135897
2023-06-05,52.54999923706055,52.79999923706055,52.0,52.150001525878906,19034598
2023-06-06,52.349998474121094,52.349998474121094,51.54999923706055,52.04999923706055,18736434
2023-06-07,52.150001525878906,52.45000076293945,52.04999923706055,52.349998474121094,16129252
2023-06-08,52.45000076293945,52.650001525878906,51.75,51.95000076293945,31319973
2023-06-09,52.150001525878906,52.20000076293945,51.20000076293945,51.349998474121094,20964121
2023-06-12,51.400001525878906,51.849998474121094,50.95000076293945,51.54999923706055,17394733
2023-06-13,51.900001525878906,52.20000076293945,51.54999923706055,52.0,17963382
2023-06-14,52.20000076293945,52.29999923706055,51.650001525878906,51.79999923706055,16336696
2023-06-15,51.79999923706055,52.04999923706055,50.20000076293945,50.400001525878906,33888122
2023-06-16,50.70000076293945,52.45000076293945,50.5,51.54999923706055,96884339
2023-06-19,51.349998474121094,52.5,51.20000076293945,51.95000076293945,34057742
2023-06-20,51.849998474121094,52.25,51.45000076293945,51.900001525878906,23194150
2023-06-21,52.04999923706055,53.25,51.79999923706055,52.849998474121094,52583478
2023-06-22,53.150001525878906,53.20000076293945,50.75,51.0,53046985
2023-06-23,50.79999923706055,50.900001525878906,50.150001525878906,50.5,28505207
2023-06-26,50.54999923706055,50.599998474121094,49.70000076293945,50.29999923706055,23362169
2023-06-27,50.54999923706055,51.0,50.400001525878906,50.849998474121094,19597683
2023-06-28,50.900001525878906,51.099998474121094,50.29999923706055,50.400001525878906,38263938
2023-06-30,50.54999923706055,51.75,50.54999923706055,51.650001525878906,29580748
2023-07-03,52.0,54.0,52.0,53.849998474121094,68566621
2023-07-04,54.099998474121094,57.599998474121094,53.75,57.04999923706055,177088979
2023-07-05,57.349998474121094,59.099998474121094,56.79999923706055,58.599998474121094,141211050
2023-07-06,58.349998474121094,59.75,58.0,59.0,75478926
2023-07-07,58.900001525878906,61.0,57.54999923706055,60.400001525878906,101329144
2023-07-10,61.0,62.349998474121094,60.04999923706055,60.599998474121094,103004929
2023-07-11,60.75,61.099998474121094,60.150001525878906,60.45000076293945,41506545
2023-07-12,60.599998474121094,61.70000076293945,60.45000076293945,61.400001525878906,51755516
2023-07-13,61.79999923706055,62.20000076293945,58.150001525878906,59.099998474121094,98250294
2023-07-14,60.0,61.0,59.099998474121094,60.70000076293945,50708803
2023-07-17,60.79999923706055,62.650001525878906,60.400001525878906,62.349998474121094,60868223
2023-07-18,62.900001525878906,63.25,61.29999923706055,61.599998474121094,97038714
2023-07-19,61.849998474121094,64.5,61.599998474121094,64.1500015258789,104017013
2023-07-20,64.30000305175781,65.1500015258789,63.599998474121094,63.849998474121094,97828765
2023-07-21,63.79999923706055,64.30000305175781,62.29999923706055,62.599998474121094,56213660
2023-07-24,63.099998474121094,63.79999923706055,61.900001525878906,62.099998474121094,56162634
2023-07-25,62.45000076293945,63.0,60.54999923706055,60.70000076293945,61394039
2023-07-26,61.0,63.75,60.150001525878906,63.150001525878906,166000733
2023-07-27,63.79999923706055,63.900001525878906,62.04999923706055,62.400001525878906,95604140
2023-07-28,62.5,62.849998474121094,61.5,61.95000076293945,51987753
2023-07-31,62.0,62.5,61.70000076293945,61.849998474121094,37185529
2023-08-01,62.0,62.20000076293945,61.04999923706055,61.349998474121094,30729374
2023-08-02,61.25,61.400001525878906,58.54999923706055,59.5,74149795
2023-08-03,59.599998474121094,60.0,58.75,59.45000076293945,48284251
2023-08-04,59.70000076293945,60.599998474121094,59.25,59.95000076293945,42677862
2023-08-07,60.099998474121094,61.0,59.849998474121094,60.400001525878906,31910875
2023-08-08,60.45000076293945,62.349998474121094,60.29999923706055,62.150001525878906,63023357
2023-08-09,62.150001525878906,62.29999923706055,60.900001525878906,61.54999923706055,50984674
2023-08-10,61.54999923706055,62.099998474121094,60.70000076293945,61.25,54154278
2023-08-11,61.349998474121094,63.25,61.150001525878906,62.54999923706055,63803349
2023-08-14,62.54999923706055,62.599998474121094,60.54999923706055,62.349998474121094,39105535
2023-08-16,61.900001525878906,62.29999923706055,61.54999923706055,61.70000076293945,32860991
2023-08-17,61.54999923706055,63.900001525878906,61.54999923706055,63.25,86494044
2023-08-18,63.650001525878906,64.0,62.400001525878906,62.79999923706055,52249781
2023-08-21,63.0,63.04999923706055,62.150001525878906,62.349998474121094,22537361
2023-08-22,62.349998474121094,62.75,62.29999923706055,62.45000076293945,16228098
2023-08-23,62.5,63.70000076293945,62.400001525878906,63.349998474121094,35562766
2023-08-24,63.650001525878906,64.19999694824219,62.45000076293945,62.849998474121094,40679832
2023-08-25,62.45000076293945,62.5,61.150001525878906,61.5,44154787
2023-08-28,61.75,63.25,61.349998474121094,62.5,51611750
2023-08-29,62.70000076293945,63.099998474121094,62.5,62.95000076293945,22724327
2023-08-30,62.95000076293945,63.849998474121094,62.95000076293945,63.45000076293945,36758499
2023-08-31,63.54999923706055,63.75,62.599998474121094,63.0,47388258
2023-09-01,63.04999923706055,66.19999694824219,62.5,65.4000015258789,120297728
2023-09-04,66.05000305175781,67.80000305175781,65.69999694824219,67.4000015258789,78454936
2023-09-05,67.9000015258789,68.5999984741211,66.6500015258789,67.3499984741211,70525265
2023-09-06,67.3499984741211,67.5,65.5,65.69999694824219,57072136
2023-09-07,65.8499984741211,67.1500015258789,65.69999694824219,66.5999984741211,39914471
2023-09-08,67.0,67.30000305175781,66.25,66.8499984741211,38692009
2023-09-11,67.19999694824219,69.5,67.0,69.1500015258789,97021497
2023-09-12,69.5,69.80000305175781,66.25,66.8499984741211,106038890
2023-09-13,66.80000305175781,73.0999984741211,66.30000305175781,72.55000305175781,196952754
2023-09-14,73.0,74.19999694824219,71.8499984741211,73.69999694824219,110388816
2023-09-15,74.0,74.8499984741211,72.9000015258789,74.1500015258789,85659070
2023-09-18,74.1500015258789,79.05000305175781,73.80000305175781,76.9000015258789,196740035
2023-09-20,76.80000305175781,77.69999694824219,75.30000305175781,76.44999694824219,87014740
2023-09-21,76.8499984741211,78.30000305175781,74.55000305175781,75.0,82446210
2023-09-22,75.80000305175781,77.75,75.05000305175781,77.5,96312592
2023-09-25,77.9000015258789,80.55000305175781,76.55000305175781,80.19999694824219,132629554
2023-09-26,80.19999694824219,81.3499984741211,79.05000305175781,79.3499984741211,81418694
2023-09-27,79.80000305175781,81.9000015258789,79.5,81.5,87175092
2023-09-28,81.6500015258789,82.6500015258789,79.19999694824219,79.6500015258789,153076293
2023-09-29,80.19999694824219,81.0,79.5,80.19999694824219,50000692
2023-10-03,80.19999694824219,83.5,79.80000305175781,83.19999694824219,67592455
2023-10-04,82.69999694824219,83.30000305175781,79.3499984741211,79.75,103799902
2023-10-05,80.69999694824219,81.05000305175781,76.25,77.0999984741211,134330537
2023-10-06,77.44999694824219,78.25,76.05000305175781,76.75,66525708
2023-10-09,76.0,76.0,72.8499984741211,73.3499984741211,73864732
2023-10-10,74.05000305175781,75.5999984741211,74.0,75.25,45297302
2023-10-11,75.80000305175781,77.8499984741211,75.5,76.05000305175781,59870131
2023-10-12,76.69999694824219,77.19999694824219,75.3499984741211,75.75,28874895
2023-10-13,75.0999984741211,75.75,74.5999984741211,75.19999694824219,33454518
2023-10-16,75.1500015258789,76.0999984741211,74.80000305175781,75.25,31664409
2023-10-17,75.75,76.19999694824219,75.25,75.80000305175781,25571754
2023-10-18,76.75,77.25,74.05000305175781,74.19999694824219,79079912
2023-10-19,73.9000015258789,75.0999984741211,73.4000015258789,74.0,40169623
2023-10-20,73.9000015258789,74.5999984741211,71.8499984741211,72.25,47312964
2023-10-23,72.5,73.69999694824219,69.0999984741211,69.6500015258789,64052095
2023-10-25,70.0,71.4000015258789,68.55000305175781,69.5,56157100
2023-10-26,69.3499984741211,70.30000305175781,67.3499984741211,69.8499984741211,96629399
2023-10-27,71.80000305175781,74.1500015258789,70.9000015258789,73.1500015258789,97582651
2023-10-30,73.55000305175781,73.6500015258789,72.3499984741211,73.1500015258789,45878932
2023-10-31,73.4000015258789,74.25,72.80000305175781,73.0,44305596
2023-11-01,73.0999984741211,74.3499984741211,72.6500015258789,72.9000015258789,39344724
2023-11-02,73.8499984741211,75.4000015258789,73.5,74.25,44074000
2023-11-03,74.8499984741211,75.4000015258789,74.5,74.75,33999204
2023-11-06,75.30000305175781,75.5,74.75,74.9000015258789,22781133
2023-11-07,75.19999694824219,76.75,74.55000305175781,76.1500015258789,45263683
2023-11-08,76.5,76.8499984741211,75.5,75.80000305175781,28074631
2023-11-09,76.0,76.55000305175781,75.5999984741211,76.0,25406922
2023-11-10,75.9000015258789,76.4000015258789,75.5,76.25,19806827
2023-11-13,76.30000305175781,79.44999694824219,76.0999984741211,79.0999984741211,61511606
2023-11-15,80.0999984741211,80.80000305175781,78.75,78.94999694824219,56335226
2023-11-16,79.19999694824219,80.30000305175781,79.0999984741211,79.5999984741211,36649274
2023-11-17,77.94999694824219,78.4000015258789,76.25,77.9000015258789,52680056
2023-11-20,78.19999694824219,79.5,77.80000305175781,78.4000015258789,29074574
2023-11-21,78.80000305175781,79.3499984741211,77.5,78.05000305175781,23914987
2023-11-22,78.0,78.30000305175781,76.0,76.3499984741211,35533376
2023-11-23,76.75,77.1500015258789,76.30000305175781,76.55000305175781,15646955
2023-11-24,76.75,76.94999694824219,75.75,75.94999694824219,17112957
2023-11-28,75.94999694824219,79.5999984741211,75.5999984741211,78.55000305175781,43966316
2023-11-29,78.94999694824219,79.30000305175781,78.05000305175781,79.1500015258789,38404432
2023-11-30,79.1500015258789,79.8499984741211,77.25,77.5999984741211,57665048
2023-12-01,78.0999984741211,81.5,78.05000305175781,80.69999694824219,84958693
2023-12-04,83.1500015258789,84.5999984741211,82.30000305175781,83.75,98320541
2023-12-05,84.19999694824219,85.80000305175781,83.5,85.0,84479543
2023-12-06,85.5,86.5,84.8499984741211,85.44999694824219,74935960
2023-12-07,85.8499984741211,87.19999694824219,84.5,86.80000305175781,52407229
2023-12-08,87.1500015258789,88.0999984741211,84.5999984741211,86.55000305175781,64205639
2023-12-11,86.5999984741211,89.3499984741211,86.55000305175781,88.44999694824219,58983764
2023-12-12,89.0,89.8499984741211,87.75,88.1500015258789,50356234
2023-12-13,88.5999984741211,89.19999694824219,87.94999694824219,88.75,45083954
2023-12-14,89.75,90.69999694824219,89.25,89.9000015258789,46901038
2023-12-15,92.0,92.0,89.5999984741211,91.25,57382725
2023-12-18,91.19999694824219,92.19999694824219,90.4000015258789,91.3499984741211,35997452
2023-12-19,91.44999694824219,92.4000015258789,90.05000305175781,91.4000015258789,43084144
2023-12-20,91.94999694824219,92.19999694824219,86.19999694824219,86.8499984741211,75353864
2023-12-21,86.05000305175781,90.1500015258789,84.75,89.8499984741211,58814452
2023-12-22,90.44999694824219,90.44999694824219,88.30000305175781,89.25,32589619
2023-12-26,90.0,90.25,88.25,88.5,35937581
2023-12-27,89.1500015258789,92.1500015258789,89.05000305175781,91.80000305175781,62043155
2023-12-28,92.80000305175781,97.69999694824219,92.80000305175781,95.5,178967353
2023-12-29,96.4000015258789,96.55000305175781,94.80000305175781,95.75,65556029
2024-01-01,96.25,99.25,95.75,97.80000305175781,55329198
2024-01-02,97.80000305175781,98.9000015258789,96.0999984741211,97.0,50741670
2024-01-03,96.0,97.94999694824219,94.80000305175781,96.44999694824219,73009456
2024-01-04,96.5,97.8499984741211,96.44999694824219,97.4000015258789,37426897
2024-01-05,97.9000015258789,97.9000015258789,95.6500015258789,97.25,42729858
2024-01-08,97.25,97.25,94.80000305175781,95.0,47101702
2024-01-09,96.0,96.75,94.5999984741211,94.94999694824219,33881561
2024-01-10,94.94999694824219,95.19999694824219,93.3499984741211,94.4000015258789,54772377
2024-01-11,95.19999694824219,95.94999694824219,94.19999694824219,94.80000305175781,28709414
2024-01-12,95.4000015258789,98.5999984741211,94.69999694824219,97.69999694824219,78525419
2024-01-15,98.3499984741211,99.5999984741211,97.80000305175781,98.19999694824219,46701350
2024-01-16,98.4000015258789,100.0999984741211,96.80000305175781,98.25,60660256
2024-01-17,97.05000305175781,99.94999694824219,96.4000015258789,97.19999694824219,98759165
2024-01-18,97.30000305175781,99.0,94.30000305175781,98.5,60733225
2024-01-19,99.4000015258789,102.5,98.9000015258789,102.19999694824219,104194911
2024-01-23,106.6500015258789,106.69999694824219,98.1500015258789,98.75,83723415
2024-01-24,99.1500015258789,102.6500015258789,97.80000305175781,102.19999694824219,65088374
2024-01-25,102.75,106.0,100.6500015258789,104.5,111791532
2024-01-29,107.5,109.5,105.44999694824219,107.5,108149443
2024-01-30,108.0,110.94999694824219,106.9000015258789,109.25,75911884
2024-01-31,109.5,114.94999694824219,109.05000305175781,114.4000015258789,113135172
2024-02-01,115.0,119.6500015258789,113.69999694824219,118.8499984741211,134380980
2024-02-02,121.69999694824219,128.25,120.0999984741211,125.4000015258789,167566465
2024-02-05,125.9000015258789,126.80000305175781,120.80000305175781,121.6500015258789,92993076
2024-02-06,122.4000015258789,122.8499984741211,119.0999984741211,121.9000015258789,53028325
2024-02-07,123.69999694824219,125.75,122.8499984741211,123.9000015258789,65831369
2024-02-08,125.6500015258789,127.25,123.05000305175781,124.30000305175781,83500656
2024-02-09,124.5,124.5999984741211,117.80000305175781,123.9000015258789,69128606
2024-02-12,124.8499984741211,125.55000305175781,117.0999984741211,118.25,65062679
2024-02-13,118.30000305175781,123.5,115.69999694824219,122.0999984741211,76885208
2024-02-14,120.9000015258789,124.5,119.5,122.94999694824219,57158902
2024-02-15,124.9000015258789,129.3000030517578,123.5999984741211,128.85000610351562,102510609
2024-02-16,129.64999389648438,132.60000610351562,129.3000030517578,130.14999389648438,111266944
2024-02-19,130.89999389648438,131.3000030517578,128.1999969482422,128.4499969482422,44582022
2024-02-20,129.0,130.5,128.1999969482422,129.5,32539004
2024-02-21,129.9499969482422,131.14999389648438,127.19999694824219,128.35000610351562,54001521
2024-02-22,128.9499969482422,129.3000030517578,125.6500015258789,129.0,41873541
2024-02-23,129.5,130.8000030517578,127.0,127.94999694824219,48191136
2024-02-26,127.9000015258789,128.25,124.30000305175781,124.8499984741211,41091685
2024-02-27,124.8499984741211,125.75,122.5999984741211,123.4000015258789,37510230
2024-02-28,124.0,125.44999694824219,120.1500015258789,120.75,52883269
2024-02-29,120.75,125.55000305175781,118.69999694824219,121.8499984741211,356428226
2024-03-01,123.05000305175781,125.0,121.0,124.8499984741211,52161604
2024-03-04,126.44999694824219,126.69999694824219,124.75,126.05000305175781,43386707
2024-03-05,125.8499984741211,130.0,125.5,129.6999969482422,60554186
2024-03-06,129.60000610351562,130.6999969482422,125.5999984741211,130.35000610351562,82989654
2024-03-07,130.5500030517578,131.64999389648438,129.5,129.85000610351562,38719979
2024-03-11,130.39999389648438,132.9499969482422,128.10000610351562,128.89999389648438,55291160
2024-03-12,128.8000030517578,130.10000610351562,124.8499984741211,125.94999694824219,43724417
2024-03-13,126.30000305175781,126.8499984741211,116.9000015258789,118.80000305175781,69647674
2024-03-14,117.0,122.30000305175781,116.30000305175781,120.6500015258789,54520717
2024-03-15,120.5999984741211,121.25,114.9000015258789,117.75,61465003
2024-03-18,117.94999694824219,120.5,117.25,120.0,31528977
2024-03-19,120.5,120.69999694824219,115.94999694824219,116.55000305175781,33325451
2024-03-20,117.25,118.30000305175781,114.1500015258789,116.6500015258789,43979002
2024-03-21,118.55000305175781,121.55000305175781,118.4000015258789,121.05000305175781,38099730
2024-03-22,121.0,123.30000305175781,120.0999984741211,122.75,35001868
2024-03-26,122.80000305175781,124.5999984741211,122.1500015258789,123.94999694824219,30860596
2024-03-27,124.0,125.1500015258789,122.19999694824219,122.75,42673023
2024-03-28,122.9000015258789,125.0999984741211,122.9000015258789,124.4000015258789,29453142
2024-04-01,125.44999694824219,126.0999984741211,124.9000015258789,125.5999984741211,24639923
2024-04-02,125.5,127.0,124.94999694824219,126.69999694824219,29181379
2024-04-03,126.69999694824219,136.6999969482422,125.5999984741211,135.14999389648438,100643107
2024-04-04,137.0500030517578,137.35000610351562,134.0,135.10000610351562,81127069
2024-04-05,135.10000610351562,137.5,134.3000030517578,136.5500030517578,44560290
2024-04-08,136.5,136.8000030517578,132.5,132.89999389648438,41839925
2024-04-09,133.5,134.75,131.25,132.5,25963967
2024-04-10,132.75,136.89999389648438,132.35000610351562,136.3000030517578,48720465
2024-04-12,135.60000610351562,138.3000030517578,134.60000610351562,134.85000610351562,40533614
2024-04-15,132.1999969482422,135.35000610351562,129.25,132.85000610351562,45918093
2024-04-16,132.39999389648438,132.5,128.1999969482422,128.5500030517578,45007324
2024-04-18,129.85000610351562,132.39999389648438,128.8000030517578,129.5500030517578,37211719
2024-04-19,128.0,129.35000610351562,125.25,128.25,35611955
2024-04-22,130.8000030517578,133.89999389648438,129.85000610351562,133.10000610351562,37568034
2024-04-23,135.0,135.0,132.5,132.85000610351562,28249840
2024-04-24,133.25,133.6999969482422,132.14999389648438,133.0,18644765
2024-04-25,132.9499969482422,137.0,132.5500030517578,135.89999389648438,59269785
2024-04-26,136.5500030517578,138.10000610351562,136.0,136.4499969482422,33021444
2024-04-29,137.5,138.85000610351562,134.85000610351562,137.25,51158461
2024-04-30,137.89999389648438,142.89999389648438,136.39999389648438,141.0500030517578,95390289
2024-05-02,141.10000610351562,142.5,137.35000610351562,138.0500030517578,58420041
2024-05-03,139.14999389648438,139.3000030517578,134.25,135.8000030517578,61353686
2024-05-06,136.89999389648438,136.89999389648438,126.4000015258789,127.0999984741211,144404671
2024-05-07,127.9000015258789,127.94999694824219,120.75,122.30000305175781,86243645
2024-05-08,122.5,126.1500015258789,122.0999984741211,124.80000305175781,70886836
2024-05-09,125.94999694824219,126.6500015258789,120.69999694824219,122.1500015258789,82730547
2024-05-10,123.9000015258789,124.75,120.5,123.9000015258789,45163174
2024-05-13,123.9000015258789,124.0,119.0,123.0999984741211,41922266
2024-05-14,123.55000305175781,126.5999984741211,123.05000305175781,125.75,32083064
2024-05-15,126.75,127.75,124.0,124.30000305175781,47253149
2024-05-16,125.25,126.25,122.4000015258789,125.1500015258789,33690165
2024-05-17,125.30000305175781,125.94999694824219,124.5999984741211,125.0999984741211,20071553
2024-05-21,126.4000015258789,128.0,125.80000305175781,126.4000015258789,30284178
2024-05-22,127.0,127.0,123.5,125.8499984741211,30665828
2024-05-23,126.5,128.0,126.05000305175781,126.6500015258789,24483383
2024-05-24,126.6500015258789,127.3499984741211,125.30000305175781,126.44999694824219,23179947
2024-05-27,126.25,131.0,125.9000015258789,129.5500030517578,57820057
2024-05-28,130.10000610351562,131.5500030517578,126.8499984741211,128.1999969482422,44999618
2024-05-29,127.25,130.5500030517578,126.94999694824219,128.0500030517578,46255738
2024-05-30,128.0,130.0,127.0,127.44999694824219,26985052
2024-05-31,128.60000610351562,130.0,126.05000305175781,129.4499969482422,74303548
2024-06-03,135.0,138.60000610351562,132.64999389648438,137.0,95948403
2024-06-04,136.39999389648438,136.39999389648438,104.19999694824219,115.3499984741211,169672083
2024-06-05,119.0,122.5999984741211,110.44999694824219,121.8499984741211,104945370
2024-06-06,123.19999694824219,126.5,122.0,123.9000015258789,59619303
2024-06-07,124.0,125.5999984741211,123.05000305175781,125.0999984741211,28076164
2024-06-10,125.8499984741211,128.35000610351562,125.0,125.33999633789062,36182690
2024-06-11,126.19999694824219,127.31999969482422,125.4000015258789,126.13999938964844,22932643
2024-06-12,126.30000305175781,127.9800033569336,126.0,127.4800033569336,29332963
2024-06-13,128.3000030517578,128.8000030517578,125.80000305175781,126.56999969482422,23810879
2024-06-14,126.56999969482422,129.5500030517578,126.4000015258789,128.94000244140625,38637971
2024-06-18,129.0,129.89999389648438,128.3300018310547,128.6300048828125,20304777
2024-06-19,129.0,130.19000244140625,126.97000122070312,128.2899932861328,60954903
2024-06-20,128.3000030517578,129.85000610351562,127.80000305175781,128.49000549316406,22469105
2024-06-21,127.45999908447266,127.80000305175781,125.5,125.80000305175781,24071503
2024-06-24,125.69999694824219,126.68000030517578,122.9000015258789,125.06999969482422,29824639
2024-06-25,125.0999984741211,125.93000030517578,123.75,124.12999725341797,19684789
2024-06-26,124.12999725341797,126.0,123.0,124.36000061035156,36345676
2024-06-27,124.30000305175781,124.5,117.80999755859375,119.19999694824219,136068914
2024-06-28,120.1500015258789,124.98999786376953,120.1500015258789,123.26000213623047,121916127
2024-07-01,123.1500015258789,123.61000061035156,121.76000213623047,122.45999908447266,44039186
2024-07-02,122.5,123.12999725341797,119.9000015258789,120.62999725341797,41519074
2024-07-03,121.3499984741211,122.44999694824219,120.33999633789062,121.63999938964844,37154088
2024-07-04,122.19999694824219,122.37999725341797,120.48999786376953,121.52999877929688,20117728
2024-07-05,122.97000122070312,123.94999694824219,122.11000061035156,122.80000305175781,33669963
2024-07-08,122.6500015258789,123.38999938964844,121.12000274658203,121.36000061035156,23249946
2024-07-09,121.94999694824219,124.13999938964844,121.63999938964844,122.38999938964844,30994243
2024-07-10,122.80000305175781,122.94999694824219,118.54000091552734,119.22000122070312,48724410
2024-07-11,120.4000015258789,120.5999984741211,119.06999969482422,119.4000015258789,25511815
2024-07-12,119.80000305175781,119.80000305175781,117.5,117.73999786376953,26896471
2024-07-15,118.0999984741211,121.3499984741211,117.5,120.93000030517578,32712545
2024-07-16,121.41000366210938,122.1500015258789,119.19999694824219,119.86000061035156,29031539
2024-07-18,119.98999786376953,120.9000015258789,118.1500015258789,118.83999633789062,21826818
2024-07-19,119.3499984741211,119.79000091552734,116.19999694824219,116.51000213623047,32480581
2024-07-22,116.4000015258789,118.69000244140625,114.76000213623047,118.16000366210938,20931256
2024-07-23,118.4000015258789,118.94999694824219,112.5199966430664,117.75,28867094
2024-07-24,117.51000213623047,119.12999725341797,115.76000213623047,116.55000305175781,39917998
2024-07-25,116.05000305175781,117.94999694824219,115.33999633789062,117.72000122070312,22543073
2024-07-26,117.25,120.30000305175781,117.02999877929688,119.94999694824219,24356026
2024-07-29,124.86000061035156,128.8000030517578,123.54000091552734,127.0,144104708
2024-07-30,127.0,127.69999694824219,124.9000015258789,125.51000213623047,33365327
2024-07-31,126.0,126.0,122.7300033569336,123.94999694824219,47960947
2024-08-01,124.5,125.69999694824219,121.87999725341797,122.94999694824219,23162046
2024-08-02,121.0,121.6500015258789,119.55999755859375,120.26000213623047,29241484
2024-08-05,117.97000122070312,117.97000122070312,113.19999694824219,113.94000244140625,51711021
2024-08-06,116.0,117.80000305175781,113.48999786376953,113.80999755859375,27461434
2024-08-07,116.0,116.25,114.02999877929688,115.93000030517578,28249277
2024-08-08,116.25,116.30000305175781,113.80000305175781,114.0199966430664,27941633
2024-08-09,115.75,116.48999786376953,113.8499984741211,115.2699966430664,22149553
2024-08-12,114.94999694824219,115.88999938964844,113.80999755859375,114.5999984741211,15808638
2024-08-13,115.31999969482422,115.98999786376953,113.5999984741211,114.30000305175781,17938540
2024-08-14,114.55000305175781,115.0999984741211,112.5199966430664,113.56999969482422,20442740
2024-08-16,112.0,113.55000305175781,111.9000015258789,113.04000091552734,27059803
2024-08-19,114.33999633789062,115.87000274658203,113.8499984741211,115.20999908447266,16314063
2024-08-20,115.5,117.9000015258789,114.97000122070312,117.3499984741211,24197410
2024-08-21,117.38999938964844,117.75,115.2699966430664,116.41000366210938,31985161
2024-08-22,116.63999938964844,117.9800033569336,116.55000305175781,117.36000061035156,18399460
2024-08-23,117.68000030517578,117.9000015258789,116.11000061035156,116.2699966430664,10286090
2024-08-26,116.31999969482422,116.83999633789062,115.80999755859375,116.16000366210938,11190669
2024-08-27,116.25,116.6500015258789,115.69999694824219,115.95999908447266,9861808
2024-08-28,116.05000305175781,116.33999633789062,114.51000213623047,114.75,14645860
2024-08-29,114.75,115.88999938964844,114.5,115.52999877929688,14852490
2024-08-30,115.83000183105469,117.55000305175781,115.83000183105469,116.56999969482422,26208535
2024-09-02,116.94000244140625,117.48999786376953,115.62000274658203,116.5199966430664,14419150
2024-09-03,116.58999633789062,117.19999694824219,115.30000305175781,115.58999633789062,10681101
2024-09-04,114.05000305175781,114.52999877929688,112.73999786376953,112.94000244140625,26202729
2024-09-05,113.66999816894531,113.87999725341797,112.1500015258789,113.4000015258789,18290375
2024-09-06,112.9000015258789,113.12999725341797,109.75,110.0,29092655
2024-09-09,109.4000015258789,110.19000244140625,107.19999694824219,109.62999725341797,27017545
2024-09-10,110.19000244140625,110.62999725341797,109.37000274658203,109.58999633789062,12498926
2024-09-11,109.72000122070312,110.48999786376953,106.8499984741211,107.45999908447266,22838612
2024-09-12,108.69999694824219,109.47000122070312,107.0,108.72000122070312,20816903
2024-09-13,109.5,112.5999984741211,108.81999969482422,111.11000061035156,28921320
2024-09-16,111.30000305175781,112.19999694824219,110.26000213623047,110.80999755859375,12834170
2024-09-17,110.80999755859375,110.9000015258789,107.81999969482422,108.02999877929688,18548760
2024-09-18,108.30000305175781,109.9800033569336,107.77999877929688,108.75,24775806
2024-09-19,109.8499984741211,110.1500015258789,105.5999984741211,107.25,21178477
2024-09-20,108.0,109.16000366210938,106.30999755859375,108.41000366210938,23196144
2024-09-23,108.58999633789062,111.9000015258789,108.51000213623047,111.51000213623047,35372759
2024-09-24,111.0,111.23999786376953,107.5999984741211,107.83000183105469,79101837
2024-09-25,107.4800033569336,107.4800033569336,103.62000274658203,105.05000305175781,71227249
2024-09-26,105.19999694824219,107.48999786376953,104.55999755859375,107.29000091552734,34719895
2024-09-27,107.80000305175781,109.5999984741211,107.29000091552734,109.22000122070312,40191522
2024-09-30,108.88999938964844,109.26000213623047,106.80999755859375,107.20999908447266,30911908
2024-10-01,104.0,106.16999816894531,103.86000061035156,105.20999908447266,120187762
2024-10-03,103.25,106.75,103.0,105.05999755859375,99417000
2024-10-04,104.19999694824219,107.4000015258789,104.1500015258789,105.8499984741211,79454589
2024-10-07,106.16000366210938,107.4000015258789,100.80000305175781,102.06999969482422,83307848
2024-10-08,102.06999969482422,103.30000305175781,101.1500015258789,102.48999786376953,28947367
2024-10-09,103.55000305175781,105.41999816894531,102.55999755859375,104.0999984741211,43366313
2024-10-10,104.8499984741211,105.3499984741211,103.12999725341797,103.69000244140625,18521599
2024-10-11,104.0,105.30999755859375,103.30000305175781,104.91000366210938,16201817
2024-10-14,105.0,105.69999694824219,104.76000213623047,105.01000213623047,15757325
2024-10-15,105.19999694824219,105.5199966430664,104.5,104.9800033569336,15017858
2024-10-16,104.66000366210938,105.33999633789062,104.4800033569336,105.05000305175781,14270009
2024-10-17,105.06999969482422,105.23999786376953,102.0199966430664,102.45999908447266,18076891
2024-10-18,102.75,104.12000274658203,102.41999816894531,103.2699966430664,18567809
2024-10-21,103.27999877929688,104.44999694824219,101.76000213623047,102.29000091552734,17438662
2024-10-22,102.29000091552734,103.12999725341797,94.4000015258789,94.94999694824219,51355704
2024-10-23,96.0,97.26000213623047,92.4000015258789,96.68000030517578,38207629
2024-10-24,96.18000030517578,100.5999984741211,96.12999725341797,98.75,55363485
2024-10-25,98.9000015258789,99.37000274658203,93.2300033569336,95.72000122070312,39756124
2024-10-28,96.25,101.94999694824219,95.9800033569336,98.63999938964844,70816541
2024-10-29,102.44000244140625,102.61000061035156,97.30000305175781,101.33000183105469,94263912
2024-10-30,101.4000015258789,101.9000015258789,99.80000305175781,99.95999908447266,47768641
2024-10-31,100.0,100.44000244140625,96.5999984741211,97.9000015258789,93367752
2024-11-01,98.69000244140625,101.16999816894531,98.61000061035156,100.9800033569336,23647421
2024-11-04,100.79000091552734,103.9800033569336,99.1500015258789,103.6500015258789,132269383
2024-11-05,103.7300033569336,105.16999816894531,102.31999969482422,104.70999908447266,79179075
2024-11-06,105.76000213623047,107.25,105.20999908447266,106.9800033569336,59984748
2024-11-07,106.38999938964844,107.9000015258789,106.04000091552734,106.70999908447266,42209575
2024-11-08,106.94999694824219,106.94999694824219,104.12000274658203,104.79000091552734,31981183
2024-11-11,103.61000061035156,106.0999984741211,103.25,105.13999938964844,29852507
2024-11-12,105.5,106.33999633789062,103.3499984741211,103.7300033569336,26013763
2024-11-13,103.30000305175781,103.80000305175781,100.0,100.55999755859375,38963115
2024-11-14,101.0999984741211,102.4800033569336,99.30000305175781,99.48999786376953,25816807
2024-11-18,100.69999694824219,102.27999877929688,97.93000030517578,100.52999877929688,32300511
2024-11-19,101.1500015258789,103.72000122070312,100.44999694824219,100.86000061035156,25456236
2024-11-21,100.05000305175781,100.30999755859375,94.80999755859375,96.37000274658203,62222678
2024-11-22,97.0999984741211,100.25,97.05000305175781,99.81999969482422,38066845
2024-11-25,103.0999984741211,105.4800033569336,102.98999786376953,104.11000061035156,57404398
2024-11-26,104.47000122070312,105.44999694824219,104.11000061035156,105.11000061035156,22370887
2024-11-27,105.0999984741211,105.44999694824219,103.8499984741211,104.37999725341797,25139229
2024-11-28,104.9000015258789,107.25,104.30999755859375,106.29000091552734,30202813
2024-11-29,106.8499984741211,107.13999938964844,103.68000030517578,104.9000015258789,30163680
2024-12-02,104.73999786376953,105.44999694824219,104.06999969482422,105.0,14773753
2024-12-03,105.45999908447266,108.30000305175781,105.30999755859375,107.97000122070312,38169064
2024-12-04,108.75,110.5,107.81999969482422,110.01000213623047,48997721
2024-12-05,110.56999969482422,110.5999984741211,108.30000305175781,109.08000183105469,20568682
2024-12-06,109.69999694824219,111.12999725341797,107.18000030517578,110.0999984741211,51861042
2024-12-09,110.0999984741211,110.5,108.51000213623047,108.7699966430664,28843979
2024-12-10,109.0,111.04000091552734,108.61000061035156,110.47000122070312,28453790
2024-12-11,110.88999938964844,110.91999816894531,108.4000015258789,108.58000183105469,23295859
2024-12-12,109.0,109.12000274658203,107.2300033569336,107.81999969482422,18431604
2024-12-13,107.0,108.1500015258789,104.16000366210938,107.7300033569336,32663054
2024-12-16,108.0,108.9000015258789,107.6500015258789,108.18000030517578,12188756
2024-12-17,107.98999786376953,108.37999725341797,105.66000366210938,105.98999786376953,18985400
2024-12-18,105.61000061035156,105.95999908447266,102.72000122070312,103.02999877929688,23131600
2024-12-19,100.01000213623047,104.36000061035156,99.55999755859375,103.5199966430664,28868334
2024-12-20,103.05000305175781,103.9000015258789,100.5,100.7699966430664,31121919
2024-12-23,101.48999786376953,102.44000244140625,100.0,101.37999725341797,23843994
2024-12-24,101.41999816894531,102.20999908447266,100.7699966430664,101.63999938964844,15719911
2024-12-26,101.69999694824219,103.29000091552734,101.63999938964844,102.16000366210938,13150281
2024-12-27,102.25,103.19999694824219,101.19999694824219,101.44000244140625,12621977
2024-12-30,101.63999938964844,103.30000305175781,100.73999786376953,101.76000213623047,78383603
2024-12-31,101.0,103.04000091552734,101.0,102.77999877929688,17390282
2025-01-01,102.3499984741211,103.30000305175781,101.7699966430664,102.66000366210938,10563476
2025-01-02,102.66000366210938,105.91999816894531,101.44999694824219,105.4800033569336,30428278
2025-01-03,105.44999694824219,107.25,105.22000122070312,106.4000015258789,34674507
2025-01-06,106.37000274658203,106.37000274658203,101.27999877929688,101.73999786376953,44287969
2025-01-07,102.0,104.58999633789062,102.0,103.11000061035156,21097404
2025-01-08,103.23999786376953,103.45999908447266,101.06999969482422,101.97000122070312,23423194
2025-01-09,101.9000015258789,102.30000305175781,100.75,102.02999877929688,25169272
2025-01-10,101.7300033569336,101.87999725341797,98.31999969482422,98.63999938964844,32253243
2025-01-13,98.0,98.5,94.6500015258789,95.41999816894531,32108507
2025-01-14,95.44999694824219,99.18000030517578,95.44999694824219,98.41000366210938,26803252
2025-01-15,99.0,99.94000244140625,97.5,98.25,22113146
2025-01-16,99.5,101.9000015258789,99.33000183105469,100.22000122070312,22309415
2025-01-17,100.13999938964844,100.69999694824219,99.33000183105469,100.12999725341797,16236187
2025-01-20,100.80000305175781,102.75,99.44999694824219,101.0,28247505
2025-01-21,101.6500015258789,101.8499984741211,99.4800033569336,100.31999969482422,21920285
2025-01-22,100.31999969482422,100.79000091552734,96.25,98.19999694824219,34811690
2025-01-23,97.88999938964844,100.0,97.20999908447266,99.43000030517578,18589650
2025-01-24,99.25,99.79000091552734,96.51000213623047,97.62000274658203,26893329
2025-01-27,97.0,97.19999694824219,94.66000366210938,95.51000213623047,35584897
2025-01-28,97.5,100.1500015258789,95.75,99.77999877929688,41891053
2025-01-29,100.30000305175781,100.4000015258789,97.30000305175781,97.7699966430664,34295362
2025-01-30,98.27999877929688,98.54000091552734,96.0,96.5199966430664,31403759
2025-01-31,96.98999786376953,101.87000274658203,96.36000061035156,101.19999694824219,57911997
2025-02-01,101.98999786376953,101.98999786376953,97.86000061035156,99.3499984741211,29973719
2025-02-03,98.1500015258789,99.33999633789062,97.29000091552734,98.31999969482422,27155760
2025-02-04,99.3499984741211,100.7300033569336,98.70999908447266,99.05000305175781,21734744
2025-02-05,100.19999694824219,101.19999694824219,99.94999694824219,100.26000213623047,27382286
2025-02-06,100.80000305175781,101.01000213623047,99.4000015258789,99.72000122070312,22650204
2025-02-07,99.9000015258789,100.2699966430664,98.16999816894531,99.2699966430664,29397431
2025-02-10,99.25,99.83999633789062,97.8499984741211,98.30999755859375,17224807
2025-02-11,98.26000213623047,98.73999786376953,95.01000213623047,95.22000122070312,23377744
2025-02-12,95.4000015258789,96.30999755859375,91.9000015258789,95.66999816894531,28356228
2025-02-13,95.66999816894531,96.66000366210938,94.5,94.63999938964844,13174852
2025-02-14,95.3499984741211,95.48999786376953,91.01000213623047,92.25,21224323
2025-02-17,92.2300033569336,93.48999786376953,90.16000366210938,93.18000030517578,19598957
2025-02-18,93.0,93.44000244140625,91.30000305175781,91.86000061035156,12784429
2025-02-19,91.0,93.58999633789062,90.58999633789062,92.86000061035156,14782674
2025-02-20,92.6500015258789,96.08000183105469,92.0,95.6500015258789,21619032
2025-02-21,95.54000091552734,96.29000091552734,93.80999755859375,94.25,12976716
2025-02-24,93.5,94.63999938964844,92.77999877929688,93.98999786376953,12552679
2025-02-25,94.0,94.79000091552734,92.66000366210938,93.12000274658203,17127179
2025-02-27,93.5,93.8499984741211,91.5999984741211,91.95999908447266,27169438
2025-02-28,91.29000091552734,91.29000091552734,87.0,87.38999938964844,39944640
2025-03-03,87.80000305175781,88.69999694824219,85.48999786376953,87.29000091552734,29508306
2025-03-04,86.5,88.55000305175781,85.45999908447266,87.08999633789062,19363016
2025-03-05,87.0,90.12999725341797,87.0,89.73999786376953,26622932
2025-03-06,90.51000213623047,92.0,90.5,90.98999786376953,25378584
2025-03-07,90.91000366210938,91.76000213623047,90.5,91.16999816894531,16424249
2025-03-10,91.0,91.48999786376953,88.27999877929688,88.5999984741211,20754269
2025-03-11,87.80000305175781,88.88999938964844,86.75,88.16999816894531,11731107
2025-03-12,88.54000091552734,88.98999786376953,85.69999694824219,86.9000015258789,20128306
2025-03-13,87.44999694824219,87.8499984741211,86.33999633789062,87.19999694824219,14771127
2025-03-17,87.4000015258789,87.94999694824219,86.62000274658203,87.47000122070312,15182408
2025-03-18,87.47000122070312,87.47000122070312,87.47000122070312,87.47000122070312,0
2025-03-19,89.5,91.33000183105469,89.0999984741211,91.0199966430664,20155513
2025-03-20,91.66000366210938,92.83000183105469,90.91000366210938,91.30000305175781,16000840
2025-03-21,91.30000305175781,93.43000030517578,91.0,93.13999938964844,22838586
2025-03-24,94.19999694824219,96.29000091552734,93.6500015258789,95.93000030517578,25103209
2025-03-25,96.5,96.5999984741211,93.51000213623047,93.80999755859375,20148506
2025-03-26,93.86000061035156,94.73999786376953,92.69000244140625,92.86000061035156,19904559
2025-03-27,92.69000244140625,96.76000213623047,91.91999816894531,96.41000366210938,62010832
2025-03-28,96.41000366210938,97.9800033569336,95.5,96.12999725341797,21712434
2025-04-01,95.0,97.19999694824219,94.95999908447266,96.23999786376953,13402932
2025-04-02,96.69999694824219,97.5999984741211,94.7699966430664,97.33999633789062,14393929
2025-04-03,96.55000305175781,99.9000015258789,96.36000061035156,99.0,25310675
2025-04-04,99.08999633789062,99.33999633789062,96.02999877929688,96.61000061035156,21189363
2025-04-07,90.9800033569336,95.29000091552734,90.08000183105469,94.91999816894531,28484870
2025-04-08,96.5,97.56999969482422,94.95999908447266,96.91000366210938,22062343
2025-04-09,96.69999694824219,97.06999969482422,94.55000305175781,95.76000213623047,17823534
2025-04-11,97.4000015258789,97.4000015258789,95.9000015258789,96.08000183105469,11396866
2025-04-15,98.4000015258789,98.4000015258789,96.18000030517578,96.58999633789062,23242204
2025-04-16,96.9000015258789,99.0999984741211,96.41000366210938,98.83000183105469,29347045
2025-04-17,98.77999877929688,100.0999984741211,98.44999694824219,99.5,24865290
2025-04-21,100.0999984741211,102.88999938964844,99.91000366210938,102.30000305175781,28222350
2025-04-22,102.8499984741211,104.75,102.66000366210938,103.37999725341797,31806010
2025-04-23,104.19999694824219,104.44000244140625,101.41999816894531,103.01000213623047,34299231
2025-04-24,102.9000015258789,103.91999816894531,102.44999694824219,102.69999694824219,25468633
2025-04-25,103.38999938964844,103.38999938964844,98.52999877929688,99.29000091552734,31662135
2025-04-28,99.29000091552734,102.94999694824219,99.2300033569336,102.16999816894531,24194152
2025-04-29,103.30999755859375,104.94999694824219,102.19999694824219,102.62999725341797,22707240
2025-04-30,102.33000183105469,102.33000183105469,99.55000305175781,100.20999908447266,14741011
2025-05-02,100.20999908447266,101.66000366210938,99.0999984741211,99.5,13300520
2025-05-05,99.4000015258789,100.56999969482422,99.19999694824219,99.4000015258789,11864456
2025-05-06,99.97000122070312,100.22000122070312,94.01000213623047,94.47000122070312,27001134
2025-05-07,94.19999694824219,96.88999938964844,92.80999755859375,94.25,89567019
2025-05-08,95.5,95.80000305175781,90.9000015258789,91.36000061035156,65955601
2025-05-09,90.0,92.3499984741211,89.44999694824219,91.97000122070312,35798578
2025-05-12,95.5,95.94999694824219,94.55000305175781,95.77999877929688,31855906
2025-05-13,95.77999877929688,98.30999755859375,95.4000015258789,97.68000030517578,26387953
2025-05-14,98.3499984741211,98.44999694824219,97.19999694824219,97.87999725341797,17627909
2025-05-15,98.3499984741211,98.47000122070312,97.75,98.31999969482422,14979089
2025-05-16,98.69999694824219,99.55000305175781,98.55000305175781,98.91000366210938,15230863
2025-05-19,99.05000305175781,102.9000015258789,99.0,100.91000366210938,39689793
2025-05-20,101.9000015258789,102.25,100.19999694824219,100.48999786376953,30343187
2025-05-21,100.5199966430664,102.12999725341797,100.01000213623047,101.9000015258789,19338345
2025-05-22,101.79000091552734,102.2300033569336,99.27999877929688,100.37000274658203,18817135
2025-05-23,100.77999877929688,100.86000061035156,99.55000305175781,100.37999725341797,14814597
2025-05-26,101.0,101.48999786376953,100.19999694824219,100.95999908447266,13008222
2025-05-27,101.19999694824219,102.66000366210938,100.11000061035156,102.0199966430664,21239984
2025-05-28,102.30000305175781,102.5999984741211,101.70999908447266,102.29000091552734,13261838
2025-05-29,102.80000305175781,103.19000244140625,101.51000213623047,102.30999755859375,20854888
2025-05-30,102.70999908447266,106.25,101.0999984741211,105.81999969482422,60718136
2025-06-02,106.5,109.19999694824219,106.0,108.45999908447266,57785074
2025-06-03,109.19999694824219,109.98999786376953,108.0,109.44000244140625,48035394
2025-06-04,109.51000213623047,111.25,108.6500015258789,109.54000091552734,46696794
2025-06-05,110.12000274658203,110.30000305175781,108.5,109.0199966430664,19273632
2025-06-06,109.38999938964844,111.80000305175781,108.30000305175781,110.18000030517578,50759755
2025-06-09,111.20999908447266,112.88999938964844,110.76000213623047,112.19999694824219,30600259
2025-06-10,112.75,112.75,111.19999694824219,111.7699966430664,22892516
2025-06-11,111.7699966430664,111.87999725341797,109.72000122070312,110.30000305175781,23164768
2025-06-12,110.5,110.8499984741211,107.5999984741211,108.0199966430664,26281617
2025-06-13,105.19999694824219,107.4000015258789,105.19999694824219,106.61000061035156,16086387
2025-06-16,106.5,107.0,104.80999755859375,106.79000091552734,19801768
2025-06-17,107.25,108.41999816894531,105.69999694824219,105.87999725341797,16226787
2025-06-18,105.87999725341797,106.48999786376953,105.0,105.4800033569336,15465092
2025-06-19,105.08000183105469,105.87999725341797,102.55000305175781,102.9800033569336,22033703
2025-06-20,101.0,104.1500015258789,100.5199966430664,103.04000091552734,27593358
2025-06-23,102.08999633789062,104.30000305175781,102.08999633789062,103.91000366210938,13950918
2025-06-24,105.08000183105469,106.62000274658203,105.0,105.22000122070312,16440497
2025-06-25,105.62000274658203,106.25,105.13999938964844,105.94000244140625,12173043
2025-06-26,106.0,106.54000091552734,104.9000015258789,106.25,15388837
2025-06-27,107.0,108.48999786376953,106.12999725341797,106.33999633789062,34112048
2025-06-30,107.06999969482422,110.6500015258789,106.69999694824219,110.5,46860515
2025-07-01,110.6500015258789,113.48999786376953,109.30999755859375,113.06999969482422,45219119
2025-07-02,113.0999984741211,114.16999816894531,112.4000015258789,113.8499984741211,33831963
2025-07-03,113.01000213623047,114.05999755859375,109.91000366210938,110.2300033569336,47921007
2025-07-04,110.4000015258789,111.0999984741211,109.86000061035156,110.8499984741211,14099494
2025-07-07,110.8499984741211,112.75,110.62999725341797,112.51000213623047,19932784
2025-07-08,112.38999938964844,112.8499984741211,111.37999725341797,112.01000213623047,15179741
2025-07-09,111.80000305175781,112.69999694824219,110.80000305175781,111.0,13299578
2025-07-10,111.30000305175781,111.5,109.25,109.76000213623047,9936541
2025-07-11,109.73999786376953,111.0999984741211,108.6500015258789,110.20999908447266,23104885
2025-07-14,110.41999816894531,112.44999694824219,110.1500015258789,110.72000122070312,17983635
2025-07-15,110.83000183105469,113.12999725341797,110.75,112.23999786376953,20906645
2025-07-16,112.37000274658203,115.70999908447266,111.86000061035156,114.97000122070312,38340707
2025-07-17,115.0999984741211,115.5999984741211,113.0999984741211,113.79000091552734,22239170
2025-07-18,113.98999786376953,114.80999755859375,113.0999984741211,113.3499984741211,15854726
2025-07-21,113.5,113.80000305175781,111.66999816894531,112.5999984741211,11198845
2025-07-22,113.0999984741211,113.0999984741211,109.12000274658203,109.33000183105469,17927369
2025-07-23,109.5999984741211,110.25,108.18000030517578,109.91999816894531,15531241
2025-07-24,110.33999633789062,111.05000305175781,108.25,110.66999816894531,18292039
2025-07-25,110.5999984741211,111.3499984741211,108.05000305175781,108.41000366210938,13476837
2025-07-28,108.36000061035156,109.37999725341797,106.52999877929688,106.79000091552734,13900856
2025-07-29,106.25,109.5,106.25,109.29000091552734,13189443
2025-07-30,109.55000305175781,111.1500015258789,107.61000061035156,108.0999984741211,49635403
2025-07-31,107.19999694824219,107.44000244140625,103.91999816894531,105.37999725341797,42679661
2025-08-01,105.30000305175781,105.37999725341797,103.0,103.18000030517578,15311997
2025-08-04,103.12000274658203,104.94999694824219,103.0,104.66000366210938,14966403
2025-08-05,104.9000015258789,105.13999938964844,103.31999969482422,103.66000366210938,12126864
2025-08-06,103.80000305175781,104.80000305175781,102.8499984741211,103.83000183105469,15512043
2025-08-07,103.5,104.94000244140625,102.58999633789062,104.69000244140625,13506257
2025-08-08,104.69000244140625,104.87999725341797,103.5,103.94999694824219,8369676
2025-08-11,103.98999786376953,106.75,103.83999633789062,106.54000091552734,18974904
2025-08-12,106.86000061035156,107.25,106.06999969482422,106.6500015258789,12072884
2025-08-13,107.0,107.37999725341797,106.16000366210938,106.63999938964844,8965266
2025-08-14,106.6500015258789,107.1500015258789,105.87999725341797,106.27999877929688,6165564
2025-08-18,107.0,107.56999969482422,106.58999633789062,106.7699966430664,9504227
2025-08-19,106.87000274658203,108.05999755859375,106.29000091552734,107.9000015258789,8566550
2025-08-20,107.5,108.05000305175781,107.0,107.11000061035156,8595474
2025-08-21,107.5,108.0,107.05000305175781,107.16000366210938,5887988
2025-08-22,107.0999984741211,107.69000244140625,105.11000061035156,105.29000091552734,9660703
2025-08-25,105.58999633789062,106.37999725341797,105.0999984741211,105.22000122070312,5672554
2025-08-26,105.18000030517578,105.38999938964844,102.48999786376953,102.7699966430664,15307243
2025-08-28,102.7699966430664,103.27999877929688,101.11000061035156,101.44999694824219,13540127
2025-08-29,101.01000213623047,102.41999816894531,100.5999984741211,100.87999725341797,15792366
2025-09-01,101.0,102.44999694824219,100.94999694824219,102.29000091552734,6263914
2025-09-02,102.51000213623047,103.94999694824219,101.91999816894531,102.86000061035156,7852890
2025-09-03,102.75,104.5,102.61000061035156,104.30000305175781,8068130
2025-09-04,104.80000305175781,105.19000244140625,103.18000030517578,103.41999816894531,6207983
2025-09-05,103.41999816894531,104.16000366210938,102.62000274658203,103.75,7493048
2025-09-08,103.80000305175781,104.9000015258789,103.80000305175781,104.20999908447266,7612044
2025-09-09,104.29000091552734,104.77999877929688,103.80000305175781,104.27999877929688,5973767
2025-09-10,104.5999984741211,106.87999725341797,104.5999984741211,106.26000213623047,13116266
2025-09-11,106.5,108.69000244140625,106.25,107.76000213623047,15257427
2025-09-12,108.0,108.2300033569336,107.05000305175781,107.30999755859375,8049228
2025-09-15,107.30999755859375,109.20999908447266,107.30999755859375,108.51000213623047,10490843
2025-09-16,108.68000030517578,109.19999694824219,108.08999633789062,108.44000244140625,7126933
2025-09-17,108.5999984741211,112.16000366210938,108.05999755859375,111.97000122070312,33492032
2025-09-18,112.5,113.20999908447266,111.12999725341797,111.86000061035156,15714147
2025-09-19,112.5,114.30000305175781,111.86000061035156,113.30000305175781,27593935
2025-09-22,113.29000091552734,115.0,112.69999694824219,113.04000091552734,16831733
2025-09-23,113.08999633789062,114.08999633789062,112.43000030517578,113.43000030517578,12673502
2025-09-24,114.19999694824219,114.48999786376953,110.61000061035156,111.01000213623047,16817280
2025-09-25,111.0199966430664,112.25,110.41999816894531,111.4000015258789,14583301
2025-09-26,111.11000061035156,111.33999633789062,107.30000305175781,107.79000091552734,18377053
2025-09-29,107.9000015258789,110.2300033569336,107.9000015258789,109.51000213623047,16244160
2025-09-30,110.04000091552734,113.69999694824219,109.8499984741211,112.83000183105469,37086442
2025-10-01,112.69999694824219,113.55999755859375,111.19999694824219,112.55000305175781,19565179
2025-10-03,112.6500015258789,114.8499984741211,112.44000244140625,114.37000274658203,23883726
2025-10-06,114.80000305175781,115.5999984741211,113.62999725341797,114.54000091552734,18071031
2025-10-07,114.54000091552734,115.0999984741211,113.75,114.16999816894531,11663822
2025-10-08,114.18000030517578,114.4800033569336,112.0199966430664,113.13999938964844,14787767
2025-10-09,113.13999938964844,114.80000305175781,113.05000305175781,114.30000305175781,12587389
2025-10-10,114.5,117.8499984741211,114.16000366210938,117.23999786376953,40846119
2025-10-13,116.87000274658203,117.5999984741211,116.0999984741211,116.94999694824219,11809783
2025-10-14,116.95999908447266,117.33999633789062,114.91000366210938,115.2699966430664,10882007
2025-10-15,115.5,117.16999816894531,115.4000015258789,116.4000015258789,10598247
2025-10-16,116.6500015258789,117.83999633789062,115.97000122070312,116.11000061035156,15188935
2025-10-17,116.1500015258789,116.7300033569336,112.75,113.69999694824219,16744153
2025-10-20,114.30000305175781,119.16000366210938,114.25,118.0999984741211,39131377
2025-10-21,118.25,118.9000015258789,117.30000305175781,117.66999816894531,4760898
2025-10-23,118.19999694824219,120.19999694824219,117.70999908447266,118.22000122070312,31320313
2025-10-24,118.22000122070312,118.69000244140625,116.2699966430664,116.94000244140625,13120416
2025-10-27,117.44999694824219,120.4000015258789,116.98999786376953,119.62999725341797,17707337
2025-10-28,120.08000183105469,121.5,119.19999694824219,121.12999725341797,37123841
2025-10-29,120.9000015258789,122.3499984741211,120.69999694824219,121.0999984741211,18350031
2025-10-30,121.05000305175781,121.88999938964844,119.69999694824219,120.08999633789062,23108567
2025-10-31,120.4000015258789,124.05000305175781,120.08000183105469,122.88999938964844,37511394
2025-11-03,123.0999984741211,124.4800033569336,122.69000244140625,123.5199966430664,19502448
2025-11-04,123.1500015258789,123.79000091552734,122.22000122070312,123.25,14185419
2025-11-06,123.98999786376953,123.98999786376953,120.16000366210938,120.45999908447266,18897936
2025-11-07,120.4000015258789,122.9800033569336,118.86000061035156,122.37999725341797,16935021
2025-11-10,122.5,123.23999786376953,121.55999755859375,122.33999633789062,10675833
2025-11-11,122.36000061035156,122.62000274658203,120.06999969482422,122.0199966430664,13743470
2025-11-12,122.5,123.30000305175781,122.0,122.44999694824219,10330951
2025-11-13,122.61000061035156,123.5,120.80000305175781,121.06999969482422,10840343
2025-11-14,121.4000015258789,122.58000183105469,121.3499984741211,122.20999908447266,7534146
2025-11-17,122.69999694824219,124.8499984741211,122.30999755859375,123.0,18039214
2025-11-18,123.63999938964844,123.77999877929688,122.16999816894531,122.37999725341797,10071535
2025-11-19,122.75,125.44999694824219,121.6500015258789,125.05999755859375,22108922
2025-11-20,125.91999816894531,126.16000366210938,123.41000366210938,123.86000061035156,17701274
2025-11-21,123.26000213623047,123.83000183105469,121.98999786376953,122.37000274658203,12407897
2025-11-24,122.9000015258789,123.43000030517578,121.0999984741211,121.75,16932622
2025-11-25,121.69999694824219,123.44999694824219,121.37000274658203,123.05000305175781,11550766
2025-11-26,123.63999938964844,126.05999755859375,123.3499984741211,124.98999786376953,19458499
2025-11-27,125.4000015258789,126.23999786376953,123.94999694824219,124.93000030517578,9718546
2025-11-28,125.30000305175781,125.30000305175781,124.11000061035156,124.5,9945691
2025-12-01,124.98999786376953,126.37999725341797,124.75,125.30000305175781,17513004
2025-12-02,125.30000305175781,127.80000305175781,124.7300033569336,125.3499984741211,26941925
2025-12-03,125.75,125.75,119.0,119.80000305175781,31754551
2025-12-04,119.80000305175781,120.77999877929688,118.79000091552734,119.52999877929688,14258192
2025-12-05,119.69000244140625,121.9000015258789,119.1500015258789,121.70999908447266,22667150
2025-12-08,121.6500015258789,121.68000030517578,115.25,116.0,24064367
2025-12-09,115.47000122070312,118.0999984741211,115.12999725341797,117.83000183105469,15676171
2025-12-10,118.23999786376953,119.19999694824219,116.5999984741211,117.16000366210938,12269041
2025-12-11,117.41999816894531,118.12000274658203,116.19999694824219,117.56999969482422,14403309
2025-12-12,117.86000061035156,118.13999938964844,116.83000183105469,117.80999755859375,9266231
2025-12-15,117.30000305175781,119.3499984741211,116.66000366210938,118.73999786376953,18895803
2025-12-16,118.48999786376953,118.88999938964844,116.63999938964844,117.02999877929688,11689949
2025-12-17,117.02999877929688,119.5999984741211,116.91999816894531,119.33000183105469,15220726
2025-12-18,119.05999755859375,119.7699966430664,117.72000122070312,118.9000015258789,9535544
2025-12-19,118.55000305175781,119.97000122070312,118.55000305175781,119.81999969482422,9725283
2025-12-22,120.44999694824219,121.83999633789062,120.19999694824219,121.30999755859375,19289471
2025-12-23,121.5,122.62999725341797,120.66000366210938,120.9000015258789,10383838
2025-12-24,121.0,121.55000305175781,120.70999908447266,120.93000030517578,10647989
2025-12-26,120.7699966430664,120.9800033569336,119.44999694824219,120.37000274658203,8339634
2025-12-29,116.5999984741211,120.9800033569336,116.5999984741211,120.54000091552734,25017997
2025-12-30,120.22000122070312,122.7699966430664,119.48999786376953,122.37999725341797,24856697
2025-12-31,122.30000305175781,125.3499984741211,121.54000091552734,123.58000183105469,19366405
2026-01-01,123.69999694824219,124.69999694824219,123.16000366210938,123.94000244140625,7729355
2026-01-02,123.94000244140625,125.80000305175781,123.80000305175781,125.3499984741211,13205239
2026-01-05,126.0,128.24000549316406,124.37999725341797,125.08000183105469,19053073
2026-01-06,124.94999694824219,126.08000183105469,124.55999755859375,125.47000122070312,10801122
2026-01-07,125.44999694824219,126.88999938964844,124.95999908447266,125.68000030517578,10185442
2026-01-08,125.80000305175781,125.83000183105469,122.36000061035156,122.80999755859375,11531254
2026-01-09,123.0,124.83999633789062,122.23999786376953,122.9000015258789,13021675
2026-01-12,122.9000015258789,123.48999786376953,121.11000061035156,123.16000366210938,14550075
2026-01-13,123.80000305175781,124.66000366210938,122.58000183105469,124.5199966430664,14480669
2026-01-14,124.55000305175781,129.0,124.5199966430664,128.67999267578125,34920863
2026-01-15,128.67999267578125,128.67999267578125,128.67999267578125,128.67999267578125,0
2026-01-16,128.67999267578125,132.7899932861328,128.64999389648438,132.36000061035156,34696416
2026-01-19,132.3000030517578,135.14999389648438,125.25,128.0500030517578,86346948
2026-01-20,127.9000015258789,130.35000610351562,125.0999984741211,125.7699966430664,46607190
2026-01-21,125.30000305175781,126.69000244140625,122.79000091552734,123.98999786376953,17178415
2026-01-22,124.73999786376953,126.52999877929688,124.5,125.16000366210938,13651752
2026-01-23,126.5,126.51000213623047,119.55000305175781,120.1500015258789,17868644
2026-01-27,121.2699966430664,123.48999786376953,120.0,122.94999694824219,16104995
2026-01-28,124.0,124.6500015258789,121.75,124.5,14507424
2026-01-29,124.80000305175781,126.23999786376953,124.33999633789062,125.25,32910164
2026-01-30,124.5,126.02999877929688,123.26000213623047,125.19000244140625,14202987
2026-02-02,121.0,122.45999908447266,118.1500015258789,122.0199966430664,15793749
2026-02-03,126.5,129.00999450683594,122.69999694824219,123.86000061035156,15962796
2026-02-04,123.8499984741211,124.38999938964844,122.6500015258789,123.6500015258789,10402322
2026-02-05,123.5,124.94999694824219,123.16999816894531,124.0999984741211,10883117
2026-02-06,123.9000015258789,124.43000030517578,121.25,122.8499984741211,14524956
2026-02-09,123.98999786376953,125.0999984741211,123.0199966430664,123.44000244140625,12646439
2026-02-10,124.0,124.0,122.56999969482422,122.95999908447266,12024413
2026-02-11,123.0999984741211,123.72000122070312,121.11000061035156,122.91000366210938,14591234
2026-02-12,122.8499984741211,122.91000366210938,120.5,120.95999908447266,15324439
2026-02-13,120.0999984741211,120.36000061035156,118.30000305175781,118.76000213623047,14737408
2026-02-16,118.0,120.94999694824219,117.55000305175781,120.56999969482422,12112770
2026-02-17,120.56999969482422,125.5999984741211,119.80999755859375,124.81999969482422,39934490
2026-02-18,125.0999984741211,128.74000549316406,124.83000183105469,128.1699981689453,37051990
2026-02-19,128.1199951171875,128.35000610351562,125.5199966430664,126.0999984741211,18850093
2026-02-20,125.5999984741211,130.39999389648438,125.37000274658203,129.58999633789062,30257099
2026-02-23,130.39999389648438,132.72999572753906,130.0,130.27000427246094,27095411
2026-02-24,130.25,132.10000610351562,129.3000030517578,131.02999877929688,20878598
2026-02-25,131.14999389648438,131.66000366210938,129.50999450683594,130.5399932861328,11964857
2026-02-26,130.69000244140625,132.64999389648438,129.08999633789062,130.47999572753906,25782446
2026-02-27,130.25,130.85000610351562,128.60000610351562,129.44000244140625,17761050
2026-03-02,125.05000305175781,128.6999969482422,124.44999694824219,126.05000305175781,22915402
2026-03-04,124.37000274658203,124.9000015258789,120.38999938964844,121.37000274658203,25000472
2026-03-05,121.5999984741211,123.08000183105469,120.19999694824219,122.19999694824219,14990776
2026-03-06,121.44999694824219,122.37000274658203,118.66000366210938,119.30999755859375,14358834
2026-03-09,116.25,116.25,111.70999908447266,115.06999969482422,25946907
2026-03-10,117.0,117.94999694824219,115.51000213623047,117.52999877929688,18305866
2026-03-11,117.94999694824219,118.44000244140625,115.5,115.83999633789062,14475388
2026-03-12,114.5,118.12999725341797,113.66000366210938,116.61000061035156,13515926
2026-03-13,116.0,116.2699966430664,111.5,111.69999694824219,18650285
2026-03-16,112.0,112.19999694824219,108.19999694824219,110.97000122070312,24727257
2026-03-17,111.5,112.44999694824219,109.9000015258789,112.0,15114617
2026-03-18,112.05999755859375,114.19999694824219,112.05999755859375,113.12000274658203,15704285
2026-03-19,110.5,111.0999984741211,108.55000305175781,109.48999786376953,14054714
2026-03-20,110.5,113.58999633789062,110.5,111.52999877929688,17182097
2026-03-23,110.5999984741211,110.69999694824219,105.19999694824219,105.55000305175781,24198613
2026-03-24,109.0,109.0,106.0,107.26000213623047,19696367
2026-03-25,108.5999984741211,110.8499984741211,108.30000305175781,110.06999969482422,20472368
2026-03-27,109.12000274658203,109.12000274658203,104.5999984741211,105.12999725341797,35661197
2026-03-30,103.31999969482422,103.72000122070312,100.11000061035156,100.55999755859375,26268614
2026-04-01,104.55000305175781,105.75,103.2300033569336,104.0,19568656
2026-04-02,102.0,104.97000122070312,99.79000091552734,104.4800033569336,23212183
2026-04-06,105.0,106.76000213623047,102.27999877929688,106.5,21348893
2026-04-07,105.0999984741211,105.79000091552734,103.5999984741211,104.58000183105469,21560842
2026-04-08,109.0,111.4000015258789,108.55000305175781,111.13999938964844,28565242
2026-04-09,110.94000244140625,111.93000030517578,109.05000305175781,109.58999633789062,21361314
2026-04-10,110.27999877929688,112.30000305175781,110.27999877929688,111.80000305175781,17478112
2026-04-13,109.0,111.05999755859375,107.81999969482422,110.7300033569336,18313227
2026-04-15,113.25,114.05000305175781,112.5,113.08000183105469,14100783
2026-04-16,114.0,114.80000305175781,113.0,113.55999755859375,18424149
2026-04-17,113.61000061035156,114.75,112.8499984741211,114.4800033569336,14471787
2026-04-20,114.9000015258789,115.0999984741211,113.33999633789062,113.73999786376953,16688164
2026-04-21,114.19999694824219,115.18000030517578,113.5999984741211,114.11000061035156,18163650
2026-04-22,113.9000015258789,115.5999984741211,113.3499984741211,114.66999816894531,18835055
2026-04-23,114.19999694824219,114.38999938964844,111.56999969482422,112.70999908447266,17507928
2026-04-24,112.70999908447266,113.44999694824219,111.5999984741211,113.08999633789062,11401908
2026-04-27,113.5,114.54000091552734,113.41999816894531,113.87999725341797,9479881
2026-04-28,112.5,113.0,111.20999908447266,111.38999938964844,20361676
2026-04-29,111.62000274658203,112.62000274658203,110.87000274658203,111.18000030517578,13295763
2026-04-30,110.80000305175781,110.80000305175781,108.11000061035156,109.36000061035156,16391067
2026-05-01,109.36000061035156,109.36000061035156,109.36000061035156,109.36000061035156,0
2026-05-04,109.5,111.68000030517578,108.12999725341797,108.68000030517578,16736881
2026-05-05,108.80000305175781,111.41000366210938,105.44999694824219,107.88999938964844,57260623
2026-05-06,110.41000366210938,111.73999786376953,107.88999938964844,110.18000030517578,44447197
2026-05-07,110.94999694824219,111.0,109.0,109.11000061035156,28046754
2026-05-08,108.9000015258789,108.9000015258789,106.62000274658203,107.23999786376953,26751702
2026-05-11,106.19999694824219,106.44999694824219,104.33000183105469,104.62000274658203,21447783
2026-05-12,104.0,104.97000122070312,102.55000305175781,102.77999877929688,14949440
2026-05-13,102.98999786376953,103.88999938964844,101.3499984741211,102.7699966430664,23167254
2026-05-14,103.30000305175781,104.9800033569336,102.30000305175781,104.62000274658203,16123300
2026-05-15,104.62000274658203,104.8499984741211,101.77999877929688,102.05000305175781,22149004
2026-05-18,101.0,101.0,98.5,99.48999786376953,62402244
2026-05-19,100.19000244140625,101.69000244140625,100.0199966430664,101.30000305175781,15626791
2026-05-20,100.38999938964844,102.44999694824219,99.66999816894531,102.22000122070312,20380676
2026-05-21,103.22000122070312,103.44999694824219,101.66000366210938,101.91999816894531,21569101
2026-05-22,102.2699966430664,102.9000015258789,101.94999694824219,102.66000366210938,13695251
2026-05-25,103.5999984741211,106.5,103.5,106.26000213623047,23250421
2026-05-26,106.12999725341797,107.19999694824219,105.44000244140625,105.91000366210938,26298361
2026-05-27,105.9000015258789,107.04000091552734,105.58000183105469,106.66999816894531,11620905
2026-05-28,106.66999816894531,106.66999816894531,106.66999816894531,106.66999816894531,0
2026-05-29,106.75,108.47000122070312,105.56999969482422,106.05000305175781,32063993
2026-06-01,106.5,107.12999725341797,103.5199966430664,103.77999877929688,19255610
2026-06-02,103.1500015258789,104.52999877929688,102.66999816894531,104.08999633789062,17365945
2026-06-03,104.01000213623047,106.11000061035156,102.9000015258789,105.80000305175781,15562385
2026-06-04,105.0,106.2699966430664,104.16999816894531,105.66999816894531,12866999
2026-06-05,106.19999694824219,108.80000305175781,106.0199966430664,106.8499984741211,24442790
2026-06-08,105.54000091552734,107.13999938964844,105.0,105.70999908447266,13314436
2026-06-09,106.0,109.9800033569336,106.0,109.6500015258789,38219915
2026-06-10,110.0,110.5,106.93000030517578,107.16999816894531,27530407
2026-06-11,106.0999984741211,106.83999633789062,105.12000274658203,106.16999816894531,27004122
2026-06-12,106.0,107.5199966430664,104.37000274658203,106.87999725341797,29965493
2026-06-15,108.05000305175781,109.4800033569336,107.69000244140625,107.95999908447266,18982668
2026-06-16,108.08999633789062,108.69000244140625,106.9000015258789,107.97000122070312,11865685
2026-06-17,108.30000305175781,109.19999694824219,107.43000030517578,108.87000274658203,22022581
2026-06-18,109.1500015258789,110.19999694824219,108.81999969482422,109.58000183105469,17436034
2026-06-19,109.0,109.4800033569336,108.30000305175781,108.7699966430664,13771644
2026-06-22,108.9000015258789,109.94000244140625,108.62000274658203,109.80000305175781,13513267
2026-06-23,109.80000305175781,109.86000061035156,107.11000061035156,107.43000030517578,15817094
2026-06-24,107.5,108.2300033569336,106.54000091552734,107.70999908447266,11005634
2026-06-25,108.5999984741211,109.0,107.54000091552734,107.87000274658203,17863177
2026-06-26,107.87000274658203,107.87000274658203,107.87000274658203,107.87000274658203,0
2026-06-29,107.55000305175781,108.25,106.11000061035156,106.95999908447266,13574053
2026-06-30,107.05999755859375,107.69000244140625,106.2300033569336,106.69000244140625,11179354
2026-07-01,107.1500015258789,108.18000030517578,106.26000213623047,107.54000091552734,20515763
2026-07-02,108.26000213623047,108.30000305175781,106.12999725341797,106.91000366210938,13244182
2026-07-03,107.0,107.01000213623047,104.11000061035156,105.3499984741211,27733618
2026-07-06,105.30000305175781,105.63999938964844,104.1500015258789,104.29000091552734,12228191
2026-07-07,104.75,104.75,103.13999938964844,103.79000091552734,17632716
2026-07-08,103.25,103.25,100.44999694824219,100.94999694824219,29044983
2026-07-09,101.19999694824219,103.69999694824219,100.80000305175781,103.44000244140625,13282752
2026-07-10,104.0999984741211,107.55000305175781,103.70999908447266,105.41000366210938,27098775
2026-07-13,104.5999984741211,106.44999694824219,104.0,106.33999633789062,11968478
2026-07-14,106.0,106.30000305175781,104.5999984741211,105.0,9414016
2026-07-15,105.5,106.93000030517578,104.87999725341797,105.70999908447266,11898610
2026-07-16,106.08999633789062,106.08999633789062,104.9000015258789,105.22000122070312,11650044
2026-07-17,105.25,106.0999984741211,104.58999633789062,105.7699966430664,14161891
2026-07-20,108.26000213623047,111.94999694824219,107.4000015258789,111.76000213623047,118992976
2026-07-21,111.69999694824219,113.37999725341797,111.30999755859375,112.08000183105469,28685665
2026-07-22,112.08000183105469,112.81999969482422,110.3499984741211,110.7300033569336,20951785
2026-07-23,110.0,111.0,109.55000305175781,110.1500015258789,10137716
