date,open,high,low,close,volume
2019-07-23,115.1437759399414,118.68753051757812,114.8625259399414,118.3781509399414,14046808
2019-07-24,117.92815399169922,119.81253051757812,117.30940246582031,118.01252746582031,18181391
2019-07-25,118.12503051757812,120.60002899169922,118.04065704345703,119.89690399169922,28085772
2019-07-26,119.89690399169922,120.37503051757812,118.26565551757812,118.99690246582031,10950941
2019-07-29,119.44690704345703,119.53128051757812,116.18440246582031,116.94377899169922,5948953
2019-07-30,116.88752746582031,118.01252746582031,116.2687759399414,117.14065551757812,10050004
2019-07-31,116.71878051757812,120.34690856933594,116.4094009399414,118.57502746582031,26229893
2019-08-01,119.2219009399414,121.64065551757812,118.01252746582031,120.37503051757812,27069006
2019-08-02,119.7844009399414,120.34690856933594,117.19690704345703,118.43440246582031,20863783
2019-08-05,118.12503051757812,118.12503051757812,110.7281494140625,113.14690399169922,18063375
2019-08-06,112.8375244140625,113.93440246582031,110.39065551757812,111.4312744140625,11846580
2019-08-07,111.93753051757812,113.0344009399414,110.8687744140625,111.8531494140625,9432897
2019-08-08,111.40315246582031,117.36565399169922,110.84065246582031,114.0187759399414,6595239
2019-08-09,114.46878051757812,117.47815704345703,113.20315551757812,113.62503051757812,9175926
2019-08-13,112.7531509399414,115.53752899169922,110.67190551757812,113.62503051757812,7558090
2019-08-14,113.09065246582031,115.9875259399414,111.23440551757812,115.39690399169922,8024154
2019-08-16,114.8062744140625,120.51565551757812,113.79377746582031,118.77190399169922,11894601
2019-08-19,117.64690399169922,118.12503051757812,115.95940399169922,116.46565246582031,8100095
2019-08-20,116.43753051757812,118.63127899169922,115.67815399169922,115.90315246582031,8711658
2019-08-21,116.24065399169922,116.77503204345703,114.91877746582031,115.25627899169922,5649369
2019-08-22,115.03128051757812,115.62190246582031,112.95002746582031,114.04690551757812,5059207
2019-08-23,113.65315246582031,115.0875244140625,112.8937759399414,113.34378051757812,7611285
2019-08-26,113.8218994140625,114.46878051757812,112.02190399169922,114.13127899169922,7846961
2019-08-27,114.21565246582031,117.78752899169922,114.21565246582031,116.18440246582031,18828020
2019-08-28,116.9719009399414,118.82815551757812,114.9468994140625,115.73440551757812,15756988
2019-08-29,115.73440551757812,116.32502746582031,114.55315399169922,115.20002746582031,8660979
2019-08-30,115.5093994140625,116.5500259399414,109.12503051757812,112.78128051757812,15630977
2019-09-03,113.28752899169922,113.85002899169922,110.27815246582031,110.84065246582031,9494810
2019-09-04,111.0656509399414,111.93753051757812,109.85627746582031,110.75627899169922,8565768
2019-09-05,111.93753051757812,114.35627746582031,111.0093994140625,112.1343994140625,14199248
2019-09-06,112.6968994140625,114.9468994140625,112.52815246582031,114.46878051757812,13782929
2019-09-09,114.32815551757812,115.2281494140625,113.51252746582031,114.13127899169922,4769289
2019-09-11,114.18753051757812,114.69377899169922,112.38752746582031,113.28752899169922,7723322
2019-09-12,113.62503051757812,113.62503051757812,111.17815399169922,112.30315399169922,11516235
2019-09-13,112.21878051757812,114.18753051757812,111.96565246582031,113.99065399169922,7223537
2019-09-16,113.06253051757812,114.75003051757812,112.9781494140625,113.70940399169922,6031015
2019-09-17,113.85002899169922,114.0187759399414,112.1343994140625,112.7531509399414,5823968
2019-09-18,112.78128051757812,114.18753051757812,111.51565551757812,113.65315246582031,7206830
2019-09-19,114.04690551757812,114.04690551757812,111.9937744140625,113.14690399169922,6306748
2019-09-20,112.6125259399414,117.50627899169922,109.91252899169922,110.3625259399414,51859153
2019-09-23,110.81253051757812,111.51565551757812,104.85002899169922,105.91877746582031,24586363
2019-09-24,105.69377899169922,107.9719009399414,104.0625228881836,107.1281509399414,18234411
2019-09-25,108.84378051757812,114.41252899169922,108.6187744140625,111.79690551757812,48245282
2019-09-26,112.4719009399414,113.28752899169922,110.8687744140625,112.07815551757812,15826874
2019-09-27,111.26252746582031,112.35940551757812,110.27815246582031,111.4312744140625,10034452
2019-09-30,110.81253051757812,112.50003051757812,110.05315399169922,111.96565246582031,9111327
2019-10-01,112.21878051757812,113.99065399169922,110.25003051757812,110.53128051757812,7634447
2019-10-03,110.6437759399414,112.50003051757812,109.40628051757812,111.9937744140625,9432906
2019-10-04,111.96565246582031,112.38752746582031,110.0250244140625,110.55940246582031,19442087
2019-10-07,110.6437759399414,111.03752899169922,109.35002899169922,110.53128051757812,11655995
2019-10-09,111.09378051757812,111.88127899169922,109.91252899169922,111.2062759399414,8504262
2019-10-10,111.31877899169922,112.2750244140625,110.53128051757812,111.9937744140625,6982965
2019-10-11,111.96565246582031,114.89065551757812,111.88127899169922,113.06253051757812,10517558
2019-10-14,113.06253051757812,113.79377746582031,111.2062759399414,111.60002899169922,11162487
2019-10-15,111.60002899169922,113.62503051757812,111.54377746582031,113.20315551757812,5013200
2019-10-16,113.06253051757812,113.20315551757812,110.61565399169922,111.68440246582031,6668842
2019-10-17,111.79690551757812,112.35940551757812,110.53128051757812,111.2062759399414,7899823
2019-10-18,111.2062759399414,114.32815551757812,110.81253051757812,113.93440246582031,8795448
2019-10-22,113.06253051757812,116.74690246582031,113.06253051757812,115.34065246582031,10675241
2019-10-23,115.31253051757812,116.43753051757812,113.79377746582031,116.01565551757812,5777589
2019-10-24,116.10002899169922,116.57815551757812,114.5250244140625,114.8062744140625,5428181
2019-10-25,115.53752899169922,115.53752899169922,113.14690399169922,114.1594009399414,3993616
2019-10-27,114.75003051757812,114.91877746582031,113.06253051757812,113.8218994140625,388417
2019-10-29,113.76565551757812,114.13127899169922,112.21878051757812,113.09065246582031,5943950
2019-10-30,114.6656494140625,114.6656494140625,112.10627746582031,112.4719009399414,6419057
2019-10-31,112.66877746582031,113.00627899169922,111.2906494140625,111.5718994140625,15582577
2019-11-01,111.6281509399414,111.8531494140625,110.67190551757812,110.98127746582031,8803683
2019-11-04,111.31877899169922,111.74065399169922,109.15315246582031,109.54690551757812,15175738
2019-11-05,109.54690551757812,110.53128051757812,109.06877899169922,109.91252899169922,8153818
2019-11-06,109.91252899169922,110.53128051757812,109.5187759399414,109.7437744140625,9183411
2019-11-07,110.25003051757812,110.7281494140625,108.92815399169922,109.2375259399414,15498054
2019-11-08,109.82815551757812,109.91252899169922,107.3531494140625,107.80315399169922,11762251
2019-11-11,107.80315399169922,108.6187744140625,107.0718994140625,107.8593978881836,10089055
2019-11-13,108.00003051757812,109.3218994140625,105.91877746582031,106.4531478881836,9456977
2019-11-14,106.8750228881836,106.95940399169922,105.13127899169922,105.7500228881836,19380370
2019-11-15,105.7500228881836,106.25627899169922,105.0468978881836,105.55315399169922,18256039
2019-11-18,105.5812759399414,107.4375228881836,104.99065399169922,107.24065399169922,11766437
2019-11-19,107.4375228881836,110.25003051757812,106.9875259399414,109.9406509399414,22218922
2019-11-20,110.2219009399414,110.89690399169922,109.12503051757812,110.3062744140625,9597590
2019-11-21,110.13752746582031,110.7844009399414,109.12503051757812,110.41877746582031,12107895
2019-11-22,110.25003051757812,113.1750259399414,110.25003051757812,111.79690551757812,16199814
2019-11-25,111.93753051757812,112.72502899169922,111.26252746582031,111.7125244140625,6529113
2019-11-26,111.96565246582031,112.16252899169922,109.06877899169922,109.35002899169922,21594044
2019-11-27,109.6594009399414,110.25003051757812,109.1812744140625,109.7437744140625,12155700
2019-11-28,110.3625259399414,111.23440551757812,109.2375259399414,110.33440399169922,6724188
2019-11-29,109.91252899169922,110.19377899169922,108.0562744140625,108.73127746582031,17547179
2019-12-02,109.68753051757812,109.68753051757812,107.10002899169922,107.66252899169922,19957065
2019-12-03,108.0562744140625,108.0562744140625,106.3687744140625,106.53752899169922,7451455
2019-12-04,106.5656509399414,106.8750228881836,105.5812759399414,105.97502899169922,10311154
2019-12-05,106.0312728881836,106.25627899169922,104.9062728881836,105.35627746582031,4569931
2019-12-06,105.4406509399414,105.83440399169922,104.5406494140625,104.9625244140625,5388071
2019-12-09,105.1875228881836,106.2281494140625,104.37190246582031,105.7219009399414,5459781
2019-12-10,105.7219009399414,105.7219009399414,102.4875259399414,102.7968978881836,10563080
2019-12-11,102.9375228881836,103.10627746582031,100.29377746582031,102.2343978881836,39214905
2019-12-12,102.7968978881836,105.9468994140625,101.84065246582031,103.9218978881836,63493233
2019-12-13,104.4562759399414,105.49690246582031,104.0625228881836,104.4562759399414,12987237
2019-12-16,104.7375259399414,105.69377899169922,104.3156509399414,105.1594009399414,8479418
2019-12-17,105.3843994140625,106.2281494140625,104.4000244140625,105.77815246582031,17903634
2019-12-18,105.21565246582031,106.3125228881836,104.70940399169922,105.3000259399414,10099352
2019-12-19,105.2437744140625,105.27190399169922,104.00627899169922,104.85002899169922,5749401
2019-12-20,104.42815399169922,105.4406509399414,104.1187744140625,104.6812744140625,9690984
2019-12-23,104.42815399169922,105.4687728881836,103.9218978881836,104.51252746582031,17045076
2019-12-24,104.8781509399414,105.41252899169922,104.3437728881836,105.27190399169922,3748896
2019-12-26,105.35627746582031,105.4687728881836,103.52815246582031,103.9781494140625,3925143
2019-12-27,104.3437728881836,106.5937728881836,104.3437728881836,106.34065246582031,7122947
2019-12-30,106.3125228881836,107.7187728881836,106.1437759399414,107.04377746582031,6925363
2019-12-31,106.5937728881836,108.14065551757812,106.4531478881836,107.0156478881836,11907723
2020-01-01,107.18440246582031,110.19377899169922,107.0156478881836,109.96878051757812,13620373
2020-01-02,109.99690246582031,110.6437759399414,109.3218994140625,109.7437744140625,5673692
2020-01-03,109.26565551757812,109.57502746582031,107.5781478881836,108.56253051757812,7358268
2020-01-06,108.00003051757812,109.0969009399414,105.7500228881836,108.6187744140625,7355290
2020-01-07,108.64690399169922,109.40628051757812,107.52190399169922,107.8312759399414,14023712
2020-01-08,107.04377746582031,107.4094009399414,106.2281494140625,107.18440246582031,9451757
2020-01-09,107.9719009399414,108.78752899169922,107.52190399169922,108.5344009399414,7714854
2020-01-10,108.9562759399414,108.9562759399414,107.4375228881836,108.08440399169922,4118638
2020-01-13,108.22502899169922,109.68753051757812,107.88752746582031,109.57502746582031,27682638
2020-01-14,109.57502746582031,110.4468994140625,109.26565551757812,109.82815551757812,5994314
2020-01-15,109.91252899169922,110.13752746582031,108.50627899169922,109.26565551757812,7114590
2020-01-16,109.1812744140625,111.2062759399414,109.1812744140625,110.5031509399414,8552344
2020-01-17,110.2219009399414,111.2906494140625,108.92815399169922,111.03752899169922,4698386
2020-01-20,114.97502899169922,118.68753051757812,114.32815551757812,115.11565399169922,49337827
2020-01-21,114.55315399169922,114.91877746582031,111.93753051757812,112.8375244140625,17283910
2020-01-22,112.78128051757812,113.8218994140625,108.59065246582031,112.52815246582031,56787054
2020-01-23,110.67190551757812,116.66252899169922,109.06877899169922,113.5969009399414,226059260
2020-01-24,110.5031509399414,111.45940399169922,109.26565551757812,110.7844009399414,16151679
2020-01-27,110.47502899169922,110.5031509399414,108.16877746582031,108.56253051757812,8213919
2020-01-28,108.56253051757812,108.56253051757812,106.3687744140625,107.1281509399414,9174575
2020-01-29,107.1281509399414,109.01252746582031,106.4531478881836,108.22502899169922,17600091
2020-01-30,108.22502899169922,109.82815551757812,107.66252899169922,109.35002899169922,26386034
2020-01-31,109.85627746582031,109.96878051757812,104.1187744140625,105.1031494140625,63986362
2020-02-03,101.75627136230469,106.3125228881836,99.8156509399414,105.3843994140625,16329297
2020-02-04,105.9468994140625,109.85627746582031,105.7500228881836,109.3218994140625,14207381
2020-02-05,109.1812744140625,110.0812759399414,105.7500228881836,106.5093994140625,14550344
2020-02-06,106.8469009399414,108.98440551757812,106.11565399169922,108.50627899169922,9175642
2020-02-07,108.45002746582031,108.45002746582031,106.05940246582031,107.10002899169922,18058457
2020-02-10,107.2687759399414,107.4937744140625,103.9218978881836,104.9625244140625,30471811
2020-02-11,106.0312728881836,107.5500259399414,105.8062744140625,106.5937728881836,32456571
2020-02-12,106.90315246582031,107.94377899169922,106.05940246582031,106.5093994140625,16386952
2020-02-13,106.20002746582031,107.52190399169922,105.5812759399414,107.18440246582031,18581113
2020-02-14,107.1562728881836,107.66252899169922,103.16252136230469,103.5562744140625,23830630
2020-02-17,104.0625228881836,104.51252746582031,101.55940246582031,103.2750244140625,17670292
2020-02-18,102.7125244140625,104.8218994140625,101.7281494140625,104.0625228881836,30879880
2020-02-19,104.6250228881836,105.7219009399414,102.9375228881836,105.4687728881836,22313738
2020-02-20,105.4687728881836,107.2687759399414,104.56877899169922,106.4531478881836,25907657
2020-02-24,106.3125228881836,106.4250259399414,104.09065246582031,104.6812744140625,14921452
2020-02-25,104.6812744140625,105.5812759399414,104.2593994140625,104.70940399169922,17807428
2020-02-26,104.0625228881836,105.97502899169922,103.4719009399414,104.5406494140625,17113656
2020-02-27,104.1187744140625,105.5812759399414,101.98127746582031,104.8781509399414,28472046
2020-02-28,103.1906509399414,104.23127746582031,100.77189636230469,102.0937728881836,28010970
2020-03-02,103.3593978881836,105.3000259399414,102.2343978881836,103.2187728881836,19540018
2020-03-03,103.38752746582031,109.5187759399414,102.40315246582031,107.8312759399414,16039306
2020-03-04,107.2687759399414,111.37503051757812,106.05940246582031,110.84065246582031,16939245
2020-03-05,110.27815246582031,112.24690246582031,109.43440246582031,110.2219009399414,9715265
2020-03-06,107.1562728881836,108.3375244140625,105.83440399169922,107.2125244140625,14371982
2020-03-09,104.00627899169922,106.0875244140625,100.0969009399414,101.7844009399414,69609292
2020-03-11,100.9687728881836,103.44377136230469,99.7031478881836,102.03752136230469,42604599
2020-03-12,99.1125259399414,100.06877136230469,92.6718978881836,93.4312744140625,58418097
2020-03-13,91.57501983642578,97.0875244140625,84.0937728881836,94.44377136230469,44617540
2020-03-16,91.35002136230469,91.63127136230469,87.1875228881836,88.84689331054688,39669086
2020-03-17,88.05939483642578,95.8218994140625,87.6093978881836,91.1250228881836,35460792
2020-03-18,92.2500228881836,92.75627136230469,68.70938873291016,81.08439636230469,119909061
2020-03-19,81.78752136230469,85.44377136230469,78.80626678466797,82.77189636230469,44039786
2020-03-20,83.3906478881836,91.0406494140625,83.3906478881836,88.4531478881836,131485883
2020-03-23,79.62189483642578,87.6656494140625,79.62189483642578,86.0625228881836,39665620
2020-03-24,85.52814483642578,88.42501831054688,81.78752136230469,82.85626983642578,42302851
2020-03-25,83.5312728881836,88.28439331054688,83.44689178466797,84.5156478881836,23309603
2020-03-26,84.7125244140625,90.95626831054688,82.8281478881836,89.0718994140625,25329120
2020-03-27,89.2125244140625,93.5156478881836,88.11564636230469,90.0000228881836,28883749
2020-03-30,87.1875228881836,89.94377136230469,86.09064483642578,87.55314636230469,22364337
2020-03-31,89.10002136230469,91.01251983642578,87.97502136230469,89.4937744140625,24838523
2020-04-01,89.4375228881836,91.09689331054688,86.14689636230469,86.9625244140625,14182117
2020-04-03,86.93439483642578,90.25314331054688,85.3593978881836,87.86251831054688,21066826
2020-04-07,90.5625228881836,91.06877136230469,87.97502136230469,88.8750228881836,24741992
2020-04-08,88.81877136230469,91.51876831054688,87.3281478881836,89.0718994140625,21481260
2020-04-09,90.50627136230469,93.7687759399414,89.0718994140625,92.5031509399414,15607786
2020-04-13,92.2500228881836,92.75627136230469,88.4531478881836,89.97189331054688,14901247
2020-04-15,90.81564331054688,92.19377136230469,89.12814331054688,89.74689483642578,25249654
2020-04-16,88.98751831054688,93.7687759399414,88.5937728881836,91.91252136230469,31150756
2020-04-17,94.30314636230469,97.4531478881836,92.3906478881836,94.3593978881836,18536308
2020-04-20,95.1750259399414,95.1750259399414,91.20939636230469,93.0937728881836,24177042
2020-04-21,92.2500228881836,93.3750228881836,91.20939636230469,91.49064636230469,13915863
2020-04-22,90.0000228881836,91.5468978881836,88.0875244140625,91.23751831054688,19702407
2020-04-23,90.8437728881836,91.06877136230469,88.6500244140625,88.8750228881836,32128585
2020-04-24,88.3125228881836,90.0562744140625,87.6093978881836,89.52189636230469,33134279
2020-04-27,90.8437728881836,90.8437728881836,88.67814636230469,89.7750244140625,9762001
2020-04-28,90.02814483642578,90.22502136230469,88.20001983642578,88.42501831054688,26134701
2020-04-29,89.7187728881836,90.3375244140625,87.7500228881836,88.90314483642578,14509262
2020-04-30,89.7750244140625,91.94064331054688,88.42501831054688,91.15314483642578,18702868
2020-05-04,90.50627136230469,90.8437728881836,88.6500244140625,89.46564483642578,12598146
2020-05-05,90.81564331054688,93.2906494140625,90.11251831054688,92.05314636230469,18305545
2020-05-06,91.63127136230469,93.74064636230469,91.51876831054688,93.03752136230469,12853774
2020-05-07,92.05314636230469,92.8125228881836,90.5625228881836,90.9843978881836,8561359
2020-05-08,91.4625244140625,91.4625244140625,88.9312744140625,89.4375228881836,30898767
2020-05-11,89.60626983642578,91.35002136230469,89.0718994140625,89.32501983642578,9453421
2020-05-12,89.1562728881836,92.8125228881836,88.70626831054688,91.85626983642578,19986028
2020-05-13,96.4406509399414,96.69377136230469,91.15314483642578,93.74064636230469,27175817
2020-05-14,92.2500228881836,92.2500228881836,90.0000228881836,90.45001983642578,26454121
2020-05-15,89.55001831054688,90.9843978881836,89.0156478881836,89.88751983642578,20009870
2020-05-18,89.9156494140625,90.11251831054688,86.23126983642578,86.9062728881836,32898286
2020-05-19,87.1875228881836,89.60626983642578,86.6250228881836,88.90314483642578,12276533
2020-05-20,87.8906478881836,90.36564636230469,87.6093978881836,89.12814331054688,24677051
2020-05-21,88.62189483642578,89.9156494140625,88.3125228881836,89.38127136230469,17176100
2020-05-22,88.3125228881836,88.8750228881836,86.6812744140625,87.6656494140625,25080927
2020-05-26,87.83439636230469,89.26876831054688,87.4687728881836,88.5093994140625,18512685
2020-05-27,88.5093994140625,88.81877136230469,87.6093978881836,88.39689636230469,22655078
2020-05-28,89.0718994140625,89.0718994140625,87.77814483642578,88.4531478881836,25797051
2020-05-29,88.4531478881836,89.24064636230469,88.0875244140625,88.62189483642578,63844851
2020-06-01,89.18439483642578,90.59064483642578,88.70626831054688,89.3531494140625,45314328
2020-06-02,89.9156494140625,94.6968994140625,89.2125244140625,92.84064483642578,43626060
2020-06-03,93.0937728881836,94.2187728881836,92.1656494140625,92.55939483642578,13811685
2020-06-04,92.9250259399414,95.5969009399414,92.8687744140625,95.2031478881836,23992166
2020-06-05,93.9375228881836,98.04377746582031,92.55939483642578,96.4406509399414,22851633
2020-06-08,97.5656509399414,98.38127136230469,96.1031494140625,96.9468994140625,11723588
2020-06-09,97.8750228881836,97.90315246582031,95.6250228881836,95.93439483642578,8412588
2020-06-10,95.93439483642578,96.3281478881836,94.8375244140625,95.65314483642578,10101681
2020-06-11,94.52814483642578,100.29377746582031,94.4156494140625,96.1875228881836,22109491
2020-06-12,93.40314483642578,95.28752136230469,93.1500244140625,93.54376983642578,20331770
2020-06-15,92.9250259399414,93.3750228881836,91.4625244140625,91.8281478881836,13833335
2020-06-16,93.2062759399414,93.5156478881836,90.81564331054688,91.51876831054688,13972830
2020-06-17,90.4781494140625,91.01251983642578,89.0718994140625,89.7187728881836,28371013
2020-06-18,90.39376831054688,93.54376983642578,89.7187728881836,93.0656509399414,19720997
2020-06-19,93.2906494140625,96.91877746582031,92.84064483642578,96.41252136230469,21577413
2020-06-22,99.22502136230469,101.1093978881836,95.99064636230469,100.4625244140625,33039735
2020-06-23,102.0937728881836,106.3125228881836,100.71565246582031,105.4406509399414,34298071
2020-06-24,105.0468978881836,105.97502899169922,99.5625228881836,100.4062728881836,32910525
2020-06-25,100.35002136230469,103.10627746582031,98.0718994140625,100.8843994140625,40909792
2020-06-26,101.7844009399414,102.4312744140625,100.20939636230469,100.8000259399414,11954078
2020-06-29,100.1250228881836,101.41877746582031,99.64689636230469,100.2656478881836,7547198
2020-06-30,100.6875228881836,101.2219009399414,97.8750228881836,98.3531494140625,11889584
2020-07-01,98.4375228881836,98.66252136230469,96.69377136230469,97.5656509399414,15209917
2020-07-02,97.5937728881836,99.45002746582031,97.0875244140625,98.4937744140625,15481100
2020-07-03,99.0000228881836,100.91252136230469,98.4937744140625,99.9000244140625,22720042
2020-07-06,100.35002136230469,100.5187759399414,98.88752746582031,100.1250228881836,11724475
2020-07-07,100.4062728881836,100.4062728881836,96.5812759399414,97.3687744140625,20855578
2020-07-08,97.3125228881836,98.24064636230469,94.95001983642578,95.4843978881836,16818545
2020-07-09,95.9062728881836,97.0312728881836,95.3437728881836,96.49690246582031,16110083
2020-07-10,96.5250244140625,97.7343978881836,95.3437728881836,97.0875244140625,23809286
2020-07-13,97.0875244140625,97.9875259399414,94.6125259399414,95.1187744140625,10803798
2020-07-14,94.7812728881836,94.95001983642578,91.6875228881836,91.8843994140625,16288923
2020-07-15,92.84064483642578,93.54376983642578,91.7437744140625,91.99689483642578,15061461
2020-07-16,92.5312728881836,92.5312728881836,89.7187728881836,91.23751831054688,15458966
2020-07-17,90.92814636230469,92.1656494140625,90.92814636230469,91.85626983642578,13711930
2020-07-20,91.85626983642578,92.3906478881836,91.3218994140625,91.9687728881836,8390572
2020-07-21,92.3062744140625,98.1281509399414,92.3062744140625,97.67814636230469,33717545
2020-07-22,97.8750228881836,102.03752136230469,97.76252746582031,101.05314636230469,46076322
2020-07-23,100.1250228881836,102.68440246582031,99.8156509399414,102.2343978881836,18738194
2020-07-24,100.9687728881836,103.0781478881836,100.49064636230469,102.3750228881836,14438899
2020-07-27,101.98127746582031,102.12190246582031,100.5468978881836,101.75627136230469,11938756
2020-07-28,101.3625259399414,102.8531494140625,100.5187759399414,102.31877136230469,11893746
2020-07-29,101.98127746582031,103.7812728881836,101.5312728881836,102.2343978881836,13335993
2020-07-30,102.6562728881836,103.0781478881836,98.7750244140625,99.4781494140625,23995122
2020-07-31,99.3375244140625,100.8843994140625,99.1125259399414,100.29377746582031,14354565
2020-08-03,100.6875228881836,100.9687728881836,97.9312744140625,100.43440246582031,12500988
2020-08-04,100.0406494140625,100.71565246582031,98.7750244140625,100.2656478881836,9628257
2020-08-05,99.59065246582031,100.0969009399414,98.52189636230469,98.9719009399414,10577794
2020-08-06,99.36564636230469,99.9843978881836,98.66252136230469,98.94377136230469,8564058
2020-08-07,98.88752746582031,100.0969009399414,98.5781478881836,98.9719009399414,8026904
2020-08-10,99.4781494140625,100.57502746582031,99.1406478881836,99.7031478881836,7766140
2020-08-11,100.20939636230469,102.5718994140625,98.74690246582031,99.4781494140625,21833550
2020-08-12,99.1125259399414,100.9406509399414,97.4250259399414,100.15315246582031,19435650
2020-08-13,101.2219009399414,101.41877746582031,99.22502136230469,100.5468978881836,10641012
2020-08-14,101.61564636230469,101.61564636230469,97.9312744140625,98.66252136230469,17130105
2020-08-17,99.0000228881836,102.6562728881836,98.7750244140625,100.49064636230469,17368089
2020-08-18,101.1656494140625,101.19377136230469,99.30940246582031,99.9843978881836,13890131
2020-08-19,100.4062728881836,100.91252136230469,99.59065246582031,99.7593994140625,12400644
2020-08-20,99.6750259399414,105.8062744140625,99.2531509399414,101.9250259399414,44062975
2020-08-21,102.9375228881836,107.1562728881836,102.7125244140625,106.3687744140625,49949864
2020-08-24,106.67815399169922,107.24065399169922,103.72502136230469,104.2031478881836,19724617
2020-08-25,104.9062728881836,105.07502746582031,102.9375228881836,103.9218978881836,10109220
2020-08-26,105.1875228881836,106.67815399169922,103.5562744140625,104.2593994140625,18000615
2020-08-27,105.13127899169922,105.55315399169922,103.8937759399414,104.1750259399414,10363056
2020-08-28,104.9062728881836,105.0468978881836,102.26252746582031,102.54377746582031,12114955
2020-08-31,103.2187728881836,104.2593994140625,100.1250228881836,100.6594009399414,24259718
2020-09-01,100.71565246582031,102.54377746582031,100.4625244140625,101.47502136230469,16505345
2020-09-02,100.0969009399414,102.9937744140625,98.5781478881836,101.9250259399414,30959608
2020-09-03,101.47502136230469,102.0656509399414,99.92814636230469,100.4062728881836,11884498
2020-09-04,99.6750259399414,100.1250228881836,97.7062759399414,98.46565246582031,17373558
2020-09-07,98.46565246582031,99.5344009399414,97.34065246582031,99.08439636230469,13069001
2020-09-08,98.9156494140625,99.0000228881836,97.7343978881836,98.38127136230469,9597878
2020-09-09,98.4375228881836,100.0969009399414,97.53752136230469,98.5781478881836,20122483
2020-09-10,99.0000228881836,100.3781509399414,97.95939636230469,99.9000244140625,19635358
2020-09-11,100.1812744140625,100.29377746582031,97.9312744140625,98.52189636230469,31182063
2020-09-14,99.8437728881836,99.8437728881836,96.0468978881836,96.4687728881836,14143608
2020-09-15,96.6656494140625,97.81877136230469,96.1875228881836,97.48127746582031,7858789
2020-09-16,97.3125228881836,97.5656509399414,96.07502746582031,96.7219009399414,13201491
2020-09-17,96.3843994140625,96.41252136230469,94.44377136230469,94.66876983642578,10765947
2020-09-18,95.1187744140625,97.3125228881836,94.10626983642578,96.69377136230469,23788415
2020-09-21,96.1875228881836,96.5812759399414,94.30314636230469,95.9062728881836,13331596
2020-09-22,94.95001983642578,95.8781509399414,93.6562728881836,94.95001983642578,9039386
2020-09-23,95.56877136230469,95.56877136230469,91.57501983642578,92.19377136230469,8404497
2020-09-24,91.2656478881836,92.84064483642578,89.1562728881836,89.6343994140625,20770480
2020-09-25,90.5625228881836,91.4062728881836,89.83126831054688,90.4218978881836,8761400
2020-09-28,90.5625228881836,95.09064483642578,90.5625228881836,94.58439636230469,16915185
2020-09-29,95.0625228881836,95.28752136230469,91.4062728881836,91.85626983642578,13468026
2020-09-30,91.65939331054688,91.8281478881836,90.16876983642578,91.37814331054688,14349950
2020-10-01,92.6718978881836,93.3750228881836,91.57501983642578,92.5875244140625,14856837
2020-10-05,92.2500228881836,93.60002136230469,91.20939636230469,91.6031494140625,10360105
2020-10-06,91.7437744140625,92.47502136230469,91.0406494140625,91.80001831054688,8989183
2020-10-07,91.6875228881836,91.80001831054688,89.4375228881836,89.7750244140625,17614061
2020-10-08,90.11251831054688,90.6187744140625,88.8750228881836,89.04376983642578,12953710
2020-10-09,89.26876831054688,89.6343994140625,88.14376831054688,88.8750228881836,11980039
2020-10-12,89.55001831054688,91.57501983642578,89.18439483642578,89.88751983642578,20670634
2020-10-13,90.0000228881836,91.1250228881836,89.55001831054688,90.25314331054688,11179799
2020-10-14,90.25314331054688,90.45001983642578,87.91876983642578,88.34064483642578,13362234
2020-10-15,88.0875244140625,88.34064483642578,86.9625244140625,87.6093978881836,15536883
2020-10-16,87.8062744140625,90.67501831054688,87.3843994140625,89.40939331054688,18673957
2020-10-19,89.97189331054688,91.35002136230469,89.66252136230469,89.8593978881836,18793008
2020-10-20,90.0000228881836,90.22502136230469,88.25627136230469,88.42501831054688,13701957
2020-10-21,88.6500244140625,93.45939636230469,88.4531478881836,92.1093978881836,36573148
2020-10-22,91.20939636230469,93.31877136230469,90.67501831054688,92.8687744140625,39056262
2020-10-23,92.8687744140625,96.41252136230469,92.6437759399414,95.70939636230469,29149043
2020-10-26,95.65314483642578,97.2844009399414,95.42814636230469,96.77815246582031,36760149
2020-10-27,96.77815246582031,98.6343994140625,96.4687728881836,97.5937728881836,23610507
2020-10-28,98.18440246582031,98.18440246582031,96.49690246582031,97.2281494140625,14060472
2020-10-29,96.21565246582031,97.48127746582031,95.7656478881836,96.5250244140625,17654072
2020-10-30,95.9062728881836,96.7500228881836,95.23126983642578,96.1875228881836,22904945
2020-11-02,97.05940246582031,98.10002136230469,96.7219009399414,97.34065246582031,13423596
2020-11-03,97.8750228881836,101.6437759399414,97.7906494140625,101.2219009399414,27441682
2020-11-04,101.2219009399414,101.2500228881836,98.24064636230469,99.6187744140625,19461431
2020-11-05,100.1250228881836,101.13752746582031,99.3375244140625,100.71565246582031,10248002
2020-11-06,100.2656478881836,100.9406509399414,99.6187744140625,100.3781509399414,8815864
2020-11-09,101.19377136230469,103.8937759399414,100.7437744140625,103.52815246582031,15228920
2020-11-10,103.10627746582031,105.1031494140625,102.12190246582031,104.56877899169922,13815795
2020-11-11,103.44377136230469,107.4375228881836,103.44377136230469,106.67815399169922,15502357
2020-11-12,107.1562728881836,107.4094009399414,105.27190399169922,106.5937728881836,26079694
2020-11-13,106.0875244140625,106.8469009399414,104.7375259399414,106.2281494140625,11968619
2020-11-14,106.3125228881836,106.81877899169922,105.1875228881836,105.7500228881836,1162700
2020-11-17,105.1875228881836,106.4531478881836,104.5406494140625,105.07502746582031,16872514
2020-11-18,105.07502746582031,106.7062759399414,103.9218978881836,104.28752899169922,16685757
2020-11-19,100.4062728881836,110.9250259399414,100.35002136230469,106.76252746582031,64832376
2020-11-20,108.84378051757812,109.12503051757812,106.3687744140625,107.9156494140625,27479934
2020-11-23,108.00003051757812,110.19377899169922,107.1562728881836,109.54690551757812,20909280
2020-11-24,109.68753051757812,111.2062759399414,108.70315551757812,109.40628051757812,15308572
2020-11-25,109.40628051757812,111.0656509399414,108.87190246582031,109.85627746582031,19854793
2020-11-26,109.77190399169922,112.02190399169922,108.4781494140625,111.17815399169922,24879552
2020-11-27,111.17815399169922,111.17815399169922,106.1437759399414,108.22502899169922,46793847
2020-12-01,109.6031494140625,110.5031509399414,107.80315399169922,108.1968994140625,18193922
2020-12-02,108.4781494140625,109.8000259399414,106.62190246582031,109.20940399169922,15836732
2020-12-03,109.68753051757812,109.7437744140625,107.4375228881836,108.8156509399414,21308517
2020-12-04,109.2375259399414,110.7844009399414,108.42190551757812,109.3218994140625,14838659
2020-12-07,108.56253051757812,110.95315551757812,108.28128051757812,108.84378051757812,22078115
2020-12-08,109.12503051757812,109.4625244140625,107.4937744140625,107.7750244140625,15896364
2020-12-09,108.50627899169922,109.54690551757812,107.4937744140625,108.3937759399414,18701467
2020-12-10,108.56253051757812,109.91252899169922,107.7187728881836,108.42190551757812,13612880
2020-12-11,109.12503051757812,109.82815551757812,108.08440399169922,108.6187744140625,14876364
2020-12-14,110.25003051757812,110.81253051757812,108.45002746582031,109.29377746582031,20316890
2020-12-15,109.35002899169922,109.5187759399414,107.6343994140625,108.45002746582031,16084083
2020-12-16,109.5187759399414,110.7281494140625,108.30940246582031,110.3625259399414,35024972
2020-12-17,108.73127746582031,109.91252899169922,107.7750244140625,108.73127746582031,23058726
2020-12-18,108.73127746582031,109.57502746582031,108.02815246582031,109.06877899169922,20310375
2020-12-21,108.56253051757812,108.6750259399414,103.7531509399414,104.3437728881836,21609326
2020-12-22,104.3156509399414,107.46565246582031,104.0625228881836,107.04377746582031,23934507
2020-12-23,107.7187728881836,107.8312759399414,106.3125228881836,106.8469009399414,9836093
2020-12-24,107.0156478881836,108.14065551757812,106.5656509399414,106.8750228881836,12945145
2020-12-28,106.9875259399414,108.16877746582031,106.8750228881836,107.74690246582031,6879688
2020-12-29,107.7750244140625,108.36565399169922,106.3125228881836,106.7062759399414,8549660
2020-12-30,106.8750228881836,107.24065399169922,105.07502746582031,106.9875259399414,19132583
2020-12-31,107.1562728881836,107.4375228881836,105.77815246582031,106.7906494140625,23272111
2021-01-01,106.3125228881836,106.81877899169922,106.0312728881836,106.5937728881836,3074621
2021-01-04,106.8750228881836,107.10002899169922,105.7500228881836,106.0031509399414,7133203
2021-01-05,106.5937728881836,106.5937728881836,104.7375259399414,105.7500228881836,10478882
2021-01-06,105.7500228881836,111.1500244140625,105.1875228881836,110.33440399169922,54265234
2021-01-07,111.37503051757812,113.51252746582031,109.96878051757812,110.84065246582031,40129922
2021-01-08,111.79690551757812,114.75003051757812,111.12190246582031,114.49690246582031,29487917
2021-01-11,114.75003051757812,115.31253051757812,113.3156509399414,114.49690246582031,12726089
2021-01-12,113.09065246582031,115.17190551757812,112.4719009399414,114.5812759399414,31454127
2021-01-13,114.63752746582031,116.21253204345703,113.9625244140625,115.31253051757812,23792586
2021-01-14,115.8469009399414,116.71878051757812,114.5250244140625,115.3687744140625,12024674
2021-01-15,114.7219009399414,115.73440551757812,113.90628051757812,114.18753051757812,13530190
2021-01-18,113.20315551757812,113.62503051757812,109.43440246582031,110.10940551757812,26118654
2021-01-19,109.99690246582031,112.50003051757812,109.82815551757812,112.30315399169922,19382828
2021-01-20,112.50003051757812,112.8375244140625,109.77190399169922,110.33440399169922,21158179
2021-01-21,110.5031509399414,111.2062759399414,109.20940399169922,109.77190399169922,12509109
2021-01-22,109.68753051757812,110.41877746582031,108.56253051757812,109.2375259399414,16720401
2021-01-25,109.3781509399414,110.70002746582031,106.6500244140625,106.9875259399414,9393599
2021-01-27,106.8750228881836,109.3218994140625,106.48127746582031,108.1968994140625,18874916
2021-01-28,107.4094009399414,107.4094009399414,104.51252746582031,105.35627746582031,16072463
2021-01-29,106.1437759399414,106.3125228881836,102.9375228881836,103.7531509399414,13415015
2021-02-01,103.7531509399414,106.5656509399414,102.6562728881836,106.25627899169922,9485240
2021-02-02,107.4375228881836,110.05315399169922,106.4250259399414,109.2375259399414,10803602
2021-02-03,109.40628051757812,118.12503051757812,109.40628051757812,116.15628051757812,73411707
2021-02-04,116.15628051757812,116.80315399169922,114.8625259399414,115.5093994140625,23523019
2021-02-05,115.67815399169922,117.16877746582031,113.20315551757812,116.49378204345703,28755118
2021-02-08,116.15628051757812,120.03752899169922,115.7062759399414,119.55940246582031,28436890
2021-02-09,118.12503051757812,122.31565856933594,118.12503051757812,118.54690551757812,27738169
2021-02-10,118.43440246582031,120.37503051757812,116.43753051757812,118.3781509399414,34189378
2021-02-11,117.47815704345703,120.82502746582031,117.19690704345703,120.23440551757812,20504448
2021-02-12,123.18753051757812,123.18753051757812,118.43440246582031,119.61565399169922,25066544
2021-02-15,120.37503051757812,121.19065856933594,118.99690246582031,119.5031509399414,8599603
2021-02-16,120.03752899169922,129.31878662109375,119.98127746582031,126.87190246582031,80200957
2021-02-17,126.84378051757812,130.05003356933594,124.98753356933594,129.4031524658203,39034960
2021-02-18,129.93753051757812,134.0437774658203,128.53128051757812,133.03128051757812,44291912
2021-02-19,131.34378051757812,132.80628967285156,128.67190551757812,130.61253356933594,36335681
2021-02-22,130.75315856933594,131.56878662109375,125.77503204345703,126.53440856933594,25800846
2021-02-23,126.98440551757812,128.8687744140625,126.36565399169922,127.18128204345703,18293559
2021-02-24,127.20940399169922,128.36253356933594,124.65003204345703,125.29690551757812,11421326
2021-02-25,125.83128356933594,130.9500274658203,124.20002746582031,127.99691009521484,30696079
2021-02-26,124.59378051757812,127.82815551757812,118.8000259399414,120.54377746582031,38070699
2021-03-01,122.34378051757812,128.7000274658203,122.28752899169922,127.82815551757812,31441940
2021-03-02,128.81253051757812,129.0093994140625,125.63440704345703,126.59065246582031,18223787
2021-03-03,129.37503051757812,129.45941162109375,125.83128356933594,127.96878051757812,19350542
2021-03-04,125.46565246582031,129.34690856933594,125.46565246582031,126.64690399169922,22865747
2021-03-05,127.12503051757812,127.12503051757812,123.38440704345703,123.89065551757812,17342685
2021-03-08,122.54065704345703,125.94377899169922,122.06253051757812,123.83440399169922,15749448
2021-03-09,124.03128051757812,124.93128204345703,119.95315551757812,121.50003051757812,12585004
2021-03-10,122.62503051757812,123.15940856933594,120.37503051757812,121.02190399169922,10661165
2021-03-12,121.33128356933594,124.25627899169922,121.16252899169922,123.77815246582031,18173078
2021-03-15,124.31253051757812,127.40628051757812,123.60940551757812,126.08440399169922,30092241
2021-03-16,126.64690399169922,127.80003356933594,125.71878051757812,126.25315856933594,14767699
2021-03-17,126.53440856933594,126.56253051757812,123.38440704345703,124.00315856933594,12571132
2021-03-18,124.31253051757812,125.71878051757812,123.83440399169922,124.34065246582031,14232655
2021-03-19,124.81877899169922,130.5562744140625,123.27190399169922,129.48753356933594,70334403
2021-03-22,131.85003662109375,131.85003662109375,124.98753356933594,125.74690246582031,29180881
2021-03-23,125.74690246582031,126.00003051757812,122.90628051757812,123.18753051757812,38455903
2021-03-24,122.09065246582031,125.94377899169922,122.00627899169922,124.34065246582031,24398959
2021-03-25,124.34065246582031,125.66252899169922,121.13440704345703,121.72502899169922,20272124
2021-03-26,123.38440704345703,124.87503051757812,119.33440399169922,120.71253204345703,25184863
2021-03-30,122.00627899169922,125.83128356933594,121.16252899169922,124.50940704345703,53328751
2021-03-31,123.69377899169922,124.36878204345703,120.74065399169922,121.30315399169922,20694060
2021-04-01,121.86565399169922,123.38440704345703,120.79690551757812,123.01878356933594,11229344
2021-04-05,121.05003356933594,123.18753051757812,120.00940704345703,120.45940399169922,14484908
2021-04-06,121.05003356933594,123.18753051757812,117.28128051757812,117.6750259399414,25301732
2021-04-07,118.63127899169922,121.61253356933594,117.87190246582031,118.43440246582031,22841720
2021-04-08,119.2219009399414,120.09378051757812,117.28128051757812,117.56253051757812,20468881
2021-04-09,117.78752899169922,118.9406509399414,117.00003051757812,117.16877746582031,11773021
2021-04-12,116.24065399169922,116.24065399169922,111.65628051757812,113.14690399169922,18544315
2021-04-13,115.39690399169922,117.78752899169922,113.8781509399414,117.42190551757812,19831072
2021-04-15,116.94377899169922,118.91252899169922,116.46565246582031,116.88752746582031,10159348
2021-04-16,116.71878051757812,120.82502746582031,116.57815551757812,118.04065704345703,22020846
2021-04-19,115.7906494140625,116.43753051757812,112.50003051757812,113.1750259399414,18404990
2021-04-20,115.31253051757812,115.7062759399414,113.42815399169922,114.5812759399414,14467660
2021-04-22,114.75003051757812,115.25627899169922,113.1750259399414,114.4406509399414,11626459
2021-04-23,114.91877746582031,119.75627899169922,114.75003051757812,118.77190399169922,38318040
2021-04-26,117.1125259399414,121.75315856933594,117.1125259399414,121.38752746582031,19139358
2021-04-27,121.52815246582031,124.03128051757812,121.38752746582031,121.86565399169922,15270611
2021-04-28,123.07502746582031,124.70628356933594,121.66877746582031,124.25627899169922,16383579
2021-04-29,125.49378204345703,125.80315399169922,123.21565246582031,123.83440399169922,14761969
2021-04-30,122.48440551757812,125.04377746582031,121.86565399169922,123.77815246582031,16897105
2021-05-03,122.34378051757812,125.35315704345703,121.92190551757812,124.20002746582031,15528063
2021-05-04,124.53752899169922,124.70628356933594,121.89378356933594,122.65315246582031,20857434
2021-05-05,122.65315246582031,123.94690704345703,121.95002746582031,122.73753356933594,23178237
2021-05-06,122.87815856933594,123.41252899169922,120.15003204345703,121.16252899169922,18823613
2021-05-07,121.69690704345703,121.95002746582031,120.09378051757812,120.68440246582031,12509591
2021-05-10,121.16252899169922,123.83440399169922,120.90940856933594,123.66565704345703,17845577
2021-05-11,123.75003051757812,126.67503356933594,122.85002899169922,125.66252899169922,22995780
2021-05-12,125.66252899169922,132.18753051757812,125.46565246582031,127.09690856933594,55645370
2021-05-14,128.10940551757812,129.37503051757812,125.91565704345703,128.7281494140625,18820793
2021-05-17,129.90940856933594,129.93753051757812,127.74378204345703,128.47503662109375,10996347
2021-05-18,129.88128662109375,134.91566467285156,128.53128051757812,131.1187744140625,52885042
2021-05-19,131.73753356933594,133.87503051757812,130.16253662109375,131.48440551757812,28081040
2021-05-20,131.62503051757812,132.15940856933594,128.47503662109375,128.78440856933594,10707136
2021-05-21,128.2781524658203,128.95315551757812,127.12503051757812,128.22190856933594,21702883
2021-05-24,128.81253051757812,131.85003662109375,128.47503662109375,129.93753051757812,22028927
2021-05-25,131.06253051757812,131.87815856933594,130.02191162109375,131.00628662109375,9165363
2021-05-26,131.17503356933594,131.5125274658203,126.53440856933594,126.90003204345703,18322114
2021-05-27,127.51878356933594,129.1500244140625,125.57815551757812,128.4187774658203,51194207
2021-05-28,129.93753051757812,129.93753051757812,126.45002746582031,126.81565856933594,15307498
2021-05-31,127.12503051757812,127.46253204345703,125.85940551757812,126.92815399169922,13102261
2021-06-01,127.29377746582031,128.25003051757812,125.94377899169922,126.22502899169922,15733731
2021-06-02,126.11253356933594,128.33441162109375,126.05628204345703,127.94065856933594,7995532
2021-06-03,128.8406524658203,130.19065856933594,126.92815399169922,127.29377746582031,10291328
2021-06-04,127.12503051757812,128.33441162109375,126.45002746582031,127.20940399169922,6142487
2021-06-07,127.85627746582031,133.7625274658203,127.63127899169922,132.89065551757812,18058790
2021-06-08,134.40940856933594,134.40940856933594,130.5281524658203,131.6531524658203,22511761
2021-06-09,132.75003051757812,138.09378051757812,131.5125274658203,136.18128967285156,39865778
2021-06-10,139.50003051757812,139.50003051757812,135.14065551757812,135.92816162109375,32690784
2021-06-11,139.9500274658203,139.9500274658203,137.25003051757812,138.5437774658203,29142097
2021-06-14,139.47190856933594,140.5125274658203,136.18128967285156,139.89378356933594,18732629
2021-06-15,140.9344024658203,141.46878051757812,138.9656524658203,139.27503967285156,15026686
2021-06-16,138.85316467285156,139.21878051757812,135.53440856933594,136.20941162109375,30706682
2021-06-17,137.2781524658203,137.2781524658203,133.17190551757812,134.91566467285156,22261167
2021-06-18,137.25003051757812,137.81253051757812,129.4312744140625,131.06253051757812,49278209
2021-06-21,130.44378662109375,132.44065856933594,128.47503662109375,132.10316467285156,11719831
2021-06-22,130.5281524658203,133.31253051757812,130.5281524658203,131.6531524658203,10961545
2021-06-23,132.60940551757812,132.75003051757812,130.50003051757812,130.64065551757812,10721151
2021-06-24,130.64065551757812,131.03440856933594,128.3062744140625,130.02191162109375,12964208
2021-06-25,130.19065856933594,130.9500274658203,129.03753662109375,129.8531494140625,7736431
2021-06-28,130.50003051757812,130.78128051757812,129.76878356933594,130.4156494140625,9989595
2021-06-29,130.8375244140625,133.81878662109375,130.30316162109375,132.75003051757812,61089570
2021-06-30,133.39691162109375,133.65003967285156,130.50003051757812,130.72503662109375,17437744
2021-07-01,130.8094024658203,131.03440856933594,129.48753356933594,129.8250274658203,15924813
2021-07-02,129.8250274658203,129.9937744140625,128.0250244140625,128.22190856933594,9549992
2021-07-05,128.9812774658203,129.88128662109375,128.4468994140625,129.5437774658203,6849185
2021-07-06,129.03753662109375,129.65628051757812,128.4187774658203,128.7000274658203,5343938
2021-07-07,128.7000274658203,130.19065856933594,128.7000274658203,129.90940856933594,7228897
2021-07-08,129.4312744140625,131.14691162109375,129.1219024658203,130.02191162109375,8740010
2021-07-09,129.9656524658203,130.19065856933594,129.37503051757812,129.51565551757812,2990856
2021-07-12,129.76878356933594,130.35940551757812,128.36253356933594,128.81253051757812,5578309
2021-07-13,129.60003662109375,130.44378662109375,128.4187774658203,128.61566162109375,8264289
2021-07-14,128.61566162109375,130.19065856933594,128.50315856933594,129.34690856933594,9228746
2021-07-15,129.93753051757812,130.19065856933594,128.9812774658203,129.60003662109375,5376823
2021-07-16,130.30316162109375,133.03128051757812,129.65628051757812,131.5406494140625,15903784
2021-07-19,131.5406494140625,131.99066162109375,130.21878051757812,131.14691162109375,13725925
2021-07-20,132.13128662109375,132.9187774658203,129.90940856933594,130.1062774658203,14178067
2021-07-22,131.90628051757812,131.90628051757812,128.64378356933594,131.20315551757812,10378326
2021-07-23,131.48440551757812,131.59690856933594,130.5281524658203,131.06253051757812,6660369
2021-07-26,131.31565856933594,132.38441467285156,130.5281524658203,130.89378356933594,12963701
2021-07-27,131.06253051757812,132.10316467285156,129.74066162109375,130.4156494140625,10832912
2021-07-28,130.50003051757812,130.72503662109375,127.91252899169922,128.3062744140625,13828088
2021-07-29,128.25,130.16250610351562,125.36250305175781,125.55000305175781,28609665
2021-07-30,126.7874984741211,129.89999389648438,126.1500015258789,128.3625030517578,34142169
2021-08-02,128.625,129.0,126.9749984741211,128.25,9575755
2021-08-03,129.41250610351562,131.39999389648438,128.3249969482422,130.83749389648438,20959435
2021-08-04,131.7375030517578,132.4499969482422,130.3874969482422,131.4375,23323277
2021-08-05,131.4375,131.8125,129.9375,131.39999389648438,6621382
2021-08-06,131.625,132.375,130.91250610351562,131.25,5340311
2021-08-09,132.75,132.75,130.53750610351562,132.33749389648438,16415005
2021-08-10,132.0749969482422,132.0749969482422,128.5124969482422,129.4499969482422,11925263
2021-08-11,129.71249389648438,132.75,129.41250610351562,132.2624969482422,31279965
2021-08-12,132.75,140.77499389648438,132.22500610351562,140.25,58107755
2021-08-13,138.14999389648438,140.47500610351562,137.6999969482422,138.5625,26776843
2021-08-16,138.0,138.22500610351562,135.3000030517578,135.52499389648438,21308655
2021-08-17,135.78750610351562,137.8125,135.75,137.4375,15962459
2021-08-18,137.77499389648438,139.5,135.1125030517578,135.4499969482422,25227527
2021-08-20,132.97500610351562,135.03750610351562,132.78750610351562,133.9499969482422,18720467
2021-08-23,134.625,134.9250030517578,130.64999389648438,131.7375030517578,13112745
2021-08-24,132.97500610351562,134.47500610351562,131.58749389648438,132.4499969482422,11029463
2021-08-25,132.89999389648438,133.08749389648438,131.28750610351562,131.625,12001351
2021-08-26,131.5500030517578,131.5500030517578,128.6999969482422,129.8249969482422,12115246
2021-08-27,130.35000610351562,131.1374969482422,128.8125,130.7624969482422,8051699
2021-08-30,131.39999389648438,132.2624969482422,129.60000610351562,131.625,14512401
2021-08-31,131.625,132.78750610351562,131.21249389648438,131.5124969482422,43248333
2021-09-01,133.35000610351562,133.35000610351562,130.9875030517578,131.7375030517578,11817591
2021-09-02,131.5500030517578,132.0749969482422,130.64999389648438,131.8125,13545023
2021-09-03,132.0,132.60000610351562,130.8000030517578,131.66250610351562,12286475
2021-09-06,131.77499389648438,132.2624969482422,129.75,130.5749969482422,13950485
2021-09-07,130.5749969482422,130.6125030517578,129.33749389648438,129.75,12485031
2021-09-08,128.4375,130.1999969482422,127.6500015258789,129.6374969482422,25370295
2021-09-09,129.3000030517578,130.6125030517578,128.9250030517578,130.125,5078350
2021-09-13,130.6875,130.72500610351562,129.52499389648438,130.4250030517578,7522483
2021-09-14,130.4250030517578,131.3249969482422,130.125,130.5749969482422,8434427
2021-09-15,130.5,134.25,130.3125,133.4250030517578,20064238
2021-09-16,134.21249389648438,136.2375030517578,133.72500610351562,134.58749389648438,16214883
2021-09-17,134.66250610351562,135.3000030517578,132.5625,134.10000610351562,21219226
2021-09-20,132.89999389648438,134.39999389648438,131.3249969482422,132.75,7833069
2021-09-21,132.03750610351562,133.8000030517578,131.58749389648438,131.9250030517578,9481007
2021-09-22,131.85000610351562,133.08749389648438,131.85000610351562,132.5625,9165634
2021-09-23,132.75,134.0625,132.75,133.6875,10295913
2021-09-24,133.72500610351562,134.625,131.85000610351562,132.1125030517578,7093411
2021-09-27,132.375,132.8625030517578,131.3249969482422,132.0,5205649
2021-09-28,132.6374969482422,141.6750030517578,132.0749969482422,137.96249389648438,38873626
2021-09-29,137.625,147.22500610351562,136.83749389648438,146.28750610351562,53686662
2021-09-30,146.21249389648438,148.5,141.4875030517578,142.4250030517578,23618199
2021-10-01,143.10000610351562,145.125,142.2375030517578,143.8874969482422,16994903
2021-10-04,144.0,144.78750610351562,142.53750610351562,143.7375030517578,10757286
2021-10-05,143.7375030517578,146.3249969482422,142.0124969482422,142.46249389648438,17200858
2021-10-06,143.96249389648438,144.1125030517578,140.0625,140.6999969482422,8929507
2021-10-07,143.25,143.66250610351562,140.6999969482422,141.22500610351562,6733699
2021-10-08,141.75,142.6125030517578,140.25,140.77499389648438,8165175
2021-10-11,142.5,146.3249969482422,141.97500610351562,145.08749389648438,12982042
2021-10-12,145.4250030517578,145.9875030517578,143.7375030517578,145.0124969482422,8539966
2021-10-13,146.3249969482422,153.375,145.6125030517578,149.5500030517578,33075614
2021-10-14,150.14999389648438,154.46249389648438,148.6875,153.4875030517578,19185455
2021-10-18,157.35000610351562,157.46249389648438,151.6125030517578,152.85000610351562,38546365
2021-10-19,153.0,153.60000610351562,147.75,148.9875030517578,16174177
2021-10-20,150.0,150.1875,145.0124969482422,145.7624969482422,21909934
2021-10-21,147.1875,148.0124969482422,145.125,145.53750610351562,16946547
2021-10-22,146.9250030517578,147.75,143.4375,145.83749389648438,7705870
2021-10-25,145.83749389648438,146.25,142.875,144.4875030517578,7862419
2021-10-26,144.4499969482422,144.71249389648438,142.27499389648438,142.8000030517578,8525850
2021-10-27,142.6125030517578,143.8874969482422,141.41250610351562,142.6875,9862679
2021-10-28,143.02499389648438,143.3249969482422,138.9375,139.4250030517578,11095238
2021-10-29,140.1750030517578,141.4875030517578,135.97500610351562,138.78750610351562,12988035
2021-11-01,138.4499969482422,141.375,138.41250610351562,140.8125,5475153
2021-11-02,141.4875030517578,143.4375,138.8625030517578,139.125,10946890
2021-11-03,139.125,140.47500610351562,137.25,137.96249389648438,13957727
2021-11-04,138.71249389648438,139.3874969482422,138.1875,138.78750610351562,830214
2021-11-08,140.6999969482422,142.7624969482422,138.4499969482422,141.8625030517578,11947323
2021-11-09,142.7624969482422,142.7624969482422,138.97500610351562,139.91250610351562,10381150
2021-11-10,139.46249389648438,139.875,137.66250610351562,138.3000030517578,13857851
2021-11-11,138.75,138.9375,135.52499389648438,136.6125030517578,8851354
2021-11-12,137.77499389648438,137.77499389648438,135.22500610351562,136.5,9590673
2021-11-15,136.64999389648438,141.5625,136.5,141.22500610351562,24821341
2021-11-16,141.75,143.5124969482422,139.875,140.6999969482422,23206330
2021-11-17,140.25,145.35000610351562,140.25,143.28750610351562,18359498
2021-11-18,143.8874969482422,145.83749389648438,143.28750610351562,144.375,10742933
2021-11-22,145.8000030517578,147.75,144.0,145.64999389648438,25095721
2021-11-23,144.9375,151.8000030517578,144.8625030517578,151.3874969482422,19671538
2021-11-24,151.64999389648438,155.58749389648438,151.5,152.47500610351562,18120478
2021-11-25,151.9499969482422,153.75,150.9375,153.1875,18537454
2021-11-26,153.03750610351562,153.71249389648438,150.60000610351562,151.5,12814537
2021-11-29,149.25,153.0,148.875,150.1875,16066147
2021-11-30,150.22500610351562,157.125,150.22500610351562,155.0625,37739647
2021-12-01,155.25,156.5625,153.52499389648438,155.39999389648438,20332817
2021-12-02,156.75,162.0,154.875,160.875,33758843
2021-12-03,159.8625030517578,162.33749389648438,154.125,154.5749969482422,47614182
2021-12-06,155.5124969482422,156.0,151.0124969482422,151.5,11322446
2021-12-07,151.9499969482422,155.21249389648438,151.6125030517578,154.35000610351562,8049102
2021-12-08,153.8625030517578,155.7375030517578,152.66250610351562,153.60000610351562,8788449
2021-12-09,154.125,154.83749389648438,151.5749969482422,152.39999389648438,5755422
2021-12-10,153.1875,153.1875,151.3874969482422,151.9875030517578,6164402
2021-12-13,154.125,157.2375030517578,152.77499389648438,153.3000030517578,21648126
2021-12-14,153.0749969482422,159.8625030517578,152.39999389648438,159.1875,48042035
2021-12-15,159.8249969482422,161.7375030517578,155.85000610351562,157.3874969482422,15207306
2021-12-16,158.5500030517578,158.85000610351562,154.72500610351562,156.14999389648438,13410737
2021-12-17,156.14999389648438,157.875,153.78750610351562,157.46249389648438,15209414
2021-12-20,158.0625,159.4875030517578,155.625,157.3874969482422,22539246
2021-12-21,158.58749389648438,158.8125,153.60000610351562,154.9499969482422,17566511
2021-12-22,149.85000610351562,152.25,148.5,151.16250610351562,14750231
2021-12-23,151.875,157.1999969482422,151.53750610351562,156.2624969482422,15932489
2021-12-24,156.14999389648438,156.52499389648438,153.6374969482422,154.0500030517578,8975969
2021-12-27,154.0500030517578,155.4375,153.75,154.5749969482422,8648187
2021-12-28,154.9875030517578,156.4875030517578,152.47500610351562,154.1999969482422,15736206
2021-12-29,152.25,154.4250030517578,152.02499389648438,153.4499969482422,17172943
2021-12-30,153.4499969482422,158.5500030517578,151.2375030517578,154.0124969482422,87481206
2021-12-31,153.0,154.64999389648438,152.66250610351562,153.3000030517578,9842223
2022-01-03,154.0500030517578,155.21249389648438,153.1125030517578,153.75,7410054
2022-01-04,154.72500610351562,159.75,154.125,157.9499969482422,14784090
2022-01-05,157.5,158.5124969482422,156.03750610351562,156.4875030517578,9565107
2022-01-06,155.8125,156.52499389648438,153.4875030517578,154.46249389648438,5615931
2022-01-07,155.21249389648438,156.375,153.375,153.89999389648438,11908249
2022-01-10,155.4375,155.4375,152.58749389648438,153.0,11085710
2022-01-11,153.41250610351562,154.35000610351562,152.625,152.8874969482422,7208789
2022-01-12,154.5,155.02499389648438,153.2624969482422,153.71249389648438,11018139
2022-01-13,155.6999969482422,158.625,154.91250610351562,156.0,20522807
2022-01-14,155.96249389648438,157.2375030517578,154.91250610351562,155.8125,14183654
2022-01-17,156.8625030517578,157.16250610351562,154.35000610351562,154.7624969482422,7574539
2022-01-18,154.6875,155.8874969482422,153.4499969482422,153.8625030517578,8475422
2022-01-19,154.5,155.5500030517578,150.78750610351562,153.4875030517578,13724367
2022-01-20,155.3249969482422,161.5124969482422,154.0500030517578,160.9875030517578,30170343
2022-01-21,160.4250030517578,164.4375,159.75,161.3249969482422,29509593
2022-01-24,162.3000030517578,163.3125,158.625,160.5,12850189
2022-01-25,160.125,165.14999389648438,158.96249389648438,164.1374969482422,27389035
2022-01-27,163.5,164.47500610351562,159.2624969482422,161.1374969482422,28512473
2022-01-28,163.125,163.125,156.9375,157.64999389648438,18932049
2022-01-31,159.0,162.5625,158.39999389648438,161.5500030517578,19907759
2022-02-01,162.75,162.78750610351562,158.47500610351562,159.71249389648438,8622355
2022-02-02,161.1374969482422,163.35000610351562,159.9375,160.5,9921099
2022-02-03,160.5,161.25,158.25,158.47500610351562,4594389
2022-02-04,159.0,160.0124969482422,156.8249969482422,157.27499389648438,7329263
2022-02-07,158.28750610351562,160.72500610351562,157.5,160.2375030517578,7869237
2022-02-08,160.5,161.5500030517578,156.375,157.53750610351562,9074237
2022-02-09,157.9499969482422,158.7375030517578,156.52499389648438,157.0124969482422,9833985
2022-02-10,157.53750610351562,161.77499389648438,157.53750610351562,159.03750610351562,19180334
2022-02-11,157.64999389648438,159.0,155.28750610351562,155.85000610351562,20071130
2022-02-14,155.21249389648438,155.21249389648438,150.9375,151.3874969482422,12109375
2022-02-15,151.5,152.8874969482422,149.25,152.58749389648438,19046061
2022-02-16,148.9499969482422,150.75,146.77499389648438,147.22500610351562,20270061
2022-02-17,148.6875,149.1374969482422,147.0,147.75,16405551
2022-02-18,147.60000610351562,150.1125030517578,146.4375,146.77499389648438,14600643
2022-02-21,146.77499389648438,149.25,146.66250610351562,148.6125030517578,10682638
2022-02-22,145.64999389648438,148.83749389648438,143.85000610351562,148.6125030517578,13606058
2022-02-23,148.7624969482422,149.625,148.1999969482422,148.53750610351562,6493463
2022-02-24,145.5,147.0,142.4250030517578,143.3249969482422,13145037
2022-02-25,144.41250610351562,148.4250030517578,144.1125030517578,147.97500610351562,10920938
2022-02-28,148.08749389648438,157.6875,147.03750610351562,156.8625030517578,31938385
2022-03-02,155.8125,159.8625030517578,154.64999389648438,158.1750030517578,20502615
2022-03-03,158.02499389648438,164.5124969482422,158.02499389648438,163.3874969482422,19805555
2022-03-04,161.96249389648438,163.125,158.21249389648438,161.28750610351562,12794317
2022-03-07,157.875,161.39999389648438,156.6374969482422,159.60000610351562,17635653
2022-03-08,160.5,167.5500030517578,157.35000610351562,159.2624969482422,28410490
2022-03-09,161.3625030517578,162.0,154.9499969482422,156.0749969482422,22830958
2022-03-10,158.25,158.5500030517578,155.28750610351562,156.6374969482422,16516553
2022-03-11,156.97500610351562,159.75,155.8125,159.33749389648438,12992850
2022-03-14,159.33749389648438,160.5,157.1999969482422,160.0500030517578,12598659
2022-03-15,159.89999389648438,161.28750610351562,156.22500610351562,157.2375030517578,14528285
2022-03-16,158.4375,158.85000610351562,156.71249389648438,157.0124969482422,11933774
2022-03-17,159.0,159.5625,155.8125,158.66250610351562,28464621
2022-03-21,162.0,162.0,153.375,153.6750030517578,17797415
2022-03-22,153.75,157.125,153.03750610351562,156.52499389648438,13285297
2022-03-23,157.125,157.9499969482422,156.22500610351562,157.5749969482422,9408783
2022-03-24,157.5,158.39999389648438,156.0,158.0625,11188958
2022-03-25,158.0625,158.10000610351562,155.02499389648438,157.2375030517578,9842670
2022-03-28,157.2375030517578,159.5625,155.625,159.22500610351562,12823578
2022-03-29,160.3874969482422,160.83749389648438,157.27499389648438,158.47500610351562,10470515
2022-03-30,159.8249969482422,164.02499389648438,158.85000610351562,162.8249969482422,54218485
2022-03-31,161.66250610351562,162.9375,161.0625,162.60000610351562,10326026
2022-04-01,162.0749969482422,169.3125,162.0749969482422,168.78750610351562,39663961
2022-04-04,169.5,171.0749969482422,168.03750610351562,170.5500030517578,9907530
2022-04-05,172.46249389648438,175.9499969482422,170.1750030517578,174.78750610351562,17167487
2022-04-06,173.5124969482422,178.83749389648438,173.3625030517578,177.4875030517578,17153675
2022-04-07,176.96249389648438,179.9250030517578,172.5,173.5124969482422,11913911
2022-04-08,174.75,175.5749969482422,172.9499969482422,174.4499969482422,6746769
2022-04-11,174.375,176.66250610351562,171.3000030517578,173.1750030517578,12413822
2022-04-12,171.9375,175.2375030517578,171.4499969482422,174.8249969482422,14769907
2022-04-13,176.21249389648438,176.5124969482422,170.66250610351562,172.125,11015439
2022-04-18,172.125,173.85000610351562,170.66250610351562,173.3249969482422,19069923
2022-04-19,174.52499389648438,175.0124969482422,169.875,170.8874969482422,15036942
2022-04-20,171.1875,171.75,167.58749389648438,170.25,9814641
2022-04-21,169.5749969482422,171.4875030517578,168.9375,170.4375,11134333
2022-04-22,168.78750610351562,172.64999389648438,168.52499389648438,169.08749389648438,12032249
2022-04-25,167.96249389648438,170.1750030517578,166.125,167.1374969482422,11042683
2022-04-26,170.25,174.14999389648438,168.2624969482422,173.6999969482422,15389155
2022-04-27,173.5124969482422,174.6374969482422,170.58749389648438,171.97500610351562,12680209
2022-04-28,175.0500030517578,177.1875,172.53750610351562,176.6999969482422,18378146
2022-04-29,176.3249969482422,177.2624969482422,170.28750610351562,170.8125,9026331
2022-05-02,169.4250030517578,174.9375,169.4250030517578,173.66250610351562,12634353
2022-05-04,174.75,179.58749389648438,174.6750030517578,178.1999969482422,23124643
2022-05-05,178.8000030517578,180.4875030517578,174.6374969482422,175.3125,16481935
2022-05-06,173.58749389648438,179.3625030517578,173.58749389648438,178.8000030517578,17715186
2022-05-09,179.25,184.83749389648438,176.7375030517578,183.8625030517578,54118806
2022-05-10,184.35000610351562,186.2624969482422,181.875,182.7375030517578,30997494
2022-05-11,183.0,186.0,179.02499389648438,179.39999389648438,15412618
2022-05-12,179.25,181.4250030517578,174.1125030517578,176.9250030517578,26538994
2022-05-13,179.8874969482422,179.8874969482422,174.8249969482422,177.22500610351562,15074553
2022-05-16,176.625,178.4250030517578,174.75,176.39999389648438,7960529
2022-05-17,176.1750030517578,179.47500610351562,174.5625,178.9875030517578,15470937
2022-05-18,178.125,178.6875,170.3249969482422,170.9250030517578,19181550
2022-05-19,167.25,172.2375030517578,166.2375030517578,171.22500610351562,15085602
2022-05-20,173.0625,174.8249969482422,170.0625,171.78750610351562,15148281
2022-05-23,174.0,174.0,168.14999389648438,168.4499969482422,11572501
2022-05-24,168.75,172.2375030517578,168.4499969482422,170.25,16336858
2022-05-25,171.3000030517578,172.0500030517578,166.91250610351562,168.6374969482422,11062614
2022-05-26,170.25,171.8249969482422,167.9250030517578,170.39999389648438,14150454
2022-05-27,171.4499969482422,171.4875030517578,167.5500030517578,168.52499389648438,8430491
2022-05-30,168.375,172.4250030517578,168.22500610351562,171.1875,9305758
2022-05-31,171.1875,176.3625030517578,171.14999389648438,174.6750030517578,26351545
2022-06-01,174.1125030517578,174.75,171.1125030517578,171.89999389648438,10282009
2022-06-02,172.0500030517578,172.0500030517578,168.41250610351562,169.16250610351562,10071898
2022-06-03,169.5,171.0749969482422,168.75,169.5,16082518
2022-06-06,169.5,170.58749389648438,167.66250610351562,168.60000610351562,12693293
2022-06-07,167.96249389648438,169.6875,167.77499389648438,168.75,9103195
2022-06-08,167.28750610351562,169.875,167.28750610351562,168.41250610351562,11240130
2022-06-09,168.52499389648438,169.27499389648438,165.75,168.6374969482422,9468041
2022-06-10,166.53750610351562,170.58749389648438,166.53750610351562,168.33749389648438,9019239
2022-06-13,166.3874969482422,169.125,166.125,166.7624969482422,10186775
2022-06-14,166.7624969482422,170.47500610351562,166.5,167.96249389648438,17023962
2022-06-15,168.1875,169.72500610351562,166.4250030517578,166.6875,5898563
2022-06-16,167.5124969482422,168.22500610351562,161.7375030517578,162.2624969482422,11883333
2022-06-17,160.64999389648438,162.6750030517578,157.6875,158.5124969482422,19675226
2022-06-20,156.8249969482422,158.1750030517578,154.7624969482422,156.1875,7402273
2022-06-21,156.78750610351562,159.8625030517578,155.47500610351562,157.7624969482422,9459619
2022-06-22,158.10000610351562,158.4375,156.14999389648438,157.9875030517578,10257637
2022-06-23,157.5749969482422,158.77499389648438,154.6125030517578,156.41250610351562,13114525
2022-06-24,159.0,159.0,155.8125,156.71249389648438,9499105
2022-06-27,160.0124969482422,160.0124969482422,157.2375030517578,158.66250610351562,17545390
2022-06-28,157.16250610351562,158.66250610351562,156.2624969482422,157.72500610351562,6770087
2022-06-29,156.8249969482422,161.25,156.33749389648438,158.3249969482422,41502918
2022-06-30,158.625,161.0625,157.8000030517578,158.9250030517578,22260722
2022-07-01,158.28750610351562,159.6750030517578,153.89999389648438,154.875,11133663
2022-07-04,153.78750610351562,159.1125030517578,153.78750610351562,158.02499389648438,20178279
2022-07-05,158.25,161.96249389648438,158.21249389648438,160.6125030517578,20083997
2022-07-06,160.5,160.6125030517578,156.14999389648438,157.83749389648438,19203527
2022-07-07,159.9375,161.47500610351562,159.0749969482422,159.41250610351562,14069302
2022-07-08,160.5,164.5500030517578,159.4875030517578,164.10000610351562,17142257
2022-07-11,165.0,165.9375,162.14999389648438,162.78750610351562,10826079
2022-07-12,161.3249969482422,162.71249389648438,159.8625030517578,160.125,8503695
2022-07-13,160.875,162.52499389648438,160.08749389648438,160.83749389648438,10210005
2022-07-14,164.4375,164.4375,159.6374969482422,161.1374969482422,10898403
2022-07-15,162.75,162.75,156.60000610351562,156.97500610351562,22067479
2022-07-18,157.7624969482422,159.3000030517578,156.6750030517578,157.6875,15155654
2022-07-19,157.4250030517578,158.625,157.1999969482422,157.5,14922395
2022-07-20,158.47500610351562,159.22500610351562,156.375,156.9375,14181034
2022-07-21,157.46249389648438,159.89999389648438,157.08749389648438,159.22500610351562,12461554
2022-07-22,160.46249389648438,160.46249389648438,157.125,157.5,9272199
2022-07-25,157.5,158.25,155.5500030517578,155.9250030517578,6635194
2022-07-26,155.9250030517578,158.25,155.3249969482422,156.8249969482422,11451315
2022-07-27,157.4250030517578,158.25,157.0500030517578,157.9875030517578,9209354
2022-07-28,158.25,161.10000610351562,157.53750610351562,160.64999389648438,13192642
2022-07-29,162.3000030517578,163.35000610351562,159.6374969482422,160.46249389648438,15433067
2022-08-01,161.28750610351562,165.1125030517578,160.6125030517578,164.21249389648438,12136557
2022-08-02,164.96249389648438,167.5500030517578,163.0124969482422,166.9499969482422,17748747
2022-08-03,167.5124969482422,168.5625,164.7375030517578,167.6999969482422,12406038
2022-08-04,168.0,168.14999389648438,164.3249969482422,165.60000610351562,9712267
2022-08-05,166.27499389648438,168.5625,164.1374969482422,167.7375030517578,14099223
2022-08-08,168.75,169.72500610351562,165.8249969482422,166.4250030517578,8392041
2022-08-10,165.5625,168.6750030517578,165.41250610351562,167.625,8585266
2022-08-11,168.4875030517578,170.1750030517578,166.27499389648438,167.1374969482422,5040626
2022-08-12,167.25,171.4499969482422,166.5,171.03750610351562,13279062
2022-08-16,171.89999389648438,172.46249389648438,170.28750610351562,171.6374969482422,11298246
2022-08-17,171.6374969482422,173.21249389648438,170.77499389648438,171.375,11225465
2022-08-18,170.96249389648438,173.77499389648438,170.8125,173.5124969482422,11360485
2022-08-19,171.33749389648438,172.27499389648438,169.27499389648438,171.1125030517578,9829530
2022-08-22,171.0749969482422,173.10000610351562,169.2375030517578,169.46249389648438,9190493
2022-08-23,168.71249389648438,171.6374969482422,168.14999389648438,170.66250610351562,8903751
2022-08-24,170.5124969482422,172.46249389648438,169.875,172.08749389648438,13007225
2022-08-25,172.875,173.25,168.8249969482422,169.72500610351562,12124365
2022-08-26,169.9499969482422,173.39999389648438,169.9499969482422,172.83749389648438,7966045
2022-08-29,171.1875,171.6750030517578,169.1999969482422,170.28750610351562,7517013
2022-08-30,171.14999389648438,172.6875,171.0749969482422,172.1999969482422,7214498
2022-09-01,168.78750610351562,172.5749969482422,168.75,169.5749969482422,13109081
2022-09-02,170.625,171.6374969482422,167.85000610351562,168.14999389648438,6897237
2022-09-05,168.75,169.16250610351562,166.27499389648438,167.5500030517578,18055474
2022-09-06,168.0,171.0,168.0,168.78750610351562,14103701
2022-09-07,167.28750610351562,170.21249389648438,167.28750610351562,168.3000030517578,7866745
2022-09-08,169.5,170.1750030517578,167.58749389648438,168.3000030517578,7187735
2022-09-09,169.53750610351562,169.6125030517578,166.875,167.1750030517578,9162027
2022-09-12,167.66250610351562,168.52499389648438,166.64999389648438,167.96249389648438,8778919
2022-09-13,168.22500610351562,170.625,167.85000610351562,170.10000610351562,11278383
2022-09-14,168.75,174.89999389648438,168.52499389648438,174.41250610351562,25072958
2022-09-15,175.08749389648438,178.6875,174.2624969482422,178.1999969482422,23606369
2022-09-16,178.8000030517578,178.83749389648438,175.0500030517578,176.7375030517578,29399642
2022-09-19,176.96249389648438,178.5749969482422,173.7375030517578,174.8625030517578,13920046
2022-09-20,175.5,177.1875,174.0749969482422,174.52499389648438,20162973
2022-09-21,175.3874969482422,175.7624969482422,168.22500610351562,170.28750610351562,14468837
2022-09-22,168.0,169.8000030517578,164.3625030517578,165.0749969482422,26264530
2022-09-23,163.72500610351562,164.8125,148.5749969482422,151.91250610351562,87162722
2022-09-26,150.0,157.0124969482422,139.7624969482422,150.6374969482422,167547134
2022-09-27,154.35000610351562,155.9250030517578,150.9375,153.6374969482422,54127095
2022-09-28,153.89999389648438,157.8000030517578,151.91250610351562,155.77499389648438,52877873
2022-09-29,156.71249389648438,159.0749969482422,154.53750610351562,156.0,36761869
2022-09-30,155.25,164.02499389648438,155.25,159.14999389648438,62897614
2022-10-03,159.75,160.9875030517578,156.75,158.10000610351562,11740863
2022-10-04,159.0749969482422,159.2624969482422,156.0,156.33749389648438,19179333
2022-10-06,156.6374969482422,158.1750030517578,154.1999969482422,154.72500610351562,20692745
2022-10-07,153.0,157.3125,153.0,157.0500030517578,14282850
2022-10-10,155.96249389648438,158.96249389648438,155.66250610351562,156.71249389648438,16834226
2022-10-11,157.5,158.58749389648438,154.91250610351562,156.2624969482422,17807162
2022-10-12,157.83749389648438,161.96249389648438,157.0124969482422,161.66250610351562,35288330
2022-10-13,161.21249389648438,162.97500610351562,159.9375,160.46249389648438,16436903
2022-10-14,163.5,163.5,158.66250610351562,159.4875030517578,23365190
2022-10-17,158.96249389648438,161.21249389648438,158.25,158.8874969482422,9520537
2022-10-18,159.71249389648438,161.25,158.66250610351562,159.2624969482422,13256574
2022-10-19,159.75,162.6750030517578,159.71249389648438,160.4250030517578,11595367
2022-10-20,159.41250610351562,163.5,159.2624969482422,163.125,16371066
2022-10-21,161.5124969482422,164.1750030517578,160.5,162.97500610351562,11634491
2022-10-24,164.85000610351562,165.1875,163.9499969482422,164.1374969482422,1132859
2022-10-25,164.1374969482422,164.5500030517578,160.6875,163.875,20622687
2022-10-27,164.47500610351562,168.6374969482422,163.0124969482422,167.9250030517578,24298489
2022-10-28,167.85000610351562,171.75,167.39999389648438,170.10000610351562,11669879
2022-10-31,170.96249389648438,172.6875,170.02499389648438,171.1125030517578,11755682
2022-11-01,172.9875030517578,176.9250030517578,172.35000610351562,176.3625030517578,15220278
2022-11-02,176.3625030517578,177.41250610351562,174.6374969482422,174.97500610351562,12884449
2022-11-03,174.75,175.1999969482422,170.02499389648438,171.03750610351562,9358215
2022-11-04,171.0,172.08749389648438,168.75,169.6125030517578,8059667
2022-11-07,170.47500610351562,173.9250030517578,169.8000030517578,171.0,14862038
2022-11-09,173.25,173.25,163.53750610351562,164.0625,22831150
2022-11-10,162.0,165.1125030517578,160.125,161.1750030517578,16217631
2022-11-11,162.0,163.3874969482422,160.16250610351562,160.53750610351562,12123886
2022-11-14,158.21249389648438,160.27499389648438,157.6875,158.5124969482422,18460862
2022-11-15,157.5,162.375,157.2375030517578,162.0,15258103
2022-11-16,161.96249389648438,163.08749389648438,160.08749389648438,162.8249969482422,9825807
2022-11-17,162.6750030517578,165.33749389648438,162.1875,163.72500610351562,9449665
2022-11-18,163.7624969482422,164.10000610351562,162.6374969482422,163.7624969482422,5828998
2022-11-21,163.125,164.625,162.375,164.28750610351562,4712051
2022-11-22,163.875,164.39999389648438,162.6750030517578,163.35000610351562,4366445
2022-11-23,163.6875,164.10000610351562,160.6875,161.3625030517578,13510578
2022-11-24,161.5500030517578,165.75,161.3249969482422,165.5625,7622243
2022-11-25,165.5625,165.6750030517578,162.4499969482422,165.4499969482422,10989671
2022-11-28,164.3625030517578,166.64999389648438,164.3625030517578,165.97500610351562,4526153
2022-11-29,165.97500610351562,166.6875,163.91250610351562,164.5124969482422,6476054
2022-11-30,164.5124969482422,168.71249389648438,163.2375030517578,168.0,17317951
2022-12-01,168.0,168.6374969482422,165.375,166.4250030517578,13241961
2022-12-02,163.91250610351562,166.125,163.91250610351562,164.85000610351562,12880949
2022-12-05,164.77499389648438,166.6875,162.89999389648438,166.4250030517578,16477957
2022-12-06,166.16250610351562,168.1125030517578,164.5500030517578,167.625,11299945
2022-12-07,167.1374969482422,168.0749969482422,165.33749389648438,165.78750610351562,5813973
2022-12-08,166.35000610351562,166.3874969482422,162.6750030517578,163.35000610351562,11176439
2022-12-09,163.8000030517578,164.21249389648438,161.77499389648438,162.89999389648438,6020031
2022-12-12,162.0,163.5,160.9499969482422,161.66250610351562,8194429
2022-12-13,161.66250610351562,162.60000610351562,159.78750610351562,162.22500610351562,8235450
2022-12-14,162.22500610351562,165.41250610351562,162.22500610351562,164.39999389648438,10055353
2022-12-15,164.625,165.3000030517578,161.9250030517578,162.2624969482422,5385778
2022-12-16,161.25,163.64999389648438,159.4499969482422,159.89999389648438,11166617
2022-12-19,160.53750610351562,164.39999389648438,160.125,164.1750030517578,7758862
2022-12-20,164.1750030517578,164.1750030517578,160.4250030517578,162.97500610351562,6541929
2022-12-21,162.78750610351562,163.6875,160.3874969482422,162.03750610351562,7005861
2022-12-22,162.0749969482422,162.75,159.6374969482422,161.25,6961415
2022-12-23,160.0500030517578,161.47500610351562,157.83749389648438,158.4375,4554651
2022-12-26,158.625,160.6875,158.21249389648438,158.8874969482422,6864331
2022-12-27,159.71249389648438,161.39999389648438,158.85000610351562,159.4875030517578,13115851
2022-12-28,159.375,163.8000030517578,159.375,161.8125,16815549
2022-12-29,160.53750610351562,162.375,160.125,161.8125,22536873
2022-12-30,162.03750610351562,162.5625,159.9375,160.27499389648438,4643134
2023-01-02,160.91250610351562,161.625,159.75,161.28750610351562,5959394
2023-01-03,161.4375,162.14999389648438,160.7624969482422,161.6999969482422,2873110
2023-01-04,161.5500030517578,161.5500030517578,157.875,158.28750610351562,9954542
2023-01-05,158.9250030517578,158.9250030517578,154.9499969482422,156.60000610351562,21273509
2023-01-06,156.1125030517578,157.72500610351562,155.66250610351562,156.0749969482422,11510471
2023-01-09,156.89999389648438,158.96249389648438,153.1875,156.8249969482422,52485126
2023-01-10,157.4250030517578,159.33749389648438,156.75,158.85000610351562,17248326
2023-01-11,159.14999389648438,159.78750610351562,157.5749969482422,158.96249389648438,9164361
2023-01-12,160.16250610351562,160.4250030517578,158.5500030517578,160.125,21179555
2023-01-13,160.1999969482422,161.5124969482422,159.97500610351562,160.5,6560245
2023-01-16,161.25,161.9250030517578,159.52499389648438,161.7375030517578,8362194
2023-01-17,161.7375030517578,164.02499389648438,161.1750030517578,163.8000030517578,13000571
2023-01-18,163.72500610351562,165.1125030517578,162.3000030517578,164.5124969482422,11171369
2023-01-19,164.10000610351562,165.9375,163.9875030517578,165.5625,11586815
2023-01-20,165.75,167.9250030517578,165.75,167.4375,10112645
2023-01-23,168.0,171.22500610351562,167.66250610351562,168.8249969482422,14393610
2023-01-24,169.6875,169.9499969482422,165.375,165.71249389648438,6150893
2023-01-25,165.52499389648438,165.9375,163.35000610351562,164.5500030517578,5790331
2023-01-27,164.47500610351562,166.08749389648438,162.75,164.4375,10458603
2023-01-30,163.5,164.1374969482422,157.91250610351562,158.8874969482422,24288177
2023-01-31,159.4499969482422,165.14999389648438,159.1125030517578,162.4875030517578,20997546
2023-02-01,168.75,168.75,160.1999969482422,162.41250610351562,20246369
2023-02-02,162.0,162.8249969482422,158.5124969482422,159.52499389648438,12820663
2023-02-03,159.89999389648438,161.3625030517578,157.8000030517578,161.1374969482422,10815686
2023-02-06,160.08749389648438,163.0124969482422,159.78750610351562,162.78750610351562,6948201
2023-02-07,163.5,163.64999389648438,161.3249969482422,162.6374969482422,10035526
2023-02-08,159.6374969482422,159.9375,157.83749389648438,159.0,12432719
2023-02-09,159.0,160.46249389648438,159.0,159.6374969482422,7011082
2023-02-10,158.9250030517578,160.83749389648438,158.8874969482422,160.5749969482422,10892159
2023-02-13,160.5749969482422,162.375,160.5,162.0,7710133
2023-02-14,162.78750610351562,162.78750610351562,159.5625,161.25,6010681
2023-02-15,159.9375,161.39999389648438,159.75,160.875,8107497
2023-02-16,162.6750030517578,162.6750030517578,160.5,160.9499969482422,3963115
2023-02-17,160.5,161.9250030517578,159.75,160.35000610351562,6491149
2023-02-20,161.6999969482422,162.75,160.64999389648438,161.85000610351562,6841917
2023-02-21,163.16250610351562,164.0625,162.03750610351562,162.89999389648438,6701434
2023-02-22,162.0,162.97500610351562,159.75,160.9875030517578,9128659
2023-02-23,161.25,161.9250030517578,159.4499969482422,159.9375,10345874
2023-02-24,159.3000030517578,161.5500030517578,159.3000030517578,161.28750610351562,9808830
2023-02-27,162.33749389648438,164.96249389648438,160.91250610351562,164.39999389648438,17763618
2023-02-28,165.4499969482422,167.25,164.0625,166.6875,36559278
2023-03-01,166.16250610351562,166.6875,163.0500030517578,164.1750030517578,12896085
2023-03-02,163.5,165.75,161.85000610351562,165.2624969482422,79708558
2023-03-03,165.3000030517578,169.08749389648438,165.3000030517578,166.5749969482422,9951869
2023-03-06,168.0,171.60000610351562,167.25,170.3625030517578,15659957
2023-03-08,170.21249389648438,171.2624969482422,169.27499389648438,171.03750610351562,11591495
2023-03-09,171.75,172.83749389648438,169.125,169.35000610351562,13941653
2023-03-10,166.6875,171.1125030517578,166.6875,169.91250610351562,9605434
2023-03-13,171.03750610351562,172.53750610351562,169.0500030517578,169.5749969482422,13209653
2023-03-14,168.8625030517578,170.8125,168.0,168.89999389648438,9583405
2023-03-15,169.9499969482422,172.53750610351562,169.27499389648438,171.22500610351562,12228069
2023-03-16,172.08749389648438,174.6750030517578,171.2624969482422,174.1125030517578,18437817
2023-03-17,175.46249389648438,175.5,171.22500610351562,172.27499389648438,33711025
2023-03-20,168.97500610351562,172.0500030517578,168.97500610351562,170.625,9281411
2023-03-21,170.4375,170.77499389648438,166.83749389648438,167.3625030517578,11272787
2023-03-22,167.25,168.52499389648438,165.60000610351562,168.0749969482422,7589846
2023-03-23,168.0,168.375,165.9375,166.6125030517578,17091298
2023-03-24,167.25,168.1875,165.60000610351562,166.8000030517578,10371666
2023-03-27,167.1750030517578,169.6875,164.66250610351562,165.0749969482422,19983733
2023-03-28,165.9375,167.3249969482422,164.02499389648438,166.5749969482422,8689166
2023-03-29,166.5749969482422,167.77499389648438,165.41250610351562,166.83749389648438,19743258
2023-03-31,168.0,170.0625,167.25,169.27499389648438,10202058
2023-04-03,170.5124969482422,170.5124969482422,167.8874969482422,168.4499969482422,7643214
2023-04-05,169.9499969482422,169.9499969482422,167.77499389648438,169.2375030517578,12019382
2023-04-06,170.39999389648438,170.5500030517578,168.4875030517578,168.9375,4282875
2023-04-10,168.89999389648438,172.0500030517578,168.75,171.78750610351562,4145643
2023-04-11,171.6750030517578,174.0,171.33749389648438,173.5124969482422,5106602
2023-04-12,173.5500030517578,173.66250610351562,170.28750610351562,170.47500610351562,9118795
2023-04-13,170.47500610351562,173.7375030517578,170.25,173.39999389648438,11428621
2023-04-17,174.4499969482422,179.9250030517578,174.22500610351562,177.4875030517578,21815047
2023-04-18,177.6750030517578,178.125,172.2375030517578,172.72500610351562,13482833
2023-04-19,171.75,173.5500030517578,171.4875030517578,172.46249389648438,8264190
2023-04-20,173.1374969482422,174.6750030517578,172.2375030517578,173.1750030517578,7308750
2023-04-21,173.85000610351562,174.2624969482422,172.1999969482422,173.66250610351562,5030650
2023-04-24,173.25,174.22500610351562,172.46249389648438,173.96249389648438,5725067
2023-04-25,173.47500610351562,175.4250030517578,172.9875030517578,174.6750030517578,8338703
2023-04-26,175.53750610351562,179.625,174.0,178.72500610351562,13581018
2023-04-27,178.5,178.72500610351562,175.125,176.96249389648438,9794457
2023-04-28,177.71249389648438,178.46249389648438,174.8249969482422,177.9375,10585487
2023-05-02,179.02499389648438,180.8625030517578,178.6875,180.0749969482422,6732907
2023-05-03,180.0,181.5,179.10000610351562,179.77499389648438,4789217
2023-05-04,179.7375030517578,180.52499389648438,176.21249389648438,179.1374969482422,9189783
2023-05-05,179.10000610351562,181.125,178.64999389648438,180.78750610351562,3896441
2023-05-08,181.3874969482422,184.6875,180.8249969482422,183.5625,8758321
2023-05-09,183.03750610351562,185.1750030517578,182.02499389648438,182.5500030517578,9166941
2023-05-10,183.8625030517578,185.96249389648438,183.4499969482422,185.7375030517578,9689409
2023-05-11,185.77499389648438,186.89999389648438,184.9499969482422,186.41250610351562,12616726
2023-05-12,186.6374969482422,187.1999969482422,180.8625030517578,181.3125,13853807
2023-05-15,182.5500030517578,184.2375030517578,181.7624969482422,182.4375,12187763
2023-05-16,182.66250610351562,183.41250610351562,180.0,180.4499969482422,11418509
2023-05-17,180.6750030517578,181.4250030517578,178.08749389648438,179.10000610351562,11560929
2023-05-18,180.75,180.75,175.9499969482422,176.7375030517578,14497723
2023-05-19,176.7375030517578,178.125,174.0,175.27499389648438,10071694
2023-05-22,176.02499389648438,179.25,174.4875030517578,175.7624969482422,12566129
2023-05-23,175.53750610351562,177.41250610351562,175.0124969482422,175.5749969482422,12458561
2023-05-24,178.35000610351562,178.3874969482422,176.1374969482422,176.85000610351562,8877971
2023-05-25,178.27499389648438,180.22500610351562,177.22500610351562,178.46249389648438,12502747
2023-05-26,178.3874969482422,178.4250030517578,176.10000610351562,177.97500610351562,6811801
2023-05-29,178.64999389648438,178.7624969482422,175.5749969482422,175.875,13638297
2023-05-30,176.9250030517578,176.9250030517578,175.27499389648438,176.3249969482422,9469926
2023-05-31,176.25,176.39999389648438,172.5,175.3874969482422,48104157
2023-06-01,174.71249389648438,175.5749969482422,172.53750610351562,174.75,8804790
2023-06-02,175.5,176.3249969482422,174.8249969482422,175.9499969482422,6617781
2023-06-05,177.33749389648438,178.5,176.10000610351562,176.6999969482422,27428302
2023-06-06,177.33749389648438,177.75,175.83749389648438,176.47500610351562,6898603
2023-06-07,177.52499389648438,180.03750610351562,177.1125030517578,179.39999389648438,11153571
2023-06-08,179.4375,184.08749389648438,179.4375,181.2375030517578,19300834
2023-06-09,182.66250610351562,184.125,181.35000610351562,183.6750030517578,11037141
2023-06-12,183.75,184.83749389648438,180.89999389648438,181.2375030517578,8188909
2023-06-13,181.5,182.58749389648438,181.08749389648438,181.6875,6443218
2023-06-14,181.5749969482422,185.39999389648438,181.5749969482422,184.875,10297426
2023-06-15,185.21249389648438,185.21249389648438,182.85000610351562,184.83749389648438,9732749
2023-06-16,184.8000030517578,185.5124969482422,183.375,184.83749389648438,9702361
2023-06-19,184.83749389648438,186.22500610351562,181.8000030517578,182.3249969482422,10431647
2023-06-20,182.8874969482422,187.27499389648438,182.8125,186.5625,13426365
2023-06-21,186.60000610351562,194.28750610351562,186.5625,193.64999389648438,31172093
2023-06-22,193.5,193.5,189.52499389648438,190.16250610351562,7430965
2023-06-23,190.1999969482422,190.9875030517578,187.16250610351562,187.5749969482422,5593393
2023-06-26,187.5,187.6875,185.3625030517578,186.375,7305362
2023-06-27,186.0749969482422,187.53750610351562,185.7375030517578,187.16250610351562,11142907
2023-06-28,188.10000610351562,189.375,184.83749389648438,187.6125030517578,17808717
2023-06-30,192.375,194.77499389648438,188.39999389648438,191.3625030517578,17659979
2023-07-03,190.91250610351562,191.21249389648438,187.125,187.875,12467239
2023-07-04,189.375,189.375,186.89999389648438,187.1999969482422,8637967
2023-07-05,187.27499389648438,190.46249389648438,187.125,189.9375,5340907
2023-07-06,194.96249389648438,197.6999969482422,190.8000030517578,197.02499389648438,16705046
2023-07-07,196.91250610351562,196.91250610351562,191.02499389648438,191.58749389648438,13149183
2023-07-10,191.58749389648438,192.3000030517578,186.375,187.5,15319047
2023-07-11,189.0,191.5500030517578,187.53750610351562,190.125,7486045
2023-07-12,190.5,191.0625,188.3625030517578,189.03750610351562,9390877
2023-07-13,188.8125,189.14999389648438,181.27499389648438,182.3249969482422,30591450
2023-07-14,182.25,183.3000030517578,177.52499389648438,180.03750610351562,72085831
2023-07-17,181.875,183.71249389648438,179.39999389648438,180.75,11474161
2023-07-18,180.75,182.77499389648438,179.6999969482422,180.8625030517578,14940593
2023-07-19,180.75,184.64999389648438,180.41250610351562,182.4375,22954874
2023-07-20,182.96249389648438,184.3874969482422,181.72500610351562,183.1875,10249082
2023-07-21,182.4375,184.72500610351562,181.64999389648438,183.0749969482422,18466409
2023-07-24,183.03750610351562,186.1125030517578,182.1374969482422,185.58749389648438,14825562
2023-07-25,186.71249389648438,188.625,186.1125030517578,188.3625030517578,10500017
2023-07-26,190.4250030517578,191.7375030517578,187.5,188.25,12898171
2023-07-27,189.0,190.0500030517578,187.27499389648438,188.02499389648438,10836773
2023-07-28,188.85000610351562,195.8625030517578,187.5749969482422,193.64999389648438,17518458
2023-07-31,196.5,200.25,194.3625030517578,199.53750610351562,24269734
2023-08-01,196.5,196.5,187.875,188.85000610351562,31395702
2023-08-02,189.6750030517578,190.35000610351562,184.9499969482422,186.41250610351562,20825405
2023-08-03,186.75,187.9499969482422,184.5749969482422,186.52499389648438,10882019
2023-08-04,186.0,186.78750610351562,184.9499969482422,185.5124969482422,7406390
2023-08-07,186.60000610351562,186.71249389648438,184.5,185.96249389648438,6345966
2023-08-08,183.9375,183.9375,180.4875030517578,181.125,15171726
2023-08-09,182.25,182.625,179.8125,180.2624969482422,18442141
2023-08-10,180.41250610351562,181.9875030517578,180.03750610351562,181.35000610351562,9962450
2023-08-11,184.125,184.6875,182.10000610351562,183.22500610351562,23866073
2023-08-14,183.6374969482422,183.97500610351562,180.5625,183.375,9188486
2023-08-16,183.4499969482422,186.4875030517578,182.28750610351562,186.03750610351562,9191471
2023-08-17,186.03750610351562,186.60000610351562,181.64999389648438,182.77499389648438,15301142
2023-08-18,182.7375030517578,182.7375030517578,180.0749969482422,180.75,12292241
2023-08-21,181.72500610351562,185.77499389648438,181.27499389648438,185.39999389648438,9129526
2023-08-22,186.0,187.6125030517578,185.02499389648438,185.85000610351562,11107830
2023-08-23,187.5,187.5,185.39999389648438,187.1999969482422,8487619
2023-08-24,187.5,189.4875030517578,184.35000610351562,184.72500610351562,18982087
2023-08-25,184.6125030517578,185.5500030517578,181.0500030517578,181.5,12851343
2023-08-28,182.25,186.75,181.91250610351562,186.375,11908665
2023-08-29,187.1999969482422,189.75,186.4499969482422,188.3625030517578,12363321
2023-08-30,188.47500610351562,188.6999969482422,184.83749389648438,185.3249969482422,6748007
2023-08-31,185.8874969482422,187.1999969482422,182.66250610351562,183.41250610351562,20715819
2023-09-01,185.25,189.4499969482422,183.89999389648438,189.14999389648438,13120723
2023-09-04,190.1999969482422,192.375,188.10000610351562,191.5500030517578,10240031
2023-09-05,191.47500610351562,192.75,189.75,190.72500610351562,10893186
2023-09-06,192.52499389648438,192.9375,189.1125030517578,190.875,10018473
2023-09-07,190.5,193.27499389648438,189.1125030517578,192.75,13760453
2023-09-08,193.6875,195.97500610351562,192.8249969482422,193.9875030517578,16781751
2023-09-11,195.2624969482422,198.75,193.1999969482422,198.375,17683806
2023-09-12,203.0,204.25,190.64999389648438,191.3000030517578,29826173
2023-09-13,193.1999969482422,194.60000610351562,191.3000030517578,193.1999969482422,10692151
2023-09-14,194.1999969482422,195.64999389648438,193.6999969482422,195.14999389648438,10941807
2023-09-15,196.14999389648438,196.1999969482422,192.1999969482422,194.10000610351562,20516593
2023-09-18,195.25,200.5,194.10000610351562,200.10000610351562,25627043
2023-09-20,198.6999969482422,205.9499969482422,198.4499969482422,204.64999389648438,33369524
2023-09-21,205.0,205.5500030517578,200.39999389648438,201.60000610351562,20332556
2023-09-22,200.5500030517578,202.89999389648438,196.39999389648438,199.14999389648438,21193988
2023-09-25,200.0,200.64999389648438,196.6999969482422,198.89999389648438,11951847
2023-09-26,199.10000610351562,200.0500030517578,197.60000610351562,198.35000610351562,7440011
2023-09-27,199.3000030517578,199.60000610351562,197.3000030517578,199.35000610351562,6736870
2023-09-28,200.10000610351562,204.4499969482422,197.8000030517578,200.75,50185120
2023-09-29,200.9499969482422,201.89999389648438,199.10000610351562,199.75,16293959
2023-10-03,198.75,200.0,196.89999389648438,199.5500030517578,10830728
2023-10-04,198.89999389648438,199.39999389648438,195.39999389648438,199.0,14120040
2023-10-05,199.5,199.5,195.35000610351562,196.60000610351562,14575590
2023-10-06,197.0,197.4499969482422,194.85000610351562,197.0500030517578,12857229
2023-10-09,196.5,196.89999389648438,193.75,196.25,7853369
2023-10-10,196.25,198.5500030517578,195.6999969482422,197.9499969482422,7440527
2023-10-11,197.35000610351562,199.14999389648438,197.35000610351562,198.5,10031916
2023-10-12,197.35000610351562,202.0,197.35000610351562,200.75,21872719
2023-10-13,200.4499969482422,202.39999389648438,199.3000030517578,201.8000030517578,13105921
2023-10-16,200.3000030517578,203.85000610351562,200.10000610351562,203.0500030517578,18336656
2023-10-17,203.5500030517578,209.0,202.60000610351562,207.14999389648438,19378328
2023-10-18,208.4499969482422,208.4499969482422,204.0,206.5,14923328
2023-10-19,204.0,207.39999389648438,202.1999969482422,205.8000030517578,13192888
2023-10-20,205.1999969482422,205.1999969482422,200.89999389648438,202.85000610351562,22081120
2023-10-23,202.0,205.14999389648438,199.0,199.75,6988219
2023-10-25,199.0,200.4499969482422,197.8000030517578,199.5,16817158
2023-10-26,198.75,200.0,196.3000030517578,198.9499969482422,11070090
2023-10-27,199.25,201.8000030517578,199.14999389648438,200.9499969482422,9995487
2023-10-30,200.9499969482422,202.1999969482422,197.64999389648438,200.85000610351562,7679981
2023-10-31,201.5,202.9499969482422,200.5500030517578,202.14999389648438,7474770
2023-11-01,202.35000610351562,202.35000610351562,200.5,200.9499969482422,5598615
2023-11-02,201.75,203.64999389648438,200.89999389648438,203.10000610351562,12924797
2023-11-03,203.39999389648438,206.5,203.10000610351562,204.39999389648438,8684015
2023-11-06,205.0,208.9499969482422,204.9499969482422,208.1999969482422,9804415
2023-11-07,208.1999969482422,209.10000610351562,205.75,208.0,10730361
2023-11-08,209.0,209.60000610351562,206.64999389648438,207.0,7435543
2023-11-09,207.3000030517578,210.5,206.10000610351562,209.8000030517578,13777877
2023-11-10,210.5,213.0,209.60000610351562,211.14999389648438,12066023
2023-11-13,212.0,215.10000610351562,210.6999969482422,212.3000030517578,11352269
2023-11-15,215.0,215.0,209.8000030517578,210.14999389648438,19182861
2023-11-16,206.6999969482422,208.85000610351562,205.6999969482422,207.1999969482422,27533260
2023-11-17,207.6999969482422,210.6999969482422,206.89999389648438,209.5,16705395
2023-11-20,210.10000610351562,211.1999969482422,208.85000610351562,209.3000030517578,11156900
2023-11-21,210.0,210.14999389648438,207.9499969482422,208.9499969482422,9608081
2023-11-22,208.1999969482422,212.60000610351562,208.1999969482422,211.60000610351562,13079580
2023-11-23,212.0500030517578,213.10000610351562,209.25,210.89999389648438,11382709
2023-11-24,211.3000030517578,212.10000610351562,209.5,210.4499969482422,7250200
2023-11-28,214.4499969482422,214.4499969482422,209.5,210.1999969482422,15629209
2023-11-29,210.3000030517578,211.4499969482422,209.10000610351562,211.0500030517578,10062023
2023-11-30,210.39999389648438,212.8000030517578,208.25,208.9499969482422,60354322
2023-12-01,211.5,212.4499969482422,209.4499969482422,210.1999969482422,20719909
2023-12-04,211.6999969482422,214.10000610351562,211.6999969482422,212.89999389648438,27914088
2023-12-05,213.6999969482422,223.25,211.5500030517578,222.3000030517578,40709207
2023-12-06,226.0,226.25,222.5,224.39999389648438,29544730
2023-12-07,225.0,232.39999389648438,224.25,230.0,24534268
2023-12-08,231.8000030517578,233.39999389648438,226.4499969482422,228.60000610351562,22206320
2023-12-11,228.0,232.89999389648438,226.5500030517578,230.9499969482422,19106395
2023-12-12,230.0,233.3000030517578,229.5,231.35000610351562,14355329
2023-12-13,231.0,237.5,230.60000610351562,236.9499969482422,26878281
2023-12-14,237.25,237.60000610351562,231.10000610351562,232.10000610351562,29972018
2023-12-15,235.0,238.10000610351562,227.14999389648438,237.35000610351562,41341690
2023-12-18,236.89999389648438,236.89999389648438,231.4499969482422,231.85000610351562,29051897
2023-12-19,232.14999389648438,234.39999389648438,230.85000610351562,233.5500030517578,12612164
2023-12-20,234.9499969482422,235.39999389648438,226.1999969482422,227.14999389648438,20400245
2023-12-21,224.4499969482422,233.1999969482422,222.6999969482422,232.35000610351562,17755207
2023-12-22,233.0,234.1999969482422,230.5,231.75,9735375
2023-12-26,232.0,235.8000030517578,231.0500030517578,233.35000610351562,6772092
2023-12-27,235.0,235.85000610351562,232.5,234.0500030517578,10231881
2023-12-28,235.10000610351562,239.9499969482422,234.10000610351562,239.10000610351562,39164340
2023-12-29,237.8000030517578,238.25,234.75,237.1999969482422,12665999
2024-01-01,237.89999389648438,239.5,236.39999389648438,238.25,5952776
2024-01-02,240.0,240.10000610351562,236.14999389648438,237.85000610351562,9128513
2024-01-03,236.0,238.6999969482422,234.60000610351562,237.0500030517578,8284439
2024-01-04,238.0,243.10000610351562,237.0500030517578,241.4499969482422,19663959
2024-01-05,242.0,245.0,239.3000030517578,241.25,16345257
2024-01-08,242.39999389648438,245.25,240.39999389648438,242.35000610351562,13585746
2024-01-09,242.60000610351562,244.64999389648438,241.5,242.3000030517578,8688409
2024-01-10,241.0,242.10000610351562,238.0,239.14999389648438,16872195
2024-01-11,240.25,243.10000610351562,239.1999969482422,241.9499969482422,18812468
2024-01-12,242.5,242.64999389648438,238.8000030517578,239.5,11296498
2024-01-15,240.39999389648438,241.5,237.0,241.14999389648438,12597366
2024-01-16,241.64999389648438,242.39999389648438,237.6999969482422,239.0500030517578,7478450
2024-01-17,238.5,241.1999969482422,237.6999969482422,239.1999969482422,13620300
2024-01-18,227.25,235.6999969482422,226.0500030517578,233.4499969482422,25522629
2024-01-19,235.0,236.9499969482422,232.39999389648438,235.39999389648438,20931080
2024-01-23,241.0,246.8000030517578,236.25,237.9499969482422,27492163
2024-01-24,236.14999389648438,247.0,235.0,246.1999969482422,28309825
2024-01-25,244.75,248.6999969482422,243.10000610351562,245.5,20651484
2024-01-29,245.4499969482422,255.0,245.14999389648438,253.9499969482422,26181011
2024-01-30,254.0,256.95001220703125,251.5,254.10000610351562,16031367
2024-01-31,254.0,260.0,252.39999389648438,259.29998779296875,34369455
2024-02-01,259.0,270.95001220703125,258.29998779296875,265.79998779296875,29929092
2024-02-02,264.5,281.3999938964844,263.95001220703125,277.1000061035156,33900724
2024-02-05,277.5,289.3999938964844,274.8999938964844,282.8999938964844,27440927
2024-02-06,282.8999938964844,282.8999938964844,272.29998779296875,274.25,29668277
2024-02-07,272.1000061035156,274.3999938964844,266.79998779296875,267.95001220703125,27335466
2024-02-08,270.79998779296875,288.04998779296875,270.79998779296875,276.20001220703125,69776717
2024-02-09,278.6000061035156,279.45001220703125,269.1000061035156,273.0,24496638
2024-02-12,273.20001220703125,276.0,266.25,270.29998779296875,19140023
2024-02-13,270.29998779296875,270.8500061035156,264.25,270.25,22031847
2024-02-14,269.5,275.0,267.0,273.6499938964844,13546941
2024-02-15,272.0,283.3500061035156,271.3500061035156,281.6499938964844,25475670
2024-02-16,282.0,282.8999938964844,273.29998779296875,274.54998779296875,25129188
2024-02-19,275.1000061035156,278.29998779296875,273.29998779296875,276.3500061035156,11429901
2024-02-20,278.3500061035156,288.75,277.70001220703125,287.8999938964844,43053543
2024-02-21,287.54998779296875,289.45001220703125,279.25,280.1000061035156,24651085
2024-02-22,280.1000061035156,283.5,273.25,282.6000061035156,26793590
2024-02-23,282.54998779296875,285.20001220703125,279.0,281.95001220703125,14313526
2024-02-26,282.95001220703125,291.5,282.04998779296875,287.79998779296875,31012494
2024-02-27,284.1000061035156,293.3999938964844,284.1000061035156,292.5,36510093
2024-02-28,291.5,293.6499938964844,278.3999938964844,279.54998779296875,18824161
2024-02-29,279.6000061035156,285.0,274.3999938964844,282.8500061035156,35043015
2024-03-01,285.0,289.3999938964844,284.6000061035156,287.70001220703125,15149735
2024-03-04,288.0,297.0,288.0,294.6499938964844,23131460
2024-03-05,292.04998779296875,295.45001220703125,289.75,295.0,13220556
2024-03-06,290.29998779296875,294.8999938964844,286.5,293.70001220703125,15969436
2024-03-07,294.0,298.8999938964844,291.0,292.6499938964844,14908694
2024-03-11,288.3999938964844,291.95001220703125,284.3999938964844,285.54998779296875,19020659
2024-03-12,284.8999938964844,288.6499938964844,282.75,285.1499938964844,17906155
2024-03-13,283.29998779296875,283.8999938964844,261.79998779296875,264.29998779296875,39389523
2024-03-14,264.04998779296875,268.3999938964844,260.70001220703125,266.3500061035156,26005940
2024-03-15,268.1000061035156,272.0,257.6499938964844,265.95001220703125,43817794
2024-03-18,265.95001220703125,266.6499938964844,259.5,264.8999938964844,12423655
2024-03-19,262.1499938964844,266.5,258.29998779296875,259.0,20031514
2024-03-20,259.95001220703125,265.1499938964844,258.95001220703125,264.6499938964844,11308487
2024-03-21,267.79998779296875,274.5,267.1000061035156,273.75,23559105
2024-03-22,273.75,278.25,271.3500061035156,275.75,22097588
2024-03-26,270.1000061035156,274.1000061035156,266.1000061035156,270.04998779296875,28477120
2024-03-27,271.0,272.79998779296875,269.20001220703125,270.25,18094214
2024-03-28,272.0,279.5,271.6499938964844,276.8999938964844,26646830
2024-04-01,280.75,281.6000061035156,277.6499938964844,280.1499938964844,8945400
2024-04-02,279.25,281.70001220703125,278.5,279.54998779296875,13229425
2024-04-03,280.1499938964844,283.1000061035156,278.54998779296875,280.1000061035156,14499308
2024-04-04,282.79998779296875,286.70001220703125,275.04998779296875,277.6499938964844,23722104
2024-04-05,279.95001220703125,279.95001220703125,275.1499938964844,278.3999938964844,9308711
2024-04-08,280.54998779296875,284.20001220703125,279.04998779296875,281.75,14473340
2024-04-09,282.8500061035156,284.3500061035156,281.0,281.20001220703125,5780865
2024-04-10,280.0,285.3500061035156,280.0,282.54998779296875,8809693
2024-04-12,281.5,284.45001220703125,274.6499938964844,275.25,17731780
2024-04-15,270.25,276.20001220703125,268.3999938964844,274.04998779296875,13378690
2024-04-16,273.0,275.54998779296875,271.25,274.25,9662195
2024-04-18,287.8999938964844,289.8999938964844,277.70001220703125,280.1000061035156,51039603
2024-04-19,278.1000061035156,282.25,274.70001220703125,281.6499938964844,18755469
2024-04-22,284.0,284.70001220703125,281.70001220703125,283.6499938964844,14965203
2024-04-23,283.6499938964844,287.1499938964844,280.70001220703125,285.3500061035156,11464036
2024-04-24,285.0,291.8500061035156,284.3999938964844,290.3999938964844,19324163
2024-04-25,292.0,294.5,289.25,293.29998779296875,22022414
2024-04-26,294.25,296.1499938964844,291.45001220703125,292.25,15581578
2024-04-29,292.29998779296875,294.6000061035156,289.6000061035156,293.70001220703125,9804396
2024-04-30,293.70001220703125,304.3500061035156,293.04998779296875,301.8500061035156,33288857
2024-05-02,301.95001220703125,317.25,301.8500061035156,313.6000061035156,44059506
2024-05-03,312.0,316.1000061035156,308.25,310.8500061035156,27074447
2024-05-06,310.20001220703125,310.79998779296875,303.1000061035156,306.8500061035156,16855909
2024-05-07,307.0,308.29998779296875,294.5,295.25,13857464
2024-05-08,292.0,302.8500061035156,292.0,302.0,18754452
2024-05-09,302.75,304.3500061035156,295.25,296.1499938964844,11196567
2024-05-10,296.25,304.45001220703125,296.25,303.75,11786977
2024-05-13,304.20001220703125,307.6499938964844,297.6000061035156,306.54998779296875,11710605
2024-05-14,308.0,313.0,307.75,309.25,9957875
2024-05-15,310.0,316.29998779296875,308.8500061035156,314.8500061035156,11397656
2024-05-16,314.5,315.6000061035156,305.29998779296875,312.5,19843532
2024-05-17,314.8999938964844,316.0,310.75,313.1499938964844,9069551
2024-05-21,311.0,327.45001220703125,311.0,325.6499938964844,21976662
2024-05-22,327.75,327.75,320.20001220703125,325.75,10287081
2024-05-23,319.45001220703125,320.70001220703125,309.0,319.8999938964844,35705284
2024-05-24,318.0,322.95001220703125,317.3999938964844,318.79998779296875,15058182
2024-05-27,321.5,321.5,314.5,317.95001220703125,12857918
2024-05-28,319.0,319.5,312.0,312.79998779296875,10935739
2024-05-29,309.1000061035156,318.70001220703125,309.1000061035156,317.70001220703125,16812268
2024-05-30,314.6000061035156,317.6499938964844,303.79998779296875,306.70001220703125,22768893
2024-05-31,308.54998779296875,311.5,305.70001220703125,310.0,36929443
2024-06-03,335.0,348.70001220703125,325.6000061035156,337.6499938964844,55218939
2024-06-04,334.95001220703125,334.95001220703125,279.75,295.95001220703125,73262478
2024-06-05,296.29998779296875,301.04998779296875,279.20001220703125,298.79998779296875,45312613
2024-06-06,303.3999938964844,311.45001220703125,298.1000061035156,300.45001220703125,36508044
2024-06-07,298.04998779296875,310.6499938964844,296.79998779296875,309.3500061035156,38016104
2024-06-10,313.0,323.3500061035156,311.6000061035156,315.79998779296875,25478964
2024-06-11,316.20001220703125,319.70001220703125,315.1499938964844,316.54998779296875,12238518
2024-06-12,319.8999938964844,327.1000061035156,316.8999938964844,324.6499938964844,20346144
2024-06-13,327.0,327.95001220703125,320.6499938964844,321.45001220703125,11756503
2024-06-14,326.0,326.0,319.3500061035156,321.5,14159988
2024-06-18,322.0,332.5,322.0,331.79998779296875,21653702
2024-06-19,334.0,334.8500061035156,325.3999938964844,327.29998779296875,14235150
2024-06-20,327.5,328.29998779296875,322.29998779296875,324.54998779296875,11749507
2024-06-21,326.70001220703125,329.6000061035156,323.0,325.95001220703125,17209541
2024-06-24,323.1000061035156,334.0,322.54998779296875,332.95001220703125,18044357
2024-06-25,335.0,335.0,325.79998779296875,327.3999938964844,13979671
2024-06-26,325.70001220703125,330.20001220703125,324.95001220703125,326.70001220703125,12946277
2024-06-27,328.54998779296875,332.5,324.3500061035156,331.54998779296875,27061015
2024-06-28,333.0,337.3500061035156,329.6000061035156,330.95001220703125,21676594
2024-07-01,331.0,331.75,325.25,329.6000061035156,11959181
2024-07-02,330.04998779296875,334.3999938964844,328.04998779296875,330.79998779296875,12684459
2024-07-03,331.1000061035156,336.8999938964844,329.1000061035156,335.1499938964844,9369793
2024-07-04,337.0,338.70001220703125,333.8999938964844,335.0,12878827
2024-07-05,335.0,339.8999938964844,332.8500061035156,339.3999938964844,10894118
2024-07-08,341.0,341.0,336.8500061035156,339.3999938964844,7828162
2024-07-09,340.0,342.3500061035156,338.1000061035156,341.1499938964844,9214579
2024-07-10,343.0,347.79998779296875,335.5,346.04998779296875,10662609
2024-07-11,348.5,348.75,342.0,342.79998779296875,12642065
2024-07-12,342.79998779296875,345.8999938964844,340.1000061035156,343.1000061035156,11380570
2024-07-15,345.3999938964844,345.3999938964844,340.20001220703125,343.8500061035156,5277531
2024-07-16,342.75,347.0,341.5,342.45001220703125,11363095
2024-07-18,342.0,344.70001220703125,336.95001220703125,341.25,13908161
2024-07-19,339.54998779296875,341.8500061035156,331.0,332.20001220703125,12937990
2024-07-22,330.0,339.3999938964844,329.5,338.6000061035156,10678640
2024-07-23,339.1000061035156,340.5,321.1000061035156,334.25,15954324
2024-07-24,330.8999938964844,338.79998779296875,330.29998779296875,337.1499938964844,12573882
2024-07-25,330.45001220703125,342.6000061035156,330.45001220703125,339.45001220703125,16271884
2024-07-26,340.3500061035156,345.54998779296875,338.5,344.20001220703125,11468068
2024-07-29,339.79998779296875,345.8999938964844,337.75,342.3500061035156,31849674
2024-07-30,345.0,356.95001220703125,343.29998779296875,349.79998779296875,25813219
2024-07-31,348.25,350.6499938964844,342.6000061035156,348.20001220703125,17976593
2024-08-01,351.1499938964844,362.5,350.1499938964844,361.1000061035156,26792459
2024-08-02,358.0,361.04998779296875,354.0,358.25,13771470
2024-08-05,352.75,354.79998779296875,341.5,342.79998779296875,13566586
2024-08-06,342.79998779296875,350.79998779296875,339.25,340.75,12273667
2024-08-07,345.8500061035156,352.54998779296875,343.3999938964844,352.04998779296875,12441847
2024-08-08,355.0,355.0,341.25,342.6499938964844,15489731
2024-08-09,347.8999938964844,348.95001220703125,344.29998779296875,346.0,8720610
2024-08-12,343.0,343.79998779296875,339.5,341.1499938964844,12521136
2024-08-13,337.0,342.45001220703125,335.1499938964844,336.95001220703125,10435954
2024-08-14,337.0,338.3500061035156,332.5,333.5,12385993
2024-08-16,333.0,339.54998779296875,330.6000061035156,338.6000061035156,13013828
2024-08-19,342.6499938964844,343.29998779296875,339.29998779296875,340.29998779296875,5891370
2024-08-20,340.45001220703125,342.6499938964844,338.79998779296875,340.5,6393840
2024-08-21,340.0,340.95001220703125,336.1499938964844,336.6499938964844,10118601
2024-08-22,336.0,337.70001220703125,330.5,334.0,18370039
2024-08-23,334.6499938964844,336.95001220703125,333.3500061035156,336.25,7494822
2024-08-26,336.45001220703125,341.5,335.8500061035156,338.25,7993675
2024-08-27,339.0,341.45001220703125,335.0,335.3500061035156,9589690
2024-08-28,335.3500061035156,338.8999938964844,333.75,334.45001220703125,8790600
2024-08-29,332.5,335.8999938964844,328.79998779296875,333.29998779296875,17653536
2024-08-30,335.0,340.8500061035156,334.04998779296875,337.3999938964844,22713812
2024-09-02,338.3999938964844,339.8999938964844,334.20001220703125,335.54998779296875,9789776
2024-09-03,336.0,337.95001220703125,334.0,334.6499938964844,8434423
2024-09-04,331.20001220703125,334.70001220703125,331.0,332.8999938964844,9025610
2024-09-05,332.3500061035156,334.29998779296875,329.6000061035156,331.25,13912371
2024-09-06,333.04998779296875,333.1000061035156,325.0,329.79998779296875,23755639
2024-09-09,327.70001220703125,329.20001220703125,323.54998779296875,328.54998779296875,18597200
2024-09-10,327.0,335.29998779296875,327.0,334.1499938964844,15472387
2024-09-11,336.8999938964844,337.25,332.0,333.20001220703125,10134008
2024-09-12,334.8500061035156,339.0,333.25,338.20001220703125,18410837
2024-09-13,339.79998779296875,341.25,336.1000061035156,337.25,10417461
2024-09-16,337.25,341.5,337.04998779296875,338.25,7748570
2024-09-17,336.70001220703125,340.0,334.5,336.8999938964844,11451846
2024-09-18,338.5,338.8999938964844,333.1000061035156,334.29998779296875,6583254
2024-09-19,336.20001220703125,338.3500061035156,333.1000061035156,334.8999938964844,10589610
2024-09-20,338.1499938964844,342.95001220703125,334.75,340.8500061035156,31236123
2024-09-23,342.0,342.5,340.25,341.1499938964844,6542941
2024-09-24,344.54998779296875,351.0,342.3500061035156,350.04998779296875,26145769
2024-09-25,353.8500061035156,366.25,352.3500061035156,363.75,40770462
2024-09-26,364.04998779296875,366.1000061035156,357.20001220703125,365.45001220703125,18733959
2024-09-27,362.20001220703125,363.29998779296875,353.3500061035156,354.25,33148043
2024-09-30,354.25,357.45001220703125,349.70001220703125,352.8500061035156,16356171
2024-10-01,351.1000061035156,356.0,349.95001220703125,350.79998779296875,9856291
2024-10-03,343.0,349.8999938964844,342.6000061035156,344.1499938964844,19350466
2024-10-04,343.0,347.45001220703125,337.75,338.8500061035156,20121706
2024-10-07,340.0,340.0,325.0,328.95001220703125,13851446
2024-10-08,327.29998779296875,331.0,322.3500061035156,327.1499938964844,21148292
2024-10-09,327.0,331.79998779296875,325.5,329.75,9228363
2024-10-10,330.20001220703125,338.1000061035156,330.1000061035156,334.3500061035156,20773976
2024-10-11,334.45001220703125,335.3500061035156,329.5,330.04998779296875,6098468
2024-10-14,330.04998779296875,331.5,327.79998779296875,330.70001220703125,5944216
2024-10-15,333.45001220703125,333.45001220703125,327.5,329.8500061035156,12415489
2024-10-16,331.70001220703125,332.6499938964844,324.95001220703125,327.20001220703125,22085298
2024-10-17,328.5,331.8999938964844,324.6000061035156,331.1499938964844,17039729
2024-10-18,331.5,333.8500061035156,328.25,332.04998779296875,10569021
2024-10-21,333.0,333.75,329.45001220703125,331.1499938964844,8745904
2024-10-22,332.8999938964844,335.6499938964844,321.04998779296875,322.75,11219831
2024-10-23,319.20001220703125,321.8999938964844,313.8500061035156,316.8999938964844,12541589
2024-10-24,315.25,320.79998779296875,315.25,319.1499938964844,8327779
2024-10-25,321.5,321.5,313.25,315.79998779296875,12979410
2024-10-28,314.5,320.45001220703125,310.75,318.29998779296875,9610615
2024-10-29,316.1000061035156,321.20001220703125,314.1499938964844,320.54998779296875,15856332
2024-10-30,318.54998779296875,325.3999938964844,316.75,318.45001220703125,14498110
2024-10-31,320.3999938964844,322.70001220703125,317.8500061035156,320.79998779296875,9900390
2024-11-01,322.45001220703125,322.70001220703125,320.0,322.04998779296875,847672
2024-11-04,324.54998779296875,324.70001220703125,311.6000061035156,315.45001220703125,9249409
2024-11-05,312.3500061035156,317.70001220703125,312.0,316.6000061035156,7518195
2024-11-06,317.3999938964844,320.3500061035156,313.8999938964844,318.5,11019250
2024-11-07,319.0,319.0,311.70001220703125,312.95001220703125,14504208
2024-11-08,311.8500061035156,317.54998779296875,308.70001220703125,316.25,15740539
2024-11-11,313.54998779296875,332.3999938964844,312.79998779296875,329.79998779296875,22838987
2024-11-12,331.5,332.5,321.79998779296875,322.70001220703125,12069181
2024-11-13,322.6499938964844,324.6000061035156,317.1499938964844,318.0,12918639
2024-11-14,315.1000061035156,318.79998779296875,310.6000061035156,312.1000061035156,12500377
2024-11-18,314.0,315.54998779296875,310.1000061035156,312.04998779296875,9408101
2024-11-19,313.04998779296875,318.25,312.25,315.04998779296875,13157158
2024-11-21,316.0,326.75,313.0,325.8999938964844,25406386
2024-11-22,325.79998779296875,337.6000061035156,324.0,336.95001220703125,31523269
2024-11-25,341.8500061035156,345.3999938964844,336.1499938964844,342.75,29419152
2024-11-26,342.0,344.6000061035156,337.8999938964844,338.79998779296875,13997179
2024-11-27,337.25,341.29998779296875,336.5,339.25,12177260
2024-11-28,339.25,341.75,332.20001220703125,333.6499938964844,16920231
2024-11-29,331.3500061035156,332.5,326.5,329.3999938964844,13890537
2024-12-02,328.1499938964844,331.95001220703125,326.20001220703125,327.8500061035156,16003524
2024-12-03,324.25,331.3500061035156,324.25,329.6499938964844,23174488
2024-12-04,329.04998779296875,331.25,321.1000061035156,325.04998779296875,17880011
2024-12-05,325.0,330.45001220703125,319.54998779296875,328.3500061035156,19785053
2024-12-06,327.1000061035156,332.75,326.70001220703125,328.8999938964844,8802058
2024-12-09,327.75,330.6499938964844,326.70001220703125,329.1000061035156,9376929
2024-12-10,331.8500061035156,331.8500061035156,325.3500061035156,327.8999938964844,14994365
2024-12-11,327.25,329.0,326.8500061035156,327.54998779296875,5013051
2024-12-12,328.0,329.8999938964844,325.8500061035156,329.20001220703125,10414162
2024-12-13,330.6499938964844,334.29998779296875,325.04998779296875,333.8500061035156,14973536
2024-12-16,333.8500061035156,336.25,331.6000061035156,335.0,12695136
2024-12-17,332.5,335.54998779296875,328.0,329.79998779296875,17360248
2024-12-18,328.0,329.1000061035156,320.6499938964844,321.54998779296875,15037099
2024-12-19,318.0,323.8500061035156,316.8500061035156,321.6499938964844,10234715
2024-12-20,321.29998779296875,325.6000061035156,313.6000061035156,315.79998779296875,13973399
2024-12-23,318.0,318.29998779296875,311.54998779296875,315.29998779296875,5984169
2024-12-24,314.1000061035156,316.6499938964844,308.75,310.1000061035156,4833589
2024-12-26,310.1000061035156,313.1000061035156,308.75,310.29998779296875,3775101
2024-12-27,310.75,312.29998779296875,308.79998779296875,309.3999938964844,3981693
2024-12-30,309.0,312.0,306.29998779296875,307.54998779296875,12489142
2024-12-31,307.3500061035156,309.75,305.1499938964844,308.70001220703125,8402716
2025-01-01,308.70001220703125,311.3500061035156,305.8999938964844,310.3999938964844,4239498
2025-01-02,309.8500061035156,317.20001220703125,308.75,315.1499938964844,10766571
2025-01-03,316.3500061035156,318.0,313.6499938964844,316.04998779296875,7636948
2025-01-06,315.79998779296875,316.5,304.79998779296875,306.0,6722495
2025-01-07,306.0,310.70001220703125,303.0,305.04998779296875,10137739
2025-01-08,306.1499938964844,307.8500061035156,303.0,306.6499938964844,6907996
2025-01-09,306.6499938964844,306.8999938964844,303.6499938964844,305.25,8244909
2025-01-10,304.04998779296875,305.25,298.5,299.70001220703125,6540783
2025-01-13,295.0,298.54998779296875,286.75,287.6000061035156,19474228
2025-01-14,287.75,293.04998779296875,286.79998779296875,290.25,15954608
2025-01-15,295.0,302.5,291.1000061035156,298.6499938964844,12198882
2025-01-16,299.0,301.6000061035156,296.6000061035156,297.6499938964844,11694289
2025-01-17,297.6499938964844,305.0,295.70001220703125,302.6000061035156,7593230
2025-01-20,302.6000061035156,308.79998779296875,301.95001220703125,306.25,9435937
2025-01-21,307.0,309.95001220703125,301.5,302.3500061035156,13911546
2025-01-22,302.0,302.29998779296875,295.79998779296875,297.54998779296875,9723333
2025-01-23,297.5,299.6000061035156,293.6000061035156,294.3500061035156,12228286
2025-01-24,295.29998779296875,302.5,294.3500061035156,295.8500061035156,11142914
2025-01-27,295.0,295.0,283.75,287.0,13477947
2025-01-28,287.1499938964844,288.79998779296875,279.3500061035156,283.95001220703125,11298068
2025-01-29,285.3500061035156,289.1499938964844,283.29998779296875,287.8500061035156,4800024
2025-01-30,287.8500061035156,297.1000061035156,287.8500061035156,295.3500061035156,10969499
2025-01-31,297.0,303.45001220703125,295.8999938964844,301.6499938964844,14141459
2025-02-01,301.6499938964844,305.3500061035156,288.6499938964844,289.8500061035156,6945157
2025-02-03,290.0,292.0,278.0,283.79998779296875,14978897
2025-02-04,281.0,286.3999938964844,272.1000061035156,285.6499938964844,19836427
2025-02-05,285.6000061035156,290.75,284.54998779296875,285.20001220703125,15337191
2025-02-06,287.5,290.95001220703125,279.75,281.1499938964844,21418561
2025-02-07,273.1000061035156,281.8999938964844,270.0,278.1499938964844,17193482
2025-02-10,275.0,276.0,268.1000061035156,268.70001220703125,16709670
2025-02-11,268.70001220703125,268.79998779296875,260.0,261.45001220703125,22083955
2025-02-12,259.5,262.1000061035156,254.0,257.04998779296875,17861265
2025-02-13,257.25,261.3500061035156,256.1000061035156,259.1499938964844,12257226
2025-02-14,260.3999938964844,261.5,254.75,257.3500061035156,11339563
2025-02-17,256.8999938964844,264.0,252.1999969482422,263.20001220703125,8332653
2025-02-18,263.8500061035156,267.8999938964844,260.20001220703125,266.95001220703125,10483635
2025-02-19,262.5,268.5,262.29998779296875,263.04998779296875,14602009
2025-02-20,262.75,266.45001220703125,261.29998779296875,265.75,15312926
2025-02-21,265.29998779296875,265.75,259.3999938964844,261.8999938964844,10757038
2025-02-24,258.0,261.79998779296875,257.25,259.1499938964844,14599185
2025-02-25,258.79998779296875,259.95001220703125,254.89999389648438,255.75,21287363
2025-02-27,254.0,257.45001220703125,253.4499969482422,256.25,13614799
2025-02-28,255.89999389648438,257.0,247.3000030517578,250.85000610351562,38512868
2025-03-03,253.0,253.8000030517578,248.5,252.5,9873539
2025-03-04,250.0,257.1499938964844,249.4499969482422,254.0,11947033
2025-03-05,256.95001220703125,267.20001220703125,255.75,264.3999938964844,14536637
2025-03-06,265.1499938964844,267.29998779296875,260.70001220703125,266.6499938964844,11926868
2025-03-07,266.0,268.6499938964844,261.6000061035156,263.29998779296875,10043068
2025-03-10,261.04998779296875,274.25,261.04998779296875,271.29998779296875,30233763
2025-03-11,270.0,271.8500061035156,265.8500061035156,267.29998779296875,9255499
2025-03-12,270.70001220703125,272.3999938964844,263.6000061035156,267.1000061035156,11875548
2025-03-13,269.79998779296875,270.6499938964844,265.5,267.6499938964844,9270442
2025-03-17,270.0,270.6499938964844,264.95001220703125,267.3500061035156,11987667
2025-03-18,267.3500061035156,267.3500061035156,267.3500061035156,267.3500061035156,0
2025-03-19,272.0,278.29998779296875,269.79998779296875,277.20001220703125,13089950
2025-03-20,283.5,283.54998779296875,277.04998779296875,280.3500061035156,13710249
2025-03-21,281.0,285.1499938964844,280.04998779296875,283.1000061035156,26003527
2025-03-24,285.0,293.95001220703125,284.45001220703125,291.8500061035156,19966817
2025-03-25,291.0,295.25,287.6499938964844,291.0,16983852
2025-03-26,291.70001220703125,296.75,289.54998779296875,290.8500061035156,20367015
2025-03-27,289.0,297.25,289.0,295.5,37203166
2025-03-28,293.8999938964844,294.25,288.29998779296875,290.3500061035156,10834900
2025-04-01,289.6000061035156,296.95001220703125,287.0,289.29998779296875,11603556
2025-04-02,286.8500061035156,289.75,284.5,286.75,11679536
2025-04-03,289.3500061035156,299.95001220703125,285.1000061035156,299.1000061035156,23478876
2025-04-04,300.0,300.8999938964844,292.1000061035156,293.8999938964844,21020875
2025-04-07,283.6000061035156,293.8999938964844,282.29998779296875,289.3999938964844,22847548
2025-04-08,291.95001220703125,294.0,284.6499938964844,288.95001220703125,20831596
2025-04-09,289.95001220703125,299.5,289.29998779296875,293.3999938964844,21342531
2025-04-11,293.25,305.0,293.25,304.1000061035156,19831004
2025-04-15,307.20001220703125,310.45001220703125,303.70001220703125,304.54998779296875,16563441
2025-04-16,304.45001220703125,307.0,302.79998779296875,305.75,7032401
2025-04-17,305.45001220703125,309.79998779296875,302.0,309.0,8528993
2025-04-21,310.0,322.0,308.45001220703125,320.0,13369014
2025-04-22,319.75,319.75,312.1000061035156,312.54998779296875,10027268
2025-04-23,314.1499938964844,316.1000061035156,309.45001220703125,314.95001220703125,8225575
2025-04-24,314.8999938964844,315.8500061035156,312.8500061035156,314.3999938964844,8021180
2025-04-25,313.0,315.3999938964844,303.3999938964844,306.5,11475773
2025-04-28,304.20001220703125,310.95001220703125,303.54998779296875,308.54998779296875,7314824
2025-04-29,308.54998779296875,310.79998779296875,301.20001220703125,302.95001220703125,14678005
2025-04-30,304.45001220703125,310.0,301.8999938964844,307.45001220703125,17619987
2025-05-02,305.5,309.0,302.29998779296875,303.04998779296875,5688285
2025-05-05,304.79998779296875,310.70001220703125,304.6499938964844,308.20001220703125,4342960
2025-05-06,307.6000061035156,310.45001220703125,305.54998779296875,307.6000061035156,9124804
2025-05-07,308.0,313.1499938964844,307.0,311.1000061035156,14679327
2025-05-08,313.3999938964844,317.3999938964844,304.0,308.25,19253478
2025-05-09,300.0,303.04998779296875,296.3999938964844,299.29998779296875,11981497
2025-05-12,304.04998779296875,311.1000061035156,304.04998779296875,309.04998779296875,7145884
2025-05-13,305.0,308.75,298.0,298.45001220703125,17988336
2025-05-14,299.20001220703125,300.54998779296875,294.04998779296875,295.95001220703125,10359258
2025-05-15,295.8999938964844,300.3999938964844,291.04998779296875,299.6499938964844,22640626
2025-05-16,300.0,302.20001220703125,295.5,300.20001220703125,16763668
2025-05-19,302.0,304.5,299.0,304.04998779296875,12575289
2025-05-20,304.3999938964844,305.29998779296875,297.1000061035156,297.8999938964844,21339095
2025-05-21,297.75,302.25,295.6499938964844,296.1499938964844,11997632
2025-05-22,295.8999938964844,296.3500061035156,286.54998779296875,290.8999938964844,26158839
2025-05-23,292.0,298.75,291.75,298.1000061035156,9872024
2025-05-26,300.04998779296875,303.79998779296875,295.75,296.70001220703125,16469130
2025-05-27,297.0,297.6000061035156,292.20001220703125,294.54998779296875,17074710
2025-05-28,294.54998779296875,295.6499938964844,290.5,291.1499938964844,10099453
2025-05-29,291.3500061035156,293.8999938964844,291.3500061035156,293.1000061035156,9773818
2025-05-30,292.0,294.6499938964844,288.25,289.75,21788566
2025-06-02,290.29998779296875,293.6499938964844,288.3999938964844,293.04998779296875,7255782
2025-06-03,292.5,295.3999938964844,287.75,288.25,10989055
2025-06-04,288.25,289.79998779296875,287.04998779296875,288.54998779296875,8580196
2025-06-05,291.0,295.25,290.1000061035156,294.25,13110486
2025-06-06,293.54998779296875,297.0,292.95001220703125,295.79998779296875,7935393
2025-06-09,298.0,301.1499938964844,296.1499938964844,300.5,8666186
2025-06-10,300.54998779296875,301.79998779296875,298.25,301.04998779296875,7273892
2025-06-11,301.1000061035156,301.3999938964844,294.0,295.45001220703125,10941604
2025-06-12,295.1499938964844,295.79998779296875,288.5,289.0,14071159
2025-06-13,282.54998779296875,286.45001220703125,281.79998779296875,285.5,16028417
2025-06-16,287.95001220703125,290.5,286.29998779296875,288.6499938964844,11067299
2025-06-17,288.6499938964844,290.45001220703125,287.20001220703125,288.54998779296875,7286868
2025-06-18,287.5,288.29998779296875,285.5,287.29998779296875,11904855
2025-06-19,286.79998779296875,287.6499938964844,285.29998779296875,286.45001220703125,13573824
2025-06-20,285.54998779296875,294.5,285.04998779296875,293.1000061035156,33014151
2025-06-23,291.3999938964844,293.45001220703125,288.1000061035156,290.25,6833477
2025-06-24,293.45001220703125,294.70001220703125,285.3500061035156,285.95001220703125,15007849
2025-06-25,286.5,291.1000061035156,286.5,290.45001220703125,10838516
2025-06-26,290.79998779296875,294.25,289.75,293.5,10232220
2025-06-27,295.0,300.70001220703125,294.1499938964844,299.25,15523628
2025-06-30,300.3999938964844,301.0,296.25,299.8999938964844,8415241
2025-07-01,301.0,301.5,297.0,297.54998779296875,12349270
2025-07-02,297.54998779296875,298.75,293.3999938964844,294.8500061035156,10826029
2025-07-03,298.3999938964844,298.95001220703125,293.1000061035156,293.70001220703125,10373094
2025-07-04,293.70001220703125,295.1499938964844,291.6499938964844,294.0,14193884
2025-07-07,294.70001220703125,296.6499938964844,293.5,295.8999938964844,6220756
2025-07-08,294.1499938964844,298.3999938964844,293.04998779296875,297.75,6254288
2025-07-09,298.25,300.0,296.3999938964844,299.6499938964844,5650646
2025-07-10,300.0,302.70001220703125,298.0,299.25,9307817
2025-07-11,299.25,300.8999938964844,296.95001220703125,298.54998779296875,7073217
2025-07-14,299.5,300.45001220703125,297.45001220703125,298.20001220703125,5484223
2025-07-15,298.1000061035156,300.0,296.8500061035156,298.04998779296875,6173407
2025-07-16,298.95001220703125,298.95001220703125,295.70001220703125,297.04998779296875,8144630
2025-07-17,297.54998779296875,298.20001220703125,295.79998779296875,296.6000061035156,8318287
2025-07-18,296.5,301.5,293.5,294.1499938964844,8702106
2025-07-21,294.0,297.25,292.25,297.0,5298012
2025-07-22,297.1000061035156,298.8500061035156,294.54998779296875,297.79998779296875,7775653
2025-07-23,298.8500061035156,299.6499938964844,297.1000061035156,299.25,5310964
2025-07-24,299.8500061035156,301.3500061035156,296.5,299.3500061035156,6294709
2025-07-25,297.1499938964844,297.75,290.8999938964844,292.1000061035156,8202572
2025-07-28,292.0,295.25,290.75,291.8999938964844,7037396
2025-07-29,290.5,293.8999938964844,289.79998779296875,293.1000061035156,6586034
2025-07-30,293.0,296.5,286.6000061035156,288.95001220703125,10515572
2025-07-31,284.95001220703125,294.29998779296875,284.95001220703125,291.0,14283621
2025-08-01,291.6499938964844,292.79998779296875,286.29998779296875,291.25,6697683
2025-08-04,291.20001220703125,291.54998779296875,285.70001220703125,287.95001220703125,10397121
2025-08-05,287.1000061035156,288.6499938964844,285.1000061035156,286.0,15561914
2025-08-06,287.6000061035156,288.3999938964844,284.04998779296875,284.79998779296875,12985269
2025-08-07,284.5,286.29998779296875,283.3999938964844,285.54998779296875,8893659
2025-08-08,284.79998779296875,286.25,283.6000061035156,284.8500061035156,6172968
2025-08-11,284.8500061035156,286.3999938964844,283.29998779296875,284.8500061035156,8755499
2025-08-12,284.3999938964844,287.54998779296875,284.0,284.6499938964844,13184438
2025-08-13,287.0,289.3999938964844,286.04998779296875,288.20001220703125,9928283
2025-08-14,289.04998779296875,290.1499938964844,287.1499938964844,288.70001220703125,8464495
2025-08-18,289.5,291.29998779296875,288.5,290.3500061035156,9836105
2025-08-19,290.0,290.1000061035156,286.54998779296875,288.0,7196772
2025-08-20,288.20001220703125,289.0,286.95001220703125,288.3999938964844,3106073
2025-08-21,288.3999938964844,289.54998779296875,283.6000061035156,284.0,7389271
2025-08-22,284.0,284.54998779296875,281.79998779296875,283.3500061035156,6824793
2025-08-25,283.3500061035156,284.6000061035156,282.20001220703125,284.1499938964844,7426789
2025-08-26,283.0,283.79998779296875,278.8999938964844,279.8999938964844,22905910
2025-08-28,282.0,282.0,273.6000061035156,274.45001220703125,12455072
2025-08-29,273.6000061035156,276.1000061035156,272.25,275.25,12841075
2025-09-01,276.0,280.6000061035156,276.0,279.8500061035156,10820878
2025-09-02,280.20001220703125,287.8999938964844,279.8500061035156,286.70001220703125,16983677
2025-09-03,289.0,289.20001220703125,285.6000061035156,286.04998779296875,30178885
2025-09-04,286.8500061035156,287.95001220703125,280.8999938964844,281.79998779296875,5946090
2025-09-05,282.3500061035156,286.6499938964844,282.3500061035156,285.3500061035156,9695914
2025-09-08,286.3999938964844,287.70001220703125,282.1000061035156,282.79998779296875,5186605
2025-09-09,283.04998779296875,284.3500061035156,281.70001220703125,283.8500061035156,7093190
2025-09-10,284.70001220703125,286.45001220703125,282.5,282.95001220703125,7767863
2025-09-11,282.54998779296875,288.70001220703125,282.54998779296875,286.79998779296875,7406625
2025-09-12,287.25,288.6000061035156,285.1000061035156,287.6499938964844,7618852
2025-09-15,288.29998779296875,288.79998779296875,285.75,286.25,5420800
2025-09-16,286.54998779296875,289.70001220703125,286.3500061035156,288.3500061035156,8626429
2025-09-17,289.0,289.20001220703125,285.95001220703125,287.1499938964844,19010126
2025-09-18,287.0,289.8500061035156,286.1000061035156,289.1000061035156,16842964
2025-09-19,290.0,290.20001220703125,284.8999938964844,286.20001220703125,14993879
2025-09-22,287.0,289.0,285.8999938964844,286.6499938964844,9456933
2025-09-23,288.6499938964844,289.0,285.3999938964844,288.6000061035156,13619147
2025-09-24,287.8999938964844,294.54998779296875,286.95001220703125,293.29998779296875,14032389
2025-09-25,294.0,294.8500061035156,283.6000061035156,284.3999938964844,16242837
2025-09-26,283.5,284.1499938964844,280.1000061035156,282.25,8959035
2025-09-29,283.8999938964844,286.1000061035156,279.95001220703125,280.6000061035156,14600560
2025-09-30,282.0,286.0,279.0,280.25,18772881
2025-10-01,281.0,282.8500061035156,279.8999938964844,280.6499938964844,11812449
2025-10-03,283.3500061035156,290.0,281.04998779296875,289.70001220703125,19597461
2025-10-06,288.3500061035156,288.6499938964844,284.54998779296875,286.8999938964844,11702722
2025-10-07,288.95001220703125,292.3500061035156,287.1000061035156,289.0,11371062
2025-10-08,290.3500061035156,290.3500061035156,284.6499938964844,285.29998779296875,9989251
2025-10-09,285.0,286.95001220703125,282.25,286.1499938964844,10714949
2025-10-10,285.25,291.25,285.25,289.1499938964844,10773268
2025-10-13,287.75,288.20001220703125,284.8999938964844,286.1499938964844,8950161
2025-10-14,286.5,287.8999938964844,285.3999938964844,287.5,7667654
2025-10-15,287.1499938964844,293.25,287.04998779296875,290.95001220703125,8125514
2025-10-16,292.3999938964844,293.25,290.6000061035156,291.8500061035156,7824732
2025-10-17,291.0,291.5,288.0,289.75,14275188
2025-10-20,290.1499938964844,292.1000061035156,287.1000061035156,288.20001220703125,13536721
2025-10-21,288.29998779296875,289.6000061035156,288.20001220703125,288.6000061035156,398291
2025-10-23,288.95001220703125,291.1499938964844,288.0,289.6499938964844,21031287
2025-10-24,289.6499938964844,290.75,286.54998779296875,288.5,16350189
2025-10-27,289.0,292.79998779296875,288.20001220703125,291.04998779296875,13396182
2025-10-28,290.54998779296875,292.6000061035156,286.79998779296875,288.25,13543174
2025-10-29,289.0,296.6499938964844,288.75,295.3500061035156,14608714
2025-10-30,296.29998779296875,296.45001220703125,290.95001220703125,291.5,10329750
2025-10-31,292.0,292.0,287.0,288.1499938964844,10088802
2025-11-03,289.0,290.1499938964844,287.1499938964844,288.0,8578207
2025-11-04,284.5,284.95001220703125,278.1000061035156,279.04998779296875,26098629
2025-11-06,278.0,278.5,269.8500061035156,270.20001220703125,21919591
2025-11-07,270.20001220703125,272.79998779296875,268.75,272.0,11379131
2025-11-10,268.6000061035156,270.54998779296875,266.54998779296875,268.20001220703125,10717941
2025-11-11,268.25,269.1499938964844,264.6499938964844,267.6499938964844,11154806
2025-11-12,269.0,270.25,266.5,267.1000061035156,16444701
2025-11-13,267.1000061035156,270.45001220703125,265.6499938964844,269.8500061035156,12573141
2025-11-14,270.3500061035156,272.29998779296875,269.5,271.29998779296875,10308317
2025-11-17,272.1000061035156,273.95001220703125,270.0,273.54998779296875,9884392
2025-11-18,274.0,276.79998779296875,272.29998779296875,274.20001220703125,16434280
2025-11-19,275.95001220703125,276.0,272.5,275.1499938964844,15765235
2025-11-20,275.25,279.04998779296875,274.5,277.20001220703125,15337345
2025-11-21,277.20001220703125,279.0,275.3999938964844,277.6000061035156,12941485
2025-11-24,278.0,279.04998779296875,272.5,275.79998779296875,49791096
2025-11-25,275.0,276.8999938964844,272.6499938964844,273.45001220703125,12114606
2025-11-26,274.0,276.95001220703125,273.5,275.04998779296875,8352869
2025-11-27,277.0,277.0,273.29998779296875,273.70001220703125,9865039
2025-11-28,273.79998779296875,274.3500061035156,269.45001220703125,269.95001220703125,12580231
2025-12-01,272.45001220703125,272.45001220703125,268.75,269.6499938964844,10428760
2025-12-02,269.0,270.6499938964844,266.8999938964844,267.45001220703125,11029817
2025-12-03,267.45001220703125,269.0,264.5,268.45001220703125,9063557
2025-12-04,266.54998779296875,270.20001220703125,265.6000061035156,269.1000061035156,5103204
2025-12-05,268.20001220703125,271.5,267.79998779296875,269.79998779296875,5535798
2025-12-08,268.79998779296875,269.3999938964844,264.75,265.20001220703125,10203843
2025-12-09,264.1000061035156,265.75,262.8999938964844,264.54998779296875,10686557
2025-12-10,264.8999938964844,267.25,264.29998779296875,265.5,7157092
2025-12-11,264.25,266.3500061035156,262.5,264.79998779296875,8336183
2025-12-12,265.0,266.75,263.29998779296875,263.6000061035156,5522827
2025-12-15,263.6000061035156,263.8500061035156,260.5,262.20001220703125,6400400
2025-12-16,262.1499938964844,263.3500061035156,259.70001220703125,260.3500061035156,9241981
2025-12-17,260.3500061035156,262.75,259.29998779296875,261.1000061035156,10944698
2025-12-18,260.75,261.70001220703125,255.8000030517578,257.95001220703125,10930748
2025-12-19,258.04998779296875,263.95001220703125,257.95001220703125,263.45001220703125,16657897
2025-12-22,259.1000061035156,265.6000061035156,259.04998779296875,265.0,10054250
2025-12-23,265.0,269.29998779296875,264.3999938964844,267.0,10526826
2025-12-24,267.79998779296875,270.04998779296875,266.29998779296875,268.04998779296875,6131188
2025-12-26,268.0,269.29998779296875,264.8500061035156,265.45001220703125,6029003
2025-12-29,265.95001220703125,266.45001220703125,260.0,260.6000061035156,7270521
2025-12-30,260.0,261.45001220703125,258.95001220703125,260.3500061035156,10929200
2025-12-31,261.3999938964844,265.20001220703125,260.54998779296875,264.6000061035156,5145868
2026-01-01,264.1000061035156,267.54998779296875,264.1000061035156,266.79998779296875,4298196
2026-01-02,267.5,272.1000061035156,266.25,270.95001220703125,13348375
2026-01-05,271.25,272.79998779296875,268.70001220703125,271.6499938964844,11526602
2026-01-06,266.0,273.29998779296875,266.0,268.54998779296875,11777253
2026-01-07,268.5,268.95001220703125,263.45001220703125,264.1000061035156,14877056
2026-01-08,264.0,265.29998779296875,257.95001220703125,259.29998779296875,11762204
2026-01-09,260.29998779296875,263.79998779296875,256.25,258.0,14100782
2026-01-12,258.0,259.5,254.3000030517578,258.54998779296875,9698555
2026-01-13,259.04998779296875,259.95001220703125,256.1000061035156,258.79998779296875,9734559
2026-01-14,257.1000061035156,259.70001220703125,256.75,258.3500061035156,15435341
2026-01-15,258.3500061035156,258.3500061035156,258.3500061035156,258.3500061035156,0
2026-01-16,258.29998779296875,261.54998779296875,256.20001220703125,257.29998779296875,9648251
2026-01-19,256.8999938964844,258.79998779296875,256.6499938964844,257.6499938964844,10588722
2026-01-20,257.6499938964844,257.8500061035156,253.39999389648438,254.0500030517578,12452441
2026-01-21,252.0500030517578,258.8500061035156,252.0500030517578,255.8000030517578,14263346
2026-01-22,256.6000061035156,259.8500061035156,255.4499969482422,259.25,15520530
2026-01-23,259.25,259.95001220703125,252.60000610351562,254.14999389648438,18022018
2026-01-27,256.5,258.3500061035156,252.0500030517578,254.35000610351562,17375059
2026-01-28,254.0,260.75,254.0,259.79998779296875,16046343
2026-01-29,262.6000061035156,263.04998779296875,258.75,260.5,26914029
2026-01-30,261.29998779296875,262.3999938964844,254.0500030517578,256.5,23292764
2026-02-02,251.25,271.20001220703125,250.0,270.3999938964844,37109237
2026-02-03,276.04998779296875,284.5,273.25,283.20001220703125,52651170
2026-02-04,288.79998779296875,292.0,282.8999938964844,289.3999938964844,27775044
2026-02-05,291.0,291.0,286.1499938964844,289.3500061035156,9870342
2026-02-06,292.20001220703125,293.5,289.3999938964844,292.75,19951107
2026-02-09,292.5,292.54998779296875,288.0,289.75,13114576
2026-02-10,290.0,295.29998779296875,286.5,294.3500061035156,21823214
2026-02-11,297.6499938964844,297.6499938964844,292.20001220703125,294.45001220703125,10508852
2026-02-12,294.45001220703125,296.0,291.75,293.8999938964844,10482579
2026-02-13,292.0,294.29998779296875,286.8500061035156,287.20001220703125,10914157
2026-02-16,288.0,300.95001220703125,287.25,300.5,22196951
2026-02-17,299.29998779296875,301.6000061035156,297.0,300.75,11190989
2026-02-18,299.45001220703125,302.25,298.45001220703125,300.54998779296875,9147320
2026-02-19,300.1000061035156,301.6000061035156,293.1000061035156,294.6499938964844,7552362
2026-02-20,295.54998779296875,302.04998779296875,294.25,298.95001220703125,11762183
2026-02-23,302.0,304.29998779296875,299.0,303.3500061035156,11774742
2026-02-24,304.0,306.20001220703125,300.79998779296875,304.79998779296875,15863867
2026-02-25,307.0,311.70001220703125,305.1499938964844,307.25,14240500
2026-02-26,307.1000061035156,307.70001220703125,301.3999938964844,303.25,14249515
2026-02-27,305.79998779296875,305.79998779296875,297.8999938964844,298.6499938964844,21400679
2026-03-02,290.0,298.6000061035156,289.5,296.79998779296875,15690227
2026-03-04,296.0,296.0,288.8999938964844,291.95001220703125,28191826
2026-03-05,292.0,300.1000061035156,291.8999938964844,299.45001220703125,19467441
2026-03-06,299.95001220703125,302.75,297.0,299.1499938964844,15887540
2026-03-09,285.5,296.25,285.5,295.20001220703125,21591866
2026-03-10,298.1499938964844,300.04998779296875,293.75,298.6499938964844,14627316
2026-03-11,298.6499938964844,302.8999938964844,298.04998779296875,298.79998779296875,12618289
2026-03-12,295.79998779296875,304.8999938964844,295.1000061035156,303.6000061035156,15284297
2026-03-13,308.6499938964844,309.5,298.70001220703125,300.95001220703125,23615092
2026-03-16,300.95001220703125,303.0,291.3999938964844,297.75,25911819
2026-03-17,302.0,302.0,292.1499938964844,298.5,12300000
2026-03-18,299.54998779296875,304.20001220703125,297.54998779296875,299.3999938964844,8691698
2026-03-19,297.6499938964844,300.5,295.95001220703125,296.70001220703125,8594078
2026-03-20,300.1000061035156,305.0,296.6000061035156,297.6000061035156,28392470
2026-03-23,298.0,304.3500061035156,293.1000061035156,302.1000061035156,23771660
2026-03-24,309.0,309.0,292.3999938964844,299.0,24123621
2026-03-25,299.8999938964844,302.25,294.20001220703125,295.0,16423641
2026-03-27,294.45001220703125,297.29998779296875,290.29998779296875,295.5,27444747
2026-03-30,292.04998779296875,297.8999938964844,292.0,296.1000061035156,23105779
2026-04-01,305.0,305.8999938964844,290.20001220703125,292.79998779296875,18635698
2026-04-02,290.20001220703125,292.0,283.5,289.95001220703125,17222200
2026-04-06,294.8999938964844,295.6000061035156,287.29998779296875,295.1499938964844,9291741
2026-04-07,292.5,296.25,291.0,295.3999938964844,9318575
2026-04-08,301.0,301.75,293.6000061035156,294.8500061035156,10887876
2026-04-09,295.45001220703125,300.70001220703125,293.8500061035156,298.1000061035156,17644642
2026-04-10,301.1000061035156,303.5,299.75,302.75,13245074
2026-04-13,299.95001220703125,302.3500061035156,297.6499938964844,300.3500061035156,15681799
2026-04-15,303.3999938964844,313.3999938964844,301.25,312.45001220703125,21897202
2026-04-16,315.0,317.0,310.5,312.25,21510277
2026-04-17,313.29998779296875,318.95001220703125,311.3999938964844,318.1000061035156,13609827
2026-04-20,319.0,323.04998779296875,315.54998779296875,319.70001220703125,10955277
2026-04-21,318.95001220703125,322.0,318.0,319.3500061035156,8342335
2026-04-22,319.75,322.0,316.0,319.75,7112538
2026-04-23,320.0,321.8500061035156,318.04998779296875,319.1499938964844,7294961
2026-04-24,316.0,317.8999938964844,314.5,316.3999938964844,9980241
2026-04-27,318.0,324.95001220703125,316.95001220703125,320.8999938964844,9334181
2026-04-28,322.79998779296875,322.79998779296875,317.6499938964844,319.0,9083528
2026-04-29,320.1000061035156,323.79998779296875,318.25,320.3500061035156,10372929
2026-04-30,319.6000061035156,321.25,315.95001220703125,318.3500061035156,9521058
2026-05-01,318.3500061035156,318.3500061035156,318.3500061035156,318.3500061035156,0
2026-05-04,314.0,323.8999938964844,314.0,319.04998779296875,7370269
2026-05-05,318.8999938964844,321.29998779296875,315.0,319.45001220703125,8569582
2026-05-06,320.04998779296875,321.5,314.6000061035156,315.95001220703125,4884118
2026-05-07,315.75,316.75,312.5,313.79998779296875,9126203
2026-05-08,315.20001220703125,315.20001220703125,310.6000061035156,313.95001220703125,7929393
2026-05-11,313.95001220703125,314.04998779296875,309.95001220703125,310.8999938964844,8204425
2026-05-12,309.45001220703125,310.75,305.5,306.29998779296875,7952584
2026-05-13,304.25,305.3999938964844,295.6499938964844,301.5,23775882
2026-05-14,306.0,307.54998779296875,300.6000061035156,301.75,14012601
2026-05-15,307.79998779296875,308.1499938964844,302.8999938964844,305.8500061035156,10092811
2026-05-18,296.29998779296875,298.45001220703125,290.20001220703125,296.54998779296875,16036198
2026-05-19,296.6000061035156,300.0,294.54998779296875,298.6000061035156,12580156
2026-05-20,297.5,300.79998779296875,294.54998779296875,299.8999938964844,5672695
2026-05-21,302.3999938964844,304.5,298.70001220703125,299.54998779296875,10353164
2026-05-22,298.70001220703125,300.54998779296875,293.54998779296875,294.29998779296875,15105294
2026-05-25,298.5,298.5,294.1499938964844,295.3500061035156,5896815
2026-05-26,295.0,295.95001220703125,292.04998779296875,292.54998779296875,5625947
2026-05-27,292.0,301.25,292.0,300.1499938964844,9883025
2026-05-28,300.1499938964844,300.1499938964844,300.1499938964844,300.1499938964844,0
2026-05-29,303.0,303.0,285.45001220703125,290.54998779296875,77407363
2026-06-01,291.0,292.3500061035156,284.70001220703125,286.1499938964844,17628347
2026-06-02,281.75,285.25,278.3999938964844,282.1499938964844,15198142
2026-06-03,282.0,286.0,280.3500061035156,285.04998779296875,13002063
2026-06-04,280.0,286.04998779296875,280.0,284.6000061035156,16292818
2026-06-05,284.0,286.54998779296875,283.0,285.6499938964844,6955072
2026-06-08,283.0,292.1000061035156,282.6000061035156,290.29998779296875,8748933
2026-06-09,292.8999938964844,293.04998779296875,284.75,285.70001220703125,7973130
2026-06-10,285.0,289.5,284.04998779296875,287.20001220703125,8330040
2026-06-11,289.25,290.45001220703125,286.0,286.6499938964844,12064071
2026-06-12,288.8999938964844,288.8999938964844,282.70001220703125,284.79998779296875,5478294
2026-06-15,290.0,290.0,284.04998779296875,285.70001220703125,9319070
2026-06-16,286.1000061035156,286.3999938964844,282.8500061035156,285.1499938964844,8146761
2026-06-17,286.20001220703125,286.6499938964844,283.25,286.3500061035156,6008101
2026-06-18,286.3500061035156,289.45001220703125,283.29998779296875,288.70001220703125,8381654
2026-06-19,288.95001220703125,292.8999938964844,287.6499938964844,292.25,10295261
2026-06-22,289.0,292.8500061035156,288.79998779296875,289.75,11678414
2026-06-23,290.45001220703125,293.04998779296875,289.6000061035156,291.95001220703125,12328516
2026-06-24,293.0,295.25,288.75,290.8999938964844,10221176
2026-06-25,290.70001220703125,291.5,283.04998779296875,283.8999938964844,16305770
2026-06-26,283.8999938964844,283.8999938964844,283.8999938964844,283.8999938964844,0
2026-06-29,287.0,287.6499938964844,283.5,286.25,16957025
2026-06-30,287.20001220703125,288.8999938964844,284.45001220703125,286.29998779296875,11985195
2026-07-01,287.79998779296875,288.3500061035156,285.6499938964844,287.54998779296875,8147424
2026-07-02,287.54998779296875,289.3999938964844,284.20001220703125,288.20001220703125,6456861
2026-07-03,288.5,292.0,287.1000061035156,287.8500061035156,10260404
2026-07-06,287.20001220703125,287.95001220703125,284.70001220703125,285.3999938964844,7799856
2026-07-07,285.3500061035156,287.3500061035156,283.3500061035156,284.3500061035156,7251465
2026-07-08,282.8999938964844,285.3999938964844,279.20001220703125,279.70001220703125,7306244
2026-07-09,280.0,283.95001220703125,280.0,281.3500061035156,6800579
2026-07-10,283.1000061035156,283.79998779296875,281.3500061035156,283.1000061035156,6812700
2026-07-13,282.79998779296875,286.45001220703125,281.6499938964844,286.0,8083023
2026-07-14,282.3500061035156,286.95001220703125,282.29998779296875,286.1499938964844,7596298
2026-07-15,285.8999938964844,286.79998779296875,278.8999938964844,280.70001220703125,9907688
2026-07-16,280.3999938964844,284.3999938964844,280.0,280.75,7143529
2026-07-17,280.75,284.3500061035156,279.6499938964844,283.54998779296875,10985155
2026-07-20,284.70001220703125,289.54998779296875,283.3500061035156,288.70001220703125,11380170
2026-07-21,289.0,290.3999938964844,284.45001220703125,286.70001220703125,7517060
2026-07-22,285.6499938964844,289.75,284.3999938964844,289.29998779296875,4595987
2026-07-23,287.29998779296875,290.95001220703125,287.0,289.79998779296875,7407258
