date,open,high,low,close,volume
2019-07-23,21049.650390625,21390.0,20616.80078125,20758.69921875,18967
2019-07-24,20825.0,20849.900390625,20431.099609375,20675.55078125,14107
2019-07-25,20503.0,21295.0,20503.0,21189.55078125,24595
2019-07-26,21170.0,21541.400390625,20955.150390625,21431.30078125,16163
2019-07-29,21431.25,21476.650390625,20961.5,21095.44921875,13281
2019-07-30,21087.44921875,21232.94921875,20601.0,20768.69921875,23220
2019-07-31,20551.19921875,20673.55078125,19889.55078125,20164.25,46252
2019-08-01,20063.0,20150.0,19691.0,20001.75,48049
2019-08-02,19999.0,20098.0,19564.099609375,20001.19921875,28627
2019-08-05,19750.0,20045.0,19662.349609375,19964.69921875,14878
2019-08-06,19880.0,20424.94921875,19825.5,20206.44921875,36366
2019-08-07,20206.0,20647.05078125,20000.150390625,20180.849609375,20085
2019-08-08,20201.0,20539.099609375,19563.0,20109.94921875,27813
2019-08-09,20295.0,20918.30078125,20101.0,20270.0,52782
2019-08-13,20000.5,20078.0,19401.44921875,19698.75,94885
2019-08-14,19730.0,20073.75,19470.099609375,19676.69921875,26811
2019-08-16,19839.0,19839.0,19210.099609375,19475.849609375,24210
2019-08-19,19750.0,19750.0,19314.19921875,19409.650390625,10896
2019-08-20,19467.849609375,19475.900390625,18755.0,19008.5,42664
2019-08-21,19100.0,19100.05078125,18668.55078125,18701.94921875,42828
2019-08-22,18672.400390625,18789.94921875,18311.05078125,18439.05078125,21633
2019-08-23,18370.0,18500.0,18272.30078125,18409.349609375,51752
2019-08-26,18687.0,18923.0,17929.150390625,18781.150390625,23442
2019-08-27,18802.5,19599.44921875,18800.0,19066.80078125,24935
2019-08-28,19066.80078125,19499.25,18959.05078125,19110.19921875,7427
2019-08-29,19110.19921875,19210.94921875,18400.0,18520.0,38054
2019-08-30,18570.0,18614.94921875,18279.0,18573.80078125,31940
2019-09-03,18579.0,18579.0,17630.30078125,17810.400390625,41193
2019-09-04,17826.0,17848.099609375,17285.69921875,17711.150390625,35965
2019-09-05,17791.849609375,18039.900390625,17466.0,17602.75,36486
2019-09-06,17650.599609375,17960.0,17507.94921875,17870.5,19786
2019-09-09,17870.5,18250.0,17616.0,18068.400390625,26145
2019-09-11,18198.94921875,18573.099609375,17921.400390625,18490.349609375,66945
2019-09-12,18562.30078125,18645.05078125,18327.55078125,18582.05078125,23415
2019-09-13,18600.0,18951.0,18469.349609375,18798.44921875,15363
2019-09-16,18700.0,19037.849609375,18573.55078125,18897.05078125,19422
2019-09-17,19065.0,19065.0,18457.05078125,18693.44921875,27802
2019-09-18,18932.19921875,18932.19921875,18518.5,18687.19921875,15362
2019-09-19,18700.0,18700.0,17780.0,17927.099609375,21848
2019-09-20,17975.0,20490.0,17717.099609375,19250.099609375,115041
2019-09-23,19385.05078125,20326.0,19385.05078125,19918.30078125,51273
2019-09-24,20000.0,20201.0,19601.0,19931.0,38944
2019-09-25,20145.0,20145.0,19175.400390625,19457.400390625,21188
2019-09-26,19399.0,19653.19921875,19269.150390625,19365.0,25103
2019-09-27,19486.05078125,19486.05078125,19200.0,19325.19921875,12894
2019-09-30,19200.0,19243.0,18802.0,18888.150390625,18688
2019-10-01,18915.150390625,19130.44921875,18350.0,18593.75,20868
2019-10-03,18400.0,18643.94921875,18127.650390625,18259.599609375,16230
2019-10-04,18375.69921875,18391.5,18004.55078125,18128.30078125,25842
2019-10-07,18240.0,18240.0,17727.0,17826.30078125,11866
2019-10-09,17937.69921875,18539.349609375,17733.30078125,18482.75,29201
2019-10-10,18350.0,18549.650390625,18116.0,18268.75,10771
2019-10-11,18382.94921875,18570.0,18311.0,18374.55078125,13627
2019-10-14,18400.0,18822.099609375,18351.099609375,18695.599609375,8088
2019-10-15,18750.0,18860.94921875,18511.05078125,18584.75,37879
2019-10-16,18699.900390625,18775.0,18501.0,18595.849609375,21922
2019-10-17,18650.0,18699.94921875,17750.0,18190.349609375,40037
2019-10-18,18304.0,18795.900390625,18220.099609375,18679.75,22362
2019-10-22,19400.0,20312.44921875,19258.25,19515.599609375,115473
2019-10-23,19629.80078125,19987.849609375,19461.0,19764.94921875,25321
2019-10-24,19888.5,20449.0,19791.900390625,20305.0,28488
2019-10-25,20280.0,20458.900390625,20025.0,20130.75,13730
2019-10-27,20399.0,20399.0,20000.80078125,20193.400390625,2434
2019-10-29,20130.0,20401.75,20068.900390625,20341.05078125,15432
2019-10-30,20600.0,20600.0,20070.0,20246.94921875,20701
2019-10-31,20296.0,20394.0,19802.69921875,19903.05078125,37267
2019-11-01,19952.599609375,20300.0,19803.0,20003.650390625,17769
2019-11-04,19912.650390625,20340.0,19912.650390625,20106.44921875,31973
2019-11-05,20199.0,20199.0,19791.55078125,19829.30078125,17968
2019-11-06,19830.0,19913.099609375,19601.0,19801.0,18853
2019-11-07,19950.0,20157.650390625,19873.55078125,20040.75,24010
2019-11-08,20099.900390625,20166.0,19711.0,19985.94921875,22206
2019-11-11,19870.0,19967.0,19612.55078125,19784.0,9335
2019-11-13,19825.0,20268.75,19700.0,19744.400390625,15764
2019-11-14,19750.05078125,19977.19921875,19550.05078125,19670.5,18505
2019-11-15,19793.400390625,19800.0,19368.05078125,19531.75,31867
2019-11-18,19745.0,20094.0,19577.44921875,19869.30078125,22159
2019-11-19,19900.0,20077.94921875,19688.30078125,20006.80078125,27681
2019-11-20,20003.400390625,20680.0,20003.400390625,20289.94921875,46837
2019-11-21,20290.0,20574.94921875,20216.599609375,20294.69921875,23206
2019-11-22,20300.0,20540.0,20260.650390625,20297.69921875,17906
2019-11-25,20399.0,20660.849609375,20266.599609375,20579.75,20819
2019-11-26,20685.0,21230.94921875,20590.0,21039.849609375,89725
2019-11-27,21098.0,21393.650390625,20841.94921875,21337.94921875,24877
2019-11-28,21237.80078125,21438.0,21104.0,21185.400390625,15537
2019-11-29,21230.0,21299.19921875,20915.19921875,20996.55078125,18164
2019-12-02,21099.94921875,21099.94921875,20789.75,20918.0,16202
2019-12-03,20910.0,21089.0,20320.0,20521.05078125,17516
2019-12-04,20599.849609375,20599.849609375,20190.900390625,20436.80078125,18011
2019-12-05,20425.0,20515.55078125,20133.05078125,20392.55078125,17546
2019-12-06,20490.0,20578.5,20239.849609375,20304.69921875,15533
2019-12-09,20290.05078125,20507.69921875,20208.05078125,20321.150390625,11876
2019-12-10,20330.0,20333.25,19950.0,20106.599609375,28297
2019-12-11,20167.099609375,20284.94921875,19838.19921875,19969.599609375,18120
2019-12-12,19987.0,20200.0,19902.19921875,20086.0,12362
2019-12-13,20211.5,20469.650390625,20101.0,20383.900390625,22287
2019-12-16,20383.900390625,20425.0,20242.150390625,20302.150390625,13208
2019-12-17,20390.0,20720.0,20220.75,20595.849609375,21035
2019-12-18,20510.0,20640.0,20133.25,20338.80078125,21054
2019-12-19,20348.0,20410.0,20152.0,20316.69921875,6684
2019-12-20,20356.75,20693.05078125,20215.150390625,20553.30078125,33192
2019-12-23,20539.94921875,20607.69921875,20257.599609375,20298.650390625,18322
2019-12-24,20379.0,20379.0,20114.05078125,20269.30078125,5527
2019-12-26,20298.94921875,20429.25,20189.44921875,20334.44921875,14566
2019-12-27,20389.900390625,20640.0,20280.0,20506.099609375,7982
2019-12-30,20590.0,20649.0,20272.25,20497.349609375,10649
2019-12-31,20489.0,20519.44921875,20330.349609375,20363.94921875,7138
2020-01-01,20375.0,20489.0,20287.05078125,20319.900390625,4879
2020-01-02,20320.0,21279.900390625,20320.0,21232.150390625,31788
2020-01-03,21200.0,21398.94921875,20950.0,21122.25,19053
2020-01-06,21124.80078125,21219.94921875,20591.400390625,21064.400390625,25717
2020-01-07,21097.150390625,22050.0,20951.0,21963.150390625,83884
2020-01-08,21849.0,22691.650390625,21710.30078125,22441.30078125,68506
2020-01-09,22521.80078125,22959.849609375,22327.25,22814.55078125,40252
2020-01-10,22866.5,23409.5,22723.650390625,23345.400390625,41458
2020-01-13,23270.0,24263.05078125,23227.05078125,23829.19921875,55253
2020-01-14,23670.0,23820.19921875,23424.75,23560.0,22816
2020-01-15,23670.0,23800.0,23351.5,23728.55078125,24055
2020-01-16,23750.0,24100.0,23065.650390625,23290.849609375,59132
2020-01-17,23335.0,23646.400390625,23205.0,23325.900390625,32537
2020-01-20,23333.19921875,23508.80078125,23039.94921875,23133.099609375,26423
2020-01-21,23160.099609375,23398.69921875,22831.55078125,22953.5,29652
2020-01-22,22960.0,23299.94921875,22887.0,23016.69921875,28102
2020-01-23,23016.69921875,23200.0,22911.099609375,23079.05078125,15181
2020-01-24,23011.099609375,23302.0,22870.0,23134.650390625,31218
2020-01-27,23099.900390625,23766.0,22960.150390625,23598.44921875,35307
2020-01-28,23560.0,23990.0,23363.05078125,23442.0,13422
2020-01-29,23539.099609375,23780.0,23206.099609375,23506.19921875,13788
2020-01-30,23427.30078125,23649.0,23279.19921875,23485.30078125,18380
2020-01-31,23627.30078125,23683.0,22827.650390625,23006.900390625,26041
2020-02-03,22416.099609375,23354.0,22410.05078125,23267.5,19173
2020-02-04,23400.0,24659.30078125,23303.19921875,24485.400390625,46295
2020-02-05,24412.05078125,25290.0,24412.05078125,24893.44921875,65213
2020-02-06,25048.0,25274.94921875,24750.25,25012.69921875,35930
2020-02-07,25020.05078125,25355.0,24700.0,24918.150390625,15201
2020-02-10,25000.0,25149.25,24820.5,24961.650390625,33336
2020-02-11,25050.0,25240.44921875,24694.30078125,24813.44921875,9352
2020-02-12,24981.0,25146.0,24441.0,24689.94921875,15946
2020-02-13,24700.0,24893.19921875,24456.30078125,24616.099609375,15155
2020-02-14,24750.0,24913.05078125,24178.650390625,24433.599609375,44419
2020-02-17,24320.0,24445.5,23955.0,24028.05078125,14630
2020-02-18,24000.0,24000.0,23300.75,23777.25,39818
2020-02-19,24850.0,25199.900390625,24316.80078125,24533.25,156489
2020-02-20,24400.0,24791.650390625,24270.650390625,24407.400390625,32057
2020-02-24,24100.0,24576.099609375,23684.05078125,23831.599609375,29338
2020-02-25,23831.599609375,23999.0,23478.05078125,23572.05078125,38362
2020-02-26,23488.849609375,23597.30078125,23153.099609375,23465.150390625,34970
2020-02-27,23549.0,23927.30078125,23136.80078125,23812.55078125,80008
2020-02-28,23400.0,23729.0,22463.94921875,22670.94921875,91009
2020-03-02,22810.0,23427.94921875,22800.349609375,23042.0,58063
2020-03-03,23299.94921875,23844.94921875,23050.0,23593.150390625,28737
2020-03-04,23799.0,23896.5,22801.0,23256.0,44423
2020-03-05,23283.0,23581.30078125,23001.0,23066.19921875,43550
2020-03-06,22799.900390625,23300.0,22502.0,23110.44921875,34236
2020-03-09,23000.5,23000.94921875,21712.0,21860.150390625,62959
2020-03-11,21780.0,22303.94921875,21578.19921875,21894.900390625,50666
2020-03-12,21006.150390625,21540.0,20128.150390625,20273.5,81474
2020-03-13,19100.5,21613.0,18250.5,21308.19921875,65294
2020-03-16,20405.0,21388.0,18550.0,20158.05078125,124718
2020-03-17,19905.05078125,20796.0,19350.0,20005.5,61210
2020-03-18,20299.0,20600.0,18100.0,19293.94921875,447921
2020-03-19,17990.0,19458.0,16399.900390625,17731.44921875,130151
2020-03-20,17385.0,19186.30078125,17026.75,18903.650390625,109690
2020-03-23,17113.0,17579.94921875,16068.150390625,16959.400390625,64085
2020-03-24,17400.0,18180.05078125,16380.4501953125,16980.0,73476
2020-03-25,16800.0,17947.349609375,16551.44921875,17438.25,43063
2020-03-26,17450.0,18050.0,17107.599609375,17554.05078125,68024
2020-03-27,17800.0,18569.599609375,16836.05078125,17666.25,56733
2020-03-30,17000.0,17600.0,16100.650390625,16935.44921875,61908
2020-03-31,17274.150390625,17716.900390625,16917.0,17546.349609375,51027
2020-04-01,17500.0,17546.30078125,16500.0,16549.650390625,48939
2020-04-03,16661.19921875,16698.44921875,15410.0,15783.7998046875,77720
2020-04-07,16090.0,16850.0,15882.150390625,16634.55078125,92287
2020-04-08,16351.150390625,17031.0,15918.7998046875,16063.9501953125,122750
2020-04-09,16208.0,17010.0,16135.0,16935.30078125,92983
2020-04-13,16900.0,17801.30078125,16222.2998046875,17301.099609375,86675
2020-04-15,17389.05078125,18547.19921875,17368.0,18138.55078125,125808
2020-04-16,18050.19921875,19348.94921875,17551.25,18928.900390625,112627
2020-04-17,19400.0,19731.69921875,18785.400390625,18946.75,74780
2020-04-20,19025.0,19338.94921875,18931.349609375,18996.900390625,48069
2020-04-21,18900.0,19000.0,18237.19921875,18828.44921875,43173
2020-04-22,18838.44921875,19620.0,18611.94921875,19217.150390625,70880
2020-04-23,19050.0,19175.0,18601.05078125,18707.75,41912
2020-04-24,18739.0,18927.30078125,18382.55078125,18587.44921875,34410
2020-04-27,18655.0,19200.0,18655.0,19021.849609375,37871
2020-04-28,19080.0,19394.94921875,18800.05078125,18865.900390625,29420
2020-04-29,18999.0,19250.0,18950.349609375,19171.44921875,25467
2020-04-30,19300.0,19890.0,19118.44921875,19767.900390625,53649
2020-05-04,19174.0,19304.650390625,18540.0,18625.0,35572
2020-05-05,18675.5,18899.849609375,18250.0,18512.0,43081
2020-05-06,18624.94921875,18930.0,18523.55078125,18741.900390625,31793
2020-05-07,18741.900390625,18884.19921875,18041.94921875,18432.400390625,44718
2020-05-08,18680.0,18879.44921875,18450.099609375,18732.75,37689
2020-05-11,19099.0,19299.0,18812.75,18914.900390625,86212
2020-05-12,18845.25,19232.0,18416.5,19127.19921875,45807
2020-05-13,19534.94921875,20309.94921875,19442.44921875,19763.25,97463
2020-05-14,19700.0,19928.849609375,19165.099609375,19310.80078125,76779
2020-05-15,19509.900390625,19563.55078125,18811.5,19180.5,52718
2020-05-18,19200.0,19239.44921875,18000.0,18152.69921875,66740
2020-05-19,18300.0,18820.0,18075.0,18340.75,68436
2020-05-20,18351.05078125,20150.44921875,18351.05078125,19411.650390625,95883
2020-05-21,19156.0,19349.599609375,18750.0,19251.150390625,83398
2020-05-22,19019.0,20079.94921875,18803.19921875,19910.25,97537
2020-05-26,19810.099609375,20759.94921875,19700.0,20667.30078125,115382
2020-05-27,20702.75,20900.0,20300.0,20477.55078125,81015
2020-05-28,20649.0,21163.349609375,20260.80078125,20808.900390625,77639
2020-05-29,20850.0,21049.0,20608.900390625,20857.30078125,76672
2020-06-01,20857.30078125,21464.69921875,20855.5,21069.349609375,74696
2020-06-02,21180.0,21340.0,20952.650390625,21201.0,42170
2020-06-03,21544.0,21740.0,21251.0,21630.099609375,49111
2020-06-04,21611.0,21869.5,21067.400390625,21396.650390625,43072
2020-06-05,21500.0,22430.0,21500.0,22089.599609375,55227
2020-06-08,22117.75,22296.5,21000.0,21180.900390625,73282
2020-06-09,21535.94921875,21585.0,20908.80078125,21009.80078125,64086
2020-06-10,21171.05078125,21611.05078125,21149.849609375,21513.30078125,49867
2020-06-11,21648.0,21648.0,21204.5,21251.19921875,49993
2020-06-12,20700.0,23137.25,20700.0,22392.650390625,147217
2020-06-15,22260.0,22361.05078125,21750.0,22117.25,99776
2020-06-16,22291.69921875,22539.94921875,21800.0,22111.30078125,70316
2020-06-17,21978.0,22079.5,21514.30078125,21635.400390625,70852
2020-06-18,21718.0,21998.94921875,21410.0,21866.099609375,83639
2020-06-19,21840.0,21930.0,21566.44921875,21678.94921875,64309
2020-06-22,21710.0,22199.94921875,21530.05078125,22017.599609375,97692
2020-06-23,22100.0,22943.099609375,22050.0,22756.25,56193
2020-06-24,22750.0,23068.0,22330.0,22566.25,67022
2020-06-25,22495.0,22619.099609375,21889.0,22068.80078125,47016
2020-06-26,22111.0,22700.0,21863.400390625,22523.849609375,56262
2020-06-29,22450.0,22483.849609375,21927.599609375,22341.94921875,49397
2020-06-30,22353.849609375,23330.0,22341.94921875,23051.05078125,102429
2020-07-01,22814.349609375,23215.0,22516.80078125,22663.5,71638
2020-07-02,22850.0,22950.0,22511.0,22762.849609375,42084
2020-07-03,22985.0,22987.55078125,22737.55078125,22872.650390625,31513
2020-07-06,22879.0,23215.0,22850.75,23111.150390625,84877
2020-07-07,23072.5,23087.650390625,22656.0,22824.099609375,41646
2020-07-08,22900.0,23050.0,22345.94921875,22439.80078125,57101
2020-07-09,22622.0,22915.0,22380.19921875,22803.599609375,48256
2020-07-10,22799.0,22799.0,22182.19921875,22295.400390625,44546
2020-07-13,22460.0,22627.849609375,22250.0,22311.19921875,52261
2020-07-14,22388.0,22394.80078125,21710.44921875,22085.75,61251
2020-07-15,22101.0,22274.0,21750.0,21843.25,48201
2020-07-16,22031.900390625,22031.900390625,21250.0,21731.099609375,42359
2020-07-17,21731.099609375,22400.0,21606.0,22269.94921875,38076
2020-07-20,22325.05078125,22399.900390625,22007.30078125,22266.099609375,38325
2020-07-21,22495.0,22810.0,22260.150390625,22440.75,73590
2020-07-22,22500.0,22534.900390625,21919.30078125,21979.44921875,44685
2020-07-23,22023.0,22129.44921875,21501.0,21568.150390625,69557
2020-07-24,21547.099609375,21600.0,21160.0,21332.75,58308
2020-07-27,21449.94921875,21590.0,21015.94921875,21113.849609375,61731
2020-07-28,21147.0,22020.0,21110.0,21915.75,96902
2020-07-29,21696.599609375,22200.0,21624.0,21743.650390625,65343
2020-07-30,21845.0,22025.0,21300.0,21395.099609375,51697
2020-07-31,21395.5,21890.0,21350.0,21711.150390625,50697
2020-08-03,21670.05078125,21864.05078125,21490.0,21747.25,29527
2020-08-04,21700.0,21940.94921875,21325.900390625,21593.75,52275
2020-08-05,21793.349609375,22150.0,21451.099609375,22103.900390625,84442
2020-08-06,22120.0,22165.0,21530.0,21722.849609375,56603
2020-08-07,21900.0,22074.150390625,21621.30078125,21910.099609375,41429
2020-08-10,22200.0,22550.0,21939.55078125,22396.400390625,125347
2020-08-11,21920.0,21989.94921875,21322.0,21551.599609375,188583
2020-08-12,21566.0,21634.69921875,21270.0,21378.900390625,72527
2020-08-13,21569.0,21644.44921875,21103.30078125,21237.0,66877
2020-08-14,21395.0,21700.0,21201.55078125,21458.25,78902
2020-08-17,21600.0,21649.900390625,21401.0,21512.75,34712
2020-08-18,21512.75,21950.0,21512.75,21914.30078125,76377
2020-08-19,22148.0,22173.30078125,21850.05078125,22081.30078125,47993
2020-08-20,21974.0,22236.44921875,21788.19921875,22080.19921875,37684
2020-08-21,22160.0,22467.80078125,22100.30078125,22317.75,34259
2020-08-24,22317.75,22543.0,22156.0,22210.75,37878
2020-08-25,22260.19921875,22461.75,21650.0,21810.75,64964
2020-08-26,21950.0,21999.0,21600.05078125,21710.650390625,38074
2020-08-27,21710.650390625,21753.30078125,21460.0,21528.0,40826
2020-08-28,21645.0,21800.0,21251.5,21329.55078125,52818
2020-08-31,21478.900390625,21550.0,20010.0,20283.0,114635
2020-09-01,20449.0,20599.94921875,19975.0,20466.599609375,74777
2020-09-02,20599.0,20748.400390625,20450.0,20563.599609375,49617
2020-09-03,20540.0,20849.0,20250.69921875,20429.0,50370
2020-09-04,20300.0,20500.0,19950.0,20025.30078125,64481
2020-09-07,20100.0,20119.150390625,19636.05078125,19782.94921875,59728
2020-09-08,19782.94921875,20199.0,19272.099609375,19355.849609375,65858
2020-09-09,19300.0,19566.0,19068.05078125,19401.5,83567
2020-09-10,19500.0,19750.0,19319.0,19643.349609375,44713
2020-09-11,19735.5,19735.5,19365.099609375,19502.5,61263
2020-09-14,19512.30078125,19985.0,19500.0,19789.5,60868
2020-09-15,19779.0,20147.900390625,19600.0,20065.25,71895
2020-09-16,20065.25,20492.55078125,19946.150390625,20387.849609375,51068
2020-09-17,20375.0,20375.0,19795.94921875,19888.400390625,65445
2020-09-18,19915.0,20108.55078125,19399.5,19520.94921875,82189
2020-09-21,19520.94921875,19600.0,18707.650390625,18903.69921875,35929
2020-09-22,19075.0,19187.19921875,18424.0,18982.44921875,71503
2020-09-23,18985.5,19115.30078125,18536.80078125,18951.849609375,45567
2020-09-24,18800.0,18846.900390625,18183.55078125,18341.94921875,64615
2020-09-25,18391.5,19150.0,18364.55078125,19008.44921875,55983
2020-09-28,19200.0,19655.0,19080.0,19533.150390625,40663
2020-09-29,19599.0,19970.0,19351.400390625,19834.650390625,90411
2020-09-30,19860.0,20535.0,19661.849609375,20256.94921875,121119
2020-10-01,20400.0,20659.94921875,20325.0,20611.0,71915
2020-10-05,20600.0,20719.05078125,20000.0,20131.80078125,63076
2020-10-06,20155.0,20446.44921875,20001.0,20296.94921875,58671
2020-10-07,20325.0,20800.0,20097.94921875,20712.5,78989
2020-10-08,20721.19921875,20850.0,20490.0,20735.55078125,63457
2020-10-09,20800.0,21250.0,20686.5,21198.5,90353
2020-10-12,21165.0,21397.94921875,20845.05078125,20956.099609375,56254
2020-10-13,20951.0,21700.0,20850.0,21088.0,115699
2020-10-14,21088.0,21320.0,20651.400390625,21135.900390625,69326
2020-10-15,21260.0,21260.0,20505.19921875,20642.25,55002
2020-10-16,20780.0,21324.55078125,20650.0,21177.44921875,85124
2020-10-19,21200.0,21400.0,21022.099609375,21102.25,48532
2020-10-20,21197.0,21550.0,21100.099609375,21184.80078125,70614
2020-10-21,21250.0,21426.94921875,20680.150390625,21147.5,57076
2020-10-22,21200.0,21290.0,20901.69921875,20991.69921875,51638
2020-10-23,21165.0,21272.30078125,20257.05078125,20521.150390625,78234
2020-10-26,20665.69921875,20809.75,20113.099609375,20424.69921875,65851
2020-10-27,20548.5,22100.0,20424.75,21734.349609375,239232
2020-10-28,21560.19921875,21788.0,21231.19921875,21361.19921875,80646
2020-10-29,21299.0,21799.94921875,21105.05078125,21677.0,71428
2020-10-30,21738.0,22050.0,21519.94921875,21694.55078125,86132
2020-11-02,21694.55078125,21898.55078125,21512.099609375,21671.349609375,46682
2020-11-03,21821.5,21999.94921875,21671.349609375,21876.099609375,49230
2020-11-04,21876.099609375,22077.05078125,21725.25,21910.349609375,61879
2020-11-05,22050.0,22328.150390625,21810.0,22239.400390625,82737
2020-11-06,22155.0,22378.900390625,21960.0,22053.05078125,58031
2020-11-09,22280.0,22737.44921875,22059.80078125,22604.69921875,67025
2020-11-10,22630.0,23230.0,22630.0,22762.80078125,112826
2020-11-11,22813.0,23130.0,22430.0,22867.55078125,82845
2020-11-12,23120.0,23624.0,22880.0,23441.599609375,178595
2020-11-13,23529.5,23645.19921875,23205.30078125,23435.5,73676
2020-11-14,23500.0,23600.0,23280.44921875,23363.25,7626
2020-11-17,23525.80078125,24095.0,23400.0,23989.75,87042
2020-11-18,23989.75,24134.69921875,23756.0,24069.25,57487
2020-11-19,24000.0,24287.0,23503.599609375,23661.650390625,67099
2020-11-20,23827.30078125,24010.94921875,23630.30078125,23948.69921875,50600
2020-11-23,24000.0,24598.94921875,23987.0,24465.30078125,65833
2020-11-24,24550.0,24688.900390625,24067.150390625,24243.55078125,66479
2020-11-25,24580.0,24695.94921875,23547.05078125,23698.80078125,83059
2020-11-26,23949.0,24600.0,23700.0,24381.150390625,74560
2020-11-27,24473.69921875,24529.05078125,23351.0,24306.349609375,190961
2020-12-01,25555.0,25655.5,24549.400390625,24908.400390625,95268
2020-12-02,24800.0,25043.69921875,24200.0,24635.69921875,77649
2020-12-03,24785.0,25040.599609375,24702.349609375,24905.150390625,57012
2020-12-04,24951.0,25335.0,24820.30078125,24912.849609375,63298
2020-12-07,25000.0,25089.0,24724.0,24954.150390625,39743
2020-12-08,24950.0,25289.94921875,24735.5,24775.75,59029
2020-12-09,24890.0,24949.19921875,24351.0,24420.69921875,67836
2020-12-10,24420.69921875,24499.94921875,23687.400390625,23758.099609375,83757
2020-12-11,23780.0,23958.0,23585.05078125,23805.0,54705
2020-12-14,23810.0,23986.69921875,23652.0,23722.19921875,35173
2020-12-15,23750.0,24325.0,23722.19921875,24259.650390625,75628
2020-12-16,24389.0,24488.900390625,24145.69921875,24259.099609375,53857
2020-12-17,24383.69921875,24899.0,24315.0,24510.400390625,75262
2020-12-18,24500.0,24732.05078125,24301.80078125,24574.400390625,106488
2020-12-21,24550.0,24550.0,23249.150390625,23717.5,55774
2020-12-22,23717.5,24070.25,23389.05078125,23916.69921875,47637
2020-12-23,23916.69921875,24240.0,23830.900390625,23894.400390625,30687
2020-12-24,24190.0,24259.94921875,23554.099609375,23826.75,47939
2020-12-28,24000.0,24109.94921875,23571.05078125,23715.55078125,58822
2020-12-29,23875.0,23906.75,23680.0,23839.650390625,30966
2020-12-30,23872.30078125,24701.599609375,23750.0,24599.94921875,57743
2020-12-31,24361.0,24533.75,23866.0,24013.19921875,85988
2021-01-01,24050.0,24276.5,23865.0,23950.30078125,50972
2021-01-04,24140.0,24225.0,23862.0,24034.19921875,39942
2021-01-05,24199.0,24199.0,23701.05078125,23895.5,47363
2021-01-06,24084.0,24947.400390625,23850.0,24824.349609375,73142
2021-01-07,24715.0,25200.0,24659.849609375,25002.150390625,73979
2021-01-08,24960.0,25979.5,24960.0,25813.400390625,76285
2021-01-11,25800.0,25950.0,25400.0,25569.30078125,58276
2021-01-12,25549.0,25890.0,25221.0,25369.099609375,47467
2021-01-13,25585.0,25600.0,24567.5,24726.400390625,71497
2021-01-14,24802.0,24913.849609375,24475.0,24855.599609375,34671
2021-01-15,24720.0,24844.69921875,24212.849609375,24413.80078125,35232
2021-01-18,24400.0,24400.0,23610.0,23846.900390625,41808
2021-01-19,23801.0,24474.849609375,23789.0,24374.5,38386
2021-01-20,24470.0,24470.0,23835.650390625,23979.94921875,48477
2021-01-21,24075.0,24299.80078125,23602.0,23719.0,51819
2021-01-22,23799.0,24142.0,23612.44921875,23694.30078125,52209
2021-01-25,24050.0,24050.0,23160.80078125,23255.650390625,55464
2021-01-27,23270.0,23399.55078125,22745.19921875,22820.19921875,62620
2021-01-28,22745.0,23189.849609375,22670.650390625,23106.30078125,41756
2021-01-29,23250.0,23294.55078125,22531.0,22773.349609375,58005
2021-02-01,23100.0,24690.44921875,22711.94921875,24543.599609375,112280
2021-02-02,24543.599609375,26650.0,24200.55078125,26432.55078125,188876
2021-02-03,26400.0,26579.0,25731.05078125,25994.400390625,110699
2021-02-04,25990.0,27329.25,25607.599609375,27091.0,135104
2021-02-05,27112.5,27286.94921875,26614.05078125,26722.849609375,63260
2021-02-08,26907.150390625,28287.5,26750.05078125,28022.19921875,183938
2021-02-09,27360.099609375,28599.099609375,27360.099609375,28165.80078125,137375
2021-02-10,28245.0,28596.0,27853.05078125,28293.75,86564
2021-02-11,28268.0,28500.0,28010.25,28344.19921875,54109
2021-02-12,28200.0,28475.0,27800.0,27965.849609375,57620
2021-02-15,28184.94921875,28840.0,28101.349609375,28653.25,61303
2021-02-16,28653.25,29090.0,28426.099609375,28597.400390625,70319
2021-02-17,28569.400390625,28840.44921875,28150.05078125,28268.5,41156
2021-02-18,28580.0,28580.0,27358.599609375,27623.349609375,63910
2021-02-19,27649.94921875,27857.44921875,26753.349609375,27542.44921875,50262
2021-02-22,27615.0,27750.0,26927.80078125,27090.849609375,28369
2021-02-23,27165.0,27532.05078125,26770.0,27260.349609375,46471
2021-02-24,27313.25,27849.94921875,26500.0,27553.0,17368
2021-02-25,27553.0,27879.900390625,27238.30078125,27450.900390625,52154
2021-02-26,27450.900390625,27720.5,26169.900390625,26501.69921875,76766
2021-03-01,26600.5,27832.5,26600.5,27706.94921875,58805
2021-03-02,27710.0,27800.0,27280.05078125,27658.75,39347
2021-03-03,27755.5,28159.55078125,27550.75,27695.25,40649
2021-03-04,27450.0,28850.0,27335.05078125,28676.599609375,83170
2021-03-05,28300.5,28894.849609375,27740.94921875,27848.599609375,65557
2021-03-08,27900.0,28486.94921875,27093.19921875,27185.05078125,57156
2021-03-09,27445.0,27980.0,27151.849609375,27313.150390625,59204
2021-03-10,27538.900390625,27693.849609375,27300.0,27555.80078125,29812
2021-03-12,27878.0,27980.0,27541.0,27701.5,43864
2021-03-15,27811.5,27850.0,27005.099609375,27644.55078125,32587
2021-03-16,27895.0,27948.25,27351.099609375,27430.80078125,38175
2021-03-17,27431.099609375,27550.0,26710.900390625,26842.19921875,38409
2021-03-18,27125.0,27269.94921875,26450.0,26595.5,38464
2021-03-19,26455.0,27118.25,26100.0,26936.69921875,74153
2021-03-22,26900.0,27214.150390625,26618.0,26954.5,45373
2021-03-23,26951.0,28500.0,26951.0,28312.19921875,123156
2021-03-24,28172.0,28390.650390625,27719.900390625,27803.30078125,63069
2021-03-25,27900.0,28139.94921875,27264.94921875,27580.349609375,64357
2021-03-26,27810.69921875,28319.94921875,27673.05078125,28116.19921875,74139
2021-03-30,28500.0,29500.0,28301.80078125,29094.44921875,94570
2021-03-31,29094.44921875,29660.0,28756.0,29465.400390625,82764
2021-04-01,29570.0,30279.5,29445.400390625,29951.94921875,52771
2021-04-05,29900.0,30628.400390625,29650.0,30358.25,124392
2021-04-06,30375.0,30500.0,30010.349609375,30114.099609375,52886
2021-04-07,30140.0,30580.69921875,29953.0,30230.650390625,40554
2021-04-08,30260.0,32048.0,30260.0,31582.650390625,148094
2021-04-09,31682.400390625,31990.0,31120.0,31748.75,146698
2021-04-12,31200.0,31497.400390625,29757.849609375,29881.05078125,114698
2021-04-13,30200.0,30699.900390625,30110.0,30356.05078125,91665
2021-04-15,30599.0,30896.05078125,29514.0,30305.400390625,72414
2021-04-16,30440.0,30988.80078125,30056.150390625,30821.099609375,58345
2021-04-19,30001.05078125,30490.30078125,29557.30078125,30057.75,52945
2021-04-20,30420.0,30655.80078125,29051.0,29320.69921875,72618
2021-04-22,29200.0,29200.0,28083.349609375,28521.94921875,83043
2021-04-23,28499.0,28673.349609375,27926.0,28106.30078125,70968
2021-04-26,28249.0,28444.150390625,27951.05078125,28062.599609375,40346
2021-04-27,28185.69921875,28325.0,27965.0,28098.55078125,31369
2021-04-28,28180.0,28781.0,28105.099609375,28687.55078125,33961
2021-04-29,28701.05078125,29050.0,28249.400390625,28444.349609375,47589
2021-04-30,28340.0,28432.349609375,27808.150390625,27910.5,32147
2021-05-03,27500.0,28080.55078125,27327.599609375,27989.849609375,38741
2021-05-04,28111.349609375,28111.5,27531.0,27753.30078125,41857
2021-05-05,27850.0,28044.400390625,27713.30078125,27844.19921875,24250
2021-05-06,27845.0,27946.25,27500.0,27736.19921875,33337
2021-05-07,27847.0,27948.25,27700.0,27840.0,21548
2021-05-10,27979.0,28035.150390625,27238.400390625,27309.94921875,49736
2021-05-11,27200.0,27580.80078125,26744.19921875,27513.099609375,60904
2021-05-12,27415.25,27450.0,26752.0,26833.25,59338
2021-05-14,26915.0,27007.75,26510.0,26713.599609375,37370
2021-05-17,26749.0,27399.94921875,26600.44921875,27328.25,37999
2021-05-18,27500.0,27675.0,27250.0,27474.69921875,51998
2021-05-19,27321.099609375,28244.44921875,27321.099609375,27532.69921875,61909
2021-05-20,27700.0,27800.0,27370.05078125,27510.349609375,33408
2021-05-21,27884.099609375,27975.0,27538.44921875,27622.650390625,48242
2021-05-24,27611.0,27611.0,26751.0,26909.349609375,104757
2021-05-25,26999.0,27334.80078125,26900.0,27041.44921875,51650
2021-05-26,27100.0,27199.0,26863.55078125,27077.400390625,34953
2021-05-27,27180.0,28240.0,26920.099609375,28066.05078125,93214
2021-05-28,28109.0,28240.0,27540.599609375,27655.099609375,50372
2021-05-31,27920.0,28515.0,27250.0,27578.0,134138
2021-06-01,27700.0,28085.69921875,27414.900390625,27623.150390625,41313
2021-06-02,27595.55078125,28008.0,27553.30078125,27893.900390625,38943
2021-06-03,27975.0,28400.0,27932.30078125,28348.150390625,46984
2021-06-04,28300.099609375,28428.75,28090.0,28153.650390625,26867
2021-06-07,28209.94921875,29344.849609375,28209.94921875,29155.80078125,89841
2021-06-08,29025.0,29199.0,28647.0,28955.349609375,49167
2021-06-09,28820.0,28889.05078125,28300.19921875,28407.349609375,46246
2021-06-10,28562.0,29124.0,28120.400390625,28225.80078125,54902
2021-06-11,28475.80078125,28564.55078125,27980.0,28056.0,38680
2021-06-14,28000.0,28385.0,27752.19921875,28334.05078125,43225
2021-06-15,28300.0,28650.0,28214.30078125,28485.900390625,25267
2021-06-16,28323.0,28590.0,28132.5,28224.75,15215
2021-06-17,28015.05078125,28800.0,28015.05078125,28368.099609375,39467
2021-06-18,28368.099609375,28570.0,27878.80078125,28045.80078125,51080
2021-06-21,27878.05078125,28500.0,27718.19921875,28225.349609375,18926
2021-06-22,28251.0,29506.849609375,28251.0,29239.05078125,73694
2021-06-23,29256.0,29315.400390625,28749.80078125,28867.19921875,24623
2021-06-24,28870.0,29094.94921875,28600.0,28672.30078125,23493
2021-06-25,28700.0,28899.69921875,28605.0,28729.099609375,19694
2021-06-28,28740.0,28943.349609375,28350.150390625,28390.19921875,21571
2021-06-29,28399.94921875,28467.69921875,28100.30078125,28134.44921875,25900
2021-06-30,27830.0,28450.0,27451.0,27504.599609375,55961
2021-07-01,27600.0,27600.19921875,26946.0,27059.94921875,67327
2021-07-02,27280.0,27280.0,26840.05078125,27014.900390625,49970
2021-07-05,27190.0,27250.0,26950.0,26987.599609375,25475
2021-07-06,27179.19921875,27925.0,27000.0,27769.099609375,93088
2021-07-07,27705.0,28114.099609375,27169.44921875,27547.0,78838
2021-07-08,27690.0,28090.0,27441.69921875,27581.80078125,54037
2021-07-09,27511.05078125,27632.75,27230.0,27502.75,45571
2021-07-12,27698.5,28419.0,27584.05078125,28034.94921875,66083
2021-07-13,28150.0,28413.30078125,27800.0,28070.400390625,32129
2021-07-14,28000.0,28490.0,27860.25,28414.69921875,38221
2021-07-15,28414.69921875,28580.0,28251.30078125,28427.44921875,25188
2021-07-16,28427.44921875,28500.0,28000.0,28096.150390625,37668
2021-07-19,28050.0,28108.099609375,27817.099609375,27996.849609375,24450
2021-07-20,28099.900390625,28555.0,28000.0,28082.900390625,71764
2021-07-22,28150.0,28226.25,27915.0,28080.0,22745
2021-07-23,28085.099609375,28227.650390625,27855.19921875,27986.400390625,28958
2021-07-26,27900.0,28228.349609375,27812.05078125,27968.30078125,37460
2021-07-27,28000.0,28473.0,27751.30078125,27865.150390625,46133
2021-07-28,27990.0,27996.900390625,27162.80078125,27491.44921875,23638
2021-07-29,27680.0,27877.44921875,27500.0,27638.94921875,26531
2021-07-30,27661.0,28333.75,27583.150390625,28265.75,45521
2021-08-02,28280.19921875,29375.0,28280.19921875,29294.25,86807
2021-08-03,29301.0,29410.0,28909.099609375,29203.5,46640
2021-08-04,29252.099609375,30100.0,29017.05078125,29133.150390625,80489
2021-08-05,29280.0,29429.80078125,28869.94921875,28966.650390625,28919
2021-08-06,29095.0,29095.0,28332.0,28386.599609375,30787
2021-08-09,28599.0,28999.0,28052.349609375,28272.94921875,30592
2021-08-10,28195.0,28195.0,27003.349609375,27117.650390625,123170
2021-08-11,27215.0,27418.0,26385.05078125,26547.5,91088
2021-08-12,26700.0,27062.150390625,26500.05078125,26593.0,75502
2021-08-13,26819.0,27050.0,26525.650390625,26600.400390625,49672
2021-08-16,26735.0,26735.0,25940.19921875,25978.55078125,74959
2021-08-17,26000.0,26250.0,25725.05078125,26200.25,37050
2021-08-18,26239.0,26560.0,26115.0,26327.30078125,52442
2021-08-20,26200.0,26365.0,25865.650390625,26291.150390625,35529
2021-08-23,26400.0,26450.0,25805.25,25985.94921875,58352
2021-08-24,25986.0,26359.849609375,25749.650390625,26232.94921875,31064
2021-08-25,26232.94921875,26459.75,26192.0,26288.25,23925
2021-08-26,26251.0,26630.0,26116.0,26556.05078125,49409
2021-08-27,26605.0,27031.599609375,26450.75,26897.75,43602
2021-08-30,26900.099609375,27420.0,26830.80078125,27157.849609375,41390
2021-08-31,27150.0,28469.0,27048.75,28287.900390625,102061
2021-09-01,28296.0,28600.0,27948.099609375,28478.25,75809
2021-09-02,28550.0,30514.849609375,28480.0,30323.25,157100
2021-09-03,30290.099609375,30590.80078125,29962.099609375,30440.80078125,81600
2021-09-06,30499.0,31256.94921875,30400.05078125,30535.55078125,96454
2021-09-07,30501.0,30872.94921875,30260.150390625,30653.599609375,59828
2021-09-08,30734.5,30930.30078125,30300.0,30794.80078125,45814
2021-09-09,30790.0,30830.0,30401.0,30671.349609375,38503
2021-09-13,30672.0,30832.650390625,30327.44921875,30663.349609375,28668
2021-09-14,30665.099609375,30785.0,30403.0,30658.5,33014
2021-09-15,30770.0,31469.94921875,30650.0,31040.44921875,83901
2021-09-16,31043.5,31246.25,30305.349609375,30660.650390625,92615
2021-09-17,30860.0,31039.400390625,30128.0,30559.44921875,78489
2021-09-20,30450.0,30700.0,29838.25,30101.900390625,52781
2021-09-21,30250.0,30354.650390625,29486.25,30059.900390625,66855
2021-09-22,30100.0,30247.30078125,29575.05078125,29792.5,44040
2021-09-23,29851.19921875,30090.5,29554.650390625,29919.25,35742
2021-09-24,29999.0,30036.349609375,29120.05078125,29411.80078125,45317
2021-09-27,29632.150390625,29820.0,29288.349609375,29476.0,28033
2021-09-28,29499.0,29800.0,29090.599609375,29242.94921875,31253
2021-09-29,29220.0,29525.099609375,29168.0,29382.400390625,20612
2021-09-30,29382.400390625,29399.94921875,28750.0,28901.55078125,29347
2021-10-01,28800.30078125,29198.0,28581.849609375,29099.55078125,33997
2021-10-04,29219.55078125,29340.0,29040.5,29289.30078125,22608
2021-10-05,29289.30078125,29425.25,28701.0,28766.44921875,42151
2021-10-06,28819.0,28931.25,28006.19921875,28109.75,35139
2021-10-07,28205.0,28344.80078125,27869.400390625,28059.349609375,43358
2021-10-08,28219.19921875,28219.19921875,27721.94921875,27757.150390625,29947
2021-10-11,27755.0,28096.25,27627.0,28022.44921875,25350
2021-10-12,28020.0,28089.599609375,27661.0,27705.80078125,30650
2021-10-13,27880.5,28240.0,27684.400390625,27815.69921875,53052
2021-10-14,27997.80078125,28300.0,27911.150390625,27956.44921875,46335
2021-10-18,28177.69921875,28300.0,27950.0,28191.30078125,35497
2021-10-19,28200.05078125,28393.349609375,27556.19921875,27696.80078125,20380
2021-10-20,27699.0,28027.25,27296.349609375,27457.400390625,36072
2021-10-21,27722.0,27786.75,27199.650390625,27618.69921875,26460
2021-10-22,27847.30078125,28014.25,27226.0,27738.19921875,27130
2021-10-25,27625.0,27738.150390625,26811.19921875,27275.0,20656
2021-10-26,27320.0,27995.0,27319.0,27777.900390625,28367
2021-10-27,27780.0,28480.099609375,27654.900390625,28107.75,50424
2021-10-28,28244.0,28437.30078125,27861.25,28193.05078125,39917
2021-10-29,28395.69921875,29000.0,27705.0,28635.25,35291
2021-11-01,28800.0,29600.0,28600.0,29145.75,55692
2021-11-02,29299.099609375,29424.94921875,28705.25,28868.150390625,21184
2021-11-03,28922.0,29131.0,28700.0,28980.55078125,33175
2021-11-04,29000.0,29219.69921875,28980.55078125,29047.19921875,2078
2021-11-08,29050.0,29818.900390625,28978.44921875,29526.55078125,38204
2021-11-09,29700.0,29760.0,29151.5,29229.650390625,18387
2021-11-10,29099.0,29428.900390625,28965.0,29355.80078125,23034
2021-11-11,29198.5,29298.400390625,28850.0,29010.55078125,18576
2021-11-12,29228.44921875,29539.900390625,28869.599609375,29388.900390625,23683
2021-11-15,29450.0,29748.0,29031.25,29077.19921875,12910
2021-11-16,29239.849609375,29275.44921875,28002.25,28138.94921875,46214
2021-11-17,28148.0,28294.44921875,27618.75,27691.05078125,29245
2021-11-18,27692.0,28024.75,26935.05078125,27167.30078125,40803
2021-11-22,27290.0,27290.0,26327.599609375,26603.05078125,23769
2021-11-23,26520.0,26926.55078125,26205.5,26740.5,32528
2021-11-24,26895.0,27000.0,26665.0,26883.75,29212
2021-11-25,26700.0,26823.19921875,26302.099609375,26670.5,31286
2021-11-26,26450.0,26539.900390625,25812.0,25945.80078125,29540
2021-11-29,25900.0,25925.0,25198.25,25566.099609375,27395
2021-11-30,25480.0,26350.0,25330.94921875,26102.25,97672
2021-12-01,26350.0,26426.349609375,25850.0,26092.0,30525
2021-12-02,26092.0,26749.0,26020.150390625,26289.80078125,40560
2021-12-03,26280.55078125,26419.900390625,25563.650390625,25914.05078125,62632
2021-12-06,25933.5,26149.44921875,25529.94921875,25612.349609375,22538
2021-12-07,25650.5,26089.849609375,25613.099609375,25746.55078125,22609
2021-12-08,25939.849609375,26279.55078125,25850.0,26152.849609375,15145
2021-12-09,26250.0,26465.0,25859.150390625,26416.5,23747
2021-12-10,26305.0,26527.599609375,26182.69921875,26406.44921875,20165
2021-12-13,26500.0,26636.099609375,26176.19921875,26433.650390625,25375
2021-12-14,26349.650390625,26500.0,25968.900390625,26461.400390625,24245
2021-12-15,26415.0,26415.05078125,26102.0,26251.30078125,26704
2021-12-16,26400.0,26500.0,25936.400390625,26366.05078125,24978
2021-12-17,26175.0,26332.25,25857.05078125,26224.849609375,27863
2021-12-20,26140.0,26140.0,25000.05078125,25470.349609375,38865
2021-12-21,25600.0,26280.0,25371.0,25837.44921875,32966
2021-12-22,25842.599609375,26268.599609375,25677.05078125,26197.25,16341
2021-12-23,26250.19921875,26390.0,25912.099609375,26332.75,29456
2021-12-24,26450.0,26510.0,25929.849609375,26310.94921875,16055
2021-12-27,26160.19921875,26450.0,25910.25,26295.19921875,7736
2021-12-28,26382.0,26750.30078125,26328.44921875,26716.80078125,18855
2021-12-29,26624.0,26745.150390625,26460.099609375,26615.349609375,25992
2021-12-30,26600.0,26844.94921875,26100.0,26413.5,26096
2021-12-31,26450.400390625,27323.849609375,26450.400390625,26987.44921875,28883
2022-01-03,27000.0,27349.849609375,26890.0,27247.400390625,19537
2022-01-04,27247.400390625,27335.55078125,26658.5,26954.099609375,26215
2022-01-05,26902.0,27300.0,26850.19921875,27214.650390625,17262
2022-01-06,27000.0,27167.099609375,26250.650390625,26528.05078125,25411
2022-01-07,26658.650390625,27266.25,26572.55078125,27046.25,32658
2022-01-10,27000.0,27236.94921875,26820.05078125,26945.05078125,21424
2022-01-11,27000.5,27220.0,26800.0,27038.55078125,26722
2022-01-12,27120.0,27283.69921875,26583.0,26715.5,41881
2022-01-13,26888.0,26950.0,26360.0,26855.30078125,32020
2022-01-14,26830.0,27150.0,26577.25,27078.44921875,24063
2022-01-17,27005.0,27936.75,26654.5,27545.349609375,47661
2022-01-18,27550.0,27639.650390625,26850.0,27155.55078125,44022
2022-01-19,26950.5,27099.5,26350.0,26402.25,48367
2022-01-20,26578.80078125,26713.0,25954.900390625,26072.349609375,40050
2022-01-21,25885.0,25885.0,24811.55078125,25037.19921875,133581
2022-01-24,25182.599609375,25289.94921875,24072.599609375,24320.900390625,50537
2022-01-25,24100.0,24671.94921875,23500.05078125,24497.5,43208
2022-01-27,24390.0,24390.0,23752.150390625,23961.80078125,38764
2022-01-28,23943.900390625,24597.80078125,23943.900390625,24124.69921875,24109
2022-01-31,24550.0,24550.0,24210.599609375,24267.099609375,19599
2022-02-01,24590.0,25635.0,24340.05078125,25489.650390625,78151
2022-02-02,25590.0,25884.599609375,25160.0,25265.44921875,25400
2022-02-03,25280.0,25399.94921875,24712.05078125,24800.900390625,21469
2022-02-04,24805.0,25224.0,24625.0,24724.05078125,34121
2022-02-07,24489.0,25125.0,24300.0,24865.55078125,39058
2022-02-08,24920.0,25029.75,24507.05078125,24764.0,29111
2022-02-09,24925.0,25599.0,24677.849609375,25466.150390625,32205
2022-02-10,25467.0,25559.900390625,25183.150390625,25247.400390625,19294
2022-02-11,24900.0,25174.55078125,24680.05078125,24900.30078125,19479
2022-02-14,24550.0,24630.0,23511.0,23589.19921875,35182
2022-02-15,23605.0,24972.849609375,23589.19921875,24909.19921875,53569
2022-02-16,24931.5,25184.599609375,24565.69921875,24916.349609375,35980
2022-02-17,25189.75,25189.75,24579.25,24723.849609375,30441
2022-02-18,24590.0,24740.0,24110.099609375,24349.55078125,36614
2022-02-21,24340.0,24993.0,24050.05078125,24678.349609375,65698
2022-02-22,23991.0,24550.0,23910.0,24393.69921875,62313
2022-02-23,24600.0,24799.349609375,24146.0,24603.44921875,46904
2022-02-24,24100.30078125,24229.19921875,22832.0,23152.25,93756
2022-02-25,23615.30078125,24090.0,23500.0,23983.44921875,46935
2022-02-28,23870.0,24496.0,23560.30078125,24414.69921875,39994
2022-03-02,24105.0,24200.0,23656.0,23932.650390625,44055
2022-03-03,24026.0,24226.0,22748.44921875,22827.05078125,80837
2022-03-04,22899.0,22899.0,22116.650390625,22550.349609375,92672
2022-03-07,22149.849609375,22370.150390625,21650.0,21990.349609375,55412
2022-03-08,21985.0,22703.94921875,21712.0,22583.849609375,51900
2022-03-09,22583.0,22697.900390625,21848.55078125,21964.650390625,246411
2022-03-10,22300.0,22749.900390625,22050.0,22197.599609375,342415
2022-03-11,22150.0,22434.400390625,21919.30078125,22394.599609375,45123
2022-03-14,22394.599609375,22424.94921875,21960.0,22361.44921875,31448
2022-03-15,22322.05078125,22850.0,22301.05078125,22800.5,83329
2022-03-16,22950.0,23714.849609375,22762.900390625,23595.44921875,58201
2022-03-17,23801.0,24385.0,23701.400390625,24090.19921875,65189
2022-03-21,24188.05078125,24188.05078125,23333.0,23390.30078125,50943
2022-03-22,23345.80078125,23669.5,23032.0,23373.30078125,39121
2022-03-23,23460.0,23650.0,23275.0,23413.19921875,39577
2022-03-24,23413.19921875,23630.0,23200.19921875,23273.75,29951
2022-03-25,23495.94921875,23495.94921875,23151.0,23259.349609375,34349
2022-03-28,23411.55078125,23449.69921875,22905.0,23197.55078125,28362
2022-03-29,23230.0,23740.0,23230.0,23645.55078125,31238
2022-03-30,23840.0,24150.0,23709.5,24089.150390625,34361
2022-03-31,24309.0,24329.55078125,23905.75,24032.599609375,22006
2022-04-01,23995.0,24651.0,23951.05078125,24612.849609375,34916
2022-04-04,24590.0,24820.0,24328.94921875,24765.05078125,23605
2022-04-05,24720.0,25270.0,24682.5,25157.94921875,32602
2022-04-06,25000.0,25278.5,24657.94921875,24733.0,33643
2022-04-07,24730.0,25066.44921875,24567.0,24742.5,30112
2022-04-08,24750.0,25290.0,24601.849609375,25260.650390625,29884
2022-04-11,25260.650390625,25492.849609375,24951.0,25203.650390625,35975
2022-04-12,25100.0,25399.94921875,24850.0,25122.650390625,46653
2022-04-13,25122.650390625,25515.349609375,25120.0,25363.55078125,36907
2022-04-18,25170.0,25500.05078125,24900.0,25435.349609375,34525
2022-04-19,25400.0,25775.349609375,24649.400390625,24860.900390625,38327
2022-04-20,25099.0,25775.0,24880.05078125,25713.849609375,46140
2022-04-21,25750.0,26100.0,25625.099609375,26056.55078125,20640
2022-04-22,25801.099609375,26015.0,25605.849609375,25855.25,17334
2022-04-25,25700.5,26023.349609375,25515.0,25649.599609375,26453
2022-04-26,25975.0,26330.75,25840.5,26171.30078125,26557
2022-04-27,26011.0,26080.0,25441.94921875,25574.80078125,26064
2022-04-28,25890.0,26075.0,25482.400390625,25872.599609375,27928
2022-04-29,25872.80078125,26340.0,25777.55078125,25921.5,34276
2022-05-02,25812.849609375,26284.75,25601.44921875,26230.19921875,33592
2022-05-04,26199.0,26199.0,25108.099609375,25193.5,29265
2022-05-05,25427.30078125,26100.0,25018.099609375,25088.650390625,33435
2022-05-06,24850.0,25059.19921875,23850.0,23973.650390625,43939
2022-05-09,23880.0,24187.69921875,23500.05078125,24058.30078125,35191
2022-05-10,24000.30078125,24516.900390625,23899.150390625,24300.599609375,33489
2022-05-11,24460.0,24740.0,23251.05078125,23382.30078125,43449
2022-05-12,23172.0,23382.30078125,22508.849609375,22627.400390625,43801
2022-05-13,23000.0,23080.05078125,22400.0,22565.349609375,44842
2022-05-16,22845.0,22845.0,21690.0,21980.849609375,51382
2022-05-17,22010.0,22223.30078125,21790.0,22035.80078125,43000
2022-05-18,22115.0,22587.400390625,21978.94921875,22501.30078125,57388
2022-05-19,21705.19921875,22300.0,21705.19921875,22216.349609375,28366
2022-05-20,22670.0,23975.0,21820.150390625,22001.19921875,50620
2022-05-23,21805.05078125,22174.900390625,21750.0,21941.69921875,56200
2022-05-24,22001.0,22098.80078125,21575.05078125,21647.400390625,39072
2022-05-25,21744.900390625,21779.0,21079.94921875,21253.80078125,34128
2022-05-26,21230.0,21866.05078125,20676.0,21691.19921875,67112
2022-05-27,21700.0,21986.0,21660.05078125,21927.05078125,17959
2022-05-30,21900.19921875,22639.650390625,21900.19921875,22460.400390625,30978
2022-05-31,22390.0,22441.849609375,22010.099609375,22116.30078125,59959
2022-06-01,22100.0,22172.5,21600.0,21791.5,29100
2022-06-02,21750.0,21779.0,21414.0,21634.75,38808
2022-06-03,21810.0,21848.94921875,20550.0,20638.0,105159
2022-06-06,20599.94921875,20599.94921875,19913.0,20002.69921875,69175
2022-06-07,19810.19921875,19991.099609375,19502.0,19785.400390625,72631
2022-06-08,19900.0,19904.19921875,19515.0,19583.75,72900
2022-06-09,19526.0,19574.849609375,19080.05078125,19198.0,60727
2022-06-10,18977.0,19331.599609375,18760.849609375,19178.849609375,64693
2022-06-13,18603.44921875,19345.94921875,18591.400390625,19135.650390625,46950
2022-06-14,19128.0,19424.94921875,18898.19921875,19208.849609375,36353
2022-06-15,19347.150390625,19375.0,19051.0,19314.19921875,30378
2022-06-16,19435.0,19489.94921875,18650.0,18711.849609375,49042
2022-06-17,18738.400390625,18738.400390625,17980.19921875,18045.75,75217
2022-06-20,17949.0,18503.5,17865.19921875,18414.0,37518
2022-06-21,18504.0,18680.0,18414.0,18551.349609375,26893
2022-06-22,18551.349609375,18590.0,18135.0,18496.75,27406
2022-06-23,18496.69921875,18646.80078125,18239.650390625,18533.599609375,20770
2022-06-24,18600.0,18937.400390625,18561.44921875,18793.650390625,30264
2022-06-27,18900.0,19186.349609375,18852.099609375,19101.5,28772
2022-06-28,19090.0,19352.0,18815.0,19236.900390625,37399
2022-06-29,19101.0,19591.0,19011.150390625,19384.099609375,125068
2022-06-30,19400.0,19449.0,18870.0,19009.69921875,54351
2022-07-01,19050.0,19272.0,18898.849609375,19213.80078125,17699
2022-07-04,19265.94921875,19527.150390625,19051.0,19292.400390625,18325
2022-07-05,19388.900390625,19693.0,19303.80078125,19565.75,35621
2022-07-06,19450.0,20100.0,19400.0,19990.849609375,25203
2022-07-07,20060.0,20172.94921875,19920.05078125,20014.599609375,19677
2022-07-08,20325.0,20348.0,19860.0,19932.80078125,21583
2022-07-11,19919.94921875,20040.599609375,19764.099609375,19854.150390625,16712
2022-07-12,19800.05078125,20500.0,19586.05078125,19962.099609375,26628
2022-07-13,19890.0,20082.0,19651.5,19736.05078125,22871
2022-07-14,19800.0,19945.94921875,19375.0,19562.69921875,21860
2022-07-15,19499.94921875,19793.75,19450.05078125,19701.80078125,19672
2022-07-18,19799.0,20099.0,19780.0,20055.69921875,18144
2022-07-19,19980.0,20187.0,19902.30078125,20068.19921875,16234
2022-07-20,20290.0,20375.0,20112.94921875,20208.19921875,19629
2022-07-21,20208.19921875,20510.0,20101.0,20442.94921875,21427
2022-07-22,20449.0,20887.19921875,20351.0,20780.0,45573
2022-07-25,20700.0,20815.349609375,20311.19921875,20679.05078125,27434
2022-07-26,20650.0,20740.0,20400.0,20652.349609375,21917
2022-07-27,20622.0,21130.0,20539.75,21023.5,25232
2022-07-28,21150.0,21622.0,20039.94921875,20415.44921875,116841
2022-07-29,20425.0,20714.900390625,20172.44921875,20498.0,54333
2022-08-01,20625.25,20985.150390625,20550.0,20947.0,32066
2022-08-02,20900.0,21288.900390625,20810.099609375,21110.94921875,32690
2022-08-03,21200.0,21290.0,20834.0,20956.44921875,23018
2022-08-04,21050.0,21249.75,20539.94921875,20687.900390625,28415
2022-08-05,20791.349609375,21277.0,20700.099609375,21237.400390625,32998
2022-08-08,21199.94921875,21272.30078125,21003.5,21195.599609375,20766
2022-08-10,21240.0,21450.0,20855.0,21104.900390625,25095
2022-08-11,21210.44921875,21450.0,21150.150390625,21192.94921875,17013
2022-08-12,21298.94921875,21300.0,21050.0,21152.19921875,16651
2022-08-16,21205.0,21599.900390625,21050.0,21440.55078125,31930
2022-08-17,21459.80078125,21800.0,21361.25,21420.94921875,28971
2022-08-18,21400.0,21672.349609375,21202.55078125,21622.5,27367
2022-08-19,21650.0,21775.0,21335.0,21423.19921875,26082
2022-08-22,21390.0,21471.75,20818.400390625,20931.44921875,50277
2022-08-23,20899.94921875,21295.55078125,20742.0,21126.650390625,41131
2022-08-24,21185.0,21444.44921875,21080.0,21348.0,19541
2022-08-25,21400.0,21935.94921875,21349.349609375,21712.599609375,88611
2022-08-26,21712.599609375,22200.69921875,21580.0,22097.900390625,35767
2022-08-29,21415.0,22226.0,21410.0,21895.80078125,33834
2022-08-30,21960.0,22550.0,21900.0,22073.099609375,52105
2022-09-01,22010.0,22050.849609375,21545.0,21586.150390625,34381
2022-09-02,21586.0,21607.80078125,21011.0,21088.400390625,87390
2022-09-05,21193.849609375,21367.849609375,20801.0,21293.650390625,40749
2022-09-06,21293.0,21700.0,21172.900390625,21654.349609375,31067
2022-09-07,21580.0,23574.44921875,21500.0,23181.05078125,227529
2022-09-08,23350.0,24880.0,23146.900390625,24458.44921875,368238
2022-09-09,24587.0,25550.0,24232.5,24505.599609375,434043
2022-09-12,24599.0,25000.0,23903.19921875,24135.099609375,174699
2022-09-13,24380.0,24947.94921875,23850.0,23932.30078125,137542
2022-09-14,23750.0,24299.0,23505.099609375,24131.349609375,161087
2022-09-15,24350.0,24536.30078125,23710.0,23912.599609375,102259
2022-09-16,23965.0,24067.150390625,23211.0,23317.69921875,122585
2022-09-19,23400.0,23735.30078125,23011.5,23401.099609375,74383
2022-09-20,23518.150390625,23722.94921875,22813.75,23242.69921875,59048
2022-09-21,23294.5,23408.400390625,21800.099609375,22023.94921875,135651
2022-09-22,21862.349609375,22680.0,21523.80078125,21703.5,175114
2022-09-23,21812.05078125,21999.0,21151.150390625,21201.44921875,85503
2022-09-26,21150.0,21350.0,20636.099609375,20748.5,100129
2022-09-27,20852.25,21483.69921875,20585.94921875,21163.25,129321
2022-09-28,21040.0,21150.0,20764.599609375,20844.5,78914
2022-09-29,20948.75,21588.0,20660.099609375,21287.05078125,655229
2022-09-30,21242.0,21990.0,20832.0,21033.099609375,217810
2022-10-03,21102.0,21219.80078125,20611.19921875,20719.05078125,98780
2022-10-04,20890.0,21168.19921875,20835.150390625,21009.75,59059
2022-10-06,21114.80078125,21446.44921875,20924.94921875,21321.19921875,56605
2022-10-07,21250.30078125,21345.0,20910.19921875,21283.75,41735
2022-10-10,21100.0,21245.0,20980.25,21142.650390625,39434
2022-10-11,21210.0,21250.0,20721.0,20802.099609375,47401
2022-10-12,20906.150390625,21097.5,20685.0,21012.150390625,104160
2022-10-13,20870.0,21131.650390625,20740.650390625,21075.650390625,63593
2022-10-14,21349.0,21499.0,20971.05078125,21188.5,63317
2022-10-17,20725.0,20990.0,20150.0,20831.099609375,179228
2022-10-18,20805.0,21190.0,20765.0,20967.900390625,74047
2022-10-19,21003.0,21475.05078125,21003.0,21324.0,62446
2022-10-20,21099.0,22090.0,21099.0,21895.69921875,69424
2022-10-21,21940.0,22198.30078125,20852.25,20935.19921875,108220
2022-10-24,21250.0,21250.0,21000.0,21044.44921875,7274
2022-10-25,21088.0,21350.0,20998.349609375,21299.650390625,93534
2022-10-27,21365.0,21585.0,21201.099609375,21512.19921875,52523
2022-10-28,21600.0,21820.0,21361.5,21779.849609375,42127
2022-10-31,21760.5,22800.0,21760.5,22740.5,74994
2022-11-01,22800.0,23000.0,22400.0,22639.44921875,48449
2022-11-02,22700.0,22941.0,22230.19921875,22327.19921875,78457
2022-11-03,22330.0,23037.19921875,22230.55078125,22815.30078125,129148
2022-11-04,22721.0,22999.0,22638.80078125,22963.599609375,49873
2022-11-07,22970.0,23495.0,22935.19921875,23406.099609375,49932
2022-11-09,23500.0,23676.900390625,22935.349609375,23081.69921875,57776
2022-11-10,23000.0,23072.900390625,22303.0,22399.55078125,34107
2022-11-11,22530.0,23092.25,22530.0,22864.0,45310
2022-11-14,22864.0,23200.0,22800.0,23023.94921875,27815
2022-11-15,23130.0,23289.900390625,22991.0,23203.5,38556
2022-11-16,23140.0,23391.94921875,23080.849609375,23253.75,31180
2022-11-17,23215.0,23325.0,23087.75,23239.69921875,29926
2022-11-18,23350.0,23350.0,22810.0,23148.0,39104
2022-11-21,23050.0,23286.099609375,23018.0,23223.5,21914
2022-11-22,23223.5,23387.94921875,23152.0,23264.650390625,26184
2022-11-23,23370.0,23370.0,23160.19921875,23288.099609375,23001
2022-11-24,23359.94921875,23363.0,23036.0,23198.94921875,33304
2022-11-25,23304.0,23304.0,22900.0,23204.349609375,44115
2022-11-28,23120.19921875,23460.0,23120.19921875,23426.099609375,22672
2022-11-29,23450.0,23525.0,23137.75,23218.349609375,31156
2022-11-30,23299.94921875,24017.0,23217.5,23879.75,46520
2022-12-01,23900.0,24100.0,23670.0,24007.5,37020
2022-12-02,24000.0,24162.0,23510.0,24094.849609375,28427
2022-12-05,24090.0,24110.0,23688.849609375,23755.599609375,23170
2022-12-06,23720.0,24071.94921875,23550.0,24009.69921875,29434
2022-12-07,23970.0,24439.099609375,23828.19921875,24256.30078125,44520
2022-12-08,24260.0,24544.94921875,24230.900390625,24484.0,21481
2022-12-09,24484.0,24612.900390625,24206.099609375,24441.55078125,22709
2022-12-12,24370.05078125,24575.0,24200.0,24278.44921875,26967
2022-12-13,24330.0,24421.0,23976.5,24207.94921875,28325
2022-12-14,24270.0,24435.0,24180.0,24353.25,15031
2022-12-15,24340.0,24569.75,24102.650390625,24296.5,18723
2022-12-16,24200.0,24329.94921875,23633.0,23725.80078125,26791
2022-12-19,23775.0,23922.5,23566.80078125,23823.650390625,27421
2022-12-20,23810.0,23813.0,23282.05078125,23730.099609375,32638
2022-12-21,23770.0,23940.599609375,23440.0,23571.25,35053
2022-12-22,23600.0,23859.55078125,23421.400390625,23814.44921875,36764
2022-12-23,23699.94921875,23699.94921875,23170.55078125,23271.400390625,27459
2022-12-26,23289.94921875,23850.0,23074.05078125,23748.0,15650
2022-12-27,23760.0,24222.0,23700.0,24133.05078125,14980
2022-12-28,24100.0,24442.0,24011.44921875,24284.25,25314
2022-12-29,24110.0,24150.0,23225.0,23256.75,90610
2022-12-30,23400.0,23420.0,23055.400390625,23289.44921875,56763
2023-01-02,23296.5,23519.94921875,23139.0,23454.69921875,23428
2023-01-03,23470.0,23789.69921875,23452.0,23732.94921875,20755
2023-01-04,23699.94921875,24590.0,23660.0,24007.55078125,94884
2023-01-05,24129.94921875,24379.75,23904.69921875,24238.0,44843
2023-01-06,24300.0,24366.650390625,23552.099609375,23853.05078125,28542
2023-01-09,23972.349609375,24048.0,23663.0,23752.30078125,17654
2023-01-10,23840.0,23900.0,23205.0,23559.5,31716
2023-01-11,23600.0,23771.94921875,23250.0,23516.69921875,19213
2023-01-12,23530.0,24000.0,23504.55078125,23854.849609375,37645
2023-01-13,23998.0,24290.25,23750.0,24139.75,42213
2023-01-16,24120.0,24280.0,23980.5,24060.400390625,25269
2023-01-17,24000.0,24194.400390625,23930.650390625,24091.55078125,18810
2023-01-18,24015.05078125,24138.599609375,23817.0,24059.900390625,22616
2023-01-19,24000.0,24480.0,23849.900390625,24389.5,28281
2023-01-20,24350.0,24773.0,24200.0,24420.94921875,44330
2023-01-23,24449.94921875,24549.5,22945.0,23037.05078125,67600
2023-01-24,23152.25,23347.69921875,22440.05078125,22608.400390625,84528
2023-01-25,22650.0,22792.599609375,22002.05078125,22146.80078125,47092
2023-01-27,22257.55078125,22379.900390625,21410.0,21901.19921875,52018
2023-01-30,21860.0,22730.0,21860.0,22585.349609375,54148
2023-01-31,22704.19921875,23743.599609375,22704.19921875,23684.55078125,82554
2023-02-01,23740.19921875,24670.0,23450.0,23916.94921875,111351
2023-02-02,23850.0,24699.900390625,23750.0,24523.25,72967
2023-02-03,24500.0,24742.80078125,24270.0,24467.599609375,54355
2023-02-06,24318.94921875,24359.94921875,24000.0,24120.94921875,30089
2023-02-07,24132.0,24410.0,24025.0,24262.25,38892
2023-02-08,24368.849609375,24604.849609375,23750.0,24239.94921875,81785
2023-02-09,23960.0,24150.0,23090.5,23199.80078125,72685
2023-02-10,23292.5,24074.0,22752.0,23970.599609375,70017
2023-02-13,23999.0,24550.0,23812.400390625,24194.400390625,77436
2023-02-14,24145.80078125,24729.0,24061.75,24634.80078125,75478
2023-02-15,24560.0,25000.0,24290.05078125,24890.55078125,54111
2023-02-16,24904.0,25175.0,24830.0,25117.599609375,50403
2023-02-17,24950.0,26050.05078125,24830.25,25757.400390625,132205
2023-02-20,25600.0,26925.94921875,25540.0,26512.900390625,187893
2023-02-21,26460.05078125,27049.0,26317.5,26530.900390625,128006
2023-02-22,26530.0,26530.0,25875.0,26214.900390625,93446
2023-02-23,26219.94921875,26499.150390625,25588.0,25634.650390625,78884
2023-02-24,25750.0,25875.0,25200.0,25412.80078125,31612
2023-02-27,25350.0,26004.900390625,24880.0,25645.05078125,38186
2023-02-28,25773.30078125,26214.0,25621.0,26087.94921875,63139
2023-03-01,25910.0,26420.0,25899.94921875,26329.5,29240
2023-03-02,26299.94921875,26789.0,26159.0,26576.80078125,45919
2023-03-03,26455.0,26614.55078125,25450.05078125,25655.900390625,93972
2023-03-06,25750.0,25892.80078125,25210.0,25571.44921875,64371
2023-03-08,25371.0,26147.900390625,25370.0,26014.69921875,36651
2023-03-09,26130.0,26449.900390625,25505.0,25560.849609375,45802
2023-03-10,25400.0,26663.849609375,25150.0,26181.75,67356
2023-03-13,26030.05078125,26151.0,25502.0,25766.94921875,36270
2023-03-14,25766.94921875,25799.30078125,25060.05078125,25224.75,50043
2023-03-15,25400.0,25550.650390625,25194.55078125,25331.099609375,36837
2023-03-16,25399.0,25648.400390625,25034.94921875,25472.94921875,40517
2023-03-17,25472.94921875,25600.0,25059.0,25161.75,41257
2023-03-20,25327.150390625,25378.150390625,24751.599609375,25076.19921875,35356
2023-03-21,25190.0,25190.0,24878.05078125,25142.900390625,29461
2023-03-22,25227.44921875,25700.0,25108.19921875,25494.0,52197
2023-03-23,25400.05078125,25638.150390625,25222.0,25413.150390625,27917
2023-03-24,25413.150390625,25590.0,25110.599609375,25511.650390625,35202
2023-03-27,25450.0,25805.900390625,25331.599609375,25583.650390625,37651
2023-03-28,25560.0,25582.349609375,25127.599609375,25193.349609375,23209
2023-03-29,25192.900390625,26014.19921875,25031.0,25804.69921875,41315
2023-03-31,25835.0,26425.0,25750.349609375,26186.94921875,42060
2023-04-03,26299.94921875,26385.0,25830.0,26260.849609375,39037
2023-04-05,26205.0,26599.900390625,26150.0,26534.94921875,21471
2023-04-06,26401.05078125,26572.44921875,26002.650390625,26164.69921875,18301
2023-04-10,26125.099609375,26475.94921875,25917.650390625,26000.75,28668
2023-04-11,26000.75,26352.0,26000.0,26201.400390625,45833
2023-04-12,26201.400390625,26484.0,26048.25,26116.900390625,25784
2023-04-13,26200.0,26200.0,25775.25,25808.19921875,27530
2023-04-17,25850.0,26100.0,25451.0,25532.150390625,19918
2023-04-18,25600.0,26046.849609375,25215.099609375,25263.650390625,31230
2023-04-19,25340.0,25460.0,24675.0,24758.94921875,20893
2023-04-20,24824.94921875,24898.849609375,24175.94921875,24254.400390625,37209
2023-04-21,24299.0,24349.0,23830.05078125,23887.05078125,21807
2023-04-24,24048.19921875,24090.0,23550.0,23870.349609375,29799
2023-04-25,23960.0,24184.25,23856.650390625,24078.400390625,45207
2023-04-26,23999.94921875,24269.94921875,23700.0,23962.5,35697
2023-04-27,24039.0,24061.0,23552.5,23745.80078125,31520
2023-04-28,23848.0,24400.0,23674.0,24334.44921875,33989
2023-05-02,24350.0,24400.0,23957.05078125,24191.650390625,34660
2023-05-03,24130.0,24325.0,23951.19921875,24258.55078125,28202
2023-05-04,24250.0,24566.94921875,24120.0,24456.400390625,22757
2023-05-05,24410.0,24620.0,24300.0,24516.19921875,26761
2023-05-08,24520.0,24710.0,24520.0,24571.400390625,16402
2023-05-09,24600.400390625,24741.30078125,24068.94921875,24207.0,23539
2023-05-10,24275.69921875,24472.849609375,24116.25,24431.80078125,14179
2023-05-11,24450.0,24935.0,24400.0,24876.849609375,19207
2023-05-12,24600.05078125,24924.0,24210.05078125,24750.849609375,41410
2023-05-15,24750.849609375,25050.0,24444.55078125,24591.94921875,19341
2023-05-16,24591.94921875,24748.849609375,24335.099609375,24398.349609375,12024
2023-05-17,24400.0,24848.94921875,24350.0,24419.0,28274
2023-05-18,24510.0,24669.94921875,23900.0,23984.30078125,17375
2023-05-19,24075.55078125,24498.0,23727.599609375,24408.650390625,29803
2023-05-22,24327.19921875,24916.25,24234.19921875,24468.650390625,33885
2023-05-23,24410.0,25450.0,24410.0,24765.80078125,64597
2023-05-24,24650.0,24700.0,23705.75,23990.80078125,76229
2023-05-25,24031.80078125,24300.0,23840.0,24247.099609375,37451
2023-05-26,24250.0,25086.69921875,24178.0,24977.0,48742
2023-05-29,25050.0,25469.5,24992.400390625,25261.349609375,32876
2023-05-30,25200.0,25885.0,25116.05078125,25586.94921875,54929
2023-05-31,25525.0,25590.0,24988.150390625,25165.19921875,208322
2023-06-01,25300.0,25395.05078125,25102.19921875,25167.30078125,31272
2023-06-02,25300.0,25300.05078125,24969.94921875,25038.400390625,43663
2023-06-05,25168.94921875,25298.0,24707.650390625,24820.05078125,37650
2023-06-06,24950.0,25857.94921875,24777.05078125,25793.80078125,77331
2023-06-07,25795.0,25865.55078125,25515.25,25795.599609375,39831
2023-06-08,25795.599609375,26137.900390625,25560.650390625,25632.0,36793
2023-06-09,25674.150390625,25948.0,25370.650390625,25447.80078125,21413
2023-06-12,25550.0,25749.80078125,25380.55078125,25715.400390625,17611
2023-06-13,25900.0,26220.0,25750.349609375,26164.0,34032
2023-06-14,26200.0,26389.94921875,26085.80078125,26236.099609375,26924
2023-06-15,26236.099609375,26283.900390625,26015.94921875,26145.30078125,23905
2023-06-16,26170.0,26400.0,26110.05078125,26213.150390625,31673
2023-06-19,26419.80078125,26580.0,25815.150390625,25999.0,33881
2023-06-20,25910.0,26188.80078125,25740.0,25949.19921875,18089
2023-06-21,25950.0,26144.650390625,25248.30078125,25660.75,62343
2023-06-22,25650.0,25975.0,25515.05078125,25656.349609375,35342
2023-06-23,25650.0,25650.05078125,25066.0,25145.25,25869
2023-06-26,22630.75,24145.0,22605.599609375,23702.150390625,438935
2023-06-27,24110.0,24276.5,23640.30078125,24018.150390625,154928
2023-06-28,24050.0,24299.94921875,23827.69921875,24053.400390625,71538
2023-06-30,24081.0,24210.0,23850.0,23886.44921875,46765
2023-07-03,24200.0,24210.0,23950.0,24121.0,30015
2023-07-04,24121.0,24198.900390625,23970.05078125,24081.94921875,17326
2023-07-05,24012.0,24559.80078125,24003.599609375,24432.5,43292
2023-07-06,24549.94921875,24550.0,24180.0,24218.55078125,22295
2023-07-07,24218.55078125,24267.55078125,23722.849609375,23883.349609375,35053
2023-07-10,23907.0,24091.0,23755.05078125,24017.30078125,24408
2023-07-11,24075.30078125,24346.80078125,23560.900390625,23955.349609375,105568
2023-07-12,23820.0,24340.5,23726.0,24261.400390625,62988
2023-07-13,24312.0,24511.900390625,24015.0,24152.94921875,32096
2023-07-14,24272.0,24405.0,24001.400390625,24339.650390625,20770
2023-07-17,24440.0,24527.349609375,24070.0,24117.94921875,36264
2023-07-18,24159.94921875,24253.75,23450.900390625,23948.25,17119
2023-07-19,24050.0,24124.900390625,23905.94921875,24028.30078125,29499
2023-07-20,23611.30078125,23745.75,23350.0,23409.05078125,101108
2023-07-21,23428.05078125,23459.05078125,23026.0,23088.75,37839
2023-07-24,23200.0,23322.30078125,23090.19921875,23237.0,35964
2023-07-25,23323.0,23709.94921875,23200.0,23681.80078125,32141
2023-07-26,23750.0,24340.0,23564.400390625,24274.5,87313
2023-07-27,24300.0,24314.349609375,23764.650390625,23869.55078125,36633
2023-07-28,24059.69921875,24184.849609375,23873.55078125,24048.05078125,22865
2023-07-31,23800.0,24299.0,23800.0,24108.400390625,30798
2023-08-01,24200.0,24200.0,23980.849609375,24102.05078125,47864
2023-08-02,24100.0,24100.0,23905.0,24045.099609375,34126
2023-08-03,24040.0,24223.75,23860.400390625,24114.349609375,24563
2023-08-04,24230.0,24286.0,24102.5,24224.19921875,18589
2023-08-07,24400.0,24400.0,24042.849609375,24253.44921875,8891
2023-08-08,24300.0,24377.5,24120.150390625,24270.05078125,20046
2023-08-09,24350.0,24372.0,24012.0,24331.05078125,30445
2023-08-10,24200.099609375,24395.0,23926.94921875,24174.55078125,37905
2023-08-11,24179.150390625,24280.0,24051.099609375,24110.599609375,12901
2023-08-14,24101.0,24129.75,23651.0,23720.55078125,16303
2023-08-16,23690.0,23973.650390625,23506.05078125,23920.5,17783
2023-08-17,23960.0,24038.75,23720.150390625,23791.150390625,22943
2023-08-18,23811.0,23844.94921875,23451.0,23537.25,19865
2023-08-21,23669.94921875,23775.0,23524.25,23610.19921875,24001
2023-08-22,23730.0,23932.900390625,23658.30078125,23862.69921875,16676
2023-08-23,23869.69921875,24290.0,23625.0,23670.5,40294
2023-08-24,23749.94921875,23920.0,23598.05078125,23859.599609375,48660
2023-08-25,23820.0,23898.900390625,23611.0,23852.30078125,21989
2023-08-28,23949.0,24094.0,23752.400390625,24020.349609375,13891
2023-08-29,24024.0,24167.94921875,24008.0,24130.19921875,15323
2023-08-30,24150.0,24325.0,23966.0,24047.849609375,17040
2023-08-31,24051.0,24100.0,23795.0,23801.150390625,61972
2023-09-01,23830.0,24179.5,23820.0,24139.349609375,27413
2023-09-04,24590.0,25793.69921875,24449.0,25671.55078125,119316
2023-09-05,25700.0,25838.30078125,25400.0,25725.05078125,41937
2023-09-06,25700.0,25819.650390625,25500.0,25650.30078125,37280
2023-09-07,25640.0,25795.0,25494.05078125,25738.80078125,22670
2023-09-08,25700.0,26049.19921875,25650.0,25973.099609375,30009
2023-09-11,25970.0,26054.25,25710.0,25797.400390625,20820
2023-09-12,25949.900390625,26197.94921875,25505.650390625,26035.099609375,46577
2023-09-13,25902.0,26328.80078125,25850.0,26238.55078125,40313
2023-09-14,26200.0,26501.0,26150.400390625,26445.0,88963
2023-09-15,26400.0,27117.94921875,26162.0,26794.25,57876
2023-09-18,26675.349609375,26822.599609375,26306.0,26392.0,20562
2023-09-20,26349.94921875,26493.650390625,26050.0,26107.75,28131
2023-09-21,26100.0,26499.94921875,25950.0,26293.599609375,29874
2023-09-22,26255.0,26442.25,25820.0,25939.69921875,50277
2023-09-25,25939.69921875,26053.94921875,25780.05078125,25856.44921875,25519
2023-09-26,25915.0,26243.849609375,25915.0,26033.0,15228
2023-09-27,26085.0,26518.900390625,25900.0,26428.55078125,16809
2023-09-28,26506.0,26543.0,25551.25,25631.69921875,46905
2023-09-29,25799.0,25800.0,25342.55078125,25465.0,22812
2023-10-03,25499.900390625,25696.599609375,25309.099609375,25624.099609375,14992
2023-10-04,25590.0,25624.900390625,25313.94921875,25466.94921875,16317
2023-10-05,25500.0,25940.0,25437.55078125,25763.150390625,26035
2023-10-06,25899.69921875,25899.69921875,25552.05078125,25787.25,9701
2023-10-09,25649.05078125,25774.69921875,25501.0,25730.0,6134
2023-10-10,25750.05078125,26222.0,25750.05078125,26163.75,11972
2023-10-11,26227.94921875,26920.0,26200.0,26501.349609375,31504
2023-10-12,26675.0,26795.0,26428.5,26653.5,21583
2023-10-13,26455.0,26899.44921875,26455.0,26851.150390625,14489
2023-10-16,26850.0,27298.94921875,26576.80078125,26658.900390625,28766
2023-10-17,26710.05078125,26875.0,26528.099609375,26631.69921875,22537
2023-10-18,26700.05078125,26915.30078125,26517.0,26813.75,21203
2023-10-19,26560.0,26599.94921875,26000.0,26297.44921875,26692
2023-10-20,26297.44921875,26399.849609375,25900.0,26084.650390625,22799
2023-10-23,26025.0,26199.5,25560.55078125,25704.099609375,16692
2023-10-25,25649.0,25990.900390625,25447.30078125,25707.30078125,39909
2023-10-26,25680.0,25899.900390625,25375.849609375,25431.599609375,56816
2023-10-27,25431.599609375,25682.25,25309.0,25514.5,19096
2023-10-30,25699.900390625,25998.0,25361.05078125,25943.55078125,25503
2023-10-31,25930.69921875,26081.44921875,25551.05078125,25655.05078125,22304
2023-11-01,25772.30078125,25790.0,25326.150390625,25420.650390625,12977
2023-11-02,25500.0,25950.0,25426.44921875,25892.25,15029
2023-11-03,25999.0,26145.0,25880.0,25957.849609375,7457
2023-11-06,26026.0,26494.400390625,25999.599609375,26401.0,20370
2023-11-07,26487.94921875,26750.0,26320.0,26685.55078125,17181
2023-11-08,26669.05078125,26701.849609375,26200.05078125,26270.5,28452
2023-11-09,26399.900390625,26399.900390625,25885.349609375,25951.400390625,23367
2023-11-10,25960.5,26471.94921875,25758.05078125,26358.5,41966
2023-11-13,26300.0,26345.25,26075.25,26196.19921875,10644
2023-11-15,26305.0,26399.94921875,26145.19921875,26203.44921875,15802
2023-11-16,26200.0,26275.0,25966.94921875,26174.400390625,16298
2023-11-17,26200.0,26480.0,26068.05078125,26199.80078125,18638
2023-11-20,26199.80078125,26315.0,25905.05078125,25953.650390625,19776
2023-11-21,26003.0,26195.400390625,25856.94921875,25937.05078125,12026
2023-11-22,25930.349609375,26100.0,25880.05078125,25997.05078125,39407
2023-11-23,26100.0,26100.0,25869.599609375,25922.19921875,57461
2023-11-24,25922.19921875,26046.849609375,25600.0,25645.400390625,13597
2023-11-28,25615.0,26331.0,25600.0,26067.44921875,16523
2023-11-29,26242.099609375,26242.099609375,25916.05078125,26106.900390625,15622
2023-11-30,26243.0,26950.0,26107.0,26741.75,42932
2023-12-01,26839.94921875,27065.44921875,26625.0,27026.55078125,16305
2023-12-04,27120.150390625,27915.0,27051.69921875,27717.0,29221
2023-12-05,27749.900390625,28050.0,27601.0,28003.849609375,20686
2023-12-06,28000.0,28043.44921875,27613.0,27799.099609375,14937
2023-12-07,27900.0,28149.80078125,27551.0,28020.5,19069
2023-12-08,27880.5,28151.0,27536.05078125,27670.25,21927
2023-12-11,27880.0,28381.599609375,27742.849609375,28302.599609375,22308
2023-12-12,28250.0,28800.0,28200.05078125,28606.80078125,19543
2023-12-13,28507.5,28932.44921875,28220.05078125,28536.849609375,16860
2023-12-14,28550.0,28892.0,28465.69921875,28733.05078125,16406
2023-12-15,28799.0,28997.650390625,28640.0,28758.900390625,18437
2023-12-18,28789.0,28859.30078125,28480.0,28557.0,9633
2023-12-19,28700.0,28724.650390625,28407.05078125,28585.94921875,11149
2023-12-20,28779.900390625,28779.900390625,28108.55078125,28253.0,15113
2023-12-21,28005.0,28498.0,27950.0,28213.80078125,32973
2023-12-22,28213.80078125,28372.349609375,27905.75,28186.55078125,21741
2023-12-26,28370.0,28860.0,28257.19921875,28606.75,15472
2023-12-27,28599.80078125,29250.0,28429.900390625,28644.900390625,27058
2023-12-28,28650.0,28879.849609375,28501.0,28601.5,9507
2023-12-29,28700.0,28901.0,28444.05078125,28653.30078125,11742
2024-01-01,28750.0,28750.0,28351.0,28461.599609375,5760
2024-01-02,28610.0,28610.0,27950.0,28088.55078125,16850
2024-01-03,28088.55078125,28435.0,28020.400390625,28221.75,9011
2024-01-04,28440.0,28498.0,28175.0,28357.900390625,14453
2024-01-05,28200.0,28250.05078125,26931.349609375,27023.30078125,78459
2024-01-08,26983.05078125,27600.0,26950.05078125,27329.650390625,34058
2024-01-09,27501.0,27736.30078125,27236.30078125,27312.900390625,18242
2024-01-10,27392.94921875,27392.94921875,26800.0,26842.150390625,14247
2024-01-11,26970.0,27140.0,26600.0,26909.94921875,19750
2024-01-12,27027.30078125,27050.0,26751.0,26874.0,14382
2024-01-15,26951.0,26955.05078125,26725.650390625,26813.69921875,11395
2024-01-16,26890.0,27348.0,26632.900390625,27082.099609375,26736
2024-01-17,26959.94921875,27087.849609375,26062.0,26137.0,48405
2024-01-18,26248.900390625,26598.0,25650.0,26477.150390625,28106
2024-01-19,26618.94921875,26780.0,26456.150390625,26649.5,52520
2024-01-23,27600.0,28165.0,27414.80078125,27493.75,38128
2024-01-24,27454.0,27859.80078125,27218.44921875,27635.150390625,46946
2024-01-25,27699.94921875,28249.5,27270.44921875,27948.80078125,25490
2024-01-29,27998.75,28850.0,27921.94921875,28411.55078125,35863
2024-01-30,28434.94921875,28700.0,27999.05078125,28077.75,30799
2024-01-31,28100.0,28700.0,28012.349609375,28556.25,63061
2024-02-01,29500.0,30737.75,29202.099609375,29613.55078125,174274
2024-02-02,29500.0,29699.849609375,28374.30078125,28453.94921875,64360
2024-02-05,29000.0,29000.05078125,26699.19921875,26954.80078125,71596
2024-02-06,27251.0,27915.0,27231.44921875,27569.400390625,58072
2024-02-07,27844.900390625,28207.0,27705.05078125,28116.30078125,19792
2024-02-08,28125.099609375,28250.0,27247.849609375,27370.19921875,32063
2024-02-09,27450.0,27825.0,27200.0,27630.099609375,25267
2024-02-12,27630.099609375,27709.599609375,27162.0,27265.5,17053
2024-02-13,27299.94921875,27500.0,26993.849609375,27249.650390625,19098
2024-02-14,27100.0,27287.30078125,26777.0,26898.44921875,22415
2024-02-15,27144.900390625,27144.900390625,26250.0,26332.900390625,21511
2024-02-16,26540.0,26650.0,26251.5,26298.0,27371
2024-02-19,26426.0,26894.400390625,26258.349609375,26815.30078125,23096
2024-02-20,26750.0,26799.94921875,26412.5,26524.900390625,20365
2024-02-21,26690.0,26718.75,26224.0,26345.0,23910
2024-02-22,26345.05078125,26650.0,26207.400390625,26603.349609375,18526
2024-02-23,26300.650390625,26779.849609375,26300.650390625,26489.650390625,14216
2024-02-26,26340.19921875,26450.0,25972.599609375,26099.69921875,28996
2024-02-27,26190.0,26506.900390625,26100.05078125,26191.30078125,21987
2024-02-28,26191.30078125,26289.75,25421.5,25606.400390625,32860
2024-02-29,25724.900390625,25833.0,25444.099609375,25504.400390625,56138
2024-03-01,25689.0,25895.94921875,25504.25,25637.80078125,18817
2024-03-04,25790.0,25845.80078125,25420.0,25730.30078125,29764
2024-03-05,25801.099609375,25801.099609375,24954.94921875,25009.75,47317
2024-03-06,25009.75,25127.30078125,24458.0,24754.25,33596
2024-03-07,24849.94921875,25031.900390625,24585.30078125,24705.900390625,73323
2024-03-11,24601.05078125,25358.900390625,24601.05078125,25312.25,53262
2024-03-12,25359.94921875,25359.94921875,24767.5,24960.400390625,20622
2024-03-13,25165.0,25165.0,24247.75,24360.349609375,35720
2024-03-14,24360.349609375,25043.80078125,24243.599609375,24957.599609375,22932
2024-03-15,24934.69921875,25141.849609375,24502.650390625,25070.44921875,30859
2024-03-18,25096.30078125,25405.349609375,24950.0,25343.19921875,92583
2024-03-19,25343.19921875,25448.94921875,24796.75,25005.44921875,16822
2024-03-20,25189.80078125,25189.80078125,24850.0,24935.849609375,18326
2024-03-21,25189.900390625,25400.0,24927.55078125,25361.400390625,17006
2024-03-22,25399.0,25489.94921875,25232.0,25366.05078125,12712
2024-03-26,25474.0,25788.0,25058.349609375,25684.150390625,38595
2024-03-27,25827.30078125,26334.05078125,25750.0,25939.349609375,27139
2024-03-28,26091.0,26091.0,25585.0,25682.849609375,26276
2024-04-01,25850.05078125,26485.80078125,25800.0,26458.0,20317
2024-04-02,26458.0,26722.599609375,26032.30078125,26532.900390625,41507
2024-04-03,26601.0,26743.30078125,26285.099609375,26354.30078125,150756
2024-04-04,26469.0,26469.0,25851.0,25910.25,85718
2024-04-05,25800.0,25937.94921875,25699.0,25811.05078125,39306
2024-04-08,26069.19921875,26249.94921875,25844.400390625,25955.19921875,31828
2024-04-09,26199.0,26711.80078125,25880.099609375,25991.80078125,50143
2024-04-10,26000.0,26041.94921875,25551.0,25610.0,24321
2024-04-12,25699.0,25861.69921875,25201.44921875,25491.150390625,19756
2024-04-15,25316.0,25528.150390625,25002.0,25296.19921875,24121
2024-04-16,25248.19921875,25248.19921875,24798.55078125,24882.55078125,12999
2024-04-18,25090.0,25099.0,24367.0,24425.849609375,35792
2024-04-19,24390.0,24532.44921875,23984.05078125,24368.75,35614
2024-04-22,24533.900390625,24675.0,24356.849609375,24396.400390625,25584
2024-04-23,24570.0,24570.0,24300.0,24377.75,18872
2024-04-24,24500.0,24597.900390625,24300.0,24369.150390625,17535
2024-04-25,24451.0,24500.0,23780.0,23971.599609375,48298
2024-04-26,24040.0,24295.0,23951.0,24140.5,15713
2024-04-29,24250.25,24295.900390625,24050.0,24145.150390625,25281
2024-04-30,24175.0,25024.94921875,24175.0,24444.849609375,74531
2024-05-02,24499.94921875,25372.55078125,24472.150390625,24827.19921875,98202
2024-05-03,25000.0,25895.80078125,24927.900390625,25746.55078125,221844
2024-05-06,26100.0,26561.650390625,25105.0,25537.0,51843
2024-05-07,25575.0,25882.55078125,25054.849609375,25395.650390625,36812
2024-05-08,25444.19921875,25742.80078125,25160.5,25660.44921875,31956
2024-05-09,25700.650390625,25720.0,25420.80078125,25500.75,31751
2024-05-10,25600.0,25833.099609375,25377.0,25661.25,24366
2024-05-13,25798.55078125,26124.0,25592.05078125,25992.5,55302
2024-05-14,26050.0,26436.94921875,25630.0,26024.900390625,84461
2024-05-15,26800.05078125,26824.849609375,25645.80078125,25819.650390625,224481
2024-05-16,26097.400390625,26225.0,25505.0,25685.599609375,51248
2024-05-17,25710.05078125,26343.400390625,25466.25,26305.80078125,32325
2024-05-21,26120.0,26300.0,25640.25,25833.44921875,55405
2024-05-22,25950.0,25950.0,25520.400390625,25678.94921875,37478
2024-05-23,25851.0,25851.0,25425.05078125,25676.900390625,73090
2024-05-24,25650.099609375,25750.099609375,25405.0,25456.44921875,30382
2024-05-27,25500.0,25500.0,25255.099609375,25415.19921875,43246
2024-05-28,25489.94921875,25725.05078125,25412.75,25634.650390625,19032
2024-05-29,25452.0,25500.0,25185.349609375,25325.55078125,39946
2024-05-30,25322.25,25322.25,24700.099609375,25062.349609375,40445
2024-05-31,25227.30078125,25425.0,24604.44921875,24680.599609375,75751
2024-06-03,25200.0,25625.30078125,25088.099609375,25309.25,42209
2024-06-04,25350.0,25350.099609375,23700.0,24882.80078125,77396
2024-06-05,25194.94921875,25600.0,24862.0,25481.05078125,24620
2024-06-06,25555.0,25799.0,25435.0,25636.25,32684
2024-06-07,25700.0,26250.0,25511.19921875,26077.5,77513
2024-06-10,26296.0,27450.0,26078.0,27239.69921875,68197
2024-06-11,27239.69921875,27290.0,26816.69921875,27063.849609375,41867
2024-06-12,26890.099609375,27720.5,26890.099609375,27538.900390625,44979
2024-06-13,27504.0,27625.0,27186.400390625,27490.75,29976
2024-06-14,27491.0,28025.0,27421.44921875,27538.0,37314
2024-06-18,27682.0,27699.900390625,27263.25,27462.099609375,28615
2024-06-19,27480.0,27757.05078125,27086.19921875,27443.400390625,35730
2024-06-20,27490.0,27766.900390625,27343.849609375,27698.44921875,30646
2024-06-21,27850.0,27850.0,27223.55078125,27403.80078125,59054
2024-06-24,27400.05078125,27542.849609375,27086.25,27318.80078125,34949
2024-06-25,27400.0,27581.0,27107.650390625,27217.55078125,40713
2024-06-26,27155.0,28191.0,27086.25,27498.900390625,58935
2024-06-27,27480.0,28242.0,27479.69921875,27832.44921875,65372
2024-06-28,27850.0,28132.400390625,27711.099609375,27870.400390625,38614
2024-07-01,27994.0,28614.94921875,27750.0,28353.349609375,59357
2024-07-02,28353.400390625,28527.30078125,27607.650390625,27697.75,21261
2024-07-03,27899.0,27899.0,27285.900390625,27383.900390625,68891
2024-07-04,27548.0,27554.900390625,27170.0,27459.05078125,40849
2024-07-05,27445.0,27573.900390625,27297.599609375,27528.69921875,16956
2024-07-08,27510.0,27549.599609375,26951.94921875,27193.25,21059
2024-07-09,27340.0,27850.0,27207.0,27776.30078125,32653
2024-07-10,27776.30078125,27967.94921875,27324.30078125,27905.44921875,42280
2024-07-11,27877.80078125,28001.0,27600.19921875,27772.599609375,14648
2024-07-12,27791.0,27885.0,27466.0,27665.5,17752
2024-07-15,27555.0,27835.69921875,26811.05078125,27616.849609375,65384
2024-07-16,27747.0,28683.19921875,27647.44921875,27906.80078125,99512
2024-07-18,27800.0,28197.0,27672.19921875,28061.599609375,30733
2024-07-19,27852.0,27998.099609375,27107.94921875,27284.150390625,46732
2024-07-22,27207.099609375,27993.0,27001.0,27919.80078125,30476
2024-07-23,27801.0,28395.0,27605.44921875,28162.19921875,90200
2024-07-24,27971.0,28099.900390625,27251.150390625,27552.0,40236
2024-07-25,27499.94921875,27587.44921875,27200.0,27484.349609375,20756
2024-07-26,27651.0,27870.0,27320.44921875,27566.75,25287
2024-07-29,27800.0,27800.0,27155.0,27237.900390625,75146
2024-07-30,27414.55078125,27490.0,26960.099609375,27314.349609375,54585
2024-07-31,27360.5,27813.400390625,27312.30078125,27740.44921875,51103
2024-08-01,27825.0,27899.80078125,27488.05078125,27768.5,29621
2024-08-02,27555.55078125,27796.0,27052.599609375,27295.349609375,39746
2024-08-05,27000.0,27049.900390625,26376.05078125,26834.80078125,75142
2024-08-06,26945.0,27092.599609375,26010.0,26101.349609375,155613
2024-08-07,26100.0,26694.94921875,24966.0,25098.599609375,325580
2024-08-08,25050.0,25050.0,24027.44921875,24143.400390625,251869
2024-08-09,24519.80078125,24575.0,23850.0,24296.599609375,100935
2024-08-12,24310.0,24456.400390625,24008.44921875,24408.349609375,96808
2024-08-13,24500.0,24509.25,24140.05078125,24205.94921875,41826
2024-08-14,24209.44921875,24464.94921875,24011.099609375,24338.94921875,51638
2024-08-16,24375.0,24700.05078125,24279.75,24642.849609375,39023
2024-08-19,24830.30078125,24965.900390625,24699.0,24848.94921875,28455
2024-08-20,24960.0,24960.0,24600.0,24730.55078125,24733
2024-08-21,24757.69921875,24892.44921875,24672.5,24808.05078125,11582
2024-08-22,24850.0,25224.94921875,24800.44921875,25012.400390625,25066
2024-08-23,25082.400390625,25100.0,24637.900390625,24706.05078125,28796
2024-08-26,24751.0,24933.80078125,24602.19921875,24906.44921875,16730
2024-08-27,24906.44921875,25049.75,24730.05078125,24813.19921875,23212
2024-08-28,24820.0,24900.0,24605.650390625,24692.19921875,20949
2024-08-29,24705.55078125,24889.599609375,24540.05078125,24821.349609375,41631
2024-08-30,24811.0,25561.900390625,24810.0,25482.0,83409
2024-09-02,25590.0,25749.900390625,25260.0,25427.30078125,60617
2024-09-03,25428.0,25702.349609375,25355.0,25507.599609375,45076
2024-09-04,25400.0,25866.0,25355.349609375,25770.75,46475
2024-09-05,25770.75,26280.0,25627.650390625,25662.25,45730
2024-09-06,25888.0,25888.0,25281.05078125,25610.44921875,36981
2024-09-09,25552.0,25850.94921875,25313.30078125,25798.599609375,21329
2024-09-10,25948.0,25948.0,25651.05078125,25725.150390625,18493
2024-09-11,25725.0,25849.900390625,25543.05078125,25614.099609375,30919
2024-09-12,25651.0,26079.599609375,25623.05078125,26019.650390625,20307
2024-09-13,26079.94921875,26144.69921875,25814.69921875,25883.099609375,22521
2024-09-16,26001.0,26050.0,25507.69921875,25619.400390625,18917
2024-09-17,25600.0,25677.599609375,25400.0,25437.099609375,13175
2024-09-18,25450.0,25496.650390625,24909.099609375,25076.650390625,28048
2024-09-19,25111.0,25327.25,24690.69921875,24931.69921875,20392
2024-09-20,25000.0,25272.19921875,24751.0,25141.69921875,36895
2024-09-23,25222.0,26096.94921875,24952.150390625,25958.099609375,33984
2024-09-24,25958.94921875,26200.0,25771.19921875,25911.650390625,23216
2024-09-25,25911.650390625,26053.94921875,25705.400390625,25903.650390625,22774
2024-09-26,25900.05078125,26195.099609375,25763.5,26123.099609375,24898
2024-09-27,26125.0,26550.0,25942.69921875,26247.900390625,64958
2024-09-30,26149.0,26448.25,25907.69921875,26308.900390625,36112
2024-10-01,26392.5,26580.80078125,26199.30078125,26523.25,27911
2024-10-03,26387.849609375,26698.900390625,25950.30078125,26259.19921875,29136
2024-10-04,26370.099609375,26500.0,25865.0,26034.19921875,35441
2024-10-07,26034.19921875,26168.0,25240.55078125,25376.44921875,29707
2024-10-08,25305.0,25639.55078125,25117.900390625,25582.900390625,26091
2024-10-09,25580.94921875,25580.94921875,24856.400390625,24975.05078125,55676
2024-10-10,25099.94921875,25196.900390625,24600.0,24641.80078125,34741
2024-10-11,24551.0,24657.650390625,24219.94921875,24337.05078125,16368
2024-10-14,24435.0,24598.0,24145.0,24572.19921875,15627
2024-10-15,24651.0,24966.75,24581.0,24718.5,25592
2024-10-16,24731.0,24731.0,24262.55078125,24439.55078125,14359
2024-10-17,24501.0,24543.19921875,24050.0,24245.099609375,18593
2024-10-18,24201.0,24375.0,24088.05078125,24325.25,6317
2024-10-21,24320.400390625,24432.69921875,23999.849609375,24297.75,29725
2024-10-22,24220.0,24848.0,24220.0,24434.400390625,59982
2024-10-23,24434.400390625,24844.0,24350.0,24710.25,38391
2024-10-24,24637.599609375,25365.400390625,24600.0,25065.30078125,71701
2024-10-25,25170.0,25182.0,24719.599609375,24956.80078125,34088
2024-10-28,24963.0,25250.0,24956.849609375,25056.150390625,15081
2024-10-29,25194.0,25385.30078125,24986.099609375,25331.75,13388
2024-10-30,25100.0,25508.400390625,25020.05078125,25351.349609375,24313
2024-10-31,25346.5,25555.0,24970.599609375,25072.150390625,44337
2024-11-01,25349.0,25351.0,25083.25,25241.05078125,609
2024-11-04,25241.05078125,25400.0,24765.19921875,24865.30078125,12419
2024-11-05,24870.0,25000.0,24601.0,24695.900390625,8774
2024-11-06,24697.0,25100.0,24697.0,25009.150390625,6207
2024-11-07,25029.5,25198.0,24706.400390625,24778.650390625,13470
2024-11-08,24714.94921875,24849.05078125,24245.5,24533.0,17563
2024-11-11,24500.0,24562.0,24130.05078125,24418.25,25414
2024-11-12,23500.0,24470.849609375,23500.0,24372.80078125,84516
2024-11-13,24300.19921875,24300.19921875,23925.599609375,24049.19921875,34750
2024-11-14,24049.19921875,24238.349609375,23670.05078125,24091.69921875,40911
2024-11-18,23984.900390625,24182.400390625,23836.849609375,23935.05078125,8464
2024-11-19,23935.0,24356.75,23850.099609375,24106.349609375,61232
2024-11-21,23939.94921875,24439.5,23821.099609375,24052.849609375,18469
2024-11-22,24155.0,24822.0,24043.650390625,24794.75,13881
2024-11-25,24972.30078125,25763.0,24962.44921875,25467.30078125,55793
2024-11-26,25501.0,25582.05078125,24925.80078125,24980.650390625,13259
2024-11-27,25000.05078125,25578.599609375,24803.0,25421.849609375,22143
2024-11-28,25401.25,25660.150390625,25245.80078125,25545.599609375,25103
2024-11-29,25660.0,26330.0,25563.349609375,26076.44921875,71555
2024-12-02,26000.0,27055.0,26000.0,26784.0,38030
2024-12-03,26784.0,27395.0,26784.0,27159.349609375,31134
2024-12-04,27000.25,27521.0,27000.25,27403.900390625,64106
2024-12-05,27510.0,27510.0,26515.69921875,26608.0,23411
2024-12-06,26607.0,27141.349609375,26515.150390625,27076.650390625,40294
2024-12-09,27076.0,27097.0,26453.05078125,26711.25,24896
2024-12-10,26818.05078125,27196.0,26600.0,27119.30078125,15924
2024-12-11,27200.0,27551.5,26943.69921875,27305.5,27741
2024-12-12,27300.0,27373.55078125,27127.400390625,27228.75,7755
2024-12-13,27200.0,27687.94921875,27094.349609375,27591.44921875,20464
2024-12-16,27502.0,28115.0,27502.0,28091.25,37442
2024-12-17,28110.0,28494.900390625,27960.599609375,28352.19921875,46165
2024-12-18,28320.0,28381.44921875,27851.0,27908.80078125,12410
2024-12-19,27548.94921875,27896.94921875,27433.400390625,27617.099609375,8746
2024-12-20,27701.0,27786.0,27000.0,27063.5,21938
2024-12-23,27131.150390625,27383.94921875,26940.599609375,27199.900390625,57436
2024-12-24,27186.099609375,27378.80078125,26627.69921875,26707.69921875,58697
2024-12-26,26774.349609375,26870.900390625,26236.80078125,26342.69921875,39157
2024-12-27,26355.0,26440.849609375,25864.650390625,26049.0,15086
2024-12-30,25990.0,26449.0,25545.400390625,25790.349609375,98314
2024-12-31,25710.05078125,26050.0,25637.25,25694.19921875,9098
2025-01-01,25710.349609375,25899.900390625,25176.099609375,25504.25,16145
2025-01-02,25764.19921875,26750.94921875,25587.69921875,26689.900390625,41231
2025-01-03,26850.94921875,26955.0,26001.0,26096.25,27472
2025-01-06,26121.0,26327.94921875,25780.75,25908.599609375,32735
2025-01-07,25999.900390625,26300.0,25782.599609375,26003.900390625,20692
2025-01-08,26130.0,26249.94921875,25798.55078125,26027.44921875,18111
2025-01-09,26000.0,26072.0,25670.05078125,25961.80078125,26639
2025-01-10,25950.0,26061.75,25550.05078125,25738.30078125,29569
2025-01-13,25427.599609375,25499.900390625,24817.80078125,24874.5,39339
2025-01-14,24874.5,25301.0,24870.05078125,25130.19921875,12486
2025-01-15,25280.19921875,25383.69921875,25068.30078125,25294.599609375,35010
2025-01-16,25350.0,25794.0,25305.0,25417.44921875,14703
2025-01-17,25350.0,25637.94921875,25205.5,25315.44921875,21618
2025-01-20,25315.44921875,25315.44921875,24967.55078125,25146.0,15923
2025-01-21,25107.599609375,25550.0,25010.099609375,25086.75,15268
2025-01-22,25105.099609375,25428.0,25025.400390625,25292.55078125,27398
2025-01-23,25200.0,26025.0,25182.19921875,25926.80078125,58591
2025-01-24,25926.80078125,26393.400390625,25646.80078125,25783.150390625,31358
2025-01-27,25600.0,25744.5,24862.55078125,25131.400390625,42809
2025-01-28,25150.0,26290.25,25069.94921875,26033.0,33890
2025-01-29,26033.0,27074.30078125,25896.0,26651.349609375,37297
2025-01-30,26670.0,27374.0,26550.94921875,26830.5,32714
2025-01-31,27124.0,28000.0,26682.650390625,27795.900390625,48056
2025-02-01,27918.94921875,27943.849609375,26419.75,27363.75,30109
2025-02-03,27000.0,27723.44921875,26856.55078125,27555.349609375,31317
2025-02-04,27600.0,28029.849609375,27349.75,27933.400390625,22726
2025-02-05,27899.0,28598.44921875,27735.19921875,28402.099609375,28456
2025-02-06,28401.80078125,28401.80078125,27731.69921875,27822.55078125,14552
2025-02-07,27900.0,28430.0,27867.349609375,28249.099609375,70630
2025-02-10,28308.0,28500.0,27935.849609375,28044.05078125,13510
2025-02-11,28150.0,28445.400390625,27785.44921875,27989.75,69686
2025-02-12,27800.0,28350.0,27352.400390625,28235.05078125,18436
2025-02-13,28300.30078125,28750.0,28113.25,28225.0,22179
2025-02-14,28500.0,28748.30078125,27911.0,28556.05078125,64359
2025-02-17,28490.0,28500.0,28118.150390625,28309.150390625,33067
2025-02-18,28330.0,28447.599609375,28007.650390625,28361.19921875,22494
2025-02-19,28351.0,28800.0,28260.650390625,28655.150390625,15671
2025-02-20,28650.0,28900.0,28288.099609375,28496.75,23853
2025-02-21,28407.599609375,28592.80078125,28179.44921875,28405.69921875,13779
2025-02-24,28301.0,28474.849609375,28186.150390625,28292.400390625,11442
2025-02-25,28244.0,28589.0,28029.0,28197.44921875,31625
2025-02-27,28101.0,28510.0,27741.55078125,28306.400390625,53283
2025-02-28,28108.349609375,28172.0,27002.19921875,27284.0,71987
2025-03-03,27284.0,27808.650390625,27270.0,27678.900390625,39731
2025-03-04,27362.5,27625.099609375,27151.05078125,27363.349609375,74924
2025-03-05,27440.0,28231.099609375,27159.5,28155.44921875,30701
2025-03-06,28200.0,28548.0,27974.650390625,28061.75,22246
2025-03-07,28061.75,28477.0,27900.05078125,27985.19921875,15712
2025-03-10,27985.19921875,28351.0,27780.900390625,27883.650390625,15735
2025-03-11,27581.44921875,28190.900390625,27581.44921875,27937.0,13576
2025-03-12,28100.0,28200.0,27251.05078125,27531.0,30641
2025-03-13,27737.55078125,27737.55078125,27400.0,27495.150390625,17124
2025-03-17,27495.150390625,28031.599609375,27373.349609375,27734.599609375,54828
2025-03-18,27734.599609375,27734.599609375,27734.599609375,27734.599609375,0
2025-03-19,27850.0,28691.099609375,27755.0,28527.849609375,35602
2025-03-20,28744.0,28799.900390625,28177.650390625,28628.849609375,25300
2025-03-21,28799.0,29320.0,28642.099609375,28987.400390625,63982
2025-03-24,29050.0,29644.599609375,28931.0,29442.650390625,20004
2025-03-25,29700.0,30175.0,29447.900390625,29544.05078125,79264
2025-03-26,29555.099609375,30032.900390625,29451.0,29931.099609375,24799
2025-03-27,29931.099609375,30498.0,29731.099609375,30146.44921875,71437
2025-03-28,30700.0,31237.94921875,30438.55078125,30502.94921875,58593
2025-04-01,30546.150390625,30609.44921875,30057.150390625,30246.400390625,19571
2025-04-02,30498.80078125,30499.0,30037.05078125,30273.400390625,52150
2025-04-03,30000.0,31139.94921875,29900.05078125,30902.0,26224
2025-04-04,30902.0,31000.0,30513.5,30694.5,14821
2025-04-07,29600.30078125,30247.900390625,29390.0,29751.55078125,54086
2025-04-08,30247.0,30594.94921875,30165.80078125,30433.19921875,42775
2025-04-09,30409.05078125,30638.05078125,30128.94921875,30370.25,39073
2025-04-11,30638.0,30709.94921875,29755.0,30107.94921875,32572
2025-04-15,31000.0,31245.0,30155.0,31125.0,39498
2025-04-16,31000.0,31290.0,30590.0,30800.0,25525
2025-04-17,30795.0,31090.0,30525.0,31000.0,36538
2025-04-21,31000.0,31415.0,30720.0,31155.0,28359
2025-04-22,31290.0,31385.0,30800.0,30910.0,45981
2025-04-23,30910.0,31135.0,30280.0,30365.0,27170
2025-04-24,30535.0,30850.0,30260.0,30705.0,55566
2025-04-25,30990.0,30990.0,29955.0,30540.0,26946
2025-04-28,30540.0,30830.0,30330.0,30400.0,22491
2025-04-29,30780.0,30780.0,29690.0,30025.0,25432
2025-04-30,30190.0,30430.0,29540.0,29710.0,22258
2025-05-02,29710.0,29825.0,28980.0,29280.0,17300
2025-05-05,29340.0,29625.0,29335.0,29470.0,14607
2025-05-06,29620.0,29925.0,29370.0,29485.0,28266
2025-05-07,29035.0,29620.0,29035.0,29570.0,11379
2025-05-08,29695.0,29750.0,29100.0,29410.0,44201
2025-05-09,29075.0,29580.0,28720.0,29230.0,24760
2025-05-12,29610.0,30240.0,29610.0,30135.0,13032
2025-05-13,30210.0,30445.0,29650.0,30145.0,39445
2025-05-14,30295.0,30910.0,30110.0,30620.0,98120
2025-05-15,30990.0,31835.0,30895.0,31400.0,172193
2025-05-16,31400.0,31720.0,31005.0,31615.0,34222
2025-05-19,31615.0,31650.0,31190.0,31600.0,28500
2025-05-20,31310.0,31920.0,31310.0,31525.0,29706
2025-05-21,31500.0,31800.0,31385.0,31490.0,31519
2025-05-22,31490.0,31650.0,31305.0,31410.0,34673
2025-05-23,31430.0,31820.0,31390.0,31495.0,19027
2025-05-26,31495.0,31695.0,31000.0,31100.0,15503
2025-05-27,31330.0,31330.0,30760.0,30950.0,37923
2025-05-28,31230.0,31230.0,29825.0,29895.0,34686
2025-05-29,29900.0,30020.0,29615.0,29915.0,50069
2025-05-30,29950.0,30075.0,29480.0,29595.0,65782
2025-06-02,29785.0,29785.0,29190.0,29410.0,25260
2025-06-03,29400.0,29635.0,29250.0,29375.0,26184
2025-06-04,29350.0,29700.0,29215.0,29440.0,16028
2025-06-05,29460.0,29615.0,29340.0,29515.0,27504
2025-06-06,29695.0,29840.0,29450.0,29600.0,28546
2025-06-09,29700.0,29890.0,29345.0,29825.0,26404
2025-06-10,30000.0,30145.0,29735.0,29825.0,22926
2025-06-11,29950.0,30200.0,29655.0,29830.0,35659
2025-06-12,29985.0,30045.0,29530.0,29690.0,36013
2025-06-13,29590.0,29695.0,29240.0,29610.0,16460
2025-06-16,29700.0,29905.0,29545.0,29805.0,19409
2025-06-17,29850.0,29900.0,29505.0,29620.0,17595
2025-06-18,29780.0,29780.0,29225.0,29305.0,13011
2025-06-19,29470.0,29470.0,29095.0,29310.0,15605
2025-06-20,29420.0,29555.0,28590.0,28875.0,296684
2025-06-23,28755.0,28915.0,28450.0,28565.0,35494
2025-06-24,28735.0,28770.0,28355.0,28505.0,79141
2025-06-25,28645.0,29185.0,28475.0,29075.0,92269
2025-06-26,29130.0,30150.0,29130.0,30105.0,98924
2025-06-27,30005.0,31280.0,30000.0,31030.0,218128
2025-06-30,30895.0,31125.0,30595.0,31030.0,42009
2025-07-01,31105.0,31650.0,31105.0,31185.0,46618
2025-07-02,31435.0,31700.0,31030.0,31640.0,20945
2025-07-03,31640.0,31885.0,31340.0,31420.0,26592
2025-07-04,31550.0,31575.0,31175.0,31315.0,12514
2025-07-07,31315.0,31385.0,30825.0,31105.0,15768
2025-07-08,31270.0,31350.0,30955.0,31300.0,27148
2025-07-09,31260.0,31675.0,31150.0,31615.0,25101
2025-07-10,31610.0,31660.0,30970.0,31175.0,31524
2025-07-11,31330.0,31570.0,31060.0,31210.0,26485
2025-07-14,31210.0,31470.0,30895.0,31100.0,24794
2025-07-15,31150.0,31195.0,30830.0,31080.0,13064
2025-07-16,31190.0,31190.0,30600.0,30955.0,15939
2025-07-17,31000.0,31000.0,30700.0,30845.0,10121
2025-07-18,30895.0,31090.0,30725.0,30790.0,21051
2025-07-21,30900.0,31595.0,30880.0,31535.0,48993
2025-07-22,31535.0,32490.0,31500.0,32345.0,59832
2025-07-23,32490.0,32490.0,31555.0,32115.0,34639
2025-07-24,32115.0,32270.0,31665.0,31745.0,20833
2025-07-25,31745.0,31745.0,30770.0,30950.0,16681
2025-07-28,31080.0,31505.0,30455.0,30695.0,27460
2025-07-29,30695.0,30710.0,30110.0,30410.0,20699
2025-07-30,30500.0,30780.0,30225.0,30590.0,18682
2025-07-31,30400.0,31020.0,30390.0,30810.0,15010
2025-08-01,30990.0,31035.0,30540.0,30675.0,29448
2025-08-04,30725.0,31110.0,30120.0,30645.0,91108
2025-08-05,30880.0,30880.0,30000.0,30205.0,38269
2025-08-06,30300.0,30675.0,30100.0,30570.0,45369
2025-08-07,30300.0,30710.0,30180.0,30655.0,13398
2025-08-08,30560.0,30935.0,30330.0,30415.0,14155
2025-08-11,30435.0,30845.0,30350.0,30640.0,18515
2025-08-12,30640.0,30700.0,30355.0,30410.0,19839
2025-08-13,30450.0,30735.0,30250.0,30410.0,47546
2025-08-14,30610.0,30610.0,30230.0,30400.0,34703
2025-08-18,31000.0,31920.0,30755.0,31340.0,40018
2025-08-19,31495.0,31600.0,30640.0,30905.0,44452
2025-08-20,31025.0,31225.0,30620.0,30690.0,29464
2025-08-21,30790.0,30950.0,30400.0,30605.0,12148
2025-08-22,30800.0,30800.0,29910.0,30005.0,23082
2025-08-25,30150.0,30380.0,29940.0,30015.0,36110
2025-08-26,30000.0,30500.0,29680.0,30110.0,27970
2025-08-28,30150.0,30155.0,29630.0,29675.0,32689
2025-08-29,29795.0,29930.0,29210.0,29275.0,63260
2025-09-01,29350.0,29975.0,29305.0,29870.0,37442
2025-09-02,29900.0,30155.0,29745.0,29995.0,23155
2025-09-03,30100.0,30275.0,29880.0,29940.0,23539
2025-09-04,30380.0,30750.0,29845.0,29945.0,25439
2025-09-05,30100.0,30100.0,29670.0,30040.0,16653
2025-09-08,30000.0,30655.0,29995.0,30485.0,12239
2025-09-09,30500.0,30660.0,30115.0,30190.0,22879
2025-09-10,30300.0,30520.0,29750.0,29890.0,34161
2025-09-11,29925.0,30100.0,29625.0,29830.0,20878
2025-09-12,29850.0,29935.0,29500.0,29580.0,21104
2025-09-15,29800.0,29800.0,29230.0,29275.0,25565
2025-09-16,29500.0,29900.0,29430.0,29575.0,40795
2025-09-17,29780.0,30190.0,29540.0,29685.0,47492
2025-09-18,29880.0,30025.0,29650.0,29960.0,36221
2025-09-19,30145.0,30145.0,29685.0,29880.0,62728
2025-09-22,30000.0,30000.0,29650.0,29705.0,42575
2025-09-23,29895.0,30115.0,29690.0,29790.0,33031
2025-09-24,30000.0,30000.0,29555.0,29650.0,35863
2025-09-25,29705.0,29915.0,29430.0,29515.0,31286
2025-09-26,29515.0,29635.0,28795.0,28910.0,20857
2025-09-29,28910.0,30110.0,28720.0,29735.0,143519
2025-09-30,29600.0,29705.0,29130.0,29265.0,29375
2025-10-01,29265.0,29455.0,28930.0,29295.0,26328
2025-10-03,29300.0,29375.0,28990.0,29180.0,13811
2025-10-06,29000.0,29370.0,28905.0,29295.0,12202
2025-10-07,29370.0,29750.0,29355.0,29530.0,13596
2025-10-08,29675.0,29690.0,29170.0,29285.0,10980
2025-10-09,29350.0,29720.0,29295.0,29485.0,22117
2025-10-10,29470.0,29705.0,29345.0,29445.0,17432
2025-10-13,29425.0,29670.0,29270.0,29615.0,13296
2025-10-14,29640.0,29745.0,29450.0,29615.0,15385
2025-10-15,29625.0,30100.0,29535.0,29940.0,15822
2025-10-16,29985.0,30285.0,29940.0,30010.0,12514
2025-10-17,29975.0,30040.0,29550.0,29690.0,16520
2025-10-20,29835.0,29840.0,28765.0,28880.0,23281
2025-10-21,29045.0,29085.0,28755.0,28950.0,1726
2025-10-23,29025.0,29350.0,28850.0,28970.0,48966
2025-10-24,29100.0,29110.0,28525.0,28705.0,25030
2025-10-27,28845.0,28930.0,28520.0,28590.0,36230
2025-10-28,28780.0,28780.0,28300.0,28585.0,34211
2025-10-29,28585.0,29425.0,28450.0,29210.0,79429
2025-10-30,29200.0,29200.0,28680.0,28740.0,22402
2025-10-31,28730.0,28740.0,28260.0,28310.0,24223
2025-11-03,28310.0,28395.0,27860.0,27975.0,12006
2025-11-04,28095.0,28095.0,27540.0,27600.0,12031
2025-11-06,27620.0,27690.0,27400.0,27450.0,15109
2025-11-07,27400.0,27760.0,27210.0,27375.0,23046
2025-11-10,27400.0,27535.0,27035.0,27090.0,32166
2025-11-11,27250.0,27250.0,26915.0,27035.0,19431
2025-11-12,27245.0,27245.0,26970.0,27095.0,24395
2025-11-13,27200.0,27275.0,26950.0,26995.0,14547
2025-11-14,26955.0,27090.0,26610.0,26700.0,18167
2025-11-17,26820.0,26820.0,26610.0,26680.0,20761
2025-11-18,26690.0,26760.0,26300.0,26420.0,36817
2025-11-19,26495.0,26630.0,26405.0,26510.0,12630
2025-11-20,26520.0,26620.0,26395.0,26480.0,15461
2025-11-21,26505.0,26750.0,26420.0,26480.0,15422
2025-11-24,26490.0,26540.0,26325.0,26490.0,23404
2025-11-25,26490.0,26505.0,26360.0,26455.0,35989
2025-11-26,26655.0,26975.0,26480.0,26935.0,16119
2025-11-27,26935.0,26945.0,26615.0,26755.0,25657
2025-11-28,26780.0,26865.0,26325.0,26400.0,15137
2025-12-01,26550.0,26565.0,26320.0,26415.0,16587
2025-12-02,26250.0,26645.0,26165.0,26545.0,34844
2025-12-03,26645.0,26685.0,26115.0,26300.0,36102
2025-12-04,26270.0,26490.0,26180.0,26450.0,9275
2025-12-05,26450.0,26455.0,26015.0,26075.0,30319
2025-12-08,26000.0,26365.0,26000.0,26135.0,48562
2025-12-09,26135.0,26350.0,25750.0,26100.0,117831
2025-12-10,26000.0,26095.0,25645.0,25885.0,32453
2025-12-11,25745.0,26350.0,25740.0,26080.0,46366
2025-12-12,26100.0,26460.0,26100.0,26285.0,23933
2025-12-15,26285.0,26720.0,26025.0,26625.0,66214
2025-12-16,26680.0,26700.0,25915.0,25990.0,30430
2025-12-17,25990.0,26185.0,25900.0,26045.0,64316
2025-12-18,26045.0,26090.0,25535.0,25645.0,23636
2025-12-19,25490.0,25715.0,25360.0,25600.0,47019
2025-12-22,25850.0,25850.0,25605.0,25710.0,13917
2025-12-23,25710.0,26150.0,25600.0,25940.0,46538
2025-12-24,25945.0,26190.0,25850.0,26145.0,18508
2025-12-26,26140.0,26490.0,26070.0,26420.0,46123
2025-12-29,26450.0,26450.0,26170.0,26275.0,57381
2025-12-30,26275.0,26405.0,26090.0,26340.0,137300
2025-12-31,26400.0,26635.0,26270.0,26575.0,24906
2026-01-01,26600.0,26865.0,26425.0,26835.0,9497
2026-01-02,26775.0,27095.0,26705.0,27045.0,36285
2026-01-05,27070.0,27690.0,27070.0,27645.0,23089
2026-01-06,27670.0,28090.0,27545.0,27670.0,35574
2026-01-07,27560.0,27665.0,27205.0,27320.0,22391
2026-01-08,27330.0,27360.0,26780.0,26850.0,17963
2026-01-09,26850.0,27085.0,26670.0,26950.0,33316
2026-01-12,26965.0,27245.0,26685.0,27165.0,22728
2026-01-13,27180.0,27400.0,26920.0,27155.0,16064
2026-01-14,26945.0,27670.0,26930.0,27550.0,37405
2026-01-15,27550.0,27550.0,27550.0,27550.0,0
2026-01-16,27550.0,27900.0,27370.0,27840.0,32929
2026-01-19,27610.0,27980.0,27445.0,27510.0,10707
2026-01-20,27500.0,27915.0,27095.0,27225.0,42671
2026-01-21,27225.0,27450.0,26990.0,27370.0,25027
2026-01-22,27500.0,27715.0,27330.0,27430.0,14663
2026-01-23,27455.0,27555.0,26935.0,27000.0,24439
2026-01-27,27200.0,27720.0,27040.0,27220.0,32223
2026-01-28,27200.0,27550.0,27045.0,27480.0,18343
2026-01-29,27500.0,27500.0,26865.0,27055.0,28182
2026-01-30,27055.0,27200.0,26805.0,26985.0,42402
2026-02-02,26385.0,26850.0,26110.0,26800.0,42072
2026-02-03,27200.0,27435.0,26780.0,27020.0,51933
2026-02-04,27080.0,27525.0,26905.0,27350.0,25807
2026-02-05,27460.0,27545.0,27100.0,27225.0,38447
2026-02-06,27270.0,27430.0,27040.0,27330.0,14772
2026-02-09,26685.0,27260.0,26435.0,27145.0,74200
2026-02-10,27070.0,27090.0,26450.0,26525.0,38471
2026-02-11,26600.0,26850.0,26365.0,26805.0,25422
2026-02-12,26750.0,26800.0,26280.0,26340.0,28166
2026-02-13,26090.0,26255.0,25750.0,26130.0,27809
2026-02-16,25940.0,26375.0,25915.0,26315.0,11713
2026-02-17,26200.0,26440.0,26125.0,26370.0,12987
2026-02-18,26495.0,26780.0,26335.0,26635.0,24271
2026-02-19,26780.0,27150.0,26110.0,26215.0,32451
2026-02-20,26250.0,26700.0,25965.0,26510.0,16060
2026-02-23,26520.0,27045.0,26365.0,26550.0,24261
2026-02-24,26460.0,26790.0,26270.0,26525.0,28322
2026-02-25,26400.0,26980.0,26400.0,26865.0,16889
2026-02-26,26865.0,27020.0,26605.0,26745.0,12433
2026-02-27,26850.0,26865.0,25965.0,26075.0,45243
2026-03-02,25200.0,26215.0,25185.0,26125.0,28282
2026-03-04,25865.0,25865.0,24955.0,25355.0,37304
2026-03-05,25355.0,25520.0,24760.0,25200.0,37079
2026-03-06,25150.0,25275.0,24825.0,24875.0,19762
2026-03-09,24600.0,24600.0,23520.0,23590.0,37789
2026-03-10,23925.0,24245.0,23850.0,23960.0,69919
2026-03-11,24130.0,24130.0,23695.0,23740.0,44506
2026-03-12,23740.0,23740.0,23315.0,23500.0,40125
2026-03-13,23500.0,23505.0,22855.0,22965.0,48594
2026-03-16,22970.0,23470.0,22945.0,23315.0,43173
2026-03-17,23395.0,23780.0,23170.0,23675.0,15748
2026-03-18,23910.0,24000.0,23705.0,23925.0,16992
2026-03-19,23410.0,23645.0,23125.0,23335.0,20065
2026-03-20,23405.0,23710.0,23360.0,23535.0,29852
2026-03-23,23495.0,23495.0,22550.0,22725.0,36958
2026-03-24,23085.0,23475.0,22615.0,23325.0,39516
2026-03-25,23500.0,24355.0,23445.0,24230.0,19081
2026-03-27,24220.0,24220.0,23565.0,23705.0,52525
2026-03-30,23365.0,23625.0,22955.0,23020.0,81205
2026-04-01,23490.0,23510.0,23080.0,23265.0,19991
2026-04-02,22955.0,23265.0,22675.0,23125.0,20490
2026-04-06,23460.0,24015.0,22980.0,23695.0,31374
2026-04-07,23390.0,23525.0,23140.0,23350.0,57843
2026-04-08,24200.0,24700.0,23895.0,24360.0,31556
2026-04-09,24200.0,24320.0,23665.0,23990.0,103272
2026-04-10,23990.0,24495.0,23940.0,24340.0,75983
2026-04-13,23940.0,24395.0,23600.0,24300.0,24038
2026-04-15,24700.0,25150.0,24545.0,24965.0,82224
2026-04-16,25200.0,25275.0,24830.0,25110.0,34710
2026-04-17,25110.0,25325.0,25055.0,25290.0,16254
2026-04-20,25300.0,25520.0,25050.0,25490.0,35020
2026-04-21,25420.0,25890.0,25230.0,25540.0,8307
2026-04-22,25590.0,25800.0,25455.0,25735.0,11486
2026-04-23,25605.0,25850.0,25125.0,25470.0,15269
2026-04-24,25470.0,25550.0,24815.0,24950.0,11419
2026-04-27,25070.0,25465.0,25020.0,25125.0,35881
2026-04-28,25200.0,25230.0,24680.0,24890.0,29353
2026-04-29,25100.0,25355.0,24500.0,24555.0,11849
2026-04-30,24450.0,24450.0,23800.0,24195.0,32295
2026-05-01,24195.0,24195.0,24195.0,24195.0,0
2026-05-04,24295.0,24900.0,24295.0,24740.0,12120
2026-05-05,24600.0,24990.0,24405.0,24845.0,19537
2026-05-06,25105.0,25200.0,24660.0,24975.0,52938
2026-05-07,25450.0,25990.0,25430.0,25595.0,58542
2026-05-08,25590.0,25590.0,25165.0,25435.0,30524
2026-05-11,25190.0,25385.0,25000.0,25205.0,11351
2026-05-12,25100.0,25325.0,24800.0,24860.0,19036
2026-05-13,24705.0,25285.0,24705.0,24995.0,13838
2026-05-14,25210.0,25300.0,24900.0,25025.0,14353
2026-05-15,25030.0,25385.0,24905.0,24970.0,6055
2026-05-18,24800.0,24905.0,24160.0,24475.0,14351
2026-05-19,24450.0,24585.0,24270.0,24425.0,16083
2026-05-20,24350.0,24545.0,23990.0,24420.0,13297
2026-05-21,24510.0,24870.0,24400.0,24605.0,11833
2026-05-22,24610.0,25030.0,24610.0,24785.0,13414
2026-05-25,24950.0,25425.0,24870.0,25355.0,11177
2026-05-26,25355.0,25395.0,24890.0,25180.0,17032
2026-05-27,25390.0,25600.0,25105.0,25400.0,7231
2026-05-28,25400.0,25400.0,25400.0,25400.0,0
2026-05-29,25405.0,25575.0,25025.0,25275.0,86354
2026-06-01,25275.0,25295.0,24970.0,25060.0,38284
2026-06-02,24890.0,25255.0,24655.0,24995.0,22992
2026-06-03,24950.0,24960.0,24500.0,24775.0,26132
2026-06-04,24605.0,24805.0,24415.0,24485.0,28175
2026-06-05,24625.0,24690.0,24030.0,24085.0,22308
2026-06-08,24030.0,24090.0,23410.0,23535.0,45226
2026-06-09,23535.0,23625.0,23290.0,23415.0,51825
2026-06-10,23415.0,24125.0,23290.0,23850.0,55011
2026-06-11,23685.0,23830.0,23510.0,23700.0,20405
2026-06-12,23785.0,24315.0,23785.0,24175.0,19388
2026-06-15,24675.0,25130.0,24560.0,24825.0,22005
2026-06-16,24970.0,25040.0,24550.0,24870.0,48164
2026-06-17,24950.0,25455.0,24740.0,24970.0,22298
2026-06-18,25170.0,25470.0,24795.0,25410.0,24779
2026-06-19,25350.0,25405.0,24940.0,25075.0,14059
2026-06-22,25250.0,25260.0,24900.0,24995.0,30107
2026-06-23,25025.0,25180.0,24765.0,25035.0,18096
2026-06-24,25540.0,26165.0,24955.0,26070.0,59710
2026-06-25,26085.0,26335.0,25660.0,25735.0,32062
2026-06-26,25735.0,25735.0,25735.0,25735.0,0
2026-06-29,25865.0,25960.0,25040.0,25145.0,95945
2026-06-30,25280.0,25385.0,25055.0,25250.0,30948
2026-07-01,25590.0,26050.0,25525.0,25920.0,33234
2026-07-02,26020.0,26330.0,25965.0,26220.0,10263
2026-07-03,26495.0,26970.0,26345.0,26765.0,21488
2026-07-06,26770.0,26845.0,26525.0,26630.0,7076
2026-07-07,26660.0,26850.0,26550.0,26710.0,8495
2026-07-08,26635.0,26775.0,25805.0,25910.0,15874
2026-07-09,25910.0,26575.0,25905.0,26295.0,12300
2026-07-10,26460.0,26815.0,26395.0,26615.0,6542
2026-07-13,26530.0,26575.0,26330.0,26420.0,6450
2026-07-14,26290.0,26335.0,26015.0,26280.0,10021
2026-07-15,26285.0,27045.0,26285.0,26925.0,17102
2026-07-16,27050.0,27260.0,26710.0,27000.0,37283
2026-07-17,26995.0,26995.0,26400.0,26515.0,12749
2026-07-20,26515.0,27125.0,26400.0,26850.0,7046
2026-07-21,26790.0,27285.0,26785.0,27245.0,19707
2026-07-22,27245.0,27245.0,26620.0,26720.0,11733
2026-07-23,26605.0,27135.0,26605.0,,31050
