date,open,high,low,close,volume
2019-07-23,695.6824340820312,716.0806884765625,692.5419921875,707.1582641601562,753346
2019-07-24,707.1582641601562,707.1582641601562,683.3848266601562,694.1856079101562,560363
2019-07-25,698.9989624023438,704.3994140625,685.4099731445312,687.7285766601562,482450
2019-07-26,689.988525390625,703.3427734375,686.8187255859375,696.3574829101562,349772
2019-07-29,697.3554077148438,706.6886596679688,682.1227416992188,685.4686279296875,440613
2019-07-30,683.4434814453125,693.2463989257812,671.5274047851562,677.8963623046875,525905
2019-07-31,675.0200805664062,682.7097778320312,667.4183959960938,671.9676513671875,837312
2019-08-01,669.179443359375,676.1940307617188,646.8734130859375,657.1459350585938,666992
2019-08-02,654.47509765625,662.5463256835938,646.0222778320312,654.5337524414062,700586
2019-08-05,647.5778198242188,659.6406860351562,637.5108032226562,649.896484375,457228
2019-08-06,644.5841674804688,669.737060546875,644.5841674804688,663.9844970703125,711182
2019-08-07,663.8964233398438,666.2444458007812,643.0872802734375,646.5505981445312,588981
2019-08-08,655.6197509765625,699.7620849609375,648.0474243164062,675.1668090820312,4043596
2019-08-09,677.3973999023438,697.3554077148438,675.1080932617188,684.7642822265625,1201265
2019-08-13,687.96337890625,689.4015502929688,667.2129516601562,670.3827514648438,715898
2019-08-14,670.3827514648438,688.8438720703125,665.6574096679688,682.56298828125,737903
2019-08-16,676.2821044921875,689.6069946289062,669.5022583007812,680.9780883789062,593584
2019-08-19,685.0283813476562,697.3554077148438,681.5651245117188,684.9990234375,517083
2019-08-20,685.674072265625,688.4036254882812,673.8754272460938,685.5567016601562,432833
2019-08-21,683.8544311523438,685.5567016601562,672.3198852539062,676.1647338867188,423867
2019-08-22,679.1290283203125,681.623779296875,662.3408813476562,668.7391357421875,417213
2019-08-23,666.8314208984375,678.5714111328125,658.8775634765625,673.640625,389267
2019-08-26,685.52734375,692.5419921875,666.8314208984375,688.080810546875,807186
2019-08-27,691.5147705078125,717.8416748046875,691.4854125976562,702.52099609375,1089029
2019-08-28,702.0513916015625,706.1016845703125,688.1101684570312,691.4560546875,239235
2019-08-29,689.0786743164062,699.7620849609375,681.5064086914062,690.2820434570312,341519
2019-08-30,692.659423828125,709.682373046875,684.5001220703125,705.7201538085938,722201
2019-09-03,703.8123779296875,708.9779663085938,673.6993408203125,679.5986328125,726530
2019-09-04,680.8607177734375,687.3764038085938,666.8314208984375,685.4979858398438,421838
2019-09-05,688.9319458007812,693.89208984375,683.2967529296875,686.8187255859375,397668
2019-09-06,693.2463989257812,701.3469848632812,682.5923461914062,697.5021362304688,334610
2019-09-09,695.2421875,720.1603393554688,693.217041015625,715.7578125,650705
2019-09-11,722.0093994140625,727.35107421875,713.7913818359375,718.9276123046875,1188994
2019-09-12,723.183349609375,731.9883422851562,712.3532104492188,721.4517211914062,952922
2019-09-13,720.7766723632812,735.97998046875,718.19384765625,731.5774536132812,682121
2019-09-16,724.9443969726562,738.7975463867188,722.361572265625,729.3468627929688,601564
2019-09-17,727.8793334960938,742.5543212890625,725.5313720703125,729.7283935546875,719518
2019-09-18,733.7493286132812,739.5606689453125,726.1770629882812,732.2818603515625,571210
2019-09-19,728.2022094726562,731.9883422851562,720.0429077148438,724.4747924804688,487114
2019-09-20,728.5250854492188,783.644287109375,721.4810791015625,779.3885498046875,1735551
2019-09-23,792.4492797851562,857.312744140625,792.4492797851562,848.2435913085938,1956386
2019-09-24,848.2142333984375,876.85986328125,834.5371704101562,842.5203857421875,1353861
2019-09-25,835.9166259765625,865.8535766601562,835.9166259765625,846.7467651367188,1925386
2019-09-26,850.7970581054688,880.4992065429688,846.4238891601562,874.5118408203125,1853964
2019-09-27,872.8682250976562,892.2391967773438,867.3211059570312,885.8115844726562,1596771
2019-09-30,885.8115844726562,896.8178100585938,867.6732788085938,889.9205932617188,1405490
2019-10-01,891.593505859375,918.6541748046875,888.1889038085938,905.886962890625,1926516
2019-10-03,905.740234375,911.023193359375,880.8220825195312,895.5557861328125,1085902
2019-10-04,895.76123046875,913.6353759765625,895.76123046875,900.1050415039062,1244285
2019-10-07,896.9352416992188,915.7191772460938,876.5076293945312,893.06103515625,1417171
2019-10-09,893.06103515625,936.26416015625,889.5977172851562,932.2725830078125,1806085
2019-10-10,930.981201171875,938.4360961914062,912.3145751953125,922.9392700195312,1363396
2019-10-11,922.9392700195312,936.26416015625,918.6835327148438,924.0839233398438,865619
2019-10-14,927.5178833007812,941.8406982421875,921.3837280273438,923.7611083984375,988462
2019-10-15,926.6961059570312,936.5576782226562,923.9371948242188,934.503173828125,822695
2019-10-16,936.26416015625,949.7651977539062,934.503173828125,945.8029174804688,1020535
2019-10-17,945.1865844726562,958.2179565429688,944.1300048828125,952.43603515625,1461498
2019-10-18,954.197021484375,972.0711669921875,951.0565795898438,967.7860717773438,852815
2019-10-22,968.5491333007812,994.0836181640625,966.1718139648438,983.22412109375,1009869
2019-10-23,983.22412109375,1008.1422729492188,974.0082397460938,982.1675415039062,1330491
2019-10-24,982.3436279296875,986.716796875,952.7001953125,957.5135498046875,981591
2019-10-25,955.6351928710938,957.5135498046875,934.7966918945312,951.2913818359375,1010588
2019-10-27,956.22216796875,962.6791381835938,948.004150390625,953.1697387695312,66603
2019-10-29,955.5764770507812,976.1508178710938,953.3165283203125,963.23681640625,803740
2019-10-30,971.2786865234375,980.8761596679688,963.5889892578125,969.312255859375,543980
2019-10-31,973.5973510742188,984.3687744140625,967.4925537109375,972.1298217773438,771504
2019-11-01,978.205322265625,994.02490234375,975.4464111328125,981.2576904296875,758637
2019-11-04,986.2178344726562,995.9620361328125,975.6224975585938,988.1842651367188,894486
2019-11-05,985.8656616210938,989.7105102539062,962.7965698242188,984.6329345703125,750460
2019-11-06,986.1591186523438,1003.1527709960938,974.4778442382812,987.7733764648438,1004564
2019-11-07,990.092041015625,997.8697509765625,973.8321533203125,977.3834838867188,1106939
2019-11-08,982.6077880859375,987.920166015625,962.7965698242188,967.6686401367188,1633856
2019-11-11,966.7881469726562,988.9767456054688,962.6791381835938,983.341552734375,1000324
2019-11-13,991.442138671875,994.964111328125,953.2871704101562,959.4800415039062,1436083
2019-11-14,959.744140625,968.63720703125,944.0419311523438,946.5366821289062,992682
2019-11-15,947.0062866210938,952.8175659179688,918.4193725585938,924.9937744140625,1695686
2019-11-18,924.8176879882812,937.8490600585938,907.4425048828125,912.5493774414062,1889785
2019-11-19,912.2265625,933.3291625976562,907.237060546875,926.8721923828125,1447055
2019-11-20,921.5891723632812,937.995849609375,884.021240234375,905.8576049804688,3862178
2019-11-21,908.6752319335938,910.7883911132812,894.6459350585938,905.8282470703125,1472822
2019-11-22,905.8576049804688,906.3272094726562,863.0653686523438,874.3651123046875,2495932
2019-11-25,876.9772338867188,896.7297973632812,875.5390625,893.1784057617188,1740023
2019-11-26,898.1091918945312,905.2412719726562,858.2813110351562,876.9185180664062,12984234
2019-11-27,868.641845703125,871.1072387695312,849.9752807617188,865.3839721679688,1947623
2019-11-28,869.3462524414062,876.9185180664062,860.3651733398438,872.7802124023438,811602
2019-11-29,872.427978515625,879.3252563476562,857.6356201171875,863.0066528320312,683525
2019-12-02,862.9479370117188,874.042236328125,858.8389282226562,870.3441162109375,452714
2019-12-03,867.6439208984375,876.6837158203125,860.541259765625,867.0863037109375,651337
2019-12-04,866.4112548828125,882.671142578125,857.048583984375,872.163818359375,1166694
2019-12-05,872.8682250976562,877.5055541992188,862.3903198242188,868.2015991210938,420351
2019-12-06,870.93115234375,874.4237670898438,854.9060668945312,865.9122924804688,488441
2019-12-09,868.7592163085938,871.6942138671875,858.8389282226562,865.7068481445312,346434
2019-12-10,867.5852661132812,873.9541625976562,857.0192260742188,859.8074951171875,269439
2019-12-11,861.4217529296875,879.853515625,853.2918090820312,876.3902587890625,615562
2019-12-12,879.9122314453125,884.5494995117188,864.855712890625,873.3378295898438,629571
2019-12-13,876.8011474609375,879.9122314453125,836.268798828125,871.1659545898438,603170
2019-12-16,871.1072387695312,891.3587036132812,870.3734741210938,876.595703125,1599209
2019-12-17,878.2099609375,883.3168334960938,868.9353637695312,877.5935668945312,666671
2019-12-18,879.0904541015625,889.4803466796875,876.3902587890625,882.4950561523438,763750
2019-12-19,881.9080200195312,902.2182006835938,878.7382202148438,896.7590942382812,1297924
2019-12-20,900.8093872070312,909.79052734375,890.243408203125,904.2433471679688,1744662
2019-12-23,903.3922119140625,914.5452270507812,894.7339477539062,900.0169677734375,849627
2019-12-24,902.8052368164062,908.2056274414062,898.2853393554688,901.4551391601562,339174
2019-12-26,901.71923828125,904.7716674804688,889.8912353515625,893.2664794921875,454170
2019-12-27,896.7590942382812,901.014892578125,892.385986328125,896.2014770507812,321117
2019-12-30,898.4320678710938,906.9141845703125,888.5411376953125,891.2119750976562,677794
2019-12-31,889.30419921875,894.5872192382812,876.214111328125,878.5621337890625,563043
2020-01-01,878.5621337890625,885.1365356445312,872.9269409179688,875.3629760742188,269439
2020-01-02,879.9122314453125,891.593505859375,872.0464477539062,888.5411376953125,576388
2020-01-03,889.8912353515625,890.771728515625,876.184814453125,887.0442504882812,542930
2020-01-06,874.6879272460938,883.228759765625,856.755126953125,865.53076171875,428855
2020-01-07,868.7299194335938,878.9436645507812,865.82421875,871.7822875976562,319066
2020-01-08,863.2120971679688,870.520263671875,858.8389282226562,864.7089233398438,366334
2020-01-09,886.0170288085938,887.4552001953125,872.3106079101562,886.0170288085938,355794
2020-01-10,887.543212890625,899.283203125,882.1721801757812,886.5159912109375,1223283
2020-01-13,887.543212890625,891.1826171875,874.3651123046875,881.5558471679688,573424
2020-01-14,882.26025390625,890.4782104492188,880.8220825195312,886.9562377929688,513322
2020-01-15,885.0778198242188,893.4132080078125,880.528564453125,885.3419799804688,791486
2020-01-16,886.3692016601562,907.9708251953125,886.3692016601562,901.308349609375,1198351
2020-01-17,902.2182006835938,937.8490600585938,902.2182006835938,932.1552124023438,1773349
2020-01-20,936.2055053710938,944.482177734375,927.7820434570312,934.3564453125,777998
2020-01-21,934.3270874023438,945.6561889648438,924.5828857421875,929.2788696289062,991360
2020-01-22,932.1552124023438,936.26416015625,918.9476928710938,926.0797119140625,399226
2020-01-23,926.4906616210938,936.1467895507812,921.0902709960938,929.0440673828125,601261
2020-01-24,929.22021484375,955.5764770507812,929.22021484375,953.8447875976562,1151283
2020-01-27,956.22216796875,962.0921630859375,910.1720581054688,914.0169067382812,1672517
2020-01-28,914.8973999023438,924.788330078125,881.1156005859375,884.4908447265625,1164200
2020-01-29,888.1302490234375,903.6270141601562,874.8053588867188,897.0526123046875,1068166
2020-01-30,898.1091918945312,900.6920166015625,882.5537109375,886.2518310546875,606051
2020-01-31,889.30419921875,894.7633056640625,870.1093139648438,880.64599609375,569443
2020-02-03,833.3338012695312,856.784423828125,830.8977661132812,843.6650390625,750041
2020-02-04,849.1534423828125,874.5118408203125,849.0654296875,867.2330322265625,497935
2020-02-05,872.8682250976562,885.5767822265625,868.7592163085938,879.1198120117188,465857
2020-02-06,881.6732177734375,892.8262329101562,876.8305053710938,887.0442504882812,458329
2020-02-07,886.3692016601562,889.30419921875,872.01708984375,884.6669311523438,351335
2020-02-10,884.021240234375,884.021240234375,863.2120971679688,866.3818969726562,398468
2020-02-11,870.2267456054688,893.4132080078125,857.0779418945312,877.41748046875,2387393
2020-02-12,874.6292114257812,874.6292114257812,827.22900390625,835.711181640625,2839660
2020-02-13,839.4092407226562,851.1492309570312,828.7552490234375,833.7153930664062,1227266
2020-02-14,837.883056640625,843.4888916015625,817.6903076171875,820.5665893554688,887901
2020-02-17,825.6441040039062,825.6441040039062,806.71337890625,811.6735229492188,924976
2020-02-18,809.8538208007812,821.153564453125,799.552001953125,818.3359985351562,477985
2020-02-19,823.2667846679688,836.4742431640625,821.7406005859375,834.654541015625,513920
2020-02-20,830.868408203125,839.5560302734375,826.935546875,829.254150390625,459567
2020-02-24,824.7342529296875,833.0989990234375,803.1033325195312,806.419921875,492104
2020-02-25,811.2332763671875,824.7049560546875,801.2542724609375,811.6735229492188,839636
2020-02-26,807.79931640625,820.4198608398438,786.5792846679688,790.3361206054688,944966
2020-02-27,791.2753295898438,800.080322265625,774.0762329101562,793.8580932617188,1158535
2020-02-28,783.5856323242188,789.4849853515625,755.1455078125,765.3005981445312,1389784
2020-03-02,774.8392944335938,795.7952270507812,761.3383178710938,769.3508911132812,711683
2020-03-03,774.3403930664062,799.9335327148438,763.7743530273438,796.2354736328125,947310
2020-03-04,803.602294921875,803.602294921875,769.3508911132812,782.96923828125,828942
2020-03-05,784.2900390625,794.2103271484375,774.8392944335938,783.8790893554688,786116
2020-03-06,763.6863403320312,788.1935424804688,757.5521850585938,785.9923095703125,649751
2020-03-09,771.7869262695312,774.8099975585938,744.4327392578125,755.2335205078125,982224
2020-03-11,748.42431640625,760.1936645507812,739.912841796875,754.6465454101562,1364345
2020-03-12,736.684326171875,738.4453735351562,675.0787353515625,692.80615234375,1332278
2020-03-13,635.2508544921875,757.2293090820312,588.9072265625,712.4119262695312,984905
2020-03-16,683.8544311523438,695.0367431640625,668.8565673828125,674.0221557617188,1154045
2020-03-17,676.8104248046875,708.9779663085938,660.4037475585938,666.8020629882812,794612
2020-03-18,671.5274047851562,685.8502197265625,636.5128784179688,656.236083984375,1015965
2020-03-19,637.4814453125,679.041015625,611.30126953125,653.4478149414062,647109
2020-03-20,657.7622680664062,691.9550170898438,636.8944702148438,686.5252685546875,796670
2020-03-23,636.8944702148438,679.4225463867188,556.4168090820312,584.6808471679688,534676
2020-03-24,581.7164916992188,628.03076171875,581.7164916992188,598.0350952148438,545499
2020-03-25,598.0350952148438,626.1229858398438,592.95751953125,615.9092407226562,641717
2020-03-26,628.0894775390625,668.5924072265625,628.03076171875,640.181640625,563046
2020-03-27,673.8754272460938,684.9110107421875,605.4019165039062,612.91552734375,569116
2020-03-30,609.5696411132812,641.9132690429688,599.1210327148438,634.51708984375,608838
2020-03-31,642.7644653320312,670.9404296875,639.1837158203125,653.5652465820312,1457289
2020-04-01,654.5044555664062,660.2570190429688,625.213134765625,637.0118408203125,482843
2020-04-03,643.5275268554688,643.5275268554688,612.8274536132812,617.0831909179688,477753
2020-04-07,641.00341796875,658.4373168945312,628.441650390625,653.5065307617188,402450
2020-04-08,652.1270751953125,689.7244262695312,641.5904541015625,649.07470703125,621215
2020-04-09,655.0914306640625,692.659423828125,654.5044555664062,677.69091796875,842728
2020-04-13,686.7894287109375,707.3344116210938,660.3744506835938,694.567138671875,1132224
2020-04-15,695.5944213867188,735.7745361328125,695.5944213867188,700.4371337890625,1289314
2020-04-16,694.5377807617188,720.8353881835938,687.6405639648438,710.2694091796875,1208220
2020-04-17,730.8143310546875,730.8143310546875,692.8355102539062,703.0199584960938,664452
2020-04-20,708.8018798828125,711.443359375,687.3764038085938,691.3973388671875,432879
2020-04-21,674.46240234375,687.9047241210938,674.46240234375,680.4498291015625,310368
2020-04-22,677.3973999023438,680.802001953125,651.5694580078125,664.2192993164062,1245794
2020-04-23,666.2444458007812,704.1939086914062,666.2444458007812,686.1730346679688,1779795
2020-04-24,680.3323974609375,706.5712890625,666.2444458007812,672.6427001953125,1318004
2020-04-27,681.5064086914062,690.2233276367188,668.5924072265625,671.9676513671875,486756
2020-04-28,679.6867065429688,697.795654296875,666.2444458007812,669.2380981445312,902510
2020-04-29,673.8754272460938,673.8754272460938,653.3890991210938,661.636474609375,895569
2020-04-30,673.8754272460938,692.0723876953125,665.0410766601562,669.0326538085938,1039069
2020-05-04,651.5694580078125,651.5694580078125,626.9154663085938,643.028564453125,997080
2020-05-05,650.3954467773438,659.0536499023438,624.0684814453125,627.9426879882812,690784
2020-05-06,627.7372436523438,645.1124267578125,610.1859741210938,616.1439819335938,1037259
2020-05-07,616.290771484375,630.3787231445312,613.4144897460938,619.1670532226562,568836
2020-05-08,624.80224609375,629.4102172851562,608.2488403320312,612.4459228515625,537518
2020-05-11,620.1062622070312,621.5150756835938,597.27197265625,604.6681518554688,978421
2020-05-12,602.3201904296875,607.779296875,584.8275756835938,595.9512329101562,927820
2020-05-13,616.3494873046875,623.3934326171875,601.6744995117188,613.2677001953125,919832
2020-05-14,592.8695068359375,633.95947265625,581.892578125,615.8505249023438,2900407
2020-05-15,617.1712646484375,639.506591796875,610.5087890625,635.4856567382812,2088955
2020-05-18,636.806396484375,636.8944702148438,581.1295166015625,585.267822265625,1227416
2020-05-19,607.51513671875,611.1251831054688,587.7332153320312,599.2384033203125,1966195
2020-05-20,599.0623168945312,610.4794921875,589.6116333007812,600.383056640625,910101
2020-05-21,601.6744995117188,608.4249877929688,593.2216796875,599.7667236328125,1097651
2020-05-22,596.9784545898438,605.6660766601562,587.8212890625,595.8045043945312,902873
2020-05-26,598.739501953125,609.8924560546875,595.8045043945312,599.8841552734375,834871
2020-05-27,601.6744995117188,603.083251953125,593.1629638671875,598.0350952148438,856416
2020-05-28,601.5570678710938,630.9657592773438,599.3558349609375,628.969970703125,1528372
2020-05-29,628.969970703125,644.9950561523438,622.219482421875,639.35986328125,2199248
2020-06-01,648.6344604492188,673.2883911132812,646.6973266601562,660.6679077148438,1242670
2020-06-02,661.6658325195312,669.7664184570312,647.343017578125,651.3639526367188,913327
2020-06-03,660.3744506835938,672.701416015625,652.743408203125,662.2821655273438,1349215
2020-06-04,660.3744506835938,667.4183959960938,648.135498046875,653.5652465820312,1052675
2020-06-05,656.793701171875,685.6154174804688,656.793701171875,675.401611328125,2231351
2020-06-08,686.5546264648438,689.57763671875,659.9928588867188,663.8670654296875,1212377
2020-06-09,666.2444458007812,674.1395874023438,655.6490478515625,659.0536499023438,597789
2020-06-10,656.2654418945312,662.722412109375,641.4436645507812,646.9027709960938,671406
2020-06-11,648.399658203125,653.8587036132812,625.2718505859375,627.50244140625,734240
2020-06-12,601.997314453125,633.2550659179688,601.8799438476562,627.2969970703125,618753
2020-06-15,624.9783325195312,633.95947265625,609.8924560546875,615.6744384765625,703736
2020-06-16,626.9154663085938,626.9154663085938,598.2405395507812,606.1943969726562,1161290
2020-06-17,604.0224609375,611.5947875976562,599.3264770507812,603.1713256835938,828596
2020-06-18,602.2027587890625,619.1670532226562,600.8233032226562,612.3578491210938,832489
2020-06-19,613.4144897460938,630.7896728515625,613.4144897460938,626.269775390625,1280919
2020-06-22,626.3284301757812,645.6407470703125,626.3284301757812,636.2194213867188,873430
2020-06-23,648.6344604492188,654.3283081054688,636.8944702148438,646.4625244140625,829155
2020-06-24,654.5044555664062,664.4833984375,638.7141723632812,642.353515625,1154522
2020-06-25,642.7644653320312,661.2255859375,636.1019897460938,651.6281127929688,1087476
2020-06-26,662.722412109375,662.722412109375,650.4248046875,655.3262329101562,984488
2020-06-29,654.4457397460938,655.0620727539062,641.385009765625,645.2298583984375,492003
2020-06-30,647.9006958007812,661.5484008789062,641.5904541015625,643.7329711914062,936971
2020-07-01,643.7329711914062,651.0411376953125,635.3975830078125,642.735107421875,817424
2020-07-02,648.2822265625,654.2109375,637.8629760742188,642.5003051757812,864041
2020-07-03,646.8734130859375,677.2213134765625,643.5862426757812,674.579833984375,3237140
2020-07-06,689.6069946289062,697.3554077148438,677.9844360351562,682.26953125,5129423
2020-07-07,688.4623413085938,692.659423828125,679.7747802734375,688.3743286132812,1610429
2020-07-08,686.7894287109375,697.2379760742188,668.4456787109375,678.8649291992188,1630873
2020-07-09,684.44140625,686.4959106445312,669.5316162109375,671.879638671875,1032811
2020-07-10,675.0494384765625,679.7454223632812,663.6322631835938,667.9173583984375,792293
2020-07-13,671.1752319335938,674.9026489257812,658.4373168945312,671.3219604492188,1033135
2020-07-14,670.9404296875,683.8544311523438,660.3744506835938,663.7789916992188,1393536
2020-07-15,671.5274047851562,683.8544311523438,666.2737426757812,679.2464599609375,1711907
2020-07-16,681.5064086914062,687.96337890625,668.6217651367188,681.0955200195312,1019074
2020-07-17,681.0955200195312,685.0283813476562,666.2444458007812,680.3030395507812,1222232
2020-07-20,683.502197265625,697.2086181640625,681.0368041992188,692.688720703125,1868359
2020-07-21,703.2254028320312,703.4895629882812,687.96337890625,692.0430297851562,1643962
2020-07-22,692.0430297851562,696.3868408203125,679.3345336914062,689.6657104492188,951563
2020-07-23,689.6657104492188,693.481201171875,682.0933837890625,685.0870971679688,674775
2020-07-24,683.7369995117188,691.4854125976562,673.8754272460938,681.5651245117188,1005777
2020-07-27,678.6594848632812,680.8313598632812,656.3240966796875,667.18359375,1470062
2020-07-28,669.1207275390625,673.229736328125,659.0830078125,670.8523559570312,670791
2020-07-29,669.6196899414062,676.3408203125,664.18994140625,674.3450317382812,1113167
2020-07-30,680.2150268554688,681.3889770507812,667.1249389648438,670.6175537109375,1033389
2020-07-31,669.179443359375,683.8544311523438,666.2444458007812,682.1227416992188,874540
2020-08-03,683.7957153320312,688.902587890625,672.701416015625,674.8439331054688,1065946
2020-08-04,678.1605224609375,692.659423828125,676.2527465820312,687.2589721679688,1245679
2020-08-05,691.8963012695312,695.4182739257812,684.2359619140625,686.9067993164062,986934
2020-08-06,687.5818481445312,692.7474365234375,679.0703735351562,680.5965576171875,554710
2020-08-07,679.7454223632812,683.7369995117188,670.412109375,676.4288330078125,996912
2020-08-10,670.9404296875,676.223388671875,657.9089965820312,664.6595458984375,1513038
2020-08-11,668.0054321289062,688.5504150390625,661.5777587890625,679.9215087890625,1755093
2020-08-12,677.3973999023438,693.2463989257812,667.18359375,688.5210571289062,1380423
2020-08-13,693.2463989257812,695.0073852539062,680.91943359375,691.602783203125,1519478
2020-08-14,695.5944213867188,743.141357421875,690.252685546875,711.3847045898438,9265004
2020-08-17,718.311279296875,731.4013671875,711.14990234375,721.3930053710938,2589613
2020-08-18,722.3322143554688,732.9862670898438,721.8626098632812,729.9925537109375,1249266
2020-08-19,731.7241821289062,735.862548828125,716.139404296875,718.3699951171875,895988
2020-08-20,713.0869750976562,724.1812744140625,708.7725219726562,714.0261840820312,1039610
2020-08-21,725.7661743164062,732.6927490234375,717.3133544921875,725.061767578125,1229103
2020-08-24,730.0219116210938,741.38037109375,717.3720703125,719.7787475585938,1512020
2020-08-25,722.5963745117188,728.2609252929688,716.7263793945312,722.1267700195312,627158
2020-08-26,723.183349609375,727.8500366210938,718.2525634765625,723.447509765625,727189
2020-08-27,728.4663696289062,730.8143310546875,711.5901489257812,713.2044067382812,994900
2020-08-28,714.3197021484375,726.1183471679688,714.3197021484375,716.814453125,899901
2020-08-31,719.0744018554688,721.95068359375,673.3471069335938,680.8313598632812,2229294
2020-09-01,686.202392578125,696.7683715820312,670.7349853515625,691.338623046875,1030776
2020-09-02,696.5335693359375,704.3994140625,691.19189453125,702.0220336914062,935591
2020-09-03,703.5188598632812,717.0491943359375,700.4371337890625,714.818603515625,860135
2020-09-04,704.9863891601562,724.5628051757812,704.4287109375,715.5523681640625,1168401
2020-09-07,716.139404296875,721.3342895507812,706.9234619140625,718.8982543945312,666186
2020-09-08,719.0744018554688,720.9527587890625,702.6970825195312,708.6551513671875,947568
2020-09-09,704.3994140625,705.4266357421875,690.1646728515625,703.4014892578125,518157
2020-09-10,704.8396606445312,717.3133544921875,702.3742065429688,714.7012329101562,587085
2020-09-11,712.0303955078125,724.269287109375,710.474853515625,718.8982543945312,968522
2020-09-14,724.9443969726562,729.0533447265625,713.32177734375,725.2378540039062,1026641
2020-09-15,731.9883422851562,770.0259399414062,724.0345458984375,726.55859375,5700105
2020-09-16,730.6969604492188,743.8457641601562,720.6885986328125,737.0365600585938,1296324
2020-09-17,733.690673828125,739.355224609375,726.411865234375,736.7136840820312,673504
2020-09-18,738.15185546875,743.7283325195312,726.940185546875,737.7703247070312,943934
2020-09-21,738.1224975585938,739.5606689453125,720.8353881835938,729.9925537109375,904406
2020-09-22,729.640380859375,732.4285888671875,702.4916381835938,714.1729125976562,774520
2020-09-23,716.3448486328125,733.4558715820312,716.139404296875,722.3322143554688,1606454
2020-09-24,716.7850952148438,718.9569702148438,700.642578125,711.1205444335938,956752
2020-09-25,714.6131591796875,720.1016235351562,696.1520385742188,708.9192504882812,1048787
2020-09-28,714.5545043945312,743.1119995117188,711.3553466796875,731.283935546875,797014
2020-09-29,733.7493286132812,750.0092163085938,725.5313720703125,739.648681640625,979092
2020-09-30,744.63818359375,754.2943115234375,734.9526977539062,742.2608642578125,1590769
2020-10-01,746.78076171875,749.5983276367188,736.7430419921875,740.3530883789062,495511
2020-10-05,744.7849731445312,756.0553588867188,740.2650756835938,750.420166015625,963249
2020-10-06,755.4683227539062,760.7513427734375,744.1979370117188,749.1580810546875,743993
2020-10-07,753.7073364257812,753.7073364257812,739.6193237304688,748.6884765625,575167
2020-10-08,751.3593139648438,762.5123291015625,744.5208129882812,759.606689453125,1063709
2020-10-09,758.4620361328125,762.1014404296875,747.5438232421875,753.7366943359375,1204752
2020-10-12,752.2691650390625,756.2020874023438,737.1246337890625,739.355224609375,587388
2020-10-13,742.1434326171875,742.1434326171875,716.84375,723.3301391601562,795978
2020-10-14,720.2483520507812,727.0281982421875,713.732666015625,724.8269653320312,679562
2020-10-15,725.0030517578125,732.3992309570312,719.5146484375,726.7933959960938,894762
2020-10-16,733.162353515625,744.755615234375,719.8961791992188,742.8184814453125,1625693
2020-10-19,745.4893188476562,753.120361328125,737.6822509765625,749.4515991210938,627414
2020-10-20,748.5123901367188,761.7492065429688,745.69482421875,755.9085693359375,872949
2020-10-21,759.6654052734375,765.9756469726562,752.1517944335938,757.6402587890625,1060161
2020-10-22,751.3593139648438,762.8058471679688,743.4935302734375,747.9254150390625,657944
2020-10-23,747.8373413085938,757.7576293945312,745.4893188476562,750.7723388671875,718315
2020-10-26,753.0910034179688,755.9966430664062,739.912841796875,750.3320922851562,763818
2020-10-27,753.9714965820312,753.9714965820312,733.3384399414062,743.4641723632812,783694
2020-10-28,743.4641723632812,759.5773315429688,733.162353515625,754.7932739257812,1146854
2020-10-29,752.5333251953125,759.8121337890625,744.0218505859375,756.642333984375,713290
2020-10-30,756.642333984375,771.2879638671875,737.8583374023438,744.1685791015625,1575064
2020-11-02,745.4893188476562,757.2293090820312,740.6172485351562,753.3258056640625,415243
2020-11-03,755.43896484375,774.2523193359375,753.384521484375,766.8267822265625,713475
2020-11-04,771.3466796875,785.1705322265625,764.6842041015625,781.0321655273438,918511
2020-11-05,787.1663208007812,794.5625,776.600341796875,781.736572265625,811169
2020-11-06,780.7092895507812,789.2208251953125,774.86865234375,780.5919189453125,785269
2020-11-09,779.5353393554688,794.973388671875,778.9189453125,792.0383911132812,631104
2020-11-10,797.6149291992188,807.2123413085938,792.8602294921875,796.9398803710938,1011391
2020-11-11,798.9943237304688,812.3192138671875,794.3570556640625,804.1892700195312,658549
2020-11-12,804.7469482421875,830.0172729492188,802.7218017578125,824.9397583007812,1268634
2020-11-13,817.6903076171875,821.153564453125,796.1180419921875,804.27734375,760600
2020-11-14,810.0006103515625,812.0551147460938,798.9943237304688,803.7490234375,78255
2020-11-17,810.0592651367188,828.2562866210938,801.5771484375,826.260498046875,588910
2020-11-18,825.9082641601562,841.1702880859375,813.6986694335938,837.1786499023438,1265162
2020-11-19,836.94384765625,847.6272583007812,827.904052734375,838.00048828125,943355
2020-11-20,838.0298461914062,842.34423828125,830.868408203125,836.650390625,623009
2020-11-23,840.7593383789062,840.7593383789062,817.103271484375,821.153564453125,768956
2020-11-24,821.153564453125,828.84326171875,812.8768920898438,817.51416015625,987249
2020-11-25,818.8642578125,829.9585571289062,797.1453247070312,800.8140258789062,968762
2020-11-26,824.7342529296875,900.3984985351562,819.539306640625,890.3021240234375,16340126
2020-11-27,895.1741943359375,900.9268188476562,875.0988159179688,888.3943481445312,4639230
2020-12-01,881.0275268554688,906.9141845703125,874.71728515625,890.8010864257812,1706573
2020-12-02,890.0086059570312,892.0924682617188,875.1575317382812,884.5494995117188,822677
2020-12-03,890.0086059570312,909.79052734375,882.671142578125,900.6039428710938,1609994
2020-12-04,902.8052368164062,912.7841796875,887.543212890625,897.37548828125,754181
2020-12-07,897.2286987304688,912.7841796875,892.8262329101562,902.0421142578125,675935
2020-12-08,902.0421142578125,909.0274047851562,892.8849487304688,902.9519653320312,460968
2020-12-09,905.7988891601562,932.7128295898438,904.008544921875,918.6248779296875,2233058
2020-12-10,921.94140625,922.4696655273438,895.1741943359375,902.2182006835938,529479
2020-12-11,906.708740234375,908.4990844726562,891.3880615234375,901.4844360351562,679584
2020-12-14,904.5662231445312,912.7841796875,895.4970703125,906.5913696289062,509470
2020-12-15,906.5913696289062,913.7821044921875,897.6102905273438,901.8953857421875,1031222
2020-12-16,908.6752319335938,909.6437377929688,899.8702392578125,905.1238403320312,278320
2020-12-17,904.5662231445312,917.480224609375,891.1532592773438,895.9373168945312,989850
2020-12-18,895.9373168945312,913.9581909179688,893.736083984375,903.3922119140625,703862
2020-12-21,905.622802734375,921.002197265625,845.9542846679688,866.7340698242188,1564059
2020-12-22,865.5601196289062,890.0086059570312,846.0423583984375,885.2245483398438,701639
2020-12-23,888.1302490234375,912.0797729492188,879.9122314453125,909.0274047851562,649647
2020-12-24,906.9141845703125,912.7841796875,891.0652465820312,910.2894287109375,733125
2020-12-28,911.3167114257812,926.2852172851562,904.0966186523438,923.3208618164062,778217
2020-12-29,923.3208618164062,929.22021484375,912.9603271484375,924.9937744140625,561048
2020-12-30,925.8156127929688,928.6331787109375,916.0126953125,923.5556640625,331812
2020-12-31,921.5891723632812,932.5073852539062,914.515869140625,924.8470458984375,491577
2021-01-01,924.8470458984375,951.0565795898438,922.4110107421875,940.1090087890625,1258401
2021-01-04,942.0755004882812,949.3836059570312,930.5703125,938.289306640625,414105
2021-01-05,933.7694091796875,950.9391479492188,930.3941650390625,946.6834106445312,487608
2021-01-06,949.5890502929688,960.00830078125,940.4612426757812,950.0880126953125,680610
2021-01-07,952.7001953125,977.3247680664062,952.5534057617188,958.4527587890625,915898
2021-01-08,962.3269653320312,977.3541259765625,958.5701904296875,971.4254760742188,817922
2021-01-11,971.4254760742188,982.0501708984375,960.8594360351562,973.9495239257812,423693
2021-01-12,972.0711669921875,977.3834838867188,962.2388916015625,964.176025390625,248715
2021-01-13,963.8531494140625,968.490478515625,953.2284545898438,955.9580078125,723859
2021-01-14,951.5261840820312,971.5428466796875,944.1886596679688,969.2241821289062,504276
2021-01-15,971.3667602539062,978.9683837890625,945.0985107421875,952.846923828125,376134
2021-01-18,953.8741455078125,969.16552734375,931.9790649414062,961.0062255859375,694736
2021-01-19,960.8887939453125,1000.8341064453125,956.897216796875,985.9536743164062,1902928
2021-01-20,989.0941162109375,996.1381225585938,981.5218505859375,987.4798583984375,554107
2021-01-21,997.8991088867188,1017.1820678710938,973.626708984375,979.848876953125,1168738
2021-01-22,984.7503662109375,993.46728515625,964.2933959960938,976.6790771484375,366673
2021-01-25,977.6476440429688,1003.18212890625,959.0397338867188,981.1403198242188,663293
2021-01-27,981.1109619140625,981.1109619140625,943.6310424804688,952.2305908203125,558293
2021-01-28,941.9580688476562,965.5554809570312,936.6751098632812,960.419189453125,315669
2021-01-29,971.8950805664062,971.8950805664062,923.2621459960938,931.245361328125,672879
2021-02-01,934.7966918945312,997.8991088867188,918.6541748046875,989.827880859375,609112
2021-02-02,997.8991088867188,1074.2091064453125,997.2827758789062,1067.6640625,2005737
2021-02-03,1057.7730712890625,1087.123046875,1046.091796875,1053.6640625,1459965
2021-02-04,1053.7227783203125,1102.385009765625,1050.787841796875,1085.5382080078125,1321905
2021-02-05,1085.9490966796875,1097.0433349609375,1064.2301025390625,1080.0203857421875,533046
2021-02-08,1078.640869140625,1107.6680908203125,1075.412353515625,1103.1187744140625,715561
2021-02-09,1103.1187744140625,1115.299072265625,1081.840087890625,1087.35791015625,523867
2021-02-10,1088.854736328125,1097.248779296875,1074.2091064453125,1091.7603759765625,386027
2021-02-11,1090.8798828125,1101.3577880859375,1080.0791015625,1082.8673095703125,342927
2021-02-12,1085.9490966796875,1108.2550048828125,1068.368408203125,1083.6890869140625,649077
2021-02-15,1090.9385986328125,1112.2760009765625,1071.2740478515625,1100.88818359375,1072542
2021-02-16,1099.5673828125,1121.1690673828125,1065.404052734375,1075.118896484375,950327
2021-02-17,1072.4481201171875,1101.798095703125,1068.339111328125,1097.8358154296875,919290
2021-02-18,1102.9720458984375,1114.125,1081.72265625,1093.2864990234375,735700
2021-02-19,1085.068603515625,1105.0264892578125,1074.297119140625,1079.31591796875,811099
2021-02-22,1077.7310791015625,1083.5716552734375,1055.2783203125,1061.060302734375,1062653
2021-02-23,1061.882080078125,1104.8504638671875,1061.882080078125,1097.0726318359375,816833
2021-02-24,1097.6890869140625,1128.800048828125,1088.884033203125,1117.1187744140625,931707
2021-02-25,1130.56103515625,1144.06201171875,1117.8818359375,1121.1690673828125,1096815
2021-02-26,1114.125,1141.126953125,1076.6744384765625,1085.9490966796875,1529158
2021-03-01,1094.3724365234375,1129.9739990234375,1084.8631591796875,1120.0537109375,661736
2021-03-02,1127.0096435546875,1141.7139892578125,1117.2655029296875,1138.5736083984375,621651
2021-03-03,1145.2359619140625,1150.51904296875,1121.286376953125,1124.9844970703125,514629
2021-03-04,1116.7664794921875,1151.6929931640625,1116.7664794921875,1139.4246826171875,619135
2021-03-05,1138.779052734375,1145.2359619140625,1110.1627197265625,1116.23828125,397465
2021-03-08,1120.58203125,1129.9447021484375,1110.749755859375,1115.621826171875,278576
2021-03-09,1118.5274658203125,1128.007568359375,1106.4940185546875,1116.0621337890625,231458
2021-03-10,1118.9677734375,1128.2130126953125,1112.364013671875,1118.292724609375,279294
2021-03-12,1124.221435546875,1155.0682373046875,1118.5274658203125,1126.5694580078125,1252340
2021-03-15,1129.6805419921875,1129.6805419921875,1082.7205810546875,1096.8671875,464879
2021-03-16,1106.1124267578125,1108.7540283203125,1087.4752197265625,1105.584228515625,623024
2021-03-17,1105.584228515625,1109.4290771484375,1061.647216796875,1068.779296875,499322
2021-03-18,1079.5213623046875,1082.926025390625,1045.974365234375,1051.462890625,1045598
2021-03-19,1036.0540771484375,1086.5360107421875,1031.9744873046875,1081.72265625,726176
2021-03-22,1085.9490966796875,1098.18798828125,1067.7520751953125,1079.3746337890625,780189
2021-03-23,1080.93017578125,1101.798095703125,1075.118896484375,1087.6513671875,471341
2021-03-24,1076.7918701171875,1092.5234375,1052.989013671875,1059.6220703125,830602
2021-03-25,1056.59912109375,1066.460693359375,1043.4208984375,1058.0665283203125,737171
2021-03-26,1065.9910888671875,1074.2091064453125,1055.2783203125,1062.322265625,359141
2021-03-30,1070.804443359375,1091.6429443359375,1065.521484375,1075.7939453125,391107
2021-03-31,1086.5360107421875,1091.819091796875,1074.3558349609375,1082.427001953125,287122
2021-04-01,1085.9490966796875,1095.78125,1077.14404296875,1090.791748046875,211872
2021-04-05,1088.7666015625,1093.580078125,1060.238525390625,1070.921875,257817
2021-04-06,1071.6849365234375,1079.4920654296875,1043.4503173828125,1048.3516845703125,672186
2021-04-07,1051.3160400390625,1060.297119140625,1045.4754638671875,1051.22802734375,396877
2021-04-08,1051.3160400390625,1089.7939453125,1045.5047607421875,1080.8128662109375,616148
2021-04-09,1088.884033203125,1122.343017578125,1080.8421630859375,1085.362060546875,1805759
2021-04-12,1061.9407958984375,1077.7310791015625,1008.3477172851562,1015.3623657226562,619387
2021-04-13,1016.0961303710938,1049.08544921875,1010.2261352539062,1038.8717041015625,370572
2021-04-15,1033.119140625,1069.3369140625,1011.1066284179688,1066.37255859375,1021140
2021-04-16,1065.7269287109375,1099.5673828125,1060.238525390625,1084.6282958984375,1073713
2021-04-19,1051.4041748046875,1067.98681640625,1040.7501220703125,1052.6661376953125,484238
2021-04-20,1074.0916748046875,1074.0916748046875,1041.3370361328125,1054.1923828125,397983
2021-04-22,1051.3160400390625,1070.3055419921875,1039.1358642578125,1057.2154541015625,562438
2021-04-23,1063.64306640625,1068.3096923828125,1047.823486328125,1056.5697021484375,242720
2021-04-26,1060.12109375,1076.175537109375,1057.15673828125,1062.55712890625,312148
2021-04-27,1064.7584228515625,1083.9532470703125,1057.7730712890625,1082.427001953125,308574
2021-04-28,1091.1146240234375,1104.556884765625,1072.5948486328125,1097.9532470703125,499545
2021-04-29,1115.299072265625,1125.864990234375,1098.2760009765625,1102.0621337890625,1076109
2021-04-30,1103.55908203125,1122.5484619140625,1096.5150146484375,1104.41015625,361659
2021-05-03,1092.406005859375,1115.299072265625,1088.884033203125,1107.0223388671875,278603
2021-05-04,1110.60302734375,1121.1690673828125,1083.0140380859375,1103.06005859375,649765
2021-05-05,1100.0369873046875,1109.4290771484375,1073.9449462890625,1077.9952392578125,381819
2021-05-06,1084.4815673828125,1096.984619140625,1074.297119140625,1093.462646484375,205133
2021-05-07,1094.5780029296875,1100.8294677734375,1081.311767578125,1093.609375,207455
2021-05-10,1094.7540283203125,1108.9007568359375,1088.884033203125,1105.320068359375,273001
2021-05-11,1094.284423828125,1152.808349609375,1094.284423828125,1143.8565673828125,1465577
2021-05-12,1195.1309814453125,1258.2333984375,1164.02001953125,1176.2296142578125,8562199
2021-05-14,1186.9129638671875,1211.919189453125,1165.4874267578125,1169.8900146484375,1145217
2021-05-17,1175.1729736328125,1217.2901611328125,1153.5419921875,1210.3929443359375,1493415
2021-05-18,1213.327880859375,1222.1329345703125,1187.0009765625,1193.575439453125,758031
2021-05-19,1194.5439453125,1206.283935546875,1184.1834716796875,1192.4013671875,368487
2021-05-20,1188.6739501953125,1202.3216552734375,1170.623779296875,1174.2337646484375,383838
2021-05-21,1178.10791015625,1185.504150390625,1159.5294189453125,1165.9864501953125,379487
2021-05-24,1168.1290283203125,1194.4852294921875,1159.323974609375,1174.967529296875,619729
2021-05-25,1176.43505859375,1192.782958984375,1166.045166015625,1180.22119140625,605515
2021-05-26,1180.22119140625,1192.782958984375,1168.1290283203125,1171.181396484375,337271
2021-05-27,1179.8690185546875,1205.755615234375,1172.5020751953125,1199.65087890625,1491611
2021-05-28,1209.218994140625,1217.99462890625,1187.9696044921875,1195.8353271484375,551894
2021-05-31,1197.47900390625,1235.046875,1191.6090087890625,1224.656982421875,948816
2021-06-01,1224.656982421875,1232.698974609375,1205.1099853515625,1208.8079833984375,404247
2021-06-02,1214.8248291015625,1236.220947265625,1212.9757080078125,1226.62353515625,1001673
2021-06-03,1232.698974609375,1266.04052734375,1224.5396728515625,1256.58984375,1709630
2021-06-04,1267.9189453125,1278.48486328125,1236.220947265625,1244.2921142578125,1204796
2021-06-07,1252.0699462890625,1261.4324951171875,1236.6024169921875,1239.09716796875,388647
2021-06-08,1240.9168701171875,1262.0489501953125,1235.046875,1237.8939208984375,998876
2021-06-09,1237.8939208984375,1250.279541015625,1215.734619140625,1220.9295654296875,650920
2021-06-10,1229.1768798828125,1238.53955078125,1222.1329345703125,1228.149658203125,316434
2021-06-11,1230.3509521484375,1249.721923828125,1228.6192626953125,1232.464111328125,670489
2021-06-14,1232.698974609375,1239.9483642578125,1204.669677734375,1214.091064453125,484172
2021-06-15,1218.02392578125,1226.799560546875,1203.2608642578125,1209.1015625,463014
2021-06-16,1205.6968994140625,1209.4244384765625,1185.65087890625,1189.6131591796875,403003
2021-06-17,1184.447509765625,1197.3028564453125,1175.7305908203125,1180.0450439453125,311185
2021-06-18,1183.9779052734375,1197.47900390625,1150.929931640625,1188.1163330078125,414220
2021-06-21,1179.8690185546875,1179.8690185546875,1156.47705078125,1176.082763671875,389317
2021-06-22,1185.739013671875,1186.9129638671875,1169.8900146484375,1172.4434814453125,170618
2021-06-23,1177.403564453125,1202.1749267578125,1169.44970703125,1190.5816650390625,665978
2021-06-24,1195.6005859375,1231.52490234375,1183.889892578125,1188.9381103515625,2159448
2021-06-25,1192.518798828125,1197.47900390625,1175.495849609375,1182.95068359375,462683
2021-06-28,1183.6844482421875,1191.3154296875,1177.8438720703125,1180.7200927734375,196412
2021-06-29,1183.2735595703125,1188.6446533203125,1162.9046630859375,1169.44970703125,318356
2021-06-30,1185.62158203125,1197.4202880859375,1174.439208984375,1186.3553466796875,1320011
2021-07-01,1191.02197265625,1200.4139404296875,1181.189697265625,1185.65087890625,478191
2021-07-02,1186.325927734375,1192.13720703125,1175.760009765625,1185.62158203125,382220
2021-07-05,1192.13720703125,1202.1749267578125,1186.9129638671875,1190.376220703125,456129
2021-07-06,1192.1959228515625,1206.283935546875,1187.382568359375,1190.787109375,412492
2021-07-07,1190.787109375,1193.9276123046875,1176.4056396484375,1180.8668212890625,336327
2021-07-08,1181.9527587890625,1199.826904296875,1176.024169921875,1181.8941650390625,414976
2021-07-09,1181.8941650390625,1189.847900390625,1169.8900146484375,1175.260986328125,261892
2021-07-12,1181.718017578125,1194.5439453125,1176.9339599609375,1180.367919921875,364964
2021-07-13,1184.53564453125,1196.7452392578125,1174.6446533203125,1178.0198974609375,699312
2021-07-14,1180.4559326171875,1189.1435546875,1170.7705078125,1174.32177734375,820314
2021-07-15,1177.2568359375,1209.1015625,1175.5838623046875,1193.4580078125,1369881
2021-07-16,1200.1204833984375,1200.4139404296875,1178.988525390625,1181.8060302734375,488588
2021-07-19,1179.047119140625,1179.047119140625,1154.6866455078125,1158.35546875,565061
2021-07-20,1158.35546875,1161.495849609375,1129.386962890625,1141.3323974609375,421988
2021-07-22,1147.0556640625,1166.338623046875,1145.9110107421875,1160.0577392578125,784309
2021-07-23,1163.5504150390625,1172.2086181640625,1153.77685546875,1159.3826904296875,627785
2021-07-26,1159.9110107421875,1168.0703125,1153.9822998046875,1159.70556640625,328727
2021-07-27,1163.667724609375,1167.3365478515625,1136.4310302734375,1140.3638916015625,485966
2021-07-28,1144.06201171875,1145.3240966796875,1127.0390625,1140.041015625,311944
2021-07-29,1146.351318359375,1155.4791259765625,1137.986572265625,1146.79150390625,691051
2021-07-30,1149.2569580078125,1162.845947265625,1139.4246826171875,1146.52734375,662031
2021-08-02,1151.5755615234375,1162.259033203125,1143.122802734375,1161.0556640625,221337
2021-08-03,1169.302978515625,1197.21484375,1162.845947265625,1190.5523681640625,1396878
2021-08-04,1195.483154296875,1204.52294921875,1189.847900390625,1199.416015625,587678
2021-08-05,1209.218994140625,1214.4725341796875,1197.47900390625,1210.158203125,576836
2021-08-06,1209.248291015625,1229.763916015625,1203.3489990234375,1224.216796875,727174
2021-08-09,1231.9945068359375,1235.986083984375,1209.95263671875,1214.501953125,529342
2021-08-10,1218.55224609375,1247.3739013671875,1197.50830078125,1209.0428466796875,1080745
2021-08-11,1162.2296142578125,1302.0235595703125,1156.3890380859375,1286.3507080078125,7553957
2021-08-12,1274.317138671875,1295.5078125,1256.237548828125,1286.673583984375,1384357
2021-08-13,1285.5289306640625,1335.3651123046875,1272.0572509765625,1317.6671142578125,2857680
2021-08-16,1317.6671142578125,1332.2540283203125,1291.545654296875,1306.0738525390625,438213
2021-08-17,1303.725830078125,1334.07373046875,1295.096923828125,1321.1597900390625,788918
2021-08-18,1322.2457275390625,1348.807373046875,1301.0843505859375,1307.07177734375,881108
2021-08-20,1303.989990234375,1316.4344482421875,1282.124267578125,1301.9061279296875,438922
2021-08-23,1306.396728515625,1310.2415771484375,1265.5709228515625,1270.0614013671875,525685
2021-08-24,1267.9189453125,1294.9208984375,1261.843505859375,1291.310791015625,534336
2021-08-25,1299.6168212890625,1310.88720703125,1275.5792236328125,1285.2060546875,522165
2021-08-26,1285.9398193359375,1304.2835693359375,1280.245849609375,1297.88525390625,541741
2021-08-27,1298.853759765625,1320.7489013671875,1297.503662109375,1304.4302978515625,749499
2021-08-30,1314.87890625,1328.9962158203125,1307.1597900390625,1325.6796875,444564
2021-08-31,1333.3106689453125,1343.2896728515625,1324.2708740234375,1333.8975830078125,579147
2021-09-01,1338.35888671875,1350.098876953125,1327.9102783203125,1341.61669921875,448586
2021-09-02,1347.163818359375,1360.664794921875,1334.10302734375,1341.4405517578125,369395
2021-09-03,1348.9248046875,1353.620849609375,1320.8662109375,1330.962646484375,360640
2021-09-06,1334.8367919921875,1340.706787109375,1308.7447509765625,1310.9166259765625,349468
2021-09-07,1312.648193359375,1318.2247314453125,1295.5078125,1298.1199951171875,298228
2021-09-08,1299.0299072265625,1302.8160400390625,1275.5499267578125,1297.503662109375,602879
2021-09-09,1298.44287109375,1323.3609619140625,1297.8558349609375,1309.3316650390625,644632
2021-09-13,1309.0089111328125,1321.247802734375,1292.7783203125,1296.417724609375,231206
2021-09-14,1297.2689208984375,1303.989990234375,1292.48486328125,1295.6839599609375,213838
2021-09-15,1296.975341796875,1307.3359375,1294.3631591796875,1296.53515625,128862
2021-09-16,1296.7406005859375,1299.763671875,1287.6126708984375,1291.1640625,297451
2021-09-17,1295.44921875,1296.681884765625,1268.065673828125,1279.981689453125,397567
2021-09-20,1279.658935546875,1292.4554443359375,1244.76171875,1253.9776611328125,393499
2021-09-21,1246.2879638671875,1277.8392333984375,1242.1202392578125,1273.5247802734375,294289
2021-09-22,1278.48486328125,1289.9901123046875,1258.614990234375,1269.0635986328125,488514
2021-09-23,1272.3214111328125,1280.8328857421875,1263.8392333984375,1269.5037841796875,216983
2021-09-24,1273.7889404296875,1274.69873046875,1236.6905517578125,1244.585693359375,196903
2021-09-27,1244.732421875,1249.6339111328125,1227.1224365234375,1230.703125,327214
2021-09-28,1228.5899658203125,1255.5919189453125,1224.1873779296875,1233.285888671875,351184
2021-09-29,1232.58154296875,1259.1138916015625,1216.262939453125,1248.8707275390625,444128
2021-09-30,1253.12646484375,1266.1578369140625,1239.478759765625,1249.9566650390625,663929
2021-10-01,1246.199951171875,1264.9251708984375,1238.5689697265625,1261.1390380859375,229988
2021-10-04,1264.98388671875,1311.94384765625,1256.208251953125,1307.0423583984375,714915
2021-10-05,1309.654541015625,1321.9228515625,1302.1702880859375,1319.369384765625,745707
2021-10-06,1319.369384765625,1330.140869140625,1282.5938720703125,1288.72802734375,449180
2021-10-07,1304.3128662109375,1315.6419677734375,1300.08642578125,1313.0885009765625,237320
2021-10-08,1320.7489013671875,1335.306396484375,1301.3778076171875,1305.1640625,504448
2021-10-11,1305.48681640625,1318.312744140625,1300.203857421875,1312.9710693359375,193521
2021-10-12,1317.8138427734375,1341.2938232421875,1307.0423583984375,1330.052734375,482322
2021-10-13,1332.4888916015625,1336.6859130859375,1306.954345703125,1320.337890625,262853
2021-10-14,1328.966796875,1354.7655029296875,1322.2750244140625,1332.1072998046875,669230
2021-10-18,1343.0548095703125,1355.3818359375,1315.9061279296875,1330.0821533203125,424334
2021-10-19,1339.9730224609375,1412.90771484375,1332.5474853515625,1356.907958984375,2668860
2021-10-20,1356.849365234375,1360.664794921875,1292.5728759765625,1297.6798095703125,495784
2021-10-21,1310.182861328125,1313.9102783203125,1275.608642578125,1285.0006103515625,269427
2021-10-22,1290.723876953125,1297.1220703125,1259.700927734375,1275.4912109375,216180
2021-10-25,1288.4638671875,1288.4638671875,1234.2838134765625,1266.5101318359375,303668
2021-10-26,1266.8035888671875,1285.2060546875,1263.0467529296875,1273.3486328125,233230
2021-10-27,1263.252197265625,1302.610595703125,1263.252197265625,1274.4639892578125,274940
2021-10-28,1274.4639892578125,1289.1683349609375,1260.9923095703125,1269.5330810546875,442857
2021-10-29,1265.3067626953125,1296.447021484375,1248.3424072265625,1283.5623779296875,242967
2021-11-01,1289.6378173828125,1315.876708984375,1285.323486328125,1312.325439453125,456962
2021-11-02,1312.853759765625,1327.61669921875,1312.853759765625,1321.13037109375,317019
2021-11-03,1324.1827392578125,1363.864013671875,1321.62939453125,1356.73193359375,636285
2021-11-04,1367.7088623046875,1370.643798828125,1338.41748046875,1353.53271484375,97770
2021-11-08,1353.53271484375,1398.2327880859375,1351.6837158203125,1393.44873046875,483443
2021-11-09,1396.4718017578125,1421.918212890625,1386.169921875,1413.7882080078125,879411
2021-11-10,1411.146728515625,1432.27880859375,1395.884765625,1402.752685546875,385625
2021-11-11,1402.752685546875,1412.87841796875,1384.0567626953125,1407.331298828125,398017
2021-11-12,1414.6688232421875,1425.440185546875,1395.9141845703125,1399.788330078125,444768
2021-11-15,1408.798828125,1408.798828125,1371.2601318359375,1377.629150390625,244530
2021-11-16,1377.629150390625,1406.4508056640625,1366.0946044921875,1381.180419921875,297289
2021-11-17,1372.4635009765625,1423.1802978515625,1367.914306640625,1381.415283203125,612080
2021-11-18,1384.7318115234375,1395.209716796875,1350.098876953125,1358.1407470703125,338536
2021-11-22,1355.9688720703125,1369.851318359375,1312.9710693359375,1328.9375,350998
2021-11-23,1311.650390625,1361.2518310546875,1311.650390625,1355.528564453125,233766
2021-11-24,1361.721435546875,1373.578857421875,1328.966796875,1336.24560546875,528589
2021-11-25,1309.0089111328125,1309.1556396484375,1232.698974609375,1264.8958740234375,3668665
2021-11-26,1267.302490234375,1282.5938720703125,1223.541748046875,1230.3509521484375,1107007
2021-11-29,1232.1119384765625,1270.4136962890625,1186.325927734375,1252.3046875,657058
2021-11-30,1253.5667724609375,1272.702880859375,1242.178955078125,1263.1641845703125,877988
2021-12-01,1260.3759765625,1279.01318359375,1247.9609375,1257.6463623046875,528470
2021-12-02,1257.93994140625,1297.2689208984375,1253.2733154296875,1290.3128662109375,530651
2021-12-03,1282.0068359375,1302.5518798828125,1273.466064453125,1283.0927734375,671983
2021-12-06,1279.658935546875,1308.421875,1272.6148681640625,1279.981689453125,425632
2021-12-07,1291.3695068359375,1311.94384765625,1280.4512939453125,1297.4449462890625,802162
2021-12-08,1310.6524658203125,1320.161865234375,1294.010986328125,1307.9228515625,698189
2021-12-09,1309.0089111328125,1339.5328369140625,1308.040283203125,1333.427978515625,880447
2021-12-10,1334.719482421875,1449.859375,1333.427978515625,1435.419189453125,5750553
2021-12-13,1446.9537353515625,1512.609619140625,1435.80078125,1471.69580078125,3642890
2021-12-14,1467.4986572265625,1492.9744873046875,1450.2996826171875,1476.83203125,1107779
2021-12-15,1476.8907470703125,1504.62646484375,1447.1298828125,1457.9599609375,1338379
2021-12-16,1467.4986572265625,1467.4986572265625,1442.991455078125,1453.762939453125,437339
2021-12-17,1453.4107666015625,1453.4107666015625,1410.20751953125,1421.2431640625,647894
2021-12-20,1407.0377197265625,1407.0377197265625,1361.8388671875,1382.501220703125,509128
2021-12-21,1389.3984375,1408.2117919921875,1371.465576171875,1384.673095703125,340800
2021-12-22,1385.37744140625,1402.341796875,1381.00439453125,1390.1322021484375,678784
2021-12-23,1397.4697265625,1432.86572265625,1395.180419921875,1422.9454345703125,858445
2021-12-24,1425.2347412109375,1429.9307861328125,1382.3837890625,1393.7421875,541729
2021-12-27,1393.9476318359375,1411.5283203125,1373.46142578125,1381.2391357421875,1016948
2021-12-28,1408.798828125,1449.8887939453125,1394.123779296875,1412.203369140625,2272133
2021-12-29,1408.2117919921875,1415.8427734375,1392.9791259765625,1397.2642822265625,444913
2021-12-30,1397.058837890625,1401.5787353515625,1376.1322021484375,1382.1783447265625,373163
2021-12-31,1384.937255859375,1400.580810546875,1381.6500244140625,1386.1112060546875,593106
2022-01-03,1388.8701171875,1408.446533203125,1385.31884765625,1389.3104248046875,514436
2022-01-04,1394.00634765625,1401.8134765625,1378.2747802734375,1383.73388671875,504874
2022-01-05,1383.352294921875,1390.631103515625,1357.172119140625,1364.3922119140625,608305
2022-01-06,1361.8388671875,1365.4195556640625,1340.7362060546875,1345.5789794921875,568336
2022-01-07,1347.163818359375,1358.90380859375,1328.3211669921875,1335.453125,291110
2022-01-10,1332.4888916015625,1365.1846923828125,1317.2562255859375,1358.6983642578125,1350791
2022-01-11,1367.0631103515625,1368.8828125,1344.2288818359375,1358.08203125,583840
2022-01-12,1366.9163818359375,1380.740234375,1360.25390625,1378.89111328125,954423
2022-01-13,1389.69189453125,1394.681396484375,1369.6458740234375,1385.37744140625,504191
2022-01-14,1378.86181640625,1409.4444580078125,1371.465576171875,1405.599609375,985459
2022-01-17,1417.486328125,1417.9266357421875,1388.2537841796875,1397.8218994140625,392971
2022-01-18,1398.81982421875,1407.1845703125,1350.77392578125,1364.59765625,542966
2022-01-19,1367.121826171875,1401.7547607421875,1355.11767578125,1397.2642822265625,775419
2022-01-20,1390.0147705078125,1412.90771484375,1382.3837890625,1407.096435546875,727728
2022-01-21,1400.580810546875,1440.4967041015625,1351.5369873046875,1375.8974609375,1576151
2022-01-24,1372.93310546875,1383.851318359375,1288.6400146484375,1309.4490966796875,709302
2022-01-25,1305.9564208984375,1345.3148193359375,1277.4576416015625,1336.48046875,496540
2022-01-27,1323.6251220703125,1344.199462890625,1308.2164306640625,1337.595703125,451899
2022-01-28,1344.6397705078125,1369.528564453125,1331.8431396484375,1337.742431640625,255547
2022-01-31,1351.742431640625,1371.2308349609375,1346.5767822265625,1364.949951171875,274504
2022-02-01,1370.0567626953125,1428.5806884765625,1361.8974609375,1419.4234619140625,868358
2022-02-02,1427.2305908203125,1449.0081787109375,1412.6729736328125,1431.7210693359375,609066
2022-02-03,1429.34375,1443.63720703125,1408.798828125,1431.339599609375,339584
2022-02-04,1432.86572265625,1446.9537353515625,1414.8155517578125,1422.182373046875,274499
2022-02-07,1399.9937744140625,1426.2913818359375,1379.4488525390625,1418.0733642578125,937873
2022-02-08,1423.033447265625,1466.32470703125,1381.7967529296875,1387.4613037109375,1691333
2022-02-09,1387.4613037109375,1424.1488037109375,1387.4613037109375,1419.0125732421875,319100
2022-02-10,1421.2138671875,1437.855224609375,1405.9224853515625,1433.6875,313509
2022-02-11,1423.4737548828125,1426.4088134765625,1404.484375,1409.8553466796875,271058
2022-02-14,1397.058837890625,1399.3480224609375,1362.4844970703125,1367.943603515625,313971
2022-02-15,1368.5599365234375,1427.3773193359375,1359.16796875,1421.3018798828125,531468
2022-02-16,1423.4737548828125,1432.27880859375,1401.7547607421875,1405.452880859375,265145
2022-02-17,1406.0986328125,1451.6497802734375,1405.86376953125,1438.001953125,876419
2022-02-18,1438.001953125,1470.4337158203125,1431.104736328125,1442.4925537109375,1007426
2022-02-21,1440.4674072265625,1453.1759033203125,1412.32080078125,1417.9559326171875,436344
2022-02-22,1400.081787109375,1423.4150390625,1374.958251953125,1412.84912109375,412041
2022-02-23,1420.71484375,1444.1068115234375,1404.3082275390625,1406.7442626953125,378657
2022-02-24,1373.578857421875,1385.465576171875,1333.4866943359375,1341.7047119140625,474804
2022-02-25,1368.8828125,1412.90771484375,1362.42578125,1403.545166015625,484981
2022-02-28,1391.1888427734375,1391.1888427734375,1348.10302734375,1377.951904296875,803135
2022-03-02,1378.0106201171875,1404.54296875,1370.643798828125,1392.480224609375,379247
2022-03-03,1408.798828125,1431.075439453125,1382.4425048828125,1388.1070556640625,476976
2022-03-04,1382.9708251953125,1388.9288330078125,1341.2938232421875,1344.052734375,328335
2022-03-07,1320.7489013671875,1337.2142333984375,1291.39892578125,1303.5498046875,319233
2022-03-08,1303.5498046875,1328.64404296875,1278.48486328125,1320.6314697265625,302979
2022-03-09,1320.7489013671875,1353.121826171875,1302.4344482421875,1338.8284912109375,323029
2022-03-10,1384.144775390625,1384.144775390625,1341.2938232421875,1363.5704345703125,307000
2022-03-11,1356.086181640625,1388.57666015625,1351.2435302734375,1385.37744140625,291455
2022-03-14,1385.31884765625,1402.9288330078125,1374.429931640625,1385.201416015625,442322
2022-03-15,1385.201416015625,1393.68359375,1350.7152099609375,1359.2559814453125,322821
2022-03-16,1378.1573486328125,1395.6793212890625,1368.2957763671875,1384.8492431640625,246412
2022-03-17,1400.580810546875,1428.8154296875,1383.6751708984375,1397.616455078125,845360
2022-03-21,1408.798828125,1414.8448486328125,1374.5179443359375,1378.8031005859375,285335
2022-03-22,1381.708740234375,1385.31884765625,1327.9102783203125,1361.33984375,495889
2022-03-23,1375.8094482421875,1375.8094482421875,1321.3358154296875,1347.7801513671875,995327
2022-03-24,1337.7718505859375,1351.0966796875,1330.140869140625,1346.7529296875,365826
2022-03-25,1352.44677734375,1357.3775634765625,1325.4742431640625,1334.719482421875,401071
2022-03-28,1333.0758056640625,1341.763427734375,1314.87890625,1333.8095703125,258095
2022-03-29,1344.2288818359375,1355.4111328125,1334.9542236328125,1350.098876953125,303610
2022-03-30,1361.57470703125,1383.70458984375,1343.0548095703125,1375.60400390625,484801
2022-03-31,1368.8828125,1395.85546875,1356.878662109375,1390.1322021484375,593414
2022-04-01,1390.1322021484375,1409.943359375,1382.912109375,1389.545166015625,395991
2022-04-04,1396.94140625,1429.34375,1394.153076171875,1425.0,455012
2022-04-05,1426.526123046875,1445.83837890625,1424.647705078125,1430.6058349609375,429695
2022-04-06,1436.769287109375,1461.5113525390625,1429.9307861328125,1443.226318359375,499344
2022-04-07,1435.2137451171875,1473.36865234375,1431.897216796875,1450.240966796875,464610
2022-04-08,1455.7587890625,1484.521728515625,1454.6434326171875,1478.4168701171875,608118
2022-04-11,1478.0941162109375,1483.08349609375,1458.077392578125,1467.234619140625,388223
2022-04-12,1459.28076171875,1473.89697265625,1424.6771240234375,1438.5009765625,300284
2022-04-13,1429.34375,1461.041748046875,1429.34375,1448.127685546875,235833
2022-04-18,1445.662353515625,1445.662353515625,1406.010498046875,1434.744140625,376436
2022-04-19,1446.8363037109375,1455.55322265625,1380.0357666015625,1398.2620849609375,383363
2022-04-20,1400.874267578125,1408.828125,1379.4488525390625,1399.2894287109375,315531
2022-04-21,1407.6834716796875,1412.6729736328125,1388.8408203125,1396.970703125,336158
2022-04-22,1393.9476318359375,1393.9476318359375,1367.7088623046875,1373.4027099609375,173417
2022-04-25,1364.7738037109375,1367.5032958984375,1320.7489013671875,1327.61669921875,233783
2022-04-26,1343.641845703125,1356.4970703125,1325.2100830078125,1334.9542236328125,929769
2022-04-27,1314.87890625,1336.5977783203125,1305.7509765625,1326.9710693359375,296027
2022-04-28,1350.098876953125,1350.098876953125,1326.618896484375,1338.1240234375,315591
2022-04-29,1347.163818359375,1351.2728271484375,1326.765625,1333.28125,551746
2022-05-02,1326.618896484375,1334.983642578125,1299.6168212890625,1319.0465087890625,586116
2022-05-04,1331.3148193359375,1332.870361328125,1286.849609375,1291.545654296875,613412
2022-05-05,1305.1053466796875,1374.723388671875,1294.3631591796875,1351.5369873046875,1733386
2022-05-06,1333.662841796875,1341.205810546875,1295.71337890625,1300.7908935546875,371352
2022-05-09,1297.2689208984375,1300.7908935546875,1262.1075439453125,1290.489013671875,504167
2022-05-10,1290.489013671875,1354.9415283203125,1290.195556640625,1320.954345703125,1239958
2022-05-11,1320.8956298828125,1365.94775390625,1320.8956298828125,1360.3126220703125,844426
2022-05-12,1359.4908447265625,1360.0777587890625,1323.80126953125,1335.9521484375,525606
2022-05-13,1358.90380859375,1377.2181396484375,1264.6904296875,1350.392333984375,1954231
2022-05-16,1358.90380859375,1364.7738037109375,1334.2498779296875,1350.0107421875,422709
2022-05-17,1357.142822265625,1372.522216796875,1350.392333984375,1356.76123046875,431242
2022-05-18,1364.7738037109375,1387.7254638671875,1344.492919921875,1379.5955810546875,592908
2022-05-19,1349.5118408203125,1358.5809326171875,1340.149169921875,1346.9290771484375,275504
2022-05-20,1356.5557861328125,1397.058837890625,1356.5557861328125,1392.5389404296875,429950
2022-05-23,1397.058837890625,1418.6309814453125,1382.11962890625,1388.60595703125,367433
2022-05-24,1390.0147705078125,1421.096435546875,1387.0504150390625,1409.268310546875,560629
2022-05-25,1415.1383056640625,1419.1300048828125,1373.0211181640625,1377.4237060546875,368777
2022-05-26,1377.7464599609375,1386.8743896484375,1345.021240234375,1377.100830078125,352884
2022-05-27,1382.3837890625,1402.9288330078125,1373.7548828125,1394.387939453125,337266
2022-05-30,1404.6898193359375,1428.7274169921875,1395.2977294921875,1419.3060302734375,263858
2022-05-31,1419.482177734375,1449.3017578125,1419.482177734375,1428.7274169921875,727692
2022-06-01,1428.8154296875,1453.6749267578125,1412.6142578125,1419.9810791015625,327666
2022-06-02,1417.603759765625,1431.8092041015625,1407.624755859375,1412.4088134765625,187788
2022-06-03,1418.0146484375,1421.125732421875,1375.1343994140625,1378.6563720703125,207201
2022-06-06,1375.9854736328125,1394.50537109375,1366.47607421875,1387.079833984375,235758
2022-06-07,1365.507568359375,1394.5933837890625,1357.7298583984375,1382.3250732421875,248395
2022-06-08,1385.31884765625,1406.0986328125,1366.5347900390625,1387.079833984375,448310
2022-06-09,1379.4488525390625,1394.0650634765625,1373.608154296875,1390.455078125,193632
2022-06-10,1377.80517578125,1404.366943359375,1370.643798828125,1392.1279296875,130966
2022-06-13,1380.50537109375,1416.8699951171875,1379.4781494140625,1398.02734375,643911
2022-06-14,1398.6729736328125,1412.32080078125,1358.1700439453125,1409.12158203125,723503
2022-06-15,1423.4737548828125,1423.4737548828125,1391.1888427734375,1398.4969482421875,394799
2022-06-16,1408.798828125,1420.597412109375,1367.943603515625,1374.54736328125,295817
2022-06-17,1361.8388671875,1395.767333984375,1348.8955078125,1363.922607421875,832191
2022-06-20,1364.186767578125,1375.369140625,1332.1072998046875,1341.05908203125,204974
2022-06-21,1347.7508544921875,1381.972900390625,1343.641845703125,1377.4530029296875,248679
2022-06-22,1378.86181640625,1379.5955810546875,1321.218505859375,1334.9542236328125,555228
2022-06-23,1336.920654296875,1375.8974609375,1336.1868896484375,1371.9351806640625,218393
2022-06-24,1379.4488525390625,1397.909912109375,1371.7884521484375,1375.8387451171875,168374
2022-06-27,1384.7318115234375,1408.710693359375,1383.5577392578125,1393.5074462890625,267363
2022-06-28,1385.31884765625,1400.081787109375,1375.8387451171875,1397.4110107421875,384177
2022-06-29,1388.01904296875,1417.0167236328125,1373.7843017578125,1412.1446533203125,575111
2022-06-30,1412.1446533203125,1424.618408203125,1396.9119873046875,1409.0628662109375,515085
2022-07-01,1397.645751953125,1423.4737548828125,1389.016845703125,1412.9664306640625,355099
2022-07-04,1420.4801025390625,1483.318359375,1415.4906005859375,1480.1485595703125,878789
2022-07-05,1487.4566650390625,1526.1693115234375,1475.2177734375,1502.894775390625,1347186
2022-07-06,1508.588623046875,1559.0706787109375,1502.748046875,1554.28662109375,1243401
2022-07-07,1558.483642578125,1569.7540283203125,1540.9029541015625,1563.5318603515625,710283
2022-07-08,1567.8756103515625,1580.613525390625,1556.1356201171875,1573.9510498046875,538169
2022-07-11,1567.28857421875,1591.942626953125,1562.0936279296875,1570.5465087890625,349221
2022-07-12,1560.24462890625,1571.2508544921875,1544.57177734375,1552.9365234375,406288
2022-07-13,1557.8966064453125,1561.4185791015625,1541.724853515625,1549.5025634765625,238489
2022-07-14,1549.5025634765625,1562.3577880859375,1539.72900390625,1552.67236328125,273037
2022-07-15,1552.6136474609375,1578.32421875,1541.8421630859375,1573.74560546875,415707
2022-07-18,1584.1942138671875,1598.399658203125,1573.9510498046875,1593.5274658203125,810516
2022-07-19,1591.3555908203125,1614.18994140625,1572.8651123046875,1575.9468994140625,759738
2022-07-20,1579.0872802734375,1595.8167724609375,1563.0035400390625,1571.01611328125,607957
2022-07-21,1576.6219482421875,1651.2296142578125,1567.28857421875,1645.7117919921875,1287234
2022-07-22,1643.5985107421875,1644.0975341796875,1611.3135986328125,1616.126953125,712951
2022-07-25,1616.126953125,1625.3721923828125,1590.064208984375,1598.135498046875,666951
2022-07-26,1606.265380859375,1606.265380859375,1564.3536376953125,1571.2508544921875,570416
2022-07-27,1568.34521484375,1599.514892578125,1561.4185791015625,1579.2047119140625,712569
2022-07-28,1585.5150146484375,1596.93212890625,1567.406005859375,1575.1544189453125,560760
2022-07-29,1589.1837158203125,1602.508544921875,1558.6597900390625,1581.4940185546875,730390
2022-08-01,1596.286376953125,1623.640625,1585.1627197265625,1619.4434814453125,1069023
2022-08-02,1631.5357666015625,1652.403564453125,1602.508544921875,1606.500244140625,1245743
2022-08-03,1567.28857421875,1578.441650390625,1510.3790283203125,1534.7982177734375,3041673
2022-08-04,1552.4669189453125,1558.454345703125,1526.8443603515625,1554.6680908203125,597419
2022-08-05,1562.005615234375,1595.464599609375,1553.46484375,1579.3514404296875,925569
2022-08-08,1584.8985595703125,1654.4580078125,1576.2110595703125,1648.6761474609375,1407803
2022-08-10,1658.2735595703125,1672.8311767578125,1641.2506103515625,1648.1771240234375,1095690
2022-08-11,1655.3385009765625,1683.3677978515625,1655.3385009765625,1665.9925537109375,781368
2022-08-12,1666.9317626953125,1687.5648193359375,1657.246337890625,1670.189697265625,687600
2022-08-16,1681.16650390625,1716.386474609375,1671.6571044921875,1711.3382568359375,645714
2022-08-17,1716.386474609375,1723.665283203125,1688.7974853515625,1700.06787109375,617530
2022-08-18,1699.9505615234375,1713.7449951171875,1681.2252197265625,1689.413818359375,380594
2022-08-19,1688.2105712890625,1706.4368896484375,1655.925537109375,1673.0953369140625,499767
2022-08-22,1669.954833984375,1708.16845703125,1658.332275390625,1688.005126953125,964711
2022-08-23,1683.33837890625,1712.8057861328125,1666.4915771484375,1690.0008544921875,1023205
2022-08-24,1697.0155029296875,1709.5772705078125,1674.1812744140625,1696.8980712890625,873372
2022-08-25,1711.103515625,1731.58984375,1685.598388671875,1692.5836181640625,982377
2022-08-26,1705.820556640625,1742.2144775390625,1696.428466796875,1714.06787109375,947651
2022-08-29,1688.2105712890625,1701.12451171875,1663.5565185546875,1671.6865234375,768044
2022-08-30,1687.0364990234375,1706.0260009765625,1680.1685791015625,1692.6717529296875,956581
2022-09-01,1691.1455078125,1746.323486328125,1678.96533203125,1714.5374755859375,1492962
2022-09-02,1725.572998046875,1745.4429931640625,1703.5018310546875,1710.457763671875,695603
2022-09-05,1716.2984619140625,1730.79736328125,1704.0888671875,1723.0782470703125,261463
2022-09-06,1730.4744873046875,1737.81201171875,1696.0762939453125,1732.1180419921875,393111
2022-09-07,1728.7135009765625,1752.1934814453125,1718.529052734375,1726.3067626953125,410777
2022-09-08,1735.4052734375,1740.365478515625,1721.6695556640625,1730.679931640625,180172
2022-09-09,1745.7364501953125,1746.323486328125,1706.407470703125,1717.0615234375,209483
2022-09-12,1703.6192626953125,1750.4324951171875,1703.6192626953125,1740.4534912109375,335535
2022-09-13,1749.17041015625,1799.6817626953125,1737.048828125,1791.8453369140625,1085709
2022-09-14,1767.6021728515625,1830.235107421875,1767.6021728515625,1824.74658203125,1076050
2022-09-15,1830.264404296875,1842.2978515625,1790.348388671875,1796.9521484375,405480
2022-09-16,1796.9521484375,1801.7362060546875,1728.7135009765625,1737.01953125,777603
2022-09-19,1737.01953125,1752.9859619140625,1719.350830078125,1736.6673583984375,558882
2022-09-20,1745.35498046875,1771.85791015625,1725.7784423828125,1730.415771484375,416738
2022-09-21,1728.7135009765625,1744.973388671875,1707.1119384765625,1709.75341796875,210613
2022-09-22,1708.16845703125,1732.323486328125,1692.613037109375,1713.6275634765625,288257
2022-09-23,1721.6695556640625,1732.1767578125,1671.7452392578125,1675.5606689453125,184160
2022-09-26,1656.5125732421875,1673.7703857421875,1618.3575439453125,1624.344970703125,385642
2022-09-27,1624.344970703125,1630.6845703125,1579.9677734375,1599.485595703125,700193
2022-09-28,1584.8985595703125,1610.7265625,1568.462646484375,1585.0159912109375,307294
2022-09-29,1592.9698486328125,1609.6700439453125,1584.8985595703125,1604.7978515625,414664
2022-09-30,1612.83984375,1635.4979248046875,1586.3660888671875,1626.4581298828125,506266
2022-10-03,1626.4581298828125,1630.537841796875,1581.1124267578125,1589.007568359375,405756
2022-10-04,1605.443603515625,1637.3763427734375,1599.896484375,1614.1312255859375,186967
2022-10-06,1622.202392578125,1653.900390625,1615.5986328125,1643.8626708984375,335634
2022-10-07,1648.2945556640625,1659.3887939453125,1626.0472412109375,1655.103759765625,529082
2022-10-10,1628.923583984375,1646.2401123046875,1616.09765625,1628.8355712890625,184741
2022-10-11,1636.994873046875,1639.8123779296875,1596.286376953125,1600.3660888671875,253398
2022-10-12,1608.3785400390625,1631.7412109375,1585.8377685546875,1625.959228515625,312616
2022-10-13,1625.959228515625,1630.7138671875,1597.871337890625,1608.407958984375,184935
2022-10-14,1638.78515625,1638.78515625,1604.50439453125,1612.1353759765625,247194
2022-10-17,1611.2548828125,1622.8187255859375,1596.66796875,1611.5777587890625,105577
2022-10-18,1614.4833984375,1671.7745361328125,1606.0599365234375,1657.510498046875,573859
2022-10-19,1661.20849609375,1704.38232421875,1658.3028564453125,1693.992431640625,833409
2022-10-20,1687.62353515625,1719.321533203125,1673.8289794921875,1688.15185546875,1214721
2022-10-21,1688.7974853515625,1698.3656005859375,1644.7725830078125,1651.7872314453125,261570
2022-10-24,1665.904541015625,1671.0701904296875,1643.745361328125,1654.047119140625,38693
2022-10-25,1661.20849609375,1671.5103759765625,1645.53564453125,1663.5859375,181812
2022-10-27,1679.3468017578125,1697.6025390625,1662.646728515625,1690.4117431640625,440627
2022-10-28,1695.19580078125,1718.1474609375,1684.7178955078125,1713.0699462890625,664566
2022-10-31,1726.365478515625,1737.5184326171875,1712.864501953125,1717.32568359375,566414
2022-11-01,1725.92529296875,1743.388427734375,1715.564697265625,1728.8602294921875,520576
2022-11-02,1730.415771484375,1730.415771484375,1700.56689453125,1707.464111328125,161345
2022-11-03,1702.2984619140625,1721.9630126953125,1693.3760986328125,1697.33837890625,280337
2022-11-04,1705.1748046875,1753.0152587890625,1697.33837890625,1745.266845703125,646538
2022-11-07,1754.01318359375,1768.8642578125,1714.8016357421875,1723.0782470703125,457290
2022-11-09,1736.637939453125,1737.5184326171875,1704.4410400390625,1711.92529296875,264942
2022-11-10,1711.807861328125,1726.9525146484375,1694.6087646484375,1713.3341064453125,325175
2022-11-11,1721.904296875,1742.1851806640625,1706.818359375,1712.3948974609375,507724
2022-11-14,1715.7701416015625,1726.923095703125,1698.7764892578125,1704.8226318359375,237371
2022-11-15,1712.2774658203125,1712.835205078125,1669.7200927734375,1672.8311767578125,445683
2022-11-16,1677.64453125,1707.5521240234375,1661.883544921875,1690.6171875,743654
2022-11-17,1687.5941162109375,1705.2335205078125,1679.3175048828125,1684.6298828125,458310
2022-11-18,1692.8477783203125,1703.4725341796875,1659.8878173828125,1666.0806884765625,380213
2022-11-21,1667.0491943359375,1670.0135498046875,1638.3155517578125,1650.37841796875,848682
2022-11-22,1658.6551513671875,1666.0806884765625,1637.1708984375,1645.653076171875,587806
2022-11-23,1636.5838623046875,1642.718017578125,1579.9091796875,1625.841796875,2452673
2022-11-24,1638.374267578125,1671.3929443359375,1631.9759521484375,1653.3720703125,1063540
2022-11-25,1653.3720703125,1669.3385009765625,1614.24853515625,1631.0074462890625,839496
2022-11-28,1631.8585205078125,1650.3489990234375,1617.2716064453125,1622.87744140625,425898
2022-11-29,1627.1331787109375,1639.3721923828125,1615.0704345703125,1631.095458984375,329695
2022-11-30,1634.4119873046875,1647.12060546875,1623.523193359375,1628.894287109375,803743
2022-12-01,1636.5545654296875,1638.1981201171875,1610.96142578125,1628.894287109375,742344
2022-12-02,1629.5106201171875,1629.745361328125,1600.072509765625,1624.080810546875,512399
2022-12-05,1630.0975341796875,1634.852294921875,1608.965576171875,1622.5252685546875,299959
2022-12-06,1623.5819091796875,1628.923583984375,1614.24853515625,1622.31982421875,278284
2022-12-07,1656.5418701171875,1730.4744873046875,1656.5418701171875,1705.43896484375,4856338
2022-12-08,1708.16845703125,1736.344482421875,1693.2000732421875,1729.21240234375,959261
2022-12-09,1731.6484375,1758.0634765625,1723.929443359375,1741.62744140625,1211718
2022-12-12,1737.2249755859375,1793.2540283203125,1734.6715087890625,1783.5098876953125,1514941
2022-12-13,1782.1597900390625,1794.633544921875,1740.1893310546875,1755.216552734375,996714
2022-12-14,1757.7406005859375,1785.9459228515625,1747.791015625,1777.669189453125,752293
2022-12-15,1775.6734619140625,1775.6734619140625,1734.7596435546875,1741.333984375,333860
2022-12-16,1729.9168701171875,1734.3486328125,1693.3173828125,1699.392822265625,741576
2022-12-19,1699.392822265625,1740.424072265625,1683.5145263671875,1735.4639892578125,369496
2022-12-20,1726.365478515625,1753.338134765625,1721.757568359375,1735.023681640625,706855
2022-12-21,1740.4534912109375,1753.895751953125,1681.1959228515625,1693.170654296875,267492
2022-12-22,1697.0155029296875,1708.16845703125,1671.2462158203125,1679.4349365234375,332174
2022-12-23,1672.948486328125,1679.2587890625,1628.101806640625,1636.0849609375,347993
2022-12-26,1652.9906005859375,1689.942138671875,1652.9906005859375,1663.4390869140625,882794
2022-12-27,1672.948486328125,1684.6884765625,1651.611083984375,1674.65087890625,313143
2022-12-28,1672.0386962890625,1691.527099609375,1664.1435546875,1679.4935302734375,186654
2022-12-29,1678.2315673828125,1678.7891845703125,1641.1331787109375,1656.747314453125,532375
2022-12-30,1665.0533447265625,1681.72412109375,1655.3385009765625,1659.0953369140625,236707
2023-01-02,1670.6005859375,1672.8604736328125,1653.460205078125,1660.239990234375,211608
2023-01-03,1662.9696044921875,1675.73681640625,1658.2735595703125,1665.5816650390625,154523
2023-01-04,1660.0345458984375,1671.6865234375,1649.468505859375,1652.667724609375,94896
2023-01-05,1663.5565185546875,1705.96728515625,1652.7264404296875,1699.48095703125,516535
2023-01-06,1707.9630126953125,1714.478759765625,1686.7430419921875,1697.4263916015625,389146
2023-01-09,1699.921142578125,1721.9630126953125,1695.2545166015625,1704.4410400390625,273042
2023-01-10,1711.103515625,1714.0384521484375,1675.590087890625,1684.776611328125,216276
2023-01-11,1690.5584716796875,1731.58984375,1675.648681640625,1726.365478515625,575840
2023-01-12,1726.365478515625,1755.8916015625,1724.751220703125,1750.0216064453125,582019
2023-01-13,1745.1495361328125,1749.14111328125,1719.321533203125,1741.3927001953125,371640
2023-01-16,1742.801513671875,1749.69873046875,1722.4913330078125,1727.950439453125,173518
2023-01-17,1778.2562255859375,1792.6671142578125,1705.3509521484375,1728.9776611328125,2357942
2023-01-18,1743.388427734375,1810.453125,1739.3675537109375,1798.947998046875,2312918
2023-01-19,1798.56640625,1816.11767578125,1786.2393798828125,1788.968994140625,842164
2023-01-20,1793.7823486328125,1824.1009521484375,1786.91455078125,1796.7467041015625,1055934
2023-01-23,1810.8934326171875,1818.26025390625,1782.365234375,1795.337890625,493693
2023-01-24,1795.337890625,1795.337890625,1770.21435546875,1783.304443359375,481186
2023-01-25,1783.304443359375,1785.711181640625,1739.866455078125,1758.2396240234375,438949
2023-01-27,1760.382080078125,1767.0445556640625,1702.592041015625,1736.2857666015625,281959
2023-01-30,1735.786865234375,1753.2794189453125,1702.2984619140625,1712.306884765625,369712
2023-01-31,1717.0615234375,1749.2584228515625,1712.5123291015625,1717.82470703125,665699
2023-02-01,1731.6484375,1802.704833984375,1697.2503662109375,1728.772216796875,1739146
2023-02-02,1728.772216796875,1745.0908203125,1704.6759033203125,1717.2669677734375,592417
2023-02-03,1722.8140869140625,1789.761474609375,1714.214599609375,1777.25830078125,994847
2023-02-06,1786.2393798828125,1812.0673828125,1772.38623046875,1807.0191650390625,647329
2023-02-07,1817.9373779296875,1840.243408203125,1793.8704833984375,1830.293701171875,633612
2023-02-08,1830.8514404296875,1839.949951171875,1814.47412109375,1832.025390625,330625
2023-02-09,1826.1553955078125,1863.1363525390625,1817.3504638671875,1821.870361328125,905913
2023-02-10,1818.5244140625,1846.1134033203125,1813.828369140625,1837.7486572265625,344061
2023-02-13,1857.8533935546875,1857.8533935546875,1806.9605712890625,1836.9561767578125,507533
2023-02-14,1840.243408203125,1847.6689453125,1808.01708984375,1834.343994140625,992697
2023-02-15,1849.04833984375,1906.6036376953125,1814.5621337890625,1895.6561279296875,2489342
2023-02-16,1905.9580078125,1907.748291015625,1886.0880126953125,1891.7232666015625,868464
2023-02-17,1891.69384765625,1904.8133544921875,1869.828125,1875.4339599609375,596654
2023-02-20,1884.2095947265625,1903.02294921875,1874.289306640625,1876.6080322265625,577187
2023-02-21,1890.1090087890625,1939.9158935546875,1875.903564453125,1933.6937255859375,2267083
2023-02-22,1934.163330078125,1945.1988525390625,1905.4296875,1908.6287841796875,876944
2023-02-23,1913.5595703125,1925.3582763671875,1899.0020751953125,1911.8572998046875,539054
2023-02-24,1921.4254150390625,1924.213623046875,1890.1383056640625,1905.69384765625,273422
2023-02-27,1905.69384765625,1913.79443359375,1856.2684326171875,1879.513671875,521428
2023-02-28,1888.93505859375,1916.1717529296875,1866.6583251953125,1905.7525634765625,670709
2023-03-01,1912.4443359375,1917.55126953125,1896.1551513671875,1911.9454345703125,375381
2023-03-02,1913.6182861328125,1913.6182861328125,1831.4383544921875,1838.51171875,963864
2023-03-03,1851.9833984375,1868.47802734375,1838.482421875,1857.0316162109375,515155
2023-03-06,1864.3104248046875,1895.1865234375,1860.524169921875,1891.400390625,394371
2023-03-08,1886.6163330078125,1933.5762939453125,1881.6268310546875,1929.7314453125,532620
2023-03-09,1934.163330078125,1949.8948974609375,1928.7042236328125,1936.6873779296875,550547
2023-03-10,1913.6182861328125,1950.393798828125,1906.0167236328125,1942.41064453125,372576
2023-03-13,1948.1339111328125,1948.8089599609375,1904.6666259765625,1919.458984375,468760
2023-03-14,1916.49462890625,1923.3331298828125,1891.13623046875,1909.45068359375,417775
2023-03-15,1928.1759033203125,1943.056396484375,1916.5533447265625,1925.7105712890625,447100
2023-03-16,1920.427490234375,1922.305908203125,1880.6876220703125,1915.848876953125,383899
2023-03-17,1925.3582763671875,1947.0772705078125,1915.2032470703125,1931.463134765625,621528
2023-03-20,1913.6182861328125,1941.7650146484375,1913.6182861328125,1932.549072265625,244724
2023-03-21,1940.0333251953125,1956.3812255859375,1927.1192626953125,1944.8173828125,385393
2023-03-22,1953.5343017578125,1964.657958984375,1922.834228515625,1941.442138671875,612734
2023-03-23,1941.442138671875,1960.5782470703125,1935.278564453125,1951.743896484375,428836
2023-03-24,1966.4482421875,1966.4482421875,1940.5322265625,1956.7333984375,565595
2023-03-27,1956.7333984375,1969.7061767578125,1923.3331298828125,1931.08154296875,485104
2023-03-28,1934.1046142578125,1941.735595703125,1910.712646484375,1921.0732421875,273833
2023-03-29,1922.98095703125,1965.861328125,1922.98095703125,1952.272216796875,606070
2023-03-31,1952.3309326171875,1966.4482421875,1945.9033203125,1953.035400390625,332017
2023-04-03,1964.687255859375,1972.3182373046875,1943.085693359375,1968.0625,260150
2023-04-05,1968.0625,1982.6494140625,1951.0982666015625,1967.123291015625,415184
2023-04-06,1967.5928955078125,1975.4000244140625,1950.3057861328125,1972.230224609375,473579
2023-04-10,1975.2532958984375,1995.7982177734375,1969.5887451171875,1986.1715087890625,421077
2023-04-11,1984.0582275390625,1995.7982177734375,1959.9913330078125,1964.4525146484375,372128
2023-04-12,1968.7669677734375,1982.1798095703125,1947.400146484375,1957.4378662109375,261652
2023-04-13,1960.5489501953125,1975.7816162109375,1942.96826171875,1952.65380859375,412559
2023-04-17,1954.708251953125,1981.123291015625,1946.4903564453125,1960.372802734375,300927
2023-04-18,1968.150634765625,1973.9912109375,1940.1507568359375,1946.343505859375,402770
2023-04-19,1948.5447998046875,1954.708251953125,1912.4443359375,1914.6456298828125,460840
2023-04-20,1923.5972900390625,1937.7733154296875,1915.3206787109375,1920.25146484375,328472
2023-04-21,1931.1695556640625,1934.8970947265625,1901.8782958984375,1907.425537109375,328323
2023-04-24,1907.748291015625,1928.2933349609375,1905.4296875,1918.66650390625,218305
2023-04-25,1927.6475830078125,1970.6746826171875,1920.0753173828125,1955.500732421875,710745
2023-04-26,1959.375,2028.875732421875,1957.672607421875,2023.768798828125,1231057
2023-04-27,2025.118896484375,2043.9322509765625,2013.408203125,2018.9554443359375,822523
2023-04-28,2025.148193359375,2036.2718505859375,2014.0245361328125,2024.9134521484375,769114
2023-05-02,2032.3095703125,2071.37451171875,2025.1776123046875,2054.556884765625,587097
2023-05-03,2054.498291015625,2082.9677734375,2037.123046875,2078.506591796875,591278
2023-05-04,2079.7392578125,2111.37841796875,2073.2822265625,2100.489501953125,682337
2023-05-05,2107.298828125,2139.084716796875,2102.045166015625,2133.420166015625,595310
2023-05-08,2142.518798828125,2171.898193359375,2125.319580078125,2165.88134765625,551199
2023-05-09,2185.399169921875,2186.1328125,2132.217041015625,2151.118408203125,808217
2023-05-10,2160.158203125,2207.000732421875,2151.499755859375,2180.380126953125,955917
2023-05-11,2184.4599609375,2237.64208984375,2176.8876953125,2228.866455078125,880070
2023-05-12,2251.14306640625,2311.8388671875,2225.78466796875,2284.04443359375,2095305
2023-05-15,2297.51611328125,2304.149169921875,2241.897705078125,2250.203857421875,805223
2023-05-16,2263.469970703125,2298.07373046875,2257.60009765625,2272.862060546875,618130
2023-05-17,2282.25390625,2300.098876953125,2254.40087890625,2284.13232421875,635639
2023-05-18,2300.450927734375,2300.450927734375,2243.57080078125,2249.52880859375,687438
2023-05-19,2254.753173828125,2276.384033203125,2124.380615234375,2185.222900390625,1256060
2023-05-22,2113.2568359375,2116.72021484375,1945.345703125,1995.6221923828125,8408508
2023-05-23,2005.7479248046875,2014.582275390625,1977.0435791015625,2002.0205078125,1757211
2023-05-24,2002.0205078125,2044.3431396484375,1981.7103271484375,2013.9952392578125,1467905
2023-05-25,2018.104248046875,2053.64697265625,2006.5404052734375,2047.013916015625,1252852
2023-05-26,2054.498291015625,2080.9130859375,2042.141845703125,2065.885986328125,755510
2023-05-29,2083.84814453125,2086.1962890625,2049.21533203125,2061.953125,846908
2023-05-30,2073.869140625,2116.133056640625,2066.326171875,2089.5419921875,1358081
2023-05-31,2089.71826171875,2100.636474609375,2067.9111328125,2084.816650390625,3283304
2023-06-01,2084.816650390625,2089.5419921875,2065.064208984375,2074.63232421875,336448
2023-06-02,2077.39111328125,2095.558837890625,2070.171142578125,2085.40380859375,398025
2023-06-05,2085.40380859375,2103.630126953125,2061.571533203125,2067.412109375,369899
2023-06-06,2069.20263671875,2109.089111328125,2064.007568359375,2105.126953125,528191
2023-06-07,2122.003173828125,2148.330078125,2113.1982421875,2144.83740234375,981639
2023-06-08,2153.671875,2156.4013671875,2120.271484375,2148.09521484375,674203
2023-06-09,2157.19384765625,2169.227294921875,2131.424560546875,2147.56689453125,465519
2023-06-12,2159.571044921875,2160.128662109375,2135.504150390625,2147.47900390625,205473
2023-06-13,2145.483154296875,2196.66943359375,2139.642578125,2192.0908203125,513455
2023-06-14,2200.6611328125,2212.6064453125,2187.51220703125,2208.99658203125,424054
2023-06-15,2211.81396484375,2217.68408203125,2189.8310546875,2202.24609375,425059
2023-06-16,2199.28173828125,2230.010986328125,2195.378173828125,2226.5478515625,521744
2023-06-19,2231.77197265625,2252.904052734375,2220.824462890625,2235.117919921875,388770
2023-06-20,2248.2080078125,2254.078125,2227.89794921875,2247.85595703125,543980
2023-06-21,2251.14306640625,2265.75927734375,2218.916748046875,2231.918701171875,611843
2023-06-22,2235.2939453125,2236.468017578125,2160.392822265625,2165.35302734375,591744
2023-06-23,2170.13720703125,2175.361328125,2136.73681640625,2157.634033203125,293332
2023-06-26,2160.128662109375,2179.529052734375,2139.671875,2171.5166015625,365427
2023-06-27,2169.256591796875,2185.135009765625,2165.147705078125,2175.53759765625,349944
2023-06-28,2191.856201171875,2219.79736328125,2161.50830078125,2209.90625,741217
2023-06-30,2209.466064453125,2216.451416015625,2186.39697265625,2210.904296875,332661
2023-07-03,2212.988037109375,2223.553955078125,2180.380126953125,2188.01123046875,232954
2023-07-04,2187.7470703125,2201.189453125,2154.2880859375,2173.776611328125,427882
2023-07-05,2173.072021484375,2206.531005859375,2172.044921875,2177.76806640625,391051
2023-07-06,2186.42626953125,2207.1181640625,2178.149658203125,2189.9482421875,370134
2023-07-07,2178.677978515625,2200.514404296875,2160.216796875,2166.292236328125,309705
2023-07-10,2171.898193359375,2179.998779296875,2135.59228515625,2141.05126953125,404344
2023-07-11,2152.233642578125,2216.510009765625,2143.16455078125,2210.9921875,684220
2023-07-12,2230.480712890625,2275.298095703125,2227.516357421875,2247.532958984375,1560437
2023-07-13,2254.312744140625,2254.312744140625,2174.24609375,2188.53955078125,745343
2023-07-14,2200.044677734375,2204.18310546875,2160.8037109375,2165.91064453125,819344
2023-07-17,2185.986083984375,2192.0029296875,2164.29638671875,2173.130859375,559835
2023-07-18,2174.891845703125,2194.2041015625,2160.158203125,2172.86669921875,505066
2023-07-19,2162.62353515625,2201.248046875,2162.62353515625,2177.9736328125,507758
2023-07-20,2182.464111328125,2197.69677734375,2060.691162109375,2133.97802734375,1133658
2023-07-21,2134.917236328125,2150.149658203125,2116.4560546875,2121.38671875,595825
2023-07-24,2124.938232421875,2178.707275390625,2116.16259765625,2168.904296875,468700
2023-07-25,2171.81005859375,2189.156005859375,2152.1162109375,2167.642333984375,576871
2023-07-26,2171.31103515625,2214.162109375,2155.491455078125,2209.05517578125,349175
2023-07-27,2210.023681640625,2226.459716796875,2194.673583984375,2202.422119140625,299478
2023-07-28,2210.052978515625,2268.342041015625,2197.344482421875,2264.468017578125,692509
2023-07-31,2312.42578125,2388.412841796875,2290.765380859375,2338.01904296875,2739155
2023-08-01,2350.932861328125,2350.932861328125,2276.384033203125,2283.985595703125,558935
2023-08-02,2283.427978515625,2287.80126953125,2223.260498046875,2241.7509765625,549002
2023-08-03,2244.069580078125,2270.396728515625,2186.572998046875,2227.6337890625,761346
2023-08-04,2236.468017578125,2247.474365234375,2209.143310546875,2216.510009765625,447988
2023-08-07,2236.468017578125,2269.340087890625,2226.518310546875,2250.61474609375,591402
2023-08-08,2257.60009765625,2257.60009765625,2184.81201171875,2218.4765625,648131
2023-08-09,2230.539306640625,2230.59814453125,2159.36572265625,2190.74072265625,1460256
2023-08-10,2193.030029296875,2201.21875,2145.04296875,2153.378173828125,502959
2023-08-11,2154.2294921875,2177.26904296875,2138.527099609375,2144.162353515625,366862
2023-08-14,2152.0576171875,2157.076416015625,2093.8271484375,2114.724365234375,463649
2023-08-16,2113.1982421875,2129.839599609375,2093.739013671875,2117.5126953125,382100
2023-08-17,2127.2861328125,2130.22119140625,2092.94677734375,2099.139404296875,384688
2023-08-18,2100.2841796875,2131.982177734375,2100.2841796875,2116.77880859375,672406
2023-08-21,2132.45166015625,2152.204345703125,2121.005126953125,2144.22119140625,523153
2023-08-22,2150.120361328125,2164.883544921875,2143.16455078125,2150.560791015625,305247
2023-08-23,2151.35302734375,2194.2041015625,2151.35302734375,2182.66943359375,548819
2023-08-24,2194.732421875,2258.9208984375,2190.74072265625,2232.711181640625,1246331
2023-08-25,2234.1201171875,2268.7529296875,2218.623291015625,2222.937744140625,666187
2023-08-28,2228.220703125,2267.520263671875,2220.765869140625,2258.18701171875,467613
2023-08-29,2271.10107421875,2280.492919921875,2260.82861328125,2268.95849609375,533864
2023-08-30,2280.492919921875,2283.427978515625,2264.08642578125,2269.8388671875,425172
2023-08-31,2268.7529296875,2343.859619140625,2257.717529296875,2302.270751953125,1194157
2023-09-01,2302.270751953125,2303.885009765625,2255.281494140625,2281.6962890625,455433
2023-09-04,2283.427978515625,2299.9814453125,2245.419677734375,2284.748779296875,330030
2023-09-05,2289.298095703125,2305.08837890625,2279.23095703125,2289.50341796875,390707
2023-09-06,2301.0380859375,2320.99609375,2288.006591796875,2315.595458984375,398969
2023-09-07,2317.914306640625,2337.079833984375,2306.907958984375,2312.74853515625,369790
2023-09-08,2315.712890625,2332.67724609375,2305.763427734375,2316.065185546875,268889
2023-09-11,2316.065185546875,2347.939208984375,2309.872314453125,2321.436279296875,530792
2023-09-12,2328.450927734375,2337.901611328125,2238.25830078125,2254.019287109375,582758
2023-09-13,2262.765625,2262.765625,2230.71533203125,2247.41552734375,240449
2023-09-14,2252.140869140625,2260.534912109375,2231.18505859375,2247.1220703125,284513
2023-09-15,2255.017333984375,2262.2666015625,2233.532958984375,2236.967041015625,672670
2023-09-18,2236.967041015625,2248.736328125,2207.587646484375,2218.124267578125,253485
2023-09-20,2215.21875,2236.438720703125,2201.042724609375,2215.394775390625,499215
2023-09-21,2212.988037109375,2241.075927734375,2185.399169921875,2195.378173828125,463586
2023-09-22,2200.162109375,2210.69873046875,2160.216796875,2165.470458984375,244783
2023-09-25,2177.76806640625,2180.585693359375,2149.592041015625,2168.728271484375,245560
2023-09-26,2171.898193359375,2176.770263671875,2153.613037109375,2160.334228515625,329823
2023-09-27,2160.158203125,2192.443115234375,2138.527099609375,2186.89599609375,375787
2023-09-28,2195.935791015625,2195.935791015625,2122.003173828125,2128.782958984375,452819
2023-09-29,2130.30908203125,2165.998779296875,2130.30908203125,2155.755615234375,306121
2023-10-03,2148.418212890625,2155.462158203125,2088.837646484375,2095.3828125,1181655
2023-10-04,2095.588134765625,2114.401611328125,2052.062255859375,2055.320068359375,1326457
2023-10-05,2065.651123046875,2086.430908203125,2057.609375,2066.06201171875,475857
2023-10-06,2080.737060546875,2098.523193359375,2055.672119140625,2073.869140625,747181
2023-10-09,2066.23828125,2088.16259765625,2036.0958251953125,2079.122802734375,464336
2023-10-10,2076.21728515625,2115.604736328125,2076.21728515625,2107.944580078125,401794
2023-10-11,2128.460205078125,2133.126708984375,2081.236083984375,2088.837646484375,797232
2023-10-12,2089.74755859375,2119.068115234375,2088.837646484375,2113.78515625,386339
2023-10-13,2092.653076171875,2118.6572265625,2091.068359375,2108.61962890625,268932
2023-10-16,2113.1982421875,2124.35107421875,2099.139404296875,2114.401611328125,490957
2023-10-17,2127.755859375,2127.755859375,2101.458251953125,2109.118408203125,387230
2023-10-18,2110.26318359375,2119.655029296875,2045.6932373046875,2050.007568359375,904120
2023-10-19,2047.4248046875,2047.4248046875,2016.460693359375,2033.219482421875,705738
2023-10-20,2025.118896484375,2039.7938232421875,2005.2196044921875,2020.3348388671875,425467
2023-10-23,2020.3348388671875,2039.5296630859375,1997.588623046875,2004.45654296875,324155
2023-10-25,2004.45654296875,2020.3641357421875,1986.9932861328125,2015.0811767578125,408712
2023-10-26,2007.5382080078125,2015.139892578125,1966.4482421875,1999.760498046875,689937
2023-10-27,1995.7982177734375,2024.5318603515625,1986.8465576171875,2011.647216796875,265119
2023-10-30,1995.8863525390625,2033.3369140625,1995.7982177734375,2013.760498046875,217044
2023-10-31,2008.125244140625,2013.408203125,1905.400390625,1955.2659912109375,1997149
2023-11-01,1960.5782470703125,1971.7313232421875,1945.1988525390625,1952.15478515625,598879
2023-11-02,1957.5845947265625,1985.1148681640625,1954.121337890625,1978.716552734375,203543
2023-11-03,1992.86328125,1992.86328125,1968.6202392578125,1976.7501220703125,432519
2023-11-06,1981.4461669921875,1984.116943359375,1959.785888671875,1976.544677734375,765326
2023-11-07,1937.0982666015625,1975.6934814453125,1937.0689697265625,1965.0394287109375,684705
2023-11-08,1963.5133056640625,2013.496337890625,1963.5133056640625,2009.8275146484375,328797
2023-11-09,2016.9302978515625,2022.2132568359375,1984.645263671875,1989.5467529296875,690511
2023-11-10,1986.9932861328125,2007.303466796875,1982.32666015625,2000.1126708984375,457427
2023-11-13,2008.125244140625,2015.4627685546875,1994.77099609375,2006.3642578125,164018
2023-11-15,2033.9532470703125,2094.8837890625,2003.4586181640625,2051.856689453125,2036950
2023-11-16,2060.250732421875,2078.359619140625,2035.0391845703125,2069.173095703125,656910
2023-11-17,2072.108154296875,2102.16259765625,2055.70166015625,2096.0283203125,525864
2023-11-20,2101.458251953125,2110.26318359375,2089.71826171875,2105.09765625,186235
2023-11-21,2113.1982421875,2118.833251953125,2090.5400390625,2106.7705078125,300426
2023-11-22,2106.7705078125,2113.1982421875,2066.23828125,2083.26123046875,278833
2023-11-23,2087.3701171875,2134.330078125,2072.108154296875,2124.468505859375,535388
2023-11-24,2136.67822265625,2137.76416015625,2116.16259765625,2129.986328125,392504
2023-11-28,2136.67822265625,2146.6572265625,2098.845947265625,2140.49365234375,460978
2023-11-29,2158.984130859375,2158.984130859375,2105.36181640625,2134.183349609375,1357340
2023-11-30,2136.619384765625,2151.676025390625,2122.4140625,2147.00927734375,859189
2023-12-01,2154.2880859375,2218.82861328125,2140.904541015625,2203.06787109375,683148
2023-12-04,2230.568603515625,2252.874755859375,2195.730224609375,2234.824462890625,1042728
2023-12-05,2236.468017578125,2259.947998046875,2216.539306640625,2256.132568359375,548981
2023-12-06,2259.947998046875,2303.679443359375,2251.17236328125,2261.0927734375,743908
2023-12-07,2270.484619140625,2270.513916015625,2238.639892578125,2249.52880859375,239029
2023-12-08,2263.469970703125,2278.99609375,2221.822509765625,2246.564453125,270593
2023-12-11,2248.2080078125,2286.363037109375,2248.2080078125,2281.226806640625,311661
2023-12-12,2281.226806640625,2292.99609375,2249.968994140625,2263.734130859375,227102
2023-12-13,2269.927001953125,2316.886962890625,2264.732177734375,2309.49072265625,443226
2023-12-14,2318.64794921875,2318.64794921875,2278.027587890625,2299.893310546875,363192
2023-12-15,2309.843017578125,2321.5830078125,2268.283447265625,2293.5830078125,635745
2023-12-18,2298.279052734375,2491.812744140625,2289.943603515625,2429.737548828125,2801186
2023-12-19,2436.0478515625,2450.37060546875,2348.02734375,2359.503173828125,880976
2023-12-20,2380.16552734375,2410.1318359375,2275.44482421875,2294.6689453125,735360
2023-12-21,2263.469970703125,2332.736083984375,2235.968994140625,2328.59765625,586859
2023-12-22,2397.892822265625,2418.43798828125,2306.643798828125,2321.90576171875,1064690
2023-12-26,2339.19287109375,2358.2705078125,2327.51171875,2350.551513671875,307874
2023-12-27,2365.57861328125,2379.020751953125,2327.188720703125,2334.87841796875,721724
2023-12-28,2353.545166015625,2366.605712890625,2315.859619140625,2324.429931640625,1286801
2023-12-29,2332.14892578125,2366.018798828125,2317.50341796875,2362.496826171875,326993
2024-01-01,2365.02099609375,2382.0439453125,2353.281005859375,2362.995849609375,218044
2024-01-02,2374.4423828125,2376.760986328125,2328.450927734375,2372.417236328125,358545
2024-01-03,2380.282958984375,2412.56787109375,2379.783935546875,2397.98095703125,591658
2024-01-04,2407.871826171875,2422.60546875,2392.932861328125,2400.035400390625,376886
2024-01-05,2406.198974609375,2415.23876953125,2381.45703125,2393.314208984375,238564
2024-01-08,2403.17578125,2404.40869140625,2349.201416015625,2357.096435546875,286950
2024-01-09,2366.10693359375,2475.9638671875,2365.60791015625,2461.523681640625,1113636
2024-01-10,2460.08544921875,2482.567626953125,2434.815185546875,2454.09814453125,455041
2024-01-11,2458.353759765625,2464.1650390625,2424.894775390625,2441.800537109375,222858
2024-01-12,2448.75634765625,2458.823486328125,2414.093994140625,2438.45458984375,272920
2024-01-15,2443.737548828125,2453.3642578125,2416.794189453125,2444.001708984375,261472
2024-01-16,2451.48583984375,2465.39794921875,2399.00830078125,2408.72314453125,321412
2024-01-17,2402.001953125,2425.980712890625,2364.58056640625,2410.689453125,302708
2024-01-18,2406.697998046875,2410.0732421875,2327.452880859375,2372.534423828125,319526
2024-01-19,2395.544921875,2436.634765625,2384.920166015625,2431.058349609375,189988
2024-01-23,2400.827880859375,2426.421142578125,2359.738037109375,2397.247314453125,817128
2024-01-24,2394.9580078125,2472.44189453125,2380.869873046875,2464.810791015625,373434
2024-01-25,2473.58642578125,2477.783447265625,2430.177978515625,2468.567626953125,279327
2024-01-29,2467.745849609375,2535.221435546875,2463.25537109375,2527.355712890625,784343
2024-01-30,2535.250732421875,2544.642822265625,2409.163330078125,2432.26171875,832629
2024-01-31,2415.5029296875,2472.940673828125,2398.685302734375,2430.41259765625,834154
2024-02-01,2442.5048828125,2494.3662109375,2365.28515625,2409.427490234375,1086532
2024-02-02,2421.372802734375,2518.198486328125,2413.800537109375,2443.26806640625,921748
2024-02-05,2450.722900390625,2494.747802734375,2420.756591796875,2434.844482421875,523729
2024-02-06,2447.67041015625,2494.747802734375,2427.272216796875,2475.22998046875,268988
2024-02-07,2518.198486328125,2518.198486328125,2443.121337890625,2494.2783203125,389046
2024-02-08,2505.313720703125,2544.642822265625,2474.202880859375,2480.982666015625,400136
2024-02-09,2483.418701171875,2524.80224609375,2439.51123046875,2509.892333984375,393964
2024-02-12,2509.892333984375,2558.906982421875,2467.745849609375,2476.169189453125,529370
2024-02-13,2475.9638671875,2641.38037109375,2417.263916015625,2531.84619140625,1263116
2024-02-14,2512.034912109375,2610.9736328125,2512.005615234375,2570.70556640625,893019
2024-02-15,2582.7978515625,2586.290283203125,2537.5693359375,2551.5400390625,173558
2024-02-16,2562.3408203125,2593.099609375,2545.81689453125,2582.00537109375,241361
2024-02-19,2583.35546875,2611.560791015625,2568.122802734375,2592.5419921875,184575
2024-02-20,2603.3427734375,2615.082763671875,2587.2294921875,2603.782958984375,222584
2024-02-21,2609.212646484375,2664.302734375,2592.218994140625,2606.483154296875,371688
2024-02-22,2612.147705078125,2692.566650390625,2593.36376953125,2672.315185546875,403586
2024-02-23,2686.696533203125,2695.6484375,2652.415771484375,2662.923095703125,264221
2024-02-26,2670.84765625,2697.2626953125,2638.562744140625,2680.093017578125,304792
2024-02-27,2680.0341796875,2727.4931640625,2678.478759765625,2691.56884765625,389099
2024-02-28,2708.38623046875,2734.625244140625,2663.979736328125,2686.579345703125,299446
2024-02-29,2689.220703125,2770.6376953125,2646.81005859375,2746.71728515625,600743
2024-03-01,2758.897705078125,2761.74462890625,2725.761474609375,2759.337890625,199138
2024-03-04,2776.536865234375,2781.23291015625,2742.5791015625,2752.55810546875,209615
2024-03-05,2769.698486328125,2793.912109375,2751.354736328125,2776.595703125,163935
2024-03-06,2785.3125,2785.3125,2717.8662109375,2763.91650390625,294519
2024-03-07,2776.507568359375,2784.138671875,2732.9228515625,2740.4951171875,244233
2024-03-11,2741.28759765625,2918.796142578125,2741.28759765625,2777.006591796875,1918967
2024-03-12,2785.3125,2838.11328125,2758.897705078125,2807.295654296875,697414
2024-03-13,2808.70458984375,2843.425537109375,2708.29833984375,2729.606201171875,645685
2024-03-14,2730.105224609375,2810.6708984375,2688.310791015625,2789.0693359375,412460
2024-03-15,2798.8134765625,2829.689697265625,2748.390380859375,2800.750732421875,390562
2024-03-18,2802.893310546875,2849.882568359375,2785.8408203125,2837.790283203125,292720
2024-03-19,2841.07763671875,2846.683349609375,2701.753173828125,2723.589599609375,633503
2024-03-20,2740.5244140625,2793.207763671875,2678.09716796875,2764.50341796875,305029
2024-03-21,2788.24755859375,2907.995361328125,2783.287353515625,2901.156982421875,786406
2024-03-22,2896.871826171875,2933.353759765625,2855.547119140625,2930.037353515625,479451
2024-03-26,2930.037353515625,3000.271728515625,2917.387451171875,2992.905029296875,728012
2024-03-27,3011.307373046875,3146.317138671875,3003.9404296875,3104.434814453125,1348237
2024-03-28,3104.434814453125,3172.732177734375,3073.82275390625,3154.564697265625,678687
2024-04-01,3157.382080078125,3245.37353515625,3157.382080078125,3206.719482421875,631767
2024-04-02,3213.792724609375,3286.610107421875,3201.72998046875,3273.608154296875,449484
2024-04-03,3234.9541015625,3329.69580078125,3234.9541015625,3313.7880859375,581683
2024-04-04,3314.228515625,3386.987060546875,3290.132080078125,3303.075439453125,623656
2024-04-05,3312.32080078125,3341.46533203125,3250.949951171875,3307.3017578125,413155
2024-04-08,3332.983154296875,3367.880126953125,3308.3291015625,3327.113037109375,398799
2024-04-09,3348.83203125,3355.171630859375,3277.687744140625,3290.27880859375,249533
2024-04-10,3306.538818359375,3306.538818359375,3257.87646484375,3277.100830078125,310376
2024-04-12,3277.100830078125,3340.085693359375,3257.84716796875,3273.960205078125,342661
2024-04-15,3238.006591796875,3298.93701171875,3181.5078125,3193.776123046875,371170
2024-04-16,3190.34228515625,3267.09228515625,3178.7490234375,3247.193115234375,455424
2024-04-18,3248.455078125,3313.025146484375,3228.23291015625,3275.19287109375,855476
2024-04-19,3272.258056640625,3314.05224609375,3217.226806640625,3281.03369140625,815322
2024-04-22,3288.341796875,3425.14208984375,3286.610107421875,3386.0478515625,840690
2024-04-23,3404.596923828125,3412.16943359375,3337.062744140625,3343.373046875,311349
2024-04-24,3362.920166015625,3377.62451171875,3320.568115234375,3327.670654296875,453462
2024-04-25,3328.287109375,3384.63916015625,3306.568115234375,3363.242919921875,354724
2024-04-26,3375.2177734375,3409.410400390625,3344.635009765625,3374.366455078125,261911
2024-04-29,3377.71240234375,3421.44384765625,3366.119140625,3390.890625,252127
2024-04-30,3415.632568359375,3476.7392578125,3398.78564453125,3429.074951171875,639090
2024-05-02,3429.074951171875,3507.586181640625,3428.076904296875,3446.5673828125,426724
2024-05-03,3469.1376953125,3491.472900390625,3443.54443359375,3479.76220703125,231533
2024-05-06,3498.516845703125,3637.048828125,3497.900634765625,3585.1875,1312335
2024-05-07,3606.52490234375,3667.396728515625,3540.781005859375,3577.527099609375,716801
2024-05-08,3591.96728515625,3719.815673828125,3535.0869140625,3701.03173828125,926467
2024-05-09,3709.249755859375,3718.641845703125,3589.413818359375,3598.42431640625,639174
2024-05-10,3618.93994140625,3644.268798828125,3562.23583984375,3620.700927734375,731118
2024-05-13,3658.532958984375,3912.9384765625,3650.28564453125,3885.995361328125,2284971
2024-05-14,3909.768798828125,3933.923828125,3805.22412109375,3909.6806640625,1145060
2024-05-15,4120.736328125,4249.87646484375,4065.558349609375,4179.025390625,4758520
2024-05-16,4179.025390625,4255.1884765625,4105.474609375,4134.736328125,2086652
2024-05-17,4150.08642578125,4244.00634765625,4134.88330078125,4217.796875,1152696
2024-05-21,4243.2431640625,4312.68505859375,4224.7529296875,4275.85107421875,1137886
2024-05-22,4305.05419921875,4305.05419921875,4187.712890625,4202.50537109375,794072
2024-05-23,4220.5263671875,4336.28271484375,4206.5263671875,4327.15478515625,610893
2024-05-24,4311.51123046875,4311.51123046875,4249.87646484375,4275.29345703125,319901
2024-05-27,4275.32275390625,4297.98095703125,4208.140625,4235.28955078125,677613
2024-05-28,4246.64794921875,4270.42138671875,4163.00048828125,4189.59130859375,516690
2024-05-29,4167.6376953125,4199.71728515625,4108.99658203125,4118.85791015625,794675
2024-05-30,4111.34423828125,4138.34619140625,4073.42431640625,4099.98583984375,474891
2024-05-31,4134.2373046875,4145.44921875,4063.23974609375,4090.18310546875,1576340
2024-06-03,4255.74609375,4311.45263671875,4190.06103515625,4269.83447265625,1132539
2024-06-04,4296.83642578125,4296.83642578125,3415.867431640625,3740.44873046875,2110529
2024-06-05,3885.9072265625,3885.9365234375,3602.50390625,3832.050048828125,1252949
2024-06-06,3874.167236328125,4014.13720703125,3871.291015625,3988.045166015625,716019
2024-06-07,3991.6259765625,4047.919189453125,3936.41845703125,4035.68017578125,448288
2024-06-10,4044.397216796875,4082.3173828125,4006.271484375,4024.791259765625,440649
2024-06-11,4062.09521484375,4129.13037109375,4039.260986328125,4050.912841796875,706063
2024-06-12,4061.420166015625,4187.625,4060.8037109375,4147.32763671875,875733
2024-06-13,4185.30615234375,4383.71240234375,4163.17626953125,4341.80029296875,1481464
2024-06-14,4363.46044921875,4644.9560546875,4353.12939453125,4572.84326171875,2241455
2024-06-18,4593.24169921875,4602.6630859375,4497.0322265625,4536.244140625,564554
2024-06-19,4558.63818359375,4584.4658203125,4411.30126953125,4424.80224609375,592516
2024-06-20,4425.97607421875,4432.90283203125,4361.435546875,4417.1123046875,531785
2024-06-21,4436.89453125,4461.1962890625,4344.236328125,4365.1044921875,427448
2024-06-24,4357.94287109375,4486.1142578125,4315.4443359375,4457.64453125,521276
2024-06-25,4475.63623046875,4548.6591796875,4424.5380859375,4437.71630859375,840898
2024-06-26,4447.6953125,4499.35107421875,4405.48974609375,4459.49365234375,373441
2024-06-27,4452.42041015625,4657.43017578125,4426.03466796875,4597.49755859375,2112969
2024-06-28,4609.47216796875,4609.47216796875,4478.83544921875,4522.53759765625,769128
2024-07-01,4534.92333984375,4631.42578125,4523.4765625,4620.595703125,582119
2024-07-02,4620.27294921875,4637.2958984375,4491.19189453125,4562.306640625,521048
2024-07-03,4574.48681640625,4645.484375,4552.18115234375,4580.38623046875,475455
2024-07-04,4580.38623046875,4666.0,4545.4013671875,4617.8662109375,482014
2024-07-05,4618.51220703125,4677.623046875,4587.40087890625,4628.81396484375,528860
2024-07-08,4657.40087890625,4657.7236328125,4511.12060546875,4544.16845703125,399489
2024-07-09,4555.1162109375,4592.68408203125,4534.6298828125,4557.4052734375,310552
2024-07-10,4578.59619140625,4616.10546875,4461.1962890625,4605.9794921875,559951
2024-07-11,4657.166015625,4657.166015625,4556.11376953125,4564.5078125,362284
2024-07-12,4583.2919921875,4593.27099609375,4461.69482421875,4469.14990234375,726216
2024-07-15,4469.14990234375,4501.845703125,4433.1376953125,4484.55859375,425054
2024-07-16,4496.416015625,4512.79345703125,4369.6240234375,4384.064453125,581874
2024-07-18,4384.064453125,4389.90478515625,4141.310546875,4180.140625,1477140
2024-07-19,4182.8115234375,4197.04638671875,4006.271484375,4021.06396484375,1158232
2024-07-22,3927.055908203125,4131.30224609375,3927.055908203125,4122.58544921875,636262
2024-07-23,4132.41748046875,4170.484375,3894.74169921875,3984.96337890625,1096685
2024-07-24,4003.072265625,4086.6904296875,3938.7666015625,3974.63232421875,761424
2024-07-25,3954.615478515625,4079.646484375,3915.961669921875,4013.2861328125,583872
2024-07-26,4038.90869140625,4095.58349609375,4015.10595703125,4060.45166015625,600579
2024-07-29,4089.9189453125,4173.91845703125,4078.0615234375,4165.5537109375,636993
2024-07-30,4167.6962890625,4201.68359375,4101.6884765625,4121.41162109375,672423
2024-07-31,4152.9921875,4214.65625,4062.036376953125,4187.0087890625,793082
2024-08-01,4195.8427734375,4205.20556640625,4078.32568359375,4125.90185546875,914883
2024-08-02,4050.29638671875,4098.98828125,3991.6259765625,4036.501953125,756140
2024-08-05,3919.63037109375,3997.466552734375,3876.632568359375,3929.785400390625,851269
2024-08-06,3929.785400390625,4011.90673828125,3854.0625,3869.44189453125,417249
2024-08-07,3931.72265625,4032.6865234375,3854.82568359375,4006.711669921875,628182
2024-08-08,3968.116455078125,4020.330078125,3908.418701171875,3973.3994140625,809522
2024-08-09,4020.946533203125,4059.248291015625,3974.602783203125,4044.133056640625,1236449
2024-08-12,3991.596435546875,4138.34619140625,3971.051513671875,4062.593994140625,1745187
2024-08-13,4054.464111328125,4134.82421875,4020.975830078125,4090.858154296875,891985
2024-08-14,4092.35498046875,4145.74267578125,4013.60888671875,4132.505859375,574165
2024-08-16,4161.826171875,4259.70849609375,4145.88916015625,4219.76318359375,681733
2024-08-19,4252.22412109375,4252.22412109375,4160.1533203125,4169.01708984375,401085
2024-08-20,4198.22021484375,4198.22021484375,4111.5791015625,4158.33349609375,299998
2024-08-21,4158.33349609375,4184.8369140625,4127.8388671875,4157.74658203125,252134
2024-08-22,4182.13671875,4182.13671875,4126.6357421875,4141.89794921875,276213
2024-08-23,4141.89794921875,4172.36279296875,4114.8662109375,4121.99853515625,216093
2024-08-26,4147.50341796875,4147.50341796875,4105.0634765625,4134.2666015625,255325
2024-08-27,4155.95654296875,4166.87451171875,4108.99658203125,4114.19140625,307347
2024-08-28,4119.26904296875,4129.54150390625,4073.923095703125,4080.49755859375,343891
2024-08-29,4067.935791015625,4082.11181640625,3994.67822265625,4032.275634765625,628365
2024-08-30,4047.948486328125,4072.572998046875,4025.026123046875,4046.24609375,1198532
2024-09-02,4066.585693359375,4076.71142578125,3969.31982421875,3979.621826171875,452717
2024-09-03,3995.118408203125,4011.525146484375,3953.441650390625,3973.2822265625,592777
2024-09-04,3973.2822265625,4000.196044921875,3939.353515625,3967.412109375,359134
2024-09-05,3985.7265625,3991.6259765625,3920.011962890625,3924.7958984375,370346
2024-09-06,3898.8505859375,3932.896484375,3874.78369140625,3882.6201171875,471099
2024-09-09,3880.066650390625,3902.93017578125,3817.11083984375,3849.689453125,491146
2024-09-10,3874.196533203125,3900.611572265625,3837.156982421875,3864.158935546875,393031
2024-09-11,3872.8759765625,3935.626220703125,3852.947265625,3869.91162109375,424370
2024-09-12,3902.225830078125,3911.7353515625,3863.48388671875,3906.12939453125,263114
2024-09-13,3921.156494140625,3962.24658203125,3912.968017578125,3938.913330078125,294560
2024-09-16,3950.506591796875,3976.921630859375,3937.592529296875,3940.41015625,122874
2024-09-17,3947.571533203125,3976.921630859375,3928.347412109375,3970.40576171875,168805
2024-09-18,3991.596435546875,3992.682373046875,3936.41845703125,3956.552734375,200604
2024-09-19,3976.921630859375,4017.27783203125,3818.431640625,3947.953125,616978
2024-09-20,3963.33251953125,4027.814453125,3940.14599609375,4010.82080078125,992735
2024-09-23,4033.860595703125,4085.487060546875,4015.66357421875,4072.837158203125,367189
2024-09-24,4072.837158203125,4182.07763671875,4067.906494140625,4165.17236328125,662603
2024-09-25,4171.80517578125,4239.8681640625,4153.021484375,4212.8955078125,895767
2024-09-26,4232.26611328125,4248.6142578125,4103.18505859375,4154.34228515625,466136
2024-09-27,4154.34228515625,4299.18408203125,4129.54150390625,4282.27880859375,918736
2024-09-30,4281.86767578125,4296.77734375,4214.1279296875,4255.74609375,564906
2024-10-01,4270.3037109375,4431.84619140625,4258.12353515625,4409.3642578125,880290
2024-10-03,4374.14404296875,4413.06201171875,4288.03125,4312.3330078125,412768
2024-10-04,4311.51123046875,4325.3349609375,4215.830078125,4253.8974609375,473491
2024-10-07,4288.5302734375,4307.373046875,4094.967041015625,4107.91064453125,441247
2024-10-08,4114.8662109375,4343.76708984375,4082.728271484375,4327.4482421875,568002
2024-10-09,4329.12109375,4545.19580078125,4323.1923828125,4506.5126953125,900194
2024-10-10,4519.89599609375,4543.2880859375,4456.0009765625,4512.1181640625,372795
2024-10-11,4514.02587890625,4566.82666015625,4436.5419921875,4549.1875,376068
2024-10-14,4566.85595703125,4569.791015625,4504.63427734375,4534.8056640625,275138
2024-10-15,4581.82470703125,4625.61474609375,4522.09716796875,4619.71533203125,597918
2024-10-16,4619.71533203125,4772.2470703125,4611.49755859375,4687.9541015625,1656751
2024-10-17,4687.9541015625,4695.99609375,4490.72216796875,4530.2568359375,662574
2024-10-18,4531.69482421875,4610.64599609375,4440.65087890625,4580.35693359375,467830
2024-10-21,4602.076171875,4621.7109375,4375.5234375,4391.6953125,385957
2024-10-22,4391.6953125,4391.6953125,4232.76513671875,4249.11328125,791353
2024-10-23,4248.7021484375,4271.3896484375,4021.504150390625,4033.889892578125,812625
2024-10-24,4049.70947265625,4092.531005859375,3942.28857421875,4019.7724609375,788358
2024-10-25,4038.556396484375,4049.034423828125,3907.15673828125,3977.772705078125,536329
2024-10-28,3989.5126953125,4031.04296875,3929.961669921875,3963.0390625,468112
2024-10-29,3985.7265625,4061.8603515625,3915.28662109375,4054.757568359375,428213
2024-10-30,4060.275390625,4116.509765625,4003.923583984375,4067.935791015625,333351
2024-10-31,4056.16650390625,4113.7802734375,4056.16650390625,4095.08447265625,290668
2024-11-01,4095.11376953125,4114.25,4036.413818359375,4079.1181640625,30219
2024-11-04,4113.046875,4113.046875,3981.73486328125,4081.994384765625,485353
2024-11-05,4079.67578125,4107.822265625,4003.483154296875,4084.136962890625,447964
2024-11-06,4108.4091796875,4173.56640625,4072.98388671875,4138.69873046875,429473
2024-11-07,4179.4365234375,4197.60400390625,4083.19775390625,4152.111328125,344857
2024-11-08,4160.65234375,4242.47998046875,4114.57275390625,4211.33984375,549978
2024-11-11,4205.880859375,4214.65625,4128.95458984375,4136.02783203125,369477
2024-11-12,4144.18701171875,4166.37548828125,3978.095458984375,3991.273681640625,380642
2024-11-13,3991.332275390625,4006.271484375,3900.640869140625,3935.5673828125,365720
2024-11-14,3935.24462890625,3972.724365234375,3866.12548828125,3954.527587890625,433749
2024-11-18,4006.271484375,4012.933837890625,3881.29931640625,3897.7939453125,240947
2024-11-19,3922.91748046875,3984.43505859375,3891.54248046875,3900.9931640625,377552
2024-11-21,3900.905029296875,3939.940673828125,3845.69775390625,3898.645263671875,368778
2024-11-22,3912.02880859375,4094.321533203125,3902.95947265625,4020.59423828125,595041
2024-11-25,4098.4306640625,4341.888671875,4092.208251953125,4313.56591796875,2501112
2024-11-26,4343.208984375,4349.75439453125,4243.97705078125,4251.34375,459152
2024-11-27,4401.9091796875,4474.66796875,4328.5634765625,4365.39794921875,2317671
2024-11-28,4393.63232421875,4460.2275390625,4342.21142578125,4355.5361328125,1252452
2024-11-29,4367.86328125,4480.56689453125,4358.50048828125,4438.21484375,984620
2024-12-02,4446.52099609375,4489.3720703125,4393.720703125,4439.5947265625,705697
2024-12-03,4472.93603515625,4548.6591796875,4456.23583984375,4538.09326171875,791356
2024-12-04,4566.85595703125,4664.64990234375,4533.162109375,4548.7763671875,946992
2024-12-05,4578.59619140625,4607.94580078125,4534.57080078125,4574.1640625,494198
2024-12-06,4578.59619140625,4636.1220703125,4550.478515625,4571.3173828125,401598
2024-12-09,4571.3173828125,4659.22021484375,4541.615234375,4603.279296875,515642
2024-12-10,4613.81591796875,4637.2958984375,4570.49560546875,4631.66064453125,436346
2024-12-11,4631.66064453125,4650.2099609375,4602.076171875,4620.27294921875,293787
2024-12-12,4624.3525390625,4672.51611328125,4596.2060546875,4646.83447265625,328359
2024-12-13,4646.10107421875,4666.55810546875,4573.87060546875,4628.40283203125,226593
2024-12-16,4640.3779296875,4717.0986328125,4628.25634765625,4677.76953125,416262
2024-12-17,4666.939453125,4694.5869140625,4563.9208984375,4573.107421875,420090
2024-12-18,4593.24169921875,4627.6689453125,4478.80615234375,4500.52490234375,405462
2024-12-19,4431.84619140625,4501.40576171875,4396.6552734375,4480.068359375,304535
2024-12-20,4522.8310546875,4527.732421875,4004.39306640625,4032.040771484375,2836225
2024-12-23,4026.845947265625,4056.049072265625,3899.14404296875,4003.77685546875,1516757
2024-12-24,3997.466552734375,4003.189697265625,3862.486083984375,3906.4228515625,1368181
2024-12-26,3909.41650390625,3956.37646484375,3898.8798828125,3936.154296875,489065
2024-12-27,3932.926025390625,3971.051513671875,3828.557373046875,3842.49853515625,456623
2024-12-30,3862.45654296875,3930.548583984375,3751.073486328125,3776.52001953125,2050470
2024-12-31,3796.624755859375,3878.452392578125,3773.84912109375,3836.657958984375,742898
2025-01-01,3844.8466796875,3905.60107421875,3817.169677734375,3894.82958984375,396985
2025-01-02,3932.3095703125,3941.642822265625,3853.651611328125,3932.01611328125,667361
2025-01-03,3944.636474609375,3956.37646484375,3872.053955078125,3879.890625,504796
2025-01-06,3891.102294921875,3893.831787109375,3771.76513671875,3799.76513671875,489305
2025-01-07,3811.15283203125,3843.144287109375,3771.5009765625,3805.018798828125,528092
2025-01-08,3800.263916015625,3811.827880859375,3659.70703125,3696.13037109375,915457
2025-01-09,3696.511962890625,3766.130126953125,3643.82861328125,3663.052978515625,581738
2025-01-10,3656.947998046875,3671.447021484375,3561.325927734375,3583.514404296875,644503
2025-01-13,3568.399169921875,3568.634033203125,3392.85693359375,3406.5341796875,562484
2025-01-14,3413.989013671875,3463.23828125,3386.31201171875,3441.842041015625,577767
2025-01-15,3460.362060546875,3473.099853515625,3402.8359375,3409.58642578125,506588
2025-01-16,3447.712158203125,3547.648681640625,3443.368408203125,3527.896240234375,585101
2025-01-17,3527.866943359375,3645.266845703125,3488.5673828125,3629.564697265625,612114
2025-01-20,3633.52685546875,3648.935546875,3588.327880859375,3602.093017578125,152373
2025-01-21,3604.763916015625,3615.916748046875,3470.722412109375,3477.150146484375,352632
2025-01-22,3498.458251953125,3510.1689453125,3392.85693359375,3437.733154296875,403985
2025-01-23,3451.527587890625,3600.06787109375,3450.8818359375,3561.824951171875,409453
2025-01-24,3551.346923828125,3561.325927734375,3424.67236328125,3451.380859375,421077
2025-01-27,3439.81689453125,3439.81689453125,3334.156982421875,3397.17138671875,333867
2025-01-28,3482.638671875,3501.745361328125,3287.197021484375,3336.71044921875,594390
2025-01-29,3340.027099609375,3431.011962890625,3321.2431640625,3419.0078125,285380
2025-01-30,3428.6640625,3488.508544921875,3400.34130859375,3448.475341796875,502913
2025-01-31,3475.036865234375,3580.69677734375,3447.741455078125,3565.05322265625,698148
2025-02-01,3597.1328125,3607.69873046875,3316.547119140625,3374.2197265625,866946
2025-02-03,3376.421142578125,3386.987060546875,3042.036865234375,3067.6005859375,2949638
2025-02-04,3108.162353515625,3190.34228515625,3080.4853515625,3181.860107421875,1902872
2025-02-05,3205.868408203125,3308.3291015625,3191.7216796875,3275.750732421875,938038
2025-02-06,3310.677001953125,3350.4169921875,3276.631103515625,3311.26416015625,698995
2025-02-07,3338.85302734375,3345.89697265625,3197.97314453125,3231.7255859375,674714
2025-02-10,3231.46142578125,3256.966552734375,3130.49755859375,3140.007080078125,576213
2025-02-11,3146.3466796875,3158.05712890625,3020.552734375,3055.244384765625,854281
2025-02-12,3052.397216796875,3108.103515625,2939.1064453125,3051.8984375,1379042
2025-02-13,2993.697265625,3109.512451171875,2946.1796875,2996.779052734375,1841280
2025-02-14,2999.5673828125,3027.567138671875,2903.680908203125,2929.62646484375,561232
2025-02-17,2903.857177734375,2924.28466796875,2811.228515625,2852.406494140625,1358038
2025-02-18,2881.433837890625,2898.808837890625,2789.80322265625,2843.219970703125,875987
2025-02-19,2823.467529296875,2927.953369140625,2801.572509765625,2908.523681640625,1130801
2025-02-20,2904.473388671875,2957.21533203125,2872.2470703125,2950.20068359375,749470
2025-02-21,2940.867431640625,2969.89453125,2850.5283203125,2888.829833984375,779092
2025-02-24,2874.477783203125,2874.536376953125,2800.8974609375,2860.389892578125,957130
2025-02-25,2868.07958984375,2895.43359375,2824.93505859375,2839.7568359375,490647
2025-02-27,2841.576416015625,2857.36669921875,2734.625244140625,2751.06103515625,641615
2025-02-28,2729.547607421875,2764.767578125,2689.044677734375,2713.9921875,919544
2025-03-03,2717.7783203125,2853.404541015625,2680.23974609375,2839.140380859375,810733
2025-03-04,2782.113525390625,2916.91796875,2782.113525390625,2895.022705078125,992217
2025-03-05,2895.022705078125,3012.451904296875,2895.022705078125,2985.332763671875,1248047
2025-03-06,3020.1123046875,3092.4599609375,2985.362060546875,3029.093505859375,1446016
2025-03-07,3029.50439453125,3036.988525390625,2961.7646484375,2997.278076171875,1000990
2025-03-10,2997.278076171875,3018.52734375,2905.6474609375,2920.058349609375,566630
2025-03-11,2876.297607421875,2925.86962890625,2848.12158203125,2900.980712890625,889506
2025-03-12,2928.775146484375,2940.339111328125,2823.790283203125,2879.6728515625,416828
2025-03-13,2905.060546875,2986.242431640625,2871.36669921875,2892.6748046875,696251
2025-03-17,2920.322509765625,2931.76904296875,2869.576416015625,2897.693603515625,435109
2025-03-18,2897.693603515625,2897.693603515625,2897.693603515625,2897.693603515625,0
2025-03-19,3010.13330078125,3083.068115234375,2989.55908203125,3066.77880859375,855208
2025-03-20,3087.6171875,3092.782958984375,3000.154296875,3048.93408203125,548075
2025-03-21,3052.925537109375,3116.96728515625,3037.66357421875,3052.77880859375,1256241
2025-03-24,3090.55224609375,3137.306884765625,3055.332275390625,3066.015625,600664
2025-03-25,3081.747314453125,3102.1162109375,2998.393310546875,3004.9091796875,399335
2025-03-26,3111.09716796875,3240.237060546875,3052.984375,3180.510009765625,4736380
2025-03-27,3181.537109375,3193.277099609375,3111.09716796875,3119.4033203125,1078586
2025-03-28,3135.751220703125,3138.686279296875,3041.94873046875,3096.627685546875,1201834
2025-04-01,3075.877197265625,3143.38232421875,3052.397216796875,3069.97802734375,562131
2025-04-02,3070.00732421875,3111.684326171875,3018.351318359375,3101.0302734375,634342
2025-04-03,3052.984375,3125.185302734375,3052.984375,3080.896240234375,677222
2025-04-04,3103.73046875,3103.73046875,2847.56396484375,2892.821533203125,1869669
2025-04-07,2450.0,3087.0,2450.0,2812.449951171875,2716014
2025-04-08,2938.35009765625,3031.0,2750.0,2763.449951171875,2603929
2025-04-09,2789.0,2791.949951171875,2667.800048828125,2715.85009765625,866126
2025-04-11,2813.0,2813.0,2710.050048828125,2727.800048828125,784039
2025-04-15,2798.0,2850.0,2741.5,2839.5,872503
2025-04-16,2860.0,2904.5,2799.0,2811.5,865906
2025-04-17,2813.5,2850.0,2770.0,2810.0,537062
2025-04-21,2846.0,2847.0,2744.0,2827.0,653092
2025-04-22,2840.5,2879.5,2813.0,2856.5,576915
2025-04-23,2875.0,2915.0,2841.5,2872.0,607062
2025-04-24,2885.0,2923.5,2870.0,2903.5,453763
2025-04-25,2905.0,2918.5,2767.0,2833.5,776070
2025-04-28,2833.5,2926.5,2833.0,2916.5,460919
2025-04-29,2931.5,2988.0,2904.0,2930.0,674757
2025-04-30,2939.0,2945.5,2857.0,2901.5,512358
2025-05-02,2901.5,2950.0,2895.800048828125,2912.5,367358
2025-05-05,2938.0,2965.0,2899.800048828125,2951.699951171875,237370
2025-05-06,2951.699951171875,2972.39990234375,2916.800048828125,2941.10009765625,269762
2025-05-07,2882.300048828125,3009.60009765625,2882.10009765625,2967.199951171875,415422
2025-05-08,2974.60009765625,2975.0,2820.0,2838.60009765625,898180
2025-05-09,2795.0,2875.0,2788.300048828125,2857.199951171875,539592
2025-05-12,2929.0,2953.60009765625,2865.89990234375,2895.89990234375,506851
2025-05-13,2914.0,2947.300048828125,2903.0,2916.699951171875,784313
2025-05-14,2918.0,3039.89990234375,2918.0,3006.800048828125,1814823
2025-05-15,3010.0,3028.0,2972.0,3009.5,501027
2025-05-16,3028.0,3114.89990234375,2996.0,3069.5,809043
2025-05-19,3080.0,3150.800048828125,3025.800048828125,3104.39990234375,596943
2025-05-20,3140.0,3207.800048828125,3054.39990234375,3127.699951171875,1314196
2025-05-21,3189.0,3305.0,3128.60009765625,3290.800048828125,1482098
2025-05-22,3306.60009765625,3348.0,3227.39990234375,3304.60009765625,1026833
2025-05-23,3310.699951171875,3335.0,3251.10009765625,3277.300048828125,650091
2025-05-26,3290.0,3308.89990234375,3240.0,3248.699951171875,585314
2025-05-27,3306.800048828125,3306.800048828125,3256.199951171875,3299.10009765625,663341
2025-05-28,3325.0,3347.699951171875,3300.300048828125,3337.60009765625,570286
2025-05-29,3357.699951171875,3376.0,3326.60009765625,3349.199951171875,515527
2025-05-30,3360.0,3370.0,3252.0,3265.60009765625,756152
2025-06-02,3270.0,3313.89990234375,3258.10009765625,3292.0,349448
2025-06-03,3306.0,3364.800048828125,3302.10009765625,3314.0,390549
2025-06-04,3320.300048828125,3336.5,3275.10009765625,3309.300048828125,259833
2025-06-05,3315.0,3336.300048828125,3276.60009765625,3280.5,185492
2025-06-06,3300.0,3348.0,3283.0,3297.5,333166
2025-06-09,3320.0,3405.0,3306.60009765625,3383.300048828125,618824
2025-06-10,3400.0,3409.0,3362.699951171875,3371.699951171875,348784
2025-06-11,3381.0,3398.0,3338.199951171875,3349.89990234375,412042
2025-06-12,3350.0,3357.89990234375,3258.0,3267.5,348509
2025-06-13,3195.10009765625,3271.300048828125,3169.89990234375,3260.0,347257
2025-06-16,3248.0,3313.0,3243.800048828125,3271.5,362584
2025-06-17,3278.0,3373.300048828125,3276.5,3321.60009765625,834726
2025-06-18,3344.89990234375,3370.0,3300.199951171875,3355.800048828125,382866
2025-06-19,3349.89990234375,3385.0,3260.300048828125,3284.800048828125,547608
2025-06-20,3274.800048828125,3297.39990234375,3195.10009765625,3214.199951171875,1000560
2025-06-23,3200.0,3200.0,3082.0,3091.60009765625,1299174
2025-06-24,3109.0,3230.0,3109.0,3159.800048828125,1187970
2025-06-25,3187.0,3190.0,3101.10009765625,3149.10009765625,845690
2025-06-26,3158.0,3175.0,3121.5,3164.89990234375,501325
2025-06-27,3184.0,3271.89990234375,3165.0,3178.39990234375,2052948
2025-06-30,3204.800048828125,3298.699951171875,3196.199951171875,3251.5,880507
2025-07-01,3272.0,3378.800048828125,3260.0,3323.10009765625,1445646
2025-07-02,3339.0,3365.0,3267.0,3287.699951171875,592322
2025-07-03,3290.0,3326.89990234375,3285.0,3311.699951171875,496857
2025-07-04,3320.0,3320.0,3237.0,3292.39990234375,504152
2025-07-07,3290.0,3307.5,3250.0,3278.199951171875,439627
2025-07-08,3295.0,3354.89990234375,3275.300048828125,3296.800048828125,549860
2025-07-09,3292.39990234375,3303.0,3213.0,3218.300048828125,458107
2025-07-10,3227.0,3228.0,3167.0,3191.60009765625,354856
2025-07-11,3178.0,3190.300048828125,3105.10009765625,3117.699951171875,370986
2025-07-14,3139.0,3164.0,3065.0,3152.60009765625,588779
2025-07-15,3148.10009765625,3161.699951171875,3113.5,3146.800048828125,361397
2025-07-16,3123.0,3140.0,3080.0,3089.300048828125,624769
2025-07-17,3081.10009765625,3134.60009765625,3038.5,3110.300048828125,991736
2025-07-18,3110.300048828125,3150.0,3105.0,3128.39990234375,462228
2025-07-21,3125.0,3159.800048828125,3098.0,3154.800048828125,257721
2025-07-22,3160.0,3163.800048828125,3120.89990234375,3141.800048828125,348800
2025-07-23,3145.0,3162.0,3111.800048828125,3143.10009765625,205688
2025-07-24,3143.0,3143.0,3101.10009765625,3129.0,295195
2025-07-25,3129.0,3130.0,3030.199951171875,3038.199951171875,246680
2025-07-28,3040.0,3077.0,3016.5,3061.60009765625,398906
2025-07-29,3053.5,3088.699951171875,3034.60009765625,3068.0,255592
2025-07-30,3068.0,3079.5,3020.0,3071.39990234375,310945
2025-07-31,3010.0,3059.300048828125,3005.0,3033.39990234375,299015
2025-08-01,3050.0,3050.0,2998.0,3023.60009765625,281885
2025-08-04,3000.0,3009.0,2928.5,2993.60009765625,478003
2025-08-05,3029.89990234375,3090.10009765625,3006.199951171875,3081.0,772626
2025-08-06,3100.0,3114.0,3057.0,3083.89990234375,392854
2025-08-07,3079.0,3128.5,3051.0,3117.0,457545
2025-08-08,3147.0,3147.0,3023.0,3031.800048828125,263161
2025-08-11,3020.0,3138.699951171875,2925.0,3114.800048828125,1102245
2025-08-12,3114.800048828125,3200.0,3085.10009765625,3135.10009765625,697711
2025-08-13,3136.89990234375,3192.0,3102.199951171875,3150.699951171875,305836
2025-08-14,3150.699951171875,3188.89990234375,3118.199951171875,3169.0,330958
2025-08-18,3213.89990234375,3213.89990234375,3110.199951171875,3118.0,276357
2025-08-19,3125.0,3153.39990234375,3120.10009765625,3133.199951171875,189758
2025-08-20,3135.0,3164.800048828125,3120.199951171875,3155.10009765625,259839
2025-08-21,3174.0,3235.0,3150.0,3197.199951171875,708572
2025-08-22,3210.0,3234.300048828125,3158.0,3173.199951171875,290166
2025-08-25,3185.0,3210.0,3147.800048828125,3164.60009765625,335061
2025-08-26,3154.60009765625,3159.39990234375,3039.0,3048.0,829921
2025-08-28,3057.699951171875,3078.0,3017.89990234375,3043.199951171875,527913
2025-08-29,3043.10009765625,3094.0,3017.5,3063.699951171875,430652
2025-09-01,3078.800048828125,3151.300048828125,3064.0,3138.89990234375,231094
2025-09-02,3139.0,3198.0,3120.0,3190.300048828125,326742
2025-09-03,3190.0,3224.89990234375,3180.0,3211.89990234375,240535
2025-09-04,3225.0,3230.699951171875,3150.0,3154.39990234375,191346
2025-09-05,3168.699951171875,3182.800048828125,3085.0,3089.10009765625,316358
2025-09-08,3110.0,3140.89990234375,3090.10009765625,3121.60009765625,221407
2025-09-09,3131.39990234375,3200.0,3095.199951171875,3190.10009765625,307706
2025-09-10,3192.10009765625,3219.10009765625,3131.39990234375,3142.699951171875,655563
2025-09-11,3147.0,3210.0,3147.0,3185.300048828125,448621
2025-09-12,3202.0,3212.0,3181.5,3202.0,172093
2025-09-15,3200.0,3325.0,3190.10009765625,3293.699951171875,1094939
2025-09-16,3303.10009765625,3334.10009765625,3285.0,3313.800048828125,441922
2025-09-17,3316.0,3368.0,3306.60009765625,3322.699951171875,569372
2025-09-18,3322.60009765625,3350.10009765625,3288.10009765625,3317.800048828125,459746
2025-09-19,3337.89990234375,3346.800048828125,3308.5,3325.89990234375,431619
2025-09-22,3335.0,3335.0,3235.800048828125,3243.5,292028
2025-09-23,3243.5,3272.89990234375,3225.5,3240.39990234375,204819
2025-09-24,3240.0,3244.39990234375,3193.89990234375,3201.0,257405
2025-09-25,3199.89990234375,3222.0,3145.39990234375,3156.300048828125,180638
2025-09-26,3156.0,3156.0,3075.0,3096.300048828125,246575
2025-09-29,3115.0,3147.0,3092.39990234375,3105.199951171875,615998
2025-09-30,3105.199951171875,3137.699951171875,3098.0,3129.199951171875,315843
2025-10-01,3135.0,3158.39990234375,3094.10009765625,3121.5,195465
2025-10-03,3121.5,3174.800048828125,3107.300048828125,3164.10009765625,223614
2025-10-06,3182.0,3276.89990234375,3156.800048828125,3251.699951171875,597115
2025-10-07,3250.0,3262.199951171875,3208.0,3250.800048828125,221931
2025-10-08,3250.0,3270.0,3202.89990234375,3216.800048828125,204414
2025-10-09,3205.199951171875,3225.0,3170.0,3178.39990234375,129907
2025-10-10,3178.0,3201.800048828125,3140.0,3147.39990234375,234596
2025-10-13,3147.300048828125,3147.39990234375,3022.699951171875,3077.5,622559
2025-10-14,3080.0,3119.89990234375,3063.5,3107.300048828125,364449
2025-10-15,3111.0,3145.0,3097.0,3118.60009765625,208170
2025-10-16,3118.0,3150.0,3103.800048828125,3119.0,415106
2025-10-17,3115.0,3142.39990234375,3101.5,3121.199951171875,221425
2025-10-20,3124.89990234375,3144.10009765625,3093.0,3096.800048828125,91651
2025-10-21,3124.0,3124.0,3099.0,3102.89990234375,37003
2025-10-23,3135.0,3174.300048828125,3110.0,3149.89990234375,381414
2025-10-24,3150.0,3175.0,3121.0,3152.199951171875,202470
2025-10-27,3161.0,3177.300048828125,3141.300048828125,3159.89990234375,123806
2025-10-28,3169.0,3169.0,3078.199951171875,3109.699951171875,266222
2025-10-29,3122.0,3165.39990234375,3111.0,3148.699951171875,197714
2025-10-30,3164.0,3164.5,3115.89990234375,3126.800048828125,122934
2025-10-31,3131.0,3153.10009765625,3093.10009765625,3096.300048828125,128829
2025-11-03,3099.89990234375,3143.800048828125,3095.0,3127.5,132017
2025-11-04,3135.0,3135.0,3092.0,3119.60009765625,131676
2025-11-06,3109.89990234375,3127.39990234375,3071.5,3083.5,297842
2025-11-07,3085.0,3085.10009765625,3005.0,3033.39990234375,304289
2025-11-10,3033.39990234375,3088.0,3003.10009765625,3054.39990234375,465289
2025-11-11,3064.0,3069.89990234375,3007.10009765625,3022.0,214908
2025-11-12,3050.0,3068.39990234375,3017.699951171875,3056.60009765625,284010
2025-11-13,3065.0,3124.699951171875,3056.5,3066.10009765625,324328
2025-11-14,3070.0,3105.0,3037.699951171875,3084.199951171875,284674
2025-11-17,3093.39990234375,3242.0,3093.39990234375,3232.60009765625,1556685
2025-11-18,3244.800048828125,3269.89990234375,3201.300048828125,3249.5,596935
2025-11-19,3222.0,3246.0,3186.10009765625,3211.5,336775
2025-11-20,3220.0,3243.800048828125,3205.699951171875,3216.300048828125,344112
2025-11-21,3205.0,3214.89990234375,3146.0,3173.5,424858
2025-11-24,3174.89990234375,3184.5,3147.0,3163.89990234375,597847
2025-11-25,3198.199951171875,3202.89990234375,3154.0,3181.10009765625,397365
2025-11-26,3195.0,3332.60009765625,3184.800048828125,3318.800048828125,1149408
2025-11-27,3310.0,3316.60009765625,3266.199951171875,3312.10009765625,269573
2025-11-28,3309.0,3311.89990234375,3285.0,3297.0,186409
2025-12-01,3324.89990234375,3324.89990234375,3274.39990234375,3310.199951171875,194610
2025-12-02,3310.199951171875,3384.0,3301.10009765625,3361.0,744346
2025-12-03,3372.10009765625,3374.60009765625,3308.800048828125,3329.89990234375,368000
2025-12-04,3332.89990234375,3375.0,3313.0,3362.5,268367
2025-12-05,3362.5,3374.0,3280.60009765625,3325.89990234375,287226
2025-12-08,3325.89990234375,3325.89990234375,3192.5,3204.199951171875,308854
2025-12-09,3200.0,3210.0,3125.0,3142.800048828125,387788
2025-12-10,3150.0,3183.300048828125,3105.199951171875,3179.89990234375,358536
2025-12-11,3180.699951171875,3205.39990234375,3155.699951171875,3196.5,223515
2025-12-12,3207.89990234375,3208.699951171875,2992.800048828125,3144.60009765625,1390227
2025-12-15,3142.10009765625,3188.5,3100.10009765625,3157.800048828125,810524
2025-12-16,3157.800048828125,3175.0,3130.699951171875,3161.39990234375,255211
2025-12-17,3171.0,3180.0,3130.800048828125,3140.10009765625,282648
2025-12-18,3132.0,3132.0,3051.89990234375,3074.0,489930
2025-12-19,3067.0,3122.0,3065.0,3111.60009765625,488781
2025-12-22,3120.0,3151.0,3110.0,3140.0,355883
2025-12-23,3141.39990234375,3141.39990234375,3107.5,3134.199951171875,219121
2025-12-24,3134.199951171875,3147.0,3090.0,3098.0,255036
2025-12-26,3098.0,3123.0,3088.39990234375,3100.89990234375,229163
2025-12-29,3100.89990234375,3108.300048828125,3050.0,3054.300048828125,157194
2025-12-30,3056.10009765625,3063.5,2993.39990234375,3029.5,406282
2025-12-31,3045.0,3080.0,3031.60009765625,3063.300048828125,114705
2026-01-01,3072.0,3095.699951171875,3050.199951171875,3091.300048828125,68164
2026-01-02,3094.800048828125,3117.199951171875,3058.39990234375,3097.699951171875,283939
2026-01-05,3097.699951171875,3123.0,3072.60009765625,3086.60009765625,155847
2026-01-06,3089.0,3132.0,3058.39990234375,3128.10009765625,374745
2026-01-07,3120.0,3138.39990234375,3090.0,3133.60009765625,190568
2026-01-08,3130.0,3152.5,2990.800048828125,3009.5,581946
2026-01-09,3013.0,3108.0,2985.0,3043.800048828125,587723
2026-01-12,3035.0,3035.0,2925.0,2980.800048828125,423168
2026-01-13,3014.0,3015.10009765625,2930.39990234375,2947.699951171875,561556
2026-01-14,2950.0,2986.0,2930.5,2970.800048828125,148958
2026-01-16,2971.0,2974.800048828125,2903.0,2919.199951171875,280317
2026-01-19,2919.89990234375,2975.89990234375,2910.10009765625,2952.60009765625,219839
2026-01-20,2942.0,2950.0,2837.60009765625,2848.60009765625,203479
2026-01-21,2848.199951171875,2895.89990234375,2826.0,2884.5,291591
2026-01-22,2901.0,2934.39990234375,2872.699951171875,2928.199951171875,239704
2026-01-23,2928.0,2942.60009765625,2890.0,2900.39990234375,281797
2026-01-27,2918.0,2926.5,2852.0,2894.0,227790
2026-01-28,2891.0,2989.0,2887.0,2980.800048828125,249534
2026-01-29,2980.0,3118.89990234375,2960.800048828125,3096.300048828125,487145
2026-01-30,3092.60009765625,3115.0,3052.300048828125,3101.300048828125,242521
2026-02-02,2984.89990234375,3098.0,2972.60009765625,3089.89990234375,211371
2026-02-03,3160.0,3249.0,3159.89990234375,3211.699951171875,555228
2026-02-04,3246.0,3321.0,3190.0,3290.5,466540
2026-02-05,3305.0,3324.60009765625,3250.10009765625,3300.0,205714
2026-02-06,3288.0,3324.39990234375,3132.0,3176.199951171875,851068
2026-02-09,3115.10009765625,3138.800048828125,3036.699951171875,3109.0,643425
2026-02-10,3126.0,3140.199951171875,3094.0,3111.5,223168
2026-02-11,3119.89990234375,3158.0,3105.10009765625,3151.60009765625,191571
2026-02-12,3160.0,3165.800048828125,3114.699951171875,3148.5,410311
2026-02-13,3131.0,3184.5,3083.10009765625,3116.5,411114
2026-02-16,3116.5,3226.0,3083.10009765625,3215.60009765625,293293
2026-02-17,3212.0,3262.0,3162.60009765625,3186.39990234375,274307
2026-02-18,3198.89990234375,3214.699951171875,3170.5,3187.89990234375,159481
2026-02-19,3187.89990234375,3218.89990234375,3098.199951171875,3107.10009765625,176679
2026-02-20,3111.89990234375,3307.0,3105.0,3206.199951171875,1339800
2026-02-23,3210.10009765625,3317.0,3201.0,3302.199951171875,756804
2026-02-24,3305.0,3391.89990234375,3274.199951171875,3365.60009765625,532121
2026-02-25,3376.89990234375,3396.0,3304.0,3350.800048828125,386158
2026-02-26,3365.0,3373.800048828125,3328.39990234375,3336.89990234375,153440
2026-02-27,3336.0,3440.0,3271.800048828125,3418.60009765625,857596
2026-03-02,3396.199951171875,3396.300048828125,3295.199951171875,3341.60009765625,598519
2026-03-04,3285.0,3285.0,3141.699951171875,3161.0,424094
2026-03-05,3172.0,3236.0,3170.10009765625,3215.699951171875,277723
2026-03-06,3215.10009765625,3318.89990234375,3177.5,3268.89990234375,384941
2026-03-09,3180.0,3246.800048828125,3130.0,3228.89990234375,292747
2026-03-10,3265.0,3333.0,3246.39990234375,3274.89990234375,359689
2026-03-11,3296.0,3348.39990234375,3262.60009765625,3272.199951171875,293668
2026-03-12,3249.5,3349.60009765625,3219.60009765625,3324.699951171875,361947
2026-03-13,3324.0,3361.89990234375,3195.89990234375,3207.60009765625,312590
2026-03-16,3220.0,3233.10009765625,3101.0,3149.60009765625,681618
2026-03-17,3153.39990234375,3183.300048828125,3121.0,3173.5,269351
2026-03-18,3180.0,3231.60009765625,3144.0,3220.89990234375,203255
2026-03-19,3175.0,3175.0,3066.0,3079.0,410905
2026-03-20,3121.10009765625,3199.0,3089.89990234375,3129.60009765625,336513
2026-03-23,3110.0,3110.0,2937.0,2988.300048828125,524215
2026-03-24,3069.89990234375,3070.0,2980.0,3001.800048828125,563273
2026-03-25,3015.0,3127.0,3015.0,3101.300048828125,366090
2026-03-27,3096.0,3105.0,3010.0,3048.89990234375,499098
2026-03-30,2997.60009765625,3020.300048828125,2923.10009765625,2935.0,480280
2026-04-01,3010.0,3072.300048828125,2985.699951171875,3017.0,276980
2026-04-02,2970.0,3045.0,2906.0,3026.60009765625,265901
2026-04-06,3041.39990234375,3065.89990234375,2965.10009765625,3048.0,372908
2026-04-07,3053.39990234375,3084.0,2992.800048828125,3075.5,184684
2026-04-08,3180.0,3245.60009765625,3147.0,3226.10009765625,398432
2026-04-09,3230.89990234375,3255.0,3181.0,3222.5,279120
2026-04-10,3234.39990234375,3402.39990234375,3232.0,3388.5,625209
2026-04-13,3340.0,3375.5,3275.5,3343.5,329882
2026-04-15,3400.0,3590.0,3365.60009765625,3576.10009765625,2134727
2026-04-16,3600.0,3619.300048828125,3532.800048828125,3563.800048828125,1020682
2026-04-17,3589.0,3718.89990234375,3565.0,3707.89990234375,1034058
2026-04-20,3702.0,3778.5,3659.5,3709.0,659226
2026-04-21,3726.0,3787.0,3701.0,3721.699951171875,371076
2026-04-22,3709.0,3885.0,3706.60009765625,3844.300048828125,882278
2026-04-23,3849.0,3901.0,3811.5,3864.39990234375,663008
2026-04-24,3882.0,3893.60009765625,3767.89990234375,3808.89990234375,315661
2026-04-27,3830.5,3881.0,3797.0,3856.0,309453
2026-04-28,3856.0,3892.0,3805.5,3827.300048828125,267852
2026-04-29,3850.0,3870.0,3765.60009765625,3776.800048828125,204618
2026-04-30,3790.0,3847.60009765625,3734.5,3808.199951171875,474246
2026-05-01,3808.199951171875,3808.199951171875,3808.199951171875,3808.199951171875,0
2026-05-04,3850.0,3930.0,3820.0,3834.10009765625,813487
2026-05-05,3851.199951171875,3866.5,3809.5,3846.60009765625,253569
2026-05-06,3880.0,3885.0,3783.0,3841.800048828125,330665
2026-05-07,3860.0,3895.5,3792.89990234375,3871.5,315030
2026-05-08,3871.60009765625,3906.89990234375,3786.0,3822.60009765625,366353
2026-05-11,3720.0,3720.0,3552.89990234375,3605.60009765625,996964
2026-05-12,3605.0,3644.800048828125,3555.800048828125,3574.39990234375,385531
2026-05-13,3574.39990234375,3628.5,3518.199951171875,3532.199951171875,396807
2026-05-14,3574.0,3712.0,3469.0,3693.800048828125,788580
2026-05-15,3724.5,3724.5,3575.0,3587.89990234375,284206
2026-05-18,3572.0,3572.0,3454.5,3535.10009765625,305148
2026-05-19,3540.0,3593.89990234375,3518.800048828125,3550.89990234375,213583
2026-05-20,3524.0,3705.0,3493.10009765625,3696.39990234375,507079
2026-05-21,3739.0,3780.0,3710.800048828125,3720.60009765625,346583
2026-05-22,3720.60009765625,3834.0,3714.0,3811.699951171875,534453
2026-05-25,3836.39990234375,3878.5,3658.0,3667.5,471211
2026-05-26,3685.800048828125,3697.89990234375,3620.0,3677.199951171875,713402
2026-05-27,3569.699951171875,3909.89990234375,3543.300048828125,3878.699951171875,1738785
2026-05-28,3878.699951171875,3878.699951171875,3878.699951171875,3878.699951171875,0
2026-05-29,3859.699951171875,3937.300048828125,3744.60009765625,3844.0,2024437
2026-06-01,3850.0,3856.699951171875,3681.699951171875,3711.300048828125,526590
2026-06-02,3712.699951171875,3756.89990234375,3639.60009765625,3729.699951171875,628712
2026-06-03,3728.10009765625,3755.0,3665.0,3709.60009765625,464320
2026-06-04,3719.0,3765.0,3679.10009765625,3686.89990234375,341821
2026-06-05,3695.0,3724.89990234375,3647.10009765625,3700.800048828125,343897
2026-06-08,3620.0,3675.0,3568.10009765625,3624.0,449233
2026-06-09,3623.89990234375,3630.0,3573.10009765625,3619.800048828125,323100
2026-06-10,3634.0,3635.699951171875,3555.10009765625,3582.699951171875,600841
2026-06-11,3555.800048828125,3586.0,3501.0,3522.0,249193
2026-06-12,3590.0,3599.699951171875,3518.0,3569.60009765625,223315
2026-06-15,3630.0,3650.0,3582.699951171875,3601.800048828125,367596
2026-06-16,3611.0,3669.0,3604.39990234375,3636.89990234375,325257
2026-06-17,3661.0,3737.800048828125,3626.0,3725.39990234375,401570
2026-06-18,3735.0,3755.0,3686.39990234375,3746.199951171875,342772
2026-06-19,3744.5,3776.10009765625,3710.5,3759.60009765625,339876
2026-06-22,3779.0,3785.0,3726.0,3767.800048828125,285178
2026-06-23,3770.0,3807.699951171875,3654.0,3685.89990234375,303345
2026-06-24,3688.0,3710.39990234375,3550.10009765625,3561.5,326149
2026-06-25,3581.300048828125,3665.0,3571.60009765625,3627.89990234375,504071
2026-06-26,3627.89990234375,3627.89990234375,3627.89990234375,3627.89990234375,0
2026-06-29,3650.0,3668.39990234375,3561.10009765625,3573.10009765625,402739
2026-06-30,3600.39990234375,3616.300048828125,3576.699951171875,3599.89990234375,301665
2026-07-01,3606.10009765625,3630.0,3550.0,3560.699951171875,313455
2026-07-02,3578.5,3616.5,3519.0,3580.39990234375,241163
2026-07-03,3590.0,3599.199951171875,3497.5,3536.300048828125,433734
2026-07-06,3553.89990234375,3583.60009765625,3515.10009765625,3571.60009765625,427908
2026-07-07,3574.0,3584.89990234375,3450.0,3495.0,379280
2026-07-08,3479.10009765625,3502.0,3398.10009765625,3446.10009765625,358879
2026-07-09,3429.0,3484.60009765625,3426.0,3476.39990234375,283931
2026-07-10,3490.699951171875,3542.0,3486.0,3496.5,231262
2026-07-13,3479.300048828125,3498.0,3440.5,3477.800048828125,231661
2026-07-14,3450.0,3525.0,3437.0,3510.300048828125,224121
2026-07-15,3531.0,3608.0,3527.800048828125,3571.800048828125,315307
2026-07-16,3599.0,3855.0,3558.699951171875,3657.60009765625,1382371
2026-07-17,3657.60009765625,3690.199951171875,3614.800048828125,3658.800048828125,339615
2026-07-20,3651.0,3700.0,3617.0,3678.39990234375,157367
2026-07-21,3678.39990234375,3709.300048828125,3631.60009765625,3667.800048828125,244297
2026-07-22,3685.0,3700.0,3632.0,3649.39990234375,226832
2026-07-23,3640.0,3709.0,3617.39990234375,3686.300048828125,301522
