date,open,high,low,close,volume
2019-07-23,46.619998931884766,46.790000915527344,45.67499923706055,45.98500061035156,55292840
2019-07-24,46.095001220703125,46.29999923706055,44.310001373291016,44.599998474121094,83420010
2019-07-25,44.79999923706055,45.19499969482422,43.83000183105469,44.03499984741211,75280910
2019-07-26,43.900001525878906,44.81999969482422,43.564998626708984,44.54999923706055,65857860
2019-07-29,44.55500030517578,44.59000015258789,43.099998474121094,43.345001220703125,78727230
2019-07-30,43.4900016784668,44.189998626708984,40.619998931884766,41.505001068115234,94629210
2019-07-31,41.29999923706055,43.36000061035156,40.95000076293945,43.20500183105469,115418000
2019-08-01,42.75,43.189998626708984,41.47999954223633,42.0,94219850
2019-08-02,41.38999938964844,41.71500015258789,40.459999084472656,40.90999984741211,134859520
2019-08-05,40.39500045776367,40.39500045776367,38.970001220703125,39.92499923706055,112888540
2019-08-06,39.3650016784668,40.79999923706055,39.3650016784668,40.15999984741211,101975850
2019-08-07,39.5,39.650001525878906,37.584999084472656,38.189998626708984,133016090
2019-08-08,37.900001525878906,37.95000076293945,36.060001373291016,36.7400016784668,228263940
2019-08-09,37.04999923706055,37.3650016784668,36.084999084472656,36.23500061035156,133527610
2019-08-13,36.16999816894531,36.7599983215332,34.53499984741211,34.869998931884766,147820510
2019-08-14,35.36000061035156,37.07500076293945,35.34000015258789,36.46500015258789,187387690
2019-08-16,36.0,36.689998626708984,35.54499816894531,36.30500030517578,119202110
2019-08-19,36.59000015258789,36.69499969482422,35.71500015258789,35.95500183105469,98849660
2019-08-20,35.970001220703125,36.185001373291016,35.314998626708984,35.82500076293945,93637340
2019-08-21,35.70000076293945,35.81999969482422,34.185001373291016,34.29999923706055,114233780
2019-08-22,33.9900016784668,34.69499969482422,33.040000915527344,33.369998931884766,154598000
2019-08-23,33.29999923706055,34.89500045776367,33.03499984741211,34.525001525878906,112101340
2019-08-26,34.63999938964844,34.7599983215332,32.220001220703125,33.80500030517578,237649990
2019-08-27,34.095001220703125,35.470001220703125,34.01499938964844,35.09000015258789,173752960
2019-08-28,35.09000015258789,35.09000015258789,33.34000015258789,33.69499969482422,126417160
2019-08-29,33.400001525878906,34.26499938964844,32.86000061035156,33.55500030517578,134813100
2019-08-30,34.20000076293945,34.75,33.720001220703125,34.4900016784668,179722070
2019-09-03,34.099998474121094,34.1150016784668,32.900001525878906,33.13999938964844,92206530
2019-09-04,33.13999938964844,34.095001220703125,32.72999954223633,33.92499923706055,129047100
2019-09-05,34.599998474121094,35.20000076293945,34.224998474121094,34.51499938964844,142508850
2019-09-06,34.70000076293945,35.78499984741211,34.28499984741211,35.540000915527344,115554870
2019-09-09,35.540000915527344,36.060001373291016,34.814998626708984,35.380001068115234,143296190
2019-09-11,35.529998779296875,36.869998931884766,35.52000045776367,36.70500183105469,136500270
2019-09-12,36.880001068115234,37.95000076293945,36.29999923706055,36.505001068115234,188468200
2019-09-13,36.70000076293945,36.915000915527344,35.775001525878906,36.73500061035156,116222490
2019-09-16,36.20000076293945,36.63999938964844,35.86000061035156,36.11000061035156,80643190
2019-09-17,36.119998931884766,36.599998474121094,34.20500183105469,34.494998931884766,131984000
2019-09-18,34.79999923706055,36.130001068115234,34.53499984741211,35.82500076293945,162531840
2019-09-19,35.599998474121094,35.599998474121094,34.005001068115234,34.46500015258789,136564950
2019-09-20,34.790000915527344,38.099998474121094,34.40999984741211,36.85499954223633,267647140
2019-09-23,37.7599983215332,38.8849983215332,36.900001525878906,37.73500061035156,163931640
2019-09-24,37.79999923706055,37.93000030517578,36.81999969482422,37.08000183105469,95789890
2019-09-25,36.75,36.79499816894531,35.755001068115234,36.20500183105469,91169850
2019-09-26,36.5,37.935001373291016,36.334999084472656,37.57500076293945,140661520
2019-09-27,37.29999923706055,37.349998474121094,35.79999923706055,35.96500015258789,105687770
2019-09-30,35.5,36.369998931884766,34.560001373291016,36.04999923706055,147196960
2019-10-01,36.20000076293945,36.470001220703125,34.40999984741211,35.154998779296875,125641890
2019-10-03,34.650001525878906,34.88999938964844,33.845001220703125,33.959999084472656,121309560
2019-10-04,34.474998474121094,34.47999954223633,33.11000061035156,33.310001373291016,114452160
2019-10-07,33.48500061035156,33.82500076293945,32.349998474121094,32.47999954223633,124157800
2019-10-09,32.334999084472656,33.79999923706055,32.03499984741211,33.64500045776367,147767410
2019-10-10,33.290000915527344,33.45500183105469,32.79999923706055,32.994998931884766,115074980
2019-10-11,33.5,34.244998931884766,33.20000076293945,33.900001525878906,171588490
2019-10-14,34.57500076293945,35.275001525878906,34.29499816894531,34.48500061035156,167239630
2019-10-15,34.505001068115234,35.834999084472656,33.869998931884766,34.91999816894531,179722070
2019-10-16,35.380001068115234,35.380001068115234,34.525001525878906,34.7400016784668,128143020
2019-10-17,34.599998474121094,36.1349983215332,34.03499984741211,35.61000061035156,166951580
2019-10-18,35.595001220703125,36.279998779296875,35.17499923706055,35.959999084472656,165680360
2019-10-22,35.75,36.380001068115234,35.29999923706055,35.45000076293945,119442830
2019-10-23,35.20000076293945,35.875,34.92499923706055,35.619998931884766,93184500
2019-10-24,35.60499954223633,36.20000076293945,35.380001068115234,35.9900016784668,109734020
2019-10-25,35.630001068115234,36.89500045776367,35.60499954223633,36.224998474121094,149966920
2019-10-27,36.380001068115234,36.55500030517578,36.310001373291016,36.5,10820130
2019-10-29,36.55500030517578,39.970001220703125,36.55500030517578,39.02000045776367,251553140
2019-10-30,38.9900016784668,39.369998931884766,38.43000030517578,38.79999923706055,143714420
2019-10-31,38.88999938964844,39.0099983215332,37.619998931884766,38.05500030517578,217560230
2019-11-01,38.005001068115234,40.290000915527344,37.79999923706055,39.95000076293945,241111950
2019-11-04,40.29999923706055,42.16999816894531,40.29999923706055,40.915000915527344,289344340
2019-11-05,41.400001525878906,41.790000915527344,40.15999984741211,40.39500045776367,208744340
2019-11-06,40.20000076293945,40.88999938964844,39.869998931884766,40.44499969482422,179351470
2019-11-07,40.400001525878906,40.8849983215332,38.880001068115234,40.310001373291016,407007600
2019-11-08,40.150001525878906,40.619998931884766,39.5099983215332,39.79499816894531,214235200
2019-11-11,39.54999923706055,40.375,39.400001525878906,40.14500045776367,135739740
2019-11-13,40.09000015258789,40.8849983215332,39.27000045776367,39.790000915527344,175114690
2019-11-14,39.61000061035156,39.869998931884766,38.939998626708984,39.19499969482422,108694250
2019-11-15,39.20000076293945,40.29999923706055,39.060001373291016,39.45000076293945,118132590
2019-11-18,39.63999938964844,41.2599983215332,39.599998474121094,41.005001068115234,189065280
2019-11-19,41.400001525878906,41.48500061035156,40.0,40.17499923706055,142650830
2019-11-20,40.099998474121094,40.849998474121094,39.72999954223633,39.869998931884766,122556020
2019-11-21,39.900001525878906,39.915000915527344,38.32500076293945,38.5099983215332,102085540
2019-11-22,38.599998474121094,40.279998779296875,38.310001373291016,40.0,172719490
2019-11-25,40.525001525878906,42.099998474121094,40.29999923706055,41.95000076293945,276124580
2019-11-26,42.5,42.93000030517578,41.67499923706055,42.415000915527344,282763120
2019-11-27,42.529998779296875,42.70000076293945,41.91999816894531,42.1349983215332,109846790
2019-11-28,42.220001220703125,43.43000030517578,42.21500015258789,43.209999084472656,157660730
2019-11-29,42.744998931884766,42.95000076293945,42.11000061035156,42.75,126319560
2019-12-02,42.494998931884766,42.69499969482422,41.900001525878906,42.084999084472656,83371710
2019-12-03,41.79999923706055,41.85499954223633,39.63999938964844,39.96500015258789,168706560
2019-12-04,39.279998779296875,41.14500045776367,38.900001525878906,40.93000030517578,261132490
2019-12-05,41.10499954223633,41.185001373291016,39.709999084472656,39.97999954223633,111108840
2019-12-06,40.14500045776367,40.75,39.3849983215332,40.32500076293945,169310820
2019-12-09,40.29999923706055,41.18000030517578,40.19499969482422,40.66999816894531,123184520
2019-12-10,40.5,40.959999084472656,40.02000045776367,40.20500183105469,93495850
2019-12-11,40.2400016784668,40.81999969482422,40.03499984741211,40.55500030517578,82278630
2019-12-12,40.83000183105469,42.09000015258789,40.68000030517578,41.869998931884766,149846710
2019-12-13,43.025001525878906,43.459999084472656,42.345001220703125,42.84000015258789,216281830
2019-12-16,43.20000076293945,43.20000076293945,42.01499938964844,42.099998474121094,95658310
2019-12-17,42.36000061035156,44.189998626708984,42.30500030517578,43.939998626708984,307577380
2019-12-18,43.939998626708984,45.47999954223633,43.60499954223633,44.474998474121094,400283980
2019-12-19,44.0,44.939998626708984,43.79999923706055,44.67499923706055,205472860
2019-12-20,44.599998474121094,46.34000015258789,44.310001373291016,46.099998474121094,269312620
2019-12-23,46.099998474121094,46.75,45.70500183105469,46.21500015258789,186311430
2019-12-24,46.220001220703125,46.470001220703125,45.939998626708984,46.29999923706055,112355050
2019-12-26,46.29999923706055,47.20000076293945,46.29999923706055,46.790000915527344,182556030
2019-12-27,46.92499923706055,47.18000030517578,46.31999969482422,46.95000076293945,111443330
2019-12-30,47.0099983215332,47.630001068115234,46.5099983215332,47.474998474121094,114620740
2019-12-31,47.26499938964844,47.529998779296875,46.95000076293945,47.20500183105469,96441450
2020-01-01,47.29999923706055,47.650001525878906,46.47999954223633,46.775001525878906,121005300
2020-01-02,47.20000076293945,48.779998779296875,47.20000076293945,48.48500061035156,216749610
2020-01-03,48.29999923706055,48.619998931884766,47.94499969482422,48.369998931884766,129568630
2020-01-06,48.0,48.0,47.05500030517578,47.32500076293945,96016080
2020-01-07,47.54999923706055,48.459999084472656,47.35499954223633,47.61000061035156,131957880
2020-01-08,47.165000915527344,47.814998626708984,46.70000076293945,47.525001525878906,133048410
2020-01-09,48.5,48.599998474121094,47.90999984741211,48.314998626708984,101311520
2020-01-10,48.54999923706055,49.3849983215332,48.0,48.619998931884766,159276340
2020-01-13,49.11000061035156,49.70000076293945,48.775001525878906,49.57500076293945,109427500
2020-01-14,49.64500045776367,50.599998474121094,49.57500076293945,49.86000061035156,156608220
2020-01-15,49.189998626708984,50.35499954223633,48.915000915527344,50.209999084472656,121179480
2020-01-16,50.20000076293945,50.404998779296875,49.209999084472656,49.439998626708984,104383690
2020-01-17,49.33000183105469,49.88999938964844,49.189998626708984,49.525001525878906,56824600
2020-01-20,49.70000076293945,49.97999954223633,48.915000915527344,49.064998626708984,72918780
2020-01-21,48.779998779296875,48.779998779296875,47.349998474121094,47.6150016784668,113158030
2020-01-22,47.8650016784668,47.98500061035156,47.31999969482422,47.505001068115234,76621710
2020-01-23,47.59000015258789,48.185001373291016,47.314998626708984,48.025001525878906,72000200
2020-01-24,48.029998779296875,48.5099983215332,47.64500045776367,48.34000015258789,74811300
2020-01-27,47.775001525878906,47.775001525878906,46.0099983215332,46.244998931884766,129631190
2020-01-28,46.0,46.20000076293945,44.20000076293945,44.625,180152830
2020-01-29,45.279998779296875,45.970001220703125,44.959999084472656,45.220001220703125,110818340
2020-01-30,45.189998626708984,45.44499969482422,44.13999938964844,44.85499954223633,146520160
2020-01-31,45.29999923706055,45.42499923706055,43.64500045776367,43.869998931884766,107387270
2020-02-03,41.79999923706055,43.900001525878906,41.65999984741211,43.60499954223633,162371260
2020-02-04,44.20000076293945,45.34000015258789,43.345001220703125,45.189998626708984,133362630
2020-02-05,45.224998474121094,47.970001220703125,44.79999923706055,47.505001068115234,160567650
2020-02-06,47.79999923706055,48.724998474121094,47.15999984741211,47.7599983215332,166660740
2020-02-07,47.56999969482422,47.970001220703125,46.8849983215332,47.099998474121094,116499090
2020-02-10,46.025001525878906,46.32500076293945,44.0,44.380001068115234,267960480
2020-02-11,44.834999084472656,45.77000045776367,44.27000045776367,44.40999984741211,168243710
2020-02-12,45.0,45.45000076293945,44.255001068115234,44.79499816894531,117858580
2020-02-13,44.875,45.16999816894531,43.935001373291016,44.125,99652210
2020-02-14,44.099998474121094,44.55500030517578,43.334999084472656,43.45500183105469,94848170
2020-02-17,43.54999923706055,44.09000015258789,43.29999923706055,43.685001373291016,97247650
2020-02-18,43.400001525878906,43.51499938964844,42.130001068115234,43.13999938964844,115024230
2020-02-19,43.64500045776367,43.849998474121094,42.814998626708984,43.31999969482422,84651090
2020-02-20,42.900001525878906,44.77000045776367,42.79999923706055,44.35499954223633,129802370
2020-02-24,43.48500061035156,43.48500061035156,41.334999084472656,41.54499816894531,175231420
2020-02-25,41.900001525878906,42.55500030517578,41.439998626708984,42.130001068115234,145581760
2020-02-26,41.130001068115234,41.939998626708984,41.130001068115234,41.630001068115234,142707060
2020-02-27,41.4900016784668,41.59000015258789,40.70500183105469,41.279998779296875,102263790
2020-02-28,39.869998931884766,39.89500045776367,37.5,38.17499923706055,245328330
2020-03-02,39.369998931884766,39.400001525878906,35.79999923706055,36.404998779296875,202207720
2020-03-03,37.349998474121094,39.099998474121094,37.0099983215332,38.755001068115234,186489330
2020-03-04,38.80500030517578,38.9900016784668,36.5099983215332,37.71500015258789,229371480
2020-03-05,38.39500045776367,38.779998779296875,37.43000030517578,37.57500076293945,146284680
2020-03-06,35.69499969482422,35.83000183105469,34.665000915527344,35.150001525878906,148481880
2020-03-09,33.75,33.77000045776367,31.975000381469727,32.22999954223633,204221360
2020-03-11,32.400001525878906,32.60499954223633,29.610000610351562,29.975000381469727,286928700
2020-03-12,27.5,29.18000030517578,26.719999313354492,28.7450008392334,437671340
2020-03-13,27.0,33.209999084472656,25.53499984741211,32.66999816894531,338414370
2020-03-16,30.399999618530273,31.764999389648438,28.709999084472656,28.959999084472656,236054820
2020-03-17,30.0,30.764999389648438,28.049999237060547,28.274999618530273,206539390
2020-03-18,29.0,29.315000534057617,27.56999969482422,28.084999084472656,187721700
2020-03-19,26.895000457763672,28.450000762939453,26.049999237060547,27.184999465942383,187219810
2020-03-20,27.969999313354492,30.5,27.415000915527344,29.774999618530273,173077660
2020-03-23,26.799999237060547,27.799999237060547,25.354999542236328,27.114999771118164,121004020
2020-03-24,27.704999923706055,28.565000534057617,25.860000610351562,27.190000534057617,129288020
2020-03-25,26.704999923706055,29.5,26.704999923706055,28.68000030517578,94428290
2020-03-26,29.0,29.549999237060547,28.010000228881836,28.44499969482422,114938330
2020-03-27,29.100000381469727,29.524999618530273,27.420000076293945,27.725000381469727,111835940
2020-03-30,26.700000762939453,27.075000762939453,25.084999084472656,25.405000686645508,158537210
2020-03-31,26.225000381469727,27.2450008392334,25.969999313354492,26.959999084472656,157868130
2020-04-01,26.600000381469727,26.795000076293945,25.809999465942383,26.635000228881836,119647990
2020-04-03,26.770000457763672,26.889999389648438,25.100000381469727,25.375,125266950
2020-04-07,26.604999542236328,27.770000457763672,26.1200008392334,27.6200008392334,159566590
2020-04-08,27.100000381469727,29.290000915527344,26.665000915527344,27.475000381469727,204349980
2020-04-09,28.049999237060547,28.959999084472656,27.764999389648438,28.485000610351562,138556280
2020-04-13,28.5,29.200000762939453,27.385000228881836,28.2549991607666,155103280
2020-04-15,28.739999771118164,29.565000534057617,28.190000534057617,28.514999389648438,209917430
2020-04-16,27.600000381469727,29.190000534057617,27.600000381469727,28.889999389648438,172487980
2020-04-17,29.75,29.969999313354492,28.549999237060547,29.334999084472656,174923730
2020-04-20,29.479999542236328,29.5,28.510000228881836,28.639999389648438,119607480
2020-04-21,28.0049991607666,28.100000381469727,26.325000762939453,26.594999313354492,169249100
2020-04-22,26.610000610351562,26.989999771118164,25.920000076293945,26.834999084472656,147898560
2020-04-23,27.0,27.899999618530273,26.899999618530273,27.030000686645508,154678570
2020-04-24,26.6299991607666,27.385000228881836,26.44499969482422,26.7549991607666,123808460
2020-04-27,27.399999618530273,27.690000534057617,27.049999237060547,27.165000915527344,124106120
2020-04-28,27.389999389648438,27.540000915527344,26.954999923706055,27.354999542236328,85471050
2020-04-29,27.299999237060547,28.614999771118164,27.125,28.264999389648438,198765690
2020-04-30,28.9950008392334,30.450000762939453,28.8700008392334,29.829999923706055,236333720
2020-05-04,28.5,28.614999771118164,27.010000228881836,27.360000610351562,128914590
2020-05-05,27.899999618530273,28.239999771118164,27.100000381469727,27.264999389648438,121823300
2020-05-06,27.40999984741211,28.045000076293945,27.204999923706055,27.774999618530273,95077310
2020-05-07,27.545000076293945,28.28499984741211,27.46500015258789,27.584999084472656,89583760
2020-05-08,28.280000686645508,28.399999618530273,27.200000762939453,27.290000915527344,98777550
2020-05-11,27.55500030517578,28.299999237060547,27.5,27.6200008392334,109074080
2020-05-12,27.329999923706055,27.68000030517578,26.450000762939453,27.395000457763672,150402970
2020-05-13,28.75,28.799999237060547,27.350000381469727,27.655000686645508,147231160
2020-05-14,27.200000762939453,27.520000457763672,26.729999542236328,26.854999542236328,107969020
2020-05-15,27.0,27.68000030517578,26.8799991607666,27.344999313354492,149896650
2020-05-18,27.40999984741211,27.6200008392334,26.2450008392334,26.65999984741211,116153670
2020-05-19,27.19499969482422,28.040000915527344,26.75,27.200000762939453,168970940
2020-05-20,27.200000762939453,28.399999618530273,27.010000228881836,28.31999969482422,144218120
2020-05-21,28.389999389648438,28.625,27.850000381469727,28.3700008392334,130358110
2020-05-22,27.899999618530273,28.024999618530273,27.329999923706055,27.44499969482422,106567390
2020-05-26,27.75,28.440000534057617,27.700000762939453,28.045000076293945,121075590
2020-05-27,28.219999313354492,29.040000915527344,27.905000686645508,28.795000076293945,140074620
2020-05-28,29.190000534057617,29.860000610351562,28.940000534057617,29.549999237060547,166019580
2020-05-29,29.209999084472656,29.690000534057617,28.78499984741211,29.520000457763672,131279850
2020-06-01,30.200000762939453,31.780000686645508,30.200000762939453,31.520000457763672,243843600
2020-06-02,31.799999237060547,32.345001220703125,31.454999923706055,31.940000534057617,165626630
2020-06-03,32.54499816894531,32.630001068115234,31.5049991607666,31.739999771118164,103869540
2020-06-04,31.690000534057617,32.2599983215332,31.459999084472656,31.9950008392334,112512660
2020-06-05,32.58000183105469,34.3650016784668,32.505001068115234,33.89500045776367,309184760
2020-06-08,34.77000045776367,35.08000183105469,32.73500061035156,33.36000061035156,164816490
2020-06-09,33.599998474121094,34.400001525878906,32.8849983215332,33.220001220703125,149268320
2020-06-10,33.11000061035156,33.150001525878906,32.20000076293945,32.400001525878906,172188830
2020-06-11,32.20000076293945,32.349998474121094,31.100000381469727,31.315000534057617,139066840
2020-06-12,30.0,32.04499816894531,30.0,31.760000228881836,175578850
2020-06-15,31.375,31.5,30.260000228881836,30.6200008392334,185810020
2020-06-16,31.510000228881836,32.255001068115234,30.1299991607666,30.895000457763672,234418060
2020-06-17,30.719999313354492,31.479999542236328,30.5049991607666,30.81999969482422,114470230
2020-06-18,30.81999969482422,31.920000076293945,30.709999084472656,31.809999465942383,113692780
2020-06-19,32.099998474121094,32.584999084472656,31.729999542236328,32.05500030517578,151342880
2020-06-22,31.975000381469727,32.79999923706055,31.834999084472656,32.56999969482422,110312750
2020-06-23,32.77000045776367,33.349998474121094,32.6150016784668,33.20000076293945,125450560
2020-06-24,33.65999984741211,33.814998626708984,32.474998474121094,32.60499954223633,207826420
2020-06-25,32.20000076293945,32.7400016784668,32.099998474121094,32.310001373291016,113456530
2020-06-26,32.58000183105469,32.994998931884766,32.255001068115234,32.3849983215332,97063330
2020-06-29,32.29999923706055,32.599998474121094,31.209999084472656,32.084999084472656,119611330
2020-06-30,32.310001373291016,33.76499938964844,32.310001373291016,32.66999816894531,365236470
2020-07-01,32.900001525878906,32.959999084472656,32.029998779296875,32.369998931884766,104894330
2020-07-02,32.70500183105469,33.75,32.45500183105469,33.4900016784668,119713930
2020-07-03,33.70000076293945,33.70000076293945,32.73500061035156,32.9900016784668,106126140
2020-07-06,33.314998626708984,34.16999816894531,33.029998779296875,33.88999938964844,141439660
2020-07-07,33.880001068115234,33.8849983215332,32.80500030517578,33.029998779296875,108393710
2020-07-08,33.279998779296875,34.63999938964844,33.20000076293945,33.41999816894531,215601630
2020-07-09,33.70000076293945,34.849998474121094,33.650001525878906,34.45000076293945,244037810
2020-07-10,34.19499969482422,34.43000030517578,33.52000045776367,33.869998931884766,125261130
2020-07-13,34.33000183105469,34.70000076293945,33.849998474121094,34.209999084472656,121150000
2020-07-14,33.900001525878906,33.900001525878906,33.2599983215332,33.665000915527344,83070350
2020-07-15,34.064998626708984,34.650001525878906,33.79999923706055,33.93000030517578,96874130
2020-07-16,33.79999923706055,34.650001525878906,33.154998779296875,34.165000915527344,105860440
2020-07-17,34.599998474121094,35.68000030517578,34.51499938964844,35.095001220703125,244153950
2020-07-20,35.11000061035156,35.470001220703125,34.65999984741211,35.2400016784668,95320490
2020-07-21,35.599998474121094,36.060001373291016,34.95000076293945,35.915000915527344,113681040
2020-07-22,36.04999923706055,36.290000915527344,34.65999984741211,35.005001068115234,178429190
2020-07-23,35.0099983215332,35.63999938964844,34.76499938964844,35.189998626708984,96250490
2020-07-24,34.70000076293945,34.97999954223633,34.255001068115234,34.61000061035156,89188290
2020-07-27,35.099998474121094,35.38999938964844,34.42499923706055,35.28499984741211,118356070
2020-07-28,35.36000061035156,36.0,35.275001525878906,35.849998474121094,106392570
2020-07-29,35.900001525878906,37.845001220703125,35.6150016784668,37.375,301158810
2020-07-30,37.70000076293945,37.779998779296875,36.40999984741211,36.65999984741211,103982570
2020-07-31,36.560001373291016,37.040000915527344,36.040000915527344,36.630001068115234,90249550
2020-08-03,36.474998474121094,37.685001373291016,36.20500183105469,37.349998474121094,111369710
2020-08-04,37.45000076293945,37.79999923706055,36.76499938964844,37.224998474121094,111842600
2020-08-05,37.30500030517578,39.790000915527344,37.30500030517578,39.58000183105469,305597410
2020-08-06,38.974998474121094,40.279998779296875,38.54999923706055,40.04499816894531,221228070
2020-08-07,39.59000015258789,40.66999816894531,39.310001373291016,40.404998779296875,151763170
2020-08-10,40.57500076293945,41.154998779296875,39.959999084472656,41.02000045776367,120182110
2020-08-11,41.310001373291016,42.7599983215332,41.25,41.64500045776367,258851910
2020-08-12,41.369998931884766,41.73500061035156,40.755001068115234,41.45000076293945,115744020
2020-08-13,41.81999969482422,42.16999816894531,40.8849983215332,41.310001373291016,124220440
2020-08-14,41.0,43.095001220703125,40.90999984741211,41.849998474121094,477423650
2020-08-17,41.79999923706055,42.915000915527344,41.42499923706055,42.505001068115234,181455010
2020-08-18,42.165000915527344,43.68000030517578,41.970001220703125,43.45000076293945,173400200
2020-08-19,43.45000076293945,43.55500030517578,42.8849983215332,43.16999816894531,118436810
2020-08-20,42.5,43.83000183105469,42.30500030517578,43.2599983215332,158466000
2020-08-21,43.57500076293945,44.20000076293945,42.654998779296875,42.8849983215332,134818760
2020-08-24,43.36000061035156,43.775001525878906,42.810001373291016,42.95000076293945,90928540
2020-08-25,43.20000076293945,43.26499938964844,42.14500045776367,42.400001525878906,105529000
2020-08-26,42.5,42.775001525878906,42.220001220703125,42.5,79571570
2020-08-27,42.54999923706055,43.02000045776367,42.29999923706055,42.685001373291016,95491160
2020-08-28,42.96500015258789,43.79999923706055,42.30500030517578,42.41999816894531,152112670
2020-08-31,42.650001525878906,43.01499938964844,41.0,41.29999923706055,157459100
2020-09-01,41.38999938964844,43.27000045776367,41.19499969482422,42.8650016784668,140728230
2020-09-02,43.005001068115234,44.16999816894531,42.709999084472656,43.8650016784668,117392780
2020-09-03,44.25,44.3650016784668,43.59000015258789,43.810001373291016,102142880
2020-09-04,42.810001373291016,43.39500045776367,41.900001525878906,42.130001068115234,105290810
2020-09-07,42.369998931884766,42.84000015258789,41.845001220703125,42.25,96263460
2020-09-08,42.57500076293945,42.57500076293945,40.2599983215332,40.5099983215332,116372720
2020-09-09,39.880001068115234,42.01499938964844,38.650001525878906,41.7400016784668,319997830
2020-09-10,42.400001525878906,42.59000015258789,40.11000061035156,40.79999923706055,229205440
2020-09-11,40.875,41.26499938964844,40.25,40.75,136871250
2020-09-14,41.0,41.40999984741211,40.21500015258789,40.46500015258789,123310520
2020-09-15,40.70000076293945,41.05500030517578,40.35499954223633,40.525001525878906,91323090
2020-09-16,40.64500045776367,41.0,40.27000045776367,40.459999084472656,99873490
2020-09-17,40.19499969482422,40.75,39.31999969482422,39.869998931884766,148080220
2020-09-18,40.209999084472656,40.564998626708984,39.34000015258789,39.54999923706055,168417030
2020-09-21,39.599998474121094,39.91999816894531,37.099998474121094,37.34000015258789,141383050
2020-09-22,37.400001525878906,37.849998474121094,35.81999969482422,37.415000915527344,220130270
2020-09-23,37.70000076293945,37.79999923706055,35.64500045776367,36.130001068115234,169844110
2020-09-24,35.68000030517578,35.724998474121094,34.275001525878906,34.38999938964844,124957470
2020-09-25,34.79999923706055,35.560001373291016,34.41999816894531,35.209999084472656,122425760
2020-09-28,35.994998931884766,36.494998931884766,35.564998626708984,36.099998474121094,122701960
2020-09-29,36.5,37.18000030517578,36.16999816894531,37.005001068115234,178916090
2020-09-30,37.10499954223633,37.150001525878906,35.79999923706055,35.974998474121094,129636870
2020-10-01,36.43000030517578,37.029998779296875,36.314998626708984,36.494998931884766,95540970
2020-10-05,37.0099983215332,38.54999923706055,36.95000076293945,38.22999954223633,195905330
2020-10-06,38.68000030517578,38.724998474121094,37.310001373291016,37.7400016784668,142863360
2020-10-07,37.599998474121094,37.93000030517578,37.0,37.11000061035156,96937190
2020-10-08,37.44499969482422,38.29999923706055,37.16999816894531,37.3650016784668,141111310
2020-10-09,37.60499954223633,38.69499969482422,36.70500183105469,36.95000076293945,220065830
2020-10-12,37.349998474121094,37.71500015258789,36.25,37.11000061035156,157568610
2020-10-13,37.20000076293945,37.625,36.665000915527344,36.834999084472656,119024640
2020-10-14,37.040000915527344,37.724998474121094,36.95500183105469,37.55500030517578,148921160
2020-10-15,38.099998474121094,38.86000061035156,37.150001525878906,37.38999938964844,316506980
2020-10-16,37.709999084472656,39.59000015258789,37.52000045776367,39.3849983215332,288554790
2020-10-19,39.7599983215332,40.0,39.18000030517578,39.54999923706055,147289680
2020-10-20,39.20000076293945,39.73500061035156,38.959999084472656,39.2400016784668,109496320
2020-10-21,39.630001068115234,40.79999923706055,39.435001373291016,40.404998779296875,263519520
2020-10-22,40.189998626708984,41.35499954223633,40.0099983215332,40.96500015258789,208883010
2020-10-23,41.29999923706055,42.599998474121094,41.220001220703125,42.345001220703125,285885950
2020-10-26,42.334999084472656,42.334999084472656,40.415000915527344,40.84000015258789,166073190
2020-10-27,40.869998931884766,41.685001373291016,40.34000015258789,41.099998474121094,160621710
2020-10-28,41.14500045776367,41.81999969482422,40.04499816894531,40.22999954223633,169657540
2020-10-29,39.94499969482422,40.5,39.529998779296875,40.13999938964844,138603960
2020-10-30,40.27000045776367,41.290000915527344,39.52000045776367,41.05500030517578,180209980
2020-11-02,41.0,41.25,39.869998931884766,40.28499984741211,131431090
2020-11-03,40.75,41.220001220703125,40.44499969482422,40.689998626708984,122580340
2020-11-04,40.88999938964844,41.505001068115234,40.13999938964844,40.38999938964844,136143660
2020-11-05,41.20000076293945,42.82500076293945,40.915000915527344,42.54999923706055,265177560
2020-11-06,42.45000076293945,43.290000915527344,42.26499938964844,42.650001525878906,173981930
2020-11-09,43.29999923706055,43.9900016784668,42.7400016784668,43.83000183105469,158308620
2020-11-10,44.0,45.32500076293945,43.55500030517578,44.189998626708984,262002400
2020-11-11,44.189998626708984,47.73500061035156,43.959999084472656,47.39500045776367,368618330
2020-11-12,47.20000076293945,47.9900016784668,46.630001068115234,47.314998626708984,234936850
2020-11-13,47.084999084472656,48.84000015258789,46.5,48.654998779296875,234181870
2020-11-14,49.654998779296875,49.95000076293945,48.70000076293945,49.220001220703125,78374000
2020-11-17,50.599998474121094,53.095001220703125,50.16999816894531,52.27000045776367,642845990
2020-11-18,51.79999923706055,52.380001068115234,51.064998626708984,51.720001220703125,174815130
2020-11-19,51.185001373291016,53.56999969482422,51.0,52.36000061035156,201379980
2020-11-20,52.599998474121094,54.16999816894531,52.099998474121094,53.290000915527344,266860000
2020-11-23,53.79999923706055,54.599998474121094,53.6349983215332,54.310001373291016,170254250
2020-11-24,54.79499816894531,55.04499816894531,54.13999938964844,54.83000183105469,130291260
2020-11-25,55.099998474121094,55.8650016784668,53.95000076293945,54.125,176809890
2020-11-26,54.599998474121094,57.11000061035156,54.125,56.84000015258789,225701850
2020-11-27,57.0,58.23500061035156,56.30500030517578,57.73500061035156,462912480
2020-12-01,59.20000076293945,59.20000076293945,57.69499969482422,58.58000183105469,147391090
2020-12-02,58.56999969482422,60.7599983215332,58.404998779296875,60.435001373291016,249970850
2020-12-03,60.900001525878906,62.474998474121094,60.79999923706055,62.09000015258789,247756520
2020-12-04,62.400001525878906,63.25,61.459999084472656,62.27000045776367,201535520
2020-12-07,62.36000061035156,62.900001525878906,60.94499969482422,61.45500183105469,155883210
2020-12-08,61.599998474121094,62.14500045776367,60.244998931884766,61.345001220703125,170158530
2020-12-09,61.79999923706055,62.06999969482422,60.709999084472656,60.935001373291016,127307310
2020-12-10,60.599998474121094,61.400001525878906,59.349998474121094,61.0099983215332,198293280
2020-12-11,61.4900016784668,62.54499816894531,61.42499923706055,62.16999816894531,163956980
2020-12-14,62.67499923706055,63.88999938964844,62.529998779296875,62.67499923706055,177227150
2020-12-15,62.345001220703125,63.709999084472656,61.73500061035156,63.53499984741211,132263120
2020-12-16,64.12000274658203,64.94499969482422,63.81999969482422,64.33999633789062,160402560
2020-12-17,64.33999633789062,64.5999984741211,63.14500045776367,63.529998779296875,79651860
2020-12-18,63.82500076293945,64.08499908447266,62.79999923706055,63.125,253515060
2020-12-21,62.400001525878906,62.77000045776367,58.560001373291016,59.584999084472656,190766540
2020-12-22,59.599998474121094,61.04499816894531,58.5,60.1349983215332,188468790
2020-12-23,59.900001525878906,62.41999816894531,59.630001068115234,62.13999938964844,122383430
2020-12-24,62.529998779296875,63.69499969482422,61.92499923706055,62.22999954223633,120907400
2020-12-28,62.82500076293945,63.53499984741211,62.65999984741211,63.26499938964844,104805170
2020-12-29,63.78499984741211,63.96500015258789,62.10499954223633,63.220001220703125,104163260
2020-12-30,63.29499816894531,64.3949966430664,62.404998779296875,64.04499816894531,115144280
2020-12-31,63.654998779296875,65.3499984741211,63.654998779296875,64.36499786376953,177130120
2021-01-01,64.5,64.97000122070312,64.0,64.30999755859375,84113960
2021-01-04,64.9000015258789,69.98999786376953,64.6449966430664,69.30000305175781,381849550
2021-01-05,68.69999694824219,69.38500213623047,67.51000213623047,68.05500030517578,215452540
2021-01-06,68.4000015258789,69.66500091552734,67.5,68.37999725341797,196105220
2021-01-07,69.30000305175781,73.1500015258789,69.16999816894531,72.27999877929688,382321940
2021-01-08,72.69999694824219,72.7249984741211,70.30999755859375,71.31500244140625,193293130
2021-01-11,71.19999694824219,71.19999694824219,68.81999969482422,69.56500244140625,170245090
2021-01-12,69.5,72.44999694824219,69.11000061035156,69.48999786376953,245254840
2021-01-13,70.1449966430664,71.45500183105469,69.30000305175781,70.91500091552734,193538710
2021-01-14,71.0,71.44499969482422,69.70999908447266,70.63500213623047,115408580
2021-01-15,71.19999694824219,72.1500015258789,69.76499938964844,70.58999633789062,206884370
2021-01-18,70.80000305175781,70.875,65.94999694824219,66.66999816894531,250452260
2021-01-19,67.19999694824219,68.3949966430664,64.69999694824219,68.11000061035156,312451180
2021-01-20,69.01499938964844,69.94999694824219,68.26000213623047,69.01499938964844,233131500
2021-01-21,69.0999984741211,69.4749984741211,66.16000366210938,66.66999816894531,161178670
2021-01-22,67.0,67.58000183105469,63.3650016784668,64.69999694824219,237156650
2021-01-25,65.0999984741211,66.18499755859375,63.099998474121094,65.19499969482422,163484730
2021-01-27,65.08999633789062,65.11499786376953,62.380001068115234,62.599998474121094,149180840
2021-01-28,61.79999923706055,63.060001373291016,61.2599983215332,62.369998931884766,170917520
2021-01-29,63.005001068115234,63.380001068115234,59.599998474121094,60.099998474121094,268265750
2021-02-01,60.4900016784668,64.0,59.744998931884766,63.61000061035156,210846940
2021-02-02,64.30000305175781,64.80000305175781,62.40999984741211,64.16500091552734,180489570
2021-02-03,64.48999786376953,66.43000030517578,63.724998474121094,65.31500244140625,148463810
2021-02-04,65.4000015258789,66.3499984741211,63.86000061035156,65.59500122070312,147649950
2021-02-05,65.69000244140625,69.05999755859375,65.13999938964844,68.50499725341797,291008880
2021-02-08,69.4000015258789,70.48999786376953,68.2699966430664,70.29499816894531,214621690
2021-02-09,70.6500015258789,71.6449966430664,69.16000366210938,69.91999816894531,293370280
2021-02-10,71.0,72.44999694824219,68.00499725341797,69.0250015258789,573979190
2021-02-11,68.76000213623047,70.45999908447266,68.28500366210938,69.47000122070312,163407050
2021-02-12,69.5,69.79000091552734,67.8499984741211,68.05000305175781,147054790
2021-02-15,68.70999908447266,68.80000305175781,67.0,67.21499633789062,131716720
2021-02-16,67.21499633789062,70.86000061035156,66.83000183105469,69.91999816894531,336618380
2021-02-17,69.76499938964844,70.3499984741211,68.75,69.68000030517578,159574830
2021-02-18,70.0,71.0999984741211,69.4000015258789,69.7750015258789,148561470
2021-02-19,69.5999984741211,69.5999984741211,65.59500122070312,67.06999969482422,223923860
2021-02-22,67.29000091552734,69.79000091552734,67.08499908447266,68.45500183105469,281491090
2021-02-23,68.95999908447266,73.5999984741211,68.22000122070312,72.93000030517578,389070710
2021-02-24,73.5,74.5,72.0,72.7699966430664,216767890
2021-02-25,73.5199966430664,75.30000305175781,73.19499969482422,74.29000091552734,219015960
2021-02-26,72.5,74.16000366210938,71.11000061035156,71.51499938964844,235515910
2021-03-01,72.4000015258789,73.82499694824219,71.13500213623047,73.04000091552734,140586460
2021-03-02,73.04499816894531,73.9749984741211,72.31500244140625,73.55000305175781,111133990
2021-03-03,74.0999984741211,78.25,74.0999984741211,77.71499633789062,288428350
2021-03-04,75.0999984741211,76.69000244140625,74.36499786376953,75.79499816894531,228738220
2021-03-05,74.8499984741211,75.5999984741211,72.69999694824219,73.33000183105469,168819600
2021-03-08,74.3949966430664,75.12000274658203,73.50499725341797,73.7249984741211,106145960
2021-03-09,74.5,75.09500122070312,70.2249984741211,70.67500305175781,195564380
2021-03-10,71.48999786376953,72.99500274658203,70.30500030517578,72.44999694824219,196858600
2021-03-12,74.0,74.5,71.4000015258789,71.99500274658203,161214090
2021-03-15,72.19999694824219,73.9000015258789,71.50499725341797,73.63999938964844,155429990
2021-03-16,74.01000213623047,74.01000213623047,71.91999816894531,72.40499877929688,125699980
2021-03-17,72.49500274658203,72.5999984741211,70.06500244140625,70.44000244140625,105409590
2021-03-18,71.625,72.29000091552734,69.83000183105469,70.48500061035156,143206510
2021-03-19,70.2750015258789,73.67500305175781,68.125,73.30000305175781,246378140
2021-03-22,73.11000061035156,74.56500244140625,72.5,74.3499984741211,137603700
2021-03-23,74.5999984741211,74.94499969482422,73.33000183105469,74.11499786376953,118738960
2021-03-24,73.0999984741211,73.30000305175781,69.8949966430664,70.27999877929688,210302830
2021-03-25,71.01000213623047,73.06999969482422,68.83499908447266,72.31500244140625,367224000
2021-03-26,73.04000091552734,77.48999786376953,72.5199966430664,76.68499755859375,429122470
2021-03-30,78.0,81.0,77.79000091552734,80.0,284794680
2021-03-31,79.4000015258789,82.3499984741211,79.01000213623047,81.18499755859375,280445850
2021-04-01,82.0999984741211,86.88999938964844,81.9000015258789,86.30500030517578,368420980
2021-04-05,86.19999694824219,87.78500366210938,83.71499633789062,86.7750015258789,305759860
2021-04-06,87.55000305175781,88.25,85.81500244140625,86.28500366210938,207789200
2021-04-07,86.94999694824219,88.5,86.46499633789062,87.48500061035156,171132080
2021-04-08,88.4000015258789,95.36499786376953,88.2699966430664,91.83999633789062,530630560
2021-04-09,92.0999984741211,93.0,88.56999969482422,89.94999694824219,321790690
2021-04-12,87.65499877929688,89.31999969482422,84.33499908447266,85.15499877929688,221355040
2021-04-13,86.19999694824219,88.16000366210938,84.9000015258789,87.9000015258789,204285020
2021-04-15,89.19999694824219,91.1500015258789,87.94999694824219,89.81999969482422,218563570
2021-04-16,90.37999725341797,91.44000244140625,88.625,89.0250015258789,173985980
2021-04-19,86.9800033569336,89.9000015258789,86.0,88.80500030517578,191469960
2021-04-20,90.0,90.57499694824219,88.19999694824219,89.4000015258789,169152930
2021-04-22,89.99500274658203,93.86499786376953,89.70500183105469,92.13999938964844,319028150
2021-04-23,92.9800033569336,94.5,91.07499694824219,92.55999755859375,247523860
2021-04-26,93.5,95.5999984741211,93.00499725341797,94.07499694824219,212348580
2021-04-27,94.83000183105469,98.30000305175781,94.43000030517578,97.7750015258789,249045150
2021-04-28,98.5,98.5999984741211,96.19999694824219,97.13999938964844,204479680
2021-04-29,98.30000305175781,103.69499969482422,98.30000305175781,103.13500213623047,447186470
2021-04-30,102.4000015258789,105.26000213623047,101.11000061035156,103.4000015258789,281297380
2021-05-03,103.19499969482422,106.9000015258789,101.8499984741211,106.4749984741211,264841000
2021-05-04,107.44499969482422,108.66500091552734,105.75499725341797,106.38500213623047,249616280
2021-05-05,108.4000015258789,108.83499908447266,104.69999694824219,107.01499938964844,192498390
2021-05-06,105.5,112.9000015258789,104.25,110.08999633789062,464345370
2021-05-07,113.5,119.19999694824219,113.01000213623047,118.23500061035156,540754330
2021-05-10,121.0,122.9000015258789,120.0,121.63500213623047,280808840
2021-05-11,119.0,124.5999984741211,117.69000244140625,123.38999938964844,411083810
2021-05-12,123.19499969482422,124.68499755859375,116.32499694824219,117.91500091552734,308891920
2021-05-14,118.5,118.5,111.5199966430664,113.20999908447266,376480320
2021-05-17,113.80000305175781,115.81999969482422,110.3499984741211,115.08499908447266,287534300
2021-05-18,117.5,119.6449966430664,115.70500183105469,118.0,245738800
2021-05-19,117.30000305175781,118.95500183105469,115.80000305175781,116.42500305175781,174350260
2021-05-20,113.11000061035156,113.55000305175781,109.80500030517578,110.50499725341797,284462530
2021-05-21,111.4000015258789,112.38999938964844,110.58499908447266,111.30999755859375,141049260
2021-05-24,110.80000305175781,110.8949966430664,108.20999908447266,109.19999694824219,189238420
2021-05-25,110.19499969482422,112.59500122070312,110.0,110.5199966430664,181137520
2021-05-26,109.05000305175781,109.4000015258789,107.25,108.21499633789062,154327030
2021-05-27,108.21499633789062,110.9749984741211,107.5,109.66500091552734,227910320
2021-05-28,113.0999984741211,114.36000061035156,109.74500274658203,110.3499984741211,192085810
2021-05-31,111.19999694824219,112.96499633789062,109.9000015258789,112.56500244140625,154286470
2021-06-01,112.0,112.30000305175781,108.55000305175781,110.08999633789062,176909250
2021-06-02,110.5,112.9800033569336,110.4000015258789,112.40499877929688,128625910
2021-06-03,112.95500183105469,113.9749984741211,111.30000305175781,112.19999694824219,121094770
2021-06-04,111.5999984741211,112.87999725341797,110.69999694824219,112.06999969482422,97133470
2021-06-07,113.0,115.0,112.55500030517578,112.87000274658203,122185920
2021-06-08,113.2699966430664,113.2699966430664,110.00499725341797,111.11000061035156,108343730
2021-06-09,111.69999694824219,112.80000305175781,109.3949966430664,110.0999984741211,111143380
2021-06-10,110.93000030517578,112.58000183105469,110.29000091552734,111.44499969482422,77767640
2021-06-11,112.77999877929688,116.45999908447266,111.30999755859375,115.83499908447266,174458560
2021-06-14,116.80000305175781,117.86499786376953,114.0,116.4800033569336,160312640
2021-06-15,117.0,118.68000030517578,116.01000213623047,117.43000030517578,97681020
2021-06-16,116.9000015258789,118.4749984741211,113.16500091552734,114.21499633789062,175211070
2021-06-17,111.8949966430664,113.37999725341797,109.56500244140625,110.375,162076870
2021-06-18,110.5,110.98999786376953,105.0250015258789,109.2300033569336,403470770
2021-06-21,107.0,110.9000015258789,106.36499786376953,110.61499786376953,130014320
2021-06-22,111.41999816894531,113.0999984741211,110.6500015258789,111.2300033569336,90246340
2021-06-23,112.05000305175781,112.75499725341797,109.78500366210938,110.01000213623047,78063360
2021-06-24,110.5,112.05000305175781,109.84500122070312,111.31500244140625,72394700
2021-06-25,113.5,117.0,113.0,116.5250015258789,180227700
2021-06-28,117.4000015258789,118.9000015258789,116.30000305175781,118.4000015258789,116603350
2021-06-29,118.44999694824219,119.19999694824219,116.55500030517578,117.25499725341797,78037590
2021-06-30,118.1050033569336,119.0999984741211,116.27999877929688,116.66000366210938,80432670
2021-07-01,117.19000244140625,117.68000030517578,115.6449966430664,116.3550033569336,56149280
2021-07-02,116.5999984741211,116.68000030517578,113.0199966430664,113.5999984741211,75734070
2021-07-05,114.5999984741211,116.18000030517578,113.5999984741211,115.68499755859375,76799000
2021-07-06,115.86499786376953,117.80000305175781,115.0250015258789,116.7249984741211,91468350
2021-07-07,116.79499816894531,122.5,115.8499984741211,121.86499786376953,167456260
2021-07-08,122.5,123.0,118.12000274658203,118.9749984741211,124105850
2021-07-09,119.19999694824219,124.41000366210938,118.80000305175781,123.93499755859375,178593560
2021-07-12,125.0999984741211,125.8499984741211,121.83499908447266,122.69499969482422,166477750
2021-07-13,123.80000305175781,124.34500122070312,122.30999755859375,122.875,79155280
2021-07-14,123.19499969482422,124.7699966430664,121.9000015258789,124.47000122070312,83413880
2021-07-15,124.61000061035156,126.58000183105469,123.7699966430664,125.59500122070312,96555510
2021-07-16,126.47000122070312,128.1300048828125,125.90499877929688,127.84500122070312,84969250
2021-07-19,125.9000015258789,129.08999633789062,125.37000274658203,126.63999938964844,89046290
2021-07-20,127.19999694824219,127.2300033569336,122.5,123.33499908447266,85799400
2021-07-22,124.9000015258789,127.79499816894531,124.80000305175781,127.30000305175781,78940240
2021-07-23,127.93499755859375,129.5500030517578,127.4000015258789,128.13999938964844,86418650
2021-07-26,128.89999389648438,130.8249969482422,127.80500030517578,129.7949981689453,86784330
2021-07-27,131.5,133.4499969482422,130.80499267578125,133.06500244140625,103413820
2021-07-28,133.1999969482422,136.9949951171875,130.6199951171875,136.5,128351250
2021-07-29,137.5,148.17999267578125,136.8000030517578,145.86000061035156,300610410
2021-07-30,145.56500244140625,147.27000427246094,142.77999877929688,143.42999267578125,140492650
2021-08-02,144.60000610351562,144.6999969482422,140.5500030517578,141.0050048828125,97689200
2021-08-03,141.39999389648438,142.0850067138672,139.03500366210938,140.72000122070312,86405600
2021-08-04,142.0,144.8000030517578,140.50999450683594,141.6199951171875,112894350
2021-08-05,141.52999877929688,145.0,138.75,144.66000366210938,162217990
2021-08-06,144.89999389648438,145.6999969482422,142.60000610351562,142.88499450683594,96740250
2021-08-09,143.39999389648438,144.3249969482422,140.5399932861328,141.22000122070312,78594930
2021-08-10,141.1999969482422,141.8000030517578,136.72000122070312,137.36000061035156,84516230
2021-08-11,139.0,142.97000122070312,138.4199981689453,142.6199951171875,145353570
2021-08-12,143.60000610351562,144.47000122070312,141.65499877929688,143.53500366210938,109431080
2021-08-13,140.5,147.66000366210938,139.06500244140625,146.1649932861328,289698720
2021-08-16,148.39999389648438,153.4499969482422,147.22000122070312,151.94000244140625,271144880
2021-08-17,151.94000244140625,153.39999389648438,149.1750030517578,150.3699951171875,189709230
2021-08-18,150.94500732421875,151.88999938964844,148.82000732421875,150.0449981689453,123317450
2021-08-20,144.5050048828125,144.6999969482422,136.27999877929688,137.55999755859375,273400690
2021-08-23,140.1999969482422,140.97999572753906,131.0749969482422,135.86500549316406,229257290
2021-08-24,138.1999969482422,142.0,137.6999969482422,140.46499633789062,176075790
2021-08-25,141.8000030517578,142.60000610351562,138.0749969482422,139.02000427246094,125650100
2021-08-26,139.0399932861328,139.47500610351562,136.5,137.5050048828125,91578980
2021-08-27,137.89999389648438,139.44500732421875,137.5850067138672,138.4149932861328,73940810
2021-08-30,139.89999389648438,144.5,139.8000030517578,144.05999755859375,134443870
2021-08-31,144.5,145.89999389648438,143.1999969482422,145.02499389648438,247521080
2021-09-01,145.125,145.5500030517578,140.6999969482422,141.1199951171875,88128970
2021-09-02,141.10000610351562,143.1999969482422,141.0,142.50999450683594,61480460
2021-09-03,142.8000030517578,145.2949981689453,141.64500427246094,144.36500549316406,84523820
2021-09-06,144.6999969482422,145.19500732421875,142.31500244140625,143.6999969482422,69586760
2021-09-07,144.39999389648438,145.89999389648438,142.06500244140625,142.8699951171875,63527170
2021-09-08,142.60000610351562,144.26499938964844,141.86000061035156,142.98500061035156,46762240
2021-09-09,142.0,145.19500732421875,142.0,144.6999969482422,53130300
2021-09-13,144.6999969482422,147.1999969482422,143.64999389648438,146.34500122070312,56702080
2021-09-14,147.60000610351562,147.60000610351562,144.89999389648438,145.22999572753906,55037670
2021-09-15,145.22999572753906,146.3699951171875,144.44000244140625,145.50999450683594,44174640
2021-09-16,146.0,147.19000244140625,143.125,143.6750030517578,56067970
2021-09-17,143.6999969482422,144.02999877929688,136.0,138.58999633789062,195720300
2021-09-20,135.0,135.19000244140625,124.73500061035156,125.30999755859375,282384120
2021-09-21,125.80000305175781,129.69000244140625,123.29000091552734,129.22000122070312,255935400
2021-09-22,129.94000244140625,131.8000030517578,128.30999755859375,130.5800018310547,111242470
2021-09-23,133.0,133.94500732421875,130.60499572753906,131.8699951171875,99462510
2021-09-24,132.0,132.39999389648438,125.84500122070312,127.20999908447266,132866160
2021-09-27,127.19999694824219,128.8699951171875,126.1050033569336,127.05000305175781,86688770
2021-09-28,127.34500122070312,129.67999267578125,126.30000305175781,128.09500122070312,81007360
2021-09-29,127.0,130.97999572753906,126.72000122070312,129.55499267578125,94945770
2021-09-30,130.3000030517578,131.63999938964844,128.38499450683594,128.88999938964844,75145680
2021-10-01,127.5,131.10000610351562,126.5,129.78500366210938,90374700
2021-10-04,129.78500366210938,132.77499389648438,128.0399932861328,132.4149932861328,96902370
2021-10-05,131.39999389648438,133.27000427246094,131.01499938964844,131.68499755859375,57952160
2021-10-06,131.99000549316406,132.86000061035156,127.31500244140625,127.98999786376953,86316930
2021-10-07,129.5,130.67999267578125,128.35499572753906,128.9199981689453,46033670
2021-10-08,130.1999969482422,134.40499877929688,129.63499450683594,130.11500549316406,107220150
2021-10-11,130.5,132.73500061035156,129.8000030517578,131.32000732421875,63496580
2021-10-12,131.32000732421875,133.5,130.5,132.91000366210938,60970190
2021-10-13,132.5500030517578,137.65499877929688,131.80499267578125,135.42999267578125,132857180
2021-10-14,137.39999389648438,139.05999755859375,135.39999389648438,137.5050048828125,82273710
2021-10-18,141.8000030517578,142.47500610351562,139.11000061035156,141.10499572753906,109232300
2021-10-19,142.10000610351562,142.65499877929688,135.7550048828125,136.69000244140625,87569240
2021-10-20,137.1999969482422,137.60000610351562,132.6649932861328,134.3300018310547,69757740
2021-10-21,135.6699981689453,135.78500366210938,128.97000122070312,131.47000122070312,83575730
2021-10-22,132.0,132.46499633789062,127.0999984741211,129.625,80712890
2021-10-25,130.1999969482422,131.60000610351562,126.7249984741211,129.3300018310547,64185010
2021-10-26,130.3000030517578,135.10000610351562,130.14500427246094,134.36500549316406,77228750
2021-10-27,134.60000610351562,135.1699981689453,132.125,132.61500549316406,72418040
2021-10-28,131.49000549316406,131.59500122070312,129.11000061035156,129.9600067138672,93076820
2021-10-29,129.02499389648438,133.3699951171875,129.0,131.59500122070312,79147600
2021-11-01,134.0,137.2899932861328,133.0,136.49000549316406,96875330
2021-11-02,137.0,137.0,131.0800018310547,131.36500549316406,72161370
2021-11-03,132.47999572753906,133.1999969482422,131.1999969482422,132.60499572753906,57302440
2021-11-04,133.10000610351562,133.5,132.41000366210938,132.58999633789062,6744340
2021-11-08,134.08999633789062,134.76499938964844,130.61000061035156,134.3249969482422,54936670
2021-11-09,134.28500366210938,136.02999877929688,132.88499450683594,133.59500122070312,47565160
2021-11-10,132.8000030517578,132.89999389648438,128.7100067138672,129.85499572753906,118804170
2021-11-11,130.49000549316406,132.4499969482422,128.8350067138672,129.9600067138672,136638600
2021-11-12,134.0,134.0,127.11000061035156,128.72500610351562,232395580
2021-11-15,129.5,129.89999389648438,124.1500015258789,124.54499816894531,121082150
2021-11-16,124.54499816894531,126.1050033569336,122.37000274658203,122.87999725341797,123148800
2021-11-17,122.5,123.73999786376953,121.51000213623047,122.00499725341797,87802040
2021-11-18,122.36000061035156,122.83000183105469,118.19999694824219,118.66000366210938,101083510
2021-11-22,118.80999755859375,119.68000030517578,114.5999984741211,116.50499725341797,96210010
2021-11-23,116.80500030517578,120.9000015258789,116.51499938964844,119.20500183105469,93829630
2021-11-24,120.04000091552734,120.29499816894531,117.11499786376953,117.8499984741211,67671010
2021-11-25,118.0,118.66000366210938,116.5999984741211,117.36499786376953,47502860
2021-11-26,115.79000091552734,115.94999694824219,110.625,111.2300033569336,106455260
2021-11-29,111.2300033569336,113.69999694824219,107.50499725341797,111.4749984741211,93929910
2021-11-30,111.09500122070312,112.79000091552734,106.30000305175781,107.12000274658203,133559840
2021-12-01,109.19999694824219,109.69999694824219,106.6500015258789,108.25499725341797,93791140
2021-12-02,108.30000305175781,111.5999984741211,107.4000015258789,111.23999786376953,91286810
2021-12-03,111.5,113.41999816894531,110.2249984741211,111.80000305175781,100737840
2021-12-06,111.4000015258789,114.0999984741211,110.22000122070312,110.87999725341797,82159400
2021-12-07,112.11000061035156,115.55500030517578,112.0999984741211,114.87999725341797,85053900
2021-12-08,115.9000015258789,117.69999694824219,114.9000015258789,117.30000305175781,74485010
2021-12-09,118.19999694824219,118.19999694824219,115.9000015258789,117.68499755859375,52123940
2021-12-10,117.34500122070312,118.88999938964844,116.76000213623047,118.0,48121300
2021-12-13,118.80000305175781,119.9000015258789,116.16500091552734,116.52999877929688,53537780
2021-12-14,115.8949966430664,117.79000091552734,114.69999694824219,116.72000122070312,53522640
2021-12-15,117.00499725341797,117.55999755859375,114.9000015258789,115.40499877929688,44308330
2021-12-16,116.4000015258789,116.87999725341797,114.3550033569336,115.31999969482422,42460080
2021-12-17,115.4000015258789,115.88500213623047,112.5,113.20999908447266,47435020
2021-12-20,111.69999694824219,111.72000122070312,106.6050033569336,107.29499816894531,73526500
2021-12-21,109.0,112.42500305175781,108.5,110.51000213623047,70268490
2021-12-22,111.5,113.0999984741211,111.0,112.88500213623047,43669170
2021-12-23,113.80000305175781,114.68000030517578,112.0199966430664,112.76499938964844,46214780
2021-12-24,113.00499725341797,113.34500122070312,110.38500213623047,111.54499816894531,40936300
2021-12-27,111.1050033569336,112.47000122070312,110.23500061035156,112.18000030517578,27588510
2021-12-28,112.69999694824219,113.1500015258789,112.19999694824219,112.74500274658203,28807810
2021-12-29,112.0,112.66500091552734,110.80000305175781,111.625,41935200
2021-12-30,111.79000091552734,112.69999694824219,109.9000015258789,110.0999984741211,41140930
2021-12-31,110.5,112.3499984741211,110.26499938964844,111.1449966430664,36870210
2022-01-03,111.5,115.0999984741211,111.5,114.24500274658203,38658030
2022-01-04,115.30000305175781,115.97000122070312,113.6500015258789,114.87999725341797,59757310
2022-01-05,114.69999694824219,118.08000183105469,114.125,117.76000213623047,61861760
2022-01-06,117.19999694824219,118.30000305175781,115.55500030517578,116.32499694824219,53354000
2022-01-07,116.5199966430664,117.4000015258789,114.78500366210938,116.03500366210938,39738570
2022-01-10,116.5,117.33999633789062,115.38500213623047,116.90499877929688,38225000
2022-01-11,115.86499786376953,116.2699966430664,111.30000305175781,113.0250015258789,96978850
2022-01-12,113.98500061035156,115.08000183105469,113.23999786376953,114.72000122070312,50358430
2022-01-13,115.4000015258789,122.55000305175781,115.21499633789062,122.11499786376953,157231160
2022-01-14,121.30000305175781,122.62999725341797,120.61000061035156,121.36000061035156,52679070
2022-01-17,121.5,124.5,119.03500366210938,122.9749984741211,89696070
2022-01-18,123.0,123.375,119.0,119.48500061035156,58408970
2022-01-19,119.5999984741211,122.08999633789062,118.30000305175781,120.95999908447266,73043210
2022-01-20,121.01000213623047,122.4000015258789,119.69999694824219,120.66999816894531,59205970
2022-01-21,120.0,120.43000030517578,115.63500213623047,116.97000122070312,71662670
2022-01-24,116.0,116.36499786376953,109.0,109.91999816894531,83920760
2022-01-25,109.47000122070312,112.0999984741211,108.70500183105469,110.91000366210938,57330630
2022-01-27,109.0,110.34500122070312,106.12999725341797,108.83499908447266,90566560
2022-01-28,110.58499908447266,112.57499694824219,108.09500122070312,108.46499633789062,78648930
2022-01-31,110.98999786376953,111.45999908447266,108.05000305175781,108.55500030517578,55709390
2022-02-01,110.48999786376953,117.44499969482422,108.63999938964844,116.73500061035156,170752680
2022-02-02,117.98999786376953,117.98999786376953,115.83000183105469,116.75,75247340
2022-02-03,115.30000305175781,118.16999816894531,114.62999725341797,116.66000366210938,65140900
2022-02-04,117.37999725341797,119.7750015258789,117.0250015258789,117.62999725341797,93174180
2022-02-07,116.83000183105469,121.45999908447266,116.0999984741211,118.30000305175781,145105250
2022-02-08,119.5,122.23999786376953,117.1500015258789,121.95999908447266,140839840
2022-02-09,123.0999984741211,123.4000015258789,120.81500244140625,122.23500061035156,73520600
2022-02-10,123.0,125.42500305175781,122.5999984741211,124.83499908447266,93920570
2022-02-11,123.9000015258789,126.49500274658203,123.30999755859375,125.44499969482422,96762260
2022-02-14,122.01000213623047,122.7750015258789,118.01000213623047,118.68499755859375,80216130
2022-02-15,119.68499755859375,121.19999694824219,115.15499877929688,120.7750015258789,101889210
2022-02-16,121.5,121.79000091552734,118.6500015258789,119.18000030517578,66092140
2022-02-17,120.11000061035156,120.94999694824219,118.61499786376953,119.09500122070312,56557920
2022-02-18,118.69999694824219,120.5,118.30000305175781,119.08000183105469,47251200
2022-02-21,118.80000305175781,120.19999694824219,117.44000244140625,118.18499755859375,49787320
2022-02-22,115.80000305175781,116.66500091552734,111.92500305175781,113.87000274658203,93858570
2022-02-23,114.80000305175781,115.26000213623047,113.4000015258789,113.9000015258789,49608380
2022-02-24,109.4000015258789,111.99500274658203,106.70999908447266,107.4000015258789,121268670
2022-02-25,109.7699966430664,115.06999969482422,109.55999755859375,114.53500366210938,92128860
2022-02-28,113.4000015258789,122.5,112.91999816894531,122.07499694824219,176054460
2022-03-02,122.07499694824219,129.9600067138672,121.8550033569336,128.93499755859375,248475320
2022-03-03,130.60000610351562,132.86500549316406,129.36500549316406,130.3300018310547,174503380
2022-03-04,130.24000549316406,131.98500061035156,127.30000305175781,127.70999908447266,162829230
2022-03-07,127.58999633789062,130.17999267578125,126.4000015258789,129.19000244140625,110400010
2022-03-08,129.3000030517578,129.39999389648438,124.4000015258789,126.94999694824219,91078220
2022-03-09,127.38999938964844,127.68000030517578,124.86000061035156,125.53500366210938,69348880
2022-03-10,125.78500366210938,131.3800048828125,124.0999984741211,130.8699951171875,136740620
2022-03-11,131.5,133.99000549316406,129.6199951171875,130.1699981689453,118822990
2022-03-14,130.5,131.1699981689453,127.7699966430664,129.6999969482422,52780820
2022-03-15,129.17999267578125,129.3000030517578,122.80000305175781,123.375,96143130
2022-03-16,124.5,127.12000274658203,124.0199966430664,126.5250015258789,63024510
2022-03-17,127.5,131.77999877929688,127.11000061035156,130.34500122070312,106239760
2022-03-21,130.8000030517578,133.39999389648438,129.4499969482422,130.2949981689453,84227630
2022-03-22,132.0,133.0,128.80499267578125,130.1999969482422,81795880
2022-03-23,132.39999389648438,134.77999877929688,129.23500061035156,133.10000610351562,130552380
2022-03-24,133.09500122070312,135.9499969482422,132.59500122070312,135.05499267578125,94605270
2022-03-25,135.49000549316406,136.60000610351562,133.35499572753906,133.89500427246094,69457440
2022-03-28,134.0,135.5,132.75999450683594,133.89500427246094,46554910
2022-03-29,134.39999389648438,134.61500549316406,132.6999969482422,133.46499633789062,43202370
2022-03-30,133.5,133.55499267578125,130.0,130.80499267578125,58483160
2022-03-31,130.8000030517578,132.0449981689453,130.00999450683594,130.72000122070312,40067950
2022-04-01,131.0,134.08999633789062,130.5449981689453,131.7100067138672,55321590
2022-04-04,131.7100067138672,135.39999389648438,131.44500732421875,134.19000244140625,69670320
2022-04-05,134.84500122070312,135.8000030517578,132.9250030517578,134.49000549316406,63296420
2022-04-06,135.0,138.6699981689453,134.67999267578125,137.0749969482422,114097540
2022-04-07,137.6999969482422,138.10000610351562,134.10000610351562,134.9499969482422,55650640
2022-04-08,136.09500122070312,137.9949951171875,135.625,137.0749969482422,52287710
2022-04-11,137.07000732421875,138.39999389648438,135.3000030517578,135.7899932861328,44778820
2022-04-12,135.3000030517578,135.9949951171875,129.61000061035156,132.02499389648438,69191680
2022-04-13,133.4949951171875,134.60000610351562,131.5,131.9499969482422,44937800
2022-04-18,133.19000244140625,135.80499267578125,132.88499450683594,133.91000366210938,80700420
2022-04-19,135.25999450683594,136.6649932861328,130.89999389648438,132.66000366210938,64772190
2022-04-20,132.97000122070312,133.64500427246094,130.30499267578125,131.4250030517578,54100210
2022-04-21,131.60000610351562,132.27499389648438,128.5850067138672,130.21499633789062,66690280
2022-04-22,130.16000366210938,131.15499877929688,127.375,127.75499725341797,55848230
2022-04-25,125.0,126.29499816894531,121.27999877929688,122.03500366210938,72310460
2022-04-26,123.5,124.16999816894531,122.5,123.36000061035156,44812710
2022-04-27,122.69999694824219,125.5,121.04000091552734,124.66999816894531,71209740
2022-04-28,125.94999694824219,126.86499786376953,124.30000305175781,126.08499908447266,51295830
2022-04-29,126.80000305175781,129.1699981689453,126.56500244140625,127.1050033569336,57173520
2022-05-02,125.69999694824219,130.27499389648438,124.875,129.52000427246094,54426170
2022-05-04,132.72999572753906,133.0,125.44999694824219,126.13500213623047,138374020
2022-05-05,128.0,131.64999389648438,127.80000305175781,128.4250030517578,87338160
2022-05-06,126.80000305175781,129.0,124.30000305175781,128.3699951171875,69256760
2022-05-09,126.0,127.41999816894531,124.4000015258789,125.2249984741211,50552970
2022-05-10,125.0999984741211,125.46499633789062,115.8550033569336,116.48999786376953,145537420
2022-05-11,117.5,119.08999633789062,112.33999633789062,116.56999969482422,107063150
2022-05-12,115.69000244140625,116.23999786376953,110.30000305175781,111.7699966430664,94191610
2022-05-13,113.5,115.18000030517578,109.19999694824219,109.69999694824219,82924410
2022-05-16,111.9000015258789,113.4800033569336,109.4000015258789,110.3499984741211,62665270
2022-05-17,112.4000015258789,119.72000122070312,111.53500366210938,118.87000274658203,112876010
2022-05-18,119.69999694824219,120.9000015258789,117.5,118.0250015258789,81575800
2022-05-19,115.0999984741211,115.48999786376953,111.5199966430664,112.21499633789062,66545630
2022-05-20,116.23500061035156,117.83999633789062,114.12000274658203,117.05999755859375,65527500
2022-05-23,109.69999694824219,109.69999694824219,100.15499877929688,102.29499816894531,273883460
2022-05-24,103.0999984741211,103.98999786376953,100.19999694824219,100.63500213623047,123116660
2022-05-25,100.63500213623047,101.83499908447266,99.18000030517578,99.91000366210938,99343400
2022-05-26,100.69999694824219,106.75499725341797,99.5250015258789,105.19999694824219,150536730
2022-05-27,106.25,106.76499938964844,103.19999694824219,104.3499984741211,74772200
2022-05-30,105.9000015258789,106.37999725341797,104.3499984741211,104.74500274658203,72701590
2022-05-31,104.5,107.19000244140625,103.69999694824219,105.56500244140625,121248850
2022-06-01,106.55000305175781,107.9000015258789,105.33000183105469,106.3550033569336,94055290
2022-06-02,106.7750015258789,108.4749984741211,105.91000366210938,108.15499877929688,79177040
2022-06-03,109.19999694824219,109.27999877929688,106.5,106.7300033569336,53954860
2022-06-06,106.5,108.29000091552734,104.91999816894531,107.80999755859375,57262490
2022-06-07,106.69999694824219,108.1500015258789,106.3550033569336,106.8499984741211,43341570
2022-06-08,108.0999984741211,108.88999938964844,107.40499877929688,108.67500305175781,64734340
2022-06-09,107.49500274658203,108.7249984741211,104.12000274658203,104.48500061035156,98547810
2022-06-10,103.0,103.13999938964844,101.06500244140625,102.37000274658203,95225630
2022-06-13,100.43000030517578,101.19999694824219,99.0,99.19499969482422,82235750
2022-06-14,98.82499694824219,101.37000274658203,98.55500030517578,99.61499786376953,77202600
2022-06-15,95.3949966430664,97.42500305175781,95.06500244140625,95.95500183105469,92443330
2022-06-16,97.5,97.5,89.81999969482422,90.16999816894531,122741050
2022-06-17,89.80000305175781,92.73999786376953,89.55000305175781,90.66999816894531,121290260
2022-06-20,90.5,90.5,84.26499938964844,86.13999938964844,139866890
2022-06-21,87.5,89.55000305175781,86.4000015258789,88.4800033569336,124526970
2022-06-22,87.29499816894531,87.38500213623047,83.56999969482422,83.80999755859375,109877390
2022-06-23,84.0,85.59500122070312,82.69999694824219,84.12999725341797,111515840
2022-06-24,85.0,86.4749984741211,84.46499633789062,85.28500366210938,85433810
2022-06-27,87.05000305175781,87.88500213623047,86.30500030517578,86.78500366210938,72814730
2022-06-28,86.5999984741211,88.44000244140625,86.04000091552734,87.88999938964844,84647330
2022-06-29,87.0,88.87999725341797,86.8499984741211,88.16000366210938,72318470
2022-06-30,88.1500015258789,89.44999694824219,86.33000183105469,86.70500183105469,84672090
2022-07-01,86.69499969482422,87.5,85.91000366210938,87.28500366210938,54761890
2022-07-04,86.8499984741211,87.12000274658203,84.33000183105469,85.45500183105469,77554410
2022-07-05,86.19999694824219,87.91999816894531,85.77999877929688,86.01499938964844,79058290
2022-07-06,85.84500122070312,86.11000061035156,83.80500030517578,85.81500244140625,81439710
2022-07-07,86.69999694824219,90.65499877929688,85.8499984741211,90.0,111007940
2022-07-08,91.79000091552734,91.79000091552734,88.05000305175781,88.58999633789062,112000630
2022-07-11,88.5199966430664,92.9000015258789,87.50499725341797,91.2750015258789,150193340
2022-07-12,90.48999786376953,91.59500122070312,89.36000061035156,90.20999908447266,100175050
2022-07-13,90.59500122070312,91.41999816894531,90.06500244140625,90.48500061035156,70135110
2022-07-14,91.0,91.0999984741211,89.5,90.80000305175781,74498580
2022-07-15,90.5,91.02999877929688,87.75,88.37999725341797,81253510
2022-07-18,89.69999694824219,90.80000305175781,89.2249984741211,90.43000030517578,73060810
2022-07-19,90.0999984741211,92.19000244140625,90.0999984741211,91.94499969482422,85341580
2022-07-20,93.59500122070312,93.80000305175781,92.5199966430664,92.84500122070312,77088650
2022-07-21,93.0,93.88500213623047,92.44999694824219,93.43000030517578,50877140
2022-07-22,94.25,94.4000015258789,93.19999694824219,93.6050033569336,48608940
2022-07-25,93.5,96.48500061035156,93.36000061035156,96.06999969482422,99635630
2022-07-26,97.19999694824219,97.66999816894531,94.6050033569336,94.94999694824219,126264690
2022-07-27,95.0999984741211,96.15499877929688,94.36000061035156,95.94000244140625,52559020
2022-07-28,98.0999984741211,102.0,97.1500015258789,100.3499984741211,137156107
2022-07-29,103.0,109.30000305175781,102.1500015258789,107.5999984741211,166959934
2022-08-01,110.5,111.44999694824219,106.1500015258789,108.25,125365761
2022-08-02,108.0,108.0,105.3499984741211,107.0,64935371
2022-08-03,107.0,108.44999694824219,106.0,107.05000305175781,61428846
2022-08-04,107.5,109.5,106.05000305175781,107.69999694824219,79526154
2022-08-05,107.6500015258789,109.25,107.0999984741211,107.3499984741211,54469112
2022-08-08,107.8499984741211,108.1500015258789,106.69999694824219,107.19999694824219,41384943
2022-08-10,107.9000015258789,109.9000015258789,106.5,109.19999694824219,73880698
2022-08-11,110.30000305175781,110.6500015258789,108.5999984741211,109.0999984741211,75321498
2022-08-12,109.3499984741211,112.9000015258789,108.80000305175781,112.6500015258789,95942333
2022-08-16,113.69999694824219,113.69999694824219,111.0999984741211,113.0,69207437
2022-08-17,113.5,113.5,112.25,112.5,54008422
2022-08-18,112.5,113.0,111.4000015258789,112.55000305175781,49396425
2022-08-19,112.55000305175781,112.9000015258789,109.55000305175781,110.05000305175781,57134813
2022-08-22,109.5,109.5999984741211,104.69999694824219,105.05000305175781,74037526
2022-08-23,104.19999694824219,108.25,103.5,107.5999984741211,70531639
2022-08-24,107.55000305175781,108.1500015258789,105.75,106.55000305175781,55686404
2022-08-25,107.05000305175781,107.9000015258789,105.75,106.25,42186335
2022-08-26,107.25,109.19999694824219,107.0999984741211,107.3499984741211,71257092
2022-08-29,104.05000305175781,105.6500015258789,103.25,104.8499984741211,59895805
2022-08-30,106.5,108.5,106.05000305175781,108.30000305175781,67401780
2022-09-01,107.0,107.75,105.9000015258789,106.4000015258789,52454732
2022-09-02,107.0,107.0,105.0,105.5,45601352
2022-09-05,106.05000305175781,107.30000305175781,105.80000305175781,106.9000015258789,40352735
2022-09-06,107.4000015258789,108.80000305175781,106.05000305175781,108.5999984741211,59505849
2022-09-07,107.55000305175781,108.9000015258789,107.0999984741211,107.5999984741211,43945660
2022-09-08,108.4000015258789,108.4000015258789,105.3499984741211,105.8499984741211,71228405
2022-09-09,107.0,107.3499984741211,105.5,105.69999694824219,63647166
2022-09-12,106.80000305175781,107.94999694824219,106.5,107.75,40838533
2022-09-13,108.0,108.69999694824219,107.55000305175781,107.75,44179394
2022-09-14,106.30000305175781,110.4000015258789,105.80000305175781,109.1500015258789,86379872
2022-09-15,108.6500015258789,109.0,106.5,107.0,62926791
2022-09-16,106.19999694824219,107.5,105.0,105.69999694824219,107967267
2022-09-19,106.19999694824219,106.19999694824219,103.0,103.0999984741211,51146568
2022-09-20,104.19999694824219,106.3499984741211,104.0,105.80000305175781,52140254
2022-09-21,105.80000305175781,107.19999694824219,104.30000305175781,104.44999694824219,46142823
2022-09-22,104.44999694824219,105.30000305175781,103.5,103.5999984741211,61380323
2022-09-23,106.19999694824219,107.9000015258789,103.75,104.30000305175781,109765520
2022-09-26,104.4000015258789,104.44999694824219,98.5,99.8499984741211,101291962
2022-09-27,101.3499984741211,101.3499984741211,96.5,97.6500015258789,104949032
2022-09-28,96.55000305175781,97.8499984741211,95.0,95.19999694824219,71724106
2022-09-29,97.0,98.25,96.4000015258789,96.8499984741211,60884592
2022-09-30,96.8499984741211,100.4000015258789,95.69999694824219,99.30000305175781,66436616
2022-10-03,99.5999984741211,99.6500015258789,98.0,98.3499984741211,37282313
2022-10-04,100.30000305175781,101.5,100.0,101.1500015258789,40186702
2022-10-06,102.0,103.80000305175781,101.75,103.55000305175781,48169310
2022-10-07,103.30000305175781,103.5,101.9000015258789,103.30000305175781,36080875
2022-10-10,102.0,103.5,101.1500015258789,103.19999694824219,36641275
2022-10-11,103.55000305175781,103.6500015258789,99.80000305175781,100.3499984741211,41083734
2022-10-12,100.3499984741211,101.19999694824219,99.0,100.55000305175781,41357469
2022-10-13,101.0999984741211,101.80000305175781,98.80000305175781,100.0999984741211,34668093
2022-10-14,101.8499984741211,102.80000305175781,99.9000015258789,100.0999984741211,32456805
2022-10-17,99.75,100.4000015258789,98.0999984741211,99.55000305175781,37568783
2022-10-18,100.30000305175781,101.0,99.80000305175781,100.6500015258789,30722156
2022-10-19,100.5999984741211,101.25,99.69999694824219,100.05000305175781,38764542
2022-10-20,99.5,101.19999694824219,98.80000305175781,100.9000015258789,38091315
2022-10-21,100.8499984741211,101.44999694824219,99.3499984741211,100.19999694824219,30973997
2022-10-24,102.0,102.0999984741211,101.0,101.19999694824219,7480281
2022-10-25,101.1500015258789,102.5,100.69999694824219,101.19999694824219,37163180
2022-10-27,102.25,104.6500015258789,102.05000305175781,104.19999694824219,74349009
2022-10-28,104.0999984741211,104.5999984741211,100.80000305175781,101.5999984741211,51006232
2022-10-31,101.9000015258789,102.1500015258789,100.30000305175781,101.55000305175781,38715841
2022-11-01,98.55000305175781,101.44999694824219,98.55000305175781,101.19999694824219,69031178
2022-11-02,101.0,103.0,100.80000305175781,101.25,42336049
2022-11-03,100.75,102.44999694824219,100.0,102.0,39110676
2022-11-04,102.5,105.0,102.19999694824219,104.75,70299020
2022-11-07,105.9000015258789,107.44999694824219,104.5999984741211,106.69999694824219,74426059
2022-11-09,107.25,107.55000305175781,105.55000305175781,106.0999984741211,38295904
2022-11-10,105.19999694824219,106.0,104.44999694824219,104.69999694824219,27864285
2022-11-11,106.25,108.19999694824219,106.25,107.55000305175781,77933417
2022-11-14,108.5,110.0,108.25,108.69999694824219,55474425
2022-11-15,109.0,109.3499984741211,107.19999694824219,108.55000305175781,35007427
2022-11-16,108.44999694824219,108.80000305175781,105.19999694824219,106.55000305175781,40404167
2022-11-17,105.9000015258789,106.80000305175781,104.5,105.8499984741211,32894825
2022-11-18,105.8499984741211,106.30000305175781,104.69999694824219,105.5,28992538
2022-11-21,107.69999694824219,107.69999694824219,103.8499984741211,104.25,58404309
2022-11-22,104.4000015258789,105.4000015258789,103.55000305175781,105.19999694824219,27846186
2022-11-23,105.69999694824219,106.0,104.94999694824219,105.44999694824219,22809651
2022-11-24,105.8499984741211,105.94999694824219,104.5999984741211,105.5,23737867
2022-11-25,105.5999984741211,106.5,105.0999984741211,106.19999694824219,27361785
2022-11-28,106.0,106.4000015258789,104.5,104.9000015258789,33516118
2022-11-29,105.0,107.6500015258789,104.94999694824219,106.0999984741211,40661568
2022-11-30,106.0999984741211,107.94999694824219,105.9000015258789,107.6500015258789,61142050
2022-12-01,108.69999694824219,111.30000305175781,108.0,110.75,91702642
2022-12-02,110.80000305175781,112.5,110.1500015258789,112.0,70541914
2022-12-05,113.30000305175781,116.0999984741211,112.6500015258789,115.8499984741211,96441799
2022-12-06,115.3499984741211,115.3499984741211,112.25,112.94999694824219,50581245
2022-12-07,113.4000015258789,113.5,110.8499984741211,111.19999694824219,39494279
2022-12-08,111.75,113.0,110.80000305175781,111.8499984741211,32416724
2022-12-09,112.80000305175781,113.75,109.69999694824219,110.44999694824219,35665257
2022-12-12,110.19999694824219,112.0999984741211,108.69999694824219,111.69999694824219,37082389
2022-12-13,112.55000305175781,112.8499984741211,110.80000305175781,111.19999694824219,32264080
2022-12-14,111.5999984741211,113.19999694824219,111.0999984741211,113.05000305175781,38606984
2022-12-15,112.6500015258789,113.44999694824219,110.69999694824219,110.94999694824219,34361613
2022-12-16,110.3499984741211,112.0999984741211,109.44999694824219,111.05000305175781,34736665
2022-12-19,111.05000305175781,112.0999984741211,110.80000305175781,111.80000305175781,17297590
2022-12-20,111.1500015258789,111.5,109.0,110.94999694824219,34836506
2022-12-21,111.80000305175781,112.0,108.69999694824219,109.4000015258789,32303565
2022-12-22,110.0,110.5999984741211,106.3499984741211,107.6500015258789,39639329
2022-12-23,106.0,106.75,101.94999694824219,102.25,46756489
2022-12-26,102.80000305175781,105.55000305175781,101.6500015258789,105.0,33995681
2022-12-27,106.6500015258789,111.55000305175781,105.8499984741211,111.1500015258789,76033410
2022-12-28,111.05000305175781,112.30000305175781,109.69999694824219,110.0,50660601
2022-12-29,109.0,112.0,108.8499984741211,111.75,51751642
2022-12-30,112.9000015258789,114.75,112.0999984741211,112.6500015258789,56048485
2023-01-02,114.4000015258789,119.69999694824219,113.75,119.25,143444095
2023-01-03,119.80000305175781,120.5,117.75,118.44999694824219,74419090
2023-01-04,118.75,119.05000305175781,115.3499984741211,115.75,55634568
2023-01-05,116.5,117.0,114.5,116.55000305175781,58806907
2023-01-06,117.0,117.8499984741211,115.25,115.6500015258789,58551863
2023-01-09,116.9000015258789,118.0999984741211,116.55000305175781,117.55000305175781,37763131
2023-01-10,117.6500015258789,119.75,117.55000305175781,118.8499984741211,56750710
2023-01-11,119.44999694824219,120.3499984741211,118.0,118.8499984741211,49321252
2023-01-12,118.94999694824219,119.25,117.5999984741211,118.0999984741211,33740024
2023-01-13,118.55000305175781,121.5999984741211,118.1500015258789,120.44999694824219,68884010
2023-01-16,121.44999694824219,121.44999694824219,118.80000305175781,119.94999694824219,44362359
2023-01-17,119.75,119.9000015258789,118.0,119.3499984741211,27880531
2023-01-18,120.0,123.0,120.0,122.44999694824219,64749065
2023-01-19,121.80000305175781,124.30000305175781,121.1500015258789,123.55000305175781,53564076
2023-01-20,123.4000015258789,124.19999694824219,122.0,122.94999694824219,37784498
2023-01-23,123.4000015258789,123.8499984741211,121.5,122.0,28601260
2023-01-24,122.5,122.55000305175781,120.0999984741211,120.4000015258789,27707765
2023-01-25,120.3499984741211,122.25,120.0999984741211,121.0,46522102
2023-01-27,121.9000015258789,123.25,119.0999984741211,120.6500015258789,58771746
2023-01-30,120.44999694824219,121.0999984741211,116.9000015258789,118.75,46551837
2023-01-31,118.75,120.44999694824219,117.75,119.69999694824219,43986769
2023-02-01,120.0999984741211,124.1500015258789,119.30000305175781,122.05000305175781,72919626
2023-02-02,121.94999694824219,122.5,118.4000015258789,119.94999694824219,38768010
2023-02-03,120.05000305175781,121.0,117.19999694824219,120.3499984741211,46977350
2023-02-06,120.0,120.0,117.0,117.44999694824219,49546361
2023-02-07,112.5999984741211,115.3499984741211,110.55000305175781,111.44999694824219,110953246
2023-02-08,111.44999694824219,112.75,110.0999984741211,111.44999694824219,66523699
2023-02-09,112.1500015258789,112.94999694824219,109.94999694824219,111.25,64710455
2023-02-10,111.0,111.25,108.30000305175781,108.80000305175781,60810058
2023-02-13,108.80000305175781,110.5999984741211,108.4000015258789,108.75,56186469
2023-02-14,109.55000305175781,109.9000015258789,108.25,109.25,31163587
2023-02-15,109.0,110.5999984741211,108.80000305175781,110.30000305175781,35544190
2023-02-16,111.0,112.19999694824219,110.6500015258789,112.0,30956191
2023-02-17,111.55000305175781,113.0999984741211,111.30000305175781,112.25,34107244
2023-02-20,112.30000305175781,112.69999694824219,111.05000305175781,112.3499984741211,19896764
2023-02-21,112.9000015258789,114.19999694824219,112.75,113.1500015258789,29830864
2023-02-22,113.25,113.69999694824219,110.6500015258789,111.1500015258789,24391211
2023-02-23,111.55000305175781,113.6500015258789,111.3499984741211,112.05000305175781,30845778
2023-02-24,112.5,112.9000015258789,109.55000305175781,109.75,34326940
2023-02-27,109.80000305175781,110.05000305175781,105.1500015258789,106.0999984741211,56217189
2023-02-28,106.8499984741211,107.05000305175781,103.55000305175781,103.94999694824219,76540448
2023-03-01,104.69999694824219,107.0999984741211,104.5,105.5,76175319
2023-03-02,106.05000305175781,106.9000015258789,104.3499984741211,104.6500015258789,55276248
2023-03-03,106.0,107.44999694824219,105.0,107.0,117175295
2023-03-06,107.5,107.5999984741211,105.0,105.6500015258789,106868143
2023-03-08,105.30000305175781,106.9000015258789,104.0,106.5,43939583
2023-03-09,107.8499984741211,108.94999694824219,107.5,108.19999694824219,51967449
2023-03-10,107.0,108.3499984741211,106.5999984741211,108.0999984741211,47699832
2023-03-13,108.25,109.0,106.3499984741211,106.80000305175781,34552596
2023-03-14,107.0,108.55000305175781,106.19999694824219,106.4000015258789,48584984
2023-03-15,107.5,109.1500015258789,107.4000015258789,108.6500015258789,38930902
2023-03-16,107.25,107.25,103.69999694824219,105.05000305175781,81088340
2023-03-17,106.44999694824219,107.3499984741211,105.0,107.0,48962238
2023-03-20,106.0999984741211,106.44999694824219,103.8499984741211,104.5,41569640
2023-03-21,105.0999984741211,105.4000015258789,104.30000305175781,104.75,26434897
2023-03-22,104.75,105.94999694824219,104.4000015258789,104.80000305175781,25891259
2023-03-23,104.4000015258789,105.5,104.3499984741211,104.9000015258789,20913844
2023-03-24,105.0,105.05000305175781,101.55000305175781,102.0999984741211,39014278
2023-03-27,102.55000305175781,103.4000015258789,102.0999984741211,102.30000305175781,24753289
2023-03-28,102.8499984741211,103.0999984741211,102.3499984741211,102.5,18703734
2023-03-29,102.5,104.5,101.6500015258789,103.5999984741211,37221124
2023-03-31,105.0,105.5,104.0999984741211,104.5,34579415
2023-04-03,105.0999984741211,105.25,103.80000305175781,104.0999984741211,21840428
2023-04-05,104.0999984741211,105.0,103.19999694824219,104.8499984741211,25194802
2023-04-06,104.8499984741211,105.0999984741211,104.19999694824219,104.3499984741211,21053782
2023-04-10,104.5,105.75,104.5,104.94999694824219,19992257
2023-04-11,105.55000305175781,107.8499984741211,105.0999984741211,107.55000305175781,49304956
2023-04-12,108.19999694824219,108.4000015258789,106.94999694824219,107.5999984741211,27349538
2023-04-13,107.5,108.1500015258789,105.9000015258789,107.5,34880922
2023-04-17,107.5999984741211,108.30000305175781,106.75,107.1500015258789,24642162
2023-04-18,107.19999694824219,107.9000015258789,106.8499984741211,107.5999984741211,25476339
2023-04-19,107.8499984741211,110.4000015258789,107.75,108.0999984741211,62100775
2023-04-20,108.19999694824219,108.69999694824219,107.4000015258789,108.0,18337948
2023-04-21,108.0,108.0999984741211,105.3499984741211,106.1500015258789,37638506
2023-04-24,106.4000015258789,106.69999694824219,105.3499984741211,106.5,23475012
2023-04-25,106.69999694824219,107.5999984741211,106.25,107.05000305175781,23333425
2023-04-26,106.5,107.05000305175781,105.8499984741211,106.8499984741211,23590297
2023-04-27,106.30000305175781,107.8499984741211,106.30000305175781,107.6500015258789,22364308
2023-04-28,107.80000305175781,108.5,107.30000305175781,107.94999694824219,30072920
2023-05-02,108.0,110.8499984741211,108.0,110.30000305175781,52822162
2023-05-03,109.80000305175781,111.0,108.75,109.69999694824219,51272624
2023-05-04,110.0,111.9000015258789,109.5,111.05000305175781,38636907
2023-05-05,110.8499984741211,110.8499984741211,108.4000015258789,108.6500015258789,32958346
2023-05-08,109.25,109.8499984741211,108.25,109.55000305175781,23130472
2023-05-09,109.5999984741211,111.19999694824219,109.1500015258789,109.55000305175781,27999202
2023-05-10,109.5999984741211,110.0,108.5999984741211,109.25,19213215
2023-05-11,109.19999694824219,109.5,108.25,108.55000305175781,19817637
2023-05-12,108.3499984741211,108.4000015258789,106.55000305175781,106.75,36794838
2023-05-15,107.05000305175781,108.19999694824219,105.6500015258789,107.69999694824219,22148028
2023-05-16,108.19999694824219,108.6500015258789,107.19999694824219,107.4000015258789,18587658
2023-05-17,107.4000015258789,107.5,105.55000305175781,106.0,28895465
2023-05-18,106.5,107.1500015258789,105.0999984741211,105.19999694824219,24208481
2023-05-19,105.5999984741211,105.69999694824219,104.05000305175781,104.6500015258789,29848841
2023-05-22,105.0,105.25,104.30000305175781,105.0,21588716
2023-05-23,105.0999984741211,106.05000305175781,105.0,105.5999984741211,21304034
2023-05-24,105.0999984741211,105.80000305175781,104.9000015258789,105.19999694824219,28454367
2023-05-25,105.0,105.19999694824219,104.30000305175781,104.8499984741211,25885062
2023-05-26,105.0,106.75,104.94999694824219,106.4000015258789,28362042
2023-05-29,107.0,108.8499984741211,106.30000305175781,108.44999694824219,41062311
2023-05-30,108.94999694824219,108.94999694824219,106.9000015258789,107.05000305175781,33475211
2023-05-31,106.4000015258789,106.94999694824219,105.5999984741211,105.80000305175781,41249944
2023-06-01,105.9000015258789,106.69999694824219,105.80000305175781,105.94999694824219,21211538
2023-06-02,106.5,108.30000305175781,106.5,108.0,46686933
2023-06-05,108.6500015258789,109.9000015258789,107.80000305175781,109.4000015258789,39642539
2023-06-06,109.75,109.8499984741211,108.30000305175781,109.0,26751372
2023-06-07,109.5,111.75,108.9000015258789,111.5,45157197
2023-06-08,111.5,113.0,110.94999694824219,111.1500015258789,46380294
2023-06-09,111.25,111.6500015258789,108.6500015258789,108.9000015258789,36392617
2023-06-12,109.1500015258789,110.5999984741211,109.1500015258789,109.5,23472313
2023-06-13,110.0,111.8499984741211,109.6500015258789,111.1500015258789,30018212
2023-06-14,111.5,114.0,111.4000015258789,113.80000305175781,66696433
2023-06-15,113.9000015258789,114.19999694824219,113.25,113.75,39430138
2023-06-16,114.4000015258789,114.80000305175781,113.8499984741211,114.25,31715807
2023-06-19,115.44999694824219,115.5999984741211,113.05000305175781,114.0999984741211,33502185
2023-06-20,114.0999984741211,115.25,113.5,114.25,30371599
2023-06-21,114.9000015258789,114.9000015258789,112.8499984741211,113.9000015258789,35627983
2023-06-22,110.5999984741211,112.19999694824219,110.55000305175781,111.0999984741211,34769987
2023-06-23,110.5,110.75,109.19999694824219,109.5999984741211,22190233
2023-06-26,109.5999984741211,110.19999694824219,108.0999984741211,109.8499984741211,25332751
2023-06-27,110.5999984741211,111.5,110.1500015258789,110.75,24129403
2023-06-28,111.5,112.05000305175781,110.9000015258789,111.55000305175781,23895274
2023-06-30,111.5999984741211,112.19999694824219,110.4000015258789,112.0,26741918
2023-07-03,112.25,114.25,112.05000305175781,113.0999984741211,30979256
2023-07-04,113.19999694824219,113.4000015258789,112.0999984741211,112.4000015258789,25080307
2023-07-05,112.55000305175781,113.55000305175781,112.19999694824219,112.94999694824219,27877180
2023-07-06,112.0,112.8499984741211,111.5,112.6500015258789,34320086
2023-07-07,112.0,113.30000305175781,111.25,111.5999984741211,30034274
2023-07-10,112.25,115.69999694824219,111.6500015258789,115.30000305175781,60652690
2023-07-11,115.5999984741211,116.0999984741211,114.80000305175781,115.1500015258789,37999385
2023-07-12,115.1500015258789,116.05000305175781,114.0,114.69999694824219,32771204
2023-07-13,116.0,116.94999694824219,114.5,114.8499984741211,44847814
2023-07-14,115.69999694824219,117.9000015258789,114.80000305175781,117.1500015258789,34521821
2023-07-17,117.94999694824219,119.3499984741211,117.0999984741211,117.75,49115369
2023-07-18,118.0,118.1500015258789,116.4000015258789,116.5999984741211,23433431
2023-07-19,116.69999694824219,117.19999694824219,116.0999984741211,116.69999694824219,17222355
2023-07-20,116.69999694824219,117.25,116.3499984741211,116.94999694824219,22303831
2023-07-21,116.5999984741211,117.94999694824219,115.5,116.5999984741211,31546136
2023-07-24,116.5,116.5,114.3499984741211,115.5,38113555
2023-07-25,115.0,119.9000015258789,114.3499984741211,119.25,88035259
2023-07-26,119.80000305175781,120.5999984741211,118.8499984741211,119.94999694824219,29716336
2023-07-27,120.25,121.44999694824219,119.1500015258789,119.80000305175781,39664251
2023-07-28,120.19999694824219,121.0999984741211,118.69999694824219,120.5999984741211,33996691
2023-07-31,120.5999984741211,123.8499984741211,120.5999984741211,123.1500015258789,52330311
2023-08-01,123.55000305175781,124.1500015258789,122.55000305175781,123.19999694824219,27863562
2023-08-02,122.9000015258789,122.9000015258789,118.25,118.94999694824219,54951586
2023-08-03,118.69999694824219,119.6500015258789,117.5,118.19999694824219,34624188
2023-08-04,119.4000015258789,119.75,118.0,119.0,22303966
2023-08-07,119.5999984741211,119.5999984741211,118.0,118.8499984741211,20711952
2023-08-08,119.0,119.5,117.94999694824219,118.1500015258789,21275054
2023-08-09,118.3499984741211,120.5,116.9000015258789,120.19999694824219,34154214
2023-08-10,120.0,120.6500015258789,119.25,120.0,24439101
2023-08-11,120.30000305175781,121.4000015258789,119.1500015258789,120.30000305175781,26337436
2023-08-14,120.30000305175781,120.4000015258789,117.3499984741211,118.1500015258789,33095516
2023-08-16,117.94999694824219,117.94999694824219,115.4000015258789,115.94999694824219,31252473
2023-08-17,115.9000015258789,116.80000305175781,114.69999694824219,116.05000305175781,28461865
2023-08-18,116.30000305175781,116.4000015258789,114.75,115.80000305175781,30381609
2023-08-21,116.75,117.0999984741211,115.8499984741211,116.9000015258789,22629651
2023-08-22,117.1500015258789,117.75,116.5,117.55000305175781,17343131
2023-08-23,117.8499984741211,119.25,117.6500015258789,118.94999694824219,43744909
2023-08-24,119.5,120.0999984741211,118.05000305175781,118.25,27103446
2023-08-25,118.0,118.1500015258789,116.69999694824219,116.9000015258789,23692527
2023-08-28,117.0,118.25,117.0,117.5999984741211,19218821
2023-08-29,118.5,120.1500015258789,117.75,119.55000305175781,36038317
2023-08-30,120.5,122.69999694824219,120.25,122.0999984741211,51467177
2023-08-31,122.8499984741211,123.5999984741211,122.1500015258789,122.9000015258789,60626985
2023-09-01,123.5,128.6999969482422,123.4000015258789,127.05000305175781,76460408
2023-09-04,129.1999969482422,132.89999389648438,128.85000610351562,131.75,68525900
2023-09-05,131.75,132.4499969482422,128.85000610351562,131.6999969482422,36466807
2023-09-06,132.39999389648438,132.39999389648438,128.1999969482422,129.60000610351562,36058850
2023-09-07,129.5,130.8000030517578,128.60000610351562,130.14999389648438,30268235
2023-09-08,131.39999389648438,131.64999389648438,129.1999969482422,129.5,34313523
2023-09-11,129.5,131.85000610351562,129.1999969482422,131.14999389648438,33377857
2023-09-12,132.8000030517578,133.14999389648438,128.64999389648438,129.0,38065283
2023-09-13,129.60000610351562,130.5,127.69999694824219,129.5500030517578,23371459
2023-09-14,131.0,134.1999969482422,130.8000030517578,131.6999969482422,58800620
2023-09-15,132.60000610351562,133.3000030517578,129.85000610351562,131.9499969482422,85058495
2023-09-18,135.0,135.0,130.0500030517578,130.4499969482422,62420823
2023-09-20,130.4499969482422,131.8000030517578,128.0,128.3000030517578,43627379
2023-09-21,128.3000030517578,129.25,127.19999694824219,127.80000305175781,29826091
2023-09-22,127.1500015258789,128.6999969482422,125.5,126.75,34059194
2023-09-25,127.30000305175781,128.3000030517578,126.0999984741211,127.4000015258789,23466981
2023-09-26,129.0,130.5500030517578,128.39999389648438,128.89999389648438,48936598
2023-09-27,128.75,128.75,126.69999694824219,128.14999389648438,33277329
2023-09-28,128.35000610351562,129.3000030517578,126.30000305175781,126.80000305175781,29982233
2023-09-29,128.1999969482422,129.5500030517578,127.55000305175781,128.89999389648438,28406435
2023-10-03,129.0,129.10000610351562,127.25,128.0,18613557
2023-10-04,127.0,127.0999984741211,124.5,125.30000305175781,33272725
2023-10-05,125.9000015258789,126.1500015258789,124.55000305175781,125.25,27063441
2023-10-06,126.5,127.0,125.0999984741211,125.9000015258789,21928671
2023-10-09,124.80000305175781,124.9000015258789,122.5999984741211,123.8499984741211,21457836
2023-10-10,124.69999694824219,125.9000015258789,123.75,125.30000305175781,28745957
2023-10-11,126.0,126.30000305175781,124.69999694824219,124.94999694824219,24455932
2023-10-12,125.3499984741211,126.9000015258789,125.0999984741211,125.9000015258789,19361688
2023-10-13,125.0,125.75,124.0,125.05000305175781,26912800
2023-10-16,125.0999984741211,127.25,124.94999694824219,127.0,23868700
2023-10-17,127.9000015258789,128.5500030517578,127.0,127.4000015258789,24241710
2023-10-18,127.8499984741211,128.6999969482422,126.5999984741211,127.0999984741211,20926079
2023-10-19,125.5,126.5,124.3499984741211,126.0,30941319
2023-10-20,125.0,125.75,122.69999694824219,123.0999984741211,30746140
2023-10-23,123.3499984741211,123.4000015258789,119.69999694824219,120.0,30699479
2023-10-25,121.19999694824219,122.80000305175781,120.75,121.3499984741211,27346103
2023-10-26,120.8499984741211,120.9000015258789,118.9000015258789,119.9000015258789,36298907
2023-10-27,120.5,121.80000305175781,119.5,119.9000015258789,28424007
2023-10-30,121.05000305175781,121.25,118.94999694824219,119.1500015258789,18753217
2023-10-31,120.0,120.1500015258789,118.4000015258789,118.75,22319950
2023-11-01,119.0,119.0999984741211,116.0,116.5999984741211,24717941
2023-11-02,114.5999984741211,118.55000305175781,114.5999984741211,118.0999984741211,72538804
2023-11-03,118.19999694824219,118.5999984741211,117.0999984741211,117.30000305175781,31747230
2023-11-06,118.5,119.6500015258789,117.5,119.4000015258789,27883152
2023-11-07,119.30000305175781,120.19999694824219,118.4000015258789,119.6500015258789,25818033
2023-11-08,119.75,120.5,118.55000305175781,119.05000305175781,22552386
2023-11-09,119.19999694824219,120.5,118.8499984741211,119.6500015258789,22979112
2023-11-10,119.5,120.44999694824219,118.80000305175781,120.05000305175781,23584510
2023-11-13,120.8499984741211,121.25,119.9000015258789,121.0,17951775
2023-11-15,121.69999694824219,124.4000015258789,121.5,124.05000305175781,38344393
2023-11-16,124.0,125.25,123.0,124.69999694824219,30836413
2023-11-17,124.69999694824219,125.75,124.30000305175781,125.19999694824219,23319439
2023-11-20,125.05000305175781,125.6500015258789,124.05000305175781,124.3499984741211,18780290
2023-11-21,125.05000305175781,126.4000015258789,124.94999694824219,126.25,29643312
2023-11-22,126.4000015258789,126.9000015258789,125.5,126.0999984741211,19588063
2023-11-23,126.3499984741211,127.4000015258789,125.9000015258789,126.69999694824219,30736851
2023-11-24,126.69999694824219,127.0,125.55000305175781,125.94999694824219,14719450
2023-11-28,127.0,127.0,126.0,126.8499984741211,18377843
2023-11-29,127.1500015258789,128.14999389648438,126.69999694824219,127.75,23092165
2023-11-30,127.80000305175781,128.85000610351562,126.5,127.9000015258789,40165104
2023-12-01,128.89999389648438,130.3000030517578,128.0500030517578,130.0,31192397
2023-12-04,132.1999969482422,132.35000610351562,130.39999389648438,131.0,41230928
2023-12-05,131.0,132.4499969482422,130.0,131.60000610351562,35192149
2023-12-06,132.5,133.39999389648438,130.8000030517578,131.85000610351562,40753593
2023-12-07,131.6999969482422,132.1999969482422,129.8000030517578,130.0,34686333
2023-12-08,130.14999389648438,131.39999389648438,127.94999694824219,129.1999969482422,34393711
2023-12-11,129.85000610351562,130.5,128.75,130.0500030517578,24038059
2023-12-12,130.0500030517578,132.14999389648438,129.6999969482422,130.10000610351562,30696410
2023-12-13,130.5500030517578,131.5,129.14999389648438,131.39999389648438,22767972
2023-12-14,132.3000030517578,133.25,131.5,132.0,43372143
2023-12-15,133.39999389648438,136.75,133.0,136.4499969482422,77377446
2023-12-18,136.85000610351562,137.60000610351562,135.10000610351562,136.60000610351562,38461877
2023-12-19,136.64999389648438,137.60000610351562,134.8000030517578,135.39999389648438,27726431
2023-12-20,135.89999389648438,136.14999389648438,128.75,129.75,39495961
2023-12-21,128.6999969482422,131.4499969482422,127.8499984741211,131.0,34914399
2023-12-22,132.39999389648438,134.75,131.75,133.5500030517578,37357334
2023-12-26,134.6999969482422,136.10000610351562,134.4499969482422,135.1999969482422,25936447
2023-12-27,135.85000610351562,138.89999389648438,135.5,137.1999969482422,48101400
2023-12-28,138.14999389648438,138.75,136.85000610351562,138.14999389648438,34661176
2023-12-29,138.60000610351562,141.25,137.14999389648438,139.60000610351562,49202910
2024-01-01,140.0,140.9499969482422,139.0500030517578,139.85000610351562,21186105
2024-01-02,140.5,140.60000610351562,137.0500030517578,139.60000610351562,27764060
2024-01-03,139.5,139.60000610351562,134.35000610351562,135.35000610351562,45176618
2024-01-04,136.0,136.35000610351562,134.0,134.25,43913498
2024-01-05,135.0,135.9499969482422,132.85000610351562,133.64999389648438,71330190
2024-01-08,135.3000030517578,135.9499969482422,131.75,132.0,39559717
2024-01-09,133.5,134.8000030517578,132.5,133.64999389648438,30736868
2024-01-10,133.8000030517578,134.6999969482422,132.10000610351562,134.10000610351562,27213624
2024-01-11,134.85000610351562,135.64999389648438,134.1999969482422,134.89999389648438,23113349
2024-01-12,135.8000030517578,136.25,134.64999389648438,135.3000030517578,32883921
2024-01-15,136.0,136.25,133.9499969482422,134.89999389648438,34158775
2024-01-16,134.6999969482422,138.5,134.0,137.25,56361287
2024-01-17,135.4499969482422,135.75,131.39999389648438,131.64999389648438,58982971
2024-01-18,131.64999389648438,132.25,128.1999969482422,131.0,45273496
2024-01-19,132.60000610351562,134.6999969482422,131.60000610351562,134.25,32653013
2024-01-23,134.8000030517578,135.1999969482422,129.3000030517578,130.10000610351562,35373970
2024-01-24,130.1999969482422,135.5500030517578,130.10000610351562,135.14999389648438,39340119
2024-01-25,136.5,136.5,132.0,133.75,61358839
2024-01-29,134.6999969482422,135.39999389648438,133.5,135.0,29745400
2024-01-30,135.60000610351562,137.6999969482422,134.5,134.6999969482422,35704185
2024-01-31,135.0,136.6999969482422,134.5,135.9499969482422,36079354
2024-02-01,136.39999389648438,136.75,134.5,134.8000030517578,31701793
2024-02-02,135.3000030517578,139.60000610351562,134.8000030517578,138.6999969482422,69296192
2024-02-05,140.0,143.35000610351562,139.35000610351562,141.5500030517578,80737626
2024-02-06,143.0,145.10000610351562,140.4499969482422,144.64999389648438,53192936
2024-02-07,146.85000610351562,147.39999389648438,144.0500030517578,144.39999389648438,61517064
2024-02-08,145.3000030517578,145.64999389648438,143.0500030517578,143.64999389648438,38997666
2024-02-09,144.1999969482422,144.4499969482422,139.14999389648438,141.3000030517578,35961925
2024-02-12,142.0,142.9499969482422,136.64999389648438,137.39999389648438,36477544
2024-02-13,137.75,138.25,134.10000610351562,137.85000610351562,39155909
2024-02-14,137.0,141.5,135.75,141.1999969482422,29141690
2024-02-15,141.5,143.4499969482422,141.0,141.1999969482422,31587387
2024-02-16,142.0500030517578,143.4499969482422,141.5,142.3000030517578,22316127
2024-02-19,142.9499969482422,143.35000610351562,141.35000610351562,141.9499969482422,16973568
2024-02-20,141.9499969482422,142.25,140.0500030517578,141.0500030517578,24291123
2024-02-21,141.5500030517578,146.1999969482422,141.4499969482422,143.89999389648438,88000833
2024-02-22,145.0,146.14999389648438,143.5,145.89999389648438,46728176
2024-02-23,146.39999389648438,147.10000610351562,145.0,145.4499969482422,28414697
2024-02-26,145.85000610351562,145.9499969482422,142.25,142.64999389648438,22570277
2024-02-27,142.64999389648438,144.5,142.0,144.1999969482422,24119469
2024-02-28,144.0500030517578,144.9499969482422,140.0500030517578,140.75,20721926
2024-02-29,140.8000030517578,141.85000610351562,139.39999389648438,140.85000610351562,32248156
2024-03-01,143.0,150.64999389648438,143.0,149.9499969482422,123709943
2024-03-04,154.89999389648438,154.89999389648438,151.0500030517578,153.10000610351562,67577785
2024-03-05,153.1999969482422,154.0,150.75,151.85000610351562,37165490
2024-03-06,151.8000030517578,152.64999389648438,147.89999389648438,151.60000610351562,51782444
2024-03-07,152.39999389648438,159.14999389648438,152.25,157.25,124847699
2024-03-11,158.89999389648438,158.89999389648438,153.0,153.4499969482422,54155385
2024-03-12,154.1999969482422,154.5500030517578,150.89999389648438,152.5,34947937
2024-03-13,152.8000030517578,152.89999389648438,142.5,143.64999389648438,70937597
2024-03-14,143.60000610351562,143.9499969482422,138.35000610351562,142.4499969482422,91956952
2024-03-15,142.89999389648438,143.6999969482422,139.85000610351562,141.6999969482422,68482621
2024-03-18,142.5500030517578,150.25,142.1999969482422,149.6999969482422,166913078
2024-03-19,149.0,152.4499969482422,147.60000610351562,148.75,105004268
2024-03-20,149.60000610351562,150.64999389648438,143.85000610351562,145.64999389648438,77550319
2024-03-21,148.0,151.1999969482422,147.8000030517578,150.10000610351562,84225737
2024-03-22,149.0,152.75,148.35000610351562,151.8000030517578,68241556
2024-03-26,151.14999389648438,153.39999389648438,150.5,152.39999389648438,52965508
2024-03-27,152.4499969482422,154.10000610351562,152.0,152.6999969482422,35328794
2024-03-28,152.6999969482422,157.0,152.6999969482422,155.85000610351562,62575327
2024-04-01,156.8000030517578,163.89999389648438,156.5,163.14999389648438,84583929
2024-04-02,162.9499969482422,165.5,161.8000030517578,164.64999389648438,69533405
2024-04-03,164.64999389648438,166.25,163.10000610351562,163.64999389648438,50938559
2024-04-04,165.5500030517578,165.9499969482422,161.0,163.39999389648438,61094750
2024-04-05,163.89999389648438,164.14999389648438,160.8000030517578,163.35000610351562,44668121
2024-04-08,166.9499969482422,166.9499969482422,164.1999969482422,165.1999969482422,48255703
2024-04-09,166.0,169.8000030517578,165.1999969482422,166.0,63884687
2024-04-10,167.3000030517578,169.1999969482422,164.5,165.0500030517578,64134758
2024-04-12,166.0,166.0,163.0,163.5,55317636
2024-04-15,161.8000030517578,164.6999969482422,158.60000610351562,160.85000610351562,66426404
2024-04-16,160.85000610351562,162.4499969482422,159.0,160.0500030517578,41391261
2024-04-18,160.89999389648438,164.0,159.14999389648438,160.0500030517578,68093672
2024-04-19,160.0,162.5,157.3000030517578,162.10000610351562,60078229
2024-04-22,163.8000030517578,164.6999969482422,161.5,161.85000610351562,39304790
2024-04-23,163.5,163.5,160.8000030517578,161.14999389648438,30295177
2024-04-24,162.4499969482422,166.89999389648438,161.4499969482422,165.5500030517578,59894921
2024-04-25,165.39999389648438,168.0,164.14999389648438,167.6999969482422,50128523
2024-04-26,168.0,170.6999969482422,165.25,165.8000030517578,65355111
2024-04-29,168.1999969482422,169.60000610351562,166.89999389648438,167.39999389648438,44906151
2024-04-30,168.39999389648438,168.39999389648438,164.5,165.0,55043389
2024-05-02,165.0,168.89999389648438,165.0,167.35000610351562,69320283
2024-05-03,168.9499969482422,170.75,165.14999389648438,166.5,62573586
2024-05-06,167.9499969482422,168.64999389648438,164.6999969482422,167.60000610351562,37621296
2024-05-07,167.9499969482422,167.9499969482422,162.3000030517578,164.25,43611824
2024-05-08,164.1999969482422,167.10000610351562,163.5,166.0500030517578,30128705
2024-05-09,165.9499969482422,166.6999969482422,161.5,161.89999389648438,30223088
2024-05-10,163.1999969482422,164.35000610351562,161.85000610351562,162.25,31472419
2024-05-13,162.4499969482422,164.5,158.0500030517578,163.85000610351562,36561003
2024-05-14,164.10000610351562,166.5500030517578,163.5,164.9499969482422,46261468
2024-05-15,164.9499969482422,167.5500030517578,164.9499969482422,165.60000610351562,29601304
2024-05-16,167.25,168.0,162.3000030517578,165.89999389648438,41126570
2024-05-17,166.60000610351562,168.4499969482422,165.4499969482422,167.35000610351562,39181277
2024-05-21,168.5,175.1999969482422,167.9499969482422,174.35000610351562,84833644
2024-05-22,175.4499969482422,175.5,171.5,173.3000030517578,42919832
2024-05-23,173.0500030517578,175.8000030517578,170.5,175.5,49377680
2024-05-24,174.9499969482422,177.5500030517578,174.14999389648438,174.85000610351562,38674485
2024-05-27,177.6999969482422,177.6999969482422,174.85000610351562,175.5,30410585
2024-05-28,175.89999389648438,177.5,173.4499969482422,174.89999389648438,39208456
2024-05-29,174.75,176.0,173.5,174.25,36575550
2024-05-30,172.0,172.0,163.35000610351562,164.14999389648438,108813875
2024-05-31,166.0500030517578,167.9499969482422,164.0,167.1999969482422,83713848
2024-06-03,173.25,175.0,168.85000610351562,174.25,86397540
2024-06-04,174.5,174.64999389648438,148.14999389648438,158.9499969482422,125042158
2024-06-05,162.14999389648438,169.60000610351562,159.0,169.1999969482422,60098501
2024-06-06,170.0,174.6999969482422,169.39999389648438,172.0500030517578,57920819
2024-06-07,172.0,179.64999389648438,170.8000030517578,178.89999389648438,84319867
2024-06-10,180.2100067138672,182.10000610351562,177.36000061035156,180.2899932861328,74286848
2024-06-11,180.5,183.75,180.5,181.3300018310547,55555544
2024-06-12,182.25,183.8699951171875,181.5,182.22999572753906,33304643
2024-06-13,183.39999389648438,184.10000610351562,180.50999450683594,182.55999755859375,36669164
2024-06-14,182.9499969482422,183.5,181.39999389648438,183.14999389648438,28509237
2024-06-18,183.8000030517578,184.60000610351562,180.60000610351562,181.1199951171875,35032118
2024-06-19,182.4499969482422,182.49000549316406,179.30999755859375,180.02000427246094,27476795
2024-06-20,181.60000610351562,182.9499969482422,179.3699951171875,182.27999877929688,38837494
2024-06-21,179.39999389648438,180.89999389648438,178.17999267578125,179.94000244140625,65494855
2024-06-24,177.44000244140625,178.9499969482422,175.10000610351562,177.9600067138672,47597307
2024-06-25,177.99000549316406,179.0,175.25,175.67999267578125,30599989
2024-06-26,175.67999267578125,176.0,171.83999633789062,172.55999755859375,44006436
2024-06-27,172.55999755859375,174.9499969482422,171.8000030517578,174.16000366210938,49767976
2024-06-28,174.1699981689453,177.10000610351562,173.57000732421875,174.00999450683594,37521949
2024-07-01,174.5,175.99000549316406,173.50999450683594,174.07000732421875,27807688
2024-07-02,174.47000122070312,175.75,173.60000610351562,174.5399932861328,33359495
2024-07-03,174.5399932861328,176.8800048828125,174.39999389648438,176.3699951171875,29090492
2024-07-04,177.0,178.19000244140625,175.82000732421875,176.2899932861328,29504744
2024-07-05,176.1999969482422,176.1999969482422,173.39999389648438,174.7100067138672,38123217
2024-07-08,174.60000610351562,175.47000122070312,172.08999633789062,172.27999877929688,31479861
2024-07-09,173.60000610351562,173.6999969482422,171.50999450683594,171.8000030517578,25127904
2024-07-10,172.5,172.88999938964844,167.02000427246094,167.97999572753906,41525591
2024-07-11,170.0,170.9499969482422,168.6699981689453,168.9199981689453,33987236
2024-07-12,170.1999969482422,170.38999938964844,168.00999450683594,168.69000244140625,33311402
2024-07-15,168.69000244140625,168.99000549316406,165.8000030517578,166.75999450683594,32635187
2024-07-16,167.8000030517578,169.82000732421875,166.6999969482422,167.07000732421875,26505901
2024-07-18,167.61000061035156,167.61000061035156,164.44000244140625,166.36000061035156,36568852
2024-07-19,166.0,166.08999633789062,157.1999969482422,157.77000427246094,77987514
2024-07-22,158.39999389648438,160.6999969482422,156.41000366210938,160.32000732421875,40353690
2024-07-23,161.60000610351562,161.97000122070312,155.0,160.02000427246094,37077411
2024-07-24,160.02000427246094,162.02000427246094,159.19000244140625,160.30999755859375,28086566
2024-07-25,158.5,158.5,156.89999389648438,157.38999938964844,45155876
2024-07-26,158.75,162.9499969482422,158.2100067138672,162.5500030517578,45642032
2024-07-29,164.6999969482422,164.6999969482422,162.3300018310547,162.8699951171875,31754833
2024-07-30,162.89999389648438,165.3000030517578,161.30999755859375,164.07000732421875,42824600
2024-07-31,166.2899932861328,166.5,163.5500030517578,165.3300018310547,52769925
2024-08-01,168.1999969482422,168.9499969482422,160.89999389648438,163.05999755859375,118341338
2024-08-02,161.0,161.19000244140625,154.72000122070312,158.22000122070312,72427529
2024-08-05,153.66000366210938,154.0,149.0,149.82000732421875,102883971
2024-08-06,151.2100067138672,153.8000030517578,149.61000061035156,150.32000732421875,53507102
2024-08-07,153.6999969482422,154.3000030517578,151.89999389648438,153.86000061035156,32029697
2024-08-08,153.39999389648438,153.44000244140625,150.0,150.27999877929688,51858615
2024-08-09,153.0,153.0,151.25,151.80999755859375,23290101
2024-08-12,151.0,153.39999389648438,149.8800048828125,152.05999755859375,30550334
2024-08-13,152.10000610351562,152.9499969482422,148.5,148.8800048828125,29396493
2024-08-14,149.89999389648438,149.89999389648438,142.35000610351562,146.1699981689453,97911180
2024-08-16,148.0,150.0,146.4600067138672,149.52000427246094,54131721
2024-08-19,150.85000610351562,154.3000030517578,150.38999938964844,153.9600067138672,62889770
2024-08-20,155.6999969482422,155.6999969482422,152.8000030517578,153.92999267578125,37559016
2024-08-21,153.0,154.17999267578125,151.77000427246094,151.9199981689453,49749381
2024-08-22,152.50999450683594,154.35000610351562,152.50999450683594,154.13999938964844,36719176
2024-08-23,154.0,154.38999938964844,152.5500030517578,154.1999969482422,31490857
2024-08-26,154.61000061035156,156.39999389648438,153.6999969482422,155.6999969482422,32497603
2024-08-27,155.8000030517578,156.5,154.60000610351562,154.6999969482422,24523684
2024-08-28,154.6999969482422,155.0,153.0500030517578,153.6999969482422,25195197
2024-08-29,153.2100067138672,153.55999755859375,151.1999969482422,152.97000122070312,44452983
2024-08-30,153.0,155.25,152.47000122070312,152.75999450683594,55134023
2024-09-02,153.89999389648438,153.89999389648438,152.13999938964844,152.8800048828125,19200143
2024-09-03,152.83999633789062,153.4499969482422,152.00999450683594,152.14999389648438,19780066
2024-09-04,149.5,152.17999267578125,149.16000366210938,151.17999267578125,39613696
2024-09-05,151.0,152.7899932861328,151.0,151.72000122070312,28347324
2024-09-06,151.94000244140625,152.89999389648438,149.64999389648438,151.22000122070312,30709532
2024-09-09,150.89999389648438,150.89999389648438,148.0500030517578,149.47000122070312,32624586
2024-09-10,150.5,151.58999633789062,148.80999755859375,149.4199981689453,41607844
2024-09-11,149.89999389648438,150.1999969482422,147.6199951171875,148.1699981689453,24633287
2024-09-12,152.0,152.44000244140625,148.75,151.74000549316406,73191476
2024-09-13,152.77999877929688,155.39999389648438,152.5,153.49000549316406,54894255
2024-09-16,155.0,155.66000366210938,153.5,154.2100067138672,32575460
2024-09-17,154.0,154.24000549316406,152.27000427246094,152.82000732421875,18275113
2024-09-18,152.39999389648438,152.97999572753906,149.61000061035156,150.60000610351562,24856345
2024-09-19,151.88999938964844,152.19000244140625,147.7899932861328,149.5399932861328,36913781
2024-09-20,151.0,153.33999633789062,150.64999389648438,152.02000427246094,53873369
2024-09-23,154.3800048828125,154.38999938964844,152.8000030517578,153.99000549316406,33281905
2024-09-24,155.14999389648438,161.5,154.85000610351562,160.52999877929688,137414352
2024-09-25,161.5,162.69000244140625,159.52000427246094,161.66000366210938,58044967
2024-09-26,162.0,165.89999389648438,160.47999572753906,165.61000061035156,88661662
2024-09-27,167.0,169.00999450683594,165.88999938964844,166.5500030517578,72795668
2024-09-30,167.5,170.17999267578125,167.25999450683594,168.5500030517578,92381529
2024-10-01,169.49000549316406,169.49000549316406,165.10000610351562,167.02999877929688,50761579
2024-10-03,165.5,169.99000549316406,164.52000427246094,166.97999572753906,75959797
2024-10-04,167.0,169.10000610351562,164.0,166.75,53880875
2024-10-07,167.10000610351562,167.9499969482422,162.3300018310547,164.36000061035156,48775098
2024-10-08,163.0,163.58999633789062,156.6999969482422,159.52000427246094,74956764
2024-10-09,159.52000427246094,162.1999969482422,158.11000061035156,159.05999755859375,42766218
2024-10-10,158.3000030517578,161.17999267578125,156.60000610351562,159.72000122070312,46507936
2024-10-11,159.3000030517578,163.77999877929688,159.1999969482422,160.66000366210938,53263433
2024-10-14,161.8800048828125,163.3800048828125,158.0399932861328,158.32000732421875,35566857
2024-10-15,159.5,159.52999877929688,155.0500030517578,155.6300048828125,38964393
2024-10-16,155.19000244140625,156.5500030517578,154.02000427246094,155.24000549316406,28518262
2024-10-17,155.64999389648438,156.3000030517578,152.10000610351562,152.39999389648438,28404223
2024-10-18,152.39999389648438,156.1999969482422,151.10000610351562,155.38999938964844,34750795
2024-10-21,156.10000610351562,157.92999267578125,154.58999633789062,155.02999877929688,25799090
2024-10-22,154.89999389648438,154.89999389648438,150.10000610351562,150.38999938964844,39079846
2024-10-23,150.3000030517578,151.9499969482422,148.0500030517578,148.77999877929688,42107893
2024-10-24,149.49000549316406,149.8300018310547,148.00999450683594,148.97999572753906,22115070
2024-10-25,149.0,149.5,144.42999267578125,145.86000061035156,39730802
2024-10-28,146.0,149.72999572753906,144.72999572753906,149.3800048828125,28386897
2024-10-29,149.85000610351562,150.4499969482422,146.5500030517578,150.05999755859375,32258407
2024-10-30,148.10000610351562,150.9499969482422,148.10000610351562,148.97000122070312,21362130
2024-10-31,149.0800018310547,149.9499969482422,148.1999969482422,148.55999755859375,26383702
2024-11-01,149.66000366210938,150.25,149.0,149.75,5106804
2024-11-04,150.0,150.0,145.10000610351562,146.9499969482422,25571021
2024-11-05,147.0,152.5500030517578,146.9499969482422,152.2899932861328,42772283
2024-11-06,154.0,154.9499969482422,149.58999633789062,153.6199951171875,48928986
2024-11-07,156.11000061035156,156.9199981689453,150.1999969482422,150.9499969482422,88254789
2024-11-08,152.0,152.0,146.94000244140625,147.57000732421875,61980989
2024-11-11,147.57000732421875,147.69000244140625,144.10000610351562,145.00999450683594,47497863
2024-11-12,145.64999389648438,147.1300048828125,143.60000610351562,144.1699981689453,28861672
2024-11-13,143.60000610351562,143.60000610351562,138.60000610351562,139.1699981689453,57609083
2024-11-14,139.7100067138672,140.72999572753906,137.5,137.97999572753906,36345184
2024-11-18,139.49000549316406,143.25,138.0,141.2100067138672,40233848
2024-11-19,142.0,142.49000549316406,139.05999755859375,139.4600067138672,37611903
2024-11-21,139.5,141.60000610351562,137.25,140.22000122070312,58398744
2024-11-22,140.14999389648438,143.19000244140625,139.64999389648438,142.77999877929688,43710169
2024-11-25,144.94000244140625,146.14999389648438,142.83999633789062,143.6699981689453,53883890
2024-11-26,144.22000122070312,145.8000030517578,143.5800018310547,144.47000122070312,25608469
2024-11-27,144.30999755859375,144.89999389648438,142.89999389648438,144.52999877929688,24895631
2024-11-28,144.0,145.25,143.08999633789062,143.38999938964844,30947861
2024-11-29,143.89999389648438,145.49000549316406,143.0500030517578,144.5399932861328,29742979
2024-12-02,144.11000061035156,146.8300018310547,143.13999938964844,146.41000366210938,23840351
2024-12-03,146.75,148.1999969482422,146.33999633789062,146.5399932861328,35527228
2024-12-04,147.0,147.0500030517578,144.0,145.85000610351562,38537808
2024-12-05,146.5,147.8800048828125,144.8000030517578,147.07000732421875,36328245
2024-12-06,147.5,148.67999267578125,146.60000610351562,148.2899932861328,30604899
2024-12-09,148.2899932861328,150.6699981689453,146.6300048828125,149.8800048828125,39059139
2024-12-10,150.19000244140625,152.5,149.30999755859375,150.32000732421875,36278104
2024-12-11,150.58999633789062,152.11000061035156,150.05999755859375,150.60000610351562,20499709
2024-12-12,150.8699951171875,151.6300048828125,148.6999969482422,150.77999877929688,25761723
2024-12-13,150.0,150.0500030517578,145.5500030517578,148.9499969482422,39701388
2024-12-16,148.94000244140625,149.8000030517578,147.10000610351562,147.7899932861328,22634773
2024-12-17,147.7899932861328,148.5,145.3300018310547,145.67999267578125,27110781
2024-12-18,146.0,146.89999389648438,143.3000030517578,144.4600067138672,19850229
2024-12-19,141.5500030517578,143.8000030517578,141.10000610351562,143.25999450683594,27104579
2024-12-20,142.88999938964844,144.39999389648438,140.0,140.67999267578125,46503449
2024-12-23,142.4499969482422,143.8000030517578,140.61000061035156,141.7100067138672,27514178
2024-12-24,141.1999969482422,141.5,139.25,140.3800048828125,25882917
2024-12-26,140.9499969482422,141.14999389648438,139.50999450683594,140.36000061035156,23939932
2024-12-27,140.6999969482422,141.75,138.61000061035156,138.91000366210938,19562177
2024-12-30,138.91000366210938,139.25,136.08999633789062,136.8800048828125,32555723
2024-12-31,136.8699951171875,138.67999267578125,136.55999755859375,138.0500030517578,20080291
2025-01-01,138.10000610351562,138.4499969482422,136.5800018310547,136.74000549316406,18169498
2025-01-02,137.0,138.4499969482422,136.39999389648438,138.17999267578125,23388424
2025-01-03,138.17999267578125,139.72999572753906,137.83999633789062,138.36000061035156,23351832
2025-01-06,138.36000061035156,138.38999938964844,131.35000610351562,132.17999267578125,44620509
2025-01-07,132.77999877929688,133.8800048828125,132.00999450683594,133.3800048828125,24239451
2025-01-08,133.92999267578125,134.24000549316406,131.77000427246094,132.63999938964844,31570331
2025-01-09,132.0,132.39999389648438,129.6999969482422,129.92999267578125,31903107
2025-01-10,129.92999267578125,130.38999938964844,126.69999694824219,127.43000030517578,34855510
2025-01-13,126.0,126.5,122.62000274658203,122.93000030517578,38968332
2025-01-14,122.94000244140625,127.63999938964844,122.94000244140625,126.93000030517578,36877365
2025-01-15,128.0,128.30999755859375,125.77999877929688,126.52999877929688,18773125
2025-01-16,128.0,128.47000122070312,126.55999755859375,127.80999755859375,22164393
2025-01-17,127.9000015258789,131.16000366210938,127.63999938964844,130.27999877929688,27421959
2025-01-20,130.99000549316406,132.10000610351562,128.91000366210938,131.66000366210938,20571916
2025-01-21,132.05999755859375,132.39999389648438,129.25,129.6999969482422,32238213
2025-01-22,130.25,130.35000610351562,127.12000274658203,128.9199981689453,27505569
2025-01-23,127.8499984741211,130.75,127.69999694824219,130.3699951171875,20722538
2025-01-24,130.5,133.1999969482422,129.30999755859375,129.74000549316406,37092106
2025-01-27,129.02000427246094,129.4499969482422,125.73999786376953,126.37000274658203,24650571
2025-01-28,126.37000274658203,130.49000549316406,124.73999786376953,128.6199951171875,40373804
2025-01-29,129.0,131.33999633789062,128.5500030517578,130.8000030517578,16674706
2025-01-30,130.8000030517578,132.14999389648438,130.10000610351562,131.1199951171875,25256096
2025-01-31,131.1199951171875,135.0,129.92999267578125,134.6199951171875,26689228
2025-02-01,135.0,135.5,130.25,132.97000122070312,21173846
2025-02-03,131.2899932861328,132.50999450683594,127.80999755859375,131.82000732421875,27765357
2025-02-04,132.8000030517578,134.33999633789062,131.8699951171875,133.4199981689453,25032519
2025-02-05,133.14999389648438,135.38999938964844,133.0800018310547,134.39999389648438,16958362
2025-02-06,134.5,134.8699951171875,132.02000427246094,132.5399932861328,22408168
2025-02-07,133.3000030517578,138.75,132.55999755859375,138.30999755859375,52950146
2025-02-10,138.10000610351562,138.10000610351562,133.0,134.0399932861328,26120805
2025-02-11,133.0,134.33999633789062,129.6999969482422,130.11000061035156,23635428
2025-02-12,129.35000610351562,133.2899932861328,128.30999755859375,132.27999877929688,37927696
2025-02-13,132.27999877929688,137.69000244140625,131.86000061035156,136.25,52036196
2025-02-14,136.25,139.25,133.3300018310547,134.47000122070312,41469242
2025-02-17,132.91000366210938,134.8000030517578,130.72999572753906,134.2899932861328,21189637
2025-02-18,134.2899932861328,134.89999389648438,131.75,134.5399932861328,23957576
2025-02-19,134.5,136.8800048828125,133.02999877929688,135.75999450683594,18447487
2025-02-20,135.27000427246094,138.36000061035156,135.0,138.0399932861328,24139808
2025-02-21,137.91000366210938,141.60000610351562,137.14999389648438,140.75999450683594,41987785
2025-02-24,138.80999755859375,140.66000366210938,136.66000366210938,137.64999389648438,25193205
2025-02-25,138.49000549316406,139.35000610351562,136.6999969482422,137.07000732421875,23575603
2025-02-27,137.2100067138672,138.99000549316406,135.8800048828125,138.69000244140625,30747044
2025-02-28,137.8000030517578,137.8000030517578,134.05999755859375,137.1999969482422,45540594
2025-03-03,137.0,139.0500030517578,134.30999755859375,138.57000732421875,31154401
2025-03-04,136.14999389648438,140.94000244140625,135.80999755859375,139.33999633789062,28634645
2025-03-05,139.0,146.49000549316406,139.0,146.10000610351562,62109377
2025-03-06,146.7899932861328,152.1999969482422,146.1999969482422,150.44000244140625,79121467
2025-03-07,149.74000549316406,152.4499969482422,149.27000427246094,151.55999755859375,81821791
2025-03-10,151.55999755859375,154.24000549316406,150.41000366210938,151.0500030517578,54450331
2025-03-11,148.10000610351562,151.6999969482422,148.0,150.75,35916900
2025-03-12,151.0,152.27999877929688,147.6999969482422,150.3000030517578,26377549
2025-03-13,152.0,153.55999755859375,150.02000427246094,150.8800048828125,48286431
2025-03-17,151.99000549316406,152.63999938964844,150.89999389648438,151.80999755859375,35879780
2025-03-18,151.80999755859375,151.80999755859375,151.80999755859375,151.80999755859375,0
2025-03-19,156.8000030517578,159.1999969482422,156.5,158.60000610351562,66161413
2025-03-20,160.0,160.10000610351562,156.64999389648438,159.0399932861328,39889517
2025-03-21,159.02999877929688,159.75,156.82000732421875,157.27999877929688,49184821
2025-03-24,158.0,159.0,157.11000061035156,158.4199981689453,30905773
2025-03-25,159.0,159.0,156.0500030517578,156.72999572753906,28467187
2025-03-26,156.1999969482422,157.5399932861328,155.00999450683594,155.80999755859375,23182869
2025-03-27,154.8000030517578,156.10000610351562,154.1999969482422,155.4199981689453,25909068
2025-03-28,155.3800048828125,156.91000366210938,153.3699951171875,154.24000549316406,24589315
2025-04-01,152.07000732421875,155.33999633789062,152.07000732421875,153.1199951171875,29142122
2025-04-02,154.0,156.25,152.27000427246094,154.69000244140625,24977582
2025-04-03,153.0,155.97000122070312,152.60000610351562,153.6199951171875,15117526
2025-04-04,152.6199951171875,152.99000549316406,140.0,140.38999938964844,80846143
2025-04-07,128.0,130.35000610351562,125.33000183105469,129.47999572753906,121806340
2025-04-08,134.88999938964844,136.1999969482422,128.02000427246094,130.27999877929688,68999181
2025-04-09,130.0,130.0,125.30000305175781,127.18000030517578,73399980
2025-04-11,134.6699981689453,134.6999969482422,130.49000549316406,133.4199981689453,73706472
2025-04-15,135.60000610351562,137.0,134.83999633789062,136.41000366210938,38967608
2025-04-16,136.41000366210938,137.60000610351562,134.6199951171875,136.97000122070312,42684087
2025-04-17,134.39999389648438,137.9600067138672,133.6999969482422,137.13999938964844,62282856
2025-04-21,137.64999389648438,140.3000030517578,137.0500030517578,139.17999267578125,26503486
2025-04-22,142.0,142.83999633789062,137.6999969482422,138.16000366210938,58429662
2025-04-23,139.38999938964844,141.5,137.32000732421875,141.16000366210938,37851304
2025-04-24,140.6999969482422,141.8800048828125,140.27999877929688,141.52000427246094,23061444
2025-04-25,142.0,143.4499969482422,138.02000427246094,138.85000610351562,37764696
2025-04-28,138.5399932861328,142.60000610351562,138.3800048828125,142.07000732421875,26971589
2025-04-29,142.07000732421875,143.3000030517578,140.9199981689453,141.5,25758449
2025-04-30,141.4499969482422,141.55999755859375,138.0,140.0800018310547,29205042
2025-05-02,140.0,143.10000610351562,139.4499969482422,141.39999389648438,29588258
2025-05-05,141.57000732421875,142.6999969482422,141.1999969482422,142.0800018310547,17213477
2025-05-06,142.0800018310547,145.39999389648438,141.5399932861328,144.44000244140625,42658262
2025-05-07,142.1999969482422,146.9499969482422,142.1999969482422,146.0,34674594
2025-05-08,146.0,146.66000366210938,142.85000610351562,143.6699981689453,29687927
2025-05-09,140.99000549316406,143.27000427246094,140.50999450683594,142.77999877929688,21875453
2025-05-12,145.61000061035156,151.9499969482422,144.5,151.6300048828125,47087413
2025-05-13,152.0,152.99000549316406,149.00999450683594,149.42999267578125,54389876
2025-05-14,151.0,157.14999389648438,151.0,155.30999755859375,60002060
2025-05-15,155.5,157.83999633789062,154.3000030517578,157.35000610351562,57066105
2025-05-16,157.35000610351562,158.14999389648438,157.0,157.5500030517578,22884754
2025-05-19,158.0,158.13999938964844,156.1300048828125,157.57000732421875,21839582
2025-05-20,158.35000610351562,162.10000610351562,158.0,158.69000244140625,58061639
2025-05-21,159.4499969482422,161.85000610351562,158.52999877929688,161.63999938964844,36044599
2025-05-22,160.97999572753906,163.60000610351562,160.36000061035156,161.2899932861328,60715453
2025-05-23,161.60000610351562,163.52999877929688,161.5,162.97000122070312,29483665
2025-05-26,163.10000610351562,165.5500030517578,162.0500030517578,162.50999450683594,25581584
2025-05-27,162.50999450683594,163.89999389648438,160.6199951171875,161.66000366210938,23296776
2025-05-28,162.39999389648438,162.69000244140625,160.64999389648438,161.24000549316406,13044476
2025-05-29,162.19000244140625,163.9499969482422,161.5,163.1199951171875,26455081
2025-05-30,163.11000061035156,163.88999938964844,160.50999450683594,161.02000427246094,32739340
2025-06-02,159.0,160.1199951171875,157.3000030517578,159.0399932861328,31365564
2025-06-03,159.0399932861328,160.64999389648438,157.1699981689453,157.35000610351562,28398746
2025-06-04,157.5,158.97999572753906,156.80999755859375,158.17999267578125,16660138
2025-06-05,158.86000061035156,159.08999633789062,157.0500030517578,157.97000122070312,23708504
2025-06-06,155.6999969482422,157.8800048828125,154.25,157.49000549316406,25804151
2025-06-09,157.69000244140625,158.1999969482422,156.82000732421875,157.32000732421875,15315437
2025-06-10,158.0,159.3000030517578,155.5,155.67999267578125,22764080
2025-06-11,156.4499969482422,157.52999877929688,155.30999755859375,156.41000366210938,17605668
2025-06-12,156.0,156.25999450683594,151.85000610351562,152.88999938964844,27846151
2025-06-13,149.8000030517578,152.5,149.8000030517578,152.1300048828125,24277592
2025-06-16,152.00999450683594,154.5,150.83999633789062,154.1699981689453,16188193
2025-06-17,153.80999755859375,154.88999938964844,152.35000610351562,152.60000610351562,16740382
2025-06-18,152.1999969482422,153.1999969482422,150.8000030517578,152.11000061035156,14860746
2025-06-19,152.0,152.4499969482422,150.5,151.0,20145922
2025-06-20,150.75,153.1699981689453,150.6300048828125,151.97000122070312,29944714
2025-06-23,150.5,153.3000030517578,150.47999572753906,152.42999267578125,17096676
2025-06-24,153.8000030517578,156.97000122070312,153.63999938964844,154.7899932861328,25403324
2025-06-25,155.89999389648438,156.89999389648438,155.50999450683594,156.38999938964844,18240433
2025-06-26,156.8699951171875,161.10000610351562,156.4499969482422,160.5399932861328,40650557
2025-06-27,161.0,163.3000030517578,160.6999969482422,161.4499969482422,31989509
2025-06-30,160.99000549316406,162.1999969482422,159.5,159.75999450683594,15842285
2025-07-01,160.00999450683594,160.44000244140625,157.72999572753906,160.05999755859375,17823415
2025-07-02,160.05999755859375,166.14999389648438,159.8300018310547,165.8800048828125,63315210
2025-07-03,166.0,168.77999877929688,165.2100067138672,165.91000366210938,60571824
2025-07-04,165.91000366210938,166.49000549316406,162.0,163.00999450683594,22938753
2025-07-07,163.0,163.35000610351562,160.0500030517578,162.39999389648438,17469909
2025-07-08,162.4499969482422,162.89999389648438,161.60000610351562,161.97000122070312,11398248
2025-07-09,161.9499969482422,161.9499969482422,157.50999450683594,159.0,29839077
2025-07-10,160.0,161.5500030517578,159.27999877929688,160.66000366210938,17566887
2025-07-11,160.63999938964844,161.6199951171875,159.32000732421875,159.83999633789062,20689511
2025-07-14,159.83999633789062,161.1199951171875,159.3000030517578,160.44000244140625,15152964
2025-07-15,160.25999450683594,160.85000610351562,157.9499969482422,159.0,17993051
2025-07-16,159.0,159.27000427246094,157.0,157.3300018310547,14591157
2025-07-17,157.5,160.6999969482422,157.1199951171875,159.89999389648438,21733241
2025-07-18,160.10000610351562,162.75,160.10000610351562,162.3699951171875,30728478
2025-07-21,162.5,165.60000610351562,162.49000549316406,163.02000427246094,29812899
2025-07-22,163.3000030517578,164.41000366210938,162.72999572753906,163.0399932861328,13615524
2025-07-23,163.25,164.13999938964844,161.8800048828125,162.77000427246094,14287149
2025-07-24,163.0,164.75,162.80999755859375,163.47999572753906,14377270
2025-07-25,163.5,163.58999633789062,161.0500030517578,161.42999267578125,12443495
2025-07-28,161.22999572753906,162.2899932861328,159.08999633789062,159.67999267578125,19296285
2025-07-29,158.1999969482422,162.4499969482422,158.1999969482422,161.69000244140625,15262937
2025-07-30,161.69000244140625,162.7899932861328,161.0500030517578,161.36000061035156,16083106
2025-07-31,161.0,162.1300048828125,156.55999755859375,157.94000244140625,26213891
2025-08-01,157.92999267578125,157.92999267578125,152.50999450683594,153.00999450683594,23927359
2025-08-04,153.5,159.9199981689453,153.5,159.55999755859375,30064719
2025-08-05,159.55999755859375,160.13999938964844,158.27999877929688,159.6199951171875,14441034
2025-08-06,159.6199951171875,159.8000030517578,157.8000030517578,158.66000366210938,13438851
2025-08-07,157.14999389648438,160.0,156.25999450683594,159.6699981689453,23159540
2025-08-08,159.5,159.9499969482422,157.00999450683594,157.9499969482422,11951173
2025-08-11,157.9499969482422,160.0,157.14999389648438,158.52000427246094,14325736
2025-08-12,158.52000427246094,161.64999389648438,158.5,160.16000366210938,20056598
2025-08-13,160.9600067138672,162.39999389648438,159.89999389648438,160.17999267578125,18079396
2025-08-14,160.02000427246094,160.60000610351562,154.8300018310547,155.3000030517578,47256126
2025-08-18,158.0,159.0,156.0,157.9600067138672,61022494
2025-08-19,158.5,159.4600067138672,156.75999450683594,159.22999572753906,21224239
2025-08-20,158.1999969482422,162.75999450683594,158.02999877929688,161.9199981689453,28520245
2025-08-21,161.9199981689453,162.5399932861328,161.19000244140625,161.50999450683594,17282594
2025-08-22,161.25,161.27999877929688,158.10000610351562,158.5500030517578,16063984
2025-08-25,159.1999969482422,160.3300018310547,158.63999938964844,159.6300048828125,16376542
2025-08-26,159.16000366210938,159.16000366210938,154.63999938964844,155.02999877929688,19621100
2025-08-28,155.77999877929688,155.8699951171875,153.16000366210938,153.6300048828125,22269875
2025-08-29,154.5,155.10000610351562,153.0500030517578,154.47999572753906,16971859
2025-09-01,154.47999572753906,156.36000061035156,153.6999969482422,156.1699981689453,10798622
2025-09-02,156.1699981689453,159.07000732421875,155.5,158.38999938964844,21202113
2025-09-03,158.39999389648438,168.0,158.39999389648438,167.85000610351562,82352014
2025-09-04,169.0,169.3000030517578,166.6199951171875,166.80999755859375,26316842
2025-09-05,167.0,168.0,165.94000244140625,167.67999267578125,16798170
2025-09-08,170.0,172.5,168.4600067138672,168.82000732421875,36402317
2025-09-09,169.3000030517578,169.72000122070312,167.99000549316406,169.14999389648438,14028910
2025-09-10,169.19000244140625,170.72999572753906,168.75,169.42999267578125,13128306
2025-09-11,169.35000610351562,170.89999389648438,168.4600067138672,169.41000366210938,13829526
2025-09-12,169.60000610351562,171.0,168.6300048828125,169.77999877929688,12119036
2025-09-15,169.77000427246094,170.1999969482422,168.6300048828125,169.22999572753906,10611401
2025-09-16,169.38999938964844,172.27000427246094,169.02000427246094,172.02000427246094,26629438
2025-09-17,172.5,172.89999389648438,169.35000610351562,171.36000061035156,21381306
2025-09-18,171.4600067138672,172.1999969482422,169.80999755859375,172.02999877929688,16413388
2025-09-19,172.10000610351562,172.6699981689453,170.60000610351562,171.47999572753906,25406461
2025-09-22,170.8000030517578,172.2100067138672,170.50999450683594,171.38999938964844,20970704
2025-09-23,171.4499969482422,173.80999755859375,171.1999969482422,173.2899932861328,24533561
2025-09-24,173.16000366210938,174.44000244140625,172.3800048828125,172.66000366210938,20168891
2025-09-25,172.89999389648438,173.85000610351562,171.86000061035156,172.3800048828125,17026549
2025-09-26,172.22000122070312,173.3699951171875,167.1999969482422,167.39999389648438,20157657
2025-09-29,167.60000610351562,170.27999877929688,167.55999755859375,168.97999572753906,16832342
2025-09-30,169.5,170.14999389648438,168.41000366210938,168.77000427246094,24553596
2025-10-01,169.0,169.74000549316406,166.1300048828125,167.50999450683594,17542776
2025-10-03,168.1199951171875,174.74000549316406,168.1199951171875,173.2100067138672,55172705
2025-10-06,173.3000030517578,173.47999572753906,169.3000030517578,170.05999755859375,21474004
2025-10-07,170.39999389648438,172.1999969482422,170.39999389648438,171.42999267578125,19189843
2025-10-08,172.0,173.6300048828125,170.05999755859375,171.94000244140625,22662699
2025-10-09,172.7899932861328,177.82000732421875,172.77999877929688,176.4199981689453,68504717
2025-10-10,176.0,176.13999938964844,172.89999389648438,173.86000061035156,18085975
2025-10-13,173.0,173.8000030517578,170.91000366210938,173.02999877929688,19386219
2025-10-14,174.91000366210938,176.4499969482422,169.25,170.50999450683594,22082970
2025-10-15,170.8300018310547,174.0,170.11000061035156,173.24000549316406,15031989
2025-10-16,173.0,174.49000549316406,172.22000122070312,174.0,12205250
2025-10-17,173.60000610351562,174.30999755859375,170.99000549316406,172.22000122070312,21659007
2025-10-20,173.3000030517578,173.3000030517578,170.82000732421875,171.9499969482422,18049579
2025-10-21,172.39999389648438,173.25,172.10000610351562,172.77999877929688,2471987
2025-10-23,173.89999389648438,176.0800018310547,173.63999938964844,174.16000366210938,31472510
2025-10-24,174.60000610351562,177.35000610351562,173.72000122070312,174.44000244140625,25226376
2025-10-27,175.88999938964844,177.89999389648438,175.52999877929688,176.66000366210938,23832477
2025-10-28,177.35000610351562,182.05999755859375,177.02000427246094,181.80999755859375,59511794
2025-10-29,183.6699981689453,186.94000244140625,182.0500030517578,185.19000244140625,51610530
2025-10-30,184.39999389648438,185.19000244140625,182.63999938964844,184.35000610351562,24270977
2025-10-31,184.0,184.3000030517578,182.1199951171875,182.83999633789062,16041321
2025-11-03,182.39999389648438,184.10000610351562,181.8000030517578,182.6699981689453,16652212
2025-11-04,183.0,183.08999633789062,178.89999389648438,179.2899932861328,18746387
2025-11-06,179.2899932861328,180.6699981689453,176.52000427246094,177.27000427246094,23664538
2025-11-07,177.0,182.25,175.00999450683594,181.3699951171875,19165876
2025-11-10,182.02999877929688,182.50999450683594,180.1999969482422,181.47999572753906,18376132
2025-11-11,182.89999389648438,182.89999389648438,179.02000427246094,181.0399932861328,14109340
2025-11-12,181.44000244140625,182.14999389648438,178.0,178.61000061035156,19037263
2025-11-13,184.0,184.0,175.10000610351562,176.64999389648438,82083661
2025-11-14,177.52000427246094,177.6999969482422,172.1199951171875,174.25999450683594,38345500
2025-11-17,175.1300048828125,175.25,172.6199951171875,173.1699981689453,28204282
2025-11-18,172.39999389648438,173.1199951171875,170.5500030517578,172.4499969482422,34278387
2025-11-19,172.4499969482422,173.89999389648438,172.05999755859375,173.2100067138672,19621610
2025-11-20,174.10000610351562,174.36000061035156,172.25999450683594,172.4600067138672,15968891
2025-11-21,171.8000030517578,171.89999389648438,167.6999969482422,168.0,28412865
2025-11-24,168.0,168.3800048828125,165.17999267578125,165.36000061035156,31202769
2025-11-25,166.0,167.27000427246094,165.0800018310547,166.3300018310547,19983310
2025-11-26,167.0,169.9499969482422,166.89999389648438,169.6699981689453,15044796
2025-11-27,170.4499969482422,171.0,167.17999267578125,168.1300048828125,17546627
2025-11-28,168.1300048828125,169.0,167.2899932861328,167.9600067138672,11975539
2025-12-01,169.0,169.64999389648438,167.6999969482422,168.6300048828125,11758473
2025-12-02,168.42999267578125,168.85000610351562,167.0,167.77999877929688,15355023
2025-12-03,167.77999877929688,167.99000549316406,165.0,166.9199981689453,18873943
2025-12-04,167.8000030517578,167.97000122070312,166.1999969482422,166.77000427246094,11419966
2025-12-05,167.0,167.64999389648438,165.0,167.11000061035156,33500436
2025-12-08,167.08999633789062,168.1999969482422,163.0,163.47000122070312,15772400
2025-12-09,163.38999938964844,163.38999938964844,160.05999755859375,160.6699981689453,25766371
2025-12-10,161.0,163.67999267578125,160.80999755859375,162.22999572753906,22537548
2025-12-11,163.5,166.66000366210938,163.1699981689453,166.3800048828125,32603566
2025-12-12,167.60000610351562,172.5,167.39999389648438,171.88999938964844,41130927
2025-12-15,170.9499969482422,173.1699981689453,170.5,172.8699951171875,23254201
2025-12-16,172.6999969482422,172.6999969482422,169.25,169.8300018310547,22981935
2025-12-17,170.08999633789062,171.3000030517578,169.66000366210938,170.33999633789062,11624504
2025-12-18,169.9199981689453,170.4499969482422,167.55999755859375,168.1199951171875,13152378
2025-12-19,169.14999389648438,169.6199951171875,167.8300018310547,168.69000244140625,28448892
2025-12-22,169.0399932861328,171.4600067138672,169.0,169.22000122070312,23729300
2025-12-23,169.35000610351562,171.35000610351562,169.25,170.89999389648438,17348078
2025-12-24,171.35000610351562,171.64999389648438,169.6699981689453,170.07000732421875,17430406
2025-12-26,169.88999938964844,169.89999389648438,167.82000732421875,169.1199951171875,16904834
2025-12-29,169.50999450683594,174.1300048828125,169.2899932861328,172.3000030517578,48001907
2025-12-30,172.77999877929688,176.35000610351562,170.8000030517578,175.8000030517578,33741158
2025-12-31,180.0,181.39999389648438,178.5,180.0800018310547,50897201
2026-01-01,180.60000610351562,182.1999969482422,180.1999969482422,181.88999938964844,21507757
2026-01-02,182.0,183.85000610351562,181.60000610351562,182.8800048828125,23006840
2026-01-05,182.8800048828125,186.88999938964844,182.8699951171875,185.72000122070312,30646009
2026-01-06,186.0,187.85000610351562,184.47000122070312,186.1999969482422,28514282
2026-01-07,186.1999969482422,186.64999389648438,182.89999389648438,183.8000030517578,18231588
2026-01-08,185.4499969482422,185.8699951171875,179.5500030517578,180.1199951171875,38454951
2026-01-09,179.0500030517578,181.5,177.3300018310547,178.39999389648438,25318701
2026-01-12,178.39999389648438,183.64999389648438,177.63999938964844,183.24000549316406,25782267
2026-01-13,183.5,184.38999938964844,181.10000610351562,182.57000732421875,19155081
2026-01-14,182.57000732421875,190.64999389648438,181.66000366210938,189.25,55907778
2026-01-15,189.25,189.25,189.25,189.25,0
2026-01-16,190.0500030517578,191.0,187.30999755859375,188.2100067138672,26028519
2026-01-19,187.10000610351562,189.44000244140625,186.8000030517578,188.27000427246094,19709364
2026-01-20,188.27000427246094,190.0,183.02999877929688,183.55999755859375,20094927
2026-01-21,183.55999755859375,185.7100067138672,180.8800048828125,184.41000366210938,35037961
2026-01-22,185.88999938964844,189.99000549316406,185.7899932861328,189.10000610351562,35681682
2026-01-23,190.5,192.39999389648438,187.27000427246094,187.61000061035156,28492706
2026-01-27,189.6699981689453,193.13999938964844,187.72000122070312,192.27999877929688,42314287
2026-01-28,193.49000549316406,195.1999969482422,192.10000610351562,193.85000610351562,33310718
2026-01-29,194.4499969482422,202.99000549316406,194.11000061035156,202.32000732421875,60610904
2026-01-30,198.5500030517578,199.0,190.6300048828125,193.1300048828125,52262849
2026-02-02,185.3800048828125,189.0,182.5500030517578,188.50999450683594,25601945
2026-02-03,193.5800018310547,199.0,191.50999450683594,192.92999267578125,28467895
2026-02-04,193.99000549316406,196.13999938964844,193.4499969482422,195.39999389648438,13859145
2026-02-05,193.0,198.41000366210938,191.52000427246094,197.75999450683594,31293689
2026-02-06,197.60000610351562,197.60000610351562,194.3699951171875,197.05999755859375,18446912
2026-02-09,202.0,206.33999633789062,197.5500030517578,202.0,68967709
2026-02-10,202.99000549316406,211.10000610351562,201.0800018310547,208.00999450683594,82443790
2026-02-11,209.39999389648438,210.25,205.3000030517578,207.58999633789062,40897457
2026-02-12,208.0,210.38999938964844,206.1999969482422,208.11000061035156,24109860
2026-02-13,206.58999633789062,206.85000610351562,202.55999755859375,203.17999267578125,25870923
2026-02-16,201.0,206.1199951171875,200.5500030517578,205.80999755859375,17932490
2026-02-17,205.5,205.8000030517578,201.66000366210938,203.0800018310547,18506676
2026-02-18,203.5500030517578,209.6999969482422,203.5500030517578,209.02999877929688,48357001
2026-02-19,211.0,211.38999938964844,204.25,205.41000366210938,27749813
2026-02-20,206.41000366210938,209.3000030517578,204.72999572753906,208.36000061035156,26605844
2026-02-23,210.0,210.10000610351562,205.5,208.13999938964844,23377191
2026-02-24,207.2100067138672,209.5399932861328,206.75,209.1300048828125,23413086
2026-02-25,210.10000610351562,216.4499969482422,209.39999389648438,214.63999938964844,48873839
2026-02-26,215.9499969482422,215.9499969482422,213.00999450683594,215.52000427246094,25522669
2026-02-27,215.5,215.89999389648438,211.66000366210938,212.3300018310547,25598534
2026-03-02,205.0,214.33999633789062,204.5,211.00999450683594,30523310
2026-03-04,207.0,207.0,194.42999267578125,196.72999572753906,72096617
2026-03-05,198.5,203.0399932861328,197.6300048828125,200.57000732421875,41033397
2026-03-06,199.5,202.1999969482422,197.10000610351562,198.4600067138672,28551376
2026-03-09,193.4499969482422,193.6999969482422,187.02999877929688,191.00999450683594,43019965
2026-03-10,194.00999450683594,196.63999938964844,192.0,195.0,25783308
2026-03-11,197.13999938964844,198.8800048828125,194.0,194.74000549316406,34207226
2026-03-12,193.99000549316406,194.66000366210938,190.10000610351562,193.47000122070312,24413736
2026-03-13,191.9499969482422,192.5,182.25999450683594,183.50999450683594,42683952
2026-03-16,183.0,187.64999389648438,181.25,186.94000244140625,44789516
2026-03-17,187.8000030517578,196.30999755859375,186.85000610351562,195.42999267578125,45672442
2026-03-18,196.39999389648438,196.42999267578125,193.1699981689453,195.41000366210938,26353743
2026-03-19,190.8000030517578,194.22000122070312,189.3699951171875,190.50999450683594,24146344
2026-03-20,193.39999389648438,199.44000244140625,193.33999633789062,196.77000427246094,46881257
2026-03-23,193.0,193.9499969482422,186.50999450683594,187.1699981689453,44393392
2026-03-24,192.0,192.19000244140625,187.77999877929688,190.7899932861328,34321983
2026-03-25,193.02999877929688,197.14999389648438,192.32000732421875,196.64999389648438,34767360
2026-03-27,194.32000732421875,195.5,192.63999938964844,193.22000122070312,36938046
2026-03-30,192.0,194.4199981689453,188.3000030517578,191.86000061035156,45914996
2026-04-01,200.0,200.1999969482422,194.0,194.60000610351562,35813622
2026-04-02,192.91000366210938,194.85000610351562,187.9499969482422,194.13999938964844,27633959
2026-04-06,193.02000427246094,196.64999389648438,190.25,196.10000610351562,28115748
2026-04-07,195.60000610351562,198.4199981689453,193.27999877929688,198.1300048828125,32090982
2026-04-08,202.00999450683594,206.39999389648438,202.0,204.17999267578125,37018381
2026-04-09,204.50999450683594,208.19000244140625,204.05999755859375,205.1999969482422,36853400
2026-04-10,207.97999572753906,209.0,204.8000030517578,206.61000061035156,28385501
2026-04-13,203.6999969482422,207.0,201.5,206.38999938964844,25848544
2026-04-15,209.0,211.14999389648438,207.60000610351562,208.72000122070312,30858355
2026-04-16,209.75,212.9199981689453,209.00999450683594,210.69000244140625,26751249
2026-04-17,210.69000244140625,212.4600067138672,208.5,212.1199951171875,22837792
2026-04-20,212.0,213.39999389648438,209.8000030517578,211.72000122070312,24992602
2026-04-21,211.72000122070312,214.49000549316406,211.0800018310547,212.00999450683594,17427021
2026-04-22,211.0,213.77999877929688,210.50999450683594,213.02999877929688,20795714
2026-04-23,213.0399932861328,213.10000610351562,210.16000366210938,210.91000366210938,19304122
2026-04-24,211.0,212.0,208.60000610351562,210.07000732421875,22379072
2026-04-27,211.0,215.0,210.92999267578125,213.27000427246094,33068230
2026-04-28,213.1999969482422,218.24000549316406,212.1999969482422,215.0500030517578,34950491
2026-04-29,216.10000610351562,217.0,211.36000061035156,215.8800048828125,32800573
2026-04-30,215.77999877929688,215.77999877929688,210.0,211.36000061035156,24894783
2026-05-01,211.36000061035156,211.36000061035156,211.36000061035156,211.36000061035156,0
2026-05-04,212.5500030517578,214.5,211.39999389648438,212.24000549316406,23140911
2026-05-05,212.1999969482422,212.33999633789062,209.4499969482422,211.32000732421875,20733709
2026-05-06,214.0,216.72999572753906,212.4199981689453,215.47000122070312,24082651
2026-05-07,216.6999969482422,219.1999969482422,215.75,217.08999633789062,21243369
2026-05-08,217.0,217.39999389648438,214.25,214.49000549316406,17760366
2026-05-11,213.5,215.0,211.52000427246094,212.0800018310547,16301350
2026-05-12,212.0,216.3300018310547,211.5,212.0,28371348
2026-05-13,213.24000549316406,220.91000366210938,213.07000732421875,219.6199951171875,46231533
2026-05-14,222.3000030517578,222.89999389648438,219.02000427246094,221.1300048828125,34985006
2026-05-15,223.0,224.39999389648438,216.0,216.83999633789062,33231023
2026-05-18,211.0,211.82000732421875,205.0500030517578,209.7100067138672,73796001
2026-05-19,210.58999633789062,212.3300018310547,208.89999389648438,209.2899932861328,32573663
2026-05-20,207.5,207.5,203.0399932861328,207.00999450683594,56670462
2026-05-21,209.75,210.07000732421875,207.66000366210938,208.5800018310547,24385712
2026-05-22,209.60000610351562,210.8800048828125,208.25999450683594,209.19000244140625,22023114
2026-05-25,211.3000030517578,211.75,209.44000244140625,210.22000122070312,23090495
2026-05-26,209.89999389648438,211.13999938964844,209.50999450683594,210.47000122070312,17801824
2026-05-27,210.6999969482422,218.9600067138672,210.6999969482422,214.6999969482422,39110042
2026-05-28,214.6999969482422,214.6999969482422,214.6999969482422,214.6999969482422,0
2026-05-29,215.69000244140625,215.6999969482422,206.6999969482422,208.02000427246094,67467374
2026-06-01,210.0,211.39999389648438,206.5,210.57000732421875,23733470
2026-06-02,209.00999450683594,213.4600067138672,208.57000732421875,210.60000610351562,29358964
2026-06-03,210.7100067138672,212.49000549316406,207.60000610351562,211.88999938964844,23198930
2026-06-04,210.4199981689453,212.24000549316406,209.30999755859375,210.57000732421875,18939468
2026-06-05,209.39999389648438,210.5,203.89999389648438,206.77000427246094,35802398
2026-06-08,203.44000244140625,205.2100067138672,201.60000610351562,202.72000122070312,31036948
2026-06-09,203.0,204.0,200.33999633789062,203.17999267578125,42111455
2026-06-10,203.0,203.39999389648438,198.0,199.30999755859375,34008938
2026-06-11,197.44000244140625,199.35000610351562,196.0500030517578,197.9600067138672,38292223
2026-06-12,200.0,200.82000732421875,195.8000030517578,197.86000061035156,27622963
2026-06-15,199.9600067138672,200.9499969482422,196.82000732421875,197.27999877929688,27071539
2026-06-16,197.50999450683594,197.60000610351562,193.30999755859375,196.0,29255187
2026-06-17,196.7899932861328,199.5,195.60000610351562,199.00999450683594,22491220
2026-06-18,199.00999450683594,200.6999969482422,198.14999389648438,200.52000427246094,22111931
2026-06-19,199.25,199.36000061035156,196.5,198.9600067138672,31571461
2026-06-22,199.3000030517578,200.66000366210938,198.6999969482422,198.97000122070312,19238506
2026-06-23,197.75,197.97999572753906,192.72999572753906,193.55999755859375,34634510
2026-06-24,192.8000030517578,193.3800048828125,189.58999633789062,190.16000366210938,51305789
2026-06-25,190.0,190.86000061035156,187.61000061035156,188.7100067138672,34151735
2026-06-26,188.7100067138672,188.7100067138672,188.7100067138672,188.7100067138672,0
2026-06-29,188.72999572753906,191.27000427246094,188.60000610351562,189.57000732421875,62549132
2026-06-30,189.5,190.39999389648438,187.0500030517578,188.05999755859375,33686235
2026-07-01,188.5,188.7100067138672,184.6999969482422,185.1699981689453,20614036
2026-07-02,186.0,188.60000610351562,185.13999938964844,187.6699981689453,29139217
2026-07-03,190.60000610351562,192.97999572753906,189.11000061035156,189.8000030517578,28474469
2026-07-06,190.38999938964844,191.4499969482422,189.19000244140625,190.8699951171875,14466645
2026-07-07,191.0,191.3000030517578,189.0,189.7899932861328,22805982
2026-07-08,187.66000366210938,189.7899932861328,186.52000427246094,188.1999969482422,17816943
2026-07-09,189.5,189.8699951171875,186.6199951171875,187.91000366210938,21203724
2026-07-10,189.67999267578125,193.3000030517578,188.74000549316406,191.19000244140625,23145573
2026-07-13,189.0,189.27000427246094,185.39999389648438,187.11000061035156,47597415
2026-07-14,186.6999969482422,190.35000610351562,186.6999969482422,188.27000427246094,24096425
2026-07-15,188.74000549316406,189.3300018310547,184.80999755859375,185.25999450683594,24924570
2026-07-16,186.5,186.75,184.91000366210938,185.49000549316406,13166990
2026-07-17,185.1999969482422,186.58999633789062,183.41000366210938,185.88999938964844,20132684
2026-07-20,186.67999267578125,187.19000244140625,185.75999450683594,186.41000366210938,11188887
2026-07-21,186.75,188.10000610351562,184.6999969482422,187.24000549316406,21618426
2026-07-22,187.99000549316406,187.99000549316406,184.91000366210938,186.52999877929688,16643117
2026-07-23,186.0,186.0,183.5,184.22999572753906,20581098
