date,open,high,low,close,volume
2019-07-23,673.25,675.5499877929688,665.75,671.2000122070312,1462269
2019-07-24,670.3499755859375,679.7999877929688,651.4500122070312,660.4500122070312,3060459
2019-07-25,647.7999877929688,657.6500244140625,641.5,652.5,2751865
2019-07-26,649.7000122070312,651.0,641.0499877929688,643.5,1637706
2019-07-29,641.0,654.6500244140625,641.0,646.2999877929688,2524484
2019-07-30,645.0,650.2999877929688,633.1500244140625,640.25,2882913
2019-07-31,629.0,639.7999877929688,607.1500244140625,636.25,9651731
2019-08-01,632.0499877929688,633.4500122070312,619.0,625.6500244140625,3982949
2019-08-02,625.0,639.0999755859375,618.4000244140625,636.1500244140625,2172845
2019-08-05,631.1500244140625,651.0499877929688,625.2999877929688,648.0499877929688,3140140
2019-08-06,650.0999755859375,679.8499755859375,650.0999755859375,670.5999755859375,7226321
2019-08-07,671.7999877929688,678.5,670.2999877929688,674.4500122070312,3239880
2019-08-08,674.0,683.9000244140625,665.0,680.2000122070312,2708834
2019-08-09,679.0,680.75,659.75,663.3499755859375,3743407
2019-08-13,661.0999755859375,662.5,636.0,639.1500244140625,2716622
2019-08-14,639.0499877929688,662.5,638.9000244140625,659.0999755859375,2627043
2019-08-16,656.9000244140625,661.0,646.1500244140625,659.0,3067796
2019-08-19,662.0,674.4000244140625,661.5,670.3499755859375,2871173
2019-08-20,674.0,680.0,664.6500244140625,668.9000244140625,3913608
2019-08-21,670.0,675.0,669.2999877929688,672.7999877929688,2106655
2019-08-22,672.6500244140625,684.0,668.0999755859375,682.75,3353812
2019-08-23,684.25,694.4000244140625,679.4000244140625,683.8499755859375,7015461
2019-08-26,689.7999877929688,693.0,670.2000122070312,691.1500244140625,1767289
2019-08-27,689.8499755859375,689.8499755859375,673.2000122070312,676.3499755859375,3160545
2019-08-28,676.0,693.4500122070312,676.0,690.2000122070312,2749273
2019-08-29,684.1500244140625,694.0,681.0,691.1500244140625,2789979
2019-08-30,693.0,700.7000122070312,675.8499755859375,693.6500244140625,3067856
2019-09-03,698.0,716.9000244140625,698.0,704.5,5044667
2019-09-04,705.0,709.75,692.2000122070312,703.25,2027768
2019-09-05,710.0,710.0,691.0499877929688,695.4500122070312,2019839
2019-09-06,716.3499755859375,734.4500122070312,716.3499755859375,721.75,10663234
2019-09-09,723.0,723.0,710.0,712.9000244140625,1754023
2019-09-11,718.0,723.25,701.25,703.7000122070312,2702792
2019-09-12,701.0999755859375,709.2000122070312,694.0,705.5499877929688,3282740
2019-09-13,705.25,711.2999877929688,701.0,709.5,1073430
2019-09-16,710.0999755859375,723.25,710.0999755859375,719.4500122070312,2500556
2019-09-17,719.9000244140625,719.9000244140625,699.1500244140625,705.9500122070312,2948429
2019-09-18,710.0,718.0999755859375,701.9000244140625,716.75,1666369
2019-09-19,715.7000122070312,715.7000122070312,700.0,703.3499755859375,1570183
2019-09-20,701.2999877929688,716.2000122070312,696.0499877929688,700.8499755859375,3394351
2019-09-23,703.0,704.9500122070312,675.0999755859375,682.7999877929688,2256769
2019-09-24,686.0499877929688,705.9000244140625,683.7000122070312,703.8499755859375,3128057
2019-09-25,704.0499877929688,709.9500122070312,698.0,705.9000244140625,3512690
2019-09-26,705.4500122070312,716.0,701.7999877929688,713.7000122070312,3300104
2019-09-27,710.0,718.6500244140625,702.0499877929688,704.2999877929688,2434719
2019-09-30,704.5,716.5999755859375,696.2000122070312,714.5,2136186
2019-10-01,715.0,715.0,700.0,704.9500122070312,1709480
2019-10-03,705.25,717.75,692.5499877929688,702.5,2111319
2019-10-04,705.0,713.7999877929688,702.5499877929688,708.1500244140625,2273166
2019-10-07,708.1500244140625,716.7999877929688,700.7000122070312,704.7999877929688,2578403
2019-10-09,702.7999877929688,713.9000244140625,701.8499755859375,711.0499877929688,1115851
2019-10-10,708.0499877929688,718.8499755859375,703.5,711.2999877929688,1507268
2019-10-11,701.2999877929688,723.9000244140625,697.5,721.4500122070312,3785425
2019-10-14,721.0,728.6500244140625,717.4500122070312,720.75,1871571
2019-10-15,724.0,729.0,719.0,720.5,1482881
2019-10-16,720.0999755859375,729.75,717.7000122070312,727.7000122070312,2114943
2019-10-17,725.0,731.0,715.9500122070312,724.3499755859375,2177984
2019-10-18,724.4500122070312,737.75,722.7000122070312,734.2000122070312,2907649
2019-10-22,727.4000244140625,732.0,714.2999877929688,717.6500244140625,2825230
2019-10-23,717.6500244140625,734.4000244140625,716.3499755859375,726.5999755859375,2143330
2019-10-24,730.0,745.0,724.4000244140625,726.3499755859375,2888332
2019-10-25,730.9000244140625,730.9000244140625,701.2000122070312,720.9500122070312,2785014
2019-10-27,723.0,737.4000244140625,718.5,726.75,194159
2019-10-29,728.0,763.0,725.0999755859375,754.75,3292048
2019-10-30,762.0,764.7999877929688,745.5499877929688,754.4000244140625,2232609
2019-10-31,754.9500122070312,759.3499755859375,736.5999755859375,739.0,4178139
2019-11-01,740.9000244140625,764.0,740.0,760.4500122070312,4136257
2019-11-04,760.4500122070312,777.5999755859375,753.4500122070312,769.5,4936914
2019-11-05,772.0,775.5499877929688,764.7999877929688,773.25,3303839
2019-11-06,784.0,784.0,767.5999755859375,771.9000244140625,9486591
2019-11-07,775.0,775.0,765.0499877929688,769.7000122070312,2060900
2019-11-08,772.0,777.8499755859375,770.2999877929688,771.3499755859375,2368591
2019-11-11,769.9500122070312,774.5,768.0499877929688,770.4000244140625,1345883
2019-11-13,768.0,773.7999877929688,746.0,757.0499877929688,2434874
2019-11-14,756.0,763.5,748.2999877929688,758.3499755859375,2564424
2019-11-15,758.3499755859375,763.25,749.2999877929688,751.9500122070312,1787358
2019-11-18,752.0,758.2999877929688,747.5,751.7999877929688,2216434
2019-11-19,754.0,766.0,752.0,763.1500244140625,2725437
2019-11-20,764.9000244140625,773.0,755.9500122070312,771.4000244140625,2343750
2019-11-21,775.0,780.0,762.7999877929688,765.1500244140625,2102137
2019-11-22,765.0,765.0,742.7999877929688,754.2000122070312,1819912
2019-11-25,754.2000122070312,765.7000122070312,750.8499755859375,763.5499877929688,1837243
2019-11-26,766.0,767.8499755859375,756.2999877929688,763.5999755859375,2968850
2019-11-27,762.8499755859375,769.5499877929688,757.3499755859375,767.5499877929688,1369944
2019-11-28,765.1500244140625,772.0999755859375,762.0,766.25,1096867
2019-11-29,766.0,772.3499755859375,758.4000244140625,761.4500122070312,1236902
2019-12-02,758.0999755859375,759.9000244140625,732.2999877929688,748.4500122070312,4333335
2019-12-03,748.0499877929688,756.7000122070312,743.2999877929688,746.25,1838085
2019-12-04,746.9000244140625,761.5,743.5499877929688,758.7999877929688,1870954
2019-12-05,755.0,766.75,752.0999755859375,764.9000244140625,2475102
2019-12-06,763.2000122070312,771.3499755859375,755.5499877929688,757.5,1092422
2019-12-09,759.4500122070312,759.4500122070312,746.5,750.3499755859375,1435556
2019-12-10,749.9500122070312,749.9500122070312,737.2999877929688,744.9500122070312,1582428
2019-12-11,741.0,760.0,741.0,757.9500122070312,1644499
2019-12-12,761.0,766.0,752.5,756.4500122070312,1184008
2019-12-13,758.9500122070312,763.9500122070312,748.25,761.8499755859375,2019424
2019-12-16,762.7000122070312,784.0,759.0,773.2999877929688,5810893
2019-12-17,775.5499877929688,782.0,772.5999755859375,777.3499755859375,2421510
2019-12-18,780.0999755859375,794.0,780.0999755859375,786.6500244140625,5676894
2019-12-19,790.0,790.0,778.0999755859375,782.75,2099931
2019-12-20,784.0499877929688,787.7000122070312,778.0,783.3499755859375,2092547
2019-12-23,778.5999755859375,787.4000244140625,774.9500122070312,775.9500122070312,1887292
2019-12-24,776.0,777.9500122070312,767.5999755859375,772.0499877929688,1413973
2019-12-26,771.0,779.0499877929688,768.0499877929688,770.4000244140625,1276520
2019-12-27,771.0,781.4000244140625,769.0999755859375,780.2000122070312,1363474
2019-12-30,782.7000122070312,784.8499755859375,779.0999755859375,782.7000122070312,1055528
2019-12-31,780.0499877929688,780.9500122070312,760.0,762.2999877929688,3004887
2020-01-01,766.0,766.7999877929688,760.3499755859375,762.0999755859375,746371
2020-01-02,762.0999755859375,769.1500244140625,761.0,766.0499877929688,1133488
2020-01-03,766.0,779.9000244140625,763.5499877929688,775.0999755859375,2121704
2020-01-06,774.8499755859375,778.7999877929688,768.1500244140625,770.4000244140625,1734439
2020-01-07,770.0,778.5,760.5999755859375,777.0999755859375,1937143
2020-01-08,770.0999755859375,784.9000244140625,767.0999755859375,769.7999877929688,2596664
2020-01-09,770.5,776.4500122070312,762.2000122070312,773.6500244140625,1678891
2020-01-10,779.0,781.9000244140625,772.4500122070312,776.25,1105725
2020-01-13,779.9000244140625,788.7000122070312,775.0499877929688,785.8499755859375,1393509
2020-01-14,785.8499755859375,797.7999877929688,783.7000122070312,796.25,1628535
2020-01-15,796.1500244140625,803.6500244140625,788.5,795.1500244140625,1759644
2020-01-16,793.0,795.7000122070312,781.0999755859375,782.8499755859375,1110008
2020-01-17,783.5,786.75,775.5,778.4500122070312,989312
2020-01-20,778.5,785.4500122070312,774.5499877929688,778.2000122070312,1620105
2020-01-21,777.25,783.4000244140625,775.0,778.9000244140625,976954
2020-01-22,780.0,790.4500122070312,776.2000122070312,778.75,1192201
2020-01-23,777.25,780.4500122070312,766.9000244140625,768.9500122070312,2018777
2020-01-24,765.0999755859375,788.75,763.2999877929688,787.2999877929688,2364265
2020-01-27,786.0,796.25,779.6500244140625,791.5,1175606
2020-01-28,792.5,795.75,784.5999755859375,794.25,1506685
2020-01-29,796.9000244140625,807.2000122070312,793.5499877929688,804.1500244140625,2565136
2020-01-30,805.5999755859375,807.9500122070312,784.0,791.3499755859375,2493688
2020-01-31,796.8499755859375,802.5,783.0,796.5999755859375,3081521
2020-02-03,808.0,818.7000122070312,790.5,793.1500244140625,3383074
2020-02-04,794.2999877929688,813.0,794.2999877929688,811.0999755859375,1779834
2020-02-05,810.0,816.0,807.0,814.0499877929688,1613898
2020-02-06,812.7000122070312,825.9500122070312,810.0499877929688,817.7000122070312,1553656
2020-02-07,817.7000122070312,825.4500122070312,814.25,824.4500122070312,1397438
2020-02-10,827.0,827.0999755859375,811.5,813.6500244140625,1098971
2020-02-11,813.0,821.8499755859375,811.0499877929688,819.9500122070312,1143705
2020-02-12,820.0,826.4500122070312,816.7999877929688,821.5,1394424
2020-02-13,822.7999877929688,830.0,814.3499755859375,828.0,1737974
2020-02-14,827.0,838.0,825.0499877929688,834.1500244140625,2143044
2020-02-17,835.9500122070312,837.0,827.4500122070312,833.25,793328
2020-02-18,825.3499755859375,840.0,825.3499755859375,838.7999877929688,1507814
2020-02-19,839.0,844.8499755859375,836.0499877929688,840.9000244140625,881874
2020-02-20,840.1500244140625,845.9000244140625,826.9500122070312,829.5999755859375,1066232
2020-02-24,828.9500122070312,843.9000244140625,815.75,820.0999755859375,2917544
2020-02-25,822.0,826.7999877929688,809.0499877929688,822.0999755859375,2479975
2020-02-26,820.0,825.5,808.2000122070312,811.4500122070312,2212784
2020-02-27,807.0,819.7000122070312,800.2000122070312,809.1500244140625,1907768
2020-02-28,789.7999877929688,808.0,732.0499877929688,744.4000244140625,5959364
2020-03-02,742.0,754.4500122070312,734.4000244140625,744.5499877929688,3784522
2020-03-03,750.0,757.6500244140625,742.0999755859375,752.2999877929688,2168900
2020-03-04,754.0,774.8499755859375,748.0,771.2999877929688,2685540
2020-03-05,769.9500122070312,784.0,752.3499755859375,756.0999755859375,2126955
2020-03-06,746.0999755859375,749.75,731.4000244140625,740.4000244140625,2004893
2020-03-09,715.0,730.0,696.5499877929688,704.7999877929688,3429034
2020-03-11,681.0,713.9000244140625,666.0,708.5499877929688,4626185
2020-03-12,676.0,690.0,637.0999755859375,649.8499755859375,3796919
2020-03-13,603.25,670.0,525.9000244140625,655.9500122070312,4553639
2020-03-16,634.7999877929688,634.7999877929688,591.0,603.4000244140625,6499354
2020-03-17,600.0,617.9500122070312,583.2999877929688,595.4500122070312,3333465
2020-03-18,600.0,611.25,570.6500244140625,579.6500244140625,3548257
2020-03-19,549.6500244140625,577.6500244140625,523.0,530.0,4931298
2020-03-20,525.0999755859375,595.4500122070312,525.0999755859375,576.3499755859375,6315992
2020-03-23,540.0,542.0,471.3999938964844,487.20001220703125,2912669
2020-03-24,487.0,533.9500122070312,487.0,503.5,4082147
2020-03-25,509.0,542.8499755859375,507.04998779296875,526.7000122070312,3664272
2020-03-26,539.3499755859375,564.9000244140625,513.0,515.2000122070312,5979874
2020-03-27,525.0,538.7999877929688,498.0,504.1000061035156,4672139
2020-03-30,494.0,532.3499755859375,485.6499938964844,526.7999877929688,4138337
2020-03-31,537.0,575.25,527.8499755859375,565.5,3652911
2020-04-01,560.0,560.2999877929688,510.0,511.20001220703125,4114437
2020-04-03,513.75,533.1500244140625,510.1000061035156,520.9000244140625,5826085
2020-04-07,536.5,557.6500244140625,535.75,549.8499755859375,3531972
2020-04-08,539.9500122070312,569.7999877929688,537.0,558.9000244140625,4113059
2020-04-09,570.0,582.7000122070312,537.5499877929688,545.25,5917001
2020-04-13,551.0,551.0,521.75,526.8499755859375,3822640
2020-04-15,528.0,548.5999755859375,528.0,538.6500244140625,6316254
2020-04-16,527.0,530.0,508.3500061035156,517.6500244140625,7001494
2020-04-17,529.0999755859375,532.0,500.0,509.8500061035156,10839705
2020-04-20,517.9500122070312,531.9000244140625,512.0,524.8499755859375,4549088
2020-04-21,511.0,520.0,505.8999938964844,512.9500122070312,2950307
2020-04-22,512.0,521.9000244140625,507.04998779296875,518.2999877929688,2268496
2020-04-23,519.0,527.8499755859375,509.29998779296875,523.7000122070312,6094748
2020-04-24,522.0,532.5999755859375,502.1000061035156,503.45001220703125,4817852
2020-04-27,511.70001220703125,519.0,506.5,511.70001220703125,4032316
2020-04-28,518.0,528.5,515.5499877929688,520.4000244140625,4972775
2020-04-29,525.9500122070312,536.9000244140625,522.0999755859375,528.7000122070312,6361689
2020-04-30,541.0,552.9000244140625,532.3499755859375,546.25,8931956
2020-05-04,515.0,519.75,498.0,502.45001220703125,14814506
2020-05-05,506.0,514.0,498.20001220703125,499.95001220703125,5717678
2020-05-06,503.75,509.1000061035156,490.0,506.8500061035156,3781531
2020-05-07,508.0,525.8499755859375,506.3500061035156,516.3499755859375,6799899
2020-05-08,526.9000244140625,538.5999755859375,519.2000122070312,536.2000122070312,6016020
2020-05-11,541.5,543.7999877929688,527.2000122070312,530.2000122070312,4272574
2020-05-12,525.0,539.5,525.0,533.25,5691969
2020-05-13,542.0,549.75,531.4000244140625,544.75,3296409
2020-05-14,532.4000244140625,535.0,513.9500122070312,515.7000122070312,6148398
2020-05-15,520.0,520.0,507.3999938964844,510.54998779296875,3628530
2020-05-18,511.5,515.0,501.5,504.04998779296875,3283979
2020-05-19,510.0,519.7000122070312,503.29998779296875,512.5999755859375,3041594
2020-05-20,515.0,524.7999877929688,510.70001220703125,519.2000122070312,2772920
2020-05-21,519.9500122070312,521.5,510.04998779296875,520.0499877929688,2540109
2020-05-22,517.0999755859375,531.0,515.0999755859375,529.6500244140625,4254552
2020-05-26,533.0,540.75,518.8499755859375,520.4500122070312,2719781
2020-05-27,521.6500244140625,526.0,512.0499877929688,523.75,2265885
2020-05-28,528.0,531.8499755859375,517.1500244140625,529.7000122070312,3387672
2020-05-29,529.9000244140625,535.6500244140625,524.4500122070312,530.4500122070312,4081245
2020-06-01,538.5,554.7999877929688,537.0499877929688,543.5499877929688,4913055
2020-06-02,543.5999755859375,548.3499755859375,538.0,547.5,3878973
2020-06-03,554.0,565.5,550.0,553.25,4942023
2020-06-04,557.0,585.0,555.6500244140625,582.0999755859375,10915145
2020-06-05,588.0,593.5499877929688,575.0,579.8499755859375,6207096
2020-06-08,585.7999877929688,599.4500122070312,580.0999755859375,590.0,4791151
2020-06-09,594.0,605.3499755859375,585.0,586.2000122070312,5665593
2020-06-10,591.5,596.9000244140625,582.5,590.5,3438670
2020-06-11,591.0,591.0,564.75,571.8499755859375,3378322
2020-06-12,550.0,561.9000244140625,550.0,554.7000122070312,3603893
2020-06-15,557.0,560.5,543.4000244140625,548.7999877929688,3944724
2020-06-16,556.9500122070312,556.9500122070312,531.1500244140625,533.2999877929688,4262594
2020-06-17,531.0,545.0,528.4000244140625,535.5499877929688,6139224
2020-06-18,535.0499877929688,540.0,531.0,535.9000244140625,2658663
2020-06-19,538.5,542.9500122070312,531.9000244140625,538.8499755859375,5570067
2020-06-22,541.9000244140625,553.25,538.2999877929688,548.5,4352621
2020-06-23,548.0,560.0999755859375,544.5499877929688,558.7999877929688,4438315
2020-06-24,558.7999877929688,566.0,554.4000244140625,560.9500122070312,3500477
2020-06-25,558.0,565.5999755859375,552.0499877929688,554.1500244140625,2386979
2020-06-26,555.5,574.9500122070312,552.5999755859375,560.8499755859375,5288935
2020-06-29,558.9000244140625,558.9000244140625,539.2000122070312,541.5499877929688,3304988
2020-06-30,547.0,548.9000244140625,541.5499877929688,543.4000244140625,2356985
2020-07-01,544.0,547.3499755859375,536.0499877929688,545.9000244140625,3662491
2020-07-02,549.9000244140625,562.5,542.5,560.8499755859375,5966748
2020-07-03,565.9000244140625,572.25,561.0499877929688,567.2000122070312,4007490
2020-07-06,574.9500122070312,588.0,573.0499877929688,581.5499877929688,4909636
2020-07-07,583.8499755859375,592.5,577.0999755859375,586.8499755859375,5126702
2020-07-08,589.9500122070312,593.9000244140625,576.0999755859375,583.4500122070312,3391014
2020-07-09,583.4500122070312,587.7000122070312,572.0499877929688,577.2999877929688,2498146
2020-07-10,572.0,572.0,561.3499755859375,569.0,3959401
2020-07-13,571.9500122070312,601.7999877929688,570.5,600.0499877929688,11008252
2020-07-14,594.9500122070312,603.7999877929688,592.5499877929688,598.2999877929688,5525588
2020-07-15,604.0,630.0,602.0,615.2999877929688,11907668
2020-07-16,627.0,638.9500122070312,588.0999755859375,599.4000244140625,13009798
2020-07-17,604.3499755859375,604.3499755859375,590.2000122070312,599.7000122070312,3307397
2020-07-20,603.8499755859375,625.9500122070312,598.5,622.8499755859375,5461610
2020-07-21,630.0,631.7999877929688,615.3499755859375,620.7000122070312,4218944
2020-07-22,618.0,626.4500122070312,611.5499877929688,617.9500122070312,2879564
2020-07-23,612.9500122070312,634.5999755859375,607.0,632.4500122070312,5038587
2020-07-24,632.5,655.4000244140625,625.25,652.5999755859375,12276883
2020-07-27,657.0,671.75,642.7999877929688,664.5499877929688,11521949
2020-07-28,670.0,702.75,667.0,684.3499755859375,23296517
2020-07-29,686.9500122070312,695.25,671.0,676.4000244140625,5436716
2020-07-30,680.0,687.3499755859375,669.5499877929688,674.75,5126995
2020-07-31,678.4500122070312,685.4500122070312,673.5,681.6500244140625,3114793
2020-08-03,685.9500122070312,686.9500122070312,669.5499877929688,673.5999755859375,3092967
2020-08-04,675.0,676.6500244140625,650.2000122070312,652.6500244140625,5559046
2020-08-05,655.0,661.5,642.5499877929688,648.5499877929688,5139353
2020-08-06,656.0,666.8499755859375,649.1500244140625,660.3499755859375,8644001
2020-08-07,657.75,668.0,654.4000244140625,662.4500122070312,3823897
2020-08-10,668.0,687.3499755859375,662.7000122070312,681.8499755859375,5362182
2020-08-11,690.0999755859375,693.9500122070312,672.0999755859375,674.7999877929688,4331864
2020-08-12,675.0,694.0,672.6500244140625,692.0499877929688,4355435
2020-08-13,695.9000244140625,705.7999877929688,684.2999877929688,697.0499877929688,7108877
2020-08-14,692.0,711.0,692.0,695.9000244140625,6476545
2020-08-17,704.7999877929688,724.4000244140625,698.6500244140625,721.0499877929688,7657241
2020-08-18,725.0,728.0,710.2000122070312,713.0499877929688,4752247
2020-08-19,715.0,729.0,709.0,726.7000122070312,6506907
2020-08-20,720.0,732.0,716.2000122070312,726.4000244140625,6610632
2020-08-21,731.0,736.6500244140625,730.0,732.5999755859375,4207706
2020-08-24,734.9500122070312,734.9500122070312,719.25,722.5,2385907
2020-08-25,727.0,740.3499755859375,714.3499755859375,738.5999755859375,4585917
2020-08-26,740.9500122070312,741.0,727.0,732.8499755859375,3157074
2020-08-27,735.0,746.3499755859375,732.4500122070312,735.5999755859375,3207076
2020-08-28,741.0,758.3499755859375,740.0,752.3499755859375,4223327
2020-08-31,759.7000122070312,774.7000122070312,732.0999755859375,741.0,7224350
2020-09-01,739.0,752.5999755859375,722.7000122070312,727.8499755859375,3563888
2020-09-02,730.1500244140625,745.75,728.1500244140625,735.2000122070312,3467486
2020-09-03,739.9500122070312,762.0,733.0999755859375,759.5499877929688,4606227
2020-09-04,747.0,758.4000244140625,743.5499877929688,748.2000122070312,2954845
2020-09-07,749.7000122070312,751.9000244140625,734.0499877929688,747.0999755859375,3367905
2020-09-08,748.5,769.0,745.0,752.25,5237241
2020-09-09,751.9500122070312,759.9500122070312,744.7000122070312,753.3499755859375,3038259
2020-09-10,756.6500244140625,758.4000244140625,739.2999877929688,750.0,3737568
2020-09-11,749.4000244140625,770.5999755859375,747.5,765.1500244140625,4917946
2020-09-14,770.1500244140625,796.5999755859375,770.0,790.75,9021887
2020-09-15,790.75,803.0999755859375,775.0,791.1500244140625,6339704
2020-09-16,792.0,794.25,784.0,792.0,4279003
2020-09-17,788.0,811.4500122070312,781.2999877929688,786.9500122070312,7591219
2020-09-18,793.0,808.7999877929688,788.0,804.6500244140625,6281494
2020-09-21,807.0,830.0,784.2999877929688,787.25,10789179
2020-09-22,793.0,811.0,772.0,800.4500122070312,9053623
2020-09-23,812.4500122070312,812.4500122070312,783.0999755859375,793.0499877929688,6091530
2020-09-24,787.9500122070312,787.9500122070312,747.5499877929688,751.8499755859375,5929066
2020-09-25,755.0499877929688,777.3499755859375,748.6500244140625,772.3499755859375,6986586
2020-09-28,779.3499755859375,784.4000244140625,772.0,779.4000244140625,3604366
2020-09-29,785.0,790.0,764.0,768.1500244140625,7041805
2020-09-30,773.0,794.7999877929688,765.6500244140625,791.75,5433474
2020-10-01,798.2000122070312,825.3499755859375,797.8499755859375,822.5,10104719
2020-10-05,822.5499877929688,850.9500122070312,821.8499755859375,841.25,8551125
2020-10-06,854.9500122070312,854.9500122070312,832.5,847.4000244140625,4902535
2020-10-07,847.0,848.1500244140625,837.25,846.3499755859375,3943817
2020-10-08,862.0,887.5499877929688,857.6500244140625,860.2999877929688,11398839
2020-10-09,860.5,862.4500122070312,845.25,854.1500244140625,5306496
2020-10-12,861.0,864.7999877929688,848.4000244140625,856.9000244140625,3343240
2020-10-13,856.9000244140625,879.9000244140625,851.0,868.2000122070312,7327471
2020-10-14,869.0,873.7999877929688,845.5999755859375,848.8499755859375,5346616
2020-10-15,853.0,858.3499755859375,806.7000122070312,812.4000244140625,8893099
2020-10-16,813.2000122070312,828.2999877929688,798.7999877929688,822.75,7978964
2020-10-19,828.0,836.5999755859375,817.5999755859375,824.1500244140625,4558879
2020-10-20,820.5999755859375,852.9000244140625,819.5999755859375,849.8499755859375,7382532
2020-10-21,851.0999755859375,857.2000122070312,833.9500122070312,845.9000244140625,4818496
2020-10-22,844.8499755859375,853.9000244140625,828.7999877929688,837.4500122070312,3962610
2020-10-23,840.0,857.4500122070312,833.5499877929688,848.25,7356677
2020-10-26,830.0,854.7000122070312,814.0,819.25,9770648
2020-10-27,826.4000244140625,833.75,816.0,828.6500244140625,5479538
2020-10-28,830.0,836.4500122070312,801.0,804.2999877929688,6829067
2020-10-29,790.0,809.4000244140625,781.8499755859375,804.25,6477299
2020-10-30,806.7000122070312,818.6500244140625,802.7000122070312,813.2999877929688,6189261
2020-11-02,821.4000244140625,824.7999877929688,809.4000244140625,814.6500244140625,4433983
2020-11-03,821.0,825.0,804.2999877929688,808.0999755859375,4599741
2020-11-04,816.0,836.0,812.5999755859375,826.8499755859375,5017595
2020-11-05,836.0,849.7000122070312,833.75,840.7000122070312,4269675
2020-11-06,835.0,854.0,824.0999755859375,851.1500244140625,4123331
2020-11-09,859.0,877.0,855.25,872.75,4297119
2020-11-10,872.0,872.0,819.0999755859375,821.2999877929688,6889383
2020-11-11,820.0,840.6500244140625,812.4500122070312,837.5,5387431
2020-11-12,837.0,848.0,834.5499877929688,843.25,3150886
2020-11-13,838.0,845.7000122070312,833.3499755859375,838.8499755859375,2839192
2020-11-14,844.0,844.9500122070312,837.9500122070312,840.1500244140625,214282
2020-11-17,848.5499877929688,856.5,830.9000244140625,845.25,3635434
2020-11-18,844.0,844.9000244140625,830.1500244140625,836.0999755859375,2772377
2020-11-19,833.0,849.0,820.0,822.9000244140625,5593368
2020-11-20,829.0,844.9500122070312,826.4000244140625,837.5499877929688,6063818
2020-11-23,838.0,869.4000244140625,836.75,865.75,6251814
2020-11-24,870.0,890.0,864.2999877929688,877.6500244140625,7068121
2020-11-25,875.0,880.0,855.25,862.25,4445185
2020-11-26,866.5,867.9500122070312,846.7000122070312,857.0499877929688,5169423
2020-11-27,864.0,885.9500122070312,855.2999877929688,876.8499755859375,16482729
2020-12-01,900.0,914.1500244140625,871.6500244140625,907.2999877929688,5821698
2020-12-02,897.0499877929688,912.5,887.2000122070312,908.7000122070312,5516684
2020-12-03,913.0,920.5999755859375,902.9500122070312,915.1500244140625,5705020
2020-12-04,915.0,929.2999877929688,907.0499877929688,923.0999755859375,4302626
2020-12-07,915.5,950.8499755859375,914.0,944.2999877929688,3973325
2020-12-08,945.0,947.2000122070312,922.7000122070312,932.2999877929688,4399638
2020-12-09,938.0,939.7000122070312,925.9000244140625,929.5,4157078
2020-12-10,925.0,932.5999755859375,917.0999755859375,927.2999877929688,2608358
2020-12-11,922.2000122070312,931.0,916.4500122070312,919.4000244140625,2398423
2020-12-14,924.0,924.25,906.0499877929688,909.4000244140625,3239051
2020-12-15,900.3499755859375,928.6500244140625,898.4500122070312,927.0499877929688,3490143
2020-12-16,935.0,935.0,917.0,921.5499877929688,2799394
2020-12-17,921.5499877929688,932.75,912.4000244140625,930.0999755859375,2706570
2020-12-18,935.0,947.0,928.2999877929688,933.7999877929688,5563979
2020-12-21,928.1500244140625,944.6500244140625,890.0,906.8499755859375,4187948
2020-12-22,910.0,948.9000244140625,903.2000122070312,944.6500244140625,5537682
2020-12-23,946.5499877929688,959.75,941.0,948.1500244140625,5456681
2020-12-24,951.0,956.0,934.7999877929688,947.25,2510775
2020-12-28,947.25,956.4500122070312,944.25,947.0999755859375,1870669
2020-12-29,948.0,968.25,943.8499755859375,965.6500244140625,4392641
2020-12-30,970.0,985.0,967.7999877929688,983.25,6389605
2020-12-31,981.9500122070312,986.4000244140625,968.7000122070312,973.2000122070312,2859399
2021-01-01,976.0,981.2000122070312,971.2000122070312,977.9500122070312,1268291
2021-01-04,980.5999755859375,1005.0,975.0,1001.9500122070312,3515825
2021-01-05,1002.5,1007.9500122070312,991.2999877929688,1003.8499755859375,4040321
2021-01-06,1004.0,1026.0,983.3499755859375,997.1500244140625,4677359
2021-01-07,1005.5,1010.0,988.5999755859375,994.75,3354950
2021-01-08,1007.75,1060.0,1005.4500122070312,1051.0999755859375,9279370
2021-01-11,1062.0999755859375,1081.550048828125,1040.5,1077.5999755859375,6488791
2021-01-12,1077.5999755859375,1077.6500244140625,1053.0,1064.199951171875,4257926
2021-01-13,1074.0,1078.75,1050.050048828125,1069.6500244140625,4671772
2021-01-14,1064.0,1064.0,1030.0,1052.5999755859375,4765344
2021-01-15,1049.5,1062.800048828125,1002.6500244140625,1007.2999877929688,6063896
2021-01-18,998.0,1013.7999877929688,991.9500122070312,998.25,4659705
2021-01-19,1006.5999755859375,1008.4500122070312,987.2000122070312,992.5,4416027
2021-01-20,997.0,1023.4000244140625,997.0,1019.4500122070312,4687853
2021-01-21,1026.0,1033.3499755859375,994.5,1004.7000122070312,3911527
2021-01-22,1004.7000122070312,1005.0,975.0,980.8499755859375,3922421
2021-01-25,985.8499755859375,997.9000244140625,962.2000122070312,972.0499877929688,2751784
2021-01-27,978.0,1004.9000244140625,973.6500244140625,997.0999755859375,6975618
2021-01-28,990.0,990.0,965.0,981.5999755859375,4274190
2021-01-29,990.0999755859375,995.9000244140625,956.0,961.4000244140625,4425911
2021-02-01,961.9000244140625,961.9000244140625,921.1500244140625,941.75,6321189
2021-02-02,955.0,972.9000244140625,937.5,957.2000122070312,4971530
2021-02-03,965.0,1000.0,960.0999755859375,981.4500122070312,5640121
2021-02-04,987.9500122070312,988.0,964.2999877929688,969.2000122070312,4232910
2021-02-05,972.3499755859375,980.8499755859375,950.0499877929688,959.4000244140625,3077720
2021-02-08,969.7999877929688,993.0,960.5499877929688,982.5499877929688,3713579
2021-02-09,978.5999755859375,999.7999877929688,967.25,975.0999755859375,3086774
2021-02-10,975.5,980.25,957.5999755859375,974.9000244140625,2776301
2021-02-11,975.0,988.6500244140625,972.8499755859375,985.5999755859375,2070435
2021-02-12,990.0,1009.0,986.25,991.2000122070312,5863879
2021-02-15,996.0,996.0,977.5,979.2000122070312,2487825
2021-02-16,990.0,1000.0,973.5,986.7999877929688,3912433
2021-02-17,989.0,996.5999755859375,971.4000244140625,980.4500122070312,2227724
2021-02-18,982.0,1015.5,981.5,1010.5999755859375,6742595
2021-02-19,1013.6500244140625,1019.2000122070312,972.6500244140625,993.9500122070312,4357699
2021-02-22,998.9500122070312,1011.0,941.9000244140625,950.7000122070312,5946290
2021-02-23,952.0,962.75,931.0,945.75,4120032
2021-02-24,950.0,963.9000244140625,936.6500244140625,960.0499877929688,1686531
2021-02-25,964.0,969.0,952.25,957.7999877929688,3682791
2021-02-26,945.0,948.8499755859375,915.0,918.8499755859375,5254937
2021-03-01,935.4500122070312,957.0,926.3499755859375,936.0,3429569
2021-03-02,944.5,971.0,942.0,967.0999755859375,3703190
2021-03-03,972.2000122070312,980.2000122070312,961.4500122070312,976.0,3203532
2021-03-04,960.0,994.7000122070312,955.5999755859375,968.0499877929688,5134954
2021-03-05,965.2000122070312,980.9000244140625,957.0,959.7000122070312,2618145
2021-03-08,963.0,980.0,962.0,968.5,2880739
2021-03-09,973.0,998.5,961.5499877929688,988.1500244140625,2814747
2021-03-10,1002.0,1016.7999877929688,993.0,1008.75,5268496
2021-03-12,1000.0,1024.5999755859375,996.1500244140625,1003.25,4674919
2021-03-15,1005.0,1029.949951171875,1002.0,1026.6500244140625,5203101
2021-03-16,1032.0,1045.0,1021.0999755859375,1026.550048828125,4797715
2021-03-17,1024.0,1043.199951171875,1015.5999755859375,1020.0499877929688,3477295
2021-03-18,1034.0,1035.0,978.5999755859375,996.2000122070312,3738712
2021-03-19,992.0,1000.75,975.1500244140625,989.4500122070312,6208000
2021-03-22,989.9000244140625,1017.4000244140625,978.2999877929688,1013.5499877929688,3873143
2021-03-23,1013.5499877929688,1021.5,1000.5499877929688,1013.8499755859375,3782337
2021-03-24,1003.75,1013.3499755859375,987.25,992.1500244140625,2749823
2021-03-25,992.7000122070312,996.9000244140625,964.0999755859375,968.7000122070312,3654840
2021-03-26,977.9000244140625,997.7999877929688,977.0,991.0,2761824
2021-03-30,991.5,1019.7999877929688,991.5,1016.9000244140625,4300037
2021-03-31,1023.0,1023.0,989.2000122070312,991.4500122070312,3780505
2021-04-01,1000.0,1007.7999877929688,986.0,992.1500244140625,3555291
2021-04-05,992.0,1007.2000122070312,978.2000122070312,997.7000122070312,5118272
2021-04-06,1006.0,1008.0,988.5499877929688,991.3499755859375,2395572
2021-04-07,992.0,1005.6500244140625,982.0999755859375,1002.4000244140625,2974419
2021-04-08,1008.0,1049.8499755859375,1005.0,1029.0,6737118
2021-04-09,1028.949951171875,1056.800048828125,1016.5499877929688,1053.0,6029994
2021-04-12,1051.0,1059.050048828125,1016.7999877929688,1039.8499755859375,7896295
2021-04-13,1045.0,1050.25,983.0,1001.8499755859375,6448995
2021-04-15,1001.8499755859375,1007.7999877929688,970.2999877929688,993.1500244140625,4373215
2021-04-16,998.0,1013.5,996.0,1010.2999877929688,2660763
2021-04-19,999.0999755859375,1009.4000244140625,983.2999877929688,1000.0999755859375,2777425
2021-04-20,996.0,1007.5,973.3499755859375,983.4000244140625,4028636
2021-04-22,973.5999755859375,985.5,960.6500244140625,967.7999877929688,5085190
2021-04-23,966.5,970.9500122070312,945.4000244140625,950.2000122070312,3916517
2021-04-26,951.0,970.0,937.0,962.2000122070312,5053998
2021-04-27,962.7000122070312,987.5999755859375,944.1500244140625,969.25,10497935
2021-04-28,975.0,980.0,968.0,977.4000244140625,2968625
2021-04-29,985.0,985.0,970.5499877929688,976.9000244140625,2747579
2021-04-30,973.7999877929688,976.9000244140625,955.4000244140625,960.4000244140625,3129105
2021-05-03,960.0,965.0,955.0,957.7000122070312,3506839
2021-05-04,964.0,969.9000244140625,955.5999755859375,960.4000244140625,4064221
2021-05-05,972.5999755859375,972.5999755859375,953.75,960.4000244140625,3041045
2021-05-06,965.0,984.7000122070312,957.8499755859375,977.9500122070312,4620827
2021-05-07,980.0,984.25,972.0999755859375,980.9500122070312,2002597
2021-05-10,985.0,992.6500244140625,973.0999755859375,990.5,2036101
2021-05-11,984.0,986.9500122070312,970.5,977.0499877929688,2029457
2021-05-12,977.0,977.0,950.4000244140625,962.3499755859375,3070622
2021-05-14,963.0,966.4500122070312,941.4000244140625,952.2000122070312,2090820
2021-05-17,954.0,957.9500122070312,943.0,953.3499755859375,2281200
2021-05-18,960.3499755859375,979.0,957.0499877929688,970.75,2000985
2021-05-19,969.0,986.2999877929688,962.5999755859375,977.6500244140625,2152740
2021-05-20,984.7999877929688,984.7999877929688,965.2000122070312,973.0999755859375,1769194
2021-05-21,976.9500122070312,986.0,971.8499755859375,980.5,1534262
2021-05-24,979.7999877929688,994.0,975.0999755859375,983.7000122070312,1830838
2021-05-25,990.0499877929688,1001.7000122070312,983.7999877929688,992.6500244140625,2719646
2021-05-26,995.6500244140625,1012.0,993.0,1007.7999877929688,2013788
2021-05-27,1007.0,1032.0,1006.9000244140625,1019.7999877929688,6393813
2021-05-28,1020.0,1033.0,1012.5999755859375,1026.25,1839013
2021-05-31,1025.0,1032.0,1013.0,1021.6500244140625,1801746
2021-06-01,1024.699951171875,1032.0,1013.3499755859375,1030.5,1262702
2021-06-02,1020.2000122070312,1024.699951171875,994.0,1016.9500122070312,5252186
2021-06-03,1016.9500122070312,1020.75,1007.0,1014.3499755859375,2024676
2021-06-04,1019.5499877929688,1026.949951171875,1011.0,1019.2000122070312,2315912
2021-06-07,1024.949951171875,1038.949951171875,1019.4500122070312,1034.4000244140625,1745475
2021-06-08,1039.0,1060.9000244140625,1037.050048828125,1057.75,4517995
2021-06-09,1057.75,1064.449951171875,1046.199951171875,1052.25,2163655
2021-06-10,1059.699951171875,1074.0,1056.5,1064.9000244140625,3934077
2021-06-11,1064.9000244140625,1082.4000244140625,1054.9000244140625,1073.0,4988857
2021-06-14,1073.0,1079.3499755859375,1058.0,1069.25,2757666
2021-06-15,1069.25,1093.0,1061.6500244140625,1066.8499755859375,3484298
2021-06-16,1070.0,1077.949951171875,1055.0,1069.1500244140625,1881596
2021-06-17,1059.949951171875,1084.699951171875,1057.050048828125,1080.25,3161931
2021-06-18,1089.5,1091.5999755859375,1055.0,1070.699951171875,4396398
2021-06-21,1059.0,1070.050048828125,1055.0,1062.9000244140625,1074790
2021-06-22,1061.050048828125,1072.0,1053.699951171875,1057.199951171875,2437289
2021-06-23,1060.0,1062.300048828125,1038.449951171875,1056.449951171875,4130539
2021-06-24,1056.550048828125,1082.300048828125,1052.5,1080.0,3617010
2021-06-25,1087.4000244140625,1103.199951171875,1077.0,1089.5,3200049
2021-06-28,1091.0,1108.0,1081.0999755859375,1105.0999755859375,2143755
2021-06-29,1109.0,1109.4000244140625,1083.0,1088.1500244140625,2956332
2021-06-30,1088.199951171875,1105.0,1083.300048828125,1095.449951171875,1917370
2021-07-01,1096.0,1099.3499755859375,1081.0,1085.1500244140625,1459518
2021-07-02,1087.0,1097.5,1075.0,1089.4000244140625,1669409
2021-07-05,1093.0,1094.949951171875,1071.199951171875,1074.6500244140625,2597359
2021-07-06,1074.6500244140625,1074.6500244140625,1047.75,1049.550048828125,3865594
2021-07-07,1049.550048828125,1059.5,1030.0999755859375,1045.9000244140625,3713891
2021-07-08,1049.0,1063.4000244140625,1045.0,1060.1500244140625,2171947
2021-07-09,1055.199951171875,1068.800048828125,1049.0,1051.75,1889035
2021-07-12,1057.0,1058.699951171875,1046.0999755859375,1056.5999755859375,3224820
2021-07-13,1062.0,1062.0,1048.0,1050.1500244140625,1908081
2021-07-14,1054.0,1080.0,1048.0,1078.5,3173326
2021-07-15,1078.0,1119.699951171875,1076.4000244140625,1112.449951171875,5922995
2021-07-16,1112.4000244140625,1118.300048828125,1083.050048828125,1103.1500244140625,2323939
2021-07-19,1088.0,1110.449951171875,1086.0999755859375,1094.199951171875,1409001
2021-07-20,1095.949951171875,1102.199951171875,1084.9000244140625,1087.199951171875,1230858
2021-07-22,1080.0,1152.5,1080.0,1148.5999755859375,7309727
2021-07-23,1123.949951171875,1141.5,1115.0999755859375,1131.0,2840803
2021-07-26,1131.0,1138.550048828125,1116.550048828125,1120.199951171875,984581
2021-07-27,1120.199951171875,1127.699951171875,1104.050048828125,1120.8499755859375,1397105
2021-07-28,1124.0,1130.699951171875,1106.5,1119.550048828125,2533035
2021-07-29,1128.699951171875,1141.3499755859375,1115.0999755859375,1127.800048828125,3821405
2021-07-30,1185.0,1237.300048828125,1175.0,1209.550048828125,20425030
2021-08-02,1210.0,1214.0,1195.550048828125,1210.699951171875,2385223
2021-08-03,1211.0,1230.0,1210.0,1226.25,2603616
2021-08-04,1225.199951171875,1230.4000244140625,1213.699951171875,1216.5,1938175
2021-08-05,1217.050048828125,1254.0,1217.0,1248.199951171875,5790873
2021-08-06,1252.0,1273.0,1243.050048828125,1264.5999755859375,3894726
2021-08-09,1290.4000244140625,1306.800048828125,1266.0,1287.449951171875,6585101
2021-08-10,1288.0,1329.699951171875,1282.4000244140625,1323.050048828125,6314469
2021-08-11,1323.050048828125,1326.75,1298.3499755859375,1323.5999755859375,3430349
2021-08-12,1323.0,1394.800048828125,1317.75,1386.550048828125,8613315
2021-08-13,1380.0999755859375,1390.0,1365.9000244140625,1383.1500244140625,4760344
2021-08-16,1381.949951171875,1399.949951171875,1360.25,1367.8499755859375,2912430
2021-08-17,1372.0,1428.800048828125,1370.5,1413.699951171875,8042970
2021-08-18,1418.0,1425.0,1404.25,1412.5,2939739
2021-08-20,1370.6500244140625,1420.0,1370.6500244140625,1399.199951171875,4051399
2021-08-23,1415.449951171875,1442.949951171875,1409.0,1416.0,3987240
2021-08-24,1421.9000244140625,1467.0,1420.0,1463.3499755859375,5366923
2021-08-25,1463.0,1478.0,1450.0,1463.0999755859375,3105863
2021-08-26,1459.800048828125,1466.75,1444.0,1449.5,1993944
2021-08-27,1449.8499755859375,1457.0999755859375,1431.199951171875,1445.4000244140625,3097939
2021-08-30,1450.0,1455.0,1415.9000244140625,1419.199951171875,2742699
2021-08-31,1424.800048828125,1454.0,1406.949951171875,1447.6500244140625,6392991
2021-09-01,1450.0,1468.25,1427.5,1436.300048828125,1829925
2021-09-02,1436.0,1452.550048828125,1421.199951171875,1437.800048828125,3860958
2021-09-03,1444.0,1449.699951171875,1425.0999755859375,1441.949951171875,1919590
2021-09-06,1448.0,1467.9000244140625,1436.0999755859375,1461.1500244140625,1801171
2021-09-07,1468.949951171875,1472.9000244140625,1432.300048828125,1435.199951171875,1940043
2021-09-08,1440.199951171875,1442.3499755859375,1419.8499755859375,1427.8499755859375,2256454
2021-09-09,1425.5999755859375,1437.9000244140625,1414.0,1433.25,2303457
2021-09-13,1436.0,1439.800048828125,1420.3499755859375,1429.5,1937241
2021-09-14,1435.0,1457.0,1429.5,1452.050048828125,1554999
2021-09-15,1442.0999755859375,1480.0,1437.949951171875,1464.8499755859375,2410087
2021-09-16,1464.8499755859375,1469.0,1440.0,1448.3499755859375,1800078
2021-09-17,1451.0,1472.0,1436.5999755859375,1451.550048828125,2861623
2021-09-20,1440.0,1493.1500244140625,1426.3499755859375,1431.300048828125,2526342
2021-09-21,1439.0,1466.449951171875,1420.4000244140625,1461.699951171875,1713705
2021-09-22,1464.0,1527.9000244140625,1456.5,1513.5999755859375,5145820
2021-09-23,1525.0999755859375,1531.0,1504.0,1521.5,2015302
2021-09-24,1530.0,1547.8499755859375,1511.050048828125,1514.75,3592146
2021-09-27,1523.0,1525.0,1459.199951171875,1464.4000244140625,2728552
2021-09-28,1464.4000244140625,1465.0,1408.4000244140625,1414.050048828125,3995669
2021-09-29,1400.0,1408.949951171875,1372.75,1395.3499755859375,7948104
2021-09-30,1388.0,1402.6500244140625,1377.0,1380.5999755859375,3856630
2021-10-01,1375.0,1384.0,1364.800048828125,1371.25,2661824
2021-10-04,1384.699951171875,1405.550048828125,1372.050048828125,1399.050048828125,2538936
2021-10-05,1399.0999755859375,1421.0,1381.0,1413.050048828125,2481825
2021-10-06,1422.9000244140625,1426.9000244140625,1379.949951171875,1385.6500244140625,2769341
2021-10-07,1397.949951171875,1423.300048828125,1375.6500244140625,1417.199951171875,1956325
2021-10-08,1418.5,1447.0,1418.5,1439.949951171875,2665924
2021-10-11,1420.0,1434.449951171875,1385.5999755859375,1400.199951171875,3073366
2021-10-12,1399.0,1402.8499755859375,1361.0,1374.449951171875,2965629
2021-10-13,1386.9000244140625,1410.0,1377.0,1402.1500244140625,1738985
2021-10-14,1432.0,1459.5999755859375,1410.5,1430.800048828125,4328124
2021-10-18,1420.0,1486.949951171875,1420.0,1479.6500244140625,3579606
2021-10-19,1498.0,1569.800048828125,1477.050048828125,1539.0999755859375,8645334
2021-10-20,1544.0,1576.5,1515.800048828125,1539.300048828125,5159270
2021-10-21,1546.1500244140625,1546.1500244140625,1476.050048828125,1524.25,4261416
2021-10-22,1531.0,1561.949951171875,1483.75,1517.449951171875,5223521
2021-10-25,1531.0,1535.0,1483.800048828125,1524.0999755859375,3890467
2021-10-26,1571.9000244140625,1630.0,1543.0,1563.300048828125,16978043
2021-10-27,1561.8499755859375,1587.0999755859375,1527.5,1567.8499755859375,3624131
2021-10-28,1578.0,1582.8499755859375,1526.0,1533.300048828125,3054565
2021-10-29,1527.3499755859375,1542.75,1467.800048828125,1477.8499755859375,3795495
2021-11-01,1490.0,1529.9000244140625,1487.050048828125,1522.1500244140625,2271900
2021-11-02,1522.25,1522.949951171875,1488.050048828125,1490.5999755859375,2041689
2021-11-03,1498.0,1537.699951171875,1493.5999755859375,1498.550048828125,2697346
2021-11-04,1509.0,1515.0,1501.0,1505.8499755859375,166444
2021-11-08,1508.0,1562.800048828125,1504.300048828125,1556.199951171875,3050392
2021-11-09,1561.0,1572.0,1553.0,1559.199951171875,2061369
2021-11-10,1555.949951171875,1573.3499755859375,1546.550048828125,1566.5999755859375,1299996
2021-11-11,1560.0,1560.0,1515.0,1521.949951171875,3027565
2021-11-12,1538.5,1589.449951171875,1531.300048828125,1585.0,3713868
2021-11-15,1585.0,1601.5,1573.3499755859375,1579.1500244140625,2448280
2021-11-16,1585.0999755859375,1605.0,1576.0,1599.9000244140625,2864344
2021-11-17,1598.5,1625.0,1595.0,1618.449951171875,2304359
2021-11-18,1620.199951171875,1624.75,1559.5,1567.75,2938804
2021-11-22,1581.800048828125,1581.800048828125,1520.0,1541.300048828125,1951782
2021-11-23,1522.0,1564.449951171875,1506.300048828125,1560.550048828125,1823592
2021-11-24,1568.800048828125,1569.9000244140625,1530.0,1538.0999755859375,1644163
2021-11-25,1531.0,1564.800048828125,1530.050048828125,1559.3499755859375,1557493
2021-11-26,1544.0,1550.0,1510.1500244140625,1527.4000244140625,1522173
2021-11-29,1515.0,1545.5,1479.4000244140625,1536.6500244140625,1995524
2021-11-30,1529.0,1594.449951171875,1526.5,1541.449951171875,5662900
2021-12-01,1550.0,1594.4000244140625,1550.0,1587.5999755859375,2761193
2021-12-02,1590.0,1632.5,1580.0,1629.6500244140625,2664202
2021-12-03,1625.0,1638.25,1589.699951171875,1593.300048828125,2400296
2021-12-06,1606.0,1619.550048828125,1546.8499755859375,1551.75,2911781
2021-12-07,1564.0,1581.3499755859375,1536.0,1576.6500244140625,1758254
2021-12-08,1582.6500244140625,1614.800048828125,1582.050048828125,1604.800048828125,1604565
2021-12-09,1593.0,1620.0,1585.0,1611.199951171875,1947954
2021-12-10,1611.0,1611.199951171875,1578.550048828125,1602.6500244140625,1776362
2021-12-13,1605.0,1655.5,1597.449951171875,1638.1500244140625,3163063
2021-12-14,1640.0,1665.0,1625.6500244140625,1642.699951171875,2725454
2021-12-15,1639.0,1646.300048828125,1615.9000244140625,1641.5999755859375,1622068
2021-12-16,1649.0,1667.6500244140625,1642.199951171875,1652.6500244140625,2225836
2021-12-17,1669.199951171875,1675.0,1626.9000244140625,1642.8499755859375,3405084
2021-12-20,1635.0,1638.3499755859375,1576.5999755859375,1598.050048828125,2233189
2021-12-21,1605.5,1655.300048828125,1605.5,1632.949951171875,2237445
2021-12-22,1645.0,1661.699951171875,1631.75,1659.75,1656110
2021-12-23,1670.0,1691.0999755859375,1664.1500244140625,1683.800048828125,1715034
2021-12-24,1683.3499755859375,1735.199951171875,1680.3499755859375,1723.800048828125,3343946
2021-12-27,1724.5,1792.0,1703.6500244140625,1785.0,4512000
2021-12-28,1785.0,1823.0,1776.0999755859375,1806.0999755859375,3605483
2021-12-29,1800.5,1821.0,1782.75,1786.8499755859375,1902921
2021-12-30,1787.0,1838.0,1786.0,1799.949951171875,4650594
2021-12-31,1800.199951171875,1813.0,1783.449951171875,1790.550048828125,2378048
2022-01-03,1795.050048828125,1818.0,1783.0,1784.800048828125,1779147
2022-01-04,1793.0,1803.800048828125,1767.0,1789.800048828125,2701533
2022-01-05,1779.949951171875,1782.949951171875,1733.0,1737.550048828125,3138050
2022-01-06,1725.0,1728.8499755859375,1690.0,1692.0999755859375,4290750
2022-01-07,1702.0,1724.550048828125,1695.0999755859375,1703.8499755859375,2103362
2022-01-10,1719.0,1725.0,1687.5,1716.0,2330348
2022-01-11,1705.0,1745.0,1705.0,1737.1500244140625,2704832
2022-01-12,1754.0,1755.0,1721.0,1730.449951171875,3013194
2022-01-13,1730.0,1748.9000244140625,1701.800048828125,1718.800048828125,2768371
2022-01-14,1714.5,1746.800048828125,1696.5,1737.75,1889385
2022-01-17,1732.949951171875,1751.0,1720.0,1722.4000244140625,2522806
2022-01-18,1740.0,1746.550048828125,1650.050048828125,1660.75,4878369
2022-01-19,1663.0999755859375,1676.5999755859375,1627.550048828125,1670.0999755859375,2610709
2022-01-20,1670.0999755859375,1673.199951171875,1643.550048828125,1666.9000244140625,2440011
2022-01-21,1650.0,1653.0,1588.8499755859375,1593.550048828125,4079190
2022-01-24,1588.0,1588.0,1501.949951171875,1513.1500244140625,3250275
2022-01-25,1499.0,1527.6500244140625,1465.0,1500.5999755859375,3910618
2022-01-27,1484.5,1484.5,1430.0,1445.5999755859375,4434890
2022-01-28,1446.0,1482.9000244140625,1406.25,1410.6500244140625,7080683
2022-01-31,1437.0,1487.5999755859375,1431.5,1479.0,4406035
2022-02-01,1504.0,1514.949951171875,1475.0,1505.75,2542754
2022-02-02,1479.9000244140625,1490.0,1443.0,1482.949951171875,9031146
2022-02-03,1478.9000244140625,1479.800048828125,1449.0999755859375,1454.300048828125,2433692
2022-02-04,1464.0,1464.949951171875,1435.0,1448.199951171875,2406272
2022-02-07,1450.0,1465.75,1434.0,1444.300048828125,2741520
2022-02-08,1446.5,1456.1500244140625,1420.199951171875,1434.199951171875,1981111
2022-02-09,1440.050048828125,1470.949951171875,1440.050048828125,1454.800048828125,2282701
2022-02-10,1465.0,1472.0,1450.300048828125,1468.5,1850405
2022-02-11,1449.8499755859375,1449.949951171875,1421.0,1424.9000244140625,2426039
2022-02-14,1390.0,1418.800048828125,1371.0,1390.1500244140625,2149302
2022-02-15,1404.050048828125,1442.5999755859375,1395.050048828125,1439.6500244140625,1955525
2022-02-16,1450.5,1463.949951171875,1428.8499755859375,1444.0,2164650
2022-02-17,1461.449951171875,1461.449951171875,1440.25,1447.550048828125,1669669
2022-02-18,1438.449951171875,1445.0,1417.0999755859375,1437.949951171875,2374188
2022-02-21,1427.1500244140625,1440.0,1410.0999755859375,1418.199951171875,2109461
2022-02-22,1380.5,1420.699951171875,1375.0,1412.550048828125,2111878
2022-02-23,1422.0,1424.949951171875,1409.199951171875,1413.300048828125,1319711
2022-02-24,1370.5,1400.0,1330.0,1333.0,4108603
2022-02-25,1355.0,1400.0,1350.0999755859375,1389.699951171875,1885454
2022-02-28,1380.0,1419.8499755859375,1363.25,1410.0,4983140
2022-03-02,1400.0,1420.699951171875,1382.75,1394.3499755859375,2160190
2022-03-03,1409.800048828125,1443.5999755859375,1405.1500244140625,1426.6500244140625,2730530
2022-03-04,1415.0,1460.0,1398.5,1453.5999755859375,3567738
2022-03-07,1428.0,1464.0,1411.050048828125,1424.0999755859375,3341715
2022-03-08,1420.0,1466.9000244140625,1420.0,1461.949951171875,2365949
2022-03-09,1461.949951171875,1511.0,1461.949951171875,1504.75,3667977
2022-03-10,1525.0,1525.949951171875,1474.5,1485.3499755859375,2835942
2022-03-11,1476.0,1491.8499755859375,1472.5,1486.800048828125,1116432
2022-03-14,1487.0,1508.9000244140625,1487.0,1503.0,1372791
2022-03-15,1514.0,1515.0,1448.0,1458.5999755859375,2188506
2022-03-16,1475.199951171875,1494.5,1468.4000244140625,1489.9000244140625,1453944
2022-03-17,1505.0,1509.949951171875,1487.0,1493.5,2346185
2022-03-21,1495.0,1520.0,1476.199951171875,1479.800048828125,2110200
2022-03-22,1486.9000244140625,1543.949951171875,1475.050048828125,1538.199951171875,3030660
2022-03-23,1550.0,1561.699951171875,1529.199951171875,1542.1500244140625,3741783
2022-03-24,1530.1500244140625,1571.949951171875,1530.1500244140625,1568.550048828125,2085571
2022-03-25,1571.0,1574.949951171875,1522.4000244140625,1530.550048828125,1755511
2022-03-28,1534.0,1538.949951171875,1516.550048828125,1524.449951171875,1928306
2022-03-29,1537.0,1539.550048828125,1519.0999755859375,1522.3499755859375,2311150
2022-03-30,1534.300048828125,1534.300048828125,1485.0,1496.300048828125,3792481
2022-03-31,1496.300048828125,1509.5999755859375,1487.199951171875,1499.449951171875,2036984
2022-04-01,1499.0,1502.6500244140625,1475.449951171875,1487.0999755859375,2537230
2022-04-04,1487.0999755859375,1504.300048828125,1483.6500244140625,1498.6500244140625,1675276
2022-04-05,1508.0,1522.5,1480.0,1489.050048828125,3207223
2022-04-06,1482.0,1482.0,1454.0,1459.3499755859375,2627895
2022-04-07,1454.0,1474.6500244140625,1450.699951171875,1468.550048828125,3336784
2022-04-08,1475.0,1483.4000244140625,1440.0,1448.75,5402943
2022-04-11,1455.949951171875,1462.3499755859375,1435.6500244140625,1449.199951171875,3268704
2022-04-12,1436.3499755859375,1441.5999755859375,1406.449951171875,1415.0,2021088
2022-04-13,1418.0999755859375,1428.699951171875,1403.4000244140625,1410.449951171875,1430399
2022-04-18,1390.0,1390.0,1330.199951171875,1344.550048828125,3968044
2022-04-19,1361.8499755859375,1361.8499755859375,1285.6500244140625,1301.199951171875,2677360
2022-04-20,1305.4000244140625,1320.949951171875,1295.75,1309.199951171875,3025261
2022-04-21,1313.9000244140625,1319.0,1297.449951171875,1312.699951171875,3728173
2022-04-22,1305.0,1324.0,1292.8499755859375,1306.5,1954666
2022-04-25,1295.0,1297.949951171875,1262.5999755859375,1270.4000244140625,2686619
2022-04-26,1281.4000244140625,1285.699951171875,1265.0,1275.449951171875,2568317
2022-04-27,1267.75,1274.5,1246.25,1261.25,2382463
2022-04-28,1273.800048828125,1284.4000244140625,1250.199951171875,1271.300048828125,2576887
2022-04-29,1284.0,1284.800048828125,1248.3499755859375,1259.0,3811317
2022-05-02,1240.0,1249.0,1224.199951171875,1231.199951171875,2149957
2022-05-04,1232.449951171875,1243.949951171875,1200.0,1212.800048828125,2797667
2022-05-05,1232.8499755859375,1266.0999755859375,1222.1500244140625,1263.3499755859375,3563713
2022-05-06,1239.699951171875,1299.0,1228.699951171875,1290.75,5745203
2022-05-09,1280.0,1280.0,1210.0,1261.1500244140625,5712061
2022-05-10,1255.0,1271.449951171875,1235.0,1242.300048828125,2852416
2022-05-11,1243.0,1265.6500244140625,1207.300048828125,1224.449951171875,3244609
2022-05-12,1209.0,1232.8499755859375,1197.050048828125,1212.800048828125,3110220
2022-05-13,1228.0,1234.550048828125,1195.0,1202.8499755859375,1892084
2022-05-16,1190.0,1221.0,1156.949951171875,1189.050048828125,3474480
2022-05-17,1195.800048828125,1210.0,1183.1500244140625,1198.199951171875,4434968
2022-05-18,1209.0,1230.5,1168.5,1172.050048828125,5294021
2022-05-19,1153.0,1153.9000244140625,1100.0,1108.3499755859375,4393100
2022-05-20,1128.0,1134.800048828125,1114.75,1130.9000244140625,2461651
2022-05-23,1134.0,1147.800048828125,1115.6500244140625,1142.9000244140625,2783695
2022-05-24,1148.0,1151.8499755859375,1091.0,1098.3499755859375,3666196
2022-05-25,1091.050048828125,1094.9000244140625,1045.0,1060.1500244140625,4711542
2022-05-26,1070.0,1089.5,1055.949951171875,1078.5999755859375,2946857
2022-05-27,1095.0,1126.199951171875,1092.0,1123.25,3367600
2022-05-30,1142.9000244140625,1170.5,1135.449951171875,1164.0,2469771
2022-05-31,1152.0,1192.0,1148.6500244140625,1180.25,9674664
2022-06-01,1186.1500244140625,1197.0,1143.0999755859375,1146.5999755859375,2419021
2022-06-02,1140.0,1155.4000244140625,1131.699951171875,1146.0,3206663
2022-06-03,1160.0,1182.0,1144.0999755859375,1147.9000244140625,3229236
2022-06-06,1146.0,1149.0,1111.0999755859375,1144.199951171875,3938875
2022-06-07,1130.0999755859375,1139.800048828125,1120.699951171875,1130.300048828125,1656444
2022-06-08,1134.9000244140625,1139.300048828125,1119.9000244140625,1124.199951171875,1303551
2022-06-09,1122.0,1141.949951171875,1111.6500244140625,1138.5999755859375,1323539
2022-06-10,1119.0,1123.9000244140625,1100.25,1109.8499755859375,3119792
2022-06-13,1081.199951171875,1084.5999755859375,1050.0,1051.949951171875,2012004
2022-06-14,1034.0,1056.550048828125,1020.4000244140625,1030.1500244140625,5775453
2022-06-15,1037.0,1037.0,1017.7999877929688,1020.0499877929688,3238141
2022-06-16,1024.050048828125,1033.5999755859375,971.0,975.2999877929688,5600443
2022-06-17,971.0999755859375,974.3499755859375,943.7000122070312,965.0499877929688,7043370
2022-06-20,965.0,988.1500244140625,948.0499877929688,979.3499755859375,2985094
2022-06-21,991.4000244140625,1004.6500244140625,980.0,1000.0999755859375,3433536
2022-06-22,996.9500122070312,996.9500122070312,968.0,980.0,2719988
2022-06-23,981.0999755859375,998.5499877929688,971.25,991.0999755859375,2915172
2022-06-24,1001.0,1001.0,974.0,981.2000122070312,4056588
2022-06-27,996.0,1024.0999755859375,996.0,1007.2000122070312,3796002
2022-06-28,1002.0,1029.0,984.0499877929688,1020.7000122070312,2755698
2022-06-29,1008.0,1027.4000244140625,1002.5499877929688,1021.0999755859375,3770663
2022-06-30,1016.0,1026.0,997.0,1000.0,3264301
2022-07-01,997.0,1014.0,989.2999877929688,1010.7000122070312,1842102
2022-07-04,1010.7000122070312,1013.7999877929688,995.0,999.9500122070312,1814322
2022-07-05,1005.0,1021.9000244140625,999.0,1003.2000122070312,3045188
2022-07-06,1008.0,1014.9000244140625,1001.5999755859375,1009.9000244140625,2188175
2022-07-07,1020.9500122070312,1026.9000244140625,1016.0,1020.75,1901699
2022-07-08,1031.0,1034.699951171875,1014.5499877929688,1026.5,2841036
2022-07-11,1015.0,1017.3499755859375,988.0,1007.5499877929688,2892507
2022-07-12,1000.0,1016.7999877929688,994.5,997.3499755859375,2013304
2022-07-13,1001.4000244140625,1004.2000122070312,987.0499877929688,990.0499877929688,2067142
2022-07-14,998.0,998.5999755859375,968.7999877929688,975.7999877929688,2212219
2022-07-15,980.0,988.9000244140625,965.0499877929688,973.7999877929688,2544737
2022-07-18,985.0,1022.0,984.2000122070312,1008.0,3946821
2022-07-19,999.9500122070312,1010.9500122070312,991.0,1007.7000122070312,2985845
2022-07-20,1021.25,1051.699951171875,1017.25,1045.5,5574762
2022-07-21,1025.0,1035.800048828125,1011.0499877929688,1032.75,4935223
2022-07-22,1040.0,1043.699951171875,1013.25,1028.699951171875,2985409
2022-07-25,1028.9000244140625,1028.9000244140625,1008.25,1017.25,2888919
2022-07-26,1015.0,1037.25,994.1500244140625,999.3499755859375,5939871
2022-07-27,1000.0,1009.9500122070312,992.0,1007.6500244140625,2546052
2022-07-28,1021.2000122070312,1043.449951171875,1015.4000244140625,1038.0,3428026
2022-07-29,1055.0,1068.0,1044.0999755859375,1048.6500244140625,6185909
2022-08-01,1058.949951171875,1058.949951171875,1037.800048828125,1049.5999755859375,2540084
2022-08-02,1046.0,1049.5,1030.0,1032.5999755859375,2802273
2022-08-03,1027.449951171875,1057.0,1024.699951171875,1052.6500244140625,3509019
2022-08-04,1063.0,1072.699951171875,1036.199951171875,1056.050048828125,5360632
2022-08-05,1060.0,1067.949951171875,1050.449951171875,1058.199951171875,2641829
2022-08-08,1056.0,1064.8499755859375,1049.050048828125,1056.5999755859375,2579239
2022-08-10,1056.0,1059.1500244140625,1043.050048828125,1055.199951171875,2823021
2022-08-11,1072.0,1093.9000244140625,1070.199951171875,1077.25,3201408
2022-08-12,1073.300048828125,1076.4000244140625,1062.0,1065.9000244140625,1771561
2022-08-16,1076.0,1079.949951171875,1056.550048828125,1077.699951171875,2222701
2022-08-17,1072.5,1106.9000244140625,1072.199951171875,1104.5,4280823
2022-08-18,1100.0,1109.199951171875,1088.0999755859375,1105.1500244140625,3041422
2022-08-19,1110.0,1135.0,1100.0,1104.1500244140625,4577717
2022-08-22,1096.0,1100.0,1075.25,1078.699951171875,2157609
2022-08-23,1062.0,1070.0999755859375,1047.0,1065.9000244140625,2875768
2022-08-24,1066.0,1073.4000244140625,1055.0999755859375,1070.949951171875,2180800
2022-08-25,1080.0,1089.6500244140625,1065.550048828125,1070.5999755859375,2734931
2022-08-26,1083.0,1097.550048828125,1081.0,1085.550048828125,2624896
2022-08-29,1046.0,1047.5999755859375,1017.2999877929688,1035.550048828125,6118233
2022-08-30,1048.0,1080.5,1042.300048828125,1076.0999755859375,4453769
2022-09-01,1056.0,1065.0,1043.0999755859375,1052.9000244140625,6112823
2022-09-02,1058.199951171875,1066.5,1047.050048828125,1056.4000244140625,1645341
2022-09-05,1056.0,1070.800048828125,1054.800048828125,1065.050048828125,1677079
2022-09-06,1065.050048828125,1071.0,1050.300048828125,1063.699951171875,3051076
2022-09-07,1052.0,1061.0,1044.0,1055.8499755859375,2615897
2022-09-08,1070.0,1092.9000244140625,1067.0999755859375,1089.5999755859375,2634786
2022-09-09,1102.6500244140625,1132.3499755859375,1086.25,1126.6500244140625,3394349
2022-09-12,1140.0,1165.0,1139.949951171875,1150.0999755859375,5230075
2022-09-13,1156.0,1164.449951171875,1143.0999755859375,1147.449951171875,2483685
2022-09-14,1112.0,1121.8499755859375,1095.0,1114.699951171875,5179539
2022-09-15,1120.300048828125,1124.300048828125,1078.0,1083.0,3392174
2022-09-16,1065.0,1073.949951171875,1028.0,1033.199951171875,6635089
2022-09-19,1036.0,1051.8499755859375,1023.0999755859375,1039.5,2485826
2022-09-20,1054.0,1065.699951171875,1050.0,1056.1500244140625,2321528
2022-09-21,1047.199951171875,1066.949951171875,1047.0,1060.1500244140625,2760138
2022-09-22,1050.0,1072.0,1042.25,1048.4000244140625,3867282
2022-09-23,1038.0,1049.9000244140625,1022.0,1035.0999755859375,3230711
2022-09-26,1029.0,1052.25,1013.5499877929688,1032.9000244140625,3314114
2022-09-27,1034.949951171875,1045.0,1019.0499877929688,1022.5,4448875
2022-09-28,1016.0,1036.4000244140625,1008.5499877929688,1029.699951171875,1965519
2022-09-29,1042.8499755859375,1044.5,1001.6500244140625,1007.0999755859375,3176310
2022-09-30,1001.0,1018.7999877929688,984.5499877929688,1008.5999755859375,3848885
2022-10-03,1010.0,1018.25,999.1500244140625,1005.5,2431236
2022-10-04,1022.0,1036.0,1017.9000244140625,1028.300048828125,2715420
2022-10-06,1033.449951171875,1045.0,1027.3499755859375,1031.300048828125,2397633
2022-10-07,1029.9000244140625,1036.449951171875,1021.0499877929688,1023.8499755859375,1539126
2022-10-10,1008.0999755859375,1033.0,1003.5,1029.3499755859375,1660433
2022-10-11,1034.5,1035.0,1000.5499877929688,1004.8499755859375,2310765
2022-10-12,1007.7999877929688,1018.7999877929688,998.2000122070312,1015.9000244140625,2192421
2022-10-13,1018.8499755859375,1021.0,1003.0499877929688,1012.9500122070312,1344162
2022-10-14,1035.0,1049.9000244140625,1016.0499877929688,1019.8499755859375,3492929
2022-10-17,1019.0,1027.949951171875,1007.4500122070312,1023.25,1426207
2022-10-18,1028.4000244140625,1033.949951171875,1014.0,1019.4000244140625,2395805
2022-10-19,1024.5,1030.0,1016.2999877929688,1019.2000122070312,1304927
2022-10-20,1010.0,1043.4000244140625,1007.0,1041.6500244140625,1852905
2022-10-21,1041.6500244140625,1044.3499755859375,1031.0999755859375,1041.1500244140625,1202009
2022-10-24,1051.0,1051.1500244140625,1045.0,1048.1500244140625,231316
2022-10-25,1053.4000244140625,1086.0,1051.0,1082.5,3097049
2022-10-27,1093.300048828125,1098.0,1067.1500244140625,1075.8499755859375,2342818
2022-10-28,1081.0,1081.0,1045.050048828125,1048.949951171875,1542568
2022-10-31,1053.25,1078.300048828125,1053.0,1063.4000244140625,2629847
2022-11-01,1069.0,1080.0,1047.1500244140625,1070.9000244140625,4709472
2022-11-02,1071.0,1098.699951171875,1066.3499755859375,1082.0,4104485
2022-11-03,1070.0,1071.1500244140625,1050.1500244140625,1052.8499755859375,3460133
2022-11-04,1053.0,1058.800048828125,1038.75,1053.6500244140625,2531080
2022-11-07,1058.949951171875,1067.9000244140625,1044.449951171875,1053.5,2588984
2022-11-09,1047.0,1048.949951171875,1025.050048828125,1028.699951171875,2697639
2022-11-10,1015.0,1034.0,1005.25,1021.0999755859375,3285774
2022-11-11,1049.0,1066.0,1046.199951171875,1058.699951171875,5299457
2022-11-14,1062.0,1074.449951171875,1055.449951171875,1065.3499755859375,2229790
2022-11-15,1065.0,1070.5,1050.0,1066.949951171875,1577944
2022-11-16,1066.0,1075.0,1059.0,1066.8499755859375,2335937
2022-11-17,1060.0,1061.8499755859375,1047.300048828125,1058.550048828125,2089630
2022-11-18,1060.0,1065.0,1046.0,1060.8499755859375,1617331
2022-11-21,1055.0999755859375,1057.9000244140625,1037.800048828125,1042.5999755859375,1475958
2022-11-22,1042.5999755859375,1052.9000244140625,1036.050048828125,1050.6500244140625,1696991
2022-11-23,1055.949951171875,1058.6500244140625,1041.3499755859375,1044.050048828125,1704144
2022-11-24,1049.300048828125,1071.0,1046.0,1069.300048828125,2208145
2022-11-25,1070.0,1082.9000244140625,1060.0,1080.1500244140625,1943246
2022-11-28,1075.0,1091.0,1071.4000244140625,1077.199951171875,1749691
2022-11-29,1076.0999755859375,1085.449951171875,1072.800048828125,1074.550048828125,1233868
2022-11-30,1074.75,1082.0,1063.199951171875,1077.0,3909954
2022-12-01,1091.4000244140625,1107.949951171875,1088.1500244140625,1101.5,4264917
2022-12-02,1101.5,1116.300048828125,1100.050048828125,1114.75,3418928
2022-12-05,1120.0,1120.0,1096.25,1099.75,2760688
2022-12-06,1089.0,1096.1500244140625,1080.050048828125,1088.800048828125,1838107
2022-12-07,1086.0,1087.300048828125,1074.199951171875,1078.050048828125,1478573
2022-12-08,1078.0999755859375,1082.4000244140625,1070.300048828125,1074.1500244140625,1110431
2022-12-09,1073.949951171875,1075.699951171875,1030.199951171875,1035.300048828125,3138360
2022-12-12,1034.0,1044.4000244140625,1021.7999877929688,1032.0999755859375,1689393
2022-12-13,1039.8499755859375,1047.449951171875,1030.1500244140625,1045.75,1983827
2022-12-14,1051.0,1068.050048828125,1051.0,1065.0999755859375,1983937
2022-12-15,1060.0,1060.0,1020.25,1022.75,5184673
2022-12-16,1015.0,1033.5,1011.0,1020.7999877929688,2994364
2022-12-19,1019.9500122070312,1028.0999755859375,1009.75,1026.699951171875,1529622
2022-12-20,1025.0,1025.0,1004.0,1017.9500122070312,2149130
2022-12-21,1024.5,1030.550048828125,1020.25,1026.050048828125,2037666
2022-12-22,1030.0,1035.0,1012.5999755859375,1015.8499755859375,1925482
2022-12-23,1005.0499877929688,1015.5,993.0,995.75,1504806
2022-12-26,1000.3499755859375,1006.5,993.0,1001.0,966423
2022-12-27,1009.7000122070312,1012.5999755859375,993.2000122070312,1009.5499877929688,1615647
2022-12-28,1005.2999877929688,1019.4000244140625,1002.2000122070312,1016.25,1077963
2022-12-29,1010.0,1015.7000122070312,1007.0,1013.2000122070312,1977329
2022-12-30,1022.75,1027.6500244140625,1015.0,1016.4000244140625,1317151
2023-01-02,1017.9000244140625,1021.8499755859375,1005.2000122070312,1009.5,1348611
2023-01-03,1013.0,1024.800048828125,1008.0499877929688,1023.7999877929688,1439615
2023-01-04,1023.7999877929688,1029.3499755859375,1012.0999755859375,1020.2999877929688,1702044
2023-01-05,1021.0,1024.949951171875,1004.5,1011.6500244140625,1376035
2023-01-06,1009.5,1011.6500244140625,985.0,986.1500244140625,2346808
2023-01-09,997.9500122070312,1021.0,995.4000244140625,1015.25,2190779
2023-01-10,1013.0,1014.0499877929688,999.0499877929688,1002.6500244140625,1411099
2023-01-11,1008.4500122070312,1016.9500122070312,1003.25,1006.3499755859375,1294200
2023-01-12,1010.0,1013.5,997.2999877929688,1001.5499877929688,1948321
2023-01-13,1004.4500122070312,1009.0,986.2999877929688,1003.1500244140625,2837817
2023-01-16,1008.2000122070312,1035.75,1003.25,1034.449951171875,4286551
2023-01-17,1034.0,1050.0,1030.9000244140625,1046.050048828125,2466876
2023-01-18,1046.050048828125,1051.5,1043.5,1048.3499755859375,1138627
2023-01-19,1043.9000244140625,1054.0,1040.0999755859375,1053.300048828125,1768051
2023-01-20,1052.5,1057.5,1041.8499755859375,1046.5,1160517
2023-01-23,1053.5,1069.5999755859375,1047.25,1065.300048828125,1344952
2023-01-24,1070.0,1077.300048828125,1065.300048828125,1070.5999755859375,1578750
2023-01-25,1065.0,1067.699951171875,1049.0,1051.1500244140625,1049973
2023-01-27,1051.0,1057.6500244140625,1021.5,1030.0999755859375,1651820
2023-01-30,1030.0999755859375,1047.949951171875,1018.4000244140625,1036.0999755859375,2654212
2023-01-31,1025.0,1028.8499755859375,996.0499877929688,1015.0,5797831
2023-02-01,1018.0499877929688,1034.5,1003.2999877929688,1023.75,1939670
2023-02-02,1027.300048828125,1044.25,1011.0999755859375,1016.6500244140625,3860090
2023-02-03,1024.449951171875,1026.9000244140625,1003.0,1011.2999877929688,2980262
2023-02-06,1006.0,1016.4000244140625,997.0,1005.3499755859375,2003960
2023-02-07,1005.0,1008.4500122070312,997.0,1002.4500122070312,1697633
2023-02-08,1007.5,1021.1500244140625,1004.3499755859375,1011.0499877929688,2611176
2023-02-09,1011.0499877929688,1017.7000122070312,1002.5999755859375,1016.0,1782899
2023-02-10,1011.5499877929688,1021.5999755859375,1004.0999755859375,1017.3499755859375,1116554
2023-02-13,1015.0,1017.7999877929688,1000.5,1002.5,1682312
2023-02-14,1006.0499877929688,1025.699951171875,1005.75,1012.0499877929688,2440189
2023-02-15,1014.9000244140625,1075.0,1008.2999877929688,1071.4000244140625,6712218
2023-02-16,1075.0,1141.050048828125,1074.050048828125,1130.25,14422445
2023-02-17,1108.0999755859375,1139.0,1108.0999755859375,1129.199951171875,5333732
2023-02-20,1129.5,1156.8499755859375,1120.0,1144.199951171875,4590531
2023-02-21,1146.0,1151.949951171875,1131.050048828125,1134.449951171875,3494288
2023-02-22,1122.0,1134.25,1118.0,1125.699951171875,2674708
2023-02-23,1127.0,1149.5,1124.050048828125,1128.800048828125,2576193
2023-02-24,1137.0,1141.0,1116.0,1119.0,1913493
2023-02-27,1109.0,1118.25,1096.8499755859375,1113.949951171875,2247105
2023-02-28,1118.0,1135.5,1096.75,1100.25,3894204
2023-03-01,1100.25,1129.0,1097.0,1126.9000244140625,2084324
2023-03-02,1120.0,1124.0,1105.0,1109.800048828125,1838692
2023-03-03,1118.0,1119.5999755859375,1082.449951171875,1085.1500244140625,2388401
2023-03-06,1092.0,1096.0,1085.0,1090.050048828125,2076844
2023-03-08,1080.0,1088.4000244140625,1069.5999755859375,1078.300048828125,2230530
2023-03-09,1082.0,1083.3499755859375,1057.3499755859375,1060.0,2550755
2023-03-10,1045.0,1062.949951171875,1041.050048828125,1061.25,1400844
2023-03-13,1125.0,1164.699951171875,1125.0,1133.800048828125,13080169
2023-03-14,1128.0,1138.25,1098.4000244140625,1115.300048828125,4325522
2023-03-15,1124.9000244140625,1132.199951171875,1110.550048828125,1114.4000244140625,2583351
2023-03-16,1106.0,1122.5999755859375,1101.050048828125,1117.75,2396839
2023-03-17,1123.3499755859375,1132.5,1114.199951171875,1127.1500244140625,2507004
2023-03-20,1136.800048828125,1136.800048828125,1096.0,1109.0,4007438
2023-03-21,1104.949951171875,1109.8499755859375,1086.449951171875,1095.6500244140625,3354949
2023-03-22,1097.0,1106.300048828125,1093.550048828125,1099.5999755859375,1750203
2023-03-23,1087.0999755859375,1112.0,1087.0999755859375,1099.449951171875,1720354
2023-03-24,1105.0,1118.0,1096.6500244140625,1101.949951171875,1943460
2023-03-27,1090.0999755859375,1113.6500244140625,1090.0999755859375,1103.0,1455300
2023-03-28,1099.0,1104.5999755859375,1066.199951171875,1070.300048828125,2431154
2023-03-29,1075.699951171875,1087.4000244140625,1065.0999755859375,1081.0999755859375,1642278
2023-03-31,1095.0,1106.0,1091.449951171875,1101.8499755859375,2281085
2023-04-03,1104.5999755859375,1105.0,1085.0999755859375,1103.199951171875,1508662
2023-04-05,1102.0,1115.0,1098.5999755859375,1103.5,1947605
2023-04-06,1104.0,1104.949951171875,1083.0,1092.75,1355815
2023-04-10,1096.3499755859375,1111.75,1090.8499755859375,1107.25,940829
2023-04-11,1108.0,1117.0,1092.4000244140625,1098.25,1384483
2023-04-12,1103.0,1113.5,1090.800048828125,1109.9000244140625,1376719
2023-04-13,1100.25,1100.25,1076.0,1086.8499755859375,2725180
2023-04-17,1035.0,1038.0,1002.0,1029.949951171875,4349422
2023-04-18,1034.800048828125,1037.75,1011.0,1025.199951171875,2735592
2023-04-19,1025.199951171875,1029.0,1010.0,1013.9000244140625,1953837
2023-04-20,1015.0999755859375,1023.7999877929688,1010.0499877929688,1021.7999877929688,1250758
2023-04-21,1014.2999877929688,1019.5999755859375,993.8499755859375,998.75,4269272
2023-04-24,1002.0,1007.4500122070312,991.0,1006.0999755859375,1625433
2023-04-25,1006.0,1006.0999755859375,994.4000244140625,997.0,1984203
2023-04-26,997.0,1002.5,992.7000122070312,996.2999877929688,1589700
2023-04-27,999.0,1008.6500244140625,993.0,1003.1500244140625,3543950
2023-04-28,981.9500122070312,1026.699951171875,981.0499877929688,1023.7000122070312,5146250
2023-05-02,1020.4000244140625,1065.800048828125,1020.4000244140625,1053.449951171875,4762884
2023-05-03,1039.9000244140625,1050.75,1038.25,1039.5999755859375,2217136
2023-05-04,1033.0,1047.050048828125,1028.8499755859375,1045.449951171875,1744298
2023-05-05,1046.0,1050.699951171875,1031.550048828125,1036.4000244140625,1222282
2023-05-08,1040.949951171875,1047.0,1035.300048828125,1043.3499755859375,1487285
2023-05-09,1048.4000244140625,1051.449951171875,1039.8499755859375,1047.800048828125,1747630
2023-05-10,1048.0,1051.0,1038.1500244140625,1046.1500244140625,1186977
2023-05-11,1055.0,1058.800048828125,1042.949951171875,1044.050048828125,1451786
2023-05-12,1044.050048828125,1053.5,1034.050048828125,1046.3499755859375,1140016
2023-05-15,1046.0,1069.9000244140625,1042.0,1064.449951171875,2122222
2023-05-16,1069.9000244140625,1071.800048828125,1053.0,1057.199951171875,1343911
2023-05-17,1058.0,1066.4000244140625,1039.0,1054.1500244140625,2803566
2023-05-18,1059.0,1059.949951171875,1045.050048828125,1048.699951171875,909923
2023-05-19,1056.550048828125,1078.75,1049.0,1072.1500244140625,2624323
2023-05-22,1072.0,1110.449951171875,1070.0999755859375,1104.449951171875,2996190
2023-05-23,1104.0,1119.199951171875,1086.4000244140625,1090.5,1414119
2023-05-24,1085.25,1103.3499755859375,1085.0,1098.75,1782245
2023-05-25,1097.0,1100.0,1081.550048828125,1098.0999755859375,1200289
2023-05-26,1099.0,1120.4000244140625,1099.0,1114.75,2104054
2023-05-29,1128.050048828125,1128.050048828125,1110.0999755859375,1114.050048828125,1432241
2023-05-30,1115.0,1120.800048828125,1095.0,1098.4000244140625,2822485
2023-05-31,1098.4000244140625,1127.449951171875,1096.0,1115.550048828125,7599886
2023-06-01,1122.0,1136.699951171875,1117.5999755859375,1120.800048828125,1412280
2023-06-02,1128.0,1139.199951171875,1117.5999755859375,1123.0999755859375,1907589
2023-06-05,1124.0999755859375,1134.550048828125,1107.5,1109.3499755859375,1754521
2023-06-06,1100.0,1102.0,1071.550048828125,1086.25,3284841
2023-06-07,1095.0,1099.0,1084.199951171875,1095.699951171875,2086377
2023-06-08,1101.0,1101.5,1069.0,1071.300048828125,4054486
2023-06-09,1079.0,1079.0,1060.0999755859375,1063.050048828125,2782697
2023-06-12,1066.0,1079.0,1062.1500244140625,1074.75,1767945
2023-06-13,1079.550048828125,1087.9000244140625,1075.4000244140625,1079.4000244140625,1846534
2023-06-14,1080.0,1084.949951171875,1071.050048828125,1077.5999755859375,1321534
2023-06-15,1078.949951171875,1083.5,1069.3499755859375,1081.5,1389325
2023-06-16,1083.5,1086.949951171875,1071.449951171875,1077.199951171875,4392418
2023-06-19,1079.0,1095.800048828125,1074.050048828125,1093.5999755859375,2188899
2023-06-20,1093.5999755859375,1110.949951171875,1088.199951171875,1107.3499755859375,3318866
2023-06-21,1107.3499755859375,1120.75,1104.0999755859375,1119.9000244140625,1985965
2023-06-22,1116.9000244140625,1126.25,1110.4000244140625,1119.050048828125,2360795
2023-06-23,1114.0,1118.0,1094.050048828125,1115.5,3492348
2023-06-26,1112.199951171875,1126.0,1108.300048828125,1111.9000244140625,1432154
2023-06-27,1109.0,1121.0,1106.699951171875,1119.699951171875,1227245
2023-06-28,1120.0,1126.949951171875,1104.699951171875,1108.0999755859375,1876800
2023-06-30,1114.6500244140625,1132.5,1110.5999755859375,1130.8499755859375,2478834
2023-07-03,1136.0,1136.9000244140625,1115.0999755859375,1121.449951171875,1899656
2023-07-04,1123.550048828125,1156.0,1120.0999755859375,1148.0,2773593
2023-07-05,1150.800048828125,1184.949951171875,1146.5,1175.0,3732838
2023-07-06,1175.0,1184.0,1162.0,1179.25,2520085
2023-07-07,1170.0,1184.300048828125,1151.25,1156.0,2261102
2023-07-10,1159.949951171875,1159.949951171875,1135.5999755859375,1147.1500244140625,2088505
2023-07-11,1154.6500244140625,1166.199951171875,1145.0999755859375,1161.449951171875,1212566
2023-07-12,1166.0,1169.0,1153.449951171875,1159.4000244140625,1274203
2023-07-13,1159.4000244140625,1191.9000244140625,1153.5,1175.25,3215610
2023-07-14,1183.949951171875,1232.0,1183.0,1228.6500244140625,6033106
2023-07-17,1235.9000244140625,1270.75,1220.6500244140625,1242.4000244140625,4880073
2023-07-18,1243.0,1258.4000244140625,1225.0,1247.550048828125,2666872
2023-07-19,1255.0,1261.699951171875,1231.0999755859375,1244.699951171875,2293881
2023-07-20,1245.0,1255.5,1235.5999755859375,1252.949951171875,2000345
2023-07-21,1199.5,1217.949951171875,1181.0,1195.0999755859375,5032086
2023-07-24,1196.5,1203.949951171875,1155.25,1161.8499755859375,2669308
2023-07-25,1164.0,1164.699951171875,1145.0,1156.5,2557865
2023-07-26,1158.0,1167.0,1139.449951171875,1143.199951171875,3170213
2023-07-27,1111.0,1125.0,1082.300048828125,1099.9000244140625,17594818
2023-07-28,1100.0,1100.0,1085.050048828125,1091.050048828125,4244321
2023-07-31,1095.0,1119.0,1087.1500244140625,1115.5,4766331
2023-08-01,1120.0,1154.5,1119.9000244140625,1143.5,3805214
2023-08-02,1143.0,1152.5999755859375,1125.5999755859375,1145.6500244140625,2357217
2023-08-03,1140.0,1146.949951171875,1121.300048828125,1142.800048828125,2348236
2023-08-04,1153.949951171875,1181.8499755859375,1142.800048828125,1175.199951171875,3580506
2023-08-07,1180.0,1192.8499755859375,1172.0999755859375,1183.6500244140625,1694290
2023-08-08,1186.0,1208.9000244140625,1175.0999755859375,1205.4000244140625,5137402
2023-08-09,1206.949951171875,1236.5,1200.199951171875,1228.0,3396984
2023-08-10,1220.0,1239.199951171875,1215.5999755859375,1235.800048828125,3715680
2023-08-11,1235.800048828125,1250.3499755859375,1215.300048828125,1220.449951171875,2933959
2023-08-14,1212.0999755859375,1221.199951171875,1203.0,1219.75,1842625
2023-08-16,1221.0,1239.0,1220.0,1227.8499755859375,2341456
2023-08-17,1225.0,1233.9000244140625,1214.550048828125,1231.75,2636308
2023-08-18,1225.949951171875,1225.949951171875,1205.1500244140625,1210.800048828125,1794430
2023-08-21,1205.0,1224.0,1204.3499755859375,1218.8499755859375,1175945
2023-08-22,1218.8499755859375,1223.0,1209.25,1213.199951171875,1003208
2023-08-23,1213.199951171875,1218.8499755859375,1199.199951171875,1201.0,1569035
2023-08-24,1206.199951171875,1216.5,1196.699951171875,1199.0999755859375,1218843
2023-08-25,1190.0,1197.199951171875,1178.449951171875,1189.5,1213340
2023-08-28,1189.550048828125,1196.300048828125,1182.300048828125,1184.75,950013
2023-08-29,1192.4000244140625,1207.9000244140625,1188.25,1198.0,1419344
2023-08-30,1207.949951171875,1221.5999755859375,1194.550048828125,1197.199951171875,2016339
2023-08-31,1199.0,1214.5,1198.0,1201.949951171875,2817747
2023-09-01,1205.0,1229.9000244140625,1204.050048828125,1228.050048828125,1686038
2023-09-04,1235.0,1266.0,1225.550048828125,1256.75,3466873
2023-09-05,1258.75,1266.5999755859375,1248.6500244140625,1254.550048828125,2199985
2023-09-06,1254.550048828125,1259.5999755859375,1235.8499755859375,1248.949951171875,1753376
2023-09-07,1248.949951171875,1274.8499755859375,1238.6500244140625,1269.25,2554884
2023-09-08,1272.0,1278.0,1259.050048828125,1262.949951171875,1731105
2023-09-11,1265.0,1275.0,1263.5,1268.8499755859375,1293853
2023-09-12,1271.800048828125,1283.800048828125,1251.550048828125,1266.0,2335224
2023-09-13,1260.300048828125,1268.75,1253.9000244140625,1260.4000244140625,1204376
2023-09-14,1262.0,1289.3499755859375,1262.0,1279.8499755859375,3288631
2023-09-15,1278.199951171875,1303.699951171875,1274.0,1300.050048828125,4316210
2023-09-18,1301.0,1302.0,1283.0,1289.800048828125,1967717
2023-09-20,1282.0,1289.1500244140625,1269.050048828125,1274.3499755859375,2843560
2023-09-21,1275.949951171875,1296.0,1265.9000244140625,1291.6500244140625,2960250
2023-09-22,1290.050048828125,1320.0,1284.0,1305.3499755859375,3252940
2023-09-25,1305.3499755859375,1314.4000244140625,1296.050048828125,1299.449951171875,2100302
2023-09-26,1300.0,1303.050048828125,1279.1500244140625,1282.300048828125,1141475
2023-09-27,1269.949951171875,1293.9000244140625,1264.0,1288.6500244140625,1568115
2023-09-28,1274.050048828125,1274.050048828125,1222.0,1229.5,6570797
2023-09-29,1224.0,1231.6500244140625,1210.0,1222.800048828125,2861162
2023-10-03,1220.5999755859375,1230.699951171875,1212.550048828125,1216.199951171875,1622290
2023-10-04,1210.0,1215.5,1186.050048828125,1205.0,2340603
2023-10-05,1214.0,1223.949951171875,1199.5,1205.5999755859375,2497613
2023-10-06,1207.0,1223.0,1205.0,1216.9000244140625,1446719
2023-10-09,1203.25,1227.75,1202.1500244140625,1212.6500244140625,1451064
2023-10-10,1215.199951171875,1231.449951171875,1213.0,1227.75,1503359
2023-10-11,1230.0999755859375,1238.9000244140625,1222.0,1231.5999755859375,1622663
2023-10-12,1232.0,1232.0,1189.300048828125,1198.75,2452842
2023-10-13,1187.0,1202.949951171875,1180.0,1194.0999755859375,3266079
2023-10-16,1195.300048828125,1198.25,1180.800048828125,1184.5999755859375,2638043
2023-10-17,1190.0,1203.0,1188.449951171875,1197.5999755859375,1163897
2023-10-18,1200.0,1202.0,1178.050048828125,1187.0999755859375,2337078
2023-10-19,1170.550048828125,1185.449951171875,1167.800048828125,1172.1500244140625,3107691
2023-10-20,1170.0,1176.0,1148.4000244140625,1170.699951171875,2962470
2023-10-23,1164.0999755859375,1170.949951171875,1151.550048828125,1155.949951171875,1203959
2023-10-25,1162.0,1165.9000244140625,1136.5,1142.1500244140625,1555285
2023-10-26,1100.050048828125,1120.0,1098.1500244140625,1115.449951171875,7099401
2023-10-27,1119.949951171875,1125.949951171875,1114.050048828125,1120.550048828125,1382498
2023-10-30,1120.550048828125,1138.9000244140625,1115.5,1126.9000244140625,2255915
2023-10-31,1126.9000244140625,1137.1500244140625,1115.550048828125,1133.1500244140625,1194765
2023-11-01,1130.949951171875,1138.0,1119.949951171875,1125.0999755859375,1288497
2023-11-02,1125.0,1130.0,1113.800048828125,1115.5,2493118
2023-11-03,1124.0,1136.0,1116.0,1133.0999755859375,1108121
2023-11-06,1137.5,1144.800048828125,1134.3499755859375,1142.1500244140625,572330
2023-11-07,1142.0,1150.300048828125,1136.550048828125,1149.0,902481
2023-11-08,1151.75,1152.8499755859375,1137.050048828125,1139.1500244140625,806162
2023-11-09,1140.0,1141.0,1117.199951171875,1123.949951171875,6042108
2023-11-10,1122.0,1139.75,1121.5,1138.1500244140625,706806
2023-11-13,1140.5999755859375,1142.1500244140625,1128.0,1131.3499755859375,435537
2023-11-15,1145.0,1178.8499755859375,1143.5,1173.75,2816201
2023-11-16,1175.0,1214.949951171875,1167.4000244140625,1207.199951171875,2294942
2023-11-17,1212.199951171875,1213.949951171875,1198.0,1202.75,1176628
2023-11-20,1204.9000244140625,1222.5,1202.75,1211.800048828125,1077366
2023-11-21,1219.949951171875,1221.1500244140625,1200.4000244140625,1204.5,1129326
2023-11-22,1205.0,1218.0,1204.0,1215.4000244140625,750622
2023-11-23,1215.0,1220.9000244140625,1206.949951171875,1210.9000244140625,651637
2023-11-24,1212.050048828125,1214.949951171875,1195.0999755859375,1197.8499755859375,884921
2023-11-28,1195.0999755859375,1209.0,1186.0,1202.4000244140625,910795
2023-11-29,1207.0,1234.5999755859375,1206.6500244140625,1221.699951171875,1898448
2023-11-30,1222.0,1228.300048828125,1208.699951171875,1220.949951171875,2978406
2023-12-01,1226.800048828125,1226.800048828125,1211.550048828125,1220.550048828125,1017856
2023-12-04,1238.0,1249.199951171875,1218.0,1223.9000244140625,1581599
2023-12-05,1224.0,1226.25,1208.8499755859375,1220.5999755859375,1499843
2023-12-06,1223.0,1247.0,1218.6500244140625,1225.199951171875,2637916
2023-12-07,1226.0,1231.0,1220.0999755859375,1223.25,1076885
2023-12-08,1230.0,1237.949951171875,1217.25,1225.300048828125,2642571
2023-12-11,1231.0,1240.5,1225.300048828125,1233.300048828125,1558876
2023-12-12,1237.949951171875,1245.0,1218.6500244140625,1226.1500244140625,1114846
2023-12-13,1226.0,1233.949951171875,1197.050048828125,1216.0999755859375,3025706
2023-12-14,1235.0,1269.800048828125,1230.1500244140625,1264.699951171875,5287733
2023-12-15,1270.0,1324.800048828125,1262.5,1306.0999755859375,5900381
2023-12-18,1305.0,1333.050048828125,1286.449951171875,1291.75,2671348
2023-12-19,1300.0,1300.949951171875,1269.199951171875,1281.449951171875,1717860
2023-12-20,1291.0,1314.0,1238.199951171875,1248.5999755859375,2860865
2023-12-21,1232.0,1258.550048828125,1226.0,1250.0999755859375,3337533
2023-12-22,1260.0,1280.9000244140625,1242.5,1275.1500244140625,2297352
2023-12-26,1275.0,1288.75,1260.550048828125,1282.0,1720830
2023-12-27,1287.9000244140625,1291.5,1267.25,1280.1500244140625,1584695
2023-12-28,1285.0,1289.0,1270.550048828125,1285.949951171875,2284964
2023-12-29,1285.949951171875,1291.949951171875,1268.0999755859375,1272.6500244140625,1187193
2024-01-01,1273.0,1303.800048828125,1265.25,1297.1500244140625,1776828
2024-01-02,1298.0,1299.0999755859375,1272.8499755859375,1278.0999755859375,1615064
2024-01-03,1265.0,1274.0,1240.0,1244.199951171875,2231707
2024-01-04,1250.0999755859375,1254.699951171875,1231.699951171875,1247.5,3355191
2024-01-05,1254.9000244140625,1271.8499755859375,1245.550048828125,1248.300048828125,1756868
2024-01-08,1250.199951171875,1254.25,1221.4000244140625,1228.949951171875,1320667
2024-01-09,1240.550048828125,1251.199951171875,1232.5999755859375,1235.6500244140625,994439
2024-01-10,1236.5,1246.449951171875,1228.300048828125,1240.9000244140625,808638
2024-01-11,1240.9000244140625,1261.800048828125,1240.9000244140625,1249.4000244140625,930492
2024-01-12,1271.800048828125,1311.75,1267.0,1308.050048828125,5023455
2024-01-15,1335.0,1401.5,1333.8499755859375,1337.6500244140625,6012767
2024-01-16,1330.0999755859375,1332.199951171875,1310.5,1320.4000244140625,1883106
2024-01-17,1306.0,1334.5,1305.25,1326.75,2313059
2024-01-18,1326.699951171875,1369.5,1306.0,1355.1500244140625,4533782
2024-01-19,1373.9000244140625,1397.8499755859375,1355.0,1389.9000244140625,4463826
2024-01-23,1396.5,1416.300048828125,1356.75,1366.6500244140625,2683661
2024-01-24,1372.949951171875,1410.5,1365.550048828125,1407.949951171875,2008135
2024-01-25,1348.0,1356.3499755859375,1312.050048828125,1322.050048828125,8424862
2024-01-29,1338.0,1338.0,1311.0,1314.3499755859375,2495791
2024-01-30,1323.949951171875,1340.949951171875,1315.0,1317.8499755859375,2293154
2024-01-31,1318.0999755859375,1336.0,1312.300048828125,1333.6500244140625,1798462
2024-02-01,1330.0,1336.3499755859375,1309.75,1312.5,2286420
2024-02-02,1323.5,1354.0,1323.050048828125,1338.0999755859375,1838847
2024-02-05,1345.800048828125,1353.0999755859375,1328.0,1332.75,953919
2024-02-06,1330.0,1362.4000244140625,1328.0999755859375,1351.050048828125,2713529
2024-02-07,1351.5,1358.699951171875,1314.050048828125,1318.0,2004588
2024-02-08,1326.0,1329.6500244140625,1302.0,1309.25,2308756
2024-02-09,1317.0,1321.449951171875,1305.949951171875,1311.050048828125,1085349
2024-02-12,1318.4000244140625,1331.0,1311.0999755859375,1318.800048828125,1149683
2024-02-13,1321.949951171875,1334.800048828125,1300.0,1328.449951171875,1127361
2024-02-14,1310.0,1319.949951171875,1282.6500244140625,1292.9000244140625,3426103
2024-02-15,1304.699951171875,1308.0,1291.550048828125,1300.3499755859375,1703763
2024-02-16,1305.0999755859375,1309.199951171875,1298.0,1302.550048828125,1994659
2024-02-19,1302.949951171875,1318.0,1287.449951171875,1310.0,1496111
2024-02-20,1310.0,1323.6500244140625,1302.0,1320.550048828125,2113200
2024-02-21,1320.0,1325.0,1292.199951171875,1296.5999755859375,1769508
2024-02-22,1307.0,1330.5,1299.3499755859375,1328.0999755859375,2201424
2024-02-23,1338.9000244140625,1342.550048828125,1316.300048828125,1322.25,1660506
2024-02-26,1322.25,1324.9000244140625,1295.0,1298.25,1196507
2024-02-27,1295.0,1305.050048828125,1283.699951171875,1296.050048828125,1488661
2024-02-28,1302.0,1306.050048828125,1271.0,1285.8499755859375,1289779
2024-02-29,1280.0,1285.199951171875,1264.25,1273.8499755859375,2251498
2024-03-01,1287.0,1287.0,1268.0,1271.800048828125,1560034
2024-03-04,1275.5999755859375,1285.5,1270.0999755859375,1280.050048828125,1843831
2024-03-05,1274.9000244140625,1279.9000244140625,1259.0999755859375,1272.5,1420379
2024-03-06,1267.5,1274.3499755859375,1250.0999755859375,1271.0,2064350
2024-03-07,1275.0,1293.0999755859375,1265.550048828125,1288.1500244140625,2073691
2024-03-11,1288.1500244140625,1296.300048828125,1275.5,1289.0,1577732
2024-03-12,1295.0,1307.6500244140625,1277.699951171875,1292.300048828125,1963068
2024-03-13,1292.300048828125,1299.4000244140625,1266.300048828125,1277.199951171875,2001399
2024-03-14,1272.0,1297.449951171875,1258.050048828125,1293.3499755859375,2129097
2024-03-15,1293.0,1293.0,1268.5,1282.199951171875,2499025
2024-03-18,1282.0,1287.449951171875,1268.050048828125,1272.6500244140625,630807
2024-03-19,1270.0,1272.6500244140625,1248.9000244140625,1252.25,1243420
2024-03-20,1252.0,1272.0,1247.0,1264.300048828125,1139621
2024-03-21,1275.0,1287.449951171875,1270.6500244140625,1282.75,1420041
2024-03-22,1258.5,1279.9000244140625,1236.0999755859375,1262.6500244140625,2990908
2024-03-26,1262.25,1271.5999755859375,1251.0,1254.3499755859375,2144358
2024-03-27,1258.0,1263.1500244140625,1246.550048828125,1253.800048828125,2128854
2024-03-28,1260.0,1264.949951171875,1242.0,1248.0999755859375,2436133
2024-04-01,1252.0999755859375,1261.1500244140625,1242.0,1244.550048828125,1397037
2024-04-02,1244.0,1251.949951171875,1235.0999755859375,1236.800048828125,1320357
2024-04-03,1240.0,1263.0,1240.0,1255.1500244140625,1819093
2024-04-04,1260.0,1289.0,1246.9000244140625,1279.25,2460669
2024-04-05,1275.0,1275.949951171875,1260.199951171875,1263.4000244140625,1184658
2024-04-08,1270.0,1270.0,1256.0999755859375,1265.1500244140625,686932
2024-04-09,1265.0999755859375,1281.0,1242.75,1251.4000244140625,1198161
2024-04-10,1260.449951171875,1273.449951171875,1252.0,1266.300048828125,1994380
2024-04-12,1264.949951171875,1269.75,1238.0,1242.0999755859375,2887322
2024-04-15,1235.0,1240.6500244140625,1211.0,1218.75,2153147
2024-04-16,1205.0,1213.1500244140625,1191.0,1195.800048828125,2085459
2024-04-18,1199.550048828125,1207.8499755859375,1176.050048828125,1179.6500244140625,3242357
2024-04-19,1163.050048828125,1204.8499755859375,1162.949951171875,1193.6500244140625,2572144
2024-04-22,1196.0999755859375,1216.699951171875,1195.0999755859375,1208.050048828125,1364143
2024-04-23,1218.0,1218.0,1198.800048828125,1200.25,1460983
2024-04-24,1207.949951171875,1207.949951171875,1181.5,1185.699951171875,1375843
2024-04-25,1185.0,1193.550048828125,1172.800048828125,1190.300048828125,3357065
2024-04-26,1250.0,1347.0,1241.0,1278.75,20431926
2024-04-29,1290.0,1311.0,1285.0,1288.300048828125,4120529
2024-04-30,1288.300048828125,1291.0999755859375,1260.050048828125,1263.5,2613213
2024-05-02,1263.199951171875,1274.3499755859375,1253.5,1266.9000244140625,2124221
2024-05-03,1270.0,1272.0,1243.050048828125,1250.449951171875,2322455
2024-05-06,1258.0,1265.699951171875,1245.0999755859375,1262.25,1363667
2024-05-07,1268.0,1294.800048828125,1256.9000244140625,1292.449951171875,2350444
2024-05-08,1294.0,1300.0,1280.3499755859375,1287.0,1332284
2024-05-09,1282.0,1285.9000244140625,1261.4000244140625,1269.0999755859375,2420777
2024-05-10,1266.0,1273.199951171875,1248.25,1264.4000244140625,1322206
2024-05-13,1264.4000244140625,1266.3499755859375,1250.050048828125,1262.050048828125,593453
2024-05-14,1263.949951171875,1284.0,1254.0999755859375,1275.5,1386032
2024-05-15,1275.0,1282.949951171875,1265.0,1274.5,1008105
2024-05-16,1287.0,1312.5999755859375,1281.300048828125,1307.949951171875,4868225
2024-05-17,1309.0999755859375,1320.0,1297.800048828125,1305.4000244140625,1925387
2024-05-21,1307.0,1327.0,1304.0999755859375,1323.9000244140625,1453689
2024-05-22,1330.0,1335.4000244140625,1311.050048828125,1330.4000244140625,1411627
2024-05-23,1336.0,1343.949951171875,1325.0999755859375,1337.5,1440740
2024-05-24,1337.5,1345.0,1318.0,1321.75,1288301
2024-05-27,1323.0,1342.800048828125,1318.25,1329.699951171875,980450
2024-05-28,1329.0,1330.3499755859375,1311.300048828125,1315.0999755859375,1608944
2024-05-29,1314.0,1314.0,1284.0999755859375,1286.449951171875,1405567
2024-05-30,1280.050048828125,1287.75,1235.3499755859375,1240.8499755859375,2610479
2024-05-31,1245.949951171875,1255.25,1224.050048828125,1228.449951171875,4649449
2024-06-03,1255.0,1261.800048828125,1236.550048828125,1245.3499755859375,1091287
2024-06-04,1245.3499755859375,1253.699951171875,1193.6500244140625,1239.300048828125,2471911
2024-06-05,1260.0,1284.949951171875,1236.75,1266.9000244140625,2709585
2024-06-06,1285.0,1323.5999755859375,1274.199951171875,1317.449951171875,3205121
2024-06-07,1330.0,1381.0,1327.0,1377.5999755859375,5790599
2024-06-10,1377.5999755859375,1378.0,1335.1500244140625,1340.3499755859375,2532308
2024-06-11,1348.9000244140625,1359.8499755859375,1341.1500244140625,1349.449951171875,1465705
2024-06-12,1364.800048828125,1381.0,1357.1500244140625,1370.5999755859375,2786009
2024-06-13,1380.0,1396.8499755859375,1375.3499755859375,1388.949951171875,1953367
2024-06-14,1395.0,1395.75,1364.0999755859375,1371.449951171875,1733356
2024-06-18,1380.449951171875,1391.449951171875,1370.1500244140625,1371.3499755859375,950760
2024-06-19,1377.0,1386.949951171875,1361.0,1381.1500244140625,1313197
2024-06-20,1386.0,1399.0,1371.449951171875,1393.0999755859375,1987190
2024-06-21,1408.0,1440.300048828125,1386.050048828125,1399.800048828125,6836535
2024-06-24,1390.0,1409.0,1381.0,1401.699951171875,1111433
2024-06-25,1398.800048828125,1432.0,1394.75,1427.75,2201375
2024-06-26,1432.800048828125,1434.800048828125,1410.0,1413.050048828125,1565878
2024-06-27,1404.3499755859375,1443.800048828125,1392.0,1432.25,4286657
2024-06-28,1441.0,1453.0,1426.6500244140625,1430.3499755859375,2222285
2024-07-01,1430.3499755859375,1478.5,1424.1500244140625,1472.0999755859375,3837301
2024-07-02,1480.0,1498.0,1470.0,1472.1500244140625,2092643
2024-07-03,1479.949951171875,1485.0,1461.0,1479.800048828125,896602
2024-07-04,1482.0,1492.0,1453.300048828125,1459.1500244140625,1322999
2024-07-05,1467.0,1470.0,1449.949951171875,1461.3499755859375,1334838
2024-07-08,1461.3499755859375,1478.949951171875,1460.1500244140625,1467.5999755859375,807698
2024-07-09,1466.0,1469.4000244140625,1455.0,1465.75,1049695
2024-07-10,1472.0999755859375,1472.800048828125,1441.5,1463.3499755859375,802718
2024-07-11,1476.0,1476.0,1441.25,1460.5999755859375,1408434
2024-07-12,1475.0,1511.800048828125,1461.050048828125,1505.050048828125,4372156
2024-07-15,1520.0999755859375,1527.5,1492.0,1499.050048828125,2374623
2024-07-16,1503.3499755859375,1519.0,1489.0999755859375,1516.199951171875,1794159
2024-07-18,1507.0,1545.699951171875,1505.0,1539.3499755859375,2752497
2024-07-19,1538.0,1539.949951171875,1486.5,1491.4000244140625,2504915
2024-07-22,1479.949951171875,1505.8499755859375,1476.0999755859375,1495.550048828125,2225781
2024-07-23,1491.0,1502.699951171875,1460.0,1493.4000244140625,1640492
2024-07-24,1493.4000244140625,1540.0,1473.4000244140625,1533.300048828125,2561617
2024-07-25,1525.0,1547.550048828125,1504.9000244140625,1530.0,3283912
2024-07-26,1530.0,1544.6500244140625,1444.25,1541.1500244140625,7133745
2024-07-29,1545.6500244140625,1554.699951171875,1510.050048828125,1525.3499755859375,1755979
2024-07-30,1520.0,1551.949951171875,1520.0,1538.050048828125,1622543
2024-07-31,1538.0,1561.75,1535.0,1554.4000244140625,2398955
2024-08-01,1554.4000244140625,1569.0,1537.5999755859375,1544.449951171875,1315921
2024-08-02,1525.5,1533.550048828125,1502.300048828125,1507.699951171875,2894949
2024-08-05,1470.0,1484.25,1426.75,1456.3499755859375,2186582
2024-08-06,1465.5,1503.0,1465.5,1483.4000244140625,1665788
2024-08-07,1500.800048828125,1515.25,1471.0,1473.6500244140625,3002937
2024-08-08,1470.0,1488.1500244140625,1462.0,1466.449951171875,2333194
2024-08-09,1484.949951171875,1509.25,1480.550048828125,1506.699951171875,1521252
2024-08-12,1506.699951171875,1524.5,1489.4000244140625,1512.5,1809860
2024-08-13,1508.300048828125,1523.6500244140625,1495.1500244140625,1503.4000244140625,580901
2024-08-14,1512.0,1529.449951171875,1505.0,1524.4000244140625,2833790
2024-08-16,1558.4000244140625,1589.0,1531.300048828125,1585.300048828125,3224481
2024-08-19,1587.8499755859375,1602.699951171875,1575.8499755859375,1594.6500244140625,1640507
2024-08-20,1601.0,1633.6500244140625,1595.25,1628.5999755859375,2442281
2024-08-21,1616.0,1628.0,1602.0,1604.6500244140625,1935929
2024-08-22,1605.050048828125,1620.6500244140625,1596.0,1611.25,1562554
2024-08-23,1613.050048828125,1616.949951171875,1593.050048828125,1598.4000244140625,1020913
2024-08-26,1610.0,1643.0,1609.0,1640.1500244140625,1510157
2024-08-27,1644.0,1645.0,1622.0999755859375,1624.5999755859375,1083351
2024-08-28,1620.0,1665.0,1616.199951171875,1627.3499755859375,3033590
2024-08-29,1620.050048828125,1656.25,1620.050048828125,1647.3499755859375,2194339
2024-08-30,1647.0,1663.75,1631.0999755859375,1636.5,1926984
2024-09-02,1636.5,1662.0,1635.550048828125,1646.6500244140625,1582818
2024-09-03,1639.0,1659.25,1632.0999755859375,1644.0999755859375,1739553
2024-09-04,1619.75,1650.0,1608.9000244140625,1645.300048828125,1643875
2024-09-05,1653.0,1657.9000244140625,1632.9000244140625,1639.5,1080904
2024-09-06,1639.5,1651.199951171875,1613.949951171875,1623.25,1672937
2024-09-09,1623.199951171875,1631.300048828125,1574.75,1579.199951171875,2965098
2024-09-10,1592.0,1613.699951171875,1578.5,1607.4000244140625,2541973
2024-09-11,1612.0,1627.0,1598.0999755859375,1602.5999755859375,1395340
2024-09-12,1619.9000244140625,1649.5999755859375,1606.0,1643.25,2356422
2024-09-13,1649.9000244140625,1659.9000244140625,1638.0,1656.050048828125,1373924
2024-09-16,1651.0999755859375,1670.0,1646.5,1649.0,1060407
2024-09-17,1649.0,1672.0,1641.0999755859375,1651.550048828125,1499644
2024-09-18,1648.1500244140625,1648.1500244140625,1589.0,1605.4000244140625,2930297
2024-09-19,1620.0,1635.3499755859375,1587.050048828125,1595.3499755859375,3032379
2024-09-20,1608.0,1629.300048828125,1582.4000244140625,1622.050048828125,3984683
2024-09-23,1624.949951171875,1631.0,1594.5,1607.1500244140625,1535902
2024-09-24,1601.550048828125,1643.5,1598.0999755859375,1637.0999755859375,1781972
2024-09-25,1637.0999755859375,1643.0999755859375,1590.050048828125,1602.75,2505756
2024-09-26,1610.0,1619.8499755859375,1596.0,1606.949951171875,2173853
2024-09-27,1625.0,1664.800048828125,1604.550048828125,1609.25,3539822
2024-09-30,1606.0,1606.0,1567.8499755859375,1577.199951171875,3460691
2024-10-01,1580.0,1642.9000244140625,1580.0,1625.4000244140625,5176596
2024-10-03,1615.0,1631.1500244140625,1596.1500244140625,1604.050048828125,2332279
2024-10-04,1591.0,1648.4000244140625,1591.0,1616.449951171875,2927576
2024-10-07,1624.949951171875,1632.050048828125,1600.199951171875,1618.550048828125,1619326
2024-10-08,1625.0,1635.0,1603.5999755859375,1629.0999755859375,1311331
2024-10-09,1639.0,1669.800048828125,1632.050048828125,1658.800048828125,2177241
2024-10-10,1673.0,1675.949951171875,1611.3499755859375,1619.699951171875,1518162
2024-10-11,1603.0,1650.0,1603.0,1647.050048828125,1019027
2024-10-14,1648.0,1697.0,1648.0,1692.5,2070051
2024-10-15,1700.0,1703.449951171875,1663.5,1675.3499755859375,2503380
2024-10-16,1670.0,1677.449951171875,1652.800048828125,1660.300048828125,1070524
2024-10-17,1660.699951171875,1709.9000244140625,1656.0,1699.0,3771316
2024-10-18,1695.0,1702.4000244140625,1645.5999755859375,1687.9000244140625,3119646
2024-10-21,1745.0,1761.8499755859375,1690.050048828125,1701.199951171875,5898020
2024-10-22,1703.4000244140625,1726.949951171875,1691.449951171875,1696.550048828125,2484594
2024-10-23,1696.550048828125,1749.0,1685.5999755859375,1735.949951171875,4198781
2024-10-24,1735.050048828125,1748.0,1728.050048828125,1735.75,1570443
2024-10-25,1735.75,1742.4000244140625,1710.3499755859375,1716.449951171875,1743714
2024-10-28,1710.0,1727.949951171875,1693.199951171875,1702.550048828125,1271473
2024-10-29,1709.0,1724.0999755859375,1680.3499755859375,1698.5,1499121
2024-10-30,1704.0999755859375,1712.1500244140625,1682.25,1684.949951171875,1305424
2024-10-31,1666.5999755859375,1669.800048828125,1595.550048828125,1608.6500244140625,3638913
2024-11-01,1619.0,1619.0,1598.800048828125,1603.6500244140625,249236
2024-11-04,1614.0,1640.25,1608.050048828125,1638.4000244140625,2746587
2024-11-05,1638.300048828125,1654.0,1623.800048828125,1632.6500244140625,1376651
2024-11-06,1649.949951171875,1697.75,1635.0,1693.550048828125,3164061
2024-11-07,1695.0,1715.5,1644.3499755859375,1651.0,1285140
2024-11-08,1660.0,1686.449951171875,1650.050048828125,1681.3499755859375,1883257
2024-11-11,1672.800048828125,1715.449951171875,1666.050048828125,1704.1500244140625,1587351
2024-11-12,1710.0,1710.5,1684.0,1687.0,1414446
2024-11-13,1680.0,1689.0,1663.6500244140625,1675.5999755859375,1063556
2024-11-14,1663.0,1692.0,1663.0,1687.5,1919974
2024-11-18,1684.75,1688.0,1633.25,1660.800048828125,1617013
2024-11-19,1664.9000244140625,1724.4000244140625,1664.0999755859375,1699.6500244140625,1982317
2024-11-21,1712.0,1725.0,1684.800048828125,1702.25,2212146
2024-11-22,1714.75,1749.8499755859375,1702.25,1747.449951171875,2344087
2024-11-25,1760.0,1767.800048828125,1727.8499755859375,1732.5999755859375,3913302
2024-11-26,1732.5999755859375,1762.0,1731.050048828125,1745.4000244140625,1291712
2024-11-27,1741.0,1767.0,1735.550048828125,1756.800048828125,2088228
2024-11-28,1757.0,1760.0,1706.800048828125,1713.3499755859375,1787990
2024-11-29,1708.0,1730.0,1700.5,1712.300048828125,1556942
2024-12-02,1710.0,1748.0,1705.9000244140625,1745.949951171875,1370756
2024-12-03,1760.0,1761.0,1737.5999755859375,1749.5,1824151
2024-12-04,1742.0999755859375,1774.5999755859375,1740.5999755859375,1759.5999755859375,1811165
2024-12-05,1759.5999755859375,1793.949951171875,1755.0999755859375,1786.949951171875,2762694
2024-12-06,1797.0,1797.0,1775.5999755859375,1782.800048828125,1180840
2024-12-09,1779.0999755859375,1800.75,1771.199951171875,1777.8499755859375,1069659
2024-12-10,1766.199951171875,1777.0,1753.300048828125,1763.550048828125,1625591
2024-12-11,1765.0,1769.75,1750.050048828125,1762.800048828125,1285654
2024-12-12,1768.050048828125,1807.699951171875,1761.050048828125,1789.5999755859375,3018243
2024-12-13,1781.0,1804.5999755859375,1761.0,1796.4000244140625,1503188
2024-12-16,1793.5,1793.5,1766.0,1775.550048828125,1075193
2024-12-17,1777.449951171875,1789.1500244140625,1761.0,1770.75,1160899
2024-12-18,1762.050048828125,1787.949951171875,1760.550048828125,1778.9000244140625,1337600
2024-12-19,1739.949951171875,1768.9000244140625,1735.0,1754.3499755859375,2402819
2024-12-20,1770.0,1770.8499755859375,1680.0999755859375,1686.050048828125,2921154
2024-12-23,1690.9000244140625,1725.0,1685.8499755859375,1712.4000244140625,1301223
2024-12-24,1717.5999755859375,1725.3499755859375,1695.699951171875,1704.9000244140625,711026
2024-12-26,1707.0999755859375,1714.6500244140625,1690.6500244140625,1698.699951171875,659638
2024-12-27,1704.949951171875,1716.5,1698.699951171875,1711.6500244140625,647945
2024-12-30,1715.0,1773.5999755859375,1693.800048828125,1740.8499755859375,6781500
2024-12-31,1729.0,1729.0,1682.449951171875,1706.199951171875,1459630
2025-01-01,1700.5999755859375,1717.5999755859375,1691.25,1703.8499755859375,721479
2025-01-02,1709.0,1735.699951171875,1696.0,1726.949951171875,1238954
2025-01-03,1712.199951171875,1729.8499755859375,1681.3499755859375,1689.449951171875,2448088
2025-01-06,1704.75,1711.300048828125,1675.0,1686.300048828125,945693
2025-01-07,1693.0,1705.0,1661.5,1671.1500244140625,1305847
2025-01-08,1667.949951171875,1669.949951171875,1634.0,1663.75,673344
2025-01-09,1663.699951171875,1669.5,1638.199951171875,1642.800048828125,774065
2025-01-10,1653.0999755859375,1714.0,1636.300048828125,1705.5999755859375,2208899
2025-01-13,1698.050048828125,1701.0,1649.9000244140625,1659.6500244140625,1401093
2025-01-14,1669.9000244140625,1670.449951171875,1621.300048828125,1647.5,2480288
2025-01-15,1658.0,1679.0,1650.1500244140625,1675.949951171875,1079742
2025-01-16,1695.0,1722.8499755859375,1670.949951171875,1687.6500244140625,2334315
2025-01-17,1684.75,1699.9000244140625,1650.4000244140625,1660.300048828125,2502285
2025-01-20,1663.0,1687.1500244140625,1625.0,1674.5999755859375,4856268
2025-01-21,1674.5999755859375,1703.550048828125,1636.0999755859375,1640.5,2500061
2025-01-22,1642.699951171875,1688.75,1635.25,1683.949951171875,2478559
2025-01-23,1671.0,1729.5,1671.0,1713.4000244140625,2255334
2025-01-24,1719.0,1736.4000244140625,1705.3499755859375,1723.050048828125,1257165
2025-01-27,1710.0,1713.9000244140625,1645.0,1653.9000244140625,1174799
2025-01-28,1655.949951171875,1664.6500244140625,1638.0,1648.3499755859375,1820874
2025-01-29,1663.949951171875,1685.0,1654.050048828125,1681.1500244140625,1146508
2025-01-30,1685.0,1704.9000244140625,1657.0,1670.0999755859375,868832
2025-01-31,1675.0,1695.0,1665.25,1674.449951171875,1065425
2025-02-01,1674.5,1685.9000244140625,1636.699951171875,1646.4000244140625,410470
2025-02-03,1630.0,1664.050048828125,1605.1500244140625,1654.699951171875,1415698
2025-02-04,1662.75,1676.949951171875,1645.050048828125,1659.050048828125,1467006
2025-02-05,1662.8499755859375,1671.0,1644.4000244140625,1661.0,1449280
2025-02-06,1670.0,1684.699951171875,1650.0,1669.5999755859375,1288106
2025-02-07,1675.0,1695.5999755859375,1657.9000244140625,1692.0999755859375,1582031
2025-02-10,1683.0,1703.75,1673.199951171875,1699.050048828125,1235699
2025-02-11,1706.0,1709.0,1663.199951171875,1669.0999755859375,1800036
2025-02-12,1680.0,1690.0,1668.800048828125,1680.199951171875,1889477
2025-02-13,1675.0,1689.449951171875,1640.550048828125,1675.300048828125,1555491
2025-02-14,1685.0,1694.0,1652.050048828125,1659.0999755859375,961944
2025-02-17,1655.9000244140625,1667.949951171875,1631.0,1664.949951171875,1114005
2025-02-18,1668.0,1708.949951171875,1664.050048828125,1705.0,2654136
2025-02-19,1694.050048828125,1712.4000244140625,1675.050048828125,1685.800048828125,1113961
2025-02-20,1680.0,1693.6500244140625,1655.0,1657.8499755859375,1485087
2025-02-21,1657.75,1664.949951171875,1642.199951171875,1649.5,1479239
2025-02-24,1630.0,1643.949951171875,1604.25,1613.699951171875,1672609
2025-02-25,1608.050048828125,1614.0,1589.0,1593.949951171875,1425126
2025-02-27,1575.0,1595.699951171875,1569.9000244140625,1588.25,2208643
2025-02-28,1570.0,1572.9000244140625,1478.4000244140625,1487.8499755859375,4155992
2025-03-03,1500.0,1531.5,1476.199951171875,1493.050048828125,2851006
2025-03-04,1475.0,1499.449951171875,1433.050048828125,1488.25,2386196
2025-03-05,1488.25,1549.0,1487.5,1538.0999755859375,1967418
2025-03-06,1541.0,1550.800048828125,1500.949951171875,1503.449951171875,2246380
2025-03-07,1501.949951171875,1507.199951171875,1482.0,1492.3499755859375,893696
2025-03-10,1492.3499755859375,1500.0,1482.5,1486.8499755859375,798491
2025-03-11,1464.5,1487.4000244140625,1453.5999755859375,1479.199951171875,1769157
2025-03-12,1481.0,1489.0,1408.800048828125,1438.300048828125,2665932
2025-03-13,1442.0,1456.25,1422.0,1440.6500244140625,995812
2025-03-17,1442.949951171875,1448.0,1425.199951171875,1440.0999755859375,1747569
2025-03-18,1440.0999755859375,1440.0999755859375,1440.0999755859375,1440.0999755859375,0
2025-03-19,1430.6500244140625,1431.800048828125,1394.4000244140625,1396.1500244140625,5557840
2025-03-20,1403.1500244140625,1421.0,1400.050048828125,1410.550048828125,2863413
2025-03-21,1390.050048828125,1431.0999755859375,1382.050048828125,1409.25,4056023
2025-03-24,1415.8499755859375,1467.6500244140625,1413.5999755859375,1458.6500244140625,3072831
2025-03-25,1474.0,1483.9000244140625,1449.449951171875,1455.5,2056315
2025-03-26,1464.0,1464.0,1409.5,1416.300048828125,2231144
2025-03-27,1407.1500244140625,1430.0,1406.0,1423.9000244140625,2541022
2025-03-28,1415.0999755859375,1430.0,1408.550048828125,1418.25,1642693
2025-04-01,1402.0,1416.949951171875,1385.4000244140625,1395.1500244140625,1578367
2025-04-02,1397.1500244140625,1426.050048828125,1397.1500244140625,1423.050048828125,1617949
2025-04-03,1397.0,1400.0,1360.25,1369.3499755859375,1943422
2025-04-04,1350.0,1359.199951171875,1318.8499755859375,1320.949951171875,1757493
2025-04-07,1245.0,1293.800048828125,1209.4000244140625,1288.0,3044730
2025-04-08,1314.0,1342.050048828125,1291.1500244140625,1314.4000244140625,2868814
2025-04-09,1290.0,1299.949951171875,1264.3499755859375,1272.75,3724878
2025-04-11,1275.0,1312.3499755859375,1274.199951171875,1282.25,1803181
2025-04-15,1314.199951171875,1314.199951171875,1286.800048828125,1301.699951171875,1511866
2025-04-16,1292.0,1314.5999755859375,1283.5,1308.699951171875,1093342
2025-04-17,1295.0999755859375,1308.9000244140625,1275.9000244140625,1306.800048828125,3027966
2025-04-21,1304.0,1389.0,1303.0,1373.5,3759267
2025-04-22,1374.0,1396.0,1361.199951171875,1376.5,2471135
2025-04-23,1418.9000244140625,1449.4000244140625,1408.0,1439.5999755859375,5944062
2025-04-24,1445.0,1467.5,1434.300048828125,1445.199951171875,2501415
2025-04-25,1455.4000244140625,1473.9000244140625,1375.0,1462.0,8211667
2025-04-28,1469.300048828125,1480.0,1437.0,1461.5,2079431
2025-04-29,1466.199951171875,1504.9000244140625,1463.300048828125,1495.300048828125,2652788
2025-04-30,1495.300048828125,1510.800048828125,1490.0,1503.0,1858465
2025-05-02,1505.0,1519.0,1489.800048828125,1494.0999755859375,1582577
2025-05-05,1499.0,1506.5,1490.5,1494.5999755859375,846022
2025-05-06,1496.9000244140625,1504.800048828125,1486.0999755859375,1496.199951171875,1545773
2025-05-07,1489.0999755859375,1504.9000244140625,1480.5999755859375,1495.199951171875,1272555
2025-05-08,1500.9000244140625,1518.5,1488.0,1502.800048828125,2829448
2025-05-09,1480.0,1501.300048828125,1478.0999755859375,1493.699951171875,923174
2025-05-12,1522.0,1576.5,1517.4000244140625,1573.0999755859375,1891418
2025-05-13,1600.300048828125,1600.9000244140625,1565.0999755859375,1572.5,3724272
2025-05-14,1584.0,1609.4000244140625,1578.0999755859375,1603.199951171875,2354571
2025-05-15,1606.0,1636.4000244140625,1600.199951171875,1629.0999755859375,2972408
2025-05-16,1635.0,1635.9000244140625,1601.300048828125,1617.0,1159095
2025-05-19,1617.0,1626.199951171875,1593.0999755859375,1597.800048828125,681874
2025-05-20,1612.0,1619.5,1573.300048828125,1576.0,1869716
2025-05-21,1577.0,1603.0,1569.4000244140625,1598.199951171875,930031
2025-05-22,1589.699951171875,1589.699951171875,1558.0,1565.5999755859375,1789310
2025-05-23,1575.0,1604.0,1567.800048828125,1580.300048828125,1159290
2025-05-26,1583.0,1604.4000244140625,1583.0,1601.4000244140625,711029
2025-05-27,1601.4000244140625,1604.300048828125,1578.5,1592.4000244140625,1394001
2025-05-28,1600.800048828125,1602.0,1578.0999755859375,1580.300048828125,820958
2025-05-29,1592.0999755859375,1604.9000244140625,1584.5,1600.0,1799251
2025-05-30,1595.0,1595.0,1568.0,1573.9000244140625,2780942
2025-06-02,1565.0,1569.0,1542.0999755859375,1549.0999755859375,2120693
2025-06-03,1555.9000244140625,1564.9000244140625,1533.9000244140625,1543.800048828125,2316285
2025-06-04,1544.800048828125,1566.5999755859375,1544.0,1556.699951171875,1439090
2025-06-05,1560.0,1570.300048828125,1547.0,1562.800048828125,1529586
2025-06-06,1564.800048828125,1573.5,1555.4000244140625,1571.0999755859375,828051
2025-06-09,1575.0,1591.5,1571.0999755859375,1579.0999755859375,598108
2025-06-10,1579.0999755859375,1633.5,1579.0,1610.9000244140625,3324373
2025-06-11,1618.0,1649.0,1604.5999755859375,1637.5,2660949
2025-06-12,1636.0,1658.0,1611.9000244140625,1644.4000244140625,2316173
2025-06-13,1605.0,1669.0,1604.5999755859375,1659.0,2511076
2025-06-16,1658.0,1706.0,1651.199951171875,1693.9000244140625,2160406
2025-06-17,1692.4000244140625,1725.0,1684.199951171875,1718.5999755859375,2105126
2025-06-18,1717.0999755859375,1732.800048828125,1708.4000244140625,1710.699951171875,1299278
2025-06-19,1684.0,1694.0,1660.699951171875,1684.0,3056884
2025-06-20,1680.0,1708.5,1669.199951171875,1696.0999755859375,3425550
2025-06-23,1680.0,1692.0,1675.699951171875,1681.800048828125,732380
2025-06-24,1698.800048828125,1708.5,1674.699951171875,1677.0999755859375,1923989
2025-06-25,1689.800048828125,1714.0,1675.800048828125,1705.0,1416375
2025-06-26,1695.0,1703.5,1670.300048828125,1690.199951171875,2528268
2025-06-27,1698.0,1701.800048828125,1662.5999755859375,1674.4000244140625,6183785
2025-06-30,1680.5999755859375,1689.5,1660.0,1687.0,1546996
2025-07-01,1690.0,1697.4000244140625,1669.300048828125,1671.199951171875,1689051
2025-07-02,1675.0,1699.0,1667.5,1677.0999755859375,1931642
2025-07-03,1684.9000244140625,1693.0,1670.0,1671.9000244140625,1713273
2025-07-04,1645.0,1663.9000244140625,1640.5,1655.199951171875,1310544
2025-07-07,1647.9000244140625,1647.9000244140625,1615.5,1623.9000244140625,1550115
2025-07-08,1623.0,1643.800048828125,1619.0,1635.4000244140625,1318755
2025-07-09,1634.800048828125,1636.4000244140625,1612.0,1614.800048828125,1173847
2025-07-10,1614.800048828125,1617.4000244140625,1590.0999755859375,1600.0999755859375,1631315
2025-07-11,1580.0,1607.0,1577.800048828125,1602.5,2559235
2025-07-14,1598.0,1598.0,1564.0999755859375,1576.699951171875,2068336
2025-07-15,1554.5999755859375,1594.9000244140625,1553.0,1579.0,2574760
2025-07-16,1580.0,1611.0,1577.300048828125,1607.9000244140625,2207039
2025-07-17,1583.4000244140625,1603.9000244140625,1560.9000244140625,1563.699951171875,7617296
2025-07-18,1573.0,1574.0,1538.0,1548.9000244140625,3619191
2025-07-21,1551.0,1553.4000244140625,1531.300048828125,1543.800048828125,988104
2025-07-22,1550.0,1552.800048828125,1541.199951171875,1547.199951171875,1404790
2025-07-23,1551.0,1552.9000244140625,1534.5,1546.5999755859375,2887100
2025-07-24,1554.0,1554.0,1495.5,1498.5999755859375,2207437
2025-07-25,1490.0999755859375,1501.300048828125,1455.699951171875,1461.9000244140625,1179664
2025-07-28,1462.0,1466.0,1445.0999755859375,1450.5999755859375,1070496
2025-07-29,1450.5999755859375,1459.0999755859375,1436.4000244140625,1453.800048828125,1458817
2025-07-30,1451.300048828125,1466.0999755859375,1448.5999755859375,1463.199951171875,1299448
2025-07-31,1450.0,1473.300048828125,1447.199951171875,1463.699951171875,1382994
2025-08-01,1456.5999755859375,1459.800048828125,1432.4000244140625,1438.800048828125,1620011
2025-08-04,1435.0,1477.0,1419.0999755859375,1475.0,1581473
2025-08-05,1470.0999755859375,1487.800048828125,1461.199951171875,1485.4000244140625,2929677
2025-08-06,1480.0999755859375,1481.5,1453.300048828125,1459.0,1039973
2025-08-07,1455.0,1492.0,1450.0,1482.0,1587489
2025-08-08,1473.800048828125,1496.0,1473.800048828125,1480.4000244140625,1371665
2025-08-11,1480.4000244140625,1522.699951171875,1469.699951171875,1481.0999755859375,888886
2025-08-12,1482.5999755859375,1517.4000244140625,1481.0,1509.300048828125,2532937
2025-08-13,1515.0,1518.699951171875,1499.300048828125,1506.300048828125,1815196
2025-08-14,1509.9000244140625,1529.9000244140625,1485.0,1486.699951171875,1715172
2025-08-18,1500.0,1500.0,1468.0999755859375,1471.199951171875,1249405
2025-08-19,1472.0,1499.5999755859375,1464.4000244140625,1496.699951171875,1807647
2025-08-20,1488.0,1532.0,1487.4000244140625,1524.0999755859375,2329633
2025-08-21,1528.0,1531.699951171875,1509.0999755859375,1521.300048828125,1251760
2025-08-22,1529.5999755859375,1529.5999755859375,1499.0,1505.0,969599
2025-08-25,1516.0,1539.699951171875,1505.0,1527.0999755859375,1386218
2025-08-26,1521.0,1526.5,1498.9000244140625,1502.199951171875,1510822
2025-08-28,1500.0,1509.199951171875,1482.5999755859375,1495.5999755859375,1771867
2025-08-29,1498.800048828125,1504.699951171875,1478.699951171875,1481.4000244140625,2279980
2025-09-01,1485.0,1509.9000244140625,1485.0,1505.5,1241192
2025-09-02,1502.0,1519.9000244140625,1498.5999755859375,1512.800048828125,1137022
2025-09-03,1512.800048828125,1516.0999755859375,1497.300048828125,1508.199951171875,1431929
2025-09-04,1506.0999755859375,1510.800048828125,1495.300048828125,1500.4000244140625,1038934
2025-09-05,1499.0,1507.4000244140625,1462.0999755859375,1477.9000244140625,1875965
2025-09-08,1482.4000244140625,1487.9000244140625,1459.0,1460.699951171875,1308412
2025-09-09,1466.5999755859375,1500.0,1465.699951171875,1498.199951171875,1749566
2025-09-10,1503.0,1536.0,1501.800048828125,1526.0,1660976
2025-09-11,1526.0,1531.5,1505.699951171875,1521.199951171875,896908
2025-09-12,1529.0,1530.0,1512.5,1525.5,770698
2025-09-15,1527.9000244140625,1527.9000244140625,1505.5999755859375,1519.800048828125,825515
2025-09-16,1522.9000244140625,1534.0,1510.0,1531.5,1011289
2025-09-17,1538.300048828125,1549.4000244140625,1525.5999755859375,1547.199951171875,1946337
2025-09-18,1556.0,1566.9000244140625,1541.800048828125,1550.699951171875,2246114
2025-09-19,1551.0,1557.4000244140625,1541.5999755859375,1553.800048828125,2621234
2025-09-22,1499.0,1510.0,1453.300048828125,1505.4000244140625,5723501
2025-09-23,1511.699951171875,1511.699951171875,1468.199951171875,1471.9000244140625,1380054
2025-09-24,1470.0,1470.0,1439.0,1452.4000244140625,2122106
2025-09-25,1452.0,1460.199951171875,1437.0,1444.300048828125,1581629
2025-09-26,1439.9000244140625,1441.5,1403.5,1407.699951171875,1851067
2025-09-29,1415.0,1425.0,1391.9000244140625,1410.699951171875,2708118
2025-09-30,1408.0,1426.699951171875,1392.5,1400.300048828125,2225340
2025-10-01,1401.0,1423.5999755859375,1393.4000244140625,1416.0,1683484
2025-10-03,1423.0,1423.800048828125,1397.300048828125,1400.5999755859375,2568702
2025-10-06,1404.9000244140625,1442.0,1397.0999755859375,1439.300048828125,3036770
2025-10-07,1440.0,1445.800048828125,1426.5999755859375,1438.9000244140625,1105550
2025-10-08,1432.0999755859375,1472.800048828125,1432.0999755859375,1458.199951171875,1154614
2025-10-09,1458.199951171875,1475.4000244140625,1452.0,1466.5999755859375,1354036
2025-10-10,1477.0,1477.699951171875,1450.0999755859375,1457.199951171875,937053
2025-10-13,1455.0,1461.5,1439.199951171875,1450.9000244140625,1229414
2025-10-14,1460.0,1479.800048828125,1457.9000244140625,1468.0,1430713
2025-10-15,1470.0,1479.0,1440.4000244140625,1459.0,2810322
2025-10-16,1466.0,1466.699951171875,1447.9000244140625,1463.800048828125,1619438
2025-10-17,1465.0,1465.0,1440.0999755859375,1447.5999755859375,1433539
2025-10-20,1440.0,1455.0,1439.0,1444.4000244140625,1800507
2025-10-21,1450.0,1457.300048828125,1442.0,1448.699951171875,114229
2025-10-23,1465.0,1487.5,1460.9000244140625,1463.4000244140625,3244860
2025-10-24,1465.4000244140625,1468.0,1450.0,1453.699951171875,969361
2025-10-27,1457.9000244140625,1475.5999755859375,1457.0,1462.800048828125,1036807
2025-10-28,1469.0,1469.5999755859375,1435.300048828125,1447.4000244140625,1432913
2025-10-29,1453.0,1461.199951171875,1442.5999755859375,1452.199951171875,1311858
2025-10-30,1453.199951171875,1458.0999755859375,1432.5,1433.800048828125,1797868
2025-10-31,1433.800048828125,1437.5,1420.300048828125,1424.4000244140625,1757591
2025-11-03,1419.0999755859375,1424.0,1414.0,1419.800048828125,2136091
2025-11-04,1419.9000244140625,1425.300048828125,1405.5999755859375,1409.199951171875,1191278
2025-11-06,1412.0,1420.9000244140625,1410.0,1413.5999755859375,2502412
2025-11-07,1400.0999755859375,1409.800048828125,1385.0,1386.699951171875,1209479
2025-11-10,1386.699951171875,1404.300048828125,1383.5999755859375,1397.800048828125,2883323
2025-11-11,1405.0,1410.4000244140625,1392.199951171875,1408.0,2488036
2025-11-12,1415.0,1460.199951171875,1414.0,1456.0999755859375,2958869
2025-11-13,1463.0,1463.800048828125,1442.300048828125,1451.4000244140625,1178211
2025-11-14,1444.199951171875,1445.800048828125,1422.9000244140625,1439.199951171875,1220596
2025-11-17,1440.0,1455.9000244140625,1438.300048828125,1452.800048828125,999416
2025-11-18,1444.0,1451.0999755859375,1419.5,1422.0,1553597
2025-11-19,1427.5,1443.5,1417.800048828125,1433.9000244140625,5777445
2025-11-20,1445.300048828125,1464.699951171875,1430.699951171875,1456.0,2818268
2025-11-21,1455.0,1469.0,1440.0,1461.5,2615232
2025-11-24,1470.0,1513.800048828125,1461.800048828125,1494.699951171875,6808658
2025-11-25,1501.199951171875,1502.0,1483.5,1494.699951171875,1675981
2025-11-26,1498.0,1522.699951171875,1496.199951171875,1520.4000244140625,1592891
2025-11-27,1523.0,1532.0,1505.0,1509.800048828125,1426194
2025-11-28,1515.800048828125,1525.300048828125,1503.699951171875,1517.300048828125,1247146
2025-12-01,1515.300048828125,1532.0,1509.699951171875,1529.5,1527101
2025-12-02,1523.0999755859375,1539.0,1520.0,1536.699951171875,1754978
2025-12-03,1537.9000244140625,1550.800048828125,1530.300048828125,1541.699951171875,2142830
2025-12-04,1545.0999755859375,1577.9000244140625,1541.0999755859375,1562.300048828125,2422663
2025-12-05,1567.0999755859375,1583.0,1556.5999755859375,1570.800048828125,2223397
2025-12-08,1581.0,1595.699951171875,1572.699951171875,1591.800048828125,2833786
2025-12-09,1579.0999755859375,1586.0,1559.0,1561.5999755859375,1533609
2025-12-10,1563.0,1572.9000244140625,1548.199951171875,1550.800048828125,735586
2025-12-11,1550.0,1572.0,1541.0,1568.199951171875,1248064
2025-12-12,1575.0,1580.5,1558.699951171875,1578.4000244140625,754479
2025-12-15,1571.0,1588.699951171875,1567.699951171875,1575.4000244140625,784781
2025-12-16,1570.0,1580.300048828125,1564.699951171875,1578.199951171875,999338
2025-12-17,1578.199951171875,1586.199951171875,1570.300048828125,1579.4000244140625,582251
2025-12-18,1581.0,1608.800048828125,1574.5999755859375,1605.5999755859375,1748780
2025-12-19,1611.0,1624.0,1595.0,1612.5,1802793
2025-12-22,1615.9000244140625,1649.800048828125,1612.800048828125,1646.699951171875,1466208
2025-12-23,1646.5,1646.5,1628.800048828125,1633.0,1161166
2025-12-24,1630.0,1636.5999755859375,1615.300048828125,1631.5,955523
2025-12-26,1630.5,1633.699951171875,1608.0,1612.300048828125,461192
2025-12-29,1614.0,1629.800048828125,1610.0999755859375,1612.4000244140625,891096
2025-12-30,1614.9000244140625,1616.199951171875,1599.0,1604.5999755859375,1973547
2025-12-31,1614.800048828125,1614.800048828125,1588.300048828125,1590.9000244140625,729913
2026-01-01,1591.0,1613.5,1587.199951171875,1607.699951171875,565878
2026-01-02,1611.0,1619.0999755859375,1601.9000244140625,1612.0,637080
2026-01-05,1601.9000244140625,1610.0999755859375,1576.0999755859375,1596.9000244140625,907810
2026-01-06,1603.9000244140625,1625.4000244140625,1596.0999755859375,1601.800048828125,570335
2026-01-07,1599.0,1633.9000244140625,1595.800048828125,1625.199951171875,1309781
2026-01-08,1625.0,1632.800048828125,1574.5,1577.9000244140625,1657201
2026-01-09,1583.0,1606.4000244140625,1578.0999755859375,1582.199951171875,1410053
2026-01-12,1572.0999755859375,1594.0,1562.800048828125,1586.0999755859375,652320
2026-01-13,1582.0,1622.9000244140625,1582.0,1614.800048828125,2573438
2026-01-14,1612.9000244140625,1613.0,1583.0999755859375,1588.5,1570385
2026-01-15,1588.5,1588.5,1588.5,1588.5,0
2026-01-16,1600.0,1680.699951171875,1600.0,1670.5,3733401
2026-01-19,1690.0,1736.0,1673.5,1718.300048828125,10621562
2026-01-20,1715.0,1716.699951171875,1675.0,1678.5,1825981
2026-01-21,1678.5,1694.300048828125,1660.0999755859375,1686.699951171875,1766163
2026-01-22,1695.0,1712.5999755859375,1682.699951171875,1687.4000244140625,3123567
2026-01-23,1699.0,1709.699951171875,1689.199951171875,1701.0999755859375,1831521
2026-01-27,1720.0,1749.0,1700.0,1745.0999755859375,2932973
2026-01-28,1748.0,1765.699951171875,1739.9000244140625,1762.9000244140625,2534826
2026-01-29,1751.0999755859375,1776.5999755859375,1736.0999755859375,1768.4000244140625,1893136
2026-01-30,1757.0999755859375,1760.0,1731.0,1743.0999755859375,1672787
2026-02-02,1713.699951171875,1729.5999755859375,1709.199951171875,1724.0,1030696
2026-02-03,1845.0,1854.0,1712.699951171875,1716.5,2711705
2026-02-04,1651.0,1656.0,1598.0,1645.300048828125,4823180
2026-02-05,1630.0999755859375,1659.0999755859375,1630.0,1646.199951171875,1720981
2026-02-06,1645.0,1645.9000244140625,1600.0,1619.9000244140625,1988639
2026-02-09,1625.0,1636.0,1613.5999755859375,1621.699951171875,933821
2026-02-10,1625.0,1658.5,1611.0999755859375,1644.5999755859375,1527966
2026-02-11,1655.0,1658.0,1625.0,1634.4000244140625,1521823
2026-02-12,1605.0,1611.0,1528.0,1536.5999755859375,5343729
2026-02-13,1482.5999755859375,1548.0,1464.4000244140625,1534.4000244140625,7058376
2026-02-16,1526.0,1541.9000244140625,1494.699951171875,1512.699951171875,1873472
2026-02-17,1512.699951171875,1547.5,1506.0,1523.800048828125,1781501
2026-02-18,1524.5999755859375,1528.5999755859375,1481.699951171875,1504.800048828125,1989222
2026-02-19,1506.800048828125,1532.800048828125,1472.300048828125,1479.300048828125,1108260
2026-02-20,1465.0,1477.300048828125,1453.0999755859375,1456.9000244140625,1599813
2026-02-23,1459.5,1470.0,1430.0,1440.9000244140625,2660793
2026-02-24,1420.0,1423.199951171875,1335.300048828125,1345.4000244140625,7441035
2026-02-25,1355.0999755859375,1397.699951171875,1351.4000244140625,1361.800048828125,2683571
2026-02-26,1366.4000244140625,1396.5999755859375,1360.4000244140625,1361.800048828125,1587449
2026-02-27,1391.0,1410.4000244140625,1354.0,1357.800048828125,2601590
2026-03-02,1335.0,1362.800048828125,1322.199951171875,1345.4000244140625,1564363
2026-03-04,1321.0,1362.199951171875,1321.0,1351.199951171875,1820421
2026-03-05,1358.0,1366.699951171875,1319.300048828125,1333.300048828125,1210010
2026-03-06,1330.0,1359.5,1326.5999755859375,1331.699951171875,1033627
2026-03-09,1305.0,1340.4000244140625,1304.0999755859375,1336.300048828125,1032250
2026-03-10,1340.0,1347.9000244140625,1316.699951171875,1336.5999755859375,1069187
2026-03-11,1343.9000244140625,1355.4000244140625,1330.199951171875,1334.4000244140625,1499971
2026-03-12,1334.4000244140625,1356.5,1327.0,1349.800048828125,3067753
2026-03-13,1342.5,1342.5,1319.800048828125,1332.800048828125,1150005
2026-03-16,1324.0,1346.4000244140625,1315.9000244140625,1339.5,2062060
2026-03-17,1340.9000244140625,1354.800048828125,1318.199951171875,1341.800048828125,1634005
2026-03-18,1346.800048828125,1404.699951171875,1344.300048828125,1385.199951171875,2969039
2026-03-19,1364.0999755859375,1379.300048828125,1331.0999755859375,1340.5999755859375,1219405
2026-03-20,1360.699951171875,1391.0,1355.5999755859375,1384.800048828125,3397016
2026-03-23,1366.0,1414.5999755859375,1357.5999755859375,1384.0,3647386
2026-03-24,1414.0,1439.199951171875,1400.0,1432.699951171875,3988700
2026-03-25,1422.4000244140625,1428.699951171875,1393.0,1408.5,4938929
2026-03-27,1395.0,1421.0,1385.5,1391.5999755859375,2584016
2026-03-30,1380.0,1422.0,1367.0999755859375,1384.0,3048646
2026-04-01,1412.5999755859375,1422.800048828125,1395.0,1404.5,1624500
2026-04-02,1390.0,1447.0,1383.5,1441.5,2501510
2026-04-06,1435.0,1464.9000244140625,1433.699951171875,1449.5,1476736
2026-04-07,1435.0,1482.0,1431.300048828125,1473.4000244140625,1673236
2026-04-08,1484.0,1493.0,1445.800048828125,1451.4000244140625,2736951
2026-04-09,1452.0,1464.0,1433.5999755859375,1461.5999755859375,1805451
2026-04-10,1461.0,1461.0,1426.0,1440.199951171875,2045026
2026-04-13,1425.5999755859375,1439.4000244140625,1412.9000244140625,1435.4000244140625,1285567
2026-04-15,1455.0,1485.699951171875,1450.0,1483.800048828125,1678561
2026-04-16,1489.800048828125,1511.5,1479.5,1491.0,1768783
2026-04-17,1486.0,1522.5,1474.9000244140625,1511.4000244140625,1859402
2026-04-20,1510.9000244140625,1531.300048828125,1496.199951171875,1504.4000244140625,1341688
2026-04-21,1501.0,1510.9000244140625,1489.0,1500.800048828125,2001948
2026-04-22,1463.4000244140625,1502.800048828125,1404.0999755859375,1462.5999755859375,11668801
2026-04-23,1470.199951171875,1473.9000244140625,1413.9000244140625,1421.5,4101549
2026-04-24,1407.0999755859375,1426.699951171875,1347.4000244140625,1358.5,3693260
2026-04-27,1362.9000244140625,1400.5,1360.199951171875,1396.0999755859375,1834277
2026-04-28,1392.5,1413.0,1383.5999755859375,1408.0999755859375,2009200
2026-04-29,1414.0,1464.0,1405.199951171875,1459.800048828125,3334783
2026-04-30,1459.699951171875,1482.0,1445.5999755859375,1473.5,2635309
2026-05-01,1473.5,1473.5,1473.5,1473.5,0
2026-05-04,1484.0,1492.4000244140625,1455.199951171875,1471.5999755859375,1483759
2026-05-05,1465.0,1483.800048828125,1447.0999755859375,1452.199951171875,711081
2026-05-06,1467.9000244140625,1480.5999755859375,1455.4000244140625,1466.699951171875,877900
2026-05-07,1467.0,1475.9000244140625,1444.0,1448.199951171875,1147147
2026-05-08,1453.5,1469.800048828125,1448.4000244140625,1463.0,1360644
2026-05-11,1460.0,1475.4000244140625,1451.800048828125,1457.4000244140625,1348443
2026-05-12,1447.0,1447.0,1388.9000244140625,1392.9000244140625,1474910
2026-05-13,1392.9000244140625,1399.9000244140625,1371.5999755859375,1375.0,2142904
2026-05-14,1370.0,1374.0,1327.300048828125,1343.4000244140625,2337353
2026-05-15,1350.0,1387.699951171875,1350.0,1370.5,5306932
2026-05-18,1363.699951171875,1437.699951171875,1363.699951171875,1430.0,6204623
2026-05-19,1446.300048828125,1506.800048828125,1445.5999755859375,1467.0999755859375,6697277
2026-05-20,1453.5999755859375,1476.5,1434.699951171875,1439.0,2216454
2026-05-21,1445.0999755859375,1450.0,1416.300048828125,1420.0,999422
2026-05-22,1425.0,1429.300048828125,1406.0999755859375,1422.199951171875,654078
2026-05-25,1429.4000244140625,1445.0,1421.199951171875,1435.5,887430
2026-05-26,1433.5999755859375,1465.800048828125,1429.9000244140625,1458.699951171875,1725570
2026-05-27,1460.0999755859375,1479.0,1451.0999755859375,1455.5999755859375,1825192
2026-05-28,1455.5999755859375,1455.5999755859375,1455.5999755859375,1455.5999755859375,0
2026-05-29,1476.9000244140625,1496.5999755859375,1460.0999755859375,1483.9000244140625,3955137
2026-06-01,1495.199951171875,1562.5,1495.199951171875,1543.199951171875,5243443
2026-06-02,1562.9000244140625,1589.0,1554.0,1571.4000244140625,4169279
2026-06-03,1549.0999755859375,1554.699951171875,1467.5999755859375,1472.300048828125,3493572
2026-06-04,1460.0,1499.699951171875,1453.0999755859375,1487.300048828125,2061503
2026-06-05,1508.699951171875,1524.0,1467.9000244140625,1483.5,2201977
2026-06-08,1469.0999755859375,1511.0999755859375,1459.0,1503.4000244140625,2467960
2026-06-09,1516.5,1518.4000244140625,1473.199951171875,1483.800048828125,1330108
2026-06-10,1480.0,1496.300048828125,1471.199951171875,1478.9000244140625,1082678
2026-06-11,1456.800048828125,1481.9000244140625,1437.699951171875,1465.0999755859375,2088978
2026-06-12,1477.0,1478.5999755859375,1425.0,1429.199951171875,2460369
2026-06-15,1441.199951171875,1454.699951171875,1423.5999755859375,1425.5999755859375,1926338
2026-06-16,1435.0999755859375,1455.699951171875,1422.9000244140625,1446.800048828125,1987359
2026-06-17,1455.0,1476.800048828125,1454.0,1462.4000244140625,2126833
2026-06-18,1454.0,1460.0,1435.5,1447.699951171875,2273483
2026-06-19,1350.0,1417.199951171875,1344.0,1409.5999755859375,5864187
2026-06-22,1414.0,1444.0,1414.0,1435.199951171875,2165308
2026-06-23,1427.199951171875,1433.300048828125,1400.5,1415.5999755859375,2402816
2026-06-24,1420.0,1466.5,1420.0,1461.5999755859375,3451553
2026-06-25,1465.0,1476.0,1435.0999755859375,1437.0999755859375,2553830
2026-06-26,1437.0999755859375,1437.0999755859375,1437.0999755859375,1437.0999755859375,0
2026-06-29,1439.699951171875,1453.9000244140625,1428.5999755859375,1433.800048828125,2466821
2026-06-30,1438.0,1443.800048828125,1398.9000244140625,1404.699951171875,2421536
2026-07-01,1404.699951171875,1404.699951171875,1355.5999755859375,1362.199951171875,3793024
2026-07-02,1378.300048828125,1426.0,1373.4000244140625,1421.300048828125,3034626
2026-07-03,1399.9000244140625,1445.0,1398.5,1410.0999755859375,2849871
2026-07-06,1409.800048828125,1417.4000244140625,1391.0,1406.5,1158020
2026-07-07,1398.5,1463.300048828125,1398.5,1447.5,4066916
2026-07-08,1441.0,1452.9000244140625,1422.800048828125,1428.800048828125,1489170
2026-07-09,1426.0,1436.300048828125,1399.0,1426.300048828125,1379708
2026-07-10,1448.0,1478.9000244140625,1445.300048828125,1454.800048828125,1732609
2026-07-13,1444.199951171875,1524.800048828125,1444.199951171875,1504.5,2285072
2026-07-14,1509.0,1519.9000244140625,1480.0,1484.300048828125,2011058
2026-07-15,1465.199951171875,1507.0,1453.0,1498.699951171875,1834279
2026-07-16,1510.0,1538.300048828125,1504.199951171875,1510.300048828125,2903245
2026-07-17,1540.0,1585.0,1527.300048828125,1572.9000244140625,10632264
2026-07-20,1577.5999755859375,1608.0,1572.4000244140625,1576.4000244140625,2324331
2026-07-21,1577.0,1614.5999755859375,1572.0,1576.300048828125,2624717
2026-07-22,1574.0999755859375,1574.0999755859375,1551.5999755859375,1560.5999755859375,975901
2026-07-23,1550.0,1567.5999755859375,1539.0,,2424787
