date,open,high,low,close,volume
2019-07-23,1090.0,1109.9000244140625,1086.4000244140625,1099.1500244140625,2527679
2019-07-24,1101.0,1110.0,1081.25,1087.4000244140625,1732174
2019-07-25,1093.9000244140625,1100.699951171875,1084.5999755859375,1090.449951171875,1770220
2019-07-26,1085.800048828125,1112.199951171875,1083.0,1106.4000244140625,1128870
2019-07-29,1106.9000244140625,1109.0,1071.9000244140625,1078.9000244140625,1661014
2019-07-30,1080.0,1093.5999755859375,1072.0999755859375,1079.199951171875,2335907
2019-07-31,1079.1500244140625,1079.1500244140625,1041.0,1056.3499755859375,3050699
2019-08-01,1052.0999755859375,1069.3499755859375,1041.4000244140625,1057.300048828125,2321381
2019-08-02,1062.0,1075.4000244140625,1046.050048828125,1064.699951171875,1789229
2019-08-05,1059.5,1059.5,1026.5999755859375,1036.800048828125,1962260
2019-08-06,1027.0,1070.0,1021.25,1046.699951171875,5738839
2019-08-07,1022.0,1040.9000244140625,998.0,1028.449951171875,8983860
2019-08-08,1036.0,1059.800048828125,1011.6500244140625,1041.0999755859375,2553976
2019-08-09,1050.0,1077.0,1041.5,1067.0,2944544
2019-08-13,1070.0,1088.5,1056.0999755859375,1063.8499755859375,3293100
2019-08-14,1054.0999755859375,1090.8499755859375,1051.050048828125,1084.0,1834669
2019-08-16,1075.0,1084.300048828125,1070.199951171875,1075.800048828125,1366746
2019-08-19,1104.699951171875,1104.699951171875,1080.1500244140625,1088.949951171875,1467603
2019-08-20,1090.9000244140625,1095.75,1075.550048828125,1092.3499755859375,1584464
2019-08-21,1090.5,1097.0,1060.300048828125,1065.300048828125,1344715
2019-08-22,1065.800048828125,1070.0,1048.050048828125,1061.75,1182766
2019-08-23,1062.300048828125,1082.9000244140625,1040.0,1073.5,1925420
2019-08-26,1094.699951171875,1106.800048828125,1061.6500244140625,1102.449951171875,2601437
2019-08-27,1108.0,1130.1500244140625,1099.199951171875,1123.699951171875,2825727
2019-08-28,1129.0,1131.5,1107.5,1110.949951171875,1599333
2019-08-29,1111.5,1115.0,1096.550048828125,1101.800048828125,1204392
2019-08-30,1107.050048828125,1113.0,1095.0,1105.0999755859375,1454803
2019-09-03,1098.0,1098.300048828125,1052.949951171875,1059.6500244140625,1858383
2019-09-04,1060.0,1069.0,1025.5,1037.199951171875,2881072
2019-09-05,1037.0,1052.9000244140625,1036.25,1048.6500244140625,1587469
2019-09-06,1054.0,1070.949951171875,1042.449951171875,1068.699951171875,1443212
2019-09-09,1065.0,1091.949951171875,1058.4000244140625,1088.3499755859375,1272456
2019-09-11,1095.949951171875,1103.5,1083.050048828125,1101.050048828125,1432923
2019-09-12,1110.699951171875,1114.5999755859375,1083.75,1086.0999755859375,1792647
2019-09-13,1088.0999755859375,1126.5,1088.0999755859375,1123.4000244140625,3428008
2019-09-16,1123.9000244140625,1152.0,1115.4000244140625,1148.550048828125,3645849
2019-09-17,1155.0,1176.199951171875,1154.050048828125,1158.25,3120692
2019-09-18,1163.0,1168.0,1150.550048828125,1160.699951171875,1434623
2019-09-19,1164.0,1167.6500244140625,1148.449951171875,1153.199951171875,1255713
2019-09-20,1160.0,1334.4000244140625,1153.0,1263.550048828125,7588909
2019-09-23,1275.199951171875,1345.0,1275.0,1311.800048828125,5902008
2019-09-24,1317.0,1324.25,1282.0,1292.6500244140625,2642955
2019-09-25,1296.1500244140625,1314.9000244140625,1262.800048828125,1268.9000244140625,3928117
2019-09-26,1273.0,1292.550048828125,1272.0,1288.300048828125,2277616
2019-09-27,1291.0,1293.949951171875,1265.1500244140625,1284.050048828125,1847785
2019-09-30,1290.5,1295.8499755859375,1266.5,1273.050048828125,2142791
2019-10-01,1282.0,1297.800048828125,1267.550048828125,1280.5999755859375,1454512
2019-10-03,1279.4000244140625,1298.0,1268.75,1295.5,1449986
2019-10-04,1303.0,1306.699951171875,1240.0999755859375,1250.9000244140625,2383219
2019-10-07,1255.0999755859375,1265.800048828125,1241.300048828125,1259.0,1100794
2019-10-09,1200.0,1236.25,1177.050048828125,1230.300048828125,8327469
2019-10-10,1231.199951171875,1242.449951171875,1220.0,1234.699951171875,1479753
2019-10-11,1242.050048828125,1249.0,1215.0,1243.5999755859375,2182903
2019-10-14,1239.800048828125,1258.0,1233.5,1248.949951171875,1241231
2019-10-15,1254.0,1275.1500244140625,1253.0,1272.0999755859375,1379017
2019-10-16,1274.800048828125,1277.699951171875,1256.050048828125,1274.550048828125,1223194
2019-10-17,1285.0,1285.550048828125,1271.0999755859375,1277.050048828125,1500556
2019-10-18,1278.0,1305.0,1274.050048828125,1300.5999755859375,1135957
2019-10-22,1300.449951171875,1336.800048828125,1294.5,1329.449951171875,2138284
2019-10-23,1331.949951171875,1366.3499755859375,1327.050048828125,1348.6500244140625,3148288
2019-10-24,1364.0,1379.0,1350.6500244140625,1374.550048828125,1791699
2019-10-25,1378.9000244140625,1389.949951171875,1331.1500244140625,1335.0,3934315
2019-10-27,1338.949951171875,1341.800048828125,1315.699951171875,1319.9000244140625,470393
2019-10-29,1320.0,1340.0,1293.199951171875,1332.5999755859375,2030358
2019-10-30,1347.0,1347.0,1312.0,1316.1500244140625,1681593
2019-10-31,1322.0,1336.0,1319.6500244140625,1331.199951171875,1533763
2019-11-01,1331.800048828125,1333.3499755859375,1287.050048828125,1301.9000244140625,2491686
2019-11-04,1311.0,1311.0,1282.0999755859375,1298.800048828125,1706003
2019-11-05,1295.0,1306.25,1277.5,1283.800048828125,2881634
2019-11-06,1165.0,1199.0,1150.0,1156.0999755859375,18294122
2019-11-07,1161.0,1179.0,1156.449951171875,1167.199951171875,6500446
2019-11-08,1167.199951171875,1172.949951171875,1154.0,1156.75,2796511
2019-11-11,1156.75,1163.75,1137.6500244140625,1155.699951171875,2357413
2019-11-13,1155.699951171875,1167.0,1150.0999755859375,1159.050048828125,2336007
2019-11-14,1164.0,1176.300048828125,1162.0,1169.0999755859375,2571355
2019-11-15,1173.0,1174.800048828125,1155.9000244140625,1158.449951171875,1506407
2019-11-18,1160.1500244140625,1164.5,1152.800048828125,1158.800048828125,1132129
2019-11-19,1158.800048828125,1167.800048828125,1153.0999755859375,1163.199951171875,1109428
2019-11-20,1166.0,1167.5,1156.4000244140625,1162.8499755859375,920219
2019-11-21,1163.0,1170.0,1144.0,1148.25,1417102
2019-11-22,1148.0,1150.699951171875,1123.199951171875,1135.5999755859375,2320184
2019-11-25,1149.9000244140625,1166.949951171875,1143.0999755859375,1163.5999755859375,2270744
2019-11-26,1166.9000244140625,1184.75,1162.199951171875,1166.0999755859375,4025257
2019-11-27,1170.0,1182.5,1161.0,1167.1500244140625,1587451
2019-11-28,1172.0,1172.0,1160.3499755859375,1169.5,1031591
2019-11-29,1173.0,1178.550048828125,1155.0,1159.699951171875,1244953
2019-12-02,1160.0,1161.0,1142.5,1153.800048828125,1016807
2019-12-03,1155.0,1170.0,1150.0999755859375,1158.1500244140625,1315825
2019-12-04,1154.699951171875,1178.0,1153.0,1174.6500244140625,1388528
2019-12-05,1180.0,1204.5999755859375,1175.0,1184.25,3637705
2019-12-06,1189.800048828125,1189.800048828125,1168.9000244140625,1172.0,1026657
2019-12-09,1173.0,1186.0,1165.8499755859375,1178.050048828125,1092070
2019-12-10,1175.0999755859375,1192.0999755859375,1172.9000244140625,1179.300048828125,1641867
2019-12-11,1178.0999755859375,1189.0,1175.75,1179.550048828125,1005638
2019-12-12,1182.0999755859375,1192.0,1177.5,1188.0,1065673
2019-12-13,1193.0,1203.5,1182.5999755859375,1186.1500244140625,1624478
2019-12-16,1188.550048828125,1192.25,1162.8499755859375,1165.6500244140625,1239589
2019-12-17,1171.0,1171.0,1152.0,1157.3499755859375,1706196
2019-12-18,1164.0,1167.3499755859375,1150.3499755859375,1159.0999755859375,1391631
2019-12-19,1159.0,1162.5,1153.0,1159.050048828125,1338696
2019-12-20,1160.0,1206.449951171875,1160.0,1201.9000244140625,6754831
2019-12-23,1206.0999755859375,1229.0,1201.0999755859375,1209.0999755859375,3980835
2019-12-24,1206.050048828125,1222.0,1200.6500244140625,1204.0999755859375,2236779
2019-12-26,1209.949951171875,1213.75,1190.5999755859375,1192.5,1800229
2019-12-27,1196.449951171875,1199.199951171875,1184.8499755859375,1191.449951171875,1332568
2019-12-30,1195.0,1198.0,1183.0999755859375,1193.75,1109808
2019-12-31,1195.0,1203.699951171875,1184.199951171875,1187.949951171875,1753530
2020-01-01,1194.449951171875,1199.0,1152.199951171875,1154.75,3137636
2020-01-02,1157.0,1159.9000244140625,1140.0,1155.5999755859375,3286436
2020-01-03,1156.0,1156.0,1132.0,1139.699951171875,2695237
2020-01-06,1162.0,1171.4000244140625,1150.0999755859375,1158.5999755859375,4494752
2020-01-07,1170.949951171875,1173.8499755859375,1152.050048828125,1159.949951171875,2363578
2020-01-08,1145.0,1156.300048828125,1138.0,1143.300048828125,2370166
2020-01-09,1155.0,1168.0,1148.5,1163.449951171875,1764131
2020-01-10,1167.0,1170.699951171875,1150.75,1154.050048828125,1517311
2020-01-13,1155.0,1162.449951171875,1148.5,1158.949951171875,1135936
2020-01-14,1162.0,1168.6500244140625,1157.1500244140625,1167.0999755859375,1324743
2020-01-15,1173.5,1191.5,1170.5999755859375,1184.8499755859375,2665214
2020-01-16,1184.8499755859375,1195.5,1174.0999755859375,1192.9000244140625,1644541
2020-01-17,1194.800048828125,1196.8499755859375,1184.0,1188.75,1034774
2020-01-20,1190.0,1195.0,1179.0999755859375,1187.8499755859375,1139858
2020-01-21,1183.449951171875,1183.9000244140625,1161.0,1176.199951171875,925998
2020-01-22,1181.800048828125,1185.949951171875,1172.0,1177.6500244140625,902471
2020-01-23,1176.0,1206.6500244140625,1175.0,1204.0999755859375,2101116
2020-01-24,1208.9000244140625,1230.0,1206.050048828125,1227.8499755859375,2841654
2020-01-27,1228.0,1240.3499755859375,1208.8499755859375,1213.800048828125,2332864
2020-01-28,1215.0,1223.5,1188.300048828125,1195.0,1703068
2020-01-29,1198.5,1207.9000244140625,1181.5999755859375,1186.199951171875,1380266
2020-01-30,1191.0,1191.5,1176.199951171875,1179.25,1859283
2020-01-31,1185.5,1194.800048828125,1180.0,1187.75,1809101
2020-02-03,1170.0,1192.300048828125,1162.550048828125,1186.4000244140625,3595537
2020-02-04,1195.0,1287.800048828125,1185.0,1275.800048828125,7875930
2020-02-05,1284.75,1297.699951171875,1255.0,1279.8499755859375,5459816
2020-02-06,1284.949951171875,1294.199951171875,1252.050048828125,1259.300048828125,2463971
2020-02-07,1264.050048828125,1279.5,1258.4000244140625,1275.0,2277867
2020-02-10,1270.9000244140625,1275.0,1253.3499755859375,1257.199951171875,1021943
2020-02-11,1263.0,1278.9000244140625,1258.550048828125,1270.699951171875,1351413
2020-02-12,1276.949951171875,1288.949951171875,1265.8499755859375,1269.0,1195516
2020-02-13,1270.0,1308.0,1270.0,1298.0999755859375,4458645
2020-02-14,1306.949951171875,1310.699951171875,1290.0,1293.449951171875,1416212
2020-02-17,1293.050048828125,1321.5999755859375,1288.3499755859375,1316.050048828125,2347399
2020-02-18,1314.0,1318.9000244140625,1301.25,1311.0,1761012
2020-02-19,1317.0,1332.9000244140625,1312.050048828125,1329.5999755859375,1445826
2020-02-20,1330.0,1341.050048828125,1320.0,1322.8499755859375,1513648
2020-02-24,1310.0,1317.800048828125,1273.8499755859375,1279.9000244140625,1341317
2020-02-25,1285.0,1286.75,1256.800048828125,1260.0999755859375,1358874
2020-02-26,1256.0,1267.0,1245.0999755859375,1255.0999755859375,1506693
2020-02-27,1250.0,1286.0,1250.0,1277.9000244140625,4569014
2020-02-28,1255.0,1270.699951171875,1235.6500244140625,1254.5,2728105
2020-03-02,1275.0,1294.0,1228.0,1244.1500244140625,2773593
2020-03-03,1248.199951171875,1272.0,1225.0,1247.0,2660100
2020-03-04,1251.949951171875,1265.6500244140625,1217.300048828125,1250.949951171875,3007393
2020-03-05,1253.5,1265.1500244140625,1242.199951171875,1259.1500244140625,1555538
2020-03-06,1229.0,1246.949951171875,1219.699951171875,1242.5999755859375,1678642
2020-03-09,1225.0,1241.8499755859375,1175.0,1203.449951171875,2285787
2020-03-11,1197.949951171875,1213.3499755859375,1177.550048828125,1187.6500244140625,2314388
2020-03-12,1150.0,1153.949951171875,1064.6500244140625,1076.75,3608906
2020-03-13,1055.5999755859375,1134.699951171875,946.0499877929688,1084.3499755859375,4337046
2020-03-16,1049.949951171875,1049.949951171875,983.0,1011.3499755859375,3443930
2020-03-17,1005.0,1038.0,977.7999877929688,1001.0,2985146
2020-03-18,1028.0,1028.0,921.0,930.75,5508541
2020-03-19,879.9500122070312,924.4000244140625,839.75,903.5,4838552
2020-03-20,906.0999755859375,934.0,866.0,904.9000244140625,4407646
2020-03-23,839.6500244140625,841.0499877929688,771.25,800.9500122070312,4960906
2020-03-24,805.25,857.8499755859375,720.9000244140625,816.0999755859375,5404961
2020-03-25,799.0,897.7000122070312,784.7999877929688,880.7999877929688,3564854
2020-03-26,895.0,947.7999877929688,872.2999877929688,928.2999877929688,3635282
2020-03-27,960.0,965.0,896.0,937.0499877929688,2999631
2020-03-30,861.0,959.0,861.0,943.6500244140625,2901412
2020-03-31,967.0,971.7000122070312,923.75,933.7000122070312,3811918
2020-04-01,929.7000122070312,950.0,902.0,936.0499877929688,2935916
2020-04-03,930.0,930.0499877929688,855.9500122070312,862.7999877929688,4951957
2020-04-07,900.0999755859375,954.9500122070312,892.2999877929688,947.4500122070312,4186574
2020-04-08,935.0,966.4000244140625,893.4000244140625,913.4500122070312,5505995
2020-04-09,931.6500244140625,1044.0,917.3499755859375,1013.8499755859375,8532854
2020-04-13,1014.5,1014.5,943.2000122070312,966.8499755859375,4399110
2020-04-15,990.0,990.0,937.2000122070312,952.0499877929688,5502739
2020-04-16,929.0,999.0,915.0,985.25,6251879
2020-04-17,1001.0999755859375,1017.7000122070312,956.2999877929688,975.5,5761623
2020-04-20,975.5,982.2000122070312,957.0,975.5,2557331
2020-04-21,958.0,962.2000122070312,932.4500122070312,936.7000122070312,3717567
2020-04-22,936.7000122070312,955.25,922.5499877929688,951.4000244140625,2779272
2020-04-23,922.25,935.5,905.0,912.5999755859375,7009187
2020-04-24,910.0,926.9000244140625,893.0999755859375,906.0499877929688,4692972
2020-04-27,914.2000122070312,938.0,912.0499877929688,927.75,3816089
2020-04-28,930.3499755859375,940.0,917.0,932.8499755859375,2548149
2020-04-29,932.0,933.5999755859375,918.0,925.4000244140625,2514908
2020-04-30,935.2000122070312,978.9500122070312,929.0,970.0499877929688,4336412
2020-05-04,928.5,929.0,886.0,891.8499755859375,4201101
2020-05-05,905.0,908.8499755859375,877.0,886.9500122070312,5214901
2020-05-06,887.0,891.9500122070312,861.25,876.4500122070312,3713850
2020-05-07,878.5,878.5,846.4000244140625,849.0999755859375,4744629
2020-05-08,857.0,862.5,830.2999877929688,832.8499755859375,4751910
2020-05-11,848.4500122070312,851.4000244140625,824.0,829.5999755859375,3704305
2020-05-12,827.0,851.0,822.25,846.4500122070312,5287477
2020-05-13,874.9500122070312,883.9500122070312,856.0,860.4500122070312,3599358
2020-05-14,855.0,856.0,841.25,846.0,2161536
2020-05-15,846.0,859.7999877929688,842.0,845.5999755859375,2130736
2020-05-18,841.5,845.0,810.0,817.2999877929688,4634758
2020-05-19,827.2999877929688,844.1500244140625,818.1500244140625,826.7999877929688,3072505
2020-05-20,824.0,854.0,818.5999755859375,848.7000122070312,3403474
2020-05-21,854.0,860.0,843.9000244140625,849.8499755859375,2217516
2020-05-22,844.9000244140625,855.9500122070312,837.9000244140625,849.6500244140625,1955658
2020-05-26,856.0,896.9500122070312,855.1500244140625,892.75,5625204
2020-05-27,884.9000244140625,890.75,868.5,885.8499755859375,3925259
2020-05-28,885.8499755859375,904.0999755859375,875.0,899.4500122070312,3441157
2020-05-29,895.4500122070312,898.0,875.0,890.0,4140081
2020-06-01,898.5,979.0,898.5,958.9000244140625,9822341
2020-06-02,958.9000244140625,984.0,946.3499755859375,976.1500244140625,4518557
2020-06-03,989.0,1005.0,979.7000122070312,984.3499755859375,4194237
2020-06-04,970.0999755859375,977.4500122070312,942.3499755859375,971.25,5293647
2020-06-05,977.0,995.0,967.0,990.9500122070312,3136137
2020-06-08,1009.0,1050.0,1006.0499877929688,1025.0,7033675
2020-06-09,1037.0,1047.0,989.25,997.0999755859375,17283990
2020-06-10,997.0999755859375,1008.9500122070312,970.8499755859375,977.25,5971985
2020-06-11,976.0,976.0,949.0999755859375,951.25,4955842
2020-06-12,910.0499877929688,984.7999877929688,901.0,977.7000122070312,6968318
2020-06-15,979.9500122070312,986.5499877929688,945.0,948.4000244140625,3823415
2020-06-16,965.0,970.0,933.6500244140625,958.0499877929688,2976379
2020-06-17,955.0,972.8499755859375,945.75,963.0,2372940
2020-06-18,958.0999755859375,980.5,953.6500244140625,976.0,2118941
2020-06-19,980.0,994.9500122070312,973.0,975.8499755859375,2817395
2020-06-22,979.0,988.0,968.5499877929688,979.5,1840153
2020-06-23,981.5,1008.0,981.5,999.25,2929867
2020-06-24,1010.0,1026.0,985.1500244140625,988.2000122070312,3451720
2020-06-25,985.0,994.0,973.5499877929688,977.5999755859375,2214883
2020-06-26,988.0,989.9000244140625,961.9000244140625,966.2000122070312,2514103
2020-06-29,964.9000244140625,971.5999755859375,935.0,957.4500122070312,3422997
2020-06-30,965.0,971.9500122070312,946.4000244140625,949.8499755859375,1947529
2020-07-01,950.0,968.5,945.0,948.2000122070312,3043306
2020-07-02,956.9500122070312,994.0,953.0999755859375,986.4000244140625,3845200
2020-07-03,992.0,1008.0,986.2999877929688,1003.5,3073808
2020-07-06,1007.0,1019.7999877929688,995.6500244140625,1014.2000122070312,2509450
2020-07-07,1015.0,1029.0,1007.0,1016.25,3538454
2020-07-08,1026.0,1029.0,987.0499877929688,991.1500244140625,4272654
2020-07-09,995.0,1002.5,978.3499755859375,991.5999755859375,3585878
2020-07-10,985.0499877929688,987.0,957.4000244140625,961.8499755859375,3691688
2020-07-13,973.9500122070312,973.9500122070312,959.0,966.3499755859375,2760626
2020-07-14,960.0,977.9000244140625,955.0,973.7999877929688,3642970
2020-07-15,979.0,985.7999877929688,963.4000244140625,967.9500122070312,2366530
2020-07-16,968.5,972.9500122070312,941.7999877929688,961.3499755859375,2914310
2020-07-17,960.0,1000.0,956.4500122070312,997.8499755859375,3843594
2020-07-20,1000.0,1012.5,986.0,1001.7000122070312,3349775
2020-07-21,1004.0,1017.4000244140625,999.25,1015.1500244140625,2491480
2020-07-22,1020.25,1065.949951171875,1015.5999755859375,1057.699951171875,7642553
2020-07-23,1067.949951171875,1083.0,1051.0999755859375,1070.199951171875,6785686
2020-07-24,1064.800048828125,1066.0,1032.699951171875,1057.5999755859375,4407065
2020-07-27,1057.0,1072.5,1039.3499755859375,1042.0999755859375,2783336
2020-07-28,1045.0,1054.949951171875,1028.550048828125,1052.699951171875,3129955
2020-07-29,1056.800048828125,1066.75,1036.199951171875,1040.449951171875,2332468
2020-07-30,1042.0,1057.699951171875,1039.949951171875,1041.8499755859375,2297977
2020-07-31,1045.5,1051.0999755859375,1032.699951171875,1043.25,1786573
2020-08-03,1047.0,1094.6500244140625,1043.0,1077.3499755859375,7646498
2020-08-04,1088.949951171875,1089.199951171875,1065.25,1075.199951171875,3357481
2020-08-05,1083.0,1114.449951171875,1078.0,1105.449951171875,5465772
2020-08-06,1105.449951171875,1125.0,1091.25,1120.1500244140625,4499103
2020-08-07,1114.949951171875,1131.4000244140625,1086.050048828125,1091.050048828125,4553672
2020-08-10,1093.0,1114.5999755859375,1084.0,1107.550048828125,5185798
2020-08-11,1074.0,1087.699951171875,1048.5999755859375,1066.25,11189277
2020-08-12,1068.0,1076.9000244140625,1048.550048828125,1056.3499755859375,6260227
2020-08-13,1064.050048828125,1103.1500244140625,1062.0,1097.6500244140625,5476727
2020-08-14,1097.6500244140625,1119.0,1090.050048828125,1104.1500244140625,4149195
2020-08-17,1113.0,1126.199951171875,1106.0,1123.8499755859375,3033448
2020-08-18,1128.949951171875,1151.800048828125,1125.0999755859375,1145.550048828125,4134374
2020-08-19,1158.8499755859375,1159.0,1145.0,1148.4000244140625,2570066
2020-08-20,1130.050048828125,1138.4000244140625,1118.800048828125,1125.699951171875,2727302
2020-08-21,1137.699951171875,1143.800048828125,1129.0999755859375,1138.0999755859375,2181243
2020-08-24,1140.0,1146.75,1124.0,1126.6500244140625,2122417
2020-08-25,1131.0,1139.0,1122.9000244140625,1136.5,1465877
2020-08-26,1139.699951171875,1150.0,1127.1500244140625,1134.199951171875,2009966
2020-08-27,1140.0,1148.5,1127.0,1137.6500244140625,1459135
2020-08-28,1148.25,1148.25,1131.5999755859375,1134.0999755859375,1628956
2020-08-31,1131.0,1153.0,1086.0,1100.5,3373546
2020-09-01,1105.0,1129.6500244140625,1095.6500244140625,1120.050048828125,2043953
2020-09-02,1116.949951171875,1124.6500244140625,1102.5999755859375,1121.300048828125,1919880
2020-09-03,1121.300048828125,1191.5999755859375,1121.300048828125,1185.300048828125,5945052
2020-09-04,1161.5999755859375,1198.050048828125,1155.0,1159.25,3490945
2020-09-07,1164.0,1176.449951171875,1149.300048828125,1167.699951171875,2166322
2020-09-08,1167.699951171875,1174.0999755859375,1154.5999755859375,1162.550048828125,1994062
2020-09-09,1156.9000244140625,1171.800048828125,1148.300048828125,1161.0999755859375,1918422
2020-09-10,1165.0,1165.8499755859375,1138.75,1155.25,1841208
2020-09-11,1156.0,1194.0,1155.0,1167.75,5572098
2020-09-14,1168.5,1191.5999755859375,1167.949951171875,1188.0,2019325
2020-09-15,1194.800048828125,1220.0,1170.1500244140625,1174.550048828125,5204233
2020-09-16,1180.0,1189.0,1164.699951171875,1181.699951171875,2463561
2020-09-17,1174.949951171875,1191.550048828125,1168.050048828125,1182.4000244140625,2019300
2020-09-18,1185.0,1201.5,1157.3499755859375,1163.5999755859375,2575064
2020-09-21,1163.5999755859375,1171.800048828125,1115.050048828125,1119.9000244140625,2666086
2020-09-22,1120.0,1127.5,1093.1500244140625,1104.449951171875,2000953
2020-09-23,1107.5,1121.949951171875,1103.0,1117.199951171875,2068183
2020-09-24,1113.0,1113.9000244140625,1076.0,1096.1500244140625,2356296
2020-09-25,1097.550048828125,1115.0,1081.25,1109.3499755859375,2275740
2020-09-28,1119.0,1143.949951171875,1108.3499755859375,1138.75,2509616
2020-09-29,1145.0,1174.1500244140625,1139.3499755859375,1167.300048828125,3586518
2020-09-30,1173.0,1205.0,1163.25,1201.3499755859375,3635996
2020-10-01,1203.5999755859375,1211.0,1182.0,1198.6500244140625,2990243
2020-10-05,1201.0,1216.0,1188.699951171875,1194.3499755859375,2151235
2020-10-06,1204.0,1215.949951171875,1192.0,1199.949951171875,2087249
2020-10-07,1205.0,1268.0,1200.449951171875,1254.0,9411156
2020-10-08,1257.0,1262.550048828125,1233.5999755859375,1254.1500244140625,3144780
2020-10-09,1254.1500244140625,1269.0,1247.5,1255.199951171875,1873176
2020-10-12,1260.199951171875,1261.3499755859375,1236.0,1256.75,2009418
2020-10-13,1257.550048828125,1281.9000244140625,1223.6500244140625,1228.8499755859375,4735253
2020-10-14,1224.3499755859375,1248.949951171875,1218.550048828125,1223.449951171875,4096708
2020-10-15,1222.9000244140625,1237.550048828125,1210.0,1213.5999755859375,2727327
2020-10-16,1216.050048828125,1240.050048828125,1216.0,1223.1500244140625,2772602
2020-10-19,1225.0999755859375,1234.5999755859375,1213.0999755859375,1228.800048828125,1606979
2020-10-20,1230.0,1245.550048828125,1217.0999755859375,1233.5,2841242
2020-10-21,1241.0,1256.550048828125,1229.0,1244.699951171875,2687516
2020-10-22,1240.1500244140625,1253.0,1220.0,1229.449951171875,1973416
2020-10-23,1235.0,1247.800048828125,1231.199951171875,1241.699951171875,1527141
2020-10-26,1250.0,1250.0,1210.5,1215.5,1425518
2020-10-27,1219.0,1237.0,1213.550048828125,1231.800048828125,1778338
2020-10-28,1231.800048828125,1241.0,1185.3499755859375,1217.0,4810354
2020-10-29,1201.0,1201.0,1155.550048828125,1178.199951171875,5274120
2020-10-30,1176.4000244140625,1187.800048828125,1159.0999755859375,1165.75,2275592
2020-11-02,1167.5,1182.0,1154.0,1168.5,2502801
2020-11-03,1178.0,1205.300048828125,1174.800048828125,1199.949951171875,2079628
2020-11-04,1199.949951171875,1217.9000244140625,1192.699951171875,1215.6500244140625,2043263
2020-11-05,1224.1500244140625,1253.8499755859375,1210.25,1242.0999755859375,2215527
2020-11-06,1242.0999755859375,1265.8499755859375,1239.0,1253.5,2546487
2020-11-09,1265.4000244140625,1287.699951171875,1252.449951171875,1285.050048828125,1840061
2020-11-10,1286.0,1312.0,1274.3499755859375,1305.4000244140625,2898878
2020-11-11,1309.9000244140625,1318.699951171875,1263.699951171875,1274.699951171875,2872916
2020-11-12,1286.949951171875,1296.0,1267.0,1278.0999755859375,3650248
2020-11-13,1297.0,1304.0,1278.449951171875,1288.449951171875,3107920
2020-11-14,1295.0,1297.9000244140625,1279.0999755859375,1286.800048828125,288198
2020-11-17,1297.0,1304.800048828125,1277.300048828125,1301.949951171875,2185705
2020-11-18,1301.949951171875,1303.0,1267.0,1280.0999755859375,2934467
2020-11-19,1278.550048828125,1345.5999755859375,1270.050048828125,1292.449951171875,6942825
2020-11-20,1295.949951171875,1371.300048828125,1295.5999755859375,1365.1500244140625,10421957
2020-11-23,1375.0,1375.0,1332.0,1347.5999755859375,2995116
2020-11-24,1347.5999755859375,1364.449951171875,1323.25,1327.1500244140625,2876893
2020-11-25,1331.0,1345.0,1300.3499755859375,1306.949951171875,3417818
2020-11-26,1316.949951171875,1333.0,1308.1500244140625,1327.4000244140625,2819881
2020-11-27,1333.0,1368.4000244140625,1313.550048828125,1361.199951171875,5497388
2020-12-01,1383.0,1386.4000244140625,1335.0,1341.0999755859375,2881906
2020-12-02,1347.949951171875,1392.050048828125,1343.5,1389.0,2969071
2020-12-03,1398.9000244140625,1424.0,1386.050048828125,1418.5,3939085
2020-12-04,1418.5,1440.550048828125,1413.699951171875,1437.1500244140625,2229459
2020-12-07,1436.0,1436.0,1418.0,1425.300048828125,1430365
2020-12-08,1425.300048828125,1435.6500244140625,1412.3499755859375,1427.8499755859375,1666175
2020-12-09,1430.0,1435.0,1417.550048828125,1426.1500244140625,1579066
2020-12-10,1428.0,1445.0,1415.550048828125,1424.199951171875,2588422
2020-12-11,1427.5,1449.8499755859375,1423.0,1442.4000244140625,1398271
2020-12-14,1451.0,1469.5,1445.0,1463.449951171875,2453825
2020-12-15,1460.5,1476.0,1449.300048828125,1468.75,2035503
2020-12-16,1477.0,1510.0,1469.199951171875,1504.449951171875,2638988
2020-12-17,1495.1500244140625,1520.0,1492.300048828125,1501.949951171875,1951230
2020-12-18,1502.0,1525.0,1497.0999755859375,1519.3499755859375,3299825
2020-12-21,1514.199951171875,1528.550048828125,1451.0,1471.6500244140625,2298069
2020-12-22,1466.0,1510.0,1451.199951171875,1498.800048828125,3305444
2020-12-23,1504.699951171875,1519.800048828125,1478.050048828125,1490.8499755859375,2847742
2020-12-24,1520.0,1520.0,1486.0,1495.9000244140625,1947894
2020-12-28,1503.300048828125,1547.6500244140625,1496.1500244140625,1543.550048828125,2497242
2020-12-29,1554.0,1556.8499755859375,1528.449951171875,1540.0999755859375,2081338
2020-12-30,1548.0,1555.699951171875,1533.300048828125,1552.5999755859375,1151230
2020-12-31,1549.0,1571.0,1544.199951171875,1567.1500244140625,2031709
2021-01-01,1562.0999755859375,1573.0,1555.949951171875,1558.5999755859375,1003018
2021-01-04,1566.0,1567.0,1538.0,1550.9000244140625,1383979
2021-01-05,1545.0,1576.8499755859375,1541.5,1570.949951171875,1351709
2021-01-06,1578.0,1621.3499755859375,1561.8499755859375,1572.5999755859375,3312171
2021-01-07,1570.0,1570.0,1535.0,1542.3499755859375,2820445
2021-01-08,1547.9000244140625,1555.300048828125,1521.5,1548.5999755859375,3478504
2021-01-11,1560.0,1572.0,1545.699951171875,1563.9000244140625,1425529
2021-01-12,1560.0,1560.800048828125,1524.0,1527.0999755859375,2550741
2021-01-13,1530.0,1536.0,1495.0,1505.800048828125,3527208
2021-01-14,1508.0,1517.8499755859375,1480.050048828125,1489.949951171875,2814477
2021-01-15,1489.949951171875,1509.0,1471.300048828125,1477.25,1725346
2021-01-18,1467.0,1509.0,1460.0,1503.550048828125,2302268
2021-01-19,1518.0,1524.0,1501.0,1519.9000244140625,2279346
2021-01-20,1519.9000244140625,1541.0,1519.9000244140625,1531.300048828125,1838240
2021-01-21,1533.0999755859375,1549.8499755859375,1512.050048828125,1517.300048828125,1558030
2021-01-22,1522.0,1534.699951171875,1487.0,1491.199951171875,1364197
2021-01-25,1505.050048828125,1512.800048828125,1478.75,1499.8499755859375,1604484
2021-01-27,1505.0,1505.0,1432.0,1440.699951171875,2021747
2021-01-28,1420.0,1454.449951171875,1415.6500244140625,1450.0999755859375,1850239
2021-01-29,1456.0,1469.25,1415.25,1420.300048828125,2435997
2021-02-01,1437.800048828125,1508.550048828125,1423.6500244140625,1501.550048828125,2215933
2021-02-02,1515.0,1536.0,1482.0,1485.449951171875,1974202
2021-02-03,1492.0,1529.0,1492.0,1525.1500244140625,1853072
2021-02-04,1530.0,1540.0,1488.0999755859375,1513.5999755859375,2728965
2021-02-05,1518.550048828125,1538.949951171875,1504.5,1509.449951171875,1344007
2021-02-08,1514.0,1564.8499755859375,1510.050048828125,1541.699951171875,2683198
2021-02-09,1548.0,1584.6500244140625,1543.050048828125,1559.9000244140625,2364475
2021-02-10,1575.4000244140625,1588.0,1526.0,1563.1500244140625,2125469
2021-02-11,1552.0,1575.9000244140625,1511.25,1524.699951171875,5970196
2021-02-12,1536.699951171875,1536.699951171875,1491.0,1494.199951171875,3284441
2021-02-15,1506.0,1518.5,1476.75,1484.75,3156535
2021-02-16,1492.1500244140625,1505.0,1461.0,1471.8499755859375,3090249
2021-02-17,1469.4000244140625,1483.0,1449.5,1460.4000244140625,2096959
2021-02-18,1465.0999755859375,1471.9000244140625,1429.0,1433.0,2686046
2021-02-19,1434.0,1444.9000244140625,1412.800048828125,1425.550048828125,2543997
2021-02-22,1425.0,1433.0999755859375,1396.0,1405.25,1931189
2021-02-23,1415.0,1436.949951171875,1400.1500244140625,1424.050048828125,1871135
2021-02-24,1424.050048828125,1474.0,1424.050048828125,1451.8499755859375,1143204
2021-02-25,1460.0,1462.949951171875,1430.5,1434.449951171875,1967386
2021-02-26,1420.0,1431.949951171875,1403.0999755859375,1406.9000244140625,2715597
2021-03-01,1421.5,1466.0,1416.5999755859375,1452.1500244140625,1962042
2021-03-02,1469.0,1474.0,1450.0,1471.1500244140625,1293306
2021-03-03,1472.0,1481.6500244140625,1466.1500244140625,1474.5999755859375,1227772
2021-03-04,1452.0,1487.6500244140625,1450.550048828125,1470.5,1822476
2021-03-05,1465.0,1493.0,1462.199951171875,1474.199951171875,1954113
2021-03-08,1475.0,1481.25,1451.0,1456.75,1060584
2021-03-09,1470.0,1478.9000244140625,1445.0,1456.9000244140625,941590
2021-03-10,1470.0,1481.0,1463.0,1471.25,1257628
2021-03-12,1480.0,1507.800048828125,1478.5,1482.5,2631081
2021-03-15,1496.9000244140625,1496.9000244140625,1471.0,1492.199951171875,1482287
2021-03-16,1505.0,1531.0,1496.9000244140625,1500.949951171875,3191850
2021-03-17,1494.25,1499.550048828125,1470.050048828125,1472.550048828125,1195023
2021-03-18,1485.5999755859375,1492.9000244140625,1463.0,1468.199951171875,1242978
2021-03-19,1450.0,1470.8499755859375,1432.050048828125,1465.449951171875,2360672
2021-03-22,1465.0,1468.6500244140625,1448.0,1460.300048828125,1331121
2021-03-23,1460.300048828125,1514.800048828125,1454.0,1495.3499755859375,2534795
2021-03-24,1486.0,1508.800048828125,1476.449951171875,1488.1500244140625,1871092
2021-03-25,1484.0999755859375,1498.5,1447.75,1450.8499755859375,1609996
2021-03-26,1459.9000244140625,1512.4000244140625,1457.0,1505.8499755859375,1922278
2021-03-30,1510.0,1563.0,1510.0,1552.199951171875,3466042
2021-03-31,1549.9000244140625,1567.4000244140625,1536.75,1558.050048828125,1431746
2021-04-01,1560.0,1593.300048828125,1551.550048828125,1559.3499755859375,1343989
2021-04-05,1541.0999755859375,1559.0,1500.0,1535.0,1376233
2021-04-06,1529.5,1548.0,1509.0,1525.5,1400544
2021-04-07,1522.0999755859375,1561.449951171875,1508.0,1514.0999755859375,2592185
2021-04-08,1529.25,1579.0,1525.5,1571.300048828125,2085919
2021-04-09,1569.9000244140625,1618.0,1561.300048828125,1592.0,3569146
2021-04-12,1571.0,1572.6500244140625,1502.25,1510.449951171875,1889829
2021-04-13,1528.5999755859375,1553.300048828125,1516.6500244140625,1530.5999755859375,1880575
2021-04-15,1545.0,1554.5,1515.550048828125,1538.550048828125,1313429
2021-04-16,1529.800048828125,1559.800048828125,1529.800048828125,1549.050048828125,1501276
2021-04-19,1525.0,1532.449951171875,1500.0999755859375,1518.699951171875,1439975
2021-04-20,1524.199951171875,1560.0,1510.0,1522.9000244140625,1789104
2021-04-22,1530.0,1530.0,1473.1500244140625,1480.8499755859375,2200432
2021-04-23,1478.0,1496.9000244140625,1451.5999755859375,1461.449951171875,1726070
2021-04-26,1470.0,1489.75,1465.1500244140625,1479.8499755859375,1020499
2021-04-27,1485.0,1503.550048828125,1482.0,1495.0999755859375,1145908
2021-04-28,1505.0,1514.9000244140625,1491.699951171875,1508.8499755859375,1037771
2021-04-29,1524.0,1527.5,1497.0,1506.800048828125,1927546
2021-04-30,1500.0,1516.550048828125,1471.0,1491.6500244140625,3691399
2021-05-03,1477.0,1477.0,1421.0,1423.949951171875,3945733
2021-05-04,1434.0,1434.0,1400.050048828125,1402.9000244140625,3194977
2021-05-05,1406.0,1431.9000244140625,1403.4000244140625,1428.4000244140625,1819256
2021-05-06,1435.800048828125,1448.449951171875,1431.0,1444.4000244140625,1464006
2021-05-07,1449.0,1459.25,1439.9000244140625,1446.5,1190019
2021-05-10,1454.4000244140625,1469.75,1445.0,1455.1500244140625,1322561
2021-05-11,1439.0999755859375,1457.949951171875,1432.0,1435.25,1582827
2021-05-12,1431.0,1460.0,1425.8499755859375,1454.949951171875,1358169
2021-05-14,1469.0,1477.800048828125,1433.0,1455.8499755859375,1876873
2021-05-17,1462.0,1470.800048828125,1438.0,1468.300048828125,2218758
2021-05-18,1480.0,1547.0999755859375,1476.25,1539.25,3075596
2021-05-19,1522.25,1553.9000244140625,1516.800048828125,1521.1500244140625,1504440
2021-05-20,1523.0,1566.25,1522.5,1531.3499755859375,3032029
2021-05-21,1552.199951171875,1552.8499755859375,1533.550048828125,1538.3499755859375,1158893
2021-05-24,1532.1500244140625,1535.0,1505.449951171875,1520.75,1126532
2021-05-25,1536.0,1574.9000244140625,1535.0,1569.1500244140625,2530758
2021-05-26,1580.0,1614.0,1576.6500244140625,1582.949951171875,3839248
2021-05-27,1590.699951171875,1606.949951171875,1567.3499755859375,1594.25,2810155
2021-05-28,1595.0,1612.25,1570.550048828125,1577.0,1028675
2021-05-31,1570.6500244140625,1608.25,1569.0,1596.25,1525715
2021-06-01,1608.0,1612.0,1589.300048828125,1591.4000244140625,1111933
2021-06-02,1581.0,1596.75,1564.199951171875,1585.699951171875,1859258
2021-06-03,1601.0,1702.300048828125,1588.550048828125,1691.199951171875,7221910
2021-06-04,1713.800048828125,1713.800048828125,1665.5,1679.5,2952017
2021-06-07,1685.8499755859375,1713.8499755859375,1676.0,1685.0999755859375,1471576
2021-06-08,1686.0,1726.0,1674.199951171875,1712.5,1743285
2021-06-09,1714.949951171875,1739.9000244140625,1696.1500244140625,1730.75,2551140
2021-06-10,1741.4000244140625,1745.8499755859375,1722.199951171875,1738.6500244140625,1850763
2021-06-11,1736.550048828125,1743.0,1724.550048828125,1728.449951171875,761647
2021-06-14,1728.449951171875,1740.0,1713.0,1734.800048828125,887780
2021-06-15,1748.0,1748.949951171875,1719.5999755859375,1723.4000244140625,868275
2021-06-16,1724.0,1729.0,1706.5,1714.949951171875,1116772
2021-06-17,1706.0,1722.0,1701.4000244140625,1711.4000244140625,546515
2021-06-18,1700.0999755859375,1725.0,1686.0,1711.300048828125,2018319
2021-06-21,1699.0,1747.550048828125,1690.75,1742.8499755859375,925811
2021-06-22,1750.0999755859375,1770.800048828125,1748.0,1757.0,2083172
2021-06-23,1757.0,1786.0,1755.050048828125,1782.550048828125,1608518
2021-06-24,1785.0,1792.949951171875,1767.5999755859375,1780.8499755859375,1271298
2021-06-25,1785.0,1792.0,1742.0,1753.8499755859375,1378327
2021-06-28,1768.5,1768.5,1719.75,1728.050048828125,1339433
2021-06-29,1735.800048828125,1746.0,1721.25,1731.5999755859375,1236704
2021-06-30,1738.0,1755.3499755859375,1728.1500244140625,1732.5,803926
2021-07-01,1729.0,1746.4000244140625,1725.75,1740.300048828125,567971
2021-07-02,1755.0,1767.8499755859375,1740.199951171875,1754.75,1259675
2021-07-05,1760.0,1762.9000244140625,1743.0,1749.9000244140625,632904
2021-07-06,1750.0,1774.0,1746.050048828125,1762.800048828125,960973
2021-07-07,1762.800048828125,1783.4000244140625,1718.0,1727.25,2188364
2021-07-08,1730.0,1746.0,1721.25,1726.3499755859375,1167637
2021-07-09,1724.0,1739.949951171875,1718.0,1720.5999755859375,831213
2021-07-12,1730.0,1739.199951171875,1711.9000244140625,1719.8499755859375,792602
2021-07-13,1730.0,1735.0,1717.449951171875,1724.25,797913
2021-07-14,1726.0,1728.5999755859375,1705.0,1710.3499755859375,891780
2021-07-15,1705.5,1716.75,1694.5,1701.550048828125,943422
2021-07-16,1706.9000244140625,1710.0,1688.6500244140625,1695.3499755859375,907734
2021-07-19,1694.3499755859375,1709.25,1674.9000244140625,1680.3499755859375,831260
2021-07-20,1680.3499755859375,1691.449951171875,1662.5,1671.4000244140625,819793
2021-07-22,1695.0,1714.6500244140625,1682.199951171875,1701.75,1146821
2021-07-23,1714.6500244140625,1725.949951171875,1697.0,1700.949951171875,1053239
2021-07-26,1700.9000244140625,1736.8499755859375,1700.0,1722.8499755859375,1435514
2021-07-27,1733.0,1742.4000244140625,1713.3499755859375,1729.050048828125,1075244
2021-07-28,1730.0,1749.199951171875,1715.5999755859375,1723.550048828125,1714957
2021-07-29,1739.0,1756.300048828125,1727.800048828125,1739.1500244140625,1346162
2021-07-30,1742.0,1747.9000244140625,1711.199951171875,1714.550048828125,1199644
2021-08-02,1728.0,1776.0,1725.0,1771.550048828125,1718511
2021-08-03,1780.0,1854.949951171875,1777.1500244140625,1840.199951171875,5956344
2021-08-04,1857.199951171875,1858.6500244140625,1795.0,1799.5999755859375,2040687
2021-08-05,1820.050048828125,1821.199951171875,1763.199951171875,1799.300048828125,2301814
2021-08-06,1796.0,1796.3499755859375,1778.0,1787.75,877876
2021-08-09,1787.75,1831.5999755859375,1777.75,1799.1500244140625,1770502
2021-08-10,1810.0,1822.0,1793.3499755859375,1799.199951171875,862746
2021-08-11,1805.0,1815.0,1773.550048828125,1789.4000244140625,748179
2021-08-12,1798.0,1829.5999755859375,1781.0,1823.5999755859375,889082
2021-08-13,1830.0,1841.0,1818.75,1837.9000244140625,1194666
2021-08-16,1828.0,1847.050048828125,1817.0,1837.199951171875,461655
2021-08-17,1840.0,1878.3499755859375,1828.6500244140625,1874.449951171875,1917077
2021-08-18,1887.800048828125,1890.6500244140625,1860.0,1880.300048828125,1029077
2021-08-20,1859.4000244140625,1892.300048828125,1857.949951171875,1876.800048828125,1070166
2021-08-23,1889.0,1895.0,1847.8499755859375,1870.3499755859375,1092285
2021-08-24,1883.0,1887.300048828125,1852.5999755859375,1869.5999755859375,1003905
2021-08-25,1860.0,1869.699951171875,1820.0,1822.6500244140625,1280400
2021-08-26,1822.6500244140625,1834.5999755859375,1805.25,1815.3499755859375,1059290
2021-08-27,1824.0,1830.0,1797.0,1822.550048828125,1020589
2021-08-30,1835.0,1886.949951171875,1831.800048828125,1878.449951171875,1670309
2021-08-31,1878.449951171875,1925.0,1875.550048828125,1921.5999755859375,1816071
2021-09-01,1925.199951171875,1953.949951171875,1915.0,1939.4000244140625,1247432
2021-09-02,1958.5,1979.5,1946.8499755859375,1967.0999755859375,1167157
2021-09-03,1970.0999755859375,2024.4000244140625,1970.0999755859375,2019.300048828125,1548784
2021-09-06,2025.0,2032.8499755859375,2006.1500244140625,2020.6500244140625,679133
2021-09-07,2014.0,2039.9000244140625,2012.699951171875,2033.9000244140625,773091
2021-09-08,2033.949951171875,2067.0,2015.050048828125,2055.949951171875,796813
2021-09-09,2052.0,2060.0,2021.050048828125,2034.300048828125,653397
2021-09-13,2037.0,2043.449951171875,2021.1500244140625,2030.6500244140625,786459
2021-09-14,2038.9000244140625,2061.5,2032.050048828125,2055.699951171875,888765
2021-09-15,2060.0,2133.0,2060.0,2119.85009765625,2795995
2021-09-16,2132.949951171875,2132.949951171875,2095.050048828125,2108.699951171875,725123
2021-09-17,2113.949951171875,2150.0,2080.0,2095.60009765625,1727410
2021-09-20,2088.0,2096.0,2070.550048828125,2077.35009765625,411738
2021-09-21,2075.0,2097.5,2062.10009765625,2085.85009765625,539788
2021-09-22,2096.800048828125,2110.949951171875,2073.39990234375,2081.050048828125,1057480
2021-09-23,2090.0,2113.75,2076.60009765625,2105.050048828125,711634
2021-09-24,2105.0,2115.0,2085.0,2092.89990234375,540771
2021-09-27,2099.0,2107.35009765625,2077.199951171875,2090.25,507550
2021-09-28,2083.199951171875,2138.0,2083.050048828125,2129.300048828125,923489
2021-09-29,2129.0,2167.89990234375,2110.050048828125,2147.5,912912
2021-09-30,2149.89990234375,2185.0,2136.300048828125,2161.85009765625,1374265
2021-10-01,2157.0,2175.0,2122.64990234375,2163.75,626710
2021-10-04,2160.0,2174.300048828125,2138.0,2155.300048828125,870878
2021-10-05,2155.300048828125,2206.64990234375,2130.0,2192.64990234375,1329784
2021-10-06,2194.0,2204.699951171875,2135.10009765625,2147.64990234375,895210
2021-10-07,2255.0,2384.25,2250.0,2375.35009765625,8361061
2021-10-08,2420.0,2420.0,2353.0,2358.199951171875,1845797
2021-10-11,2377.0,2406.10009765625,2357.550048828125,2362.39990234375,1056932
2021-10-12,2365.0,2507.800048828125,2342.64990234375,2492.60009765625,3517011
2021-10-13,2539.89990234375,2608.949951171875,2490.0,2537.199951171875,4023645
2021-10-14,2575.300048828125,2584.0,2532.35009765625,2564.050048828125,1546459
2021-10-18,2620.0,2677.89990234375,2575.5,2588.800048828125,2572741
2021-10-19,2638.0,2638.0,2468.75,2484.89990234375,3546129
2021-10-20,2487.10009765625,2505.550048828125,2403.0,2411.39990234375,2868983
2021-10-21,2433.89990234375,2435.949951171875,2380.050048828125,2395.699951171875,2303014
2021-10-22,2417.39990234375,2494.949951171875,2398.0,2412.0,3063724
2021-10-25,2405.0,2412.0,2340.0,2379.14990234375,1446182
2021-10-26,2390.0,2468.449951171875,2371.0,2454.75,2567357
2021-10-27,2468.0,2482.35009765625,2452.199951171875,2460.10009765625,2082690
2021-10-28,2470.0,2470.0,2360.0,2375.14990234375,3330380
2021-10-29,2400.0,2404.0,2346.550048828125,2383.550048828125,1450019
2021-11-01,2441.449951171875,2441.449951171875,2390.35009765625,2406.300048828125,1276469
2021-11-02,2422.800048828125,2464.800048828125,2421.050048828125,2453.949951171875,1546219
2021-11-03,2462.0,2471.64990234375,2406.050048828125,2417.949951171875,1554405
2021-11-04,2439.0,2444.800048828125,2422.0,2431.75,181506
2021-11-08,2477.89990234375,2548.699951171875,2448.300048828125,2536.75,3449086
2021-11-09,2528.949951171875,2543.800048828125,2491.14990234375,2512.10009765625,1097405
2021-11-10,2505.0,2526.85009765625,2472.199951171875,2484.60009765625,911235
2021-11-11,2484.0,2542.800048828125,2476.300048828125,2528.10009765625,1726010
2021-11-12,2547.85009765625,2561.75,2523.0,2539.5,1673817
2021-11-15,2551.0,2572.699951171875,2531.699951171875,2539.39990234375,846885
2021-11-16,2550.10009765625,2551.35009765625,2520.14990234375,2531.75,1133767
2021-11-17,2522.89990234375,2539.0,2491.10009765625,2499.35009765625,892518
2021-11-18,2492.0,2520.0,2456.5,2478.199951171875,739912
2021-11-22,2492.39990234375,2492.39990234375,2353.0,2391.300048828125,1361329
2021-11-23,2380.0,2410.949951171875,2365.050048828125,2387.699951171875,1247942
2021-11-24,2400.0,2405.25,2365.0,2375.85009765625,614145
2021-11-25,2360.0,2403.199951171875,2355.14990234375,2397.800048828125,662071
2021-11-26,2377.800048828125,2385.10009765625,2285.050048828125,2292.300048828125,1289322
2021-11-29,2290.0,2334.39990234375,2231.39990234375,2324.199951171875,1094276
2021-11-30,2336.39990234375,2390.0,2336.39990234375,2375.5,2675375
2021-12-01,2409.800048828125,2441.949951171875,2347.39990234375,2360.199951171875,2177426
2021-12-02,2369.0,2422.5,2360.050048828125,2386.5,1682636
2021-12-03,2405.0,2405.449951171875,2355.050048828125,2369.25,1062389
2021-12-06,2361.35009765625,2379.85009765625,2318.39990234375,2325.300048828125,547641
2021-12-07,2336.5,2385.85009765625,2325.35009765625,2380.550048828125,904175
2021-12-08,2385.0,2418.0,2377.10009765625,2405.550048828125,926476
2021-12-09,2424.0,2424.0,2355.85009765625,2373.14990234375,1250492
2021-12-10,2385.39990234375,2385.39990234375,2296.300048828125,2339.35009765625,2288164
2021-12-13,2352.60009765625,2386.0,2340.10009765625,2350.5,992852
2021-12-14,2342.699951171875,2371.25,2318.75,2354.85009765625,765269
2021-12-15,2355.10009765625,2368.25,2317.449951171875,2323.14990234375,567271
2021-12-16,2344.10009765625,2364.800048828125,2325.25,2357.25,998086
2021-12-17,2336.0,2339.300048828125,2257.10009765625,2280.39990234375,1591893
2021-12-20,2259.699951171875,2263.14990234375,2205.0,2239.35009765625,1063366
2021-12-21,2251.300048828125,2310.0,2251.300048828125,2287.64990234375,883858
2021-12-22,2306.300048828125,2308.10009765625,2282.35009765625,2299.75,643034
2021-12-23,2320.0,2337.550048828125,2310.0,2329.89990234375,613686
2021-12-24,2340.10009765625,2341.89990234375,2310.0,2319.449951171875,534065
2021-12-27,2306.14990234375,2344.0,2286.300048828125,2331.300048828125,537545
2021-12-28,2340.10009765625,2384.949951171875,2327.5,2379.85009765625,871453
2021-12-29,2379.0,2416.449951171875,2370.35009765625,2402.14990234375,764644
2021-12-30,2393.800048828125,2448.0,2390.699951171875,2437.300048828125,1152684
2021-12-31,2447.300048828125,2535.0,2444.60009765625,2522.39990234375,2225749
2022-01-03,2510.0,2546.0,2502.300048828125,2523.85009765625,921729
2022-01-04,2525.0,2594.949951171875,2524.39990234375,2583.0,1037293
2022-01-05,2576.0,2608.0,2560.10009765625,2576.14990234375,1244568
2022-01-06,2540.0,2601.35009765625,2538.449951171875,2595.89990234375,1130508
2022-01-07,2630.0,2687.25,2562.35009765625,2572.699951171875,4625230
2022-01-10,2585.0,2663.550048828125,2571.0,2657.5,1894316
2022-01-11,2650.0,2678.75,2634.300048828125,2653.35009765625,1123968
2022-01-12,2641.0,2672.0,2608.0,2612.949951171875,1293999
2022-01-13,2611.0,2628.89990234375,2588.0,2619.25,1023670
2022-01-14,2626.0,2639.0,2588.85009765625,2592.75,1166457
2022-01-17,2592.75,2604.300048828125,2550.39990234375,2597.550048828125,1172956
2022-01-18,2598.0,2635.0,2587.0,2600.60009765625,1221314
2022-01-19,2598.0,2617.800048828125,2571.10009765625,2588.89990234375,629040
2022-01-20,2597.0,2610.0,2550.0,2564.300048828125,1215237
2022-01-21,2548.0,2561.89990234375,2505.0,2528.14990234375,1457884
2022-01-24,2520.0,2522.550048828125,2376.0,2403.050048828125,1411443
2022-01-25,2386.0,2407.75,2330.39990234375,2376.5,2849686
2022-01-27,2327.0,2360.39990234375,2260.0,2310.050048828125,2460051
2022-01-28,2313.0,2377.800048828125,2308.0,2315.60009765625,1317407
2022-01-31,2353.0,2380.0,2336.35009765625,2360.300048828125,900510
2022-02-01,2378.800048828125,2442.10009765625,2358.949951171875,2431.800048828125,1246431
2022-02-02,2451.0,2477.89990234375,2441.75,2464.0,1144427
2022-02-03,2480.5,2506.550048828125,2417.0,2474.949951171875,3883564
2022-02-04,2510.0,2520.0,2430.0,2471.14990234375,2718069
2022-02-07,2480.0,2498.14990234375,2388.0,2409.199951171875,1119632
2022-02-08,2418.39990234375,2465.0,2400.89990234375,2443.64990234375,1524580
2022-02-09,2465.0,2495.0,2456.050048828125,2484.800048828125,826261
2022-02-10,2499.949951171875,2503.949951171875,2465.550048828125,2491.85009765625,788689
2022-02-11,2480.0,2480.0,2421.25,2442.25,1030760
2022-02-14,2380.0,2423.0,2351.25,2398.0,816491
2022-02-15,2421.949951171875,2499.800048828125,2399.0,2495.89990234375,1293933
2022-02-16,2510.0,2519.89990234375,2460.25,2488.050048828125,1008929
2022-02-17,2509.5,2537.5,2487.0,2493.199951171875,960885
2022-02-18,2479.300048828125,2499.5,2460.800048828125,2488.949951171875,654373
2022-02-21,2488.0,2488.0,2411.050048828125,2454.35009765625,788568
2022-02-22,2377.0,2457.0,2377.0,2450.10009765625,874150
2022-02-23,2452.0,2525.0,2452.0,2495.699951171875,2096198
2022-02-24,2402.0,2466.0,2395.0,2406.60009765625,1875086
2022-02-25,2423.5,2474.0,2423.5,2468.449951171875,1284338
2022-02-28,2430.0,2563.64990234375,2430.0,2546.550048828125,2355891
2022-03-02,2550.0,2604.800048828125,2524.35009765625,2592.64990234375,3536974
2022-03-03,2620.0,2639.800048828125,2560.0,2574.25,2153478
2022-03-04,2565.0,2565.0,2430.0,2441.0,2652474
2022-03-07,2414.800048828125,2419.949951171875,2330.0,2389.699951171875,1545686
2022-03-08,2400.0,2419.5,2325.60009765625,2371.25,1467595
2022-03-09,2393.0,2460.5,2375.0,2433.64990234375,1581979
2022-03-10,2498.0,2504.75,2444.85009765625,2467.800048828125,1051744
2022-03-11,2478.0,2498.199951171875,2448.85009765625,2493.60009765625,812330
2022-03-14,2490.0,2545.0,2475.0,2539.0,1004492
2022-03-15,2559.0,2579.0,2543.199951171875,2556.949951171875,1571483
2022-03-16,2577.800048828125,2593.5,2566.0,2587.300048828125,757197
2022-03-17,2600.10009765625,2721.64990234375,2600.10009765625,2703.0,3336088
2022-03-21,2740.0,2768.0,2700.0,2707.25,1889261
2022-03-22,2716.25,2718.800048828125,2646.449951171875,2712.75,1279904
2022-03-23,2730.0,2742.949951171875,2677.85009765625,2690.0,1281815
2022-03-24,2694.0,2694.0,2612.550048828125,2618.5,1835380
2022-03-25,2631.0,2634.0,2518.0,2523.89990234375,2863040
2022-03-28,2536.5,2545.550048828125,2483.0,2535.89990234375,1316800
2022-03-29,2550.0,2559.0,2525.300048828125,2538.800048828125,908172
2022-03-30,2556.300048828125,2565.75,2510.0,2523.14990234375,866666
2022-03-31,2525.25,2545.39990234375,2519.949951171875,2536.14990234375,910316
2022-04-01,2538.0,2550.0,2491.85009765625,2520.85009765625,1208002
2022-04-04,2540.35009765625,2562.0,2508.75,2517.0,1424995
2022-04-05,2532.0,2577.800048828125,2520.050048828125,2549.199951171875,1586304
2022-04-06,2547.0,2564.89990234375,2523.300048828125,2540.050048828125,1349078
2022-04-07,2502.300048828125,2544.449951171875,2452.0,2458.35009765625,2785215
2022-04-08,2468.35009765625,2532.64990234375,2465.0,2509.949951171875,1217812
2022-04-11,2503.0,2509.949951171875,2477.39990234375,2489.85009765625,660112
2022-04-12,2480.0,2508.5,2440.25,2488.199951171875,1182427
2022-04-13,2492.199951171875,2495.949951171875,2441.10009765625,2461.35009765625,1165453
2022-04-18,2435.0,2500.0,2410.0,2493.449951171875,1109814
2022-04-19,2509.39990234375,2520.60009765625,2441.0,2452.60009765625,929834
2022-04-20,2453.050048828125,2505.0,2442.699951171875,2482.699951171875,639190
2022-04-21,2482.699951171875,2524.949951171875,2466.0,2521.0,880723
2022-04-22,2515.0,2526.449951171875,2476.5,2512.699951171875,878780
2022-04-25,2471.0,2489.0,2447.050048828125,2453.89990234375,682383
2022-04-26,2460.0,2552.14990234375,2459.0,2548.199951171875,1232557
2022-04-27,2528.64990234375,2537.800048828125,2488.25,2492.35009765625,801135
2022-04-28,2529.89990234375,2531.0,2477.0,2513.199951171875,933881
2022-04-29,2521.0,2532.0,2450.0,2458.199951171875,1496781
2022-05-02,2435.0,2437.0,2372.35009765625,2386.550048828125,1287401
2022-05-04,2356.0,2407.0,2275.0,2289.949951171875,2357806
2022-05-05,2309.0,2309.0,2252.14990234375,2262.0,2118580
2022-05-06,2240.0,2240.0,2195.449951171875,2208.75,1465638
2022-05-09,2195.0,2213.35009765625,2171.0,2183.199951171875,968069
2022-05-10,2180.0,2186.0,2125.0,2137.35009765625,1092429
2022-05-11,2127.199951171875,2138.0,2095.75,2114.699951171875,1472911
2022-05-12,2102.0,2103.89990234375,2035.550048828125,2048.550048828125,1362031
2022-05-13,2056.14990234375,2154.0,2056.14990234375,2091.699951171875,2580348
2022-05-16,2118.0,2152.0,2096.699951171875,2109.60009765625,1370151
2022-05-17,2145.0,2185.0,2111.0,2176.35009765625,1256142
2022-05-18,2187.0,2194.300048828125,2161.0,2166.75,1188772
2022-05-19,2125.0,2156.10009765625,2055.10009765625,2111.949951171875,981115
2022-05-20,2139.89990234375,2155.550048828125,2129.199951171875,2137.050048828125,1017542
2022-05-23,2160.0,2200.0,2138.0,2151.300048828125,1346294
2022-05-24,2151.64990234375,2165.0,2121.35009765625,2140.25,1150314
2022-05-25,2160.0,2181.0,2106.0,2113.39990234375,1125068
2022-05-26,2132.0,2150.85009765625,2075.5,2141.949951171875,1382368
2022-05-27,2155.0,2159.949951171875,2123.39990234375,2149.199951171875,865917
2022-05-30,2164.0,2260.0,2164.0,2255.89990234375,1691435
2022-05-31,2254.89990234375,2300.0,2176.60009765625,2216.0,7005071
2022-06-01,2255.0,2304.89990234375,2180.0,2197.60009765625,2126105
2022-06-02,2176.60009765625,2225.35009765625,2176.60009765625,2220.949951171875,966727
2022-06-03,2231.64990234375,2244.949951171875,2197.75,2204.39990234375,1228695
2022-06-06,2204.39990234375,2208.949951171875,2165.949951171875,2198.550048828125,1285097
2022-06-07,2173.550048828125,2179.449951171875,2088.0,2100.800048828125,3255286
2022-06-08,2106.050048828125,2133.0,2096.550048828125,2128.85009765625,1775344
2022-06-09,2106.0,2154.0,2103.0,2139.699951171875,1035771
2022-06-10,2108.0,2166.0,2108.0,2142.25,927889
2022-06-13,2108.0,2124.449951171875,2076.199951171875,2102.39990234375,928411
2022-06-14,2100.0,2116.89990234375,2072.64990234375,2102.0,893733
2022-06-15,2104.0,2127.5,2090.0,2105.050048828125,783714
2022-06-16,2126.39990234375,2145.0,2042.050048828125,2060.949951171875,1265289
2022-06-17,2041.0,2051.64990234375,1910.550048828125,1936.449951171875,6066708
2022-06-20,1938.0,1973.449951171875,1905.449951171875,1961.699951171875,1967950
2022-06-21,1979.9000244140625,2093.75,1966.5,2078.10009765625,3289922
2022-06-22,2070.0,2070.949951171875,2007.0,2031.199951171875,1507811
2022-06-23,2040.0,2047.800048828125,1997.1500244140625,2041.4000244140625,1632845
2022-06-24,2053.550048828125,2076.39990234375,2033.949951171875,2045.5999755859375,854618
2022-06-27,2082.0,2083.64990234375,2025.0,2040.300048828125,1067849
2022-06-28,2020.0,2022.0,1960.0,1968.050048828125,3397585
2022-06-29,1950.0,1954.300048828125,1923.0,1936.1500244140625,2375427
2022-06-30,1950.0,1965.75,1926.0,1941.25,2489709
2022-07-01,1895.0,1954.3499755859375,1825.050048828125,1946.199951171875,4064801
2022-07-04,1954.0,1966.5999755859375,1928.0,1962.5,1023678
2022-07-05,1967.0,1989.0999755859375,1940.550048828125,1954.25,1555345
2022-07-06,1958.0,2025.5,1941.3499755859375,2013.550048828125,1952701
2022-07-07,2130.0,2171.60009765625,2102.550048828125,2127.5,5915740
2022-07-08,2140.0,2154.0,2110.5,2144.35009765625,2039331
2022-07-11,2153.0,2173.85009765625,2126.60009765625,2163.60009765625,1219508
2022-07-12,2132.0,2142.0,2114.449951171875,2130.0,1096542
2022-07-13,2130.0,2141.800048828125,2107.449951171875,2111.39990234375,1169721
2022-07-14,2132.0,2140.0,2113.0,2127.449951171875,767221
2022-07-15,2135.0,2193.14990234375,2132.199951171875,2189.699951171875,1742573
2022-07-18,2196.0,2247.300048828125,2194.050048828125,2237.449951171875,2016386
2022-07-19,2232.5,2253.0,2216.699951171875,2241.199951171875,867223
2022-07-20,2280.0,2298.0,2261.10009765625,2271.199951171875,1620332
2022-07-21,2285.0,2298.0,2264.0,2288.60009765625,1117118
2022-07-22,2299.0,2329.949951171875,2283.10009765625,2325.0,1185176
2022-07-25,2339.300048828125,2348.800048828125,2313.0,2328.85009765625,1248393
2022-07-26,2334.949951171875,2334.949951171875,2286.550048828125,2293.199951171875,1142159
2022-07-27,2285.10009765625,2311.0,2266.550048828125,2303.550048828125,1456382
2022-07-28,2321.0,2341.5,2305.050048828125,2334.64990234375,1126799
2022-07-29,2355.0,2392.5,2339.050048828125,2352.050048828125,1239445
2022-08-01,2364.800048828125,2381.050048828125,2339.0,2376.25,581266
2022-08-02,2370.0,2397.800048828125,2357.050048828125,2384.949951171875,777687
2022-08-03,2395.0,2425.89990234375,2355.0,2416.39990234375,1207016
2022-08-04,2429.949951171875,2430.449951171875,2370.949951171875,2423.64990234375,1015590
2022-08-05,2425.199951171875,2472.39990234375,2417.35009765625,2432.800048828125,2443597
2022-08-08,2460.0,2474.699951171875,2433.14990234375,2446.949951171875,1576547
2022-08-10,2469.89990234375,2469.89990234375,2417.10009765625,2433.60009765625,1065998
2022-08-11,2446.199951171875,2486.0,2446.199951171875,2472.35009765625,1127878
2022-08-12,2472.0,2493.0,2461.89990234375,2471.949951171875,761420
2022-08-16,2461.10009765625,2499.5,2435.0,2493.85009765625,1035928
2022-08-17,2495.0,2523.14990234375,2480.64990234375,2492.199951171875,863500
2022-08-18,2492.199951171875,2503.89990234375,2467.300048828125,2478.699951171875,827663
2022-08-19,2498.949951171875,2498.949951171875,2430.89990234375,2440.60009765625,751505
2022-08-22,2440.0,2458.0,2408.0,2417.60009765625,947292
2022-08-23,2407.0,2501.949951171875,2400.0,2480.199951171875,1417877
2022-08-24,2495.0,2495.0,2441.050048828125,2460.699951171875,672569
2022-08-25,2473.0,2501.60009765625,2456.699951171875,2466.449951171875,732577
2022-08-26,2483.050048828125,2556.0,2481.550048828125,2532.89990234375,2398253
2022-08-29,2457.25,2540.89990234375,2457.25,2531.699951171875,1149676
2022-08-30,2545.0,2623.10009765625,2543.0,2604.64990234375,1794736
2022-09-01,2592.949951171875,2647.14990234375,2565.64990234375,2622.0,1438313
2022-09-02,2631.0,2645.0,2607.050048828125,2612.60009765625,800453
2022-09-05,2625.0,2640.0,2610.85009765625,2627.35009765625,733481
2022-09-06,2631.699951171875,2646.89990234375,2611.0,2631.64990234375,680071
2022-09-07,2607.0,2641.39990234375,2600.39990234375,2637.75,438635
2022-09-08,2649.0,2659.89990234375,2616.0,2626.699951171875,754150
2022-09-09,2652.0,2652.14990234375,2593.0,2603.449951171875,777186
2022-09-12,2616.800048828125,2669.699951171875,2610.0,2661.14990234375,808360
2022-09-13,2680.0,2723.0,2672.0,2705.550048828125,1536444
2022-09-14,2645.0,2712.0,2645.0,2700.60009765625,915281
2022-09-15,2714.14990234375,2717.0,2648.0,2656.14990234375,753648
2022-09-16,2648.0,2677.64990234375,2604.25,2611.800048828125,1425731
2022-09-19,2611.75,2632.0,2552.550048828125,2619.800048828125,808421
2022-09-20,2642.199951171875,2693.550048828125,2635.10009765625,2684.0,844553
2022-09-21,2688.0,2700.0,2656.64990234375,2666.64990234375,1052572
2022-09-22,2660.0,2744.949951171875,2650.0,2737.60009765625,1352472
2022-09-23,2737.60009765625,2755.699951171875,2667.0,2672.449951171875,1226889
2022-09-26,2666.0,2677.949951171875,2563.550048828125,2655.5,1371409
2022-09-27,2669.949951171875,2679.550048828125,2585.550048828125,2600.35009765625,1246270
2022-09-28,2587.5,2634.5,2564.5,2576.949951171875,1419969
2022-09-29,2594.85009765625,2606.050048828125,2517.35009765625,2531.5,1177076
2022-09-30,2538.0,2637.39990234375,2522.60009765625,2606.949951171875,1453944
2022-10-03,2625.0,2625.0,2555.60009765625,2574.199951171875,1049142
2022-10-04,2629.0,2629.0,2571.64990234375,2585.10009765625,1291070
2022-10-06,2598.050048828125,2620.0,2581.60009765625,2592.85009765625,1409852
2022-10-07,2690.0,2745.0,2675.0,2730.5,5284814
2022-10-10,2710.0,2727.89990234375,2658.0,2680.10009765625,1290447
2022-10-11,2693.0,2694.0,2616.39990234375,2624.5,1067626
2022-10-12,2630.0,2644.89990234375,2606.0,2621.35009765625,1131702
2022-10-13,2610.0,2628.0,2591.0,2598.64990234375,1038687
2022-10-14,2640.0,2663.60009765625,2607.75,2617.800048828125,1326916
2022-10-17,2613.89990234375,2634.89990234375,2602.550048828125,2625.0,1111199
2022-10-18,2638.14990234375,2664.699951171875,2623.14990234375,2641.10009765625,771852
2022-10-19,2654.35009765625,2677.0,2640.0,2644.550048828125,1001916
2022-10-20,2640.0,2644.0,2581.35009765625,2631.5,1022636
2022-10-21,2650.0,2679.64990234375,2640.050048828125,2665.64990234375,986521
2022-10-24,2697.0,2699.89990234375,2679.14990234375,2683.89990234375,184595
2022-10-25,2697.35009765625,2697.35009765625,2662.0,2670.300048828125,505759
2022-10-27,2700.0,2765.0,2680.0,2703.800048828125,2117791
2022-10-28,2708.949951171875,2738.89990234375,2693.25,2736.39990234375,1003160
2022-10-31,2750.0,2791.0,2738.25,2761.5,1144647
2022-11-01,2770.14990234375,2784.0,2741.0,2754.949951171875,890107
2022-11-02,2745.0,2747.35009765625,2703.0,2728.449951171875,1704942
2022-11-03,2705.0,2779.0,2705.0,2763.64990234375,1227960
2022-11-04,2774.89990234375,2781.449951171875,2746.60009765625,2769.699951171875,1172058
2022-11-07,2772.0,2772.0,2706.300048828125,2741.550048828125,1825529
2022-11-09,2769.0,2769.0,2710.0,2718.10009765625,1184702
2022-11-10,2710.0,2711.10009765625,2628.0,2641.0,1198585
2022-11-11,2671.0,2694.39990234375,2641.550048828125,2651.800048828125,833729
2022-11-14,2658.0,2665.0,2623.199951171875,2629.800048828125,565428
2022-11-15,2642.949951171875,2669.14990234375,2621.050048828125,2656.64990234375,1033296
2022-11-16,2659.0,2678.199951171875,2630.0,2644.300048828125,835064
2022-11-17,2638.0,2645.0,2576.0,2582.0,1265647
2022-11-18,2580.0,2583.39990234375,2545.0,2565.800048828125,1038751
2022-11-21,2552.0,2578.949951171875,2539.64990234375,2573.35009765625,629040
2022-11-22,2580.0,2609.0,2561.0,2606.199951171875,912070
2022-11-23,2614.949951171875,2632.5,2590.800048828125,2601.75,992873
2022-11-24,2611.0,2618.300048828125,2592.5,2610.199951171875,752066
2022-11-25,2620.0,2620.0,2586.0,2595.39990234375,633047
2022-11-28,2584.39990234375,2608.5,2579.0,2592.25,665149
2022-11-29,2597.14990234375,2640.0,2595.050048828125,2613.75,866621
2022-11-30,2613.75,2665.0,2604.199951171875,2653.0,1569918
2022-12-01,2662.0,2665.0,2630.0,2638.699951171875,539844
2022-12-02,2648.0,2651.39990234375,2605.0,2617.89990234375,731396
2022-12-05,2629.0,2629.949951171875,2589.25,2615.64990234375,747114
2022-12-06,2619.800048828125,2624.0,2591.300048828125,2617.0,706596
2022-12-07,2616.300048828125,2623.75,2586.699951171875,2596.85009765625,712914
2022-12-08,2596.85009765625,2613.89990234375,2578.75,2583.5,648288
2022-12-09,2597.0,2629.89990234375,2567.949951171875,2615.449951171875,935047
2022-12-12,2613.5,2613.5,2571.0,2584.64990234375,726330
2022-12-13,2597.39990234375,2600.0,2565.0,2575.89990234375,832740
2022-12-14,2574.85009765625,2596.0,2571.14990234375,2591.10009765625,767737
2022-12-15,2585.0,2588.64990234375,2514.550048828125,2522.699951171875,1225728
2022-12-16,2500.0,2520.0,2480.0,2482.85009765625,1177053
2022-12-19,2483.199951171875,2525.25,2468.699951171875,2521.800048828125,572224
2022-12-20,2516.800048828125,2517.60009765625,2482.10009765625,2508.14990234375,597902
2022-12-21,2515.0,2528.0,2481.0,2489.60009765625,519326
2022-12-22,2491.800048828125,2509.199951171875,2465.0,2483.0,557608
2022-12-23,2467.64990234375,2505.0,2455.0,2483.050048828125,1310439
2022-12-26,2487.75,2512.39990234375,2470.25,2481.10009765625,1076808
2022-12-27,2498.0,2519.89990234375,2485.60009765625,2503.550048828125,791283
2022-12-28,2502.800048828125,2596.0,2497.5,2580.14990234375,2443430
2022-12-29,2555.0,2588.85009765625,2542.199951171875,2553.25,1583143
2022-12-30,2564.0,2610.0,2553.050048828125,2597.5,1057182
2023-01-02,2607.0,2616.0,2556.800048828125,2565.75,697408
2023-01-03,2568.0,2619.0,2555.050048828125,2613.60009765625,852511
2023-01-04,2618.800048828125,2626.25,2585.60009765625,2597.550048828125,832054
2023-01-05,2591.0,2620.0,2543.64990234375,2562.10009765625,1544601
2023-01-06,2560.0,2584.39990234375,2517.0,2538.10009765625,879019
2023-01-09,2529.949951171875,2529.949951171875,2467.800048828125,2484.64990234375,2324487
2023-01-10,2495.0,2498.699951171875,2456.0,2468.199951171875,948787
2023-01-11,2473.0,2488.60009765625,2431.0,2437.39990234375,1000412
2023-01-12,2450.0,2475.0,2432.0,2446.60009765625,874520
2023-01-13,2456.89990234375,2456.89990234375,2400.0,2417.199951171875,1416869
2023-01-16,2428.0,2434.800048828125,2392.0,2405.85009765625,737012
2023-01-17,2405.0,2417.89990234375,2386.0,2407.949951171875,926137
2023-01-18,2418.0,2429.85009765625,2412.800048828125,2424.10009765625,601233
2023-01-19,2392.5,2411.800048828125,2367.199951171875,2385.050048828125,1116874
2023-01-20,2389.949951171875,2396.949951171875,2353.0,2371.300048828125,1229902
2023-01-23,2383.949951171875,2384.300048828125,2355.60009765625,2364.699951171875,932554
2023-01-24,2372.5,2390.60009765625,2364.0,2370.75,714000
2023-01-25,2370.0,2370.0,2333.550048828125,2356.60009765625,650664
2023-01-27,2368.39990234375,2368.39990234375,2302.60009765625,2331.25,1238620
2023-01-30,2332.0,2342.85009765625,2287.050048828125,2335.550048828125,1401847
2023-01-31,2347.0,2386.449951171875,2335.64990234375,2377.14990234375,1252600
2023-02-01,2408.550048828125,2409.800048828125,2300.050048828125,2345.89990234375,1521514
2023-02-02,2341.050048828125,2385.0,2269.60009765625,2308.10009765625,1788381
2023-02-03,2320.10009765625,2470.0,2320.10009765625,2463.10009765625,3693638
2023-02-06,2474.85009765625,2479.949951171875,2447.60009765625,2458.0,1049075
2023-02-07,2456.300048828125,2459.75,2432.10009765625,2446.89990234375,563195
2023-02-08,2447.0,2480.0,2447.0,2466.75,539085
2023-02-09,2467.0,2475.64990234375,2451.60009765625,2462.550048828125,464715
2023-02-10,2452.0,2472.0,2442.050048828125,2468.5,597337
2023-02-13,2480.0,2523.949951171875,2476.14990234375,2519.050048828125,1856317
2023-02-14,2528.949951171875,2528.949951171875,2480.0,2506.89990234375,843477
2023-02-15,2503.449951171875,2528.25,2483.300048828125,2524.300048828125,707224
2023-02-16,2530.0,2545.64990234375,2518.10009765625,2522.39990234375,704946
2023-02-17,2515.0,2545.85009765625,2496.0,2500.300048828125,607239
2023-02-20,2500.0,2507.25,2466.300048828125,2474.14990234375,460090
2023-02-21,2485.949951171875,2485.949951171875,2450.5,2463.60009765625,750272
2023-02-22,2451.949951171875,2462.800048828125,2414.39990234375,2431.550048828125,1098118
2023-02-23,2432.5,2432.5,2380.0,2394.5,1602078
2023-02-24,2400.0,2413.75,2377.949951171875,2399.10009765625,1145691
2023-02-27,2399.10009765625,2412.0,2373.60009765625,2401.0,862629
2023-02-28,2401.10009765625,2425.0,2363.60009765625,2372.800048828125,1430349
2023-03-01,2370.0,2396.050048828125,2366.35009765625,2382.39990234375,479935
2023-03-02,2382.35009765625,2394.300048828125,2351.75,2358.949951171875,529609
2023-03-03,2370.0,2402.0,2358.300048828125,2396.10009765625,710845
2023-03-06,2412.550048828125,2426.39990234375,2392.60009765625,2403.449951171875,682556
2023-03-08,2396.39990234375,2401.199951171875,2372.25,2397.10009765625,858496
2023-03-09,2400.800048828125,2407.949951171875,2365.0,2368.25,601071
2023-03-10,2354.85009765625,2379.949951171875,2338.0,2375.5,543004
2023-03-13,2372.75,2376.949951171875,2321.0,2332.0,631722
2023-03-14,2336.949951171875,2391.85009765625,2328.85009765625,2355.60009765625,1470817
2023-03-15,2380.0,2413.85009765625,2379.949951171875,2399.10009765625,1656307
2023-03-16,2413.5,2482.0,2413.0,2450.35009765625,2317115
2023-03-17,2467.14990234375,2474.0,2447.39990234375,2455.64990234375,1625905
2023-03-20,2462.0,2474.949951171875,2441.550048828125,2459.949951171875,918922
2023-03-21,2475.0,2521.550048828125,2468.050048828125,2514.050048828125,1652107
2023-03-22,2517.949951171875,2524.0,2495.0,2508.14990234375,754732
2023-03-23,2510.0,2528.0,2494.050048828125,2519.050048828125,610778
2023-03-24,2516.800048828125,2519.699951171875,2474.949951171875,2493.35009765625,838919
2023-03-27,2480.0,2510.0,2466.800048828125,2494.39990234375,728727
2023-03-28,2502.89990234375,2507.14990234375,2493.89990234375,2500.300048828125,599191
2023-03-29,2500.300048828125,2525.0,2494.0,2515.050048828125,710603
2023-03-31,2526.949951171875,2536.75,2500.0,2514.89990234375,848456
2023-04-03,2525.89990234375,2544.64990234375,2513.300048828125,2537.39990234375,701713
2023-04-05,2560.0,2581.5,2550.10009765625,2572.699951171875,1438377
2023-04-06,2583.0,2584.0,2545.0,2548.449951171875,1192271
2023-04-10,2568.0,2602.0,2561.050048828125,2583.699951171875,1497452
2023-04-11,2583.699951171875,2603.5,2576.0,2580.050048828125,820568
2023-04-12,2580.050048828125,2593.449951171875,2564.14990234375,2587.89990234375,553807
2023-04-13,2588.0,2599.949951171875,2577.300048828125,2585.64990234375,481459
2023-04-17,2600.0,2612.25,2582.300048828125,2605.60009765625,1044487
2023-04-18,2603.050048828125,2607.64990234375,2560.10009765625,2577.699951171875,674756
2023-04-19,2580.050048828125,2595.949951171875,2562.0,2569.300048828125,687292
2023-04-20,2577.64990234375,2619.0,2570.5,2579.25,995472
2023-04-21,2593.60009765625,2594.550048828125,2559.25,2568.300048828125,409932
2023-04-24,2571.10009765625,2636.39990234375,2570.0,2629.550048828125,1026391
2023-04-25,2634.85009765625,2637.0,2614.949951171875,2633.199951171875,630987
2023-04-26,2633.0,2647.64990234375,2625.64990234375,2641.0,631279
2023-04-27,2641.0,2674.0,2631.5,2663.449951171875,620037
2023-04-28,2672.449951171875,2679.300048828125,2619.5,2641.85009765625,1567472
2023-05-02,2657.0,2674.0,2633.39990234375,2663.85009765625,726439
2023-05-03,2675.0,2679.5,2643.10009765625,2654.050048828125,808211
2023-05-04,2679.699951171875,2694.25,2656.550048828125,2670.39990234375,1936641
2023-05-05,2670.60009765625,2766.0,2666.300048828125,2732.89990234375,2190777
2023-05-08,2732.949951171875,2770.0,2732.89990234375,2751.25,848638
2023-05-09,2753.300048828125,2790.0,2738.449951171875,2748.39990234375,893686
2023-05-10,2760.0,2767.699951171875,2736.199951171875,2745.449951171875,522149
2023-05-11,2758.0,2765.0,2744.050048828125,2757.85009765625,621067
2023-05-12,2760.800048828125,2784.5,2756.85009765625,2773.199951171875,705516
2023-05-15,2774.0,2802.10009765625,2764.25,2779.550048828125,772914
2023-05-16,2785.0,2800.800048828125,2774.550048828125,2790.25,548885
2023-05-17,2785.0,2790.0,2750.050048828125,2762.39990234375,539547
2023-05-18,2782.0,2782.0,2716.10009765625,2721.85009765625,612441
2023-05-19,2719.949951171875,2719.949951171875,2683.050048828125,2701.64990234375,846419
2023-05-22,2701.60009765625,2734.0,2701.10009765625,2712.550048828125,559506
2023-05-23,2719.949951171875,2726.39990234375,2677.300048828125,2683.449951171875,713749
2023-05-24,2675.0,2722.0,2670.0,2707.25,814553
2023-05-25,2714.449951171875,2720.0,2682.0,2707.949951171875,651488
2023-05-26,2707.949951171875,2759.699951171875,2699.14990234375,2742.14990234375,811400
2023-05-29,2745.0,2821.800048828125,2745.0,2812.25,1107678
2023-05-30,2829.5,2841.89990234375,2797.699951171875,2802.5,1263691
2023-05-31,2802.5,2832.10009765625,2790.10009765625,2823.25,1394580
2023-06-01,2823.25,2837.64990234375,2814.699951171875,2827.25,538550
2023-06-02,2830.0,2871.0,2826.449951171875,2861.64990234375,1116501
2023-06-05,2875.0,2875.0,2840.0,2855.699951171875,724102
2023-06-06,2860.949951171875,2893.0,2858.300048828125,2881.449951171875,1148132
2023-06-07,2895.0,2910.0,2870.0,2906.949951171875,862821
2023-06-08,2906.89990234375,2921.85009765625,2871.050048828125,2877.0,560514
2023-06-09,2890.0,2919.949951171875,2863.25,2876.25,727880
2023-06-12,2884.949951171875,2885.449951171875,2833.25,2852.60009765625,1112274
2023-06-13,2859.89990234375,2918.0,2855.10009765625,2912.5,776313
2023-06-14,2920.0,2928.199951171875,2897.0,2907.050048828125,617700
2023-06-15,2911.050048828125,2924.64990234375,2900.0,2908.0,564711
2023-06-16,2911.800048828125,2960.0,2911.800048828125,2954.300048828125,1022389
2023-06-19,2967.0,3024.39990234375,2963.35009765625,2968.60009765625,1382633
2023-06-20,2972.699951171875,2986.35009765625,2948.300048828125,2974.0,672298
2023-06-21,2974.0,2985.0,2958.14990234375,2971.10009765625,509602
2023-06-22,2975.0,2984.75,2955.800048828125,2970.25,496441
2023-06-23,2972.5,2981.0,2932.0,2939.14990234375,869340
2023-06-26,2940.0,2981.0,2940.0,2972.60009765625,839713
2023-06-27,2973.0,2989.199951171875,2940.699951171875,2975.699951171875,913730
2023-06-28,2995.0,3044.39990234375,2985.050048828125,3028.10009765625,1525117
2023-06-30,3046.0,3067.949951171875,3029.14990234375,3047.64990234375,946112
2023-07-03,3050.10009765625,3054.0,3026.300048828125,3038.300048828125,429100
2023-07-04,3041.5,3090.0,3039.0,3074.64990234375,1291238
2023-07-05,3075.0,3113.89990234375,3063.0,3099.85009765625,643663
2023-07-06,3100.0,3111.85009765625,3081.39990234375,3106.39990234375,976956
2023-07-07,3140.0,3210.0,3126.39990234375,3144.0,3630808
2023-07-10,3155.0,3155.0,3030.25,3045.550048828125,1777220
2023-07-11,3062.85009765625,3098.0,3044.800048828125,3087.60009765625,1141925
2023-07-12,3114.0,3124.0,3087.64990234375,3096.5,1300168
2023-07-13,3113.949951171875,3114.60009765625,3079.300048828125,3084.75,932018
2023-07-14,3093.64990234375,3097.35009765625,3042.60009765625,3055.550048828125,721349
2023-07-17,3070.0,3072.949951171875,3020.0,3033.449951171875,866575
2023-07-18,3033.449951171875,3039.949951171875,2963.39990234375,2996.449951171875,1359863
2023-07-19,3010.10009765625,3017.39990234375,2985.050048828125,2995.64990234375,568891
2023-07-20,3002.25,3016.60009765625,2966.0,2989.300048828125,1021556
2023-07-21,2990.75,3005.0,2970.0,2976.300048828125,599594
2023-07-24,2978.0,2992.89990234375,2951.25,2979.199951171875,523141
2023-07-25,2980.0,3032.89990234375,2972.75,3029.0,874788
2023-07-26,3044.89990234375,3044.89990234375,2995.0,3008.35009765625,588487
2023-07-27,3013.949951171875,3024.10009765625,2983.64990234375,3002.10009765625,595544
2023-07-28,3008.14990234375,3010.0,2951.699951171875,2987.0,837051
2023-07-31,2950.0,3017.949951171875,2950.0,3004.050048828125,656048
2023-08-01,3024.85009765625,3027.5,2987.699951171875,3001.89990234375,602288
2023-08-02,3005.64990234375,3005.699951171875,2960.0,2977.14990234375,1152335
2023-08-03,2937.949951171875,2986.949951171875,2883.0,2902.10009765625,3319847
2023-08-04,2919.949951171875,2935.800048828125,2898.0,2904.39990234375,709334
2023-08-07,2919.949951171875,2919.949951171875,2882.449951171875,2904.60009765625,580359
2023-08-08,2918.0,2932.0,2904.60009765625,2921.25,474417
2023-08-09,2924.0,2962.0,2918.14990234375,2955.89990234375,600081
2023-08-10,2958.0,2995.5,2917.0,2988.550048828125,970990
2023-08-11,2988.5,3067.449951171875,2980.0,3017.25,1823274
2023-08-14,3020.35009765625,3020.35009765625,2988.35009765625,3010.64990234375,542561
2023-08-16,3005.0,3015.89990234375,2978.050048828125,3011.10009765625,544441
2023-08-17,3018.0,3079.449951171875,3012.0,3071.75,1699758
2023-08-18,3070.60009765625,3079.5,3035.0,3050.449951171875,860782
2023-08-21,3051.0,3082.5,3050.0,3078.300048828125,706621
2023-08-22,3084.949951171875,3091.0,3040.10009765625,3075.60009765625,714220
2023-08-23,3075.60009765625,3085.0,3056.300048828125,3070.0,602197
2023-08-24,3075.699951171875,3099.89990234375,3056.25,3061.199951171875,618626
2023-08-25,3055.0,3074.75,3037.550048828125,3067.199951171875,648003
2023-08-28,3074.0,3079.949951171875,3040.699951171875,3048.550048828125,471698
2023-08-29,3051.949951171875,3090.0,3044.0,3079.39990234375,482639
2023-08-30,3080.0,3111.0,3067.0,3082.199951171875,582766
2023-08-31,3090.85009765625,3118.949951171875,3082.199951171875,3104.449951171875,1420498
2023-09-01,3111.949951171875,3124.89990234375,3100.0,3116.800048828125,423739
2023-09-04,3116.949951171875,3124.949951171875,3086.300048828125,3100.300048828125,539813
2023-09-05,3120.0,3157.5,3115.0,3136.14990234375,721199
2023-09-06,3136.14990234375,3180.550048828125,3120.85009765625,3176.050048828125,1163154
2023-09-07,3173.0,3182.949951171875,3152.0,3172.800048828125,805295
2023-09-08,3182.0,3205.0,3172.800048828125,3199.10009765625,700158
2023-09-11,3209.949951171875,3221.550048828125,3186.60009765625,3213.300048828125,544452
2023-09-12,3216.050048828125,3221.14990234375,3177.60009765625,3185.800048828125,591509
2023-09-13,3178.050048828125,3270.0,3178.050048828125,3263.199951171875,1370306
2023-09-14,3277.550048828125,3302.449951171875,3240.0,3261.35009765625,1264935
2023-09-15,3261.60009765625,3264.0,3239.0,3248.60009765625,1397407
2023-09-18,3257.0,3352.0,3246.800048828125,3339.5,1423507
2023-09-20,3314.0,3349.0,3300.050048828125,3306.64990234375,1201025
2023-09-21,3300.0,3322.5,3285.800048828125,3304.5,1091384
2023-09-22,3298.800048828125,3298.800048828125,3261.699951171875,3274.5,1019051
2023-09-25,3274.5,3314.89990234375,3261.35009765625,3283.949951171875,623515
2023-09-26,3294.0,3308.0,3255.0,3262.60009765625,1054827
2023-09-27,3246.800048828125,3266.949951171875,3186.0,3214.550048828125,1464192
2023-09-28,3217.5,3224.89990234375,3141.75,3157.25,1214383
2023-09-29,3160.050048828125,3176.449951171875,3143.050048828125,3148.800048828125,697564
2023-10-03,3148.800048828125,3212.5,3114.39990234375,3196.25,1007308
2023-10-04,3186.0,3205.0,3151.0,3166.64990234375,486969
2023-10-05,3173.89990234375,3231.0,3165.0,3216.5,1109881
2023-10-06,3230.0,3319.800048828125,3221.10009765625,3309.75,1102120
2023-10-09,3294.699951171875,3296.0,3249.050048828125,3267.5,822467
2023-10-10,3295.0,3299.199951171875,3259.300048828125,3269.199951171875,633934
2023-10-11,3289.699951171875,3296.0,3264.0,3280.5,546575
2023-10-12,3292.0,3295.050048828125,3262.60009765625,3285.0,429096
2023-10-13,3285.0,3307.0,3266.550048828125,3283.75,920545
2023-10-16,3284.0,3329.0,3275.0,3301.39990234375,778014
2023-10-17,3317.949951171875,3328.449951171875,3304.10009765625,3308.449951171875,584625
2023-10-18,3309.199951171875,3324.14990234375,3277.5,3282.75,324535
2023-10-19,3270.0,3300.949951171875,3239.0,3284.64990234375,698767
2023-10-20,3272.64990234375,3291.5,3244.0,3266.199951171875,657550
2023-10-23,3246.199951171875,3274.949951171875,3209.699951171875,3219.75,566920
2023-10-25,3216.0,3236.300048828125,3179.0,3187.85009765625,762466
2023-10-26,3160.35009765625,3189.89990234375,3092.050048828125,3100.800048828125,1124281
2023-10-27,3095.10009765625,3138.75,3087.25,3120.699951171875,1050608
2023-10-30,3105.0,3121.949951171875,3075.0,3116.449951171875,802316
2023-10-31,3119.60009765625,3205.800048828125,3087.85009765625,3189.64990234375,1235478
2023-11-01,3193.85009765625,3212.89990234375,3168.35009765625,3173.39990234375,756820
2023-11-02,3200.0,3228.5,3180.0,3201.5,774180
2023-11-03,3205.14990234375,3288.0,3205.050048828125,3274.5,1355614
2023-11-06,3310.0,3310.0,3245.300048828125,3267.050048828125,1137606
2023-11-07,3274.0,3286.449951171875,3250.199951171875,3270.199951171875,433992
2023-11-08,3289.0,3323.800048828125,3272.199951171875,3311.85009765625,632305
2023-11-09,3320.949951171875,3320.949951171875,3274.64990234375,3283.75,1317398
2023-11-10,3263.050048828125,3274.949951171875,3223.0,3256.35009765625,1170763
2023-11-13,3275.0,3278.35009765625,3250.60009765625,3264.75,275538
2023-11-15,3275.25,3300.89990234375,3260.75,3295.949951171875,747863
2023-11-16,3295.39990234375,3358.0,3259.25,3335.949951171875,1055389
2023-11-17,3339.0,3366.0,3326.699951171875,3338.85009765625,633405
2023-11-20,3338.0,3353.949951171875,3312.25,3345.85009765625,497379
2023-11-21,3365.0,3401.75,3355.10009765625,3394.449951171875,1038863
2023-11-22,3400.0,3435.0,3396.050048828125,3429.85009765625,980779
2023-11-23,3433.89990234375,3441.949951171875,3396.300048828125,3408.39990234375,517362
2023-11-24,3406.0,3419.10009765625,3382.550048828125,3396.949951171875,589530
2023-11-28,3417.949951171875,3445.949951171875,3397.35009765625,3442.39990234375,733524
2023-11-29,3473.85009765625,3473.85009765625,3424.0,3429.300048828125,819200
2023-11-30,3431.10009765625,3500.0,3422.25,3490.60009765625,1480088
2023-12-01,3499.0,3500.0,3470.0,3489.5,655263
2023-12-04,3550.0,3550.0,3478.050048828125,3488.39990234375,808838
2023-12-05,3488.39990234375,3550.0,3479.0,3545.300048828125,713651
2023-12-06,3550.0,3573.949951171875,3522.10009765625,3546.89990234375,474140
2023-12-07,3546.89990234375,3595.0,3519.050048828125,3585.39990234375,820214
2023-12-08,3575.0,3646.949951171875,3575.0,3634.64990234375,1562141
2023-12-11,3634.550048828125,3644.60009765625,3598.300048828125,3630.5,620604
2023-12-12,3637.0,3644.5,3563.25,3571.39990234375,1075941
2023-12-13,3585.0,3609.75,3552.75,3602.35009765625,717618
2023-12-14,3647.0,3647.0,3584.35009765625,3591.39990234375,992762
2023-12-15,3615.0,3615.0,3584.800048828125,3600.550048828125,906271
2023-12-18,3600.699951171875,3667.199951171875,3593.89990234375,3619.60009765625,699850
2023-12-19,3610.64990234375,3627.949951171875,3600.10009765625,3610.449951171875,577926
2023-12-20,3610.449951171875,3651.5,3541.0,3554.10009765625,849001
2023-12-21,3524.10009765625,3598.949951171875,3518.800048828125,3580.0,816722
2023-12-22,3580.0,3638.449951171875,3560.550048828125,3627.35009765625,777099
2023-12-26,3635.0,3665.0,3623.449951171875,3656.699951171875,526101
2023-12-27,3668.0,3695.0,3645.0,3689.25,666625
2023-12-28,3699.89990234375,3737.0,3680.699951171875,3715.10009765625,1033648
2023-12-29,3715.10009765625,3715.10009765625,3660.25,3675.449951171875,709614
2024-01-01,3689.0,3698.0,3667.5,3677.14990234375,286683
2024-01-02,3689.0,3707.85009765625,3642.5,3698.25,453685
2024-01-03,3708.0,3709.949951171875,3665.0,3693.050048828125,356757
2024-01-04,3696.0,3727.0,3686.64990234375,3719.699951171875,545228
2024-01-05,3719.699951171875,3750.0,3687.25,3712.550048828125,963628
2024-01-08,3770.0,3776.85009765625,3695.800048828125,3706.050048828125,1202148
2024-01-09,3736.949951171875,3753.949951171875,3685.14990234375,3694.0,572612
2024-01-10,3708.0,3730.0,3690.0,3714.449951171875,556311
2024-01-11,3726.89990234375,3742.699951171875,3692.60009765625,3698.60009765625,392818
2024-01-12,3700.0,3734.300048828125,3647.949951171875,3726.0,990582
2024-01-15,3740.0,3775.0,3736.0,3758.85009765625,661292
2024-01-16,3758.85009765625,3858.0,3756.0,3820.300048828125,1170685
2024-01-17,3818.949951171875,3855.0,3800.0,3830.050048828125,723356
2024-01-18,3791.35009765625,3824.64990234375,3718.85009765625,3734.699951171875,1293580
2024-01-19,3742.199951171875,3861.5,3740.699951171875,3810.60009765625,2566367
2024-01-23,3786.0,3858.0,3705.75,3739.64990234375,1053510
2024-01-24,3764.0,3780.0,3711.75,3767.85009765625,636988
2024-01-25,3770.39990234375,3796.949951171875,3730.10009765625,3770.199951171875,646135
2024-01-29,3760.60009765625,3875.0,3760.550048828125,3866.64990234375,699215
2024-01-30,3882.0,3886.949951171875,3715.0,3735.75,852445
2024-01-31,3749.0,3775.0,3653.25,3697.550048828125,1386754
2024-02-01,3738.0,3738.0,3601.0,3627.449951171875,1408462
2024-02-02,3635.0,3713.449951171875,3602.449951171875,3612.39990234375,2320153
2024-02-05,3612.949951171875,3624.64990234375,3534.89990234375,3552.050048828125,1771614
2024-02-06,3552.050048828125,3577.949951171875,3531.60009765625,3559.14990234375,1069901
2024-02-07,3578.0,3620.0,3555.800048828125,3576.5,900220
2024-02-08,3604.800048828125,3610.0,3503.0,3549.10009765625,1011857
2024-02-09,3549.10009765625,3597.89990234375,3532.85009765625,3591.60009765625,838509
2024-02-12,3599.0,3618.60009765625,3570.050048828125,3585.25,487283
2024-02-13,3607.0,3608.75,3551.14990234375,3559.949951171875,796060
2024-02-14,3546.0,3593.85009765625,3503.300048828125,3585.550048828125,1046318
2024-02-15,3595.050048828125,3632.0,3571.0,3622.050048828125,759063
2024-02-16,3648.0,3690.0,3624.5,3655.39990234375,915502
2024-02-19,3671.949951171875,3709.5,3650.0,3695.050048828125,528874
2024-02-20,3700.0,3719.949951171875,3665.5,3686.699951171875,744107
2024-02-21,3652.050048828125,3707.5,3640.0,3656.35009765625,660426
2024-02-22,3676.0,3676.0,3555.35009765625,3652.050048828125,1017437
2024-02-23,3672.0,3737.0,3655.0,3691.949951171875,897831
2024-02-26,3690.0,3690.0,3610.85009765625,3622.5,546842
2024-02-27,3630.0,3675.0,3621.050048828125,3653.85009765625,673959
2024-02-28,3655.0,3669.0,3582.14990234375,3594.699951171875,538608
2024-02-29,3595.199951171875,3654.0,3585.300048828125,3624.39990234375,1692242
2024-03-01,3630.0,3774.0,3626.0,3765.89990234375,1533727
2024-03-04,3761.60009765625,3764.10009765625,3715.0,3732.39990234375,787542
2024-03-05,3748.0,3759.14990234375,3708.0,3750.75,733660
2024-03-06,3748.050048828125,3815.0,3702.699951171875,3810.75,765602
2024-03-07,3812.050048828125,3824.25,3768.10009765625,3786.89990234375,838514
2024-03-11,3802.89990234375,3808.0,3742.050048828125,3750.14990234375,597848
2024-03-12,3762.0,3766.0,3713.5,3748.800048828125,564569
2024-03-13,3759.0,3762.0,3590.0,3625.699951171875,1027729
2024-03-14,3629.949951171875,3648.0,3580.14990234375,3640.14990234375,1293906
2024-03-15,3634.699951171875,3655.949951171875,3610.0,3633.199951171875,1207241
2024-03-18,3619.0,3620.0,3565.10009765625,3579.699951171875,785257
2024-03-19,3579.0,3606.64990234375,3547.050048828125,3583.39990234375,554444
2024-03-20,3583.39990234375,3596.89990234375,3550.0,3590.5,526882
2024-03-21,3606.949951171875,3637.0,3590.050048828125,3627.550048828125,767905
2024-03-22,3627.550048828125,3726.89990234375,3621.25,3706.699951171875,1281102
2024-03-26,3665.0,3729.949951171875,3665.0,3698.199951171875,1158224
2024-03-27,3699.0,3784.89990234375,3692.800048828125,3759.39990234375,1315714
2024-03-28,3760.0,3838.300048828125,3732.550048828125,3801.800048828125,1590738
2024-04-01,3822.949951171875,3832.550048828125,3730.5,3738.39990234375,964052
2024-04-02,3754.0,3781.449951171875,3734.10009765625,3755.949951171875,677963
2024-04-03,3745.10009765625,3752.0,3705.0,3712.5,801601
2024-04-04,3740.0,3792.300048828125,3679.0,3782.75,1177617
2024-04-05,3778.39990234375,3801.89990234375,3741.0,3754.449951171875,623873
2024-04-08,3798.64990234375,3808.300048828125,3720.35009765625,3748.89990234375,849267
2024-04-09,3755.0,3761.0,3664.35009765625,3679.35009765625,745285
2024-04-10,3690.0,3720.35009765625,3681.449951171875,3711.199951171875,567546
2024-04-12,3689.550048828125,3694.800048828125,3609.449951171875,3619.300048828125,1910561
2024-04-15,3607.0,3639.199951171875,3590.0,3600.60009765625,854076
2024-04-16,3589.0,3653.199951171875,3583.0,3645.89990234375,1116890
2024-04-18,3645.89990234375,3660.0,3501.0,3525.10009765625,1677946
2024-04-19,3525.10009765625,3571.199951171875,3478.25,3563.050048828125,1507940
2024-04-22,3567.0,3615.0,3552.0,3596.75,668659
2024-04-23,3619.949951171875,3648.0,3605.14990234375,3633.0,769991
2024-04-24,3642.0,3644.85009765625,3580.050048828125,3609.75,652811
2024-04-25,3595.0,3602.5,3541.0,3571.10009765625,1889163
2024-04-26,3588.0,3593.25,3556.300048828125,3584.800048828125,798783
2024-04-29,3585.0,3613.449951171875,3573.14990234375,3604.85009765625,703524
2024-04-30,3602.64990234375,3619.5,3580.0,3589.25,963220
2024-05-02,3585.0,3598.0,3546.300048828125,3568.449951171875,1435891
2024-05-03,3595.0,3599.0,3492.0,3533.89990234375,1681592
2024-05-06,3476.0,3488.800048828125,3257.0,3280.14990234375,6891728
2024-05-07,3330.0,3332.0,3227.0,3270.89990234375,3111444
2024-05-08,3275.39990234375,3281.0,3238.449951171875,3259.85009765625,2054981
2024-05-09,3259.85009765625,3322.5,3233.0,3245.699951171875,1860654
2024-05-10,3258.10009765625,3306.199951171875,3242.75,3289.85009765625,1307103
2024-05-13,3307.5,3308.0,3230.5,3253.64990234375,1294603
2024-05-14,3250.0,3308.0,3250.0,3288.89990234375,620163
2024-05-15,3304.0,3306.449951171875,3260.0,3268.550048828125,657036
2024-05-16,3276.300048828125,3348.0,3251.300048828125,3333.89990234375,1404971
2024-05-17,3347.949951171875,3368.0,3308.0,3361.14990234375,1194228
2024-05-21,3355.0,3380.300048828125,3351.0,3377.0,827674
2024-05-22,3384.75,3403.10009765625,3360.0,3383.85009765625,626567
2024-05-23,3383.0,3460.39990234375,3377.75,3452.050048828125,977789
2024-05-24,3452.10009765625,3455.050048828125,3404.199951171875,3412.39990234375,878625
2024-05-27,3423.949951171875,3436.300048828125,3390.300048828125,3403.39990234375,804488
2024-05-28,3404.0,3423.0,3392.14990234375,3409.39990234375,548576
2024-05-29,3405.35009765625,3418.0,3371.10009765625,3380.39990234375,519533
2024-05-30,3365.0,3365.0,3254.0,3271.85009765625,2365535
2024-05-31,3298.0,3328.800048828125,3216.75,3241.89990234375,2524214
2024-06-03,3310.0,3332.949951171875,3250.0,3261.199951171875,1378542
2024-06-04,3261.199951171875,3295.199951171875,3055.64990234375,3238.949951171875,2934800
2024-06-05,3266.0,3334.0,3201.050048828125,3317.64990234375,1396386
2024-06-06,3329.0,3360.0,3290.75,3321.64990234375,1825503
2024-06-07,3294.39990234375,3456.60009765625,3294.39990234375,3444.050048828125,2084099
2024-06-10,3443.0,3452.0,3390.0,3422.199951171875,1655552
2024-06-11,3418.199951171875,3438.300048828125,3401.89990234375,3410.699951171875,1086157
2024-06-12,3411.35009765625,3418.89990234375,3370.85009765625,3382.300048828125,2054168
2024-06-13,3424.949951171875,3477.10009765625,3390.0,3472.199951171875,1753028
2024-06-14,3490.0,3535.0,3479.0,3530.050048828125,2346892
2024-06-18,3554.800048828125,3625.0,3538.0,3589.0,1585048
2024-06-19,3595.0,3595.0,3456.0,3462.35009765625,1862394
2024-06-20,3474.0,3490.0,3418.10009765625,3435.949951171875,2377432
2024-06-21,3430.699951171875,3473.64990234375,3383.39990234375,3399.75,2707405
2024-06-24,3380.35009765625,3429.0,3372.300048828125,3412.35009765625,645002
2024-06-25,3412.550048828125,3423.39990234375,3384.89990234375,3402.449951171875,1299560
2024-06-26,3401.5,3401.5,3370.0,3372.75,1485709
2024-06-27,3370.0,3392.5,3361.050048828125,3380.60009765625,1462935
2024-06-28,3380.60009765625,3419.89990234375,3366.35009765625,3404.199951171875,1005498
2024-07-01,3382.0,3435.0,3381.5,3431.449951171875,1001832
2024-07-02,3446.0,3450.0,3385.300048828125,3399.64990234375,878947
2024-07-03,3420.800048828125,3426.949951171875,3341.89990234375,3360.25,980605
2024-07-04,3365.0,3369.89990234375,3330.0,3336.0,741143
2024-07-05,3332.0,3332.0,3257.0,3269.35009765625,2001382
2024-07-08,3204.0,3204.0,3126.10009765625,3156.199951171875,5323920
2024-07-09,3170.0,3222.050048828125,3165.0,3215.14990234375,2044328
2024-07-10,3217.75,3252.699951171875,3190.5,3225.0,1437517
2024-07-11,3246.949951171875,3258.75,3230.0,3248.60009765625,1105185
2024-07-12,3266.0,3269.0,3220.050048828125,3229.85009765625,1496692
2024-07-15,3241.75,3252.39990234375,3205.39990234375,3224.199951171875,1243810
2024-07-16,3227.949951171875,3251.0,3224.10009765625,3234.050048828125,501336
2024-07-18,3232.949951171875,3269.10009765625,3206.0,3262.10009765625,1086374
2024-07-19,3262.050048828125,3279.0,3235.0,3259.0,1111191
2024-07-22,3250.0,3273.39990234375,3223.199951171875,3254.449951171875,696255
2024-07-23,3255.10009765625,3490.0,3232.14990234375,3466.85009765625,7159507
2024-07-24,3470.0,3552.5,3462.14990234375,3478.39990234375,3862140
2024-07-25,3415.0,3454.39990234375,3384.449951171875,3405.800048828125,1476422
2024-07-26,3405.800048828125,3501.699951171875,3393.0,3494.14990234375,1830745
2024-07-29,3495.0,3499.550048828125,3388.0,3411.699951171875,2213293
2024-07-30,3424.949951171875,3479.0,3410.60009765625,3468.25,1316880
2024-07-31,3479.050048828125,3499.89990234375,3446.550048828125,3458.949951171875,1361595
2024-08-01,3475.0,3492.0,3442.5,3468.35009765625,879399
2024-08-02,3415.0,3477.89990234375,3410.0,3462.35009765625,1168195
2024-08-05,3320.050048828125,3459.0,3316.5,3375.949951171875,1932064
2024-08-06,3380.949951171875,3416.35009765625,3321.10009765625,3335.10009765625,976535
2024-08-07,3360.0,3368.85009765625,3317.050048828125,3326.25,1277139
2024-08-08,3337.0,3359.949951171875,3283.89990234375,3296.5,1280733
2024-08-09,3350.0,3350.0,3285.10009765625,3331.699951171875,1019809
2024-08-12,3331.64990234375,3345.0,3295.35009765625,3320.85009765625,874598
2024-08-13,3330.0,3404.75,3305.39990234375,3383.550048828125,1314371
2024-08-14,3390.0,3416.199951171875,3356.85009765625,3402.14990234375,997803
2024-08-16,3410.0,3450.10009765625,3370.199951171875,3444.75,1161982
2024-08-19,3436.199951171875,3504.199951171875,3436.199951171875,3464.85009765625,1135205
2024-08-20,3480.0,3483.10009765625,3454.39990234375,3474.89990234375,526591
2024-08-21,3474.89990234375,3582.0,3454.550048828125,3560.39990234375,1990034
2024-08-22,3574.949951171875,3625.0,3553.699951171875,3604.39990234375,1531544
2024-08-23,3611.449951171875,3622.85009765625,3544.0,3570.0,1173387
2024-08-26,3592.0,3640.0,3574.050048828125,3630.199951171875,1156681
2024-08-27,3630.199951171875,3658.800048828125,3530.5,3551.25,1169007
2024-08-28,3559.64990234375,3579.949951171875,3519.89990234375,3527.5,727481
2024-08-29,3537.0,3553.75,3510.0,3533.199951171875,927472
2024-08-30,3550.0,3598.0,3542.5,3565.14990234375,2116894
2024-09-02,3565.14990234375,3601.949951171875,3552.0,3587.550048828125,718800
2024-09-03,3587.550048828125,3634.89990234375,3560.14990234375,3621.14990234375,1112614
2024-09-04,3586.10009765625,3617.5,3568.199951171875,3607.699951171875,529856
2024-09-05,3616.60009765625,3753.949951171875,3600.39990234375,3722.85009765625,3437885
2024-09-06,3714.949951171875,3742.0,3665.0,3695.5,1408795
2024-09-09,3690.10009765625,3724.449951171875,3653.75,3684.550048828125,923357
2024-09-10,3704.0,3750.0,3666.0,3727.39990234375,1109078
2024-09-11,3731.89990234375,3743.5,3700.10009765625,3711.10009765625,831810
2024-09-12,3736.0,3774.0,3711.10009765625,3764.25,1337327
2024-09-13,3777.0,3799.85009765625,3740.0,3767.0,1003355
2024-09-16,3768.0,3789.0,3735.39990234375,3740.64990234375,386602
2024-09-17,3759.89990234375,3777.0,3727.300048828125,3767.39990234375,392339
2024-09-18,3769.0,3786.0,3708.0,3725.35009765625,420638
2024-09-19,3750.0,3795.0,3741.10009765625,3780.949951171875,945257
2024-09-20,3793.0,3819.0,3740.0,3797.199951171875,1951755
2024-09-23,3797.199951171875,3829.0,3781.0,3820.10009765625,530107
2024-09-24,3818.0,3839.89990234375,3781.550048828125,3784.89990234375,1281513
2024-09-25,3800.0,3803.550048828125,3710.050048828125,3737.25,942343
2024-09-26,3738.0,3777.14990234375,3701.39990234375,3757.550048828125,1863893
2024-09-27,3774.0,3867.0,3751.199951171875,3816.699951171875,2164755
2024-09-30,3786.0,3863.550048828125,3786.0,3823.949951171875,1068609
2024-10-01,3823.949951171875,3837.949951171875,3757.0,3775.949951171875,774221
2024-10-03,3689.10009765625,3782.0,3650.050048828125,3674.949951171875,1597560
2024-10-04,3625.0,3753.800048828125,3625.0,3670.10009765625,1542987
2024-10-07,3739.949951171875,3748.0,3552.300048828125,3589.25,2523321
2024-10-08,3589.25,3595.0,3480.0,3493.35009765625,1360120
2024-10-09,3518.0,3558.800048828125,3486.60009765625,3493.449951171875,1063802
2024-10-10,3510.0,3531.550048828125,3415.10009765625,3447.25,1488328
2024-10-11,3464.0,3491.0,3444.300048828125,3474.39990234375,858463
2024-10-14,3474.39990234375,3525.0,3452.550048828125,3497.800048828125,593206
2024-10-15,3523.949951171875,3529.449951171875,3477.0,3508.5,578719
2024-10-16,3508.0,3510.0,3440.0,3471.0,591644
2024-10-17,3487.0,3487.0,3380.10009765625,3403.35009765625,560796
2024-10-18,3395.0,3422.35009765625,3296.10009765625,3381.449951171875,1249585
2024-10-21,3417.949951171875,3419.85009765625,3335.5,3363.25,714746
2024-10-22,3374.89990234375,3421.5,3319.25,3329.800048828125,882086
2024-10-23,3330.0,3335.0,3282.5,3288.60009765625,877837
2024-10-24,3301.050048828125,3342.89990234375,3279.199951171875,3330.89990234375,764369
2024-10-25,3332.0,3342.35009765625,3232.35009765625,3266.550048828125,805013
2024-10-28,3270.0,3315.0,3254.050048828125,3283.050048828125,736462
2024-10-29,3285.800048828125,3298.0,3227.0,3283.39990234375,702769
2024-10-30,3261.0,3321.800048828125,3235.10009765625,3308.449951171875,895278
2024-10-31,3291.0,3299.89990234375,3253.60009765625,3267.050048828125,1170306
2024-11-01,3304.0,3317.60009765625,3282.35009765625,3293.699951171875,176636
2024-11-04,3318.0,3318.0,3190.10009765625,3222.0,1122152
2024-11-05,3206.0,3258.89990234375,3185.0,3230.25,872402
2024-11-06,3145.0,3208.949951171875,3114.0,3177.050048828125,4522923
2024-11-07,3180.0,3186.050048828125,3108.10009765625,3120.85009765625,1608603
2024-11-08,3121.0,3192.89990234375,3106.0,3186.25,1719882
2024-11-11,3191.60009765625,3230.050048828125,3158.25,3206.60009765625,1054929
2024-11-12,3201.64990234375,3239.0,3185.0,3198.449951171875,992983
2024-11-13,3175.0,3221.60009765625,3162.199951171875,3187.85009765625,911537
2024-11-14,3145.050048828125,3195.14990234375,3136.0,3183.699951171875,1161637
2024-11-18,3183.699951171875,3207.199951171875,3157.5,3172.300048828125,943251
2024-11-19,3192.0,3283.0,3172.300048828125,3224.699951171875,1174506
2024-11-21,3225.0,3233.949951171875,3148.35009765625,3178.449951171875,1582159
2024-11-22,3174.85009765625,3317.0,3152.14990234375,3308.699951171875,2207527
2024-11-25,3360.0,3369.85009765625,3298.050048828125,3309.10009765625,1892510
2024-11-26,3310.0,3343.75,3295.699951171875,3327.5,721345
2024-11-27,3325.0,3329.89990234375,3280.14990234375,3291.64990234375,732835
2024-11-28,3292.0,3305.0,3200.35009765625,3212.35009765625,1701387
2024-11-29,3212.35009765625,3260.0,3212.35009765625,3249.0,1139585
2024-12-02,3249.0,3309.89990234375,3222.050048828125,3306.85009765625,915980
2024-12-03,3290.0,3338.699951171875,3276.60009765625,3332.75,1162310
2024-12-04,3342.0,3383.0,3338.0,3364.449951171875,1630076
2024-12-05,3374.949951171875,3465.39990234375,3353.60009765625,3441.050048828125,2383630
2024-12-06,3453.949951171875,3499.64990234375,3430.0,3470.10009765625,1278516
2024-12-09,3467.5,3488.25,3446.89990234375,3468.199951171875,926422
2024-12-10,3470.0,3516.949951171875,3436.050048828125,3475.75,1063355
2024-12-11,3484.75,3490.75,3460.300048828125,3473.10009765625,554702
2024-12-12,3470.5,3473.10009765625,3412.0,3445.75,926472
2024-12-13,3420.0,3518.0,3380.25,3508.85009765625,1242351
2024-12-16,3505.0,3511.0,3429.0,3438.199951171875,1295227
2024-12-17,3422.050048828125,3449.39990234375,3397.60009765625,3406.10009765625,1005604
2024-12-18,3401.199951171875,3424.0,3390.0,3401.89990234375,646145
2024-12-19,3349.60009765625,3399.949951171875,3332.0,3356.85009765625,732634
2024-12-20,3350.0,3419.0,3333.14990234375,3356.25,1235769
2024-12-23,3378.10009765625,3406.300048828125,3336.64990234375,3396.949951171875,691202
2024-12-24,3385.35009765625,3419.0,3338.199951171875,3353.39990234375,485245
2024-12-26,3365.0,3371.85009765625,3312.64990234375,3323.050048828125,637094
2024-12-27,3319.85009765625,3345.0,3301.10009765625,3309.199951171875,568989
2024-12-30,3309.949951171875,3317.949951171875,3247.449951171875,3257.35009765625,941859
2024-12-31,3250.0,3275.64990234375,3230.800048828125,3253.14990234375,616440
2025-01-01,3248.0,3269.89990234375,3244.050048828125,3253.85009765625,357376
2025-01-02,3264.0,3400.949951171875,3251.0,3388.949951171875,1152493
2025-01-03,3395.0,3481.949951171875,3377.949951171875,3451.64990234375,1630862
2025-01-06,3490.0,3528.5,3441.199951171875,3470.39990234375,2145936
2025-01-07,3490.0,3576.699951171875,3485.0,3505.10009765625,2389563
2025-01-08,3487.64990234375,3514.5,3391.300048828125,3484.050048828125,1317377
2025-01-09,3485.949951171875,3506.449951171875,3461.550048828125,3487.050048828125,826237
2025-01-10,3462.0,3488.0,3428.75,3440.25,570060
2025-01-13,3380.0,3467.0,3352.5,3382.75,1282557
2025-01-14,3400.0,3429.0,3310.0,3322.5,1133561
2025-01-15,3322.0,3340.5,3283.0,3323.5,1169593
2025-01-16,3327.0,3338.85009765625,3282.0,3316.89990234375,1170734
2025-01-17,3319.89990234375,3368.0,3285.050048828125,3357.39990234375,559153
2025-01-20,3374.10009765625,3407.699951171875,3347.5,3382.25,722342
2025-01-21,3400.949951171875,3412.699951171875,3335.14990234375,3353.35009765625,1016047
2025-01-22,3354.800048828125,3385.0,3334.64990234375,3356.449951171875,598329
2025-01-23,3356.449951171875,3433.0,3325.5,3398.550048828125,713603
2025-01-24,3407.0,3447.64990234375,3380.449951171875,3402.14990234375,564244
2025-01-27,3388.0,3401.949951171875,3307.25,3319.35009765625,618309
2025-01-28,3319.35009765625,3370.85009765625,3299.550048828125,3325.89990234375,579957
2025-01-29,3339.199951171875,3375.0,3309.050048828125,3370.75,570137
2025-01-30,3370.64990234375,3390.0,3345.199951171875,3368.39990234375,688608
2025-01-31,3400.0,3527.449951171875,3392.39990234375,3490.25,1212261
2025-02-01,3527.0,3635.14990234375,3408.0,3552.0,2186692
2025-02-03,3565.0,3642.550048828125,3551.75,3580.300048828125,1543897
2025-02-04,3590.0,3614.0,3520.0,3597.699951171875,1279779
2025-02-05,3596.0,3652.0,3472.199951171875,3490.89990234375,2165947
2025-02-06,3490.89990234375,3504.25,3397.85009765625,3410.75,1059617
2025-02-07,3414.89990234375,3453.89990234375,3388.199951171875,3424.800048828125,740155
2025-02-10,3415.0,3425.0,3311.0,3327.449951171875,904436
2025-02-11,3334.699951171875,3348.0,3271.60009765625,3281.800048828125,903965
2025-02-12,3282.75,3317.39990234375,3212.60009765625,3255.449951171875,774619
2025-02-13,3250.25,3277.949951171875,3215.199951171875,3231.5,727243
2025-02-14,3236.300048828125,3253.0,3186.449951171875,3213.25,587411
2025-02-17,3195.25,3238.5,3176.0,3233.199951171875,712614
2025-02-18,3234.800048828125,3244.0,3192.300048828125,3221.85009765625,592636
2025-02-19,3220.0,3253.64990234375,3191.800048828125,3210.300048828125,521953
2025-02-20,3210.0,3218.64990234375,3188.14990234375,3191.449951171875,653151
2025-02-21,3191.449951171875,3205.949951171875,3162.25,3179.89990234375,407794
2025-02-24,3131.0,3187.949951171875,3131.0,3173.0,431232
2025-02-25,3140.0,3211.5,3136.550048828125,3198.800048828125,642281
2025-02-27,3198.800048828125,3228.0,3176.949951171875,3223.10009765625,604023
2025-02-28,3202.0,3217.949951171875,3060.0,3077.25,1322618
2025-03-03,3090.0,3102.10009765625,3057.75,3082.0,516171
2025-03-04,3050.0,3070.0,3017.0,3048.5,1186136
2025-03-05,3048.5,3107.449951171875,3035.699951171875,3086.550048828125,579883
2025-03-06,3091.199951171875,3131.64990234375,3047.0,3121.10009765625,1399483
2025-03-07,3121.10009765625,3124.60009765625,3074.64990234375,3079.35009765625,1020056
2025-03-10,3080.0,3083.0,3021.10009765625,3026.800048828125,855408
2025-03-11,3015.0,3055.89990234375,3010.0,3046.39990234375,576260
2025-03-12,3037.39990234375,3053.800048828125,2996.050048828125,3018.949951171875,489535
2025-03-13,3019.39990234375,3049.5,3000.300048828125,3010.14990234375,785215
2025-03-17,2985.050048828125,3036.39990234375,2985.050048828125,3017.35009765625,632348
2025-03-18,3017.35009765625,3017.35009765625,3017.35009765625,3017.35009765625,0
2025-03-19,3088.050048828125,3095.0,3058.199951171875,3076.300048828125,730983
2025-03-20,3100.0,3205.0,3080.0,3193.10009765625,1542807
2025-03-21,3186.949951171875,3190.0,3154.949951171875,3162.699951171875,1181974
2025-03-24,3168.199951171875,3175.949951171875,3075.0,3079.10009765625,1481216
2025-03-25,3085.0,3099.949951171875,3046.0,3053.699951171875,1174346
2025-03-26,3068.949951171875,3077.75,3034.550048828125,3057.5,1010449
2025-03-27,3047.550048828125,3097.699951171875,3047.550048828125,3087.64990234375,1635143
2025-03-28,3094.0,3111.800048828125,3051.050048828125,3063.35009765625,778417
2025-04-01,3053.699951171875,3075.699951171875,2982.0,2986.949951171875,1068622
2025-04-02,3011.0,3105.0,2971.14990234375,3098.449951171875,1674921
2025-04-03,3071.0,3151.0,3068.0,3127.550048828125,1115568
2025-04-04,3099.0,3114.89990234375,3050.0,3076.199951171875,901801
2025-04-07,2925.0,3048.0,2925.0,3022.199951171875,1378989
2025-04-08,3149.699951171875,3227.25,3101.0,3122.300048828125,2830156
2025-04-09,3137.85009765625,3188.25,3090.699951171875,3174.14990234375,1215988
2025-04-11,3222.0,3242.550048828125,3201.25,3234.89990234375,814920
2025-04-15,3270.0,3285.0,3245.10009765625,3273.39990234375,1121769
2025-04-16,3250.0,3286.0,3245.10009765625,3272.10009765625,889943
2025-04-17,3250.0,3334.800048828125,3211.199951171875,3327.5,1083612
2025-04-21,3314.0,3353.5,3290.0,3336.10009765625,672129
2025-04-22,3336.10009765625,3358.800048828125,3320.10009765625,3337.39990234375,609213
2025-04-23,3357.0,3373.699951171875,3315.5,3357.300048828125,628656
2025-04-24,3356.800048828125,3395.0,3344.0,3382.60009765625,901747
2025-04-25,3382.60009765625,3419.5,3316.0,3365.199951171875,704325
2025-04-28,3356.0,3397.39990234375,3351.0,3369.10009765625,384147
2025-04-29,3375.89990234375,3398.0,3354.0,3378.60009765625,575435
2025-04-30,3374.0,3409.0,3354.300048828125,3379.699951171875,708818
2025-05-02,3362.10009765625,3381.5,3324.0,3342.0,514587
2025-05-05,3357.699951171875,3408.5,3307.0,3321.800048828125,565178
2025-05-06,3321.800048828125,3325.300048828125,3245.5,3299.300048828125,650789
2025-05-07,3280.0,3381.0,3260.199951171875,3338.89990234375,1047443
2025-05-08,3349.89990234375,3412.5,3325.0,3369.300048828125,1597339
2025-05-09,3367.0,3530.0,3354.199951171875,3510.300048828125,2863992
2025-05-12,3537.199951171875,3585.0,3530.300048828125,3562.89990234375,956930
2025-05-13,3562.89990234375,3588.39990234375,3540.10009765625,3563.199951171875,996541
2025-05-14,3555.0,3610.0,3550.0,3587.60009765625,588159
2025-05-15,3597.0,3665.0,3553.89990234375,3636.800048828125,1227751
2025-05-16,3654.0,3655.89990234375,3613.39990234375,3633.699951171875,525064
2025-05-19,3617.0,3649.5,3611.39990234375,3617.699951171875,376760
2025-05-20,3617.699951171875,3620.0,3575.10009765625,3580.60009765625,811416
2025-05-21,3570.0,3623.10009765625,3567.300048828125,3580.5,415016
2025-05-22,3565.0,3575.0,3516.10009765625,3541.0,709846
2025-05-23,3531.0,3606.300048828125,3523.0,3579.699951171875,416717
2025-05-26,3576.0,3640.0,3570.39990234375,3610.300048828125,525514
2025-05-27,3615.0,3639.0,3562.199951171875,3589.39990234375,1019733
2025-05-28,3595.0,3601.60009765625,3545.0,3574.699951171875,449324
2025-05-29,3580.0,3600.0,3560.10009765625,3588.300048828125,513095
2025-05-30,3580.0,3605.0,3542.10009765625,3555.0,962944
2025-06-02,3525.10009765625,3542.0,3475.89990234375,3525.5,726392
2025-06-03,3525.5,3580.0,3503.5,3519.800048828125,676943
2025-06-04,3506.10009765625,3519.800048828125,3486.0,3499.800048828125,410354
2025-06-05,3498.699951171875,3535.0,3474.199951171875,3504.0,608651
2025-06-06,3524.0,3570.89990234375,3486.199951171875,3559.89990234375,602422
2025-06-09,3564.800048828125,3580.0,3521.199951171875,3533.89990234375,540262
2025-06-10,3545.0,3545.0,3506.10009765625,3524.199951171875,561695
2025-06-11,3525.0,3549.0,3505.0,3541.60009765625,505077
2025-06-12,3548.0,3559.800048828125,3445.5,3452.699951171875,811822
2025-06-13,3409.699951171875,3440.800048828125,3383.0,3421.89990234375,821750
2025-06-16,3411.0,3453.699951171875,3396.199951171875,3438.10009765625,534665
2025-06-17,3428.0,3437.60009765625,3395.39990234375,3405.699951171875,1000345
2025-06-18,3406.0,3480.0,3390.0,3467.800048828125,972739
2025-06-19,3478.800048828125,3521.60009765625,3467.800048828125,3505.39990234375,1022566
2025-06-20,3500.0,3545.0,3489.0,3519.0,2941214
2025-06-23,3480.199951171875,3528.5,3473.0,3505.699951171875,643325
2025-06-24,3523.10009765625,3567.0,3506.10009765625,3526.0,968797
2025-06-25,3550.0,3665.0,3550.0,3652.199951171875,2697912
2025-06-26,3655.0,3700.5,3644.0,3694.699951171875,1620497
2025-06-27,3700.0,3709.10009765625,3659.5,3666.199951171875,601285
2025-06-30,3666.199951171875,3698.5,3652.0,3690.199951171875,921775
2025-07-01,3699.0,3726.5,3667.0,3700.5,947173
2025-07-02,3705.0,3721.89990234375,3689.0,3708.0,583514
2025-07-03,3702.0,3712.89990234375,3672.199951171875,3678.699951171875,528710
2025-07-04,3666.0,3690.10009765625,3645.10009765625,3686.89990234375,629926
2025-07-07,3675.5,3696.0,3647.89990234375,3666.10009765625,829472
2025-07-08,3581.800048828125,3581.800048828125,3435.0,3441.300048828125,3952270
2025-07-09,3441.300048828125,3461.5,3420.60009765625,3432.10009765625,1868271
2025-07-10,3432.10009765625,3445.0,3414.0,3419.800048828125,496586
2025-07-11,3408.0,3422.199951171875,3357.0,3361.60009765625,856956
2025-07-14,3372.0,3410.0,3344.0,3404.699951171875,755781
2025-07-15,3418.0,3422.0,3387.699951171875,3415.0,686088
2025-07-16,3417.0,3422.199951171875,3388.5,3417.300048828125,669532
2025-07-17,3418.39990234375,3448.0,3416.5,3433.300048828125,559482
2025-07-18,3444.0,3444.0,3392.0,3402.89990234375,293360
2025-07-21,3391.0,3439.10009765625,3365.199951171875,3433.0,561799
2025-07-22,3450.0,3490.0,3430.300048828125,3472.39990234375,1752275
2025-07-23,3472.39990234375,3481.89990234375,3444.0,3471.39990234375,584590
2025-07-24,3467.39990234375,3489.800048828125,3458.0,3484.39990234375,630718
2025-07-25,3476.39990234375,3480.0,3447.0,3462.800048828125,624410
2025-07-28,3453.0,3462.60009765625,3382.0,3393.0,603916
2025-07-29,3390.0,3397.0,3355.60009765625,3379.199951171875,511042
2025-07-30,3380.0,3393.5,3345.300048828125,3376.5,443735
2025-07-31,3340.0,3364.5,3315.5,3347.300048828125,553157
2025-08-01,3340.0,3347.300048828125,3307.0,3316.0,422977
2025-08-04,3315.0,3365.0,3308.10009765625,3356.300048828125,450434
2025-08-05,3356.300048828125,3443.0,3348.0,3418.199951171875,837335
2025-08-06,3437.0,3462.39990234375,3400.0,3417.699951171875,635456
2025-08-07,3380.0,3437.0,3377.699951171875,3415.699951171875,509599
2025-08-08,3450.10009765625,3489.800048828125,3403.10009765625,3460.199951171875,2184271
2025-08-11,3473.0,3487.300048828125,3402.800048828125,3467.89990234375,563586
2025-08-12,3467.89990234375,3534.0,3460.10009765625,3486.800048828125,929276
2025-08-13,3486.800048828125,3494.89990234375,3463.199951171875,3466.800048828125,360474
2025-08-14,3476.5,3505.800048828125,3464.10009765625,3489.39990234375,597987
2025-08-18,3496.0,3574.800048828125,3493.5,3554.800048828125,1253006
2025-08-19,3555.0,3577.300048828125,3545.0,3568.10009765625,537433
2025-08-20,3560.0,3602.89990234375,3552.0,3595.0,517031
2025-08-21,3595.0,3625.0,3588.199951171875,3616.300048828125,673486
2025-08-22,3616.300048828125,3641.39990234375,3607.699951171875,3621.0,691835
2025-08-25,3629.699951171875,3669.60009765625,3615.5,3651.39990234375,700503
2025-08-26,3662.800048828125,3672.800048828125,3589.10009765625,3594.0,960778
2025-08-28,3552.10009765625,3650.89990234375,3552.10009765625,3637.699951171875,989246
2025-08-29,3637.699951171875,3642.0,3603.60009765625,3628.800048828125,660956
2025-09-01,3631.0,3653.39990234375,3610.39990234375,3618.60009765625,297533
2025-09-02,3614.0,3655.800048828125,3606.10009765625,3620.60009765625,536300
2025-09-03,3605.0,3697.89990234375,3590.0,3690.60009765625,791874
2025-09-04,3740.0,3740.0,3676.800048828125,3691.10009765625,635811
2025-09-05,3695.0,3700.0,3660.0,3665.300048828125,454120
2025-09-08,3653.0,3683.60009765625,3640.0,3658.0,548987
2025-09-09,3667.800048828125,3667.800048828125,3619.199951171875,3630.10009765625,428367
2025-09-10,3632.0,3648.699951171875,3608.199951171875,3620.60009765625,408800
2025-09-11,3620.0,3644.0,3580.0,3584.199951171875,495417
2025-09-12,3589.89990234375,3598.199951171875,3563.89990234375,3571.89990234375,275049
2025-09-15,3556.0,3576.5,3515.0,3534.10009765625,362285
2025-09-16,3525.0,3570.300048828125,3502.0,3556.800048828125,724742
2025-09-17,3561.89990234375,3572.699951171875,3513.199951171875,3523.0,659866
2025-09-18,3530.0,3546.0,3503.39990234375,3511.300048828125,829442
2025-09-19,3504.0,3511.300048828125,3460.0,3467.199951171875,2337255
2025-09-22,3458.199951171875,3477.0,3440.0,3457.5,817833
2025-09-23,3465.199951171875,3465.300048828125,3405.0,3439.199951171875,1144975
2025-09-24,3430.0,3437.39990234375,3411.0,3418.300048828125,690454
2025-09-25,3408.0,3419.89990234375,3370.0,3378.5,1139904
2025-09-26,3387.699951171875,3402.0,3303.10009765625,3327.300048828125,7524068
2025-09-29,3327.0,3418.0,3327.0,3401.199951171875,1452636
2025-09-30,3452.0,3474.5,3355.0,3367.0,1733728
2025-10-01,3370.0,3414.89990234375,3351.0,3408.300048828125,798754
2025-10-03,3379.89990234375,3459.0,3378.0,3453.300048828125,1655328
2025-10-06,3453.300048828125,3459.300048828125,3401.0,3425.39990234375,1184781
2025-10-07,3425.0,3445.89990234375,3411.0,3418.199951171875,996165
2025-10-08,3474.0,3580.0,3460.0,3565.60009765625,4531362
2025-10-09,3559.800048828125,3561.699951171875,3526.39990234375,3550.60009765625,597739
2025-10-10,3548.89990234375,3571.699951171875,3523.300048828125,3531.89990234375,825274
2025-10-13,3518.0,3545.0,3509.5,3533.60009765625,606122
2025-10-14,3533.0,3549.39990234375,3506.5,3537.39990234375,925998
2025-10-15,3532.89990234375,3561.89990234375,3511.0,3549.0,1005045
2025-10-16,3549.0,3652.0,3540.0,3640.300048828125,1528118
2025-10-17,3635.0,3715.0,3633.0,3674.800048828125,1123500
2025-10-20,3680.0,3749.89990234375,3676.199951171875,3737.199951171875,707974
2025-10-21,3737.199951171875,3746.0,3719.0,3729.0,156306
2025-10-23,3765.0,3800.0,3738.300048828125,3772.300048828125,1622402
2025-10-24,3775.0,3781.0,3706.10009765625,3714.89990234375,563296
2025-10-27,3714.0,3753.89990234375,3710.0,3739.800048828125,856124
2025-10-28,3750.0,3770.0,3688.10009765625,3717.0,1482961
2025-10-29,3734.199951171875,3753.5,3714.199951171875,3748.300048828125,789557
2025-10-30,3745.0,3773.89990234375,3720.10009765625,3750.699951171875,544151
2025-10-31,3758.89990234375,3783.0,3739.5,3746.699951171875,900994
2025-11-03,3730.0,3762.0,3667.300048828125,3724.5,1119367
2025-11-04,3724.5,3827.0,3715.0,3813.5,2524600
2025-11-06,3780.0,3837.699951171875,3761.60009765625,3774.39990234375,927231
2025-11-07,3766.0,3792.0,3736.0,3769.300048828125,728998
2025-11-10,3788.0,3815.0,3769.300048828125,3803.0,599567
2025-11-11,3810.5,3820.0,3752.10009765625,3812.39990234375,668789
2025-11-12,3838.0,3877.0,3804.199951171875,3851.10009765625,805025
2025-11-13,3860.0,3867.89990234375,3817.0,3839.199951171875,668623
2025-11-14,3839.199951171875,3854.699951171875,3800.0,3829.199951171875,575050
2025-11-17,3848.0,3874.300048828125,3821.5,3868.60009765625,504928
2025-11-18,3865.0,3900.0,3841.60009765625,3879.199951171875,849966
2025-11-19,3882.89990234375,3940.5,3862.39990234375,3933.10009765625,1578123
2025-11-20,3950.0,3956.0,3895.0,3902.39990234375,762391
2025-11-21,3901.0,3925.0,3882.10009765625,3904.199951171875,383311
2025-11-24,3915.5,3937.199951171875,3865.0,3874.300048828125,1258036
2025-11-25,3874.39990234375,3908.39990234375,3845.0,3855.10009765625,680366
2025-11-26,3845.0,3914.5,3843.5,3897.699951171875,364592
2025-11-27,3900.60009765625,3927.0,3875.10009765625,3903.300048828125,542241
2025-11-28,3906.199951171875,3934.89990234375,3896.5,3907.699951171875,574817
2025-12-01,3907.699951171875,3910.699951171875,3861.300048828125,3894.89990234375,603073
2025-12-02,3875.0,3899.60009765625,3867.5,3885.800048828125,661018
2025-12-03,3870.0,3880.0,3785.89990234375,3817.800048828125,770638
2025-12-04,3805.0,3830.0,3778.0,3800.39990234375,776693
2025-12-05,3777.0,3828.0,3777.0,3813.300048828125,508448
2025-12-08,3796.300048828125,3825.0,3758.10009765625,3767.0,545864
2025-12-09,3775.0,3874.0,3751.0,3849.0,1121068
2025-12-10,3831.0,3858.199951171875,3825.60009765625,3845.699951171875,616248
2025-12-11,3830.39990234375,3855.800048828125,3777.0,3844.800048828125,669180
2025-12-12,3844.800048828125,3894.800048828125,3831.89990234375,3880.199951171875,547866
2025-12-15,3861.300048828125,3876.39990234375,3850.0,3866.199951171875,332337
2025-12-16,3850.0,3937.5,3828.0,3929.5,1560827
2025-12-17,3930.0,3935.699951171875,3890.0,3907.89990234375,601010
2025-12-18,3900.0,3924.0,3890.10009765625,3919.300048828125,516547
2025-12-19,3919.0,3961.89990234375,3913.0,3930.10009765625,730780
2025-12-22,3940.0,3950.800048828125,3917.10009765625,3933.800048828125,569521
2025-12-23,3933.800048828125,3956.300048828125,3916.39990234375,3925.800048828125,445656
2025-12-24,3925.800048828125,3935.0,3900.0,3909.300048828125,399227
2025-12-26,3908.89990234375,4006.89990234375,3900.0,3992.0,1113050
2025-12-29,4010.0,4031.699951171875,3978.0,3983.699951171875,1242846
2025-12-30,3982.0,3993.5,3954.10009765625,3974.10009765625,1169570
2025-12-31,3984.0,4061.89990234375,3975.10009765625,4051.5,1358731
2026-01-01,4063.699951171875,4068.0,4035.699951171875,4049.300048828125,444679
2026-01-02,4039.0,4060.0,3986.199951171875,4051.699951171875,659997
2026-01-05,4051.699951171875,4094.0,4046.0,4079.699951171875,629273
2026-01-06,4079.699951171875,4120.5,4068.5,4111.7998046875,820331
2026-01-07,4225.0,4312.10009765625,4202.0,4273.2001953125,3496340
2026-01-08,4273.2001953125,4303.2001953125,4239.0,4249.0,1055725
2026-01-09,4231.0,4279.0,4183.10009765625,4201.7998046875,883117
2026-01-12,4205.0,4242.0,4145.0,4231.60009765625,514767
2026-01-13,4231.60009765625,4267.60009765625,4210.0,4239.2001953125,770707
2026-01-14,4241.89990234375,4283.0,4211.0,4221.5,998692
2026-01-15,4221.5,4221.5,4221.5,4221.5,0
2026-01-16,4221.5,4236.39990234375,4181.10009765625,4196.89990234375,686949
2026-01-19,4165.7001953125,4207.39990234375,4129.10009765625,4144.10009765625,365905
2026-01-20,4155.0,4155.0,4064.300048828125,4075.5,586156
2026-01-21,4075.5,4109.89990234375,4053.5,4079.199951171875,552760
2026-01-22,4099.0,4128.0,3980.800048828125,4018.60009765625,818966
2026-01-23,4025.10009765625,4063.300048828125,3980.0,4021.800048828125,1015415
2026-01-27,4021.800048828125,4040.0,3955.0,3997.0,1760501
2026-01-28,4002.0,4025.800048828125,3964.89990234375,3975.199951171875,809022
2026-01-29,3960.800048828125,3968.60009765625,3843.10009765625,3939.699951171875,1145612
2026-01-30,3945.0,3995.0,3909.800048828125,3977.39990234375,1427639
2026-02-02,4000.0,4000.0,3893.300048828125,3953.199951171875,1273196
2026-02-03,4143.0,4143.0,4044.10009765625,4068.60009765625,1043274
2026-02-04,4087.0,4160.0,4066.199951171875,4144.0,917279
2026-02-05,4152.2998046875,4152.2998046875,4063.10009765625,4097.60009765625,693637
2026-02-06,4097.60009765625,4154.0,4065.300048828125,4141.0,888701
2026-02-09,4200.2001953125,4269.39990234375,4155.0,4257.7998046875,1092387
2026-02-10,4300.0,4329.60009765625,4239.60009765625,4269.10009765625,1713633
2026-02-11,4350.0,4378.39990234375,4208.0,4249.10009765625,3342226
2026-02-12,4232.39990234375,4286.39990234375,4182.2998046875,4275.7998046875,998509
2026-02-13,4267.2998046875,4271.7998046875,4164.7998046875,4179.2001953125,524758
2026-02-16,4155.0,4196.0,4128.7998046875,4181.10009765625,500349
2026-02-17,4167.10009765625,4244.89990234375,4155.0,4236.39990234375,464123
2026-02-18,4251.0,4257.89990234375,4214.2998046875,4248.60009765625,387328
2026-02-19,4225.0,4261.0,4191.0,4198.2001953125,406232
2026-02-20,4200.5,4252.10009765625,4200.2001953125,4236.39990234375,532169
2026-02-23,4270.0,4280.0,4240.10009765625,4272.7001953125,516387
2026-02-24,4240.39990234375,4300.0,4235.0,4294.5,491126
2026-02-25,4304.0,4349.0,4289.7998046875,4325.0,586295
2026-02-26,4330.0,4352.2001953125,4307.0,4342.60009765625,520985
2026-02-27,4341.60009765625,4352.0,4311.7998046875,4327.5,1146258
2026-03-02,4288.7998046875,4330.0,4193.0,4270.2998046875,770589
2026-03-04,4205.0,4238.2998046875,4083.5,4204.39990234375,1024050
2026-03-05,4238.0,4302.5,4173.2001953125,4275.2001953125,691367
2026-03-06,4250.0,4302.0,4227.0,4244.60009765625,580562
2026-03-09,4160.0,4199.7001953125,4112.7001953125,4159.2001953125,576017
2026-03-10,4175.10009765625,4242.89990234375,4175.10009765625,4220.10009765625,788850
2026-03-11,4192.0,4234.89990234375,4126.2001953125,4140.2998046875,454575
2026-03-12,4100.0,4179.0,4033.800048828125,4129.60009765625,1071366
2026-03-13,4091.0,4147.2001953125,4046.0,4073.199951171875,868825
2026-03-16,4057.0,4125.0,4002.199951171875,4090.800048828125,1013667
2026-03-17,4090.5,4110.0,4036.5,4090.5,1126905
2026-03-18,4083.699951171875,4174.7998046875,4077.800048828125,4145.5,751307
2026-03-19,4104.39990234375,4138.10009765625,4017.89990234375,4037.89990234375,567278
2026-03-20,4046.89990234375,4149.89990234375,4040.89990234375,4106.60009765625,1019586
2026-03-23,4056.60009765625,4059.0,3825.0,3853.10009765625,1533645
2026-03-24,3950.300048828125,3985.0,3843.0,3899.5,1300547
2026-03-25,3950.0,4097.0,3940.5,4039.300048828125,1306823
2026-03-27,4000.0,4032.800048828125,3972.0,3981.5,1040658
2026-03-30,3942.0,4007.39990234375,3914.10009765625,3951.39990234375,1488223
2026-04-01,4000.0,4100.0,4000.0,4065.5,781974
2026-04-02,3996.0,4109.10009765625,3944.699951171875,4097.2001953125,1614868
2026-04-06,4105.0,4257.89990234375,4105.0,4246.10009765625,1678285
2026-04-07,4235.2998046875,4243.5,4168.7998046875,4230.60009765625,1274146
2026-04-08,4351.2998046875,4505.0,4309.10009765625,4492.5,3834533
2026-04-09,4475.0,4497.39990234375,4414.10009765625,4439.7998046875,1385274
2026-04-10,4430.10009765625,4523.89990234375,4425.10009765625,4505.0,1565192
2026-04-13,4391.10009765625,4496.0,4391.10009765625,4439.2998046875,850456
2026-04-15,4490.10009765625,4534.0,4447.2998046875,4522.2001953125,918513
2026-04-16,4554.0,4554.0,4440.0,4461.39990234375,1283713
2026-04-17,4461.39990234375,4531.7998046875,4330.0,4525.89990234375,2124034
2026-04-20,4532.10009765625,4549.0,4467.7001953125,4513.0,1646815
2026-04-21,4513.5,4544.5,4465.0,4479.7001953125,656106
2026-04-22,4461.7001953125,4492.0,4445.2001953125,4454.60009765625,596352
2026-04-23,4411.0,4474.0,4393.5,4456.5,680187
2026-04-24,4475.5,4486.60009765625,4361.39990234375,4410.0,958536
2026-04-27,4438.7998046875,4464.0,4388.39990234375,4441.7998046875,649222
2026-04-28,4412.2998046875,4475.0,4395.39990234375,4417.0,620778
2026-04-29,4419.89990234375,4472.39990234375,4410.2001953125,4439.7998046875,702730
2026-04-30,4438.0,4438.0,4358.0,4385.2001953125,869299
2026-05-01,4385.2001953125,4385.2001953125,4385.2001953125,4385.2001953125,0
2026-05-04,4407.10009765625,4447.39990234375,4352.7001953125,4363.0,709160
2026-05-05,4355.0,4397.0,4330.2998046875,4373.60009765625,850790
2026-05-06,4397.5,4441.10009765625,4297.10009765625,4359.60009765625,1459870
2026-05-07,4349.89990234375,4359.0,4261.0,4307.5,1377631
2026-05-08,4314.0,4605.0,4213.39990234375,4509.0,4777990
2026-05-11,4350.39990234375,4379.5,4150.10009765625,4205.60009765625,5925166
2026-05-12,4160.0,4213.60009765625,4047.0,4055.300048828125,1978748
2026-05-13,4030.0,4110.0,3985.10009765625,4090.699951171875,2841521
2026-05-14,4115.0,4147.0,4059.10009765625,4135.2001953125,1127140
2026-05-15,4155.0,4194.0,4142.39990234375,4169.10009765625,901617
2026-05-18,4130.10009765625,4182.7001953125,4065.60009765625,4169.7001953125,851825
2026-05-19,4136.2998046875,4167.89990234375,4095.0,4102.0,711398
2026-05-20,4053.0,4116.7001953125,4053.0,4106.39990234375,913576
2026-05-21,4120.0,4136.39990234375,4070.0,4083.10009765625,863060
2026-05-22,4057.199951171875,4113.7998046875,4054.10009765625,4079.800048828125,768112
2026-05-25,4120.10009765625,4170.0,4110.39990234375,4159.2001953125,606086
2026-05-26,4151.89990234375,4160.0,4091.0,4105.89990234375,766717
2026-05-27,4098.2998046875,4165.10009765625,4091.10009765625,4137.89990234375,474044
2026-05-28,4137.89990234375,4137.89990234375,4137.89990234375,4137.89990234375,0
2026-05-29,4116.2001953125,4163.2998046875,4059.0,4074.89990234375,2001419
2026-06-01,4100.0,4105.0,4007.0,4024.60009765625,450200
2026-06-02,4017.39990234375,4088.0,3986.0,4078.10009765625,522015
2026-06-03,4057.0,4103.7998046875,4002.0,4088.800048828125,959352
2026-06-04,4075.0,4273.7998046875,4052.300048828125,4231.0,1761933
2026-06-05,4269.0,4289.0,4223.2001953125,4260.2001953125,1390200
2026-06-08,4196.7998046875,4238.10009765625,4180.7001953125,4192.39990234375,666737
2026-06-09,4190.89990234375,4217.0,4087.199951171875,4104.89990234375,1284964
2026-06-10,4104.89990234375,4119.10009765625,4035.0,4042.10009765625,613629
2026-06-11,4020.10009765625,4069.699951171875,3962.800048828125,4025.199951171875,767665
2026-06-12,4067.800048828125,4200.0,4052.699951171875,4184.0,1122271
2026-06-15,4221.0,4297.0,4220.2998046875,4283.5,1076822
2026-06-16,4298.10009765625,4344.0,4283.5,4338.0,779706
2026-06-17,4338.0,4395.0,4327.5,4380.5,623868
2026-06-18,4380.0,4410.0,4333.10009765625,4387.89990234375,562833
2026-06-19,4360.0,4441.7001953125,4360.0,4419.89990234375,941346
2026-06-22,4405.2998046875,4414.5,4353.0,4372.5,390835
2026-06-23,4375.0,4417.39990234375,4291.10009765625,4305.2998046875,586588
2026-06-24,4302.0,4340.7998046875,4263.7001953125,4323.7998046875,652078
2026-06-25,4335.0,4335.0,4225.0,4291.2998046875,754050
2026-06-26,4291.2998046875,4291.2998046875,4291.2998046875,4291.2998046875,0
2026-06-29,4285.0,4316.2998046875,4266.60009765625,4277.2001953125,569087
2026-06-30,4277.5,4428.39990234375,4275.0,4404.0,1243464
2026-07-01,4469.0,4504.5,4390.10009765625,4398.60009765625,1168751
2026-07-02,4404.0,4497.0,4383.10009765625,4481.10009765625,820705
2026-07-03,4495.0,4507.7001953125,4451.0,4461.10009765625,542120
2026-07-06,4450.0,4490.5,4450.0,4484.39990234375,589165
2026-07-07,4550.0,4655.89990234375,4505.0,4604.2001953125,3385946
2026-07-08,4590.39990234375,4630.0,4561.7001953125,4586.39990234375,1045703
2026-07-09,4614.7998046875,4679.7998046875,4546.10009765625,4555.7998046875,1777107
2026-07-10,4578.60009765625,4602.7998046875,4560.7001953125,4584.39990234375,652646
2026-07-13,4578.0,4635.0,4524.39990234375,4601.5,770367
2026-07-14,4579.7998046875,4600.0,4554.0,4573.7001953125,631158
2026-07-15,4573.7001953125,4607.0,4565.10009765625,4579.39990234375,619451
2026-07-16,4585.2998046875,4668.7998046875,4580.0,4625.7998046875,1136159
2026-07-17,4626.0,4647.5,4610.10009765625,4638.10009765625,667212
2026-07-20,4638.10009765625,4660.0,4625.2998046875,4643.39990234375,274158
2026-07-21,4644.2001953125,4691.7001953125,4629.2001953125,4688.7001953125,530094
2026-07-22,4685.7001953125,4733.0,4675.0,4711.60009765625,996475
2026-07-23,4700.0,4709.7998046875,4671.60009765625,4697.2998046875,421185
