date,open,high,low,close,volume
2019-07-23,75.0,75.5,71.80000305175781,72.4000015258789,8461147
2019-07-24,72.5,72.9000015258789,70.05000305175781,70.6500015258789,8206191
2019-07-25,70.94999694824219,71.5999984741211,69.4000015258789,69.9000015258789,7779410
2019-07-26,70.0,73.5,69.5,70.1500015258789,11517415
2019-07-29,70.1500015258789,71.69999694824219,68.69999694824219,70.4000015258789,9238304
2019-07-30,70.69999694824219,70.9000015258789,66.6500015258789,67.0,9757170
2019-07-31,67.0,68.25,66.25,67.5999984741211,7503701
2019-08-01,67.5,67.75,64.69999694824219,65.5999984741211,9233059
2019-08-02,65.0999984741211,66.25,63.599998474121094,64.69999694824219,10827678
2019-08-05,63.70000076293945,65.9000015258789,61.900001525878906,64.94999694824219,14495829
2019-08-06,64.5,66.6500015258789,64.0,65.55000305175781,9534242
2019-08-07,65.5,66.69999694824219,63.0,63.54999923706055,11784798
2019-08-08,63.54999923706055,64.9000015258789,61.79999923706055,64.3499984741211,14868207
2019-08-09,64.75,65.8499984741211,63.75,64.75,8938472
2019-08-13,64.55000305175781,65.5,62.599998474121094,62.95000076293945,6934344
2019-08-14,63.25,64.30000305175781,62.70000076293945,63.150001525878906,7329705
2019-08-16,63.0,65.0999984741211,62.25,64.3499984741211,8615614
2019-08-19,65.1500015258789,65.25,63.5,64.1500015258789,6658503
2019-08-20,64.30000305175781,64.44999694824219,61.349998474121094,61.75,9159600
2019-08-21,61.5,62.25,59.5,60.25,8620741
2019-08-22,60.099998474121094,60.75,58.0,58.54999923706055,7526923
2019-08-23,58.0,59.95000076293945,57.599998474121094,59.400001525878906,8302965
2019-08-26,62.0,62.79999923706055,59.29999923706055,61.45000076293945,10644199
2019-08-27,62.29999923706055,64.8499984741211,61.54999923706055,62.650001525878906,19468560
2019-08-28,62.900001525878906,63.45000076293945,59.79999923706055,60.29999923706055,9706964
2019-08-29,59.900001525878906,60.70000076293945,58.5,59.650001525878906,6468842
2019-08-30,60.0,60.400001525878906,57.599998474121094,58.849998474121094,14455985
2019-09-03,59.75,59.75,51.79999923706055,53.599998474121094,20506863
2019-09-04,53.29999923706055,54.75,52.400001525878906,53.70000076293945,13706474
2019-09-05,54.0,54.849998474121094,53.150001525878906,54.54999923706055,10457052
2019-09-06,54.79999923706055,55.900001525878906,54.20000076293945,55.099998474121094,8495003
2019-09-09,55.29999923706055,56.79999923706055,54.400001525878906,56.29999923706055,8513587
2019-09-11,56.45000076293945,59.95000076293945,56.29999923706055,59.70000076293945,10448953
2019-09-12,60.0,60.29999923706055,58.650001525878906,59.150001525878906,9794065
2019-09-13,59.25,59.75,56.349998474121094,59.349998474121094,13274094
2019-09-16,59.0,60.25,58.099998474121094,59.150001525878906,7070515
2019-09-17,59.150001525878906,59.599998474121094,56.0,56.25,8183109
2019-09-18,56.79999923706055,57.75,56.5,56.79999923706055,7245736
2019-09-19,56.900001525878906,57.0,54.5,55.5,8260037
2019-09-20,55.599998474121094,60.349998474121094,54.25,59.5,18547210
2019-09-23,60.54999923706055,61.95000076293945,57.79999923706055,61.04999923706055,12395820
2019-09-24,61.349998474121094,61.400001525878906,59.099998474121094,59.900001525878906,7216136
2019-09-25,59.5,59.5,55.75,56.349998474121094,9728056
2019-09-26,56.599998474121094,59.0,56.150001525878906,56.54999923706055,13245454
2019-09-27,56.650001525878906,57.099998474121094,55.04999923706055,55.900001525878906,9577332
2019-09-30,55.900001525878906,55.95000076293945,52.04999923706055,52.79999923706055,11455902
2019-10-01,53.099998474121094,53.79999923706055,48.95000076293945,50.900001525878906,13418964
2019-10-03,50.900001525878906,52.400001525878906,49.900001525878906,51.5,10569763
2019-10-04,51.849998474121094,52.349998474121094,50.099998474121094,50.45000076293945,10025246
2019-10-07,50.70000076293945,50.79999923706055,49.150001525878906,49.599998474121094,8126968
2019-10-09,49.599998474121094,51.599998474121094,48.25,51.150001525878906,11764776
2019-10-10,50.900001525878906,51.0,48.79999923706055,49.099998474121094,9014951
2019-10-11,49.349998474121094,49.95000076293945,48.099998474121094,49.0,11489853
2019-10-14,49.150001525878906,51.150001525878906,49.04999923706055,49.5,11389521
2019-10-15,49.70000076293945,50.349998474121094,48.79999923706055,50.099998474121094,7995735
2019-10-16,50.099998474121094,51.29999923706055,49.5,50.25,8675787
2019-10-17,50.20000076293945,52.5,49.79999923706055,52.20000076293945,9455141
2019-10-18,52.0,53.849998474121094,51.70000076293945,52.099998474121094,14907810
2019-10-22,52.099998474121094,54.54999923706055,51.5,52.599998474121094,10565637
2019-10-23,52.79999923706055,54.099998474121094,51.75,53.70000076293945,10388752
2019-10-24,54.0,54.349998474121094,50.5,51.45000076293945,13677523
2019-10-25,51.0,53.75,50.75,53.45000076293945,13422215
2019-10-27,54.0,55.650001525878906,52.54999923706055,53.29999923706055,1299691
2019-10-29,53.29999923706055,55.650001525878906,52.900001525878906,54.25,9962696
2019-10-30,54.45000076293945,57.54999923706055,53.79999923706055,57.099998474121094,13854280
2019-10-31,57.45000076293945,58.400001525878906,56.45000076293945,57.349998474121094,12628217
2019-11-01,57.349998474121094,59.900001525878906,57.0,58.900001525878906,12440737
2019-11-04,58.79999923706055,59.900001525878906,57.900001525878906,58.75,10931475
2019-11-05,59.099998474121094,59.5,56.95000076293945,57.20000076293945,10776611
2019-11-06,57.04999923706055,58.04999923706055,56.20000076293945,57.29999923706055,8444342
2019-11-07,57.29999923706055,58.04999923706055,55.5,55.849998474121094,8015791
2019-11-08,56.150001525878906,56.150001525878906,54.400001525878906,54.70000076293945,8975315
2019-11-11,54.29999923706055,55.599998474121094,53.79999923706055,55.20000076293945,7557199
2019-11-13,55.04999923706055,55.599998474121094,52.400001525878906,52.75,8501076
2019-11-14,53.0,54.04999923706055,50.849998474121094,52.29999923706055,13374384
2019-11-15,51.599998474121094,54.900001525878906,51.099998474121094,53.54999923706055,31377345
2019-11-18,53.54999923706055,55.0,53.54999923706055,54.75,12085747
2019-11-19,54.95000076293945,60.0,54.79999923706055,58.95000076293945,29201112
2019-11-20,60.04999923706055,60.650001525878906,57.599998474121094,58.349998474121094,19180548
2019-11-21,58.29999923706055,59.099998474121094,57.349998474121094,57.54999923706055,8633849
2019-11-22,57.599998474121094,58.099998474121094,56.54999923706055,56.849998474121094,8218088
2019-11-25,56.849998474121094,58.29999923706055,56.70000076293945,57.95000076293945,9047151
2019-11-26,58.25,59.20000076293945,56.650001525878906,57.5,12012502
2019-11-27,57.5,59.150001525878906,57.0,58.599998474121094,8516049
2019-11-28,59.04999923706055,65.19999694824219,58.79999923706055,64.80000305175781,32833625
2019-11-29,64.8499984741211,65.80000305175781,62.400001525878906,63.04999923706055,17402732
2019-12-02,63.70000076293945,63.70000076293945,62.099998474121094,62.349998474121094,9957637
2019-12-03,62.150001525878906,62.599998474121094,58.79999923706055,59.20000076293945,12732434
2019-12-04,58.79999923706055,61.0,58.0,59.70000076293945,20739104
2019-12-05,60.0,60.650001525878906,57.650001525878906,58.150001525878906,14512861
2019-12-06,58.5,58.79999923706055,54.54999923706055,54.95000076293945,14879906
2019-12-09,54.95000076293945,56.849998474121094,54.45000076293945,55.599998474121094,12906205
2019-12-10,55.599998474121094,56.0,53.70000076293945,53.95000076293945,11951873
2019-12-11,53.849998474121094,55.150001525878906,53.20000076293945,54.400001525878906,11382369
2019-12-12,54.79999923706055,56.400001525878906,54.54999923706055,55.79999923706055,12161750
2019-12-13,56.20000076293945,59.95000076293945,56.150001525878906,59.599998474121094,21625185
2019-12-16,60.29999923706055,60.45000076293945,58.0,58.25,12774931
2019-12-17,58.599998474121094,59.20000076293945,57.79999923706055,58.25,11766184
2019-12-18,58.0,58.20000076293945,55.650001525878906,56.54999923706055,14025723
2019-12-19,56.599998474121094,57.45000076293945,55.79999923706055,56.849998474121094,11685641
2019-12-20,57.099998474121094,59.849998474121094,56.849998474121094,59.150001525878906,21863110
2019-12-23,59.0,60.099998474121094,57.650001525878906,58.45000076293945,14498096
2019-12-24,58.70000076293945,59.349998474121094,58.0,58.349998474121094,12033545
2019-12-26,58.349998474121094,58.5,54.0,54.45000076293945,26846326
2019-12-27,54.900001525878906,56.349998474121094,54.75,55.5,14585338
2019-12-30,55.400001525878906,55.45000076293945,54.349998474121094,55.0,7345559
2019-12-31,54.900001525878906,55.25,54.5,54.79999923706055,6146968
2020-01-01,55.04999923706055,55.599998474121094,54.150001525878906,54.54999923706055,4807629
2020-01-02,54.45000076293945,55.45000076293945,54.45000076293945,55.150001525878906,5754393
2020-01-03,55.099998474121094,55.5,54.349998474121094,54.75,5525524
2020-01-06,54.150001525878906,54.29999923706055,52.79999923706055,52.95000076293945,5204531
2020-01-07,53.599998474121094,54.29999923706055,52.25,52.70000076293945,5527537
2020-01-08,51.900001525878906,52.599998474121094,51.0,51.95000076293945,4490512
2020-01-09,52.900001525878906,53.400001525878906,52.25,52.54999923706055,5088100
2020-01-10,52.45000076293945,53.45000076293945,52.29999923706055,52.650001525878906,4761614
2020-01-13,53.29999923706055,53.29999923706055,52.150001525878906,52.54999923706055,3714041
2020-01-14,52.25,52.95000076293945,51.849998474121094,52.5,3239557
2020-01-15,52.5,52.900001525878906,52.20000076293945,52.650001525878906,2829991
2020-01-16,52.79999923706055,53.150001525878906,52.400001525878906,52.75,3704771
2020-01-17,52.5,53.099998474121094,52.20000076293945,52.599998474121094,3655362
2020-01-20,52.75,52.849998474121094,51.599998474121094,52.0,2391889
2020-01-21,51.79999923706055,52.29999923706055,51.5,51.75,2308022
2020-01-22,52.0,52.20000076293945,51.29999923706055,51.5,1736721
2020-01-23,51.5,52.849998474121094,51.349998474121094,52.400001525878906,3343402
2020-01-24,52.400001525878906,53.0,52.150001525878906,52.349998474121094,2862184
2020-01-27,52.0,52.349998474121094,51.599998474121094,51.849998474121094,1991306
2020-01-28,51.900001525878906,52.099998474121094,51.0,51.5,2011311
2020-01-29,51.79999923706055,51.95000076293945,51.20000076293945,51.5,1710263
2020-01-30,51.25,51.5,50.20000076293945,50.599998474121094,1971860
2020-01-31,50.900001525878906,51.400001525878906,49.099998474121094,49.900001525878906,2160583
2020-02-03,48.25,48.900001525878906,47.349998474121094,47.650001525878906,2917775
2020-02-04,47.900001525878906,48.400001525878906,47.5,48.0,2484469
2020-02-05,48.20000076293945,48.70000076293945,48.0,48.5,1708093
2020-02-06,48.5,50.650001525878906,48.45000076293945,49.0,4266040
2020-02-07,49.25,49.5,48.54999923706055,48.95000076293945,2122619
2020-02-10,49.0,52.400001525878906,47.650001525878906,50.95000076293945,6161761
2020-02-11,51.900001525878906,51.900001525878906,49.20000076293945,49.75,5602045
2020-02-12,49.70000076293945,50.099998474121094,48.54999923706055,48.79999923706055,2404887
2020-02-13,48.599998474121094,49.400001525878906,48.0,48.45000076293945,2720671
2020-02-14,48.45000076293945,48.900001525878906,47.400001525878906,47.75,2627577
2020-02-17,47.75,47.75,46.54999923706055,46.75,2161371
2020-02-18,46.5,46.79999923706055,40.04999923706055,43.25,5665324
2020-02-19,43.5,44.400001525878906,43.20000076293945,44.20000076293945,2615042
2020-02-20,43.900001525878906,44.79999923706055,43.70000076293945,44.20000076293945,2389438
2020-02-24,43.04999923706055,43.70000076293945,41.5,42.20000076293945,2115016
2020-02-25,42.45000076293945,42.650001525878906,41.54999923706055,42.150001525878906,2322554
2020-02-26,41.900001525878906,42.29999923706055,41.0,41.29999923706055,2347752
2020-02-27,41.29999923706055,41.29999923706055,40.20000076293945,40.400001525878906,2026301
2020-02-28,38.54999923706055,39.400001525878906,36.79999923706055,37.150001525878906,3523901
2020-03-02,38.0,38.150001525878906,36.099998474121094,36.349998474121094,2675507
2020-03-03,36.70000076293945,36.75,35.04999923706055,36.29999923706055,3306566
2020-03-04,36.29999923706055,38.75,35.349998474121094,36.400001525878906,6454043
2020-03-05,36.099998474121094,40.0,36.099998474121094,39.5,9531514
2020-03-06,37.04999923706055,38.70000076293945,36.29999923706055,36.70000076293945,4572495
2020-03-09,35.95000076293945,35.95000076293945,33.54999923706055,33.849998474121094,3611725
2020-03-11,34.0,34.5,32.5,32.900001525878906,3551512
2020-03-12,30.200000762939453,31.5,28.799999237060547,29.049999237060547,4209114
2020-03-13,26.299999237060547,31.600000381469727,24.399999618530273,31.0,6204887
2020-03-16,29.700000762939453,30.049999237060547,28.549999237060547,29.649999618530273,2676456
2020-03-17,30.0,31.100000381469727,29.0,29.700000762939453,3188890
2020-03-18,30.899999618530273,30.899999618530273,28.600000381469727,29.549999237060547,3016227
2020-03-19,28.399999618530273,30.399999618530273,27.600000381469727,28.850000381469727,3077729
2020-03-20,29.100000381469727,29.899999618530273,28.600000381469727,29.149999618530273,4874763
2020-03-23,27.149999618530273,28.0,25.100000381469727,25.799999237060547,2375651
2020-03-24,27.299999237060547,27.700000762939453,25.25,27.399999618530273,2360676
2020-03-25,26.5,27.350000381469727,26.200000762939453,26.850000381469727,1669507
2020-03-26,27.100000381469727,29.25,26.850000381469727,28.200000762939453,2454484
2020-03-27,30.0,30.799999237060547,28.100000381469727,29.049999237060547,3370786
2020-03-30,28.850000381469727,28.850000381469727,27.600000381469727,28.350000381469727,1864682
2020-03-31,29.649999618530273,29.75,28.399999618530273,28.700000762939453,1764146
2020-04-01,29.200000762939453,29.399999618530273,28.549999237060547,28.75,1772834
2020-04-03,29.0,29.149999618530273,28.100000381469727,28.600000381469727,1378652
2020-04-07,29.75,29.75,28.799999237060547,29.0,1885650
2020-04-08,28.799999237060547,30.399999618530273,28.549999237060547,29.0,2628257
2020-04-09,29.149999618530273,29.600000381469727,28.75,28.799999237060547,3963000
2020-04-13,28.899999618530273,28.899999618530273,28.200000762939453,28.350000381469727,1782834
2020-04-15,28.350000381469727,29.600000381469727,28.350000381469727,28.950000762939453,4087115
2020-04-16,28.850000381469727,29.600000381469727,28.399999618530273,29.299999237060547,3600789
2020-04-17,30.200000762939453,30.399999618530273,28.950000762939453,29.100000381469727,4092763
2020-04-20,29.149999618530273,30.299999237060547,29.049999237060547,29.5,11500241
2020-04-21,29.0,29.049999237060547,28.0,28.149999618530273,4159450
2020-04-22,28.149999618530273,28.75,28.0,28.450000762939453,4383029
2020-04-23,28.450000762939453,28.799999237060547,28.299999237060547,28.399999618530273,2417157
2020-04-24,28.0,28.299999237060547,27.600000381469727,27.649999618530273,3189565
2020-04-27,27.799999237060547,27.950000762939453,27.350000381469727,27.450000762939453,5446987
2020-04-28,27.5,27.600000381469727,26.600000381469727,26.799999237060547,6274030
2020-04-29,27.0,27.350000381469727,26.700000762939453,27.049999237060547,4322727
2020-04-30,27.399999618530273,27.75,27.149999618530273,27.25,4760552
2020-05-04,26.549999237060547,26.75,26.0,26.100000381469727,3334752
2020-05-05,26.5,26.5,25.450000762939453,25.5,3831287
2020-05-06,25.600000381469727,25.649999618530273,24.399999618530273,24.5,5048379
2020-05-07,24.5,24.75,24.049999237060547,24.100000381469727,4227682
2020-05-08,24.25,24.450000762939453,23.600000381469727,23.799999237060547,2897417
2020-05-11,24.0,24.100000381469727,23.600000381469727,23.850000381469727,2550388
2020-05-12,23.549999237060547,24.100000381469727,23.25,23.950000762939453,2397272
2020-05-13,25.75,25.75,24.399999618530273,25.100000381469727,7005233
2020-05-14,25.0,25.299999237060547,24.700000762939453,24.850000381469727,2628947
2020-05-15,24.850000381469727,24.950000762939453,24.299999237060547,24.700000762939453,3201505
2020-05-18,24.700000762939453,24.700000762939453,23.200000762939453,23.600000381469727,4069503
2020-05-19,23.649999618530273,23.850000381469727,22.799999237060547,22.899999618530273,3836156
2020-05-20,22.899999618530273,23.200000762939453,22.649999618530273,23.0,2250707
2020-05-21,23.0,23.600000381469727,22.899999618530273,23.200000762939453,2766730
2020-05-22,23.200000762939453,23.600000381469727,22.649999618530273,22.850000381469727,3421837
2020-05-26,23.049999237060547,23.25,22.850000381469727,22.899999618530273,1495192
2020-05-27,22.899999618530273,23.5,22.649999618530273,23.25,3265393
2020-05-28,23.299999237060547,24.0,23.299999237060547,23.399999618530273,2766110
2020-05-29,23.299999237060547,23.799999237060547,23.149999618530273,23.649999618530273,2463870
2020-06-01,24.049999237060547,25.899999618530273,24.0,25.5,6981967
2020-06-02,25.5,25.850000381469727,25.149999618530273,25.649999618530273,3592260
2020-06-03,26.0,28.850000381469727,26.0,27.899999618530273,14205413
2020-06-04,28.0,30.5,28.0,29.149999618530273,13887365
2020-06-05,30.0,30.600000381469727,29.399999618530273,30.350000381469727,8522437
2020-06-08,31.299999237060547,31.700000762939453,29.299999237060547,29.549999237060547,9682131
2020-06-09,29.799999237060547,30.299999237060547,28.049999237060547,28.399999618530273,8140153
2020-06-10,28.649999618530273,29.700000762939453,28.350000381469727,29.299999237060547,5551984
2020-06-11,29.5,29.649999618530273,28.549999237060547,28.75,6408707
2020-06-12,27.549999237060547,28.799999237060547,27.100000381469727,28.649999618530273,4618964
2020-06-15,28.649999618530273,29.950000762939453,28.149999618530273,29.25,8309644
2020-06-16,30.149999618530273,30.399999618530273,27.850000381469727,28.899999618530273,6255832
2020-06-17,28.850000381469727,29.25,28.100000381469727,29.0,4026677
2020-06-18,28.950000762939453,29.649999618530273,28.899999618530273,29.399999618530273,3798169
2020-06-19,29.799999237060547,31.700000762939453,29.299999237060547,30.700000762939453,14607168
2020-06-22,31.0,33.29999923706055,31.0,32.79999923706055,15635325
2020-06-23,33.849998474121094,36.54999923706055,33.5,35.95000076293945,24991472
2020-06-24,36.5,36.5,32.29999923706055,32.900001525878906,23197023
2020-06-25,32.650001525878906,33.5,31.799999237060547,33.29999923706055,6228569
2020-06-26,33.79999923706055,35.400001525878906,33.25,33.849998474121094,6842752
2020-06-29,33.54999923706055,33.54999923706055,32.349998474121094,32.75,4223319
2020-06-30,33.04999923706055,33.29999923706055,31.700000762939453,31.799999237060547,3493404
2020-07-01,32.0,32.599998474121094,31.549999237060547,32.5,4275027
2020-07-02,32.5,32.95000076293945,32.099998474121094,32.400001525878906,3526830
2020-07-03,32.70000076293945,32.75,32.0,32.04999923706055,2757251
2020-07-06,32.349998474121094,32.5,32.099998474121094,32.20000076293945,2888852
2020-07-07,32.400001525878906,32.400001525878906,32.0,32.150001525878906,2295839
2020-07-08,32.29999923706055,34.0,32.150001525878906,32.5,13531643
2020-07-09,32.79999923706055,33.150001525878906,32.5,32.70000076293945,3649853
2020-07-10,32.5,32.599998474121094,31.75,32.04999923706055,3550490
2020-07-13,32.099998474121094,32.45000076293945,31.350000381469727,31.549999237060547,2943667
2020-07-14,31.200000762939453,31.399999618530273,30.25,30.450000762939453,3246712
2020-07-15,30.700000762939453,31.0,30.100000381469727,30.149999618530273,2398475
2020-07-16,30.149999618530273,30.200000762939453,29.600000381469727,29.899999618530273,2581989
2020-07-17,29.899999618530273,31.649999618530273,29.75,31.299999237060547,4796816
2020-07-20,31.549999237060547,31.700000762939453,30.850000381469727,31.049999237060547,4122366
2020-07-21,31.649999618530273,31.850000381469727,31.0,31.149999618530273,2655547
2020-07-22,31.25,31.350000381469727,30.549999237060547,30.799999237060547,2256504
2020-07-23,30.75,31.25,30.600000381469727,30.850000381469727,2760242
2020-07-24,30.700000762939453,30.75,30.299999237060547,30.549999237060547,2084425
2020-07-27,30.399999618530273,30.549999237060547,29.5,29.549999237060547,3252249
2020-07-28,29.5,29.850000381469727,28.899999618530273,29.200000762939453,2759742
2020-07-29,29.5,30.450000762939453,29.200000762939453,29.700000762939453,4300467
2020-07-30,30.0,30.100000381469727,29.149999618530273,29.299999237060547,2010269
2020-07-31,29.0,29.350000381469727,28.799999237060547,29.0,2359190
2020-08-03,29.0,29.399999618530273,28.899999618530273,29.049999237060547,2520814
2020-08-04,29.399999618530273,29.399999618530273,29.0,29.100000381469727,1649935
2020-08-05,29.149999618530273,30.100000381469727,29.100000381469727,29.450000762939453,2796376
2020-08-06,29.399999618530273,29.700000762939453,29.100000381469727,29.399999618530273,2329028
2020-08-07,29.25,29.600000381469727,29.049999237060547,29.399999618530273,2388288
2020-08-10,29.5,29.799999237060547,29.299999237060547,29.5,1664354
2020-08-11,29.700000762939453,31.0,29.25,30.700000762939453,6911725
2020-08-12,31.799999237060547,31.799999237060547,30.700000762939453,30.850000381469727,12782399
2020-08-13,30.950000762939453,31.100000381469727,30.200000762939453,30.25,3301370
2020-08-14,30.399999618530273,30.399999618530273,29.299999237060547,29.5,3342798
2020-08-17,29.600000381469727,29.950000762939453,29.100000381469727,29.350000381469727,3174028
2020-08-18,29.549999237060547,29.549999237060547,29.25,29.399999618530273,2600180
2020-08-19,29.600000381469727,30.149999618530273,29.600000381469727,29.899999618530273,5537764
2020-08-20,29.850000381469727,30.149999618530273,29.549999237060547,29.899999618530273,3400627
2020-08-21,30.200000762939453,30.899999618530273,30.149999618530273,30.450000762939453,6899257
2020-08-24,31.799999237060547,32.20000076293945,30.799999237060547,30.899999618530273,13938959
2020-08-25,31.0,31.149999618530273,30.5,30.549999237060547,5621927
2020-08-26,30.5,30.700000762939453,30.350000381469727,30.5,3000489
2020-08-27,30.5,30.950000762939453,30.5,30.549999237060547,3868068
2020-08-28,30.75,31.850000381469727,30.600000381469727,31.399999618530273,13615067
2020-08-31,32.45000076293945,32.45000076293945,30.0,30.200000762939453,9254039
2020-09-01,30.149999618530273,30.399999618530273,29.25,29.899999618530273,4425447
2020-09-02,29.899999618530273,29.950000762939453,29.350000381469727,29.600000381469727,2558654
2020-09-03,29.649999618530273,30.0,29.5,29.75,1956816
2020-09-04,29.299999237060547,29.600000381469727,29.049999237060547,29.350000381469727,2488925
2020-09-07,29.25,29.399999618530273,28.850000381469727,28.950000762939453,2554911
2020-09-08,29.049999237060547,29.100000381469727,28.649999618530273,28.75,1536880
2020-09-09,28.100000381469727,28.5,27.850000381469727,28.25,1994113
2020-09-10,28.350000381469727,29.149999618530273,28.350000381469727,28.799999237060547,2103326
2020-09-11,28.799999237060547,29.149999618530273,28.399999618530273,28.649999618530273,2030705
2020-09-14,28.700000762939453,28.950000762939453,28.5,28.600000381469727,2105705
2020-09-15,28.899999618530273,28.899999618530273,27.799999237060547,28.149999618530273,2724141
2020-09-16,28.200000762939453,28.350000381469727,27.299999237060547,27.899999618530273,2894231
2020-09-17,27.75,27.799999237060547,27.200000762939453,27.5,2489430
2020-09-18,27.649999618530273,27.700000762939453,26.649999618530273,26.850000381469727,4313508
2020-09-21,26.850000381469727,27.950000762939453,25.700000762939453,26.049999237060547,6731905
2020-09-22,26.0,26.200000762939453,24.950000762939453,25.5,4098199
2020-09-23,25.549999237060547,25.899999618530273,24.950000762939453,25.149999618530273,2912368
2020-09-24,25.0,25.049999237060547,24.549999237060547,24.850000381469727,2209015
2020-09-25,24.850000381469727,24.850000381469727,23.649999618530273,24.25,8063214
2020-09-28,24.5,24.950000762939453,24.25,24.799999237060547,4283956
2020-09-29,24.950000762939453,25.299999237060547,24.450000762939453,24.700000762939453,2378567
2020-09-30,24.700000762939453,24.700000762939453,24.299999237060547,24.350000381469727,1622254
2020-10-01,24.399999618530273,24.850000381469727,23.899999618530273,24.25,2583274
2020-10-05,24.5,25.049999237060547,24.350000381469727,24.549999237060547,2170845
2020-10-06,24.600000381469727,24.75,24.350000381469727,24.450000762939453,1386792
2020-10-07,24.5,24.600000381469727,24.200000762939453,24.350000381469727,1337626
2020-10-08,24.5,24.850000381469727,24.350000381469727,24.450000762939453,3341770
2020-10-09,24.549999237060547,25.0,24.200000762939453,24.899999618530273,3820599
2020-10-12,25.100000381469727,25.649999618530273,24.799999237060547,24.899999618530273,2125431
2020-10-13,24.850000381469727,24.950000762939453,24.149999618530273,24.25,1850280
2020-10-14,24.399999618530273,24.399999618530273,23.899999618530273,24.100000381469727,4388115
2020-10-15,24.100000381469727,24.299999237060547,23.299999237060547,23.399999618530273,3905520
2020-10-16,23.549999237060547,23.75,23.100000381469727,23.25,2538978
2020-10-19,23.399999618530273,23.950000762939453,23.25,23.799999237060547,3254527
2020-10-20,23.850000381469727,23.850000381469727,23.450000762939453,23.549999237060547,1722272
2020-10-21,23.600000381469727,24.600000381469727,23.600000381469727,24.399999618530273,4188208
2020-10-22,24.100000381469727,24.350000381469727,24.0,24.149999618530273,1758051
2020-10-23,24.200000762939453,24.5,24.049999237060547,24.350000381469727,1200783
2020-10-26,24.350000381469727,24.75,24.149999618530273,24.299999237060547,1367337
2020-10-27,24.299999237060547,24.350000381469727,23.899999618530273,24.0,1285814
2020-10-28,23.950000762939453,24.25,23.75,23.850000381469727,2804362
2020-10-29,24.0,24.0,23.450000762939453,23.600000381469727,1750345
2020-10-30,23.600000381469727,24.25,23.5,24.049999237060547,1331467
2020-11-02,24.100000381469727,24.649999618530273,23.799999237060547,23.950000762939453,4090621
2020-11-03,24.399999618530273,24.399999618530273,23.649999618530273,23.850000381469727,3249018
2020-11-04,23.950000762939453,24.149999618530273,23.600000381469727,23.799999237060547,2411301
2020-11-05,24.0,24.299999237060547,23.899999618530273,24.100000381469727,2921335
2020-11-06,24.5,24.649999618530273,24.25,24.5,4706645
2020-11-09,25.200000762939453,25.450000762939453,24.700000762939453,24.850000381469727,5102910
2020-11-10,25.200000762939453,25.25,24.799999237060547,25.149999618530273,5218662
2020-11-11,25.149999618530273,25.600000381469727,24.850000381469727,24.950000762939453,4427176
2020-11-12,24.850000381469727,25.149999618530273,24.700000762939453,24.75,2966687
2020-11-13,24.5,24.799999237060547,24.450000762939453,24.700000762939453,2719941
2020-11-14,24.799999237060547,24.950000762939453,24.75,24.899999618530273,707848
2020-11-17,25.0,25.200000762939453,24.850000381469727,24.899999618530273,3785057
2020-11-18,24.850000381469727,25.75,24.850000381469727,25.649999618530273,5456921
2020-11-19,25.450000762939453,25.75,25.200000762939453,25.25,3752436
2020-11-20,25.299999237060547,25.75,25.200000762939453,25.549999237060547,4671815
2020-11-23,25.850000381469727,25.950000762939453,25.450000762939453,25.600000381469727,3738338
2020-11-24,25.700000762939453,25.850000381469727,25.600000381469727,25.700000762939453,2435588
2020-11-25,26.0,27.149999618530273,26.0,26.700000762939453,12786008
2020-11-26,26.950000762939453,27.350000381469727,26.649999618530273,27.25,7434235
2020-11-27,27.450000762939453,28.200000762939453,27.299999237060547,28.0,9118979
2020-12-01,28.299999237060547,29.25,28.25,28.899999618530273,10355127
2020-12-02,29.25,29.75,29.0,29.399999618530273,10974145
2020-12-03,29.600000381469727,31.25,29.600000381469727,30.950000762939453,14547960
2020-12-04,31.450000762939453,31.950000762939453,30.049999237060547,31.149999618530273,15159912
2020-12-07,31.25,31.600000381469727,31.0,31.299999237060547,8100266
2020-12-08,31.549999237060547,34.20000076293945,31.200000762939453,33.849998474121094,33110725
2020-12-09,34.599998474121094,35.29999923706055,33.70000076293945,33.95000076293945,24187588
2020-12-10,34.0,34.0,32.20000076293945,32.70000076293945,10845010
2020-12-11,32.70000076293945,33.849998474121094,32.70000076293945,33.150001525878906,10405596
2020-12-14,34.20000076293945,34.5,33.599998474121094,33.849998474121094,10476417
2020-12-15,33.849998474121094,33.849998474121094,33.099998474121094,33.5,6300423
2020-12-16,33.599998474121094,33.849998474121094,32.5,32.79999923706055,7712498
2020-12-17,32.70000076293945,32.900001525878906,31.75,31.950000762939453,7053911
2020-12-18,31.799999237060547,31.850000381469727,30.799999237060547,31.100000381469727,6748710
2020-12-21,30.799999237060547,30.950000762939453,28.200000762939453,28.850000381469727,7917884
2020-12-22,28.5,29.399999618530273,27.200000762939453,29.049999237060547,11383381
2020-12-23,29.0,29.799999237060547,28.850000381469727,29.649999618530273,5772474
2020-12-24,30.0,30.350000381469727,29.799999237060547,29.899999618530273,5092535
2020-12-28,30.25,30.700000762939453,29.549999237060547,30.5,4892066
2020-12-29,30.700000762939453,32.900001525878906,30.700000762939453,31.899999618530273,21805127
2020-12-30,32.45000076293945,32.70000076293945,31.399999618530273,31.950000762939453,9694902
2020-12-31,32.150001525878906,32.25,31.399999618530273,31.549999237060547,5722932
2021-01-01,31.75,32.20000076293945,31.600000381469727,32.099998474121094,7888314
2021-01-04,32.599998474121094,32.70000076293945,32.150001525878906,32.400001525878906,8265267
2021-01-05,32.20000076293945,32.20000076293945,31.799999237060547,32.04999923706055,5789215
2021-01-06,32.349998474121094,32.54999923706055,31.75,31.850000381469727,6726368
2021-01-07,32.150001525878906,32.20000076293945,31.799999237060547,31.899999618530273,3617734
2021-01-08,32.150001525878906,32.29999923706055,31.549999237060547,31.799999237060547,5371701
2021-01-11,31.899999618530273,32.099998474121094,31.25,31.350000381469727,3954196
2021-01-12,31.200000762939453,33.5,30.799999237060547,33.0,18635584
2021-01-13,33.29999923706055,33.849998474121094,32.29999923706055,33.20000076293945,19044455
2021-01-14,33.0,33.75,32.95000076293945,33.20000076293945,10758845
2021-01-15,33.20000076293945,33.599998474121094,32.5,32.599998474121094,7652331
2021-01-18,32.79999923706055,32.849998474121094,31.649999618530273,31.850000381469727,7137456
2021-01-19,32.0,32.349998474121094,31.850000381469727,32.25,5091921
2021-01-20,32.29999923706055,32.75,31.899999618530273,32.400001525878906,6877754
2021-01-21,32.599998474121094,32.75,31.700000762939453,31.850000381469727,5127195
2021-01-22,31.649999618530273,31.799999237060547,31.049999237060547,31.100000381469727,3799473
2021-01-25,31.299999237060547,31.600000381469727,30.149999618530273,30.399999618530273,6960168
2021-01-27,30.399999618530273,30.5,29.799999237060547,30.049999237060547,5405010
2021-01-28,29.25,30.200000762939453,29.200000762939453,29.5,5402849
2021-01-29,29.899999618530273,31.549999237060547,29.75,31.049999237060547,10458436
2021-02-01,31.700000762939453,32.45000076293945,31.100000381469727,32.29999923706055,14589144
2021-02-02,32.849998474121094,34.099998474121094,32.599998474121094,33.04999923706055,21319402
2021-02-03,33.099998474121094,34.0,32.5,33.650001525878906,13633258
2021-02-04,33.599998474121094,34.900001525878906,33.20000076293945,34.54999923706055,29593973
2021-02-05,35.0,36.29999923706055,34.599998474121094,34.79999923706055,28208919
2021-02-08,35.099998474121094,35.400001525878906,33.900001525878906,34.0,10724204
2021-02-09,34.099998474121094,34.650001525878906,33.20000076293945,33.75,12277388
2021-02-10,33.599998474121094,34.099998474121094,33.400001525878906,33.650001525878906,7365678
2021-02-11,33.75,33.95000076293945,33.20000076293945,33.349998474121094,4448100
2021-02-12,33.599998474121094,33.650001525878906,33.099998474121094,33.20000076293945,5970660
2021-02-15,33.5,33.900001525878906,33.45000076293945,33.5,4427760
2021-02-16,33.900001525878906,35.79999923706055,33.849998474121094,34.599998474121094,25511054
2021-02-17,34.45000076293945,38.900001525878906,34.20000076293945,38.099998474121094,92510035
2021-02-18,39.0,45.25,38.95000076293945,42.04999923706055,131622894
2021-02-19,43.25,44.79999923706055,38.25,40.5,87411108
2021-02-22,41.20000076293945,41.29999923706055,38.599998474121094,39.349998474121094,34109719
2021-02-23,39.70000076293945,40.20000076293945,38.5,38.75,15295831
2021-02-24,39.25,41.95000076293945,39.0,40.900001525878906,16721715
2021-02-25,42.0,42.349998474121094,41.20000076293945,41.45000076293945,12861968
2021-02-26,40.5,41.0,39.5,40.599998474121094,15119160
2021-03-01,41.0,41.45000076293945,39.900001525878906,40.04999923706055,8184972
2021-03-02,40.70000076293945,40.95000076293945,38.45000076293945,38.79999923706055,11101042
2021-03-03,39.349998474121094,40.25,39.099998474121094,39.849998474121094,11721736
2021-03-04,39.5,40.5,39.150001525878906,39.349998474121094,11929161
2021-03-05,39.400001525878906,39.650001525878906,38.04999923706055,38.29999923706055,7786621
2021-03-08,39.0,40.25,37.900001525878906,38.150001525878906,13043072
2021-03-09,38.5,38.849998474121094,37.099998474121094,37.54999923706055,9191895
2021-03-10,37.849998474121094,38.20000076293945,37.349998474121094,37.849998474121094,6086552
2021-03-12,38.400001525878906,38.70000076293945,37.20000076293945,37.650001525878906,5457089
2021-03-15,38.0,38.0,36.5,36.95000076293945,5748714
2021-03-16,37.150001525878906,37.45000076293945,36.29999923706055,36.45000076293945,5224025
2021-03-17,36.5,36.79999923706055,35.0,35.150001525878906,6167404
2021-03-18,36.0,36.0,34.5,35.150001525878906,7160984
2021-03-19,35.0,35.45000076293945,33.349998474121094,35.25,9732622
2021-03-22,35.400001525878906,35.650001525878906,34.25,34.45000076293945,6092177
2021-03-23,34.54999923706055,36.349998474121094,34.5,36.0,13824873
2021-03-24,36.099998474121094,36.400001525878906,34.70000076293945,34.900001525878906,11543282
2021-03-25,35.099998474121094,36.150001525878906,33.400001525878906,34.650001525878906,12629346
2021-03-26,35.45000076293945,35.45000076293945,33.75,33.900001525878906,8127862
2021-03-30,34.04999923706055,34.5,33.599998474121094,34.099998474121094,6055616
2021-03-31,34.04999923706055,34.849998474121094,33.849998474121094,34.04999923706055,6672972
2021-04-01,34.45000076293945,35.150001525878906,34.20000076293945,34.900001525878906,6985406
2021-04-05,34.900001525878906,34.900001525878906,33.599998474121094,34.04999923706055,5372465
2021-04-06,34.099998474121094,35.75,33.599998474121094,35.20000076293945,7730457
2021-04-07,35.5,37.29999923706055,35.20000076293945,36.79999923706055,14379483
2021-04-08,37.0,37.25,36.400001525878906,36.599998474121094,7614938
2021-04-09,36.5,38.599998474121094,36.150001525878906,37.900001525878906,17969015
2021-04-12,36.79999923706055,36.849998474121094,33.599998474121094,34.400001525878906,12529240
2021-04-13,34.75,35.45000076293945,34.150001525878906,35.099998474121094,10176423
2021-04-15,34.400001525878906,35.29999923706055,33.900001525878906,34.400001525878906,7823976
2021-04-16,34.75,35.20000076293945,34.29999923706055,34.45000076293945,4778514
2021-04-19,33.099998474121094,33.599998474121094,32.29999923706055,32.70000076293945,6139194
2021-04-20,33.150001525878906,33.70000076293945,32.400001525878906,32.75,4953845
2021-04-22,32.599998474121094,32.79999923706055,32.099998474121094,32.45000076293945,5748968
2021-04-23,32.150001525878906,33.099998474121094,32.150001525878906,32.70000076293945,5194074
2021-04-26,33.0,33.400001525878906,32.849998474121094,33.04999923706055,3839845
2021-04-27,33.29999923706055,34.099998474121094,33.099998474121094,33.849998474121094,4821127
2021-04-28,33.900001525878906,34.599998474121094,33.650001525878906,34.400001525878906,6550334
2021-04-29,34.54999923706055,35.25,33.849998474121094,34.75,9986393
2021-04-30,34.5,35.79999923706055,33.599998474121094,34.20000076293945,9469425
2021-05-03,33.79999923706055,34.25,33.5,34.0,4779065
2021-05-04,34.45000076293945,36.599998474121094,34.099998474121094,35.599998474121094,21288497
2021-05-05,36.45000076293945,37.150001525878906,36.0,36.5,11966528
2021-05-06,36.599998474121094,37.0,35.20000076293945,36.0,6759713
2021-05-07,36.20000076293945,36.54999923706055,34.45000076293945,34.54999923706055,13763202
2021-05-10,34.75,35.45000076293945,34.349998474121094,34.5,11446516
2021-05-11,34.20000076293945,35.599998474121094,34.0,35.29999923706055,9016234
2021-05-12,35.400001525878906,38.400001525878906,35.349998474121094,37.25,33685337
2021-05-14,37.849998474121094,39.400001525878906,37.0,37.400001525878906,30858002
2021-05-17,37.400001525878906,38.400001525878906,37.400001525878906,37.95000076293945,12041494
2021-05-18,37.900001525878906,38.29999923706055,36.650001525878906,36.79999923706055,17880726
2021-05-19,36.95000076293945,37.29999923706055,36.54999923706055,36.650001525878906,9419693
2021-05-20,37.0,37.25,36.45000076293945,36.849998474121094,9001466
2021-05-21,37.400001525878906,37.70000076293945,37.04999923706055,37.400001525878906,12277264
2021-05-24,38.0,38.849998474121094,38.0,38.400001525878906,16912282
2021-05-25,37.0,37.099998474121094,34.79999923706055,35.0,98571030
2021-05-26,35.400001525878906,35.650001525878906,34.0,34.099998474121094,49082363
2021-05-27,34.099998474121094,34.79999923706055,33.849998474121094,33.95000076293945,44879762
2021-05-28,34.5,34.900001525878906,34.150001525878906,34.349998474121094,28013917
2021-05-31,34.79999923706055,35.0,34.349998474121094,34.70000076293945,21104866
2021-06-01,34.849998474121094,34.95000076293945,34.20000076293945,34.349998474121094,13024994
2021-06-02,34.349998474121094,35.45000076293945,34.20000076293945,35.25,26505584
2021-06-03,35.5,35.79999923706055,35.349998474121094,35.400001525878906,20258579
2021-06-04,35.400001525878906,35.650001525878906,35.099998474121094,35.45000076293945,19102745
2021-06-07,35.95000076293945,36.150001525878906,35.5,35.599998474121094,16940654
2021-06-08,36.5,36.900001525878906,35.349998474121094,35.650001525878906,39352897
2021-06-09,36.04999923706055,36.400001525878906,35.20000076293945,35.29999923706055,29475934
2021-06-10,35.5,36.20000076293945,35.25,35.900001525878906,24288684
2021-06-11,36.150001525878906,36.5,35.599998474121094,35.95000076293945,17306316
2021-06-14,36.04999923706055,37.54999923706055,35.20000076293945,37.400001525878906,55472261
2021-06-15,37.70000076293945,37.95000076293945,37.04999923706055,37.25,38521477
2021-06-16,37.25,37.75,36.849998474121094,37.45000076293945,26760857
2021-06-17,36.849998474121094,39.25,36.79999923706055,38.099998474121094,66721285
2021-06-18,38.70000076293945,38.70000076293945,36.099998474121094,37.79999923706055,48048890
2021-06-21,36.70000076293945,40.75,36.54999923706055,39.79999923706055,83537904
2021-06-22,40.20000076293945,41.5,39.849998474121094,40.150001525878906,58988780
2021-06-23,40.70000076293945,40.70000076293945,39.099998474121094,39.20000076293945,34844225
2021-06-24,39.5,40.0,38.099998474121094,38.349998474121094,27545319
2021-06-25,38.75,39.79999923706055,38.599998474121094,39.45000076293945,31987644
2021-06-28,39.79999923706055,40.25,38.849998474121094,39.349998474121094,28813654
2021-06-29,39.5,39.849998474121094,39.0,39.20000076293945,17872837
2021-06-30,39.29999923706055,39.650001525878906,38.349998474121094,38.54999923706055,18826197
2021-07-01,38.75,39.150001525878906,38.20000076293945,38.70000076293945,16848602
2021-07-02,39.0,39.45000076293945,38.54999923706055,39.04999923706055,16069840
2021-07-05,39.20000076293945,39.349998474121094,38.70000076293945,38.900001525878906,10931085
2021-07-06,38.79999923706055,39.0,37.5,37.70000076293945,16939835
2021-07-07,37.54999923706055,38.150001525878906,37.5,37.95000076293945,11628898
2021-07-08,38.20000076293945,38.20000076293945,36.79999923706055,37.04999923706055,11831969
2021-07-09,36.79999923706055,37.349998474121094,36.599998474121094,36.75,12503930
2021-07-12,37.0,37.25,36.599998474121094,36.900001525878906,7604893
2021-07-13,37.25,37.29999923706055,36.900001525878906,37.0,6438676
2021-07-14,37.0,37.099998474121094,36.75,36.849998474121094,6091675
2021-07-15,36.95000076293945,37.25,36.400001525878906,36.45000076293945,9266273
2021-07-16,36.599998474121094,36.70000076293945,36.400001525878906,36.599998474121094,5366187
2021-07-19,36.45000076293945,37.150001525878906,36.099998474121094,37.0,11785792
2021-07-20,37.150001525878906,37.150001525878906,35.650001525878906,35.900001525878906,12173404
2021-07-22,36.150001525878906,36.599998474121094,35.95000076293945,36.150001525878906,6998322
2021-07-23,36.25,36.599998474121094,35.75,36.54999923706055,8408854
2021-07-26,36.599998474121094,36.79999923706055,35.95000076293945,36.04999923706055,5432778
2021-07-27,36.20000076293945,36.75,35.650001525878906,35.95000076293945,10192529
2021-07-28,36.20000076293945,36.20000076293945,35.20000076293945,35.5,7086469
2021-07-29,35.75,38.79999923706055,35.650001525878906,37.849998474121094,34063723
2021-07-30,38.5,38.5,36.599998474121094,36.849998474121094,21152451
2021-08-02,37.29999923706055,37.45000076293945,36.70000076293945,36.79999923706055,9441552
2021-08-03,37.0,37.5,36.849998474121094,37.400001525878906,9091648
2021-08-04,37.650001525878906,37.75,36.29999923706055,36.70000076293945,11693137
2021-08-05,36.79999923706055,36.79999923706055,35.849998474121094,36.099998474121094,7791746
2021-08-06,36.150001525878906,36.400001525878906,35.70000076293945,35.95000076293945,6505941
2021-08-09,36.099998474121094,36.349998474121094,35.5,35.650001525878906,6093917
2021-08-10,35.650001525878906,35.849998474121094,34.20000076293945,34.54999923706055,9056555
2021-08-11,34.54999923706055,34.79999923706055,33.599998474121094,34.70000076293945,8409147
2021-08-12,34.70000076293945,35.400001525878906,34.599998474121094,35.04999923706055,5593592
2021-08-13,35.400001525878906,35.400001525878906,34.70000076293945,35.0,4206185
2021-08-16,34.900001525878906,35.25,34.79999923706055,35.0,5180231
2021-08-17,34.900001525878906,35.0,34.150001525878906,34.29999923706055,4788545
2021-08-18,34.400001525878906,34.900001525878906,34.25,34.70000076293945,5575982
2021-08-20,34.20000076293945,34.599998474121094,33.349998474121094,33.5,5963476
2021-08-23,33.900001525878906,33.95000076293945,32.70000076293945,33.0,6357034
2021-08-24,33.25,33.650001525878906,33.0,33.349998474121094,3603079
2021-08-25,33.54999923706055,33.75,33.400001525878906,33.5,3774634
2021-08-26,33.54999923706055,33.70000076293945,33.29999923706055,33.54999923706055,2850489
2021-08-27,33.400001525878906,34.599998474121094,33.25,34.150001525878906,5318070
2021-08-30,34.349998474121094,35.0,34.29999923706055,34.900001525878906,4696007
2021-08-31,34.79999923706055,36.349998474121094,34.599998474121094,35.400001525878906,8484467
2021-09-01,35.349998474121094,36.150001525878906,35.20000076293945,35.349998474121094,9097709
2021-09-02,35.599998474121094,35.70000076293945,35.04999923706055,35.20000076293945,4638792
2021-09-03,35.400001525878906,36.04999923706055,35.25,35.349998474121094,4592810
2021-09-06,35.54999923706055,35.599998474121094,35.04999923706055,35.150001525878906,3541313
2021-09-07,35.150001525878906,35.20000076293945,34.599998474121094,34.75,3416651
2021-09-08,34.79999923706055,35.29999923706055,34.70000076293945,34.849998474121094,5438691
2021-09-09,34.79999923706055,35.0,34.75,34.900001525878906,2431548
2021-09-13,34.79999923706055,34.900001525878906,34.5,34.650001525878906,3478826
2021-09-14,34.599998474121094,35.0,34.29999923706055,34.45000076293945,6650203
2021-09-15,34.599998474121094,35.25,34.45000076293945,34.849998474121094,11348361
2021-09-16,35.099998474121094,37.099998474121094,34.79999923706055,36.70000076293945,38219338
2021-09-17,37.20000076293945,37.45000076293945,35.349998474121094,35.900001525878906,20252495
2021-09-20,35.54999923706055,35.79999923706055,34.5,34.599998474121094,7541849
2021-09-21,34.79999923706055,35.25,34.0,34.95000076293945,6614416
2021-09-22,35.0,35.25,34.79999923706055,35.04999923706055,3956706
2021-09-23,35.25,35.599998474121094,34.599998474121094,34.849998474121094,7300759
2021-09-24,35.0,35.20000076293945,34.5,34.599998474121094,4252615
2021-09-27,34.79999923706055,35.349998474121094,34.400001525878906,34.599998474121094,8089182
2021-09-28,35.45000076293945,35.5,34.650001525878906,35.0,8221900
2021-09-29,34.849998474121094,36.79999923706055,34.75,36.400001525878906,22449251
2021-09-30,36.45000076293945,37.29999923706055,36.04999923706055,36.25,25634746
2021-10-01,36.0,36.900001525878906,35.70000076293945,36.45000076293945,11428696
2021-10-04,36.900001525878906,37.70000076293945,36.849998474121094,37.599998474121094,21377239
2021-10-05,37.75,37.849998474121094,36.900001525878906,37.099998474121094,12602430
2021-10-06,37.20000076293945,37.900001525878906,36.04999923706055,36.45000076293945,13430757
2021-10-07,37.0,37.54999923706055,36.900001525878906,37.29999923706055,9369098
2021-10-08,37.54999923706055,37.75,36.54999923706055,37.54999923706055,11757679
2021-10-11,38.04999923706055,38.79999923706055,37.599998474121094,38.150001525878906,22109704
2021-10-12,37.95000076293945,40.599998474121094,37.79999923706055,39.650001525878906,51643504
2021-10-13,40.0,44.95000076293945,40.0,44.400001525878906,92882073
2021-10-14,44.54999923706055,46.79999923706055,44.400001525878906,44.79999923706055,47119361
2021-10-18,45.29999923706055,49.400001525878906,45.20000076293945,48.900001525878906,65067668
2021-10-19,49.0,49.70000076293945,44.54999923706055,45.400001525878906,36992666
2021-10-20,45.20000076293945,49.20000076293945,44.599998474121094,47.70000076293945,57112542
2021-10-21,48.5,51.70000076293945,48.150001525878906,50.650001525878906,63686404
2021-10-22,51.20000076293945,51.650001525878906,48.29999923706055,49.099998474121094,30022877
2021-10-25,49.599998474121094,50.900001525878906,46.650001525878906,48.29999923706055,32033988
2021-10-26,48.5,50.20000076293945,47.29999923706055,48.25,21329458
2021-10-27,48.70000076293945,51.25,47.95000076293945,50.54999923706055,33526546
2021-10-28,50.400001525878906,50.400001525878906,46.25,46.75,23090906
2021-10-29,46.5,48.150001525878906,44.400001525878906,46.150001525878906,25482509
2021-11-01,46.70000076293945,47.5,46.20000076293945,46.650001525878906,11053952
2021-11-02,47.0,49.900001525878906,46.650001525878906,49.29999923706055,30314966
2021-11-03,50.0,50.0,47.25,47.54999923706055,25419571
2021-11-04,48.20000076293945,49.75,47.95000076293945,49.150001525878906,8332745
2021-11-08,49.79999923706055,54.45000076293945,48.79999923706055,53.79999923706055,56624381
2021-11-09,54.0,54.79999923706055,52.599998474121094,54.04999923706055,37016833
2021-11-10,53.400001525878906,54.400001525878906,51.599998474121094,52.150001525878906,24242102
2021-11-11,51.79999923706055,52.45000076293945,49.04999923706055,49.599998474121094,25522522
2021-11-12,49.70000076293945,50.75,49.0,50.0,21666644
2021-11-15,50.400001525878906,50.400001525878906,48.400001525878906,48.75,13843491
2021-11-16,48.95000076293945,48.95000076293945,46.5,46.849998474121094,16231815
2021-11-17,46.95000076293945,48.349998474121094,46.75,47.349998474121094,14525214
2021-11-18,47.400001525878906,47.900001525878906,46.349998474121094,46.900001525878906,12876564
2021-11-22,47.349998474121094,47.349998474121094,43.599998474121094,43.849998474121094,17514056
2021-11-23,43.70000076293945,47.45000076293945,43.29999923706055,46.900001525878906,23677188
2021-11-24,47.650001525878906,48.04999923706055,45.95000076293945,46.29999923706055,11923225
2021-11-25,46.79999923706055,47.099998474121094,45.599998474121094,45.79999923706055,11303458
2021-11-26,45.45000076293945,45.70000076293945,43.5,43.70000076293945,14988757
2021-11-29,43.70000076293945,44.349998474121094,41.54999923706055,43.25,17759267
2021-11-30,42.70000076293945,44.70000076293945,42.70000076293945,43.0,11559026
2021-12-01,43.79999923706055,45.75,42.900001525878906,45.45000076293945,19418453
2021-12-02,46.0,46.650001525878906,45.29999923706055,46.29999923706055,16996885
2021-12-03,46.20000076293945,47.400001525878906,45.70000076293945,45.95000076293945,18011549
2021-12-06,46.400001525878906,46.45000076293945,44.54999923706055,44.75,13312106
2021-12-07,45.0,47.0,45.0,46.54999923706055,14139291
2021-12-08,47.0,47.45000076293945,46.5,47.0,14296581
2021-12-09,47.04999923706055,47.25,46.25,47.099998474121094,11557797
2021-12-10,47.0,49.70000076293945,46.0,48.70000076293945,27993965
2021-12-13,49.400001525878906,49.400001525878906,47.5,47.70000076293945,11716916
2021-12-14,47.400001525878906,48.25,46.75,47.599998474121094,12875167
2021-12-15,47.349998474121094,47.75,46.650001525878906,46.79999923706055,7292034
2021-12-16,47.04999923706055,47.349998474121094,45.79999923706055,46.150001525878906,12278527
2021-12-17,46.45000076293945,46.45000076293945,43.79999923706055,44.099998474121094,13878295
2021-12-20,43.599998474121094,43.599998474121094,41.29999923706055,42.099998474121094,17020557
2021-12-21,42.400001525878906,43.5,42.099998474121094,42.400001525878906,12842329
2021-12-22,42.900001525878906,43.650001525878906,42.79999923706055,43.400001525878906,11271532
2021-12-23,43.95000076293945,45.099998474121094,43.20000076293945,44.5,14127180
2021-12-24,44.650001525878906,44.70000076293945,42.79999923706055,43.099998474121094,12289310
2021-12-27,43.0,43.70000076293945,42.20000076293945,42.95000076293945,10370624
2021-12-28,43.29999923706055,44.400001525878906,43.29999923706055,44.150001525878906,8569273
2021-12-29,44.0,44.650001525878906,43.25,43.54999923706055,9762897
2021-12-30,43.54999923706055,43.54999923706055,42.400001525878906,42.79999923706055,7913628
2021-12-31,42.79999923706055,43.650001525878906,42.75,43.400001525878906,5891714
2022-01-03,43.25,44.5,43.25,44.150001525878906,6779279
2022-01-04,44.400001525878906,44.900001525878906,43.849998474121094,44.349998474121094,7996686
2022-01-05,44.400001525878906,45.79999923706055,44.20000076293945,45.5,13514162
2022-01-06,45.0,46.900001525878906,44.650001525878906,46.20000076293945,12610965
2022-01-07,46.70000076293945,47.099998474121094,44.900001525878906,45.20000076293945,13642036
2022-01-10,45.20000076293945,46.400001525878906,45.20000076293945,46.0,8886265
2022-01-11,46.0,46.400001525878906,45.04999923706055,45.20000076293945,7096946
2022-01-12,45.5,46.29999923706055,45.25,45.45000076293945,5948174
2022-01-13,45.599998474121094,46.5,45.20000076293945,46.20000076293945,8807907
2022-01-14,45.95000076293945,46.29999923706055,44.29999923706055,45.599998474121094,6318622
2022-01-17,45.349998474121094,46.099998474121094,45.29999923706055,45.650001525878906,5209567
2022-01-18,45.70000076293945,45.900001525878906,44.400001525878906,44.599998474121094,7444273
2022-01-19,44.54999923706055,45.29999923706055,43.75,45.0,7964409
2022-01-20,44.900001525878906,45.5,44.599998474121094,44.95000076293945,6243982
2022-01-21,44.5,44.75,43.099998474121094,43.599998474121094,5563014
2022-01-24,43.599998474121094,43.75,41.349998474121094,42.150001525878906,10939047
2022-01-25,42.0,43.0,41.099998474121094,42.650001525878906,13703662
2022-01-27,42.25,47.099998474121094,42.099998474121094,46.45000076293945,28253174
2022-01-28,47.0,48.849998474121094,46.5,47.04999923706055,24510425
2022-01-31,47.95000076293945,48.20000076293945,46.79999923706055,47.400001525878906,13478101
2022-02-01,48.20000076293945,48.349998474121094,45.099998474121094,46.54999923706055,23883572
2022-02-02,46.900001525878906,50.150001525878906,46.849998474121094,49.79999923706055,33140602
2022-02-03,50.25,50.79999923706055,47.650001525878906,47.95000076293945,37000818
2022-02-04,48.20000076293945,48.95000076293945,47.349998474121094,48.0,20089680
2022-02-07,48.5,51.70000076293945,47.25,47.599998474121094,55308930
2022-02-08,48.25,48.5,46.099998474121094,47.70000076293945,26137028
2022-02-09,48.0,48.25,46.900001525878906,47.20000076293945,8614489
2022-02-10,47.5,47.849998474121094,46.150001525878906,47.150001525878906,13125342
2022-02-11,46.650001525878906,47.20000076293945,46.099998474121094,46.29999923706055,7388833
2022-02-14,44.79999923706055,44.79999923706055,42.349998474121094,42.849998474121094,17917107
2022-02-15,43.150001525878906,44.150001525878906,41.79999923706055,43.70000076293945,15325661
2022-02-16,44.25,45.349998474121094,43.70000076293945,44.29999923706055,11622107
2022-02-17,44.54999923706055,44.79999923706055,43.349998474121094,43.75,7029101
2022-02-18,43.5,44.29999923706055,43.150001525878906,43.349998474121094,8126653
2022-02-21,43.150001525878906,43.29999923706055,42.400001525878906,42.75,8091615
2022-02-22,41.79999923706055,42.0,39.29999923706055,40.900001525878906,19594131
2022-02-23,41.04999923706055,42.75,41.04999923706055,42.54999923706055,8400534
2022-02-24,40.0,40.79999923706055,37.849998474121094,38.5,22843381
2022-02-25,40.25,41.5,39.599998474121094,40.099998474121094,15186552
2022-02-28,39.900001525878906,40.400001525878906,39.400001525878906,40.150001525878906,8661724
2022-03-02,39.79999923706055,41.75,39.75,41.150001525878906,10443455
2022-03-03,41.900001525878906,42.0,41.0,41.20000076293945,8331095
2022-03-04,40.650001525878906,41.20000076293945,40.0,40.099998474121094,11858160
2022-03-07,39.04999923706055,39.45000076293945,37.900001525878906,38.0,11843665
2022-03-08,38.150001525878906,39.099998474121094,37.900001525878906,38.45000076293945,14231334
2022-03-09,39.04999923706055,39.849998474121094,38.75,39.599998474121094,11067837
2022-03-10,40.70000076293945,41.25,39.79999923706055,40.04999923706055,15279865
2022-03-11,39.849998474121094,40.400001525878906,39.54999923706055,39.900001525878906,11543413
2022-03-14,40.099998474121094,40.45000076293945,39.349998474121094,40.0,11338807
2022-03-15,40.20000076293945,40.54999923706055,39.45000076293945,39.54999923706055,9416196
2022-03-16,40.150001525878906,40.349998474121094,39.900001525878906,40.0,5394494
2022-03-17,40.599998474121094,40.849998474121094,39.79999923706055,39.95000076293945,12636897
2022-03-21,40.29999923706055,40.349998474121094,39.599998474121094,39.70000076293945,7307988
2022-03-22,39.79999923706055,39.900001525878906,38.900001525878906,39.0,12718277
2022-03-23,39.349998474121094,39.900001525878906,38.79999923706055,38.900001525878906,12262712
2022-03-24,38.70000076293945,39.0,38.400001525878906,38.45000076293945,9344649
2022-03-25,38.650001525878906,38.900001525878906,38.20000076293945,38.400001525878906,6491435
2022-03-28,38.70000076293945,38.70000076293945,37.45000076293945,38.099998474121094,10136006
2022-03-29,38.349998474121094,38.650001525878906,37.20000076293945,37.45000076293945,10251972
2022-03-30,38.099998474121094,39.349998474121094,37.900001525878906,38.849998474121094,12465024
2022-03-31,39.150001525878906,39.45000076293945,38.5,38.70000076293945,5916933
2022-04-01,38.79999923706055,41.25,38.5,41.099998474121094,14545312
2022-04-04,41.349998474121094,42.45000076293945,41.0,41.75,14137132
2022-04-05,42.099998474121094,43.75,41.650001525878906,43.400001525878906,17591609
2022-04-06,43.0,44.54999923706055,42.599998474121094,43.650001525878906,19325602
2022-04-07,43.95000076293945,44.849998474121094,42.650001525878906,42.900001525878906,21704194
2022-04-08,43.70000076293945,44.650001525878906,43.400001525878906,44.04999923706055,17566963
2022-04-11,44.25,44.5,43.25,43.45000076293945,10125713
2022-04-12,43.599998474121094,43.599998474121094,41.70000076293945,42.25,11628508
2022-04-13,42.599998474121094,42.849998474121094,41.900001525878906,42.0,7544379
2022-04-18,41.400001525878906,41.54999923706055,40.75,41.25,6782289
2022-04-19,41.400001525878906,42.29999923706055,40.599998474121094,41.29999923706055,7300267
2022-04-20,41.5,41.79999923706055,40.79999923706055,40.95000076293945,4714215
2022-04-21,41.45000076293945,41.70000076293945,40.70000076293945,40.95000076293945,5606083
2022-04-22,40.79999923706055,41.150001525878906,40.45000076293945,40.54999923706055,4183677
2022-04-25,40.20000076293945,40.29999923706055,39.54999923706055,39.900001525878906,5986629
2022-04-26,40.54999923706055,40.70000076293945,40.099998474121094,40.25,3972385
2022-04-27,40.5,40.599998474121094,39.45000076293945,39.650001525878906,7208267
2022-04-28,39.900001525878906,39.900001525878906,39.5,39.599998474121094,3352955
2022-04-29,39.75,40.099998474121094,37.79999923706055,38.099998474121094,13706773
2022-05-02,38.0,38.75,37.849998474121094,38.599998474121094,6516824
2022-05-04,38.75,39.0,37.0,37.349998474121094,8219778
2022-05-05,37.75,37.900001525878906,36.650001525878906,36.79999923706055,6002078
2022-05-06,36.29999923706055,37.45000076293945,35.54999923706055,35.70000076293945,12422004
2022-05-09,35.70000076293945,36.150001525878906,35.349998474121094,35.70000076293945,6352848
2022-05-10,35.70000076293945,36.5,35.70000076293945,36.04999923706055,6375913
2022-05-11,36.150001525878906,36.5,34.29999923706055,34.95000076293945,9800136
2022-05-12,34.70000076293945,34.75,33.5,33.75,7742862
2022-05-13,34.5,37.70000076293945,33.849998474121094,36.150001525878906,24779087
2022-05-16,36.5,37.25,36.29999923706055,36.95000076293945,8074357
2022-05-17,37.29999923706055,37.29999923706055,36.5,36.900001525878906,7333486
2022-05-18,37.150001525878906,37.650001525878906,36.5,36.70000076293945,8341984
2022-05-19,35.79999923706055,35.95000076293945,35.20000076293945,35.5,6567625
2022-05-20,36.04999923706055,36.29999923706055,35.79999923706055,36.04999923706055,5521850
2022-05-23,36.349998474121094,36.900001525878906,35.900001525878906,36.5,7135754
2022-05-24,36.599998474121094,36.900001525878906,36.20000076293945,36.400001525878906,5382065
2022-05-25,36.45000076293945,36.70000076293945,34.599998474121094,34.900001525878906,7306698
2022-05-26,35.150001525878906,35.75,34.5,35.599998474121094,6672032
2022-05-27,35.79999923706055,36.400001525878906,35.400001525878906,35.849998474121094,8000926
2022-05-30,36.400001525878906,38.150001525878906,36.150001525878906,37.900001525878906,13224020
2022-05-31,37.95000076293945,38.25,37.599998474121094,37.849998474121094,5852130
2022-06-01,37.79999923706055,39.0,37.75,38.75,9176682
2022-06-02,38.650001525878906,39.599998474121094,38.599998474121094,39.400001525878906,11025801
2022-06-03,39.79999923706055,40.0,37.849998474121094,38.54999923706055,11182231
2022-06-06,38.45000076293945,38.599998474121094,37.849998474121094,38.45000076293945,4908564
2022-06-07,38.25,38.95000076293945,38.099998474121094,38.650001525878906,5303384
2022-06-08,38.70000076293945,38.900001525878906,37.75,37.900001525878906,8997164
2022-06-09,37.79999923706055,38.099998474121094,37.5,37.95000076293945,4825726
2022-06-10,37.54999923706055,37.650001525878906,37.0,37.20000076293945,5720621
2022-06-13,36.5,36.599998474121094,36.150001525878906,36.400001525878906,4939037
2022-06-14,36.04999923706055,36.650001525878906,35.650001525878906,35.849998474121094,7379904
2022-06-15,35.900001525878906,36.25,35.849998474121094,36.0,3326496
2022-06-16,36.400001525878906,36.45000076293945,35.04999923706055,35.20000076293945,5446820
2022-06-17,35.20000076293945,37.25,34.599998474121094,35.70000076293945,21237573
2022-06-20,36.400001525878906,36.400001525878906,34.599998474121094,35.04999923706055,7044025
2022-06-21,35.29999923706055,36.400001525878906,35.20000076293945,36.099998474121094,5726066
2022-06-22,34.95000076293945,35.20000076293945,34.54999923706055,34.79999923706055,8006080
2022-06-23,34.650001525878906,35.099998474121094,34.29999923706055,34.849998474121094,5121326
2022-06-24,35.29999923706055,35.45000076293945,34.900001525878906,35.349998474121094,4004845
2022-06-27,35.900001525878906,36.0,34.650001525878906,34.900001525878906,4185152
2022-06-28,34.900001525878906,35.20000076293945,34.70000076293945,35.0,3681275
2022-06-29,34.75,34.75,34.20000076293945,34.400001525878906,4373239
2022-06-30,34.45000076293945,34.650001525878906,34.099998474121094,34.25,2829914
2022-07-01,34.400001525878906,34.650001525878906,34.0,34.5,2376699
2022-07-04,34.599998474121094,34.79999923706055,34.400001525878906,34.70000076293945,2467500
2022-07-05,35.0,35.20000076293945,34.5,34.599998474121094,3480020
2022-07-06,34.650001525878906,35.0,34.54999923706055,34.900001525878906,2204792
2022-07-07,35.0,36.20000076293945,35.0,35.900001525878906,10127478
2022-07-08,36.20000076293945,36.25,35.70000076293945,36.0,3827748
2022-07-11,35.900001525878906,36.79999923706055,35.75,36.54999923706055,5497565
2022-07-12,36.5,36.95000076293945,36.099998474121094,36.599998474121094,4233227
2022-07-13,36.79999923706055,37.70000076293945,36.70000076293945,37.25,6229552
2022-07-14,37.25,37.400001525878906,36.25,36.54999923706055,3889151
2022-07-15,36.599998474121094,36.75,36.0,36.5,3282166
2022-07-18,36.79999923706055,37.400001525878906,36.599998474121094,37.150001525878906,4455564
2022-07-19,37.0,38.0,36.900001525878906,37.900001525878906,6511715
2022-07-20,38.20000076293945,38.349998474121094,37.20000076293945,37.400001525878906,6067708
2022-07-21,37.5,38.54999923706055,37.400001525878906,38.150001525878906,10004534
2022-07-22,38.349998474121094,38.650001525878906,37.900001525878906,38.20000076293945,5372104
2022-07-25,38.25,38.45000076293945,37.5,37.95000076293945,3908147
2022-07-26,38.099998474121094,38.29999923706055,36.79999923706055,37.150001525878906,9554176
2022-07-27,37.349998474121094,37.849998474121094,37.0,37.650001525878906,5305168
2022-07-28,37.900001525878906,38.599998474121094,37.5,38.150001525878906,7383109
2022-07-29,38.349998474121094,38.79999923706055,37.95000076293945,38.20000076293945,5433102
2022-08-01,38.45000076293945,39.0,38.0,38.70000076293945,6828607
2022-08-02,38.70000076293945,40.400001525878906,38.54999923706055,39.650001525878906,16386463
2022-08-03,39.599998474121094,39.900001525878906,38.349998474121094,39.04999923706055,6896291
2022-08-04,39.25,39.599998474121094,38.400001525878906,38.75,6043811
2022-08-05,38.75,39.54999923706055,38.75,38.900001525878906,5705713
2022-08-08,38.900001525878906,39.349998474121094,38.650001525878906,38.79999923706055,3901650
2022-08-10,38.900001525878906,39.0,38.29999923706055,38.75,4590748
2022-08-11,39.099998474121094,40.29999923706055,39.0,40.0,12102681
2022-08-12,39.75,40.29999923706055,39.75,39.95000076293945,4702095
2022-08-16,40.20000076293945,40.45000076293945,40.0,40.20000076293945,4230367
2022-08-17,40.29999923706055,41.150001525878906,40.099998474121094,40.95000076293945,10153337
2022-08-18,40.95000076293945,41.650001525878906,40.75,41.29999923706055,8338863
2022-08-19,41.29999923706055,41.400001525878906,40.099998474121094,40.20000076293945,6328330
2022-08-22,40.0,40.20000076293945,39.25,39.45000076293945,3637981
2022-08-23,38.900001525878906,40.099998474121094,38.900001525878906,39.599998474121094,5249310
2022-08-24,39.54999923706055,40.70000076293945,39.5,40.45000076293945,5747431
2022-08-25,40.650001525878906,43.599998474121094,40.650001525878906,42.29999923706055,26491653
2022-08-26,42.70000076293945,43.70000076293945,42.400001525878906,42.54999923706055,16825391
2022-08-29,41.04999923706055,41.79999923706055,40.599998474121094,41.5,6264782
2022-08-30,41.79999923706055,42.5,41.75,42.349998474121094,6838028
2022-09-01,41.79999923706055,43.04999923706055,41.79999923706055,42.599998474121094,7065500
2022-09-02,42.79999923706055,42.95000076293945,42.099998474121094,42.5,5902975
2022-09-05,42.54999923706055,43.45000076293945,42.349998474121094,42.900001525878906,6105332
2022-09-06,43.150001525878906,43.400001525878906,42.150001525878906,42.45000076293945,11518479
2022-09-07,42.349998474121094,43.04999923706055,42.29999923706055,42.75,5202475
2022-09-08,43.0,43.75,42.95000076293945,43.45000076293945,9694190
2022-09-09,43.75,44.25,43.349998474121094,43.599998474121094,10182165
2022-09-12,43.849998474121094,45.400001525878906,43.650001525878906,45.150001525878906,20969073
2022-09-13,45.599998474121094,47.20000076293945,45.400001525878906,46.150001525878906,23092959
2022-09-14,45.25,46.45000076293945,45.0,46.0,15690298
2022-09-15,46.349998474121094,47.20000076293945,46.04999923706055,46.45000076293945,10413578
2022-09-16,46.54999923706055,46.79999923706055,44.54999923706055,46.25,18271524
2022-09-19,46.849998474121094,48.45000076293945,46.54999923706055,47.0,22344736
2022-09-20,47.45000076293945,48.400001525878906,47.099998474121094,47.349998474121094,9494154
2022-09-21,47.400001525878906,47.75,46.04999923706055,46.45000076293945,6718724
2022-09-22,46.29999923706055,47.0,45.20000076293945,45.70000076293945,10003804
2022-09-23,45.5,45.900001525878906,43.79999923706055,44.150001525878906,7492586
2022-09-26,43.5,43.54999923706055,42.099998474121094,42.349998474121094,9084401
2022-09-27,43.0,43.45000076293945,42.400001525878906,43.04999923706055,6320215
2022-09-28,42.5,42.900001525878906,41.900001525878906,42.150001525878906,4571399
2022-09-29,42.79999923706055,44.45000076293945,42.0,43.650001525878906,7324329
2022-09-30,43.70000076293945,44.849998474121094,43.0,44.650001525878906,8639047
2022-10-03,44.54999923706055,44.79999923706055,42.849998474121094,43.150001525878906,6607542
2022-10-04,44.099998474121094,44.650001525878906,43.95000076293945,44.54999923706055,4522225
2022-10-06,44.79999923706055,45.25,44.599998474121094,44.75,4376939
2022-10-07,44.79999923706055,44.79999923706055,44.0,44.599998474121094,3506067
2022-10-10,44.0,44.349998474121094,43.75,43.900001525878906,4315074
2022-10-11,44.04999923706055,44.150001525878906,42.75,43.0,4022583
2022-10-12,43.0,44.0,42.79999923706055,43.79999923706055,4179792
2022-10-13,43.599998474121094,43.849998474121094,42.79999923706055,43.04999923706055,2761557
2022-10-14,43.849998474121094,44.099998474121094,42.900001525878906,43.099998474121094,2638619
2022-10-17,43.099998474121094,44.20000076293945,42.599998474121094,43.95000076293945,5389780
2022-10-18,44.25,46.20000076293945,44.150001525878906,45.95000076293945,16359649
2022-10-19,46.20000076293945,46.79999923706055,45.79999923706055,46.20000076293945,9284004
2022-10-20,46.20000076293945,47.75,45.75,47.25,19902538
2022-10-21,47.54999923706055,49.54999923706055,47.5,49.150001525878906,35137683
2022-10-24,49.900001525878906,50.0,48.70000076293945,48.849998474121094,5041248
2022-10-25,48.900001525878906,52.5,48.5,51.650001525878906,33741205
2022-10-27,51.650001525878906,53.349998474121094,51.5,52.900001525878906,23468602
2022-10-28,53.45000076293945,54.099998474121094,52.849998474121094,53.650001525878906,22917657
2022-10-31,53.79999923706055,54.70000076293945,52.95000076293945,53.900001525878906,20844507
2022-11-01,54.20000076293945,55.20000076293945,52.20000076293945,52.599998474121094,17543556
2022-11-02,53.0,53.20000076293945,51.25,51.900001525878906,10868384
2022-11-03,51.400001525878906,54.099998474121094,51.20000076293945,53.900001525878906,15499173
2022-11-04,54.20000076293945,55.400001525878906,54.04999923706055,55.25,23762838
2022-11-07,56.0,59.150001525878906,56.0,58.54999923706055,36296784
2022-11-09,59.25,64.5,59.099998474121094,64.05000305175781,83690888
2022-11-10,65.0,67.5,64.05000305175781,66.8499984741211,79270287
2022-11-11,67.5,69.3499984741211,65.80000305175781,66.8499984741211,42272447
2022-11-14,66.75,66.75,64.30000305175781,64.75,19997049
2022-11-15,64.75,65.25,62.0,63.099998474121094,15990986
2022-11-16,63.54999923706055,67.30000305175781,63.150001525878906,66.05000305175781,31193345
2022-11-17,67.0,70.9000015258789,66.44999694824219,70.25,45850103
2022-11-18,71.0,74.44999694824219,70.9000015258789,73.9000015258789,62076139
2022-11-21,73.8499984741211,76.6500015258789,71.25,76.1500015258789,45266968
2022-11-22,76.69999694824219,78.3499984741211,75.55000305175781,76.75,37354719
2022-11-23,76.44999694824219,77.19999694824219,74.5999984741211,75.80000305175781,19946011
2022-11-24,75.80000305175781,79.19999694824219,75.80000305175781,78.5999984741211,29385079
2022-11-25,79.25,80.6500015258789,76.19999694824219,76.5,31513910
2022-11-28,77.0,79.75,76.6500015258789,79.44999694824219,23363903
2022-11-29,79.30000305175781,82.69999694824219,77.9000015258789,82.19999694824219,37047392
2022-11-30,81.8499984741211,83.69999694824219,79.80000305175781,81.6500015258789,26927919
2022-12-01,82.0999984741211,82.55000305175781,79.5999984741211,81.5,22969666
2022-12-02,81.30000305175781,82.4000015258789,80.9000015258789,82.05000305175781,14965784
2022-12-05,82.30000305175781,83.6500015258789,81.80000305175781,82.9000015258789,14006192
2022-12-06,82.9000015258789,89.80000305175781,82.6500015258789,88.1500015258789,58814030
2022-12-07,88.55000305175781,89.44999694824219,86.0999984741211,86.75,27700707
2022-12-08,86.75,89.4000015258789,85.0999984741211,88.5,33516963
2022-12-09,89.0,91.25,81.0,83.69999694824219,44709555
2022-12-12,83.5999984741211,88.3499984741211,82.69999694824219,87.5999984741211,27780706
2022-12-13,88.0999984741211,94.4000015258789,87.5,93.75,56779680
2022-12-14,94.4000015258789,96.4000015258789,90.80000305175781,94.30000305175781,59058653
2022-12-15,94.5,94.94999694824219,89.4000015258789,90.05000305175781,40573474
2022-12-16,90.0999984741211,90.0999984741211,84.0,84.69999694824219,36601861
2022-12-19,85.5,88.30000305175781,83.5,85.0999984741211,30515295
2022-12-20,85.0999984741211,85.8499984741211,82.5999984741211,83.8499984741211,20115261
2022-12-21,84.3499984741211,87.19999694824219,80.0999984741211,81.19999694824219,32448774
2022-12-22,81.5999984741211,83.0,75.19999694824219,76.1500015258789,39579007
2022-12-23,75.0,76.75,66.69999694824219,67.55000305175781,51880207
2022-12-26,68.5,81.05000305175781,68.05000305175781,80.25,75502824
2022-12-27,83.25,86.4000015258789,80.0999984741211,82.75,93290300
2022-12-28,82.75,83.44999694824219,77.94999694824219,79.4000015258789,60509346
2022-12-29,79.0,80.4000015258789,77.25,78.0,39390438
2022-12-30,80.19999694824219,81.5,79.5,80.4000015258789,35335762
2023-01-02,80.9000015258789,82.30000305175781,80.19999694824219,81.4000015258789,25652957
2023-01-03,81.69999694824219,83.5999984741211,81.5999984741211,82.25,20994008
2023-01-04,82.5,83.0999984741211,79.5999984741211,80.55000305175781,24618028
2023-01-05,81.0,81.80000305175781,79.30000305175781,80.5999984741211,18355266
2023-01-06,81.0,81.4000015258789,79.6500015258789,80.80000305175781,19809952
2023-01-09,81.5,82.5999984741211,80.5999984741211,81.0,15145300
2023-01-10,81.4000015258789,81.4000015258789,78.30000305175781,79.0999984741211,12580481
2023-01-11,79.5,79.69999694824219,77.3499984741211,78.44999694824219,16186993
2023-01-12,78.8499984741211,79.0,77.5999984741211,78.05000305175781,9106012
2023-01-13,78.44999694824219,80.19999694824219,77.8499984741211,78.75,12099047
2023-01-16,79.0999984741211,83.4000015258789,79.05000305175781,82.94999694824219,34760901
2023-01-17,83.5,83.80000305175781,79.80000305175781,81.44999694824219,22262142
2023-01-18,81.5,82.25,80.6500015258789,81.25,8064214
2023-01-19,80.9000015258789,82.25,80.5,81.5999984741211,8762013
2023-01-20,81.94999694824219,83.5,80.6500015258789,81.25,25750876
2023-01-23,82.5999984741211,83.44999694824219,80.9000015258789,81.5,11880967
2023-01-24,81.80000305175781,82.3499984741211,80.25,80.6500015258789,9090900
2023-01-25,80.44999694824219,80.44999694824219,77.5,78.4000015258789,11152007
2023-01-27,78.44999694824219,78.80000305175781,72.3499984741211,74.9000015258789,23963704
2023-01-30,74.19999694824219,77.30000305175781,72.25,75.05000305175781,16941004
2023-01-31,75.5,79.30000305175781,75.0,78.5,13742963
2023-02-01,79.19999694824219,79.69999694824219,70.9000015258789,73.94999694824219,18757195
2023-02-02,73.5999984741211,75.94999694824219,71.55000305175781,73.4000015258789,16806203
2023-02-03,73.9000015258789,74.9000015258789,70.69999694824219,73.9000015258789,19317133
2023-02-06,74.30000305175781,75.4000015258789,73.5,74.0,7331384
2023-02-07,74.25,74.4000015258789,72.8499984741211,73.25,6350775
2023-02-08,73.25,73.94999694824219,72.30000305175781,72.69999694824219,9312500
2023-02-09,72.69999694824219,73.6500015258789,71.4000015258789,72.55000305175781,8305455
2023-02-10,72.3499984741211,75.4000015258789,71.8499984741211,73.55000305175781,11809675
2023-02-13,73.9000015258789,74.0,70.9000015258789,71.5,6107111
2023-02-14,71.5,72.25,69.94999694824219,71.80000305175781,7112400
2023-02-15,71.69999694824219,72.69999694824219,71.0999984741211,72.19999694824219,6064470
2023-02-16,72.80000305175781,73.1500015258789,71.80000305175781,72.25,5460422
2023-02-17,71.6500015258789,71.75,70.55000305175781,70.9000015258789,4812342
2023-02-20,71.0,71.5999984741211,69.9000015258789,70.4000015258789,5267372
2023-02-21,70.5999984741211,70.8499984741211,69.1500015258789,69.55000305175781,7033623
2023-02-22,69.5,69.5,67.25,67.5999984741211,7708120
2023-02-23,67.30000305175781,68.5999984741211,66.44999694824219,68.0,9840051
2023-02-24,69.0999984741211,69.5,66.0,66.8499984741211,9881953
2023-02-27,66.69999694824219,67.0999984741211,65.3499984741211,66.44999694824219,10301884
2023-02-28,66.5,67.5999984741211,66.25,67.25,8770598
2023-03-01,67.19999694824219,68.4000015258789,66.9000015258789,67.30000305175781,19101022
2023-03-02,67.5,68.19999694824219,66.5999984741211,66.8499984741211,10632545
2023-03-03,67.55000305175781,73.0,67.55000305175781,72.4000015258789,42879581
2023-03-06,74.0,75.5999984741211,71.25,72.19999694824219,22288338
2023-03-08,71.25,73.6500015258789,70.6500015258789,73.4000015258789,13937593
2023-03-09,73.44999694824219,73.9000015258789,71.75,72.25,8344489
2023-03-10,71.4000015258789,71.4000015258789,69.69999694824219,70.55000305175781,7850068
2023-03-13,70.69999694824219,71.44999694824219,68.69999694824219,69.25,9150800
2023-03-14,69.0,69.5999984741211,65.69999694824219,66.19999694824219,15393042
2023-03-15,67.5,68.30000305175781,65.0999984741211,65.5999984741211,10953046
2023-03-16,65.0,65.4000015258789,63.5,64.5,16875112
2023-03-17,65.69999694824219,65.94999694824219,63.79999923706055,64.80000305175781,11370395
2023-03-20,64.80000305175781,64.8499984741211,63.150001525878906,63.5,7812349
2023-03-21,64.0,65.19999694824219,63.349998474121094,64.94999694824219,8182952
2023-03-22,65.30000305175781,66.8499984741211,65.05000305175781,65.80000305175781,8929519
2023-03-23,65.5,66.0,64.19999694824219,64.6500015258789,5884352
2023-03-24,65.0,65.80000305175781,62.54999923706055,63.400001525878906,9123250
2023-03-27,63.5,63.849998474121094,61.54999923706055,62.04999923706055,5844197
2023-03-28,62.150001525878906,63.0,60.349998474121094,61.599998474121094,9337592
2023-03-29,61.650001525878906,67.75,61.29999923706055,66.4000015258789,14462638
2023-03-31,66.80000305175781,67.30000305175781,65.3499984741211,66.55000305175781,11553787
2023-04-03,67.0,68.25,66.30000305175781,67.75,7272184
2023-04-05,67.80000305175781,68.19999694824219,67.0,67.30000305175781,5029902
2023-04-06,67.1500015258789,68.4000015258789,66.75,67.05000305175781,8148079
2023-04-10,67.25,68.1500015258789,66.4000015258789,66.5999984741211,6371937
2023-04-11,67.19999694824219,69.69999694824219,67.19999694824219,68.1500015258789,10300941
2023-04-12,68.4000015258789,68.6500015258789,67.25,67.5999984741211,5664983
2023-04-13,67.75,70.5,67.30000305175781,69.69999694824219,9997908
2023-04-17,69.69999694824219,73.5,69.0999984741211,73.0,18712652
2023-04-18,73.55000305175781,74.30000305175781,73.05000305175781,73.5,12300623
2023-04-19,73.5,74.5999984741211,72.0,72.55000305175781,7243726
2023-04-20,72.75,73.3499984741211,72.0,72.3499984741211,4512900
2023-04-21,72.5,72.55000305175781,70.9000015258789,71.30000305175781,5189228
2023-04-24,71.4000015258789,73.9000015258789,70.8499984741211,73.55000305175781,10861575
2023-04-25,74.0999984741211,75.19999694824219,73.4000015258789,73.8499984741211,11071640
2023-04-26,73.80000305175781,75.19999694824219,73.25,74.9000015258789,9494184
2023-04-27,75.0,75.19999694824219,73.9000015258789,74.19999694824219,7673542
2023-04-28,74.75,76.3499984741211,74.44999694824219,75.8499984741211,13167053
2023-05-02,76.9000015258789,77.5999984741211,76.30000305175781,76.5,8828494
2023-05-03,76.44999694824219,76.44999694824219,74.80000305175781,75.75,8091935
2023-05-04,76.44999694824219,77.75,76.0999984741211,77.4000015258789,9015582
2023-05-05,77.3499984741211,78.80000305175781,76.0999984741211,76.4000015258789,11070348
2023-05-08,77.4000015258789,77.8499984741211,73.30000305175781,73.9000015258789,23789710
2023-05-09,74.5,75.0,71.80000305175781,72.0999984741211,12031576
2023-05-10,72.3499984741211,72.55000305175781,69.8499984741211,70.4000015258789,12785182
2023-05-11,71.19999694824219,71.5,70.05000305175781,70.44999694824219,8268739
2023-05-12,70.44999694824219,71.9000015258789,70.05000305175781,71.44999694824219,7808656
2023-05-15,71.5999984741211,71.69999694824219,70.0999984741211,70.75,10968146
2023-05-16,71.0999984741211,72.55000305175781,70.9000015258789,71.5999984741211,10603016
2023-05-17,71.5999984741211,72.30000305175781,70.25,70.9000015258789,7036039
2023-05-18,71.19999694824219,71.69999694824219,69.8499984741211,70.1500015258789,5239576
2023-05-19,70.30000305175781,70.5,68.55000305175781,69.3499984741211,8150331
2023-05-22,69.69999694824219,70.4000015258789,69.1500015258789,70.05000305175781,5180924
2023-05-23,70.3499984741211,70.5999984741211,69.4000015258789,69.69999694824219,6368803
2023-05-24,69.5,69.8499984741211,68.75,68.94999694824219,4951645
2023-05-25,68.69999694824219,69.5999984741211,68.4000015258789,69.30000305175781,5129844
2023-05-26,69.5999984741211,70.44999694824219,69.44999694824219,70.0,7051829
2023-05-29,70.69999694824219,70.80000305175781,70.05000305175781,70.30000305175781,5386723
2023-05-30,70.30000305175781,70.75,69.69999694824219,70.4000015258789,4888748
2023-05-31,70.19999694824219,71.4000015258789,69.55000305175781,71.0999984741211,6505613
2023-06-01,71.1500015258789,72.80000305175781,71.1500015258789,72.30000305175781,9756887
2023-06-02,72.9000015258789,73.1500015258789,72.5,72.75,4655629
2023-06-05,73.19999694824219,73.44999694824219,72.5,72.5999984741211,3763231
2023-06-06,72.6500015258789,72.9000015258789,71.69999694824219,72.1500015258789,4019159
2023-06-07,72.30000305175781,72.94999694824219,72.1500015258789,72.3499984741211,4184188
2023-06-08,72.55000305175781,73.3499984741211,71.44999694824219,71.75,5500883
2023-06-09,71.9000015258789,72.44999694824219,71.4000015258789,71.75,3901894
2023-06-12,72.0,72.0,71.19999694824219,71.69999694824219,2745575
2023-06-13,71.9000015258789,72.4000015258789,71.5999984741211,72.25,4163026
2023-06-14,72.5,72.8499984741211,71.75,72.0,3998517
2023-06-15,72.0999984741211,72.55000305175781,70.05000305175781,70.25,7582805
2023-06-16,70.5,71.44999694824219,70.19999694824219,71.0999984741211,5355664
2023-06-19,71.4000015258789,72.5999984741211,71.0999984741211,71.5,8534369
2023-06-20,71.6500015258789,72.0,70.25,70.8499984741211,7743663
2023-06-21,71.25,71.4000015258789,70.55000305175781,70.8499984741211,7172125
2023-06-22,70.9000015258789,70.94999694824219,69.9000015258789,70.0999984741211,5203774
2023-06-23,70.0999984741211,70.19999694824219,68.69999694824219,68.94999694824219,6488512
2023-06-26,69.30000305175781,69.5,68.0,68.6500015258789,6867933
2023-06-27,68.5,70.6500015258789,68.5,70.44999694824219,7755255
2023-06-28,71.0,71.69999694824219,70.44999694824219,70.69999694824219,7865818
2023-06-30,71.0,72.44999694824219,70.80000305175781,72.25,11659457
2023-07-03,72.5999984741211,75.0999984741211,72.4000015258789,74.9000015258789,22272363
2023-07-04,75.30000305175781,76.80000305175781,73.8499984741211,76.19999694824219,27416664
2023-07-05,76.5999984741211,77.8499984741211,75.75,77.6500015258789,20655728
2023-07-06,77.94999694824219,80.0,77.6500015258789,79.69999694824219,23749021
2023-07-07,80.0,80.5999984741211,77.75,80.0,20767845
2023-07-10,80.75,82.3499984741211,80.19999694824219,81.0,20617893
2023-07-11,81.69999694824219,81.69999694824219,80.19999694824219,81.1500015258789,10323498
2023-07-12,81.4000015258789,83.19999694824219,81.19999694824219,82.30000305175781,17419443
2023-07-13,82.75,83.05000305175781,80.0,80.8499984741211,12726536
2023-07-14,81.19999694824219,81.94999694824219,79.8499984741211,81.05000305175781,10255348
2023-07-17,81.3499984741211,83.4000015258789,80.9000015258789,83.0,13874597
2023-07-18,83.69999694824219,83.9000015258789,82.1500015258789,83.0,14187072
2023-07-19,83.30000305175781,85.25,82.69999694824219,85.05000305175781,16700982
2023-07-20,85.5,87.9000015258789,85.19999694824219,86.9000015258789,26873883
2023-07-21,90.25,91.3499984741211,88.94999694824219,90.3499984741211,48387543
2023-07-24,91.0,94.30000305175781,87.5,88.6500015258789,43369893
2023-07-25,89.05000305175781,90.3499984741211,86.75,88.0,15738771
2023-07-26,88.94999694824219,91.44999694824219,88.30000305175781,91.0,17846155
2023-07-27,91.69999694824219,93.0,91.3499984741211,92.0999984741211,14558449
2023-07-28,89.80000305175781,91.30000305175781,89.0999984741211,90.05000305175781,18739779
2023-07-31,90.5,90.55000305175781,88.30000305175781,89.0,17234812
2023-08-01,89.55000305175781,90.19999694824219,88.75,89.75,8751116
2023-08-02,89.30000305175781,90.8499984741211,86.19999694824219,87.8499984741211,16356175
2023-08-03,87.4000015258789,88.44999694824219,86.5,87.30000305175781,8078389
2023-08-04,87.69999694824219,88.6500015258789,87.19999694824219,88.1500015258789,8098556
2023-08-07,88.25,88.55000305175781,86.0,86.30000305175781,5459401
2023-08-08,86.5,90.5,86.30000305175781,90.0999984741211,13499013
2023-08-09,90.5,91.9000015258789,89.30000305175781,91.0999984741211,17284442
2023-08-10,91.0999984741211,91.5,89.0999984741211,89.8499984741211,9426252
2023-08-11,90.25,93.4000015258789,89.6500015258789,91.4000015258789,24402526
2023-08-14,91.9000015258789,92.69999694824219,89.0,92.19999694824219,15336240
2023-08-16,92.0,95.1500015258789,91.05000305175781,93.8499984741211,25319449
2023-08-17,94.25,96.25,93.6500015258789,94.5,19145161
2023-08-18,94.5,96.80000305175781,92.8499984741211,94.5,18562544
2023-08-21,94.75,94.75,91.5,91.80000305175781,11633369
2023-08-22,92.44999694824219,93.1500015258789,89.6500015258789,90.0,17433183
2023-08-23,90.6500015258789,93.0,89.69999694824219,92.4000015258789,18751524
2023-08-24,93.3499984741211,93.75,91.0,91.30000305175781,10348927
2023-08-25,91.30000305175781,91.30000305175781,89.0,89.5,9844071
2023-08-28,90.25,92.5,90.0999984741211,92.05000305175781,9775352
2023-08-29,91.5,91.5,85.0,86.25,73344683
2023-08-30,87.44999694824219,87.94999694824219,86.55000305175781,86.94999694824219,18744214
2023-08-31,87.0,87.5,85.5,85.9000015258789,13659955
2023-09-01,85.9000015258789,86.5999984741211,84.8499984741211,86.0999984741211,23952482
2023-09-04,86.9000015258789,88.30000305175781,86.5999984741211,88.0999984741211,23395499
2023-09-05,88.80000305175781,90.3499984741211,88.5999984741211,89.8499984741211,28099135
2023-09-06,90.30000305175781,90.3499984741211,87.75,88.0,12354854
2023-09-07,88.3499984741211,89.30000305175781,88.0999984741211,88.75,9238847
2023-09-08,89.0999984741211,89.4000015258789,87.80000305175781,88.0999984741211,12663533
2023-09-11,88.94999694824219,90.30000305175781,88.6500015258789,89.75,27680357
2023-09-12,90.94999694824219,93.19999694824219,87.05000305175781,87.5999984741211,33841583
2023-09-13,88.5,91.19999694824219,86.69999694824219,90.5,31757883
2023-09-14,91.9000015258789,94.94999694824219,91.3499984741211,94.5,72888682
2023-09-15,95.5999984741211,98.19999694824219,95.0,96.0999984741211,99069052
2023-09-18,96.9000015258789,100.6500015258789,96.25,98.9000015258789,131476651
2023-09-20,98.9000015258789,102.80000305175781,98.0,99.5999984741211,72274128
2023-09-21,100.0,101.30000305175781,95.5,96.4000015258789,52993911
2023-09-22,97.5,102.9000015258789,97.5,101.8499984741211,92167212
2023-09-25,103.0,104.30000305175781,99.8499984741211,102.05000305175781,45748823
2023-09-26,102.25,102.8499984741211,99.1500015258789,99.69999694824219,31727799
2023-09-27,100.05000305175781,103.4000015258789,99.5999984741211,102.4000015258789,38039844
2023-09-28,102.80000305175781,104.94999694824219,101.5,102.5,47139306
2023-09-29,102.9000015258789,107.0,102.9000015258789,106.30000305175781,45883301
2023-10-03,106.9000015258789,112.6500015258789,106.5,112.0999984741211,54476348
2023-10-04,112.0999984741211,113.3499984741211,103.4000015258789,108.44999694824219,57302610
2023-10-05,109.19999694824219,111.4000015258789,104.19999694824219,105.5,42364355
2023-10-06,105.69999694824219,107.5999984741211,103.75,105.30000305175781,25813134
2023-10-09,102.5,103.75,99.0,99.3499984741211,33400853
2023-10-10,101.0,104.69999694824219,100.80000305175781,104.1500015258789,23803904
2023-10-11,105.0,105.8499984741211,103.5,104.0999984741211,18507914
2023-10-12,104.9000015258789,105.4000015258789,103.19999694824219,103.80000305175781,13892071
2023-10-13,103.0999984741211,104.0999984741211,102.5999984741211,102.9000015258789,14614632
2023-10-16,103.19999694824219,106.0999984741211,102.9000015258789,105.05000305175781,18681567
2023-10-17,106.0,106.5999984741211,104.5,105.3499984741211,14025820
2023-10-18,105.5999984741211,105.69999694824219,101.4000015258789,102.1500015258789,13345912
2023-10-19,102.0,102.8499984741211,100.80000305175781,102.5,11787202
2023-10-20,102.5,104.0,100.0999984741211,101.1500015258789,14709256
2023-10-23,101.55000305175781,102.0,93.0,95.0,29890296
2023-10-25,96.69999694824219,99.19999694824219,93.80000305175781,95.0999984741211,30434337
2023-10-26,95.1500015258789,95.5,91.25,94.75,20883382
2023-10-27,96.1500015258789,101.6500015258789,96.0,99.9000015258789,32310058
2023-10-30,101.30000305175781,104.5,99.1500015258789,99.69999694824219,32368940
2023-10-31,101.19999694824219,103.5999984741211,101.05000305175781,101.5999984741211,26692147
2023-11-01,102.0,104.4000015258789,100.55000305175781,103.25,24198194
2023-11-02,104.80000305175781,106.5,104.1500015258789,105.8499984741211,28172342
2023-11-03,106.5,106.75,104.05000305175781,104.5,12041882
2023-11-06,105.5999984741211,105.80000305175781,103.5,103.8499984741211,9368161
2023-11-07,103.8499984741211,105.3499984741211,103.05000305175781,104.8499984741211,14018306
2023-11-08,105.30000305175781,105.4000015258789,103.6500015258789,103.94999694824219,13363461
2023-11-09,104.30000305175781,104.5999984741211,103.0999984741211,103.94999694824219,10424368
2023-11-10,103.69999694824219,104.30000305175781,102.69999694824219,104.0,7759750
2023-11-13,104.30000305175781,112.6500015258789,103.9000015258789,112.0,55306838
2023-11-15,113.5,116.0,111.5999984741211,112.5999984741211,37833489
2023-11-16,112.69999694824219,112.75,109.5999984741211,110.30000305175781,16349925
2023-11-17,109.4000015258789,109.4000015258789,105.75,108.6500015258789,23593164
2023-11-20,108.6500015258789,111.44999694824219,108.0,108.30000305175781,14988918
2023-11-21,110.0,110.3499984741211,107.9000015258789,109.5,11767774
2023-11-22,109.5,109.69999694824219,105.80000305175781,106.6500015258789,12094255
2023-11-23,106.9000015258789,107.30000305175781,105.5,106.0999984741211,9202339
2023-11-24,107.0,108.6500015258789,106.5,106.94999694824219,10524311
2023-11-28,107.44999694824219,109.9000015258789,106.5999984741211,108.19999694824219,14394577
2023-11-29,109.0999984741211,111.9000015258789,109.0999984741211,110.30000305175781,23355610
2023-11-30,110.05000305175781,110.19999694824219,107.44999694824219,107.8499984741211,16707894
2023-12-01,108.5,110.69999694824219,107.6500015258789,108.80000305175781,20204953
2023-12-04,112.25,114.9000015258789,112.05000305175781,114.19999694824219,44134018
2023-12-05,114.80000305175781,117.9000015258789,114.0,114.5999984741211,33498381
2023-12-06,115.80000305175781,118.5,112.44999694824219,117.19999694824219,36097019
2023-12-07,117.55000305175781,118.0,114.9000015258789,116.5999984741211,22636562
2023-12-08,116.80000305175781,117.69999694824219,115.30000305175781,117.1500015258789,17952489
2023-12-11,117.75,120.8499984741211,117.5,120.19999694824219,24053871
2023-12-12,121.0,124.80000305175781,120.9000015258789,122.5999984741211,33413850
2023-12-13,123.0,123.30000305175781,119.4000015258789,121.80000305175781,21772175
2023-12-14,123.80000305175781,124.55000305175781,121.8499984741211,123.6500015258789,15736169
2023-12-15,124.0,129.39999389648438,122.69999694824219,128.3000030517578,39463828
2023-12-18,127.9000015258789,127.9000015258789,122.5999984741211,123.0999984741211,32148228
2023-12-19,123.9000015258789,124.4000015258789,120.8499984741211,122.25,18919618
2023-12-20,122.94999694824219,124.19999694824219,115.8499984741211,116.44999694824219,24393889
2023-12-21,115.05000305175781,119.1500015258789,112.5999984741211,118.55000305175781,16148701
2023-12-22,119.25,120.0,116.9000015258789,118.25,11610568
2023-12-26,118.9000015258789,118.9000015258789,116.69999694824219,117.1500015258789,7968782
2023-12-27,117.80000305175781,120.1500015258789,117.30000305175781,119.05000305175781,12995015
2023-12-28,119.6500015258789,121.5,117.0,117.80000305175781,17861879
2023-12-29,118.5999984741211,119.75,117.5999984741211,119.0999984741211,10246266
2024-01-01,119.6500015258789,121.5,119.0999984741211,120.75,8090321
2024-01-02,121.4000015258789,123.75,120.0,120.9000015258789,15399801
2024-01-03,121.05000305175781,123.55000305175781,120.25,123.05000305175781,13474009
2024-01-04,123.5999984741211,125.0,123.4000015258789,124.05000305175781,16066005
2024-01-05,124.3499984741211,125.55000305175781,123.3499984741211,124.1500015258789,12856589
2024-01-08,125.1500015258789,125.5999984741211,121.80000305175781,122.55000305175781,12122073
2024-01-09,123.19999694824219,124.19999694824219,122.25,122.8499984741211,8045492
2024-01-10,122.80000305175781,124.0,121.75,123.4000015258789,8604396
2024-01-11,124.30000305175781,124.75,123.5,124.44999694824219,7312380
2024-01-12,125.0,132.5,124.3499984741211,131.1999969482422,42620166
2024-01-15,132.6999969482422,135.75,132.5,134.10000610351562,25866683
2024-01-16,134.9499969482422,140.1999969482422,133.5,135.9499969482422,30974573
2024-01-17,134.5,135.35000610351562,130.9499969482422,131.9499969482422,23673815
2024-01-18,130.8000030517578,133.85000610351562,128.10000610351562,132.9499969482422,21609345
2024-01-19,134.64999389648438,137.39999389648438,131.25,135.89999389648438,29183335
2024-01-23,145.0,145.25,135.4499969482422,139.9499969482422,42032631
2024-01-24,139.1999969482422,143.10000610351562,135.0500030517578,142.85000610351562,25283547
2024-01-25,143.1999969482422,144.39999389648438,139.60000610351562,140.35000610351562,14886698
2024-01-29,141.0,145.0,140.9499969482422,142.10000610351562,15534613
2024-01-30,141.0,144.5,140.0500030517578,141.0,23496983
2024-01-31,141.25,141.5500030517578,139.10000610351562,139.85000610351562,21053555
2024-02-01,140.89999389648438,146.89999389648438,139.6999969482422,144.60000610351562,41841032
2024-02-02,146.1999969482422,152.4499969482422,146.14999389648438,148.8000030517578,38195913
2024-02-05,149.85000610351562,155.35000610351562,145.8000030517578,146.75,35858580
2024-02-06,148.0,149.4499969482422,144.1999969482422,144.9499969482422,18584278
2024-02-07,147.0,150.1999969482422,145.1999969482422,146.64999389648438,20366561
2024-02-08,148.39999389648438,153.9499969482422,147.6999969482422,149.4499969482422,36435011
2024-02-09,150.0,151.0,141.14999389648438,148.85000610351562,29123961
2024-02-12,150.0,150.0500030517578,138.1999969482422,139.75,22342661
2024-02-13,141.60000610351562,145.85000610351562,135.39999389648438,136.14999389648438,33817049
2024-02-14,134.0,139.75,132.60000610351562,139.0500030517578,28323626
2024-02-15,140.8000030517578,146.5,140.14999389648438,145.75,32155272
2024-02-16,147.85000610351562,149.5,143.6999969482422,144.6999969482422,28730074
2024-02-19,145.0,145.4499969482422,140.60000610351562,141.14999389648438,19834182
2024-02-20,142.39999389648438,145.0,140.8000030517578,141.10000610351562,20767191
2024-02-21,146.6999969482422,150.8000030517578,144.14999389648438,145.10000610351562,58178774
2024-02-22,146.4499969482422,147.9499969482422,142.10000610351562,147.3000030517578,24062941
2024-02-23,149.1999969482422,149.1999969482422,145.10000610351562,145.89999389648438,18645495
2024-02-26,145.0,148.64999389648438,144.25,147.14999389648438,21337245
2024-02-27,148.0,148.10000610351562,143.85000610351562,146.10000610351562,19010674
2024-02-28,143.0,143.64999389648438,138.85000610351562,140.85000610351562,44713845
2024-02-29,141.1999969482422,150.8000030517578,138.9499969482422,146.3000030517578,227287955
2024-03-01,146.9499969482422,147.6999969482422,145.3000030517578,146.6999969482422,17073718
2024-03-04,148.8000030517578,150.39999389648438,147.25,148.85000610351562,18755485
2024-03-05,148.85000610351562,158.6999969482422,147.85000610351562,157.89999389648438,63767342
2024-03-06,158.0,158.60000610351562,153.0,155.0,27499978
2024-03-07,155.9499969482422,161.89999389648438,153.64999389648438,157.35000610351562,28694977
2024-03-11,158.14999389648438,160.85000610351562,152.75,153.75,19818827
2024-03-12,154.39999389648438,155.4499969482422,148.0,150.39999389648438,22173988
2024-03-13,151.5,153.0,139.5,141.5500030517578,27124015
2024-03-14,139.5,144.4499969482422,138.10000610351562,143.64999389648438,19666323
2024-03-15,143.89999389648438,150.5,137.6999969482422,148.0,24676537
2024-03-18,149.0,154.0,146.39999389648438,153.25,16880446
2024-03-19,152.85000610351562,155.35000610351562,148.14999389648438,149.14999389648438,13193308
2024-03-20,149.14999389648438,150.3000030517578,143.8000030517578,144.64999389648438,14794112
2024-03-21,146.89999389648438,149.25,146.14999389648438,146.8000030517578,9946607
2024-03-22,148.5,150.85000610351562,147.60000610351562,148.10000610351562,18104178
2024-03-26,148.10000610351562,150.85000610351562,146.6999969482422,150.0,10248530
2024-03-27,150.35000610351562,151.9499969482422,148.6999969482422,151.1999969482422,11982782
2024-03-28,152.0,154.1999969482422,151.25,153.5,11097927
2024-04-01,154.5,157.0,154.10000610351562,156.75,8727492
2024-04-02,156.60000610351562,158.1999969482422,155.60000610351562,156.8000030517578,8622393
2024-04-03,157.0,158.1999969482422,155.0,157.5,13943614
2024-04-04,159.14999389648438,160.14999389648438,157.10000610351562,159.10000610351562,15754706
2024-04-05,159.14999389648438,163.1999969482422,158.10000610351562,160.1999969482422,19219975
2024-04-08,158.0,159.39999389648438,154.10000610351562,155.0,17595394
2024-04-09,155.89999389648438,156.5,151.0,151.4499969482422,15084804
2024-04-10,151.85000610351562,152.1999969482422,149.85000610351562,150.89999389648438,17948422
2024-04-12,151.0,153.35000610351562,149.0,149.1999969482422,16088871
2024-04-15,145.0,147.1999969482422,143.39999389648438,145.3000030517578,15095810
2024-04-16,144.14999389648438,146.5,142.85000610351562,143.25,11737571
2024-04-18,144.3000030517578,146.89999389648438,141.35000610351562,142.5500030517578,11659346
2024-04-19,140.60000610351562,141.75,138.10000610351562,140.6999969482422,16570593
2024-04-22,142.6999969482422,152.0,142.6999969482422,150.60000610351562,27745626
2024-04-23,151.64999389648438,152.10000610351562,146.1999969482422,146.89999389648438,18952074
2024-04-24,148.3000030517578,148.9499969482422,146.5,147.10000610351562,8377083
2024-04-25,147.5,151.0,146.75,150.0,17834511
2024-04-26,151.5,153.3000030517578,150.3000030517578,150.89999389648438,14002368
2024-04-29,152.0,157.0,151.85000610351562,156.75,23970707
2024-04-30,157.0,157.0,153.25,154.1999969482422,16033285
2024-05-02,155.0,155.6999969482422,153.8000030517578,154.64999389648438,8371301
2024-05-03,155.60000610351562,156.0,149.4499969482422,152.5,13310526
2024-05-06,154.0,154.1999969482422,145.0,147.6999969482422,17264861
2024-05-07,150.0,150.0,140.8000030517578,141.8000030517578,20164121
2024-05-08,142.5,145.8000030517578,140.85000610351562,144.10000610351562,16847052
2024-05-09,145.0,147.10000610351562,140.8000030517578,142.10000610351562,14936492
2024-05-10,143.1999969482422,143.9499969482422,137.5500030517578,142.0,16412431
2024-05-13,138.9499969482422,139.39999389648438,130.35000610351562,136.39999389648438,33666442
2024-05-14,137.85000610351562,137.9499969482422,133.39999389648438,133.64999389648438,17206316
2024-05-15,135.10000610351562,140.60000610351562,134.8000030517578,138.9499969482422,19140585
2024-05-16,139.8000030517578,143.35000610351562,138.85000610351562,140.6999969482422,16210090
2024-05-17,140.6999969482422,141.14999389648438,139.0,139.14999389648438,11480094
2024-05-21,141.39999389648438,143.75,139.25,142.75,16455024
2024-05-22,143.89999389648438,149.5500030517578,143.5,148.1999969482422,29496408
2024-05-23,149.0,153.0,148.9499969482422,152.60000610351562,18477670
2024-05-24,152.0,157.0,151.1999969482422,156.5,31907317
2024-05-27,157.1999969482422,161.8000030517578,156.14999389648438,160.0,26988783
2024-05-28,159.1999969482422,160.39999389648438,151.0,157.89999389648438,23175943
2024-05-29,155.85000610351562,158.75,154.5,155.0,11401297
2024-05-30,154.75,156.6999969482422,151.75,152.60000610351562,11542863
2024-05-31,153.1999969482422,161.60000610351562,149.0,160.14999389648438,76445028
2024-06-03,168.0,172.5,163.89999389648438,170.0,37182648
2024-06-04,169.89999389648438,169.89999389648438,136.0,139.0,58454122
2024-06-05,142.0500030517578,143.6999969482422,129.5500030517578,140.9499969482422,39006751
2024-06-06,144.75,149.89999389648438,143.0500030517578,144.5500030517578,23237245
2024-06-07,147.0,150.75,145.64999389648438,146.4499969482422,17894835
2024-06-10,148.0,151.0,146.5,147.22000122070312,16860939
2024-06-11,148.14999389648438,148.3000030517578,145.3000030517578,146.3000030517578,16386567
2024-06-12,147.0,148.8000030517578,146.58999633789062,147.3800048828125,16530250
2024-06-13,148.80999755859375,149.13999938964844,145.75999450683594,146.24000549316406,10014371
2024-06-14,146.5399932861328,147.85000610351562,144.85000610351562,147.5500030517578,8892430
2024-06-18,148.60000610351562,148.6199951171875,146.35000610351562,147.0500030517578,8014001
2024-06-19,147.64999389648438,149.10000610351562,145.3000030517578,147.25,9434557
2024-06-20,147.85000610351562,148.94000244140625,145.0,145.91000366210938,11132479
2024-06-21,147.39999389648438,147.49000549316406,144.75,146.94000244140625,12066820
2024-06-24,142.10000610351562,145.0,141.00999450683594,141.49000549316406,19720757
2024-06-25,142.5,143.25,139.5,140.2100067138672,14819259
2024-06-26,140.60000610351562,141.41000366210938,138.85000610351562,140.47000122070312,17100052
2024-06-27,140.47000122070312,140.47000122070312,137.25,138.38999938964844,15516200
2024-06-28,138.89999389648438,141.3000030517578,136.3800048828125,136.69000244140625,17791152
2024-07-01,137.38999938964844,137.39999389648438,135.0,135.39999389648438,15752734
2024-07-02,135.89999389648438,136.9499969482422,133.5,134.11000061035156,13862976
2024-07-03,135.0500030517578,136.89999389648438,134.5500030517578,136.17999267578125,11382619
2024-07-04,137.0500030517578,137.25999450683594,134.89999389648438,135.92999267578125,9703546
2024-07-05,135.5,137.1999969482422,135.1999969482422,135.72999572753906,9751722
2024-07-08,135.0,135.8000030517578,133.0,133.24000549316406,10139728
2024-07-09,133.8699951171875,140.7899932861328,133.61000061035156,139.77999877929688,24150550
2024-07-10,140.3000030517578,141.07000732421875,135.85000610351562,138.3699951171875,10287227
2024-07-11,139.3000030517578,139.4499969482422,136.0,136.77999877929688,9215193
2024-07-12,136.5,139.0500030517578,135.8000030517578,136.11000061035156,9543098
2024-07-15,136.5,141.0,135.39999389648438,139.17999267578125,22327366
2024-07-16,140.17999267578125,142.74000549316406,139.00999450683594,139.64999389648438,13617156
2024-07-18,140.0,141.8000030517578,139.0399932861328,139.8000030517578,14015928
2024-07-19,137.0,137.39999389648438,135.10000610351562,135.64999389648438,9426470
2024-07-22,134.64999389648438,138.9600067138672,133.50999450683594,136.1699981689453,12569391
2024-07-23,136.97999572753906,137.17999267578125,129.10000610351562,134.72999572753906,12529462
2024-07-24,134.00999450683594,136.35000610351562,133.4499969482422,134.52000427246094,8709147
2024-07-25,133.8800048828125,133.8800048828125,131.66000366210938,132.02999877929688,9428228
2024-07-26,132.3000030517578,133.35000610351562,130.82000732421875,132.8699951171875,8580365
2024-07-29,134.25,137.1199951171875,134.25,136.86000061035156,15178338
2024-07-30,136.5,137.4600067138672,134.64999389648438,134.89999389648438,11787457
2024-07-31,135.25,135.5,134.11000061035156,134.8000030517578,7821311
2024-08-01,135.69000244140625,136.08999633789062,134.39999389648438,135.25999450683594,7500594
2024-08-02,134.3000030517578,134.39999389648438,131.7899932861328,133.27000427246094,8343959
2024-08-05,129.5,129.83999633789062,125.18000030517578,125.7300033569336,22510832
2024-08-06,127.0,128.5,122.05999755859375,122.7300033569336,10663265
2024-08-07,125.0,125.44000244140625,120.83999633789062,122.16999816894531,17701548
2024-08-08,122.80000305175781,124.75,120.0999984741211,120.4000015258789,12293949
2024-08-09,122.3499984741211,123.37000274658203,121.2300033569336,123.0199966430664,10893251
2024-08-12,122.51000213623047,122.87999725341797,120.30999755859375,121.56999969482422,12166477
2024-08-13,122.0,122.33000183105469,119.0199966430664,119.37000274658203,12424537
2024-08-14,119.5,119.91999816894531,116.30000305175781,116.69999694824219,14750576
2024-08-16,117.73999786376953,118.94000244140625,116.69999694824219,117.52999877929688,8032926
2024-08-19,118.51000213623047,121.19000244140625,118.20999908447266,120.19000244140625,8738303
2024-08-20,121.41999816894531,127.0,120.0199966430664,125.55999755859375,18480067
2024-08-21,126.0,126.25,124.05000305175781,124.86000061035156,6350192
2024-08-22,125.4000015258789,128.0,124.87000274658203,127.68000030517578,10170504
2024-08-23,127.69999694824219,128.02000427246094,125.87000274658203,127.08000183105469,7380835
2024-08-26,127.0999984741211,127.75,124.19999694824219,124.55999755859375,9410059
2024-08-27,124.80000305175781,125.37000274658203,123.9000015258789,124.52999877929688,5719506
2024-08-28,124.58999633789062,125.25,122.91000366210938,123.33999633789062,6711889
2024-08-29,123.33999633789062,123.79000091552734,121.4000015258789,123.2300033569336,9647527
2024-08-30,123.8499984741211,125.38999938964844,121.0999984741211,121.54000091552734,13015776
2024-09-02,122.48999786376953,123.4000015258789,120.51000213623047,122.41999816894531,9080218
2024-09-03,122.94999694824219,123.44999694824219,121.4800033569336,122.54000091552734,8543755
2024-09-04,120.0,122.6500015258789,120.0,122.05999755859375,7475894
2024-09-05,122.9800033569336,123.62000274658203,122.0,122.9800033569336,5827144
2024-09-06,122.94999694824219,123.51000213623047,120.51000213623047,121.19999694824219,7379080
2024-09-09,120.51000213623047,120.9000015258789,117.11000061035156,120.08000183105469,12913331
2024-09-10,121.55000305175781,123.0,120.68000030517578,121.18000030517578,6293832
2024-09-11,121.0,121.27999877929688,117.25,117.55999755859375,6913248
2024-09-12,119.19000244140625,121.4000015258789,117.80000305175781,118.20999908447266,7510455
2024-09-13,118.98999786376953,121.75,118.0,120.19000244140625,11548234
2024-09-16,122.80000305175781,127.30000305175781,121.69999694824219,123.20999908447266,27066741
2024-09-17,123.22000122070312,124.4800033569336,121.83000183105469,124.12999725341797,9509474
2024-09-18,124.0,124.30000305175781,122.29000091552734,122.98999786376953,6371039
2024-09-19,123.3499984741211,123.88999938964844,119.30000305175781,122.62000274658203,9388649
2024-09-20,122.80000305175781,125.5,122.80000305175781,123.43000030517578,14117339
2024-09-23,124.4000015258789,127.94999694824219,122.5199966430664,127.37000274658203,16543781
2024-09-24,128.10000610351562,128.5,126.55999755859375,127.30000305175781,10044990
2024-09-25,129.0,129.0,125.66999816894531,127.0,9163939
2024-09-26,126.5,127.55000305175781,124.62000274658203,126.95999908447266,8084395
2024-09-27,127.4000015258789,127.55000305175781,121.47000122070312,123.51000213623047,31323568
2024-09-30,123.19999694824219,123.9000015258789,122.19999694824219,122.7699966430664,12931210
2024-10-01,122.55999755859375,123.63999938964844,121.5,121.86000061035156,4801876
2024-10-03,120.0,121.22000122070312,118.7300033569336,118.9800033569336,10929576
2024-10-04,118.5,120.86000061035156,116.7300033569336,118.86000061035156,13145222
2024-10-07,119.44999694824219,120.19000244140625,112.58999633789062,114.04000091552734,13576169
2024-10-08,113.51000213623047,114.9000015258789,112.9000015258789,114.55999755859375,7239203
2024-10-09,115.4000015258789,117.73999786376953,114.55999755859375,114.80000305175781,6626406
2024-10-10,115.30000305175781,116.23999786376953,113.70999908447266,114.01000213623047,4773755
2024-10-11,114.05000305175781,114.6500015258789,113.25,114.12000274658203,5448535
2024-10-14,114.44999694824219,116.44999694824219,113.33999633789062,114.05000305175781,10010655
2024-10-15,114.5999984741211,115.37999725341797,112.19999694824219,113.19000244140625,9770330
2024-10-16,113.18000030517578,114.3499984741211,111.72000122070312,111.95999908447266,9657072
2024-10-17,112.45999908447266,113.83000183105469,110.69999694824219,111.52999877929688,10159094
2024-10-18,111.16000366210938,114.2699966430664,110.2699966430664,112.22000122070312,11285455
2024-10-21,112.6500015258789,114.11000061035156,111.19999694824219,111.66000366210938,8437712
2024-10-22,113.19999694824219,113.19999694824219,108.30999755859375,109.23999786376953,17168854
2024-10-23,109.5,111.43000030517578,106.9000015258789,109.3499984741211,12706619
2024-10-24,109.3499984741211,111.77999877929688,108.0999984741211,110.2699966430664,8549338
2024-10-25,110.44999694824219,110.7699966430664,106.68000030517578,108.23999786376953,8890099
2024-10-28,108.79000091552734,113.47000122070312,108.16000366210938,112.87000274658203,10326648
2024-10-29,112.87000274658203,116.19999694824219,111.56999969482422,115.93000030517578,9796225
2024-10-30,115.93000030517578,118.69999694824219,114.88999938964844,116.68000030517578,9785179
2024-10-31,116.41999816894531,118.19999694824219,115.62000274658203,117.16999816894531,5161468
2024-11-01,118.0,118.0999984741211,117.5999984741211,117.8499984741211,1174904
2024-11-04,118.69999694824219,118.69999694824219,113.16000366210938,115.97000122070312,10185394
2024-11-05,115.94000244140625,118.4000015258789,114.88999938964844,117.37999725341797,7204485
2024-11-06,118.16999816894531,121.63999938964844,117.72000122070312,120.80999755859375,11111457
2024-11-07,120.80999755859375,122.41000366210938,119.8499984741211,120.06999969482422,6601342
2024-11-08,120.62000274658203,120.69999694824219,116.63999938964844,117.5199966430664,7220742
2024-11-11,117.5,119.63999938964844,116.05000305175781,119.1500015258789,7359808
2024-11-12,119.16000366210938,120.63999938964844,117.80000305175781,119.0,7092442
2024-11-13,117.5999984741211,117.8499984741211,114.70999908447266,115.66000366210938,8694315
2024-11-14,115.66000366210938,117.63999938964844,113.25,113.9000015258789,6290516
2024-11-18,114.0,116.0,112.0,115.18000030517578,6674880
2024-11-19,115.18000030517578,117.79000091552734,115.0999984741211,116.0199966430664,5367834
2024-11-21,115.5,115.83000183105469,112.33999633789062,115.22000122070312,9168096
2024-11-22,115.27999877929688,116.88999938964844,114.80999755859375,115.04000091552734,7863396
2024-11-25,117.08999633789062,121.33999633789062,117.08999633789062,119.79000091552734,17624755
2024-11-26,119.9000015258789,121.6500015258789,119.36000061035156,121.4000015258789,6930332
2024-11-27,122.44000244140625,123.5,120.23999786376953,122.87999725341797,7535056
2024-11-28,122.94999694824219,124.18000030517578,121.05000305175781,121.69000244140625,11913462
2024-11-29,122.69999694824219,126.19999694824219,121.05000305175781,121.62000274658203,23869952
2024-12-02,122.0,122.25,119.41000366210938,119.7300033569336,9218004
2024-12-03,120.8499984741211,126.5,120.56999969482422,126.05999755859375,28256395
2024-12-04,126.69999694824219,128.99000549316406,125.5,128.3300018310547,21643686
2024-12-05,128.99000549316406,129.27000427246094,126.01000213623047,127.80000305175781,10374429
2024-12-06,128.3000030517578,130.89999389648438,126.77999877929688,128.91000366210938,15783081
2024-12-09,128.24000549316406,130.61000061035156,128.00999450683594,129.25999450683594,11039235
2024-12-10,129.25999450683594,130.8000030517578,128.8699951171875,129.47999572753906,10584386
2024-12-11,129.5,129.99000549316406,128.10000610351562,129.19000244140625,8160003
2024-12-12,129.0,129.77000427246094,128.22000122070312,128.8800048828125,6457421
2024-12-13,128.5500030517578,129.0,123.83999633789062,127.25,10915461
2024-12-16,127.30999755859375,129.39999389648438,126.80000305175781,128.89999389648438,8082405
2024-12-17,128.47999572753906,129.25,124.4800033569336,125.08000183105469,8041026
2024-12-18,124.87999725341797,125.36000061035156,122.5,122.87000274658203,8626232
2024-12-19,119.98999786376953,122.4000015258789,119.11000061035156,121.0,8500346
2024-12-20,120.69999694824219,121.62999725341797,116.0999984741211,116.77999877929688,12508798
2024-12-23,117.19000244140625,119.62999725341797,115.8499984741211,119.25,10487387
2024-12-24,118.7300033569336,119.58999633789062,117.0,118.16000366210938,5092612
2024-12-26,118.19999694824219,120.56999969482422,118.19999694824219,119.05000305175781,6728140
2024-12-27,118.80000305175781,119.52999877929688,117.5999984741211,117.87000274658203,2936157
2024-12-30,117.8499984741211,121.33000183105469,117.13999938964844,118.93000030517578,34622127
2024-12-31,117.9800033569336,120.81999969482422,117.41999816894531,120.37000274658203,7304645
2025-01-01,120.0,124.08000183105469,119.44999694824219,123.05999755859375,8788317
2025-01-02,123.6500015258789,123.80000305175781,118.0999984741211,121.41000366210938,14864682
2025-01-03,122.5999984741211,126.8499984741211,122.23999786376953,124.05999755859375,17615033
2025-01-06,123.80999755859375,123.80999755859375,113.70999908447266,114.72000122070312,52447693
2025-01-07,114.73999786376953,115.80000305175781,112.55999755859375,112.80999755859375,15013620
2025-01-08,113.0,113.41000366210938,110.25,111.12000274658203,11406449
2025-01-09,111.2300033569336,111.69999694824219,107.7699966430664,108.05999755859375,10705000
2025-01-10,107.11000061035156,108.05000305175781,103.0999984741211,103.62000274658203,19105349
2025-01-13,102.4000015258789,104.58999633789062,100.80999755859375,101.25,18743777
2025-01-14,101.75,104.87000274658203,101.70999908447266,104.08000183105469,17767397
2025-01-15,105.0999984741211,107.0,104.25,106.08999633789062,12714514
2025-01-16,108.0,111.38999938964844,107.55999755859375,109.93000030517578,19433784
2025-01-17,109.0999984741211,109.58000183105469,108.0,108.69999694824219,6345591
2025-01-20,109.5,112.44999694824219,108.70999908447266,111.62999725341797,12915935
2025-01-21,112.5,112.5999984741211,109.0999984741211,109.52999877929688,8077443
2025-01-22,109.93000030517578,110.63999938964844,107.95999908447266,110.0,9893570
2025-01-23,109.70999908447266,110.5999984741211,108.58000183105469,109.69999694824219,5207678
2025-01-24,109.91999816894531,110.0,106.5,107.30000305175781,5216313
2025-01-27,106.75,106.9800033569336,104.47000122070312,105.58999633789062,8933863
2025-01-28,109.11000061035156,113.13999938964844,108.01000213623047,110.56999969482422,44234897
2025-01-29,112.0,113.73999786376953,110.29000091552734,112.54000091552734,11886270
2025-01-30,112.55000305175781,113.72000122070312,110.80999755859375,111.05000305175781,7962048
2025-01-31,111.3499984741211,115.80000305175781,111.0999984741211,115.48999786376953,12849018
2025-02-01,115.80000305175781,116.79000091552734,111.19999694824219,112.44000244140625,8892952
2025-02-03,111.20999908447266,111.51000213623047,108.37000274658203,109.1500015258789,7636353
2025-02-04,110.44999694824219,114.0999984741211,110.27999877929688,113.87999725341797,10610648
2025-02-05,116.55000305175781,120.0,116.12999725341797,119.22000122070312,32829349
2025-02-06,121.0,121.0,118.37000274658203,119.37000274658203,10048273
2025-02-07,119.0,121.87000274658203,117.48999786376953,117.8499984741211,14207366
2025-02-10,117.8499984741211,118.05000305175781,114.29000091552734,114.8499984741211,5737779
2025-02-11,115.0,115.97000122070312,110.05000305175781,110.61000061035156,13399832
2025-02-12,111.4000015258789,115.38999938964844,109.30000305175781,114.9800033569336,20452128
2025-02-13,115.19999694824219,115.80000305175781,112.5999984741211,113.0199966430664,7964717
2025-02-14,113.51000213623047,114.0,108.20999908447266,109.44000244140625,8407342
2025-02-17,109.7699966430664,109.7699966430664,106.62999725341797,109.01000213623047,7460353
2025-02-18,108.5,109.98999786376953,106.69000244140625,109.7300033569336,9400830
2025-02-19,109.38999938964844,115.30000305175781,107.86000061035156,114.91999816894531,14871033
2025-02-20,114.0,118.0,113.26000213623047,117.08000183105469,11571444
2025-02-21,116.25,117.6500015258789,114.5,115.68000030517578,11773517
2025-02-24,114.5999984741211,117.66999816894531,114.01000213623047,117.30000305175781,7889355
2025-02-25,117.76000213623047,118.0,115.01000213623047,116.29000091552734,7251739
2025-02-27,116.75,117.69999694824219,114.30000305175781,115.12999725341797,8237385
2025-02-28,114.29000091552734,114.55000305175781,110.0199966430664,112.0999984741211,15250390
2025-03-03,112.0999984741211,113.37000274658203,107.91000366210938,109.06999969482422,7583589
2025-03-04,108.0,113.9000015258789,107.5999984741211,112.66999816894531,14949162
2025-03-05,112.66999816894531,116.87999725341797,112.45999908447266,115.97000122070312,11020030
2025-03-06,117.91000366210938,118.25,116.44999694824219,116.9000015258789,5960499
2025-03-07,116.80000305175781,118.0,116.48999786376953,117.77999877929688,6559818
2025-03-10,117.41000366210938,118.76000213623047,112.8499984741211,114.18000030517578,7313320
2025-03-11,113.16999816894531,115.38999938964844,112.4000015258789,114.8499984741211,6465246
2025-03-12,115.69999694824219,115.69999694824219,112.61000061035156,113.5999984741211,6991957
2025-03-13,114.0,115.4000015258789,112.98999786376953,113.69999694824219,5896494
2025-03-17,114.36000061035156,114.69999694824219,112.16999816894531,112.54000091552734,4665767
2025-03-18,112.54000091552734,112.54000091552734,112.54000091552734,112.54000091552734,0
2025-03-19,118.0,120.0999984741211,117.72000122070312,119.68000030517578,8683377
2025-03-20,120.0,120.87999725341797,118.3499984741211,119.19000244140625,5536428
2025-03-21,119.4000015258789,123.0,119.26000213623047,122.5199966430664,14086531
2025-03-24,124.0,127.95999908447266,123.5199966430664,127.45999908447266,13638740
2025-03-25,128.35000610351562,128.58999633789062,122.33999633789062,123.36000061035156,15698193
2025-03-26,123.37000274658203,124.5,119.8499984741211,120.20999908447266,9343771
2025-03-27,120.30000305175781,125.54000091552734,119.66000366210938,124.20999908447266,53997400
2025-03-28,124.58999633789062,128.14999389648438,124.58999633789062,126.18000030517578,14157702
2025-04-01,124.25,125.83999633789062,123.1500015258789,124.77999877929688,13543667
2025-04-02,124.83999633789062,127.88999938964844,122.29000091552734,127.30999755859375,12062536
2025-04-03,126.16000366210938,132.88999938964844,126.0,131.2899932861328,24054870
2025-04-04,131.5,132.72000122070312,120.6500015258789,122.11000061035156,29824780
2025-04-07,113.80000305175781,119.27999877929688,112.5199966430664,117.93000030517578,13443609
2025-04-08,122.48999786376953,122.55999755859375,117.95999908447266,120.83999633789062,12048353
2025-04-09,120.75,121.44000244140625,115.5,116.75,10608142
2025-04-11,118.5999984741211,120.55000305175781,117.3499984741211,117.83000183105469,9947989
2025-04-15,120.12000274658203,122.68000030517578,119.5,122.4000015258789,8748156
2025-04-16,122.5999984741211,127.6500015258789,122.25,127.26000213623047,13803591
2025-04-17,127.0999984741211,127.8499984741211,125.1500015258789,126.58999633789062,8986202
2025-04-21,126.58999633789062,129.89999389648438,126.4000015258789,128.63999938964844,11910446
2025-04-22,130.10000610351562,130.8000030517578,126.8499984741211,127.93000030517578,23475105
2025-04-23,128.50999450683594,129.5,125.0999984741211,129.3000030517578,22310801
2025-04-24,129.2899932861328,130.19000244140625,127.5999984741211,128.52000427246094,9411382
2025-04-25,128.52000427246094,129.4499969482422,122.77999877929688,124.94000244140625,13496266
2025-04-28,125.12000274658203,129.4499969482422,124.55999755859375,128.5500030517578,8705644
2025-04-29,129.75,131.5,127.43000030517578,128.3699951171875,12465070
2025-04-30,128.10000610351562,128.10000610351562,125.11000061035156,125.77999877929688,8664857
2025-05-02,125.77999877929688,127.80000305175781,125.0999984741211,126.0,4681069
2025-05-05,125.05000305175781,126.98999786376953,125.01000213623047,126.20999908447266,4539265
2025-05-06,126.05999755859375,126.23999786376953,117.69999694824219,118.22000122070312,12230597
2025-05-07,117.0,122.0,116.8499984741211,118.47000122070312,12872742
2025-05-08,120.0,120.30000305175781,114.5,115.58000183105469,14324015
2025-05-09,115.0,123.4800033569336,114.51000213623047,122.9000015258789,62927788
2025-05-12,126.0,128.60000610351562,125.9000015258789,128.11000061035156,19027370
2025-05-13,128.11000061035156,131.85000610351562,127.36000061035156,130.77000427246094,25555763
2025-05-14,131.11000061035156,135.16000366210938,131.11000061035156,134.92999267578125,23675242
2025-05-15,134.8000030517578,134.8000030517578,131.77999877929688,132.1699981689453,14066035
2025-05-16,132.89999389648438,134.0800018310547,132.1199951171875,133.02000427246094,7500019
2025-05-19,134.35000610351562,139.3000030517578,132.39999389648438,136.97000122070312,23666872
2025-05-20,138.2899932861328,140.0,137.52999877929688,138.44000244140625,27060156
2025-05-21,138.3000030517578,140.64999389648438,137.33999633789062,139.4600067138672,14748770
2025-05-22,137.5,140.5,137.5,139.94000244140625,11038050
2025-05-23,139.5,141.60000610351562,139.5,140.42999267578125,13812756
2025-05-26,140.5,141.5500030517578,139.25,140.41000366210938,9018108
2025-05-27,140.0,141.3000030517578,138.89999389648438,141.08999633789062,8673950
2025-05-28,140.11000061035156,143.38999938964844,140.11000061035156,143.02000427246094,11359310
2025-05-29,143.89999389648438,143.99000549316406,140.14999389648438,141.11000061035156,5582187
2025-05-30,141.25,147.89999389648438,140.47000122070312,146.7899932861328,31496993
2025-06-02,149.0,154.38999938964844,148.0,153.1699981689453,36376375
2025-06-03,153.5,158.64999389648438,151.0,151.63999938964844,38496702
2025-06-04,152.0,154.1199951171875,149.1199951171875,153.14999389648438,17580356
2025-06-05,153.77999877929688,154.35000610351562,151.3800048828125,152.5500030517578,8518868
2025-06-06,153.6999969482422,155.38999938964844,149.47999572753906,153.27999877929688,22446550
2025-06-09,153.94000244140625,158.07000732421875,153.5500030517578,155.38999938964844,11992732
2025-06-10,155.44000244140625,155.8699951171875,153.0,154.30999755859375,7508565
2025-06-11,155.0,155.10000610351562,151.39999389648438,152.82000732421875,8389032
2025-06-12,153.47000122070312,153.5,150.0,150.5,8903203
2025-06-13,145.0,148.61000061035156,145.0,146.24000549316406,8319533
2025-06-16,146.24000549316406,147.2100067138672,143.32000732421875,146.97000122070312,7916581
2025-06-17,147.11000061035156,148.4199981689453,144.5,144.9600067138672,6045765
2025-06-18,144.9600067138672,145.9499969482422,143.3300018310547,144.1199951171875,6855826
2025-06-19,143.1999969482422,143.88999938964844,138.32000732421875,139.67999267578125,11149993
2025-06-20,139.5500030517578,145.3000030517578,139.5500030517578,143.47999572753906,14071542
2025-06-23,141.5,144.36000061035156,141.5,142.83999633789062,5731153
2025-06-24,145.0,148.77999877929688,144.94000244140625,147.08999633789062,13483665
2025-06-25,146.5,147.3000030517578,143.9199981689453,144.3000030517578,10013520
2025-06-26,145.8000030517578,148.5,144.25999450683594,148.1199951171875,10113786
2025-06-27,148.5,151.89999389648438,147.63999938964844,149.05999755859375,14926048
2025-06-30,149.94000244140625,155.0,149.50999450683594,153.60000610351562,21423582
2025-07-01,153.41000366210938,155.39999389648438,150.64999389648438,154.63999938964844,16061426
2025-07-02,154.63999938964844,155.89999389648438,152.0500030517578,153.38999938964844,8256586
2025-07-03,153.39999389648438,154.39999389648438,150.36000061035156,151.58999633789062,7183438
2025-07-04,151.97000122070312,153.6999969482422,151.36000061035156,153.08999633789062,9090399
2025-07-07,152.52999877929688,154.58999633789062,151.4499969482422,152.1699981689453,7350311
2025-07-08,151.64999389648438,153.42999267578125,148.91000366210938,150.25,9262309
2025-07-09,147.85000610351562,147.85000610351562,141.5399932861328,144.58999633789062,30348078
2025-07-10,145.0,145.58999633789062,143.27999877929688,143.86000061035156,7844092
2025-07-11,143.86000061035156,145.86000061035156,142.89999389648438,143.74000549316406,9203997
2025-07-14,143.82000732421875,147.42999267578125,143.82000732421875,147.00999450683594,16965783
2025-07-15,147.00999450683594,147.97999572753906,145.72000122070312,146.22999572753906,9051503
2025-07-16,146.9499969482422,149.60000610351562,146.1199951171875,148.33999633789062,13996500
2025-07-17,148.6999969482422,148.88999938964844,144.85000610351562,146.30999755859375,15581196
2025-07-18,146.8000030517578,148.60000610351562,145.32000732421875,146.4600067138672,12337028
2025-07-21,145.5,145.72999572753906,141.0,142.63999938964844,21670211
2025-07-22,144.4499969482422,145.4499969482422,142.60000610351562,142.92999267578125,12875505
2025-07-23,143.64999389648438,144.10000610351562,141.60000610351562,143.3800048828125,10270092
2025-07-24,144.75,145.4499969482422,142.6300048828125,144.97000122070312,12270864
2025-07-25,139.8000030517578,141.85000610351562,135.9499969482422,136.22000122070312,15840295
2025-07-28,136.0,137.0500030517578,133.10000610351562,133.44000244140625,13546810
2025-07-29,132.33999633789062,133.69000244140625,130.92999267578125,132.72999572753906,15736006
2025-07-30,132.82000732421875,133.88999938964844,130.5500030517578,130.75999450683594,10561917
2025-07-31,129.0,132.60000610351562,128.0,130.9600067138672,13135375
2025-08-01,130.9600067138672,131.4499969482422,127.80000305175781,128.10000610351562,9784214
2025-08-04,128.6199951171875,129.42999267578125,127.13999938964844,129.0399932861328,12083279
2025-08-05,128.89999389648438,129.8699951171875,127.18000030517578,127.9800033569336,14449850
2025-08-06,128.14999389648438,131.6300048828125,127.80999755859375,131.02000427246094,11985730
2025-08-07,130.0,132.8000030517578,129.63999938964844,132.4499969482422,12184697
2025-08-08,132.0,132.5500030517578,130.5,130.97999572753906,6249295
2025-08-11,131.0,134.9600067138672,130.97999572753906,134.77999877929688,10231895
2025-08-12,135.4499969482422,137.0,134.9600067138672,135.5399932861328,8579446
2025-08-13,136.0,136.94000244140625,134.80999755859375,135.69000244140625,6376913
2025-08-14,136.0,136.47999572753906,134.1199951171875,134.83999633789062,5981897
2025-08-18,136.86000061035156,137.6300048828125,134.89999389648438,135.7899932861328,10435748
2025-08-19,135.8000030517578,137.75,133.7100067138672,137.52999877929688,8218045
2025-08-20,137.02000427246094,138.2899932861328,136.41000366210938,136.91000366210938,7029534
2025-08-21,137.0,138.5500030517578,136.3000030517578,136.52999877929688,6917659
2025-08-22,136.5800018310547,138.22000122070312,134.60000610351562,134.75999450683594,7284576
2025-08-25,134.77000427246094,136.0,132.8300018310547,133.0399932861328,6493537
2025-08-26,133.0,133.0,128.94000244140625,129.6699981689453,13481767
2025-08-28,129.5800018310547,129.5800018310547,126.80000305175781,127.08000183105469,7294298
2025-08-29,127.44999694824219,128.1999969482422,124.63999938964844,124.81999969482422,13165024
2025-09-01,125.5,128.39999389648438,125.5,128.16000366210938,5838935
2025-09-02,128.50999450683594,129.41000366210938,127.2300033569336,127.66000366210938,4004275
2025-09-03,128.0,128.89999389648438,127.58000183105469,128.4600067138672,6926587
2025-09-04,129.75,130.58999633789062,126.62999725341797,126.83000183105469,7510587
2025-09-05,126.9800033569336,128.16000366210938,125.44999694824219,127.33999633789062,8063176
2025-09-08,127.73999786376953,129.0500030517578,127.0999984741211,128.0500030517578,2609891
2025-09-09,128.08999633789062,128.49000549316406,126.61000061035156,127.23999786376953,6435657
2025-09-10,127.9000015258789,132.89999389648438,127.87000274658203,132.50999450683594,17944307
2025-09-11,132.9499969482422,136.47999572753906,132.5500030517578,133.72000122070312,10910360
2025-09-12,134.3000030517578,134.3000030517578,132.82000732421875,133.8800048828125,5580149
2025-09-15,133.8800048828125,135.11000061035156,132.5,134.63999938964844,8200837
2025-09-16,134.9499969482422,135.07000732421875,133.0,134.2899932861328,6948055
2025-09-17,134.5,138.4499969482422,134.0,137.02999877929688,15301909
2025-09-18,137.41000366210938,138.36000061035156,135.3000030517578,136.58999633789062,12767032
2025-09-19,136.8000030517578,141.22999572753906,136.52000427246094,140.3000030517578,23479611
2025-09-22,140.35000610351562,141.55999755859375,138.3300018310547,138.80999755859375,7478022
2025-09-23,138.80999755859375,141.33999633789062,137.11000061035156,140.1999969482422,7618679
2025-09-24,140.60000610351562,141.6300048828125,138.77000427246094,139.1699981689453,9872466
2025-09-25,139.19000244140625,140.1999969482422,137.82000732421875,138.77000427246094,6552575
2025-09-26,138.5500030517578,138.6999969482422,133.89999389648438,134.0800018310547,8038715
2025-09-29,134.2899932861328,136.8300018310547,134.25999450683594,135.39999389648438,8531659
2025-09-30,135.88999938964844,139.14999389648438,135.67999267578125,138.50999450683594,9260926
2025-10-01,139.19000244140625,140.10000610351562,136.39999389648438,138.75,8641300
2025-10-03,138.77999877929688,140.4499969482422,135.2899932861328,137.7100067138672,11964819
2025-10-06,137.6999969482422,138.25,135.3000030517578,136.67999267578125,10215425
2025-10-07,137.0,139.14999389648438,136.75,138.5399932861328,8128536
2025-10-08,139.25,139.25,135.72000122070312,136.02000427246094,7718941
2025-10-09,136.64999389648438,139.35000610351562,136.14999389648438,137.8300018310547,7305339
2025-10-10,137.89999389648438,140.17999267578125,137.52000427246094,139.27000427246094,7959876
2025-10-13,139.27000427246094,141.0,136.91000366210938,139.89999389648438,8108286
2025-10-14,140.10000610351562,140.33999633789062,136.74000549316406,137.0,6987798
2025-10-15,137.24000549316406,140.39999389648438,137.13999938964844,139.44000244140625,6780170
2025-10-16,140.0,140.75,138.0,138.80999755859375,5116871
2025-10-17,138.80999755859375,139.0800018310547,135.8000030517578,136.69000244140625,7584213
2025-10-20,137.69000244140625,142.8000030517578,137.49000549316406,141.3300018310547,18095188
2025-10-21,142.0,142.52000427246094,141.10000610351562,141.66000366210938,2539060
2025-10-23,142.0,145.0,142.0,142.85000610351562,12272542
2025-10-24,142.7100067138672,144.0,140.8000030517578,141.77000427246094,5680097
2025-10-27,142.47999572753906,146.1999969482422,141.64999389648438,144.9600067138672,10145527
2025-10-28,145.89999389648438,147.72999572753906,144.6999969482422,147.07000732421875,15194370
2025-10-29,148.0,148.22999572753906,145.3699951171875,146.1199951171875,7276992
2025-10-30,146.39999389648438,150.8000030517578,140.8000030517578,142.32000732421875,37275551
2025-10-31,143.27000427246094,152.0,142.86000061035156,148.6699981689453,63642549
2025-11-03,149.0,152.75,148.9499969482422,150.8800048828125,23971441
2025-11-04,151.89999389648438,152.64999389648438,150.25,151.5399932861328,14622442
2025-11-06,152.5800018310547,152.5800018310547,149.60000610351562,150.14999389648438,10296779
2025-11-07,149.10000610351562,153.66000366210938,147.8000030517578,153.3000030517578,14462530
2025-11-10,153.97999572753906,155.4199981689453,152.3000030517578,154.24000549316406,13758440
2025-11-11,154.24000549316406,154.6199951171875,150.32000732421875,152.6199951171875,11291018
2025-11-12,153.25999450683594,156.75,152.50999450683594,156.2899932861328,12015875
2025-11-13,157.0500030517578,157.39999389648438,151.41000366210938,151.89999389648438,19743581
2025-11-14,151.75999450683594,153.74000549316406,151.52999877929688,152.75999450683594,8855570
2025-11-17,153.75,156.05999755859375,153.39999389648438,154.0800018310547,9495126
2025-11-18,154.07000732421875,154.74000549316406,152.39999389648438,153.11000061035156,5855016
2025-11-19,153.3000030517578,154.99000549316406,152.00999450683594,154.47999572753906,9710597
2025-11-20,155.10000610351562,156.60000610351562,152.6999969482422,153.19000244140625,6033517
2025-11-21,153.0,153.02000427246094,149.61000061035156,150.88999938964844,8113297
2025-11-24,150.9499969482422,152.60000610351562,150.50999450683594,150.99000549316406,10621635
2025-11-25,151.0,153.2100067138672,151.0,152.85000610351562,5133754
2025-11-26,153.85000610351562,157.50999450683594,153.39999389648438,155.39999389648438,16804200
2025-11-27,155.88999938964844,155.88999938964844,153.10000610351562,154.27999877929688,6095060
2025-11-28,154.0,154.75,152.2100067138672,153.27000427246094,7664117
2025-12-01,154.0,156.0,153.16000366210938,154.19000244140625,8974727
2025-12-02,155.00999450683594,160.14999389648438,154.44000244140625,155.77000427246094,41382653
2025-12-03,157.33999633789062,157.6999969482422,150.3000030517578,151.3800048828125,25417554
2025-12-04,150.8000030517578,153.27000427246094,150.14999389648438,152.42999267578125,11671955
2025-12-05,152.42999267578125,153.69000244140625,150.8000030517578,153.3000030517578,11066679
2025-12-08,153.3000030517578,153.57000732421875,146.5,148.36000061035156,13307850
2025-12-09,147.4499969482422,150.75,145.8699951171875,150.42999267578125,13392204
2025-12-10,150.5,151.1999969482422,147.02000427246094,148.05999755859375,8715752
2025-12-11,148.05999755859375,151.27999877929688,147.75,150.52999877929688,6920751
2025-12-12,150.60000610351562,153.05999755859375,149.8300018310547,152.74000549316406,9061839
2025-12-15,152.74000549316406,154.1300048828125,151.10000610351562,153.64999389648438,7971639
2025-12-16,153.35000610351562,154.25,152.41000366210938,153.1999969482422,7230799
2025-12-17,152.9499969482422,154.3800048828125,152.5,153.0399932861328,9900117
2025-12-18,153.14999389648438,155.14999389648438,152.00999450683594,154.14999389648438,8321466
2025-12-19,154.8000030517578,155.47999572753906,153.10000610351562,154.02999877929688,7568724
2025-12-22,155.0500030517578,155.1999969482422,152.3800048828125,152.8000030517578,6272156
2025-12-23,153.89999389648438,153.89999389648438,151.85000610351562,152.36000061035156,4846187
2025-12-24,153.0,153.0,150.38999938964844,150.75999450683594,5737536
2025-12-26,150.7899932861328,151.47000122070312,150.0,150.22000122070312,2656436
2025-12-29,150.19000244140625,150.6999969482422,148.6699981689453,149.14999389648438,6332111
2025-12-30,149.50999450683594,152.83999633789062,148.1199951171875,151.64999389648438,34376366
2025-12-31,152.4499969482422,155.3000030517578,151.3800048828125,153.75999450683594,11421983
2026-01-01,154.1999969482422,154.99000549316406,152.6999969482422,153.5800018310547,5815300
2026-01-02,153.99000549316406,157.10000610351562,153.9199981689453,156.6999969482422,11427490
2026-01-05,158.0,162.99000549316406,157.50999450683594,162.36000061035156,30448320
2026-01-06,163.60000610351562,167.3000030517578,162.61000061035156,165.74000549316406,27407244
2026-01-07,166.5,166.6300048828125,164.1300048828125,166.3300018310547,9352445
2026-01-08,166.27999877929688,166.9199981689453,160.25,161.4600067138672,13384492
2026-01-09,160.89999389648438,166.0,160.52999877929688,162.25999450683594,15759095
2026-01-12,163.5,164.39999389648438,160.3000030517578,163.97999572753906,11523264
2026-01-13,164.99000549316406,166.77999877929688,163.57000732421875,166.19000244140625,15008272
2026-01-14,166.1999969482422,180.69000244140625,164.8000030517578,179.27000427246094,88500243
2026-01-15,179.27000427246094,179.27000427246094,179.27000427246094,179.27000427246094,0
2026-01-16,179.25,182.89999389648438,174.83999633789062,176.14999389648438,35089123
2026-01-19,175.83999633789062,178.1300048828125,174.5500030517578,177.42999267578125,26114974
2026-01-20,177.42999267578125,180.75,175.0,175.72999572753906,14538592
2026-01-21,174.75999450683594,178.3000030517578,170.75999450683594,172.47000122070312,15653209
2026-01-22,174.64999389648438,177.66000366210938,174.0,174.77999877929688,17020104
2026-01-23,176.0,178.99000549316406,172.0,172.77000427246094,24039471
2026-01-27,174.5,176.6699981689453,171.74000549316406,175.2100067138672,17366121
2026-01-28,176.8000030517578,182.4600067138672,175.25,181.92999267578125,23047432
2026-01-29,183.0,183.33999633789062,178.25,179.44000244140625,40375155
2026-01-30,178.0,182.72000122070312,176.0,180.75999450683594,15736553
2026-02-02,169.3699951171875,172.0800018310547,165.11000061035156,171.1300048828125,13991985
2026-02-03,179.0,183.10000610351562,172.0,174.41000366210938,11079255
2026-02-04,174.39999389648438,176.99000549316406,171.89999389648438,176.11000061035156,13200784
2026-02-05,176.11000061035156,179.1999969482422,175.50999450683594,177.9199981689453,11292976
2026-02-06,177.5,178.69000244140625,174.5500030517578,178.1300048828125,9274510
2026-02-09,181.0,182.10000610351562,178.9199981689453,179.97999572753906,15467264
2026-02-10,181.0,181.0,177.5,179.25999450683594,8405977
2026-02-11,179.97999572753906,180.5800018310547,176.11000061035156,180.3300018310547,10157636
2026-02-12,180.39999389648438,182.35000610351562,178.30999755859375,181.0,13347286
2026-02-13,180.0,180.75999450683594,178.10000610351562,178.8699951171875,8733451
2026-02-16,178.0,184.0,176.0800018310547,183.08999633789062,8656305
2026-02-17,183.5500030517578,190.0,181.86000061035156,188.88999938964844,29239580
2026-02-18,190.0,193.99000549316406,189.0,193.11000061035156,27237712
2026-02-19,193.11000061035156,195.69000244140625,188.50999450683594,189.52000427246094,15642408
2026-02-20,189.35000610351562,194.89999389648438,188.5,193.97999572753906,14595009
2026-02-23,196.0,200.25,194.6300048828125,197.77999877929688,23701488
2026-02-24,197.60000610351562,202.24000549316406,196.2100067138672,200.6199951171875,19355793
2026-02-25,201.3000030517578,202.5399932861328,196.6199951171875,199.3000030517578,20245353
2026-02-26,200.0,203.1999969482422,197.89999389648438,201.5399932861328,30109110
2026-02-27,202.00999450683594,205.49000549316406,199.86000061035156,202.27000427246094,23419781
2026-03-02,195.0399932861328,201.1999969482422,195.0399932861328,198.1300048828125,22256833
2026-03-04,196.0,196.0,189.39999389648438,191.1300048828125,23915359
2026-03-05,193.02999877929688,195.39999389648438,188.8000030517578,191.1999969482422,17729256
2026-03-06,190.8000030517578,193.0500030517578,188.0,188.64999389648438,12364075
2026-03-09,181.50999450683594,183.16000366210938,175.5,179.05999755859375,22083962
2026-03-10,182.0,187.5500030517578,179.8000030517578,186.3000030517578,18486715
2026-03-11,187.5,187.5500030517578,180.39999389648438,180.9199981689453,12583965
2026-03-12,179.52000427246094,183.39999389648438,175.52000427246094,182.10000610351562,14230468
2026-03-13,181.5,181.63999938964844,173.30999755859375,173.8800048828125,10935027
2026-03-16,172.1999969482422,176.97000122070312,171.25,175.60000610351562,13777819
2026-03-17,175.6999969482422,176.50999450683594,172.82000732421875,176.07000732421875,8519438
2026-03-18,176.10000610351562,179.42999267578125,176.10000610351562,177.91000366210938,10650146
2026-03-19,173.4499969482422,175.52999877929688,170.83999633789062,172.16000366210938,9712536
2026-03-20,174.0,179.94000244140625,173.99000549316406,177.6300048828125,18846899
2026-03-23,174.5,174.5,168.0,168.5800018310547,11258618
2026-03-24,173.50999450683594,175.5,170.8000030517578,173.82000732421875,12443272
2026-03-25,176.00999450683594,183.49000549316406,175.52000427246094,180.32000732421875,17554430
2026-03-27,178.72000122070312,178.89999389648438,172.5500030517578,175.47999572753906,87447033
2026-03-30,172.0,173.2899932861328,163.0800018310547,164.1999969482422,26845178
2026-04-01,171.0,173.10000610351562,167.3300018310547,171.63999938964844,15095865
2026-04-02,168.5,172.8000030517578,164.1999969482422,171.99000549316406,14715599
2026-04-06,173.10000610351562,177.72000122070312,169.22000122070312,174.1199951171875,16641379
2026-04-07,172.8000030517578,172.97999572753906,167.8000030517578,171.8800048828125,15794978
2026-04-08,180.0,186.8800048828125,179.0,185.66000366210938,20660394
2026-04-09,185.97000122070312,188.89999389648438,183.66000366210938,184.69000244140625,13973627
2026-04-10,187.89999389648438,189.97000122070312,186.55999755859375,189.02999877929688,12959457
2026-04-13,181.5,185.27000427246094,178.80999755859375,184.67999267578125,18738060
2026-04-15,189.0,191.4600067138672,185.75999450683594,188.7100067138672,12244209
2026-04-16,189.5,191.10000610351562,187.22000122070312,188.49000549316406,11737567
2026-04-17,188.49000549316406,189.39999389648438,186.35000610351562,188.91000366210938,8818513
2026-04-20,189.0,193.1999969482422,186.2100067138672,189.2899932861328,14172531
2026-04-21,190.52000427246094,192.97999572753906,189.75,191.3800048828125,13904723
2026-04-22,191.3800048828125,197.1300048828125,190.39999389648438,194.0500030517578,21651436
2026-04-23,194.88999938964844,194.88999938964844,177.3000030517578,179.7100067138672,65651090
2026-04-24,179.3000030517578,180.75,174.39999389648438,177.0,27300659
2026-04-27,177.1999969482422,178.8000030517578,175.36000061035156,176.10000610351562,17230436
2026-04-28,173.25,174.3000030517578,169.1699981689453,170.47999572753906,37573622
2026-04-29,170.4600067138672,172.22999572753906,164.27999877929688,167.30999755859375,23790547
2026-04-30,165.0,166.75,162.61000061035156,165.94000244140625,17097157
2026-05-01,165.94000244140625,165.94000244140625,165.94000244140625,165.94000244140625,0
2026-05-04,167.0,168.5,163.32000732421875,163.77000427246094,14524787
2026-05-05,163.5,164.39999389648438,161.44000244140625,163.74000549316406,12119775
2026-05-06,165.75999450683594,169.75,164.8300018310547,168.75,15731990
2026-05-07,169.67999267578125,169.89999389648438,166.1199951171875,167.27999877929688,11667483
2026-05-08,166.5,167.27999877929688,164.5,166.24000549316406,15053176
2026-05-11,165.0,166.1999969482422,163.22999572753906,163.80999755859375,9090770
2026-05-12,162.0,164.9499969482422,161.38999938964844,162.19000244140625,11408910
2026-05-13,162.35000610351562,163.80999755859375,159.75999450683594,162.4600067138672,11841874
2026-05-14,163.24000549316406,166.89999389648438,161.3300018310547,164.89999389648438,12820014
2026-05-15,165.1999969482422,165.44000244140625,161.5,161.94000244140625,9269427
2026-05-18,160.1999969482422,160.5,157.02000427246094,158.88999938964844,10337755
2026-05-19,160.0,160.50999450683594,158.22000122070312,158.9600067138672,6233854
2026-05-20,157.60000610351562,159.69000244140625,156.2100067138672,159.0,8594444
2026-05-21,161.60000610351562,162.13999938964844,159.6999969482422,160.1199951171875,8330372
2026-05-22,160.0,161.61000061035156,159.42999267578125,160.72000122070312,8563944
2026-05-25,162.0,169.4600067138672,161.91000366210938,168.8699951171875,19110578
2026-05-26,170.9600067138672,170.9600067138672,166.24000549316406,167.55999755859375,16199061
2026-05-27,167.55999755859375,169.39999389648438,167.07000732421875,168.72000122070312,7569728
2026-05-28,168.72000122070312,168.72000122070312,168.72000122070312,168.72000122070312,0
2026-05-29,169.0,171.7899932861328,166.60000610351562,167.8800048828125,48286734
2026-06-01,168.0,168.7899932861328,161.9499969482422,162.5399932861328,11662148
2026-06-02,161.0500030517578,163.89999389648438,160.10000610351562,162.67999267578125,18233176
2026-06-03,164.00999450683594,167.5,160.5500030517578,166.6999969482422,10405094
2026-06-04,166.4499969482422,167.5,165.14999389648438,166.5399932861328,6247512
2026-06-05,167.60000610351562,169.58999633789062,165.83999633789062,167.0,12927945
2026-06-08,165.0,170.63999938964844,163.4499969482422,165.17999267578125,14433775
2026-06-09,165.63999938964844,170.9600067138672,165.30999755859375,170.44000244140625,16722972
2026-06-10,170.0,170.72999572753906,166.0,166.4499969482422,12209748
2026-06-11,164.10000610351562,165.67999267578125,162.9199981689453,164.5399932861328,12145117
2026-06-12,167.5,170.4199981689453,166.14999389648438,170.0500030517578,13371950
2026-06-15,172.89999389648438,173.89999389648438,170.8000030517578,171.3000030517578,8365210
2026-06-16,172.4499969482422,172.9499969482422,168.5399932861328,170.55999755859375,8606545
2026-06-17,171.5,174.14999389648438,169.39999389648438,173.75,12653845
2026-06-18,174.33999633789062,177.60000610351562,173.2100067138672,176.1199951171875,14194713
2026-06-19,176.10000610351562,176.69000244140625,174.5,175.75999450683594,11232086
2026-06-22,175.8000030517578,176.8000030517578,174.05999755859375,176.6199951171875,8516217
2026-06-23,176.67999267578125,176.9499969482422,173.86000061035156,175.1199951171875,22750233
2026-06-24,175.02000427246094,176.0,174.10000610351562,174.8300018310547,13079969
2026-06-25,175.5,176.5800018310547,174.3000030517578,174.7100067138672,12437646
2026-06-26,174.7100067138672,174.7100067138672,174.7100067138672,174.7100067138672,0
2026-06-29,175.0,175.89999389648438,172.1300048828125,174.55999755859375,16043533
2026-06-30,175.0,175.8000030517578,171.89999389648438,172.42999267578125,12547240
2026-07-01,172.75,175.1300048828125,171.1699981689453,174.8800048828125,13759343
2026-07-02,175.0,175.7899932861328,172.61000061035156,174.35000610351562,17815906
2026-07-03,168.7899932861328,168.7899932861328,161.60000610351562,163.08999633789062,33777663
2026-07-06,163.1999969482422,163.75,160.77000427246094,161.0800018310547,12253340
2026-07-07,161.2899932861328,162.8000030517578,160.3800048828125,161.0800018310547,13481239
2026-07-08,160.1999969482422,160.49000549316406,153.5,154.38999938964844,13097180
2026-07-09,154.74000549316406,158.10000610351562,154.4499969482422,157.25999450683594,13873876
2026-07-10,157.8000030517578,165.5,157.60000610351562,164.50999450683594,24598550
2026-07-13,163.0,170.75,162.50999450683594,170.38999938964844,30404181
2026-07-14,170.0,171.4199981689453,167.17999267578125,170.6699981689453,15703329
2026-07-15,171.2100067138672,177.49000549316406,168.6999969482422,172.3800048828125,60853488
2026-07-16,175.0500030517578,175.08999633789062,168.0500030517578,168.77000427246094,13286469
2026-07-17,169.0,169.4199981689453,166.25,168.4600067138672,10762360
2026-07-20,168.0,177.2899932861328,167.77000427246094,175.92999267578125,36352077
2026-07-21,175.92999267578125,179.39999389648438,173.39999389648438,176.11000061035156,35646847
2026-07-22,175.7899932861328,175.97000122070312,170.10000610351562,170.63999938964844,10788134
2026-07-23,171.0,171.25,167.39999389648438,168.39999389648438,6099755
