date,open,high,low,close,volume
2019-07-23,596.0499877929688,600.0,580.0999755859375,590.3499755859375,4023782
2019-07-24,589.9000244140625,594.5,576.9000244140625,579.4500122070312,1146331
2019-07-25,580.4000244140625,592.4500122070312,574.0,582.75,1005011
2019-07-26,582.75,595.0,580.25,592.5499877929688,839312
2019-07-29,592.0,594.6500244140625,575.75,587.0,875622
2019-07-30,585.0,593.1500244140625,566.8499755859375,568.7999877929688,1315846
2019-07-31,568.7999877929688,597.3499755859375,563.0999755859375,594.0499877929688,1403452
2019-08-01,588.0499877929688,591.7000122070312,567.9000244140625,575.5,1047139
2019-08-02,574.7999877929688,593.0,571.0499877929688,582.9000244140625,2397977
2019-08-05,582.0,589.75,573.0,584.5999755859375,1969059
2019-08-06,583.9500122070312,600.0,583.0,592.5499877929688,1982100
2019-08-07,592.0,608.2000122070312,592.0,599.0999755859375,2073682
2019-08-08,602.5499877929688,608.0,588.0,597.5499877929688,2706881
2019-08-09,598.9000244140625,609.1500244140625,597.1500244140625,605.0999755859375,975937
2019-08-13,610.0,610.0,578.5499877929688,583.7000122070312,2947262
2019-08-14,584.0,603.9500122070312,583.4500122070312,588.5499877929688,2039278
2019-08-16,584.0,594.9000244140625,580.0,589.5499877929688,1241250
2019-08-19,593.0,604.0,582.2999877929688,585.7000122070312,1896932
2019-08-20,588.9000244140625,588.9000244140625,576.2000122070312,578.0499877929688,1040092
2019-08-21,595.0,596.9500122070312,564.2999877929688,578.8499755859375,4891313
2019-08-22,577.0999755859375,587.4000244140625,561.0,564.4000244140625,2496040
2019-08-23,562.0999755859375,584.9500122070312,562.0,582.5,1349987
2019-08-26,583.7000122070312,594.5499877929688,571.8499755859375,590.5,2182588
2019-08-27,593.0,605.0,589.75,599.5499877929688,2054499
2019-08-28,604.0,608.5,593.0999755859375,599.7999877929688,1327138
2019-08-29,605.0,618.7000122070312,602.0,613.5499877929688,3203753
2019-08-30,618.0499877929688,632.4000244140625,614.4500122070312,628.25,3145927
2019-09-03,625.2999877929688,636.0,617.7000122070312,621.2999877929688,2193190
2019-09-04,621.2999877929688,622.8499755859375,606.5499877929688,612.8499755859375,1590757
2019-09-05,610.0,613.7999877929688,599.7999877929688,606.5,1309834
2019-09-06,607.5,612.0499877929688,602.0999755859375,609.0999755859375,829805
2019-09-09,609.0999755859375,618.8499755859375,607.7000122070312,617.25,865233
2019-09-11,619.0499877929688,622.7999877929688,613.5,616.75,1284170
2019-09-12,616.7999877929688,626.0,611.8499755859375,614.0,1180191
2019-09-13,616.7000122070312,617.0999755859375,606.4500122070312,616.0,735238
2019-09-16,612.0,614.9500122070312,606.8499755859375,609.7999877929688,1022438
2019-09-17,610.1500244140625,613.25,593.8499755859375,599.0999755859375,1466817
2019-09-18,601.4000244140625,607.0,600.5,603.5499877929688,917920
2019-09-19,603.9500122070312,609.4500122070312,594.0,600.2999877929688,1133182
2019-09-20,598.75,630.4500122070312,596.25,623.9500122070312,2496887
2019-09-23,636.0,664.4000244140625,632.0999755859375,648.5,3345282
2019-09-24,655.0,655.4000244140625,645.1500244140625,650.25,1766379
2019-09-25,651.0999755859375,659.0,647.25,650.7999877929688,2905402
2019-09-26,654.0,674.0,652.9000244140625,670.9500122070312,1934513
2019-09-27,670.9500122070312,674.0,659.0999755859375,664.2999877929688,1238356
2019-09-30,664.5999755859375,671.1500244140625,662.2000122070312,667.0,944609
2019-10-01,667.0999755859375,667.75,635.2999877929688,643.9500122070312,1120197
2019-10-03,638.0999755859375,638.0999755859375,617.75,620.5499877929688,1626483
2019-10-04,627.0,634.3499755859375,614.0499877929688,616.5999755859375,1464250
2019-10-07,618.0,628.2999877929688,612.2999877929688,617.2999877929688,909608
2019-10-09,617.2999877929688,625.7999877929688,612.7000122070312,621.5,1045125
2019-10-10,622.2999877929688,631.5499877929688,611.75,615.1500244140625,1261320
2019-10-11,615.25,621.0,603.0,609.2999877929688,1194736
2019-10-14,613.0999755859375,622.1500244140625,611.2999877929688,616.6500244140625,1068802
2019-10-15,617.0,625.0,616.9500122070312,618.4000244140625,1412617
2019-10-16,616.2999877929688,628.5499877929688,616.2999877929688,626.25,1342068
2019-10-17,628.5,637.0999755859375,625.1500244140625,635.4500122070312,1328903
2019-10-18,632.4000244140625,644.7999877929688,631.7999877929688,635.2000122070312,1461351
2019-10-22,634.9000244140625,644.2999877929688,606.6500244140625,612.1500244140625,2296738
2019-10-23,610.0,621.5,609.7000122070312,620.0499877929688,960332
2019-10-24,621.5,624.7999877929688,606.2000122070312,608.9500122070312,1517923
2019-10-25,603.2999877929688,636.9000244140625,603.2999877929688,627.2000122070312,3114733
2019-10-27,631.0,635.0,627.0,629.2000122070312,113846
2019-10-29,629.25,631.25,612.2999877929688,616.0999755859375,1029850
2019-10-30,625.2999877929688,625.3499755859375,609.0999755859375,612.0,1086890
2019-10-31,615.0,629.2000122070312,610.7000122070312,624.9500122070312,1111478
2019-11-01,628.8499755859375,639.5,625.5499877929688,637.0,1978384
2019-11-04,637.0,644.4000244140625,627.75,636.4000244140625,1315012
2019-11-05,635.0,637.0,625.0,628.7999877929688,896428
2019-11-06,626.5499877929688,642.4500122070312,623.5,639.7000122070312,1282547
2019-11-07,641.9500122070312,649.9500122070312,636.0,648.7000122070312,1521095
2019-11-08,647.0999755859375,649.25,627.8499755859375,633.0499877929688,1190123
2019-11-11,632.0,638.7000122070312,623.3499755859375,627.0,656830
2019-11-13,627.9000244140625,634.0,617.9000244140625,620.1500244140625,687275
2019-11-14,619.0,622.3499755859375,611.75,618.4500122070312,867227
2019-11-15,616.9000244140625,627.25,614.0,624.5,785063
2019-11-18,622.2000122070312,625.6500244140625,611.0,612.7000122070312,929243
2019-11-19,612.75,617.3499755859375,607.1500244140625,609.6500244140625,851204
2019-11-20,610.0,619.0,608.2999877929688,611.5999755859375,683915
2019-11-21,612.0999755859375,617.5499877929688,607.0499877929688,610.5999755859375,837443
2019-11-22,612.9500122070312,619.0,609.0,611.0999755859375,819210
2019-11-25,607.0,623.0,607.0,620.9500122070312,829182
2019-11-26,621.9000244140625,629.9000244140625,605.6500244140625,609.6500244140625,2257567
2019-11-27,611.9000244140625,613.75,602.0,606.75,1441634
2019-11-28,608.7999877929688,611.2999877929688,601.0,604.7000122070312,1403539
2019-11-29,605.0,613.6500244140625,598.5499877929688,606.25,1358216
2019-12-02,609.7000122070312,609.7000122070312,599.0999755859375,603.9000244140625,1116937
2019-12-03,607.9000244140625,609.3499755859375,592.2000122070312,595.6500244140625,1098309
2019-12-04,592.9500122070312,601.0,591.0,594.5999755859375,776164
2019-12-05,595.0999755859375,603.0,592.5499877929688,600.4500122070312,846201
2019-12-06,603.2999877929688,605.9500122070312,586.4500122070312,593.25,762604
2019-12-09,588.6500244140625,599.0999755859375,584.7000122070312,586.0499877929688,917364
2019-12-10,588.25,601.0,582.0,584.8499755859375,1280904
2019-12-11,585.0,590.0,579.5,586.9000244140625,552314
2019-12-12,589.5999755859375,594.0,585.2000122070312,592.0,714005
2019-12-13,595.0,595.0,587.25,590.2000122070312,829328
2019-12-16,592.0,596.0,590.0,591.25,1112402
2019-12-17,593.0,595.5499877929688,582.0,583.7999877929688,1707930
2019-12-18,586.9000244140625,595.7999877929688,574.1500244140625,593.8499755859375,1884891
2019-12-19,593.9000244140625,608.5,593.9000244140625,599.2999877929688,2361340
2019-12-20,600.0499877929688,605.7999877929688,591.5499877929688,598.2000122070312,1327369
2019-12-23,599.9000244140625,601.8499755859375,590.7000122070312,594.1500244140625,554934
2019-12-24,594.1500244140625,599.5,589.2999877929688,591.2999877929688,1043459
2019-12-26,592.0,596.2999877929688,581.7000122070312,583.4500122070312,1158893
2019-12-27,585.9000244140625,595.0,585.6500244140625,589.7999877929688,1143386
2019-12-30,591.9500122070312,595.7999877929688,589.4000244140625,591.9500122070312,591123
2019-12-31,597.0,605.0,595.0,599.5499877929688,2466194
2020-01-01,601.0,602.7000122070312,595.7999877929688,596.9000244140625,372494
2020-01-02,598.2999877929688,599.4000244140625,589.4500122070312,593.7000122070312,448857
2020-01-03,591.5,593.0,580.0999755859375,583.0499877929688,1179798
2020-01-06,581.25,582.9000244140625,567.4000244140625,568.4000244140625,1065809
2020-01-07,571.5,573.6500244140625,562.4500122070312,564.2999877929688,952333
2020-01-08,557.5,575.8499755859375,557.5,573.5,1489088
2020-01-09,578.7000122070312,593.0,568.7000122070312,591.8499755859375,4138116
2020-01-10,592.7999877929688,596.3499755859375,584.0499877929688,586.0999755859375,729791
2020-01-13,588.0,592.2000122070312,579.7999877929688,583.5499877929688,768907
2020-01-14,583.9000244140625,584.8499755859375,575.25,581.4000244140625,904799
2020-01-15,581.5,581.9500122070312,574.5499877929688,578.0999755859375,1024184
2020-01-16,580.0,589.25,577.6500244140625,585.0499877929688,922525
2020-01-17,585.5,585.9000244140625,579.5499877929688,581.8499755859375,427043
2020-01-20,583.0,587.0999755859375,575.8499755859375,578.0999755859375,1083383
2020-01-21,578.0999755859375,580.5,570.2000122070312,578.2000122070312,1266923
2020-01-22,581.2000122070312,590.75,576.6500244140625,588.7000122070312,1281675
2020-01-23,588.9000244140625,590.7000122070312,580.2000122070312,582.3499755859375,1538990
2020-01-24,582.3499755859375,584.0,575.25,578.0999755859375,861701
2020-01-27,575.0,582.9000244140625,572.6500244140625,575.7000122070312,1598863
2020-01-28,599.0,663.2999877929688,593.0,655.9000244140625,25848157
2020-01-29,652.0,657.4000244140625,629.4000244140625,634.7999877929688,10611958
2020-01-30,633.9500122070312,647.8499755859375,630.8499755859375,634.5,3678649
2020-01-31,639.0,641.5,617.0499877929688,619.0,1646074
2020-02-03,624.0,627.4500122070312,611.6500244140625,621.7000122070312,2345052
2020-02-04,623.9000244140625,647.4000244140625,619.2999877929688,644.5499877929688,3522700
2020-02-05,650.9000244140625,657.0,643.0,652.75,3425633
2020-02-06,657.0,661.7000122070312,646.0499877929688,654.2000122070312,2117746
2020-02-07,655.2000122070312,691.9000244140625,650.0499877929688,676.6500244140625,6916358
2020-02-10,672.0999755859375,690.5,671.25,687.9000244140625,2604922
2020-02-11,691.0499877929688,695.0,669.0,671.25,2519026
2020-02-12,674.9500122070312,694.7999877929688,663.7999877929688,692.3499755859375,2496467
2020-02-13,690.2999877929688,712.4000244140625,686.4500122070312,710.4000244140625,4769127
2020-02-14,711.9000244140625,715.4500122070312,699.0,703.5499877929688,1477021
2020-02-17,703.6500244140625,713.7999877929688,695.7999877929688,700.2000122070312,1275171
2020-02-18,699.9500122070312,729.9000244140625,690.0,722.0999755859375,2267917
2020-02-19,730.2999877929688,734.8499755859375,718.5499877929688,730.0999755859375,2695032
2020-02-20,726.0,742.7000122070312,720.7000122070312,723.1500244140625,1945097
2020-02-24,719.9500122070312,723.9000244140625,698.0499877929688,702.8499755859375,1852203
2020-02-25,704.6500244140625,715.0,696.0499877929688,703.2999877929688,2090631
2020-02-26,700.0,701.2999877929688,684.0,687.9500122070312,1913508
2020-02-27,686.0,697.3499755859375,675.5,686.4000244140625,2800806
2020-02-28,680.0,693.75,657.0499877929688,686.3499755859375,4245730
2020-03-02,696.9000244140625,702.75,647.4500122070312,657.4500122070312,2311007
2020-03-03,666.9500122070312,687.0,663.0499877929688,667.4500122070312,2133475
2020-03-04,673.7999877929688,677.0,646.5999755859375,664.7000122070312,1628869
2020-03-05,667.9000244140625,677.0999755859375,657.0,662.1500244140625,1377480
2020-03-06,643.0,651.1500244140625,629.9500122070312,645.0999755859375,1588183
2020-03-09,638.0,640.3499755859375,612.5,619.8499755859375,1336935
2020-03-11,623.0,631.7999877929688,605.2999877929688,608.2000122070312,1471198
2020-03-12,600.0,601.0,532.25,543.3499755859375,2858789
2020-03-13,506.0,584.5499877929688,506.0,564.9000244140625,3091001
2020-03-16,539.9000244140625,561.0,521.7999877929688,524.75,2210731
2020-03-17,527.1500244140625,541.2999877929688,518.5999755859375,525.2000122070312,2243358
2020-03-18,525.0,530.3499755859375,494.6000061035156,505.1000061035156,2108869
2020-03-19,490.5,520.5499877929688,476.45001220703125,499.45001220703125,1726998
2020-03-20,500.0,529.9500122070312,499.1000061035156,517.1500244140625,1771436
2020-03-23,485.0,489.70001220703125,445.79998779296875,448.1000061035156,1548756
2020-03-24,443.6499938964844,479.8999938964844,443.6499938964844,451.70001220703125,2197794
2020-03-25,450.8500061035156,518.9500122070312,442.6499938964844,465.54998779296875,5315856
2020-03-26,476.0,501.0,463.54998779296875,490.6499938964844,2963071
2020-03-27,504.0,506.0,467.0,470.3999938964844,1360535
2020-03-30,465.0,494.79998779296875,459.95001220703125,467.29998779296875,2142024
2020-03-31,478.0,493.45001220703125,471.0,484.6000061035156,1847553
2020-04-01,489.0,503.79998779296875,458.3999938964844,462.8500061035156,2390621
2020-04-03,465.0,490.0,463.20001220703125,465.79998779296875,2828163
2020-04-07,483.79998779296875,534.0,477.54998779296875,510.5,3596860
2020-04-08,515.0,539.7999877929688,505.0,521.5999755859375,3029867
2020-04-09,524.9500122070312,564.0,524.9500122070312,550.9000244140625,5291432
2020-04-13,555.2999877929688,575.2999877929688,548.6500244140625,571.5,3063731
2020-04-15,571.5,580.5,546.4500122070312,562.25,4778240
2020-04-16,551.5499877929688,569.7000122070312,540.0,543.9000244140625,4217526
2020-04-17,555.0499877929688,557.0,520.5499877929688,530.0499877929688,6951437
2020-04-20,532.1500244140625,538.7999877929688,525.2999877929688,527.2000122070312,1885574
2020-04-21,521.9500122070312,532.0,509.8500061035156,523.7999877929688,3008708
2020-04-22,525.0,544.0,514.2999877929688,540.75,2579448
2020-04-23,544.0,549.1500244140625,527.0,529.5499877929688,2460719
2020-04-24,524.9000244140625,527.9000244140625,516.7000122070312,519.5,1442370
2020-04-27,520.75,530.5,519.0,522.0499877929688,1214764
2020-04-28,525.25,528.9500122070312,516.5,522.9000244140625,2151641
2020-04-29,528.0,539.5999755859375,522.5999755859375,532.2999877929688,2258773
2020-04-30,536.1500244140625,545.5,527.0999755859375,536.6500244140625,3049732
2020-05-04,550.0,558.0,527.8499755859375,541.8499755859375,12143351
2020-05-05,543.0,544.0,488.0,494.8999938964844,12416595
2020-05-06,495.0,498.3500061035156,478.5,493.8500061035156,8307352
2020-05-07,503.8999938964844,516.6500244140625,494.20001220703125,504.75,7738482
2020-05-08,514.7000122070312,514.7000122070312,499.20001220703125,501.3500061035156,4537570
2020-05-11,505.5,509.6499938964844,491.6499938964844,493.20001220703125,3776506
2020-05-12,490.0,508.3999938964844,487.70001220703125,505.5,3129331
2020-05-13,510.0,532.2000122070312,505.04998779296875,510.20001220703125,5925755
2020-05-14,505.0,561.0,500.0,539.7999877929688,15134694
2020-05-15,540.0,558.5999755859375,536.25,540.8499755859375,8456596
2020-05-18,542.0999755859375,569.6500244140625,530.0499877929688,542.5999755859375,12095957
2020-05-19,552.9500122070312,560.0,543.0,555.0999755859375,4665270
2020-05-20,561.4500122070312,579.0,558.0,575.1500244140625,6641662
2020-05-21,575.1500244140625,615.75,571.3499755859375,609.9500122070312,9001534
2020-05-22,611.0,613.5499877929688,584.1500244140625,589.25,5628139
2020-05-26,591.5,598.0,578.75,583.0,3646789
2020-05-27,587.6500244140625,587.6500244140625,571.1500244140625,578.2000122070312,2987301
2020-05-28,567.0999755859375,581.0999755859375,557.0,563.5999755859375,5927606
2020-05-29,567.0,601.5999755859375,563.0,594.0999755859375,9119124
2020-06-01,602.0,607.0,584.0999755859375,589.2999877929688,4617364
2020-06-02,590.5999755859375,591.8499755859375,572.0,573.4500122070312,3981967
2020-06-03,578.9000244140625,587.7000122070312,569.9500122070312,572.4500122070312,4512337
2020-06-04,574.0,583.9000244140625,572.8499755859375,578.3499755859375,2651308
2020-06-05,583.0,595.0,577.0499877929688,586.0499877929688,4592442
2020-06-08,597.75,611.0,581.7999877929688,596.7999877929688,8090062
2020-06-09,600.0,618.3499755859375,592.0,608.2000122070312,6243812
2020-06-10,612.0,614.0499877929688,596.1500244140625,608.4000244140625,3850474
2020-06-11,612.9000244140625,622.4000244140625,592.2999877929688,594.2999877929688,5237813
2020-06-12,570.0,621.5,570.0,617.4500122070312,7105642
2020-06-15,621.9000244140625,629.7999877929688,606.5499877929688,612.7000122070312,5637181
2020-06-16,624.0,624.0,586.75,604.7999877929688,3943220
2020-06-17,607.5,612.7000122070312,598.25,605.5499877929688,2130297
2020-06-18,601.4000244140625,615.0,601.0499877929688,610.0,1954063
2020-06-19,613.0,631.4000244140625,610.0,618.0499877929688,4699787
2020-06-22,621.0,639.4000244140625,612.8499755859375,635.0999755859375,3202098
2020-06-23,639.0,642.3499755859375,619.5,622.4500122070312,3497845
2020-06-24,625.7999877929688,630.5,604.7000122070312,608.0,3650060
2020-06-25,601.0,612.9500122070312,597.0,601.0999755859375,3292075
2020-06-26,608.5,610.8499755859375,589.0,591.4500122070312,2952630
2020-06-29,589.0,594.8499755859375,581.0499877929688,584.0499877929688,1978694
2020-06-30,591.5,606.9000244140625,583.0499877929688,592.2999877929688,4671449
2020-07-01,594.0,602.0,590.0499877929688,599.2000122070312,2744307
2020-07-02,600.5,605.7000122070312,593.1500244140625,594.6500244140625,2353091
2020-07-03,595.5,599.9000244140625,587.0,588.5499877929688,3083462
2020-07-06,590.2000122070312,598.0,585.2000122070312,588.9500122070312,3088879
2020-07-07,591.0,600.9000244140625,589.0999755859375,593.7000122070312,3761703
2020-07-08,597.4500122070312,627.6500244140625,593.7000122070312,612.9500122070312,9455705
2020-07-09,619.9000244140625,633.0,616.75,625.4500122070312,4709177
2020-07-10,621.6500244140625,639.0,618.5499877929688,636.0999755859375,4158881
2020-07-13,641.0,645.0,622.1500244140625,629.4000244140625,2830295
2020-07-14,622.5,633.6500244140625,615.0,619.5,2408930
2020-07-15,622.7999877929688,624.5999755859375,593.2999877929688,598.0,3661770
2020-07-16,601.9000244140625,612.4500122070312,590.7000122070312,608.9000244140625,2825453
2020-07-17,610.0,614.7999877929688,601.0,604.75,1703496
2020-07-20,604.5499877929688,611.0499877929688,596.4500122070312,600.3499755859375,1507378
2020-07-21,603.5,604.8499755859375,592.1500244140625,593.2999877929688,1403937
2020-07-22,596.4500122070312,607.0,590.0,595.7999877929688,3422942
2020-07-23,599.25,614.2999877929688,595.0,611.5999755859375,4553480
2020-07-24,605.0,614.0,596.2999877929688,598.7999877929688,3160507
2020-07-27,600.7999877929688,601.0,584.25,590.7999877929688,2275138
2020-07-28,575.0,591.0,571.0499877929688,585.25,5321852
2020-07-29,589.0,591.7999877929688,575.0,577.5499877929688,2126185
2020-07-30,577.0,584.3499755859375,570.25,575.5999755859375,2495978
2020-07-31,575.5999755859375,587.7999877929688,575.5999755859375,581.2000122070312,1956449
2020-08-03,582.7000122070312,584.8499755859375,572.0999755859375,574.0,1155421
2020-08-04,580.0499877929688,582.0,572.9500122070312,575.25,1151809
2020-08-05,578.0,589.9500122070312,574.3499755859375,583.9500122070312,2191264
2020-08-06,586.3499755859375,591.9000244140625,578.0999755859375,579.6500244140625,1721817
2020-08-07,582.5999755859375,593.5999755859375,580.4500122070312,586.9000244140625,1785701
2020-08-10,590.9000244140625,598.7999877929688,588.0,594.8499755859375,1656613
2020-08-11,597.7000122070312,598.0,581.5,582.7999877929688,2551509
2020-08-12,584.7999877929688,587.7999877929688,580.0999755859375,582.5999755859375,994206
2020-08-13,583.9000244140625,601.0,583.3499755859375,592.0,2677014
2020-08-14,596.7999877929688,604.5499877929688,581.0,584.1500244140625,2210749
2020-08-17,588.0,588.0,577.9000244140625,585.2000122070312,1126715
2020-08-18,587.0,595.1500244140625,584.0999755859375,588.9000244140625,1407930
2020-08-19,593.4000244140625,597.9000244140625,588.0999755859375,591.0499877929688,1025959
2020-08-20,588.0,590.5,581.4000244140625,583.3499755859375,2239962
2020-08-21,590.0,590.9000244140625,582.5499877929688,584.3499755859375,2012019
2020-08-24,587.4500122070312,588.5,579.5999755859375,581.2999877929688,1436488
2020-08-25,582.4000244140625,585.9500122070312,577.0999755859375,578.4500122070312,1289679
2020-08-26,580.0,582.0,573.5999755859375,574.9500122070312,1198038
2020-08-27,577.5,578.4500122070312,569.0,570.0999755859375,1710682
2020-08-28,573.0,588.5999755859375,569.7000122070312,585.1500244140625,4360899
2020-08-31,591.9000244140625,591.9000244140625,545.0,546.6500244140625,5003065
2020-09-01,545.0,565.0,537.0999755859375,561.9500122070312,3106660
2020-09-02,561.4000244140625,575.5,559.0499877929688,568.5499877929688,2636640
2020-09-03,573.9000244140625,588.8499755859375,570.4000244140625,580.2000122070312,2771340
2020-09-04,572.9500122070312,581.75,564.4000244140625,568.25,2120823
2020-09-07,570.5,573.75,556.0,560.3499755859375,1915961
2020-09-08,563.8499755859375,563.8499755859375,546.0,550.3499755859375,1326313
2020-09-09,550.0,555.75,543.75,550.4500122070312,1885393
2020-09-10,555.0,558.0,546.4000244140625,549.2999877929688,1576321
2020-09-11,550.25,556.0,542.9500122070312,547.0,1650889
2020-09-14,550.0,554.2000122070312,544.1500244140625,546.6500244140625,1379432
2020-09-15,548.5,551.5,539.0499877929688,541.4000244140625,2283249
2020-09-16,543.0,552.75,534.1500244140625,547.9500122070312,4483212
2020-09-17,548.7000122070312,561.2000122070312,547.2000122070312,552.0499877929688,3359522
2020-09-18,553.9500122070312,556.2999877929688,539.7000122070312,543.7000122070312,2313366
2020-09-21,544.75,545.0,511.20001220703125,522.25,2533017
2020-09-22,522.0,522.5499877929688,505.54998779296875,515.4000244140625,2263281
2020-09-23,516.5999755859375,520.7999877929688,507.20001220703125,509.1499938964844,1944241
2020-09-24,509.0,509.0,494.0,495.54998779296875,2366213
2020-09-25,501.8999938964844,515.5499877929688,496.54998779296875,511.54998779296875,1640253
2020-09-28,517.5,531.5,515.4500122070312,528.2999877929688,1796687
2020-09-29,533.0,537.8499755859375,508.29998779296875,511.95001220703125,3274515
2020-09-30,510.1000061035156,524.0,506.04998779296875,515.8499755859375,1537235
2020-10-01,522.0,528.4000244140625,519.0999755859375,522.7999877929688,2054700
2020-10-05,523.0,527.4500122070312,519.5,524.25,1182370
2020-10-06,525.9000244140625,530.6500244140625,522.0999755859375,527.5,1170598
2020-10-07,527.3499755859375,534.25,525.0999755859375,530.0499877929688,1637674
2020-10-08,530.0,535.7000122070312,517.4000244140625,520.6500244140625,2207897
2020-10-09,522.4500122070312,526.9500122070312,517.4500122070312,521.3499755859375,1132946
2020-10-12,523.1500244140625,536.6500244140625,523.1500244140625,530.9500122070312,2558798
2020-10-13,533.9500122070312,535.4000244140625,525.0499877929688,526.4000244140625,1525944
2020-10-14,526.5,527.8499755859375,518.5,524.0499877929688,927326
2020-10-15,527.0,527.0,502.8999938964844,506.5,1129642
2020-10-16,508.20001220703125,512.9000244140625,500.79998779296875,510.04998779296875,1144560
2020-10-19,513.9000244140625,516.9500122070312,510.75,514.25,587946
2020-10-20,514.0,518.25,511.54998779296875,514.0999755859375,610616
2020-10-21,516.0,525.9000244140625,514.0,520.7000122070312,2641916
2020-10-22,520.0,521.7999877929688,512.5,515.2000122070312,4009024
2020-10-23,518.0,529.8499755859375,517.7999877929688,526.6500244140625,1339542
2020-10-26,528.0,529.4500122070312,512.6500244140625,516.2999877929688,902690
2020-10-27,517.75,520.3499755859375,510.20001220703125,518.4000244140625,686289
2020-10-28,518.0,522.2999877929688,510.6499938964844,512.4500122070312,1165964
2020-10-29,510.0,513.4500122070312,502.25,504.8500061035156,1482596
2020-10-30,506.0,510.5,501.0,504.29998779296875,828740
2020-11-02,508.0,508.3500061035156,500.1000061035156,503.95001220703125,1350151
2020-11-03,503.0,514.7999877929688,502.79998779296875,509.70001220703125,3279029
2020-11-04,512.0,515.5,508.5,510.45001220703125,1134793
2020-11-05,525.0499877929688,542.0,517.0999755859375,533.9500122070312,7942523
2020-11-06,535.9500122070312,553.0999755859375,533.4000244140625,544.2000122070312,3909524
2020-11-09,549.0,563.3499755859375,544.8499755859375,555.7999877929688,3311715
2020-11-10,561.3499755859375,575.75,558.0,563.9500122070312,3905043
2020-11-11,568.7000122070312,571.4000244140625,553.5999755859375,569.0499877929688,3645524
2020-11-12,571.25,571.25,555.2999877929688,558.0999755859375,2274509
2020-11-13,555.0,558.25,549.1500244140625,554.7999877929688,1390255
2020-11-14,559.0,559.2000122070312,552.6500244140625,555.7999877929688,172352
2020-11-17,558.0,567.3499755859375,554.0,560.25,2550588
2020-11-18,561.0,564.9000244140625,554.0,563.75,1248153
2020-11-19,562.0,577.75,559.75,572.0499877929688,3791641
2020-11-20,577.0,587.0,565.9000244140625,571.4000244140625,3212681
2020-11-23,576.0,577.7999877929688,563.2999877929688,566.7999877929688,2637746
2020-11-24,568.4000244140625,572.75,561.8499755859375,563.4000244140625,797636
2020-11-25,567.9000244140625,569.9000244140625,547.0499877929688,550.2000122070312,2096322
2020-11-26,552.0,559.4500122070312,550.5499877929688,557.0,2490769
2020-11-27,559.9000244140625,562.0999755859375,537.25,548.4000244140625,4642422
2020-12-01,554.0,569.1500244140625,547.0,566.9500122070312,2308974
2020-12-02,569.5,572.0,561.0999755859375,569.4000244140625,1899715
2020-12-03,571.0,575.75,565.25,571.4000244140625,2234949
2020-12-04,575.0,581.6500244140625,573.0999755859375,579.5999755859375,2086026
2020-12-07,585.0,590.9500122070312,581.1500244140625,588.8499755859375,2631889
2020-12-08,589.0999755859375,604.7000122070312,584.0,586.2999877929688,4130925
2020-12-09,587.4000244140625,592.5499877929688,582.2999877929688,583.7999877929688,1369040
2020-12-10,583.0499877929688,595.75,579.5,593.0,1736313
2020-12-11,597.9000244140625,602.75,586.0999755859375,593.4000244140625,1838624
2020-12-14,596.9000244140625,603.0,592.5,595.6500244140625,1388614
2020-12-15,596.0,598.4500122070312,584.0,594.2999877929688,1373269
2020-12-16,598.0,600.0,591.2999877929688,594.8499755859375,1655310
2020-12-17,598.0,599.7000122070312,582.2000122070312,583.5499877929688,1916274
2020-12-18,585.0,592.0,579.4500122070312,588.4500122070312,1832076
2020-12-21,589.0,594.25,550.0999755859375,556.0999755859375,2746593
2020-12-22,559.9000244140625,564.0,544.1500244140625,555.7999877929688,2077716
2020-12-23,556.5999755859375,568.2000122070312,555.75,561.2999877929688,1870824
2020-12-24,565.3499755859375,576.7000122070312,565.0,569.3499755859375,1878518
2020-12-28,571.0,580.7999877929688,570.5,579.8499755859375,1281903
2020-12-29,581.0,584.7000122070312,567.3499755859375,570.2000122070312,2424274
2020-12-30,574.5,580.5,571.5999755859375,577.75,1858973
2020-12-31,578.9500122070312,581.7999877929688,573.2000122070312,578.25,1648221
2021-01-01,579.0,583.9500122070312,577.0,581.5,873143
2021-01-04,581.0,590.75,581.0,584.3499755859375,1812702
2021-01-05,582.0,585.5,575.5,582.25,1240679
2021-01-06,584.0,595.7999877929688,577.7999877929688,586.1500244140625,2493024
2021-01-07,589.0,620.0,584.0999755859375,613.9000244140625,6427840
2021-01-08,622.0,637.5999755859375,613.8499755859375,630.9000244140625,7907269
2021-01-11,634.4500122070312,644.9000244140625,628.0999755859375,641.9000244140625,3289035
2021-01-12,641.9500122070312,661.6500244140625,640.0999755859375,644.0,4088271
2021-01-13,646.0,656.9500122070312,631.5,640.7999877929688,2438828
2021-01-14,641.7000122070312,650.9000244140625,635.5999755859375,639.0,1547673
2021-01-15,638.5,642.75,626.8499755859375,633.7000122070312,1437341
2021-01-18,629.3499755859375,637.75,614.4000244140625,627.4500122070312,1575429
2021-01-19,627.1500244140625,639.5999755859375,627.0,628.75,1676565
2021-01-20,632.0,634.7999877929688,617.75,619.9000244140625,2288161
2021-01-21,623.0,652.5,620.9000244140625,628.0999755859375,4964084
2021-01-22,631.9500122070312,643.3499755859375,620.4000244140625,625.0499877929688,2690499
2021-01-25,629.6500244140625,642.4000244140625,608.9000244140625,635.0499877929688,2350783
2021-01-27,637.9500122070312,649.7000122070312,629.5999755859375,644.9000244140625,3617581
2021-01-28,621.5999755859375,628.7999877929688,587.2000122070312,594.4000244140625,9413919
2021-01-29,600.0,600.0,568.7000122070312,578.7000122070312,7086937
2021-02-01,580.5,588.9000244140625,560.0499877929688,572.5499877929688,5375994
2021-02-02,579.0999755859375,584.9000244140625,567.5499877929688,578.3499755859375,3496097
2021-02-03,581.2000122070312,591.0,576.5499877929688,578.7000122070312,3767441
2021-02-04,583.4000244140625,595.0,578.5499877929688,590.4000244140625,2572238
2021-02-05,594.5999755859375,594.5999755859375,579.0499877929688,580.7000122070312,1793709
2021-02-08,582.0,589.0,577.8499755859375,580.2000122070312,2405253
2021-02-09,580.0,580.8499755859375,566.0,568.2999877929688,2787359
2021-02-10,570.9500122070312,575.0,563.0499877929688,572.8499755859375,2102358
2021-02-11,576.5,580.7999877929688,567.0,571.7000122070312,1999144
2021-02-12,574.1500244140625,577.7000122070312,566.0,567.6500244140625,2219681
2021-02-15,574.0,574.0,566.4000244140625,569.5499877929688,2649311
2021-02-16,572.0,574.4000244140625,566.7000122070312,568.4500122070312,1777197
2021-02-17,567.9500122070312,567.9500122070312,560.6500244140625,564.9500122070312,1890083
2021-02-18,565.0999755859375,567.75,556.2000122070312,560.3499755859375,2625977
2021-02-19,561.7000122070312,565.9000244140625,552.0,556.3499755859375,1861565
2021-02-22,559.1500244140625,559.9500122070312,543.0,546.9500122070312,2098907
2021-02-23,549.7999877929688,556.4000244140625,546.2999877929688,550.4000244140625,1704931
2021-02-24,556.0,559.5999755859375,543.5,546.5999755859375,1910674
2021-02-25,550.0,551.4500122070312,543.2999877929688,544.4000244140625,2549968
2021-02-26,540.0,544.0999755859375,531.0,535.0999755859375,2723869
2021-03-01,537.9000244140625,547.5,532.2000122070312,546.3499755859375,1633766
2021-03-02,550.0,556.25,544.0,552.0499877929688,3078825
2021-03-03,557.7000122070312,569.0,552.7999877929688,567.6500244140625,2932503
2021-03-04,562.0,569.7999877929688,560.6500244140625,562.5,1956062
2021-03-05,561.8499755859375,566.7999877929688,548.4500122070312,552.0499877929688,1563136
2021-03-08,553.9000244140625,561.5,549.5,556.8499755859375,2338848
2021-03-09,565.0,573.6500244140625,550.8499755859375,555.5499877929688,3205168
2021-03-10,559.0,559.0499877929688,549.0,553.25,1385971
2021-03-12,555.0,557.0,539.0999755859375,543.7999877929688,1672495
2021-03-15,547.4500122070312,547.4500122070312,527.6500244140625,533.25,1645296
2021-03-16,534.0,539.7999877929688,528.7999877929688,537.5999755859375,2281341
2021-03-17,537.9000244140625,547.8499755859375,534.9000244140625,537.75,3253910
2021-03-18,542.9000244140625,544.0,519.25,524.9500122070312,1767057
2021-03-19,524.9500122070312,539.75,517.6500244140625,536.3499755859375,2395956
2021-03-22,538.7000122070312,543.5999755859375,534.2999877929688,542.75,3421043
2021-03-23,547.0,557.9500122070312,542.25,554.2999877929688,2741088
2021-03-24,550.0,561.9000244140625,549.1500244140625,551.0999755859375,2732975
2021-03-25,551.2999877929688,558.5499877929688,541.0999755859375,546.4000244140625,3593649
2021-03-26,550.0,559.9000244140625,548.7000122070312,554.5499877929688,1863902
2021-03-30,560.2000122070312,560.9500122070312,550.75,552.9500122070312,1196785
2021-03-31,550.0,559.5,549.0499877929688,556.3499755859375,1487197
2021-04-01,559.0,561.9000244140625,552.25,558.2999877929688,1157038
2021-04-05,554.0,554.0,532.3499755859375,539.7999877929688,1833323
2021-04-06,542.0,547.5499877929688,534.7999877929688,541.0,1951613
2021-04-07,543.9500122070312,547.9500122070312,538.2999877929688,543.4500122070312,1383196
2021-04-08,545.9500122070312,554.7000122070312,543.5999755859375,546.4500122070312,1345132
2021-04-09,553.5,553.5,535.7999877929688,537.2000122070312,1244589
2021-04-12,531.5999755859375,532.4000244140625,508.1000061035156,515.6500244140625,2201004
2021-04-13,520.0499877929688,526.0,515.0,524.2000122070312,1136807
2021-04-15,529.0,529.0,517.0,522.2000122070312,1116960
2021-04-16,522.0999755859375,527.0,518.0,519.0499877929688,1988015
2021-04-19,513.0,519.9500122070312,507.5,517.9500122070312,1475111
2021-04-20,518.5,527.4000244140625,518.25,522.9000244140625,2128604
2021-04-22,520.0,522.2000122070312,516.5499877929688,518.9000244140625,1061097
2021-04-23,517.0999755859375,525.4500122070312,516.9500122070312,522.1500244140625,1340593
2021-04-26,522.0,525.5499877929688,516.4500122070312,518.0499877929688,1440846
2021-04-27,528.0,528.0,517.25,520.8499755859375,1604048
2021-04-28,526.0,537.5999755859375,521.0,536.1500244140625,1844620
2021-04-29,540.0,541.6500244140625,523.2999877929688,525.25,2260360
2021-04-30,523.9500122070312,532.25,516.0,519.5499877929688,1001011
2021-05-03,517.0,526.0,512.5499877929688,524.75,1365561
2021-05-04,525.0,531.0,521.5999755859375,526.0999755859375,1221920
2021-05-05,530.7000122070312,545.0,526.0,542.1500244140625,2649970
2021-05-06,545.4500122070312,551.7999877929688,537.8499755859375,543.4500122070312,1607023
2021-05-07,546.0,551.4500122070312,542.0,547.9500122070312,1369570
2021-05-10,549.0,555.0,544.0499877929688,551.5499877929688,1043521
2021-05-11,548.5,557.0,546.0,555.0499877929688,977801
2021-05-12,558.0,574.3499755859375,551.5499877929688,559.4000244140625,3212609
2021-05-14,560.2000122070312,571.0,557.8499755859375,565.2999877929688,2216049
2021-05-17,571.0,571.0,563.0,566.4500122070312,1222315
2021-05-18,571.5,577.4000244140625,568.1500244140625,573.4500122070312,1795905
2021-05-19,575.9000244140625,579.2999877929688,568.3499755859375,572.4000244140625,1450790
2021-05-20,569.5,583.2000122070312,567.5,572.1500244140625,4302709
2021-05-21,576.0,577.2999877929688,570.25,572.25,1083285
2021-05-24,589.6500244140625,599.9000244140625,571.2000122070312,573.2000122070312,9339511
2021-05-25,579.9500122070312,594.2000122070312,574.1500244140625,588.2999877929688,4705386
2021-05-26,591.9500122070312,596.9500122070312,588.2999877929688,590.8499755859375,2193455
2021-05-27,592.7999877929688,605.75,591.0499877929688,602.2000122070312,3921389
2021-05-28,607.0,613.4500122070312,596.8499755859375,611.25,2497007
2021-05-31,608.0,617.6500244140625,607.0999755859375,612.4500122070312,2167092
2021-06-01,616.0,624.4000244140625,610.5,612.4000244140625,2753791
2021-06-02,612.3499755859375,618.5,611.0999755859375,616.0999755859375,1091076
2021-06-03,617.0,617.7999877929688,609.75,614.2000122070312,1354140
2021-06-04,617.0,644.7999877929688,611.2999877929688,629.3499755859375,6477511
2021-06-07,635.0,642.0,626.5,633.3499755859375,2846455
2021-06-08,635.0,645.6500244140625,621.2000122070312,639.9500122070312,2613617
2021-06-09,642.0,647.9000244140625,628.2000122070312,632.5999755859375,2140346
2021-06-10,639.0,646.8499755859375,630.0499877929688,644.3499755859375,1866797
2021-06-11,647.5999755859375,656.0,643.2999877929688,646.0499877929688,2125935
2021-06-14,647.0,651.7999877929688,636.9000244140625,647.75,1330851
2021-06-15,651.0,659.0,646.9500122070312,652.75,1695689
2021-06-16,654.9500122070312,660.8499755859375,640.3499755859375,652.25,1441743
2021-06-17,645.0,674.5,644.9500122070312,662.7000122070312,5239072
2021-06-18,668.3499755859375,679.0,642.7999877929688,672.75,3412990
2021-06-21,657.0,680.4000244140625,655.5999755859375,671.1500244140625,2268647
2021-06-22,676.7999877929688,678.7999877929688,664.5499877929688,673.8499755859375,2262757
2021-06-23,683.7999877929688,684.0,660.0,663.7000122070312,1435280
2021-06-24,669.4500122070312,679.0,662.0999755859375,675.1500244140625,1495153
2021-06-25,678.0,680.4500122070312,659.0,664.2000122070312,1631192
2021-06-28,667.0,675.0,659.5999755859375,670.7999877929688,1265218
2021-06-29,671.5999755859375,677.5999755859375,664.0,667.5499877929688,988787
2021-06-30,668.0,673.9500122070312,660.2000122070312,661.6500244140625,879938
2021-07-01,664.0,666.8499755859375,660.5999755859375,663.9500122070312,880033
2021-07-02,663.0,666.0,660.2000122070312,662.4500122070312,1314519
2021-07-05,663.0999755859375,670.0,660.0499877929688,660.8499755859375,968320
2021-07-06,661.4000244140625,663.5999755859375,654.5,656.8499755859375,927820
2021-07-07,654.5999755859375,665.0,652.8499755859375,663.8499755859375,933315
2021-07-08,665.0,669.2999877929688,653.8499755859375,656.9000244140625,830310
2021-07-09,656.9000244140625,660.0,654.0,655.25,300258
2021-07-12,658.4000244140625,662.2000122070312,654.5499877929688,660.25,833537
2021-07-13,663.0,663.0,649.3499755859375,651.2999877929688,838252
2021-07-14,652.5,654.3499755859375,640.3499755859375,647.5,995306
2021-07-15,650.5,654.0499877929688,639.0,651.1500244140625,1244132
2021-07-16,643.0,674.2000122070312,633.25,667.4000244140625,10486985
2021-07-19,666.7999877929688,677.0,656.5999755859375,659.9500122070312,2325938
2021-07-20,659.5,664.9500122070312,649.2999877929688,653.6500244140625,1097891
2021-07-22,656.6500244140625,677.7999877929688,656.6500244140625,674.6500244140625,1689336
2021-07-23,680.0,688.4000244140625,663.7999877929688,683.4500122070312,3195921
2021-07-26,690.0,690.0,654.0999755859375,657.6500244140625,3710716
2021-07-27,657.9500122070312,662.0,642.5499877929688,644.5,1752498
2021-07-28,647.9000244140625,648.0,629.0999755859375,635.9500122070312,1844171
2021-07-29,640.0,643.0,633.4000244140625,638.0,984828
2021-07-30,640.4500122070312,648.0,637.0,640.75,1165344
2021-08-02,647.0,654.5,642.0,651.25,1045179
2021-08-03,652.0,667.0,650.25,652.5999755859375,1614724
2021-08-04,656.9000244140625,657.0499877929688,641.5,643.0499877929688,640150
2021-08-05,647.0,649.7000122070312,636.0,646.5999755859375,846984
2021-08-06,646.5,652.5999755859375,642.7000122070312,647.8499755859375,622651
2021-08-09,648.5,654.75,640.0,643.1500244140625,702209
2021-08-10,646.0,648.9500122070312,634.25,637.2999877929688,855463
2021-08-11,637.2999877929688,649.9000244140625,629.7000122070312,646.0499877929688,1765843
2021-08-12,651.4000244140625,659.0,645.3499755859375,655.9500122070312,1769937
2021-08-13,662.9000244140625,666.0,657.0,660.5,1678263
2021-08-16,660.0,660.7999877929688,654.1500244140625,656.6500244140625,750588
2021-08-17,656.6500244140625,666.0,650.0,660.2000122070312,842924
2021-08-18,658.1500244140625,728.7999877929688,658.1500244140625,724.4500122070312,17766746
2021-08-20,718.0,731.5999755859375,696.5499877929688,703.9000244140625,6318744
2021-08-23,715.5,715.5,695.75,701.8499755859375,2647125
2021-08-24,705.0,706.4000244140625,688.25,692.8499755859375,1621285
2021-08-25,693.5,695.4500122070312,678.25,683.6500244140625,1642981
2021-08-26,682.0999755859375,692.8499755859375,675.5499877929688,684.4000244140625,2759111
2021-08-27,685.0,704.9000244140625,681.3499755859375,700.4500122070312,2751709
2021-08-30,705.5,717.0,703.4500122070312,708.6500244140625,2026109
2021-08-31,710.0,725.7000122070312,707.0999755859375,715.1500244140625,2952559
2021-09-01,719.0,741.2999877929688,702.25,735.7000122070312,2617635
2021-09-02,745.0,760.9000244140625,739.4500122070312,748.0499877929688,6220305
2021-09-03,749.9500122070312,777.0,749.1500244140625,752.9500122070312,5197255
2021-09-06,757.0,759.2999877929688,746.2000122070312,749.2999877929688,1064115
2021-09-07,749.2999877929688,759.8499755859375,741.0,752.6500244140625,1383997
2021-09-08,752.8499755859375,759.75,740.0999755859375,748.0999755859375,1380649
2021-09-09,745.0,764.6500244140625,743.3499755859375,755.4000244140625,1267467
2021-09-13,757.0,759.1500244140625,749.0999755859375,754.5999755859375,889775
2021-09-14,754.5999755859375,771.7999877929688,752.5,758.9000244140625,2023070
2021-09-15,758.9000244140625,762.5999755859375,750.3499755859375,752.5499877929688,972664
2021-09-16,754.9500122070312,760.4000244140625,741.1500244140625,743.0999755859375,1847717
2021-09-17,744.0,768.5999755859375,740.7000122070312,741.75,3950356
2021-09-20,739.0,751.8499755859375,732.5,738.0,1632456
2021-09-21,739.9500122070312,750.6500244140625,728.5,746.8499755859375,1035741
2021-09-22,745.0,781.9500122070312,745.0,773.5,3854537
2021-09-23,784.0,843.5,775.3499755859375,829.1500244140625,15131123
2021-09-24,834.9500122070312,853.25,817.75,827.7000122070312,4833080
2021-09-27,830.0999755859375,834.4000244140625,806.0999755859375,821.6500244140625,2415356
2021-09-28,820.0,845.8499755859375,814.1500244140625,826.9500122070312,2897964
2021-09-29,819.0,835.2999877929688,817.0499877929688,827.1500244140625,1606839
2021-09-30,826.0,865.9500122070312,826.0,853.0999755859375,7981474
2021-10-01,855.0,869.4500122070312,840.0999755859375,865.1500244140625,3601848
2021-10-04,868.9500122070312,872.5999755859375,858.5999755859375,866.7999877929688,2235401
2021-10-05,865.0,886.6500244140625,863.0,882.3499755859375,3159781
2021-10-06,889.75,889.75,860.0,873.6500244140625,2535979
2021-10-07,878.9000244140625,915.9500122070312,878.0,902.7000122070312,3629362
2021-10-08,907.5,925.5,901.0,914.3499755859375,2406100
2021-10-11,910.0,918.5999755859375,893.0,895.7999877929688,1477775
2021-10-12,900.0,918.4500122070312,892.25,905.9000244140625,2944902
2021-10-13,913.0,919.7999877929688,897.5499877929688,901.0,2176597
2021-10-14,905.7000122070312,909.9000244140625,885.3499755859375,888.5999755859375,1085377
2021-10-18,903.2999877929688,903.2999877929688,880.0,883.5,1839400
2021-10-19,884.0999755859375,888.9000244140625,852.5499877929688,857.2999877929688,3110777
2021-10-20,859.0,863.0,836.3499755859375,839.0499877929688,3355223
2021-10-21,847.0,850.75,828.8499755859375,836.9500122070312,2284108
2021-10-22,840.9000244140625,852.2999877929688,826.0499877929688,833.9000244140625,1742596
2021-10-25,837.25,837.25,811.2000122070312,826.2999877929688,1361068
2021-10-26,831.2000122070312,844.9500122070312,826.75,834.4500122070312,1489536
2021-10-27,839.0,897.6500244140625,834.7000122070312,882.9000244140625,4033672
2021-10-28,920.0,944.75,876.7999877929688,892.5499877929688,16133086
2021-10-29,898.9000244140625,963.4000244140625,881.5,947.3499755859375,9686157
2021-11-01,964.9500122070312,991.7999877929688,943.25,973.5999755859375,6129953
2021-11-02,973.5,988.3499755859375,965.5,975.1500244140625,2146825
2021-11-03,980.0,994.2000122070312,958.8499755859375,962.0999755859375,3200769
2021-11-04,975.0,980.0,970.0,976.2000122070312,481222
2021-11-08,982.4000244140625,1012.0,967.5999755859375,999.0499877929688,3214798
2021-11-09,999.0,1019.9500122070312,993.1500244140625,1004.5,2937600
2021-11-10,1002.0,1005.2999877929688,967.0,970.5,1852255
2021-11-11,973.4000244140625,975.0,943.75,950.9000244140625,1898483
2021-11-12,954.0,966.0,950.0,958.5999755859375,1530182
2021-11-15,959.0,962.5,935.4000244140625,936.9500122070312,1693756
2021-11-16,936.5,949.7999877929688,930.5999755859375,935.2000122070312,1519795
2021-11-17,932.5,944.7000122070312,926.0,928.3499755859375,1289262
2021-11-18,933.0,951.0,900.2999877929688,920.0499877929688,3476119
2021-11-22,948.0,948.0,905.0499877929688,919.9500122070312,3460459
2021-11-23,916.4500122070312,937.7000122070312,910.0,930.9000244140625,1469479
2021-11-24,931.0,958.0999755859375,930.75,938.25,2847579
2021-11-25,944.0,946.9500122070312,928.7000122070312,942.3499755859375,1341040
2021-11-26,930.0,937.7999877929688,881.2999877929688,885.7000122070312,3412104
2021-11-29,882.0,900.0,862.0,890.0999755859375,2598008
2021-11-30,888.5999755859375,904.7999877929688,876.5,882.9500122070312,3194347
2021-12-01,890.0,898.0,869.1500244140625,874.0499877929688,1543968
2021-12-02,877.8499755859375,889.9000244140625,867.8499755859375,887.9500122070312,878830
2021-12-03,896.7999877929688,906.0,890.5,895.1500244140625,1865863
2021-12-06,898.0,901.7999877929688,875.0999755859375,878.4000244140625,1370051
2021-12-07,883.0,904.7000122070312,880.6500244140625,896.1500244140625,1137208
2021-12-08,899.0,919.0,899.0,916.2000122070312,1661995
2021-12-09,919.9500122070312,932.0,912.0,929.9500122070312,1651425
2021-12-10,929.7000122070312,934.6500244140625,921.5499877929688,925.2999877929688,1353888
2021-12-13,931.5,937.0999755859375,917.5,920.9000244140625,901611
2021-12-14,914.25,938.9000244140625,910.0,926.25,1280644
2021-12-15,929.5499877929688,929.5499877929688,915.9000244140625,922.0,455752
2021-12-16,926.0499877929688,932.6500244140625,918.0,922.4000244140625,813792
2021-12-17,922.0999755859375,925.9500122070312,878.2000122070312,882.7999877929688,1945227
2021-12-20,873.0,873.0,848.5,862.75,1479264
2021-12-21,863.2999877929688,902.3499755859375,863.2999877929688,888.8499755859375,1687523
2021-12-22,888.8499755859375,905.9500122070312,888.8499755859375,903.75,802240
2021-12-23,908.0,909.5999755859375,897.9000244140625,904.1500244140625,878774
2021-12-24,909.0499877929688,909.0499877929688,884.25,886.3499755859375,594280
2021-12-27,878.0999755859375,889.1500244140625,871.5499877929688,884.0999755859375,762754
2021-12-28,887.7999877929688,903.0,886.9000244140625,899.6500244140625,762782
2021-12-29,896.0999755859375,902.7999877929688,887.6500244140625,891.6500244140625,495351
2021-12-30,890.0,893.5,880.0999755859375,888.5999755859375,1067763
2021-12-31,889.0,905.0499877929688,889.0,898.25,1288352
2022-01-03,892.2999877929688,910.9500122070312,892.2999877929688,900.5999755859375,701976
2022-01-04,905.0999755859375,916.0,893.4000244140625,910.3499755859375,851040
2022-01-05,918.0,918.25,895.0999755859375,899.2000122070312,1264377
2022-01-06,895.0,899.2000122070312,884.1500244140625,896.9000244140625,1042611
2022-01-07,898.9000244140625,902.7999877929688,883.5499877929688,885.5,630249
2022-01-10,885.9500122070312,899.9500122070312,884.9500122070312,896.7999877929688,667948
2022-01-11,898.5,899.5999755859375,877.0,881.4000244140625,934861
2022-01-12,886.7999877929688,916.0499877929688,881.25,914.7000122070312,1883589
2022-01-13,916.0499877929688,950.5999755859375,910.2000122070312,942.3499755859375,4088111
2022-01-14,939.7999877929688,958.0,932.0999755859375,944.2000122070312,1892243
2022-01-17,946.0,958.0,937.5499877929688,946.5499877929688,1597608
2022-01-18,947.0,956.5,913.4500122070312,917.5499877929688,1587776
2022-01-19,921.4000244140625,934.25,906.75,923.5499877929688,1132268
2022-01-20,930.0,930.8499755859375,902.2000122070312,910.4500122070312,2049119
2022-01-21,910.0,921.2000122070312,890.1500244140625,899.2999877929688,1141509
2022-01-24,896.0,899.2999877929688,846.6500244140625,855.3499755859375,1910110
2022-01-25,850.0,882.4000244140625,831.5,874.9500122070312,2057540
2022-01-27,874.7999877929688,874.7999877929688,823.2999877929688,842.0999755859375,3179684
2022-01-28,852.0,875.4000244140625,845.75,854.9500122070312,2246342
2022-01-31,865.0,881.0999755859375,856.5499877929688,866.4000244140625,1556154
2022-02-01,870.0999755859375,886.1500244140625,862.5999755859375,880.8499755859375,1326673
2022-02-02,888.0,898.5,885.0,887.0499877929688,759682
2022-02-03,891.7999877929688,896.8499755859375,881.0,887.7000122070312,969604
2022-02-04,886.0999755859375,893.9000244140625,876.3499755859375,885.1500244140625,548582
2022-02-07,885.1500244140625,888.0999755859375,852.0999755859375,855.9000244140625,1952437
2022-02-08,856.0,865.9500122070312,843.25,847.7999877929688,1534006
2022-02-09,848.25,865.9500122070312,848.25,854.5999755859375,1010236
2022-02-10,858.7000122070312,864.9500122070312,843.5999755859375,861.3499755859375,820059
2022-02-11,862.0,862.0,840.6500244140625,844.2999877929688,1515571
2022-02-14,830.0,834.7999877929688,808.0499877929688,813.5999755859375,1479218
2022-02-15,820.0,854.0,816.2999877929688,851.6500244140625,2366674
2022-02-16,853.0,863.7999877929688,846.5999755859375,849.75,1116311
2022-02-17,856.7000122070312,861.9500122070312,846.6500244140625,851.1500244140625,977599
2022-02-18,846.2000122070312,849.2999877929688,834.0,835.9500122070312,1443436
2022-02-21,835.9500122070312,844.4000244140625,823.7999877929688,838.8499755859375,1174568
2022-02-22,826.0499877929688,841.5999755859375,822.0999755859375,838.9000244140625,1813004
2022-02-23,845.7999877929688,869.0,840.1500244140625,856.7000122070312,1847750
2022-02-24,840.0999755859375,859.2000122070312,829.4000244140625,844.5499877929688,5468778
2022-02-25,853.25,898.0,853.25,880.0499877929688,3874313
2022-02-28,880.0,894.0,865.6500244140625,885.1500244140625,2748107
2022-03-02,880.0499877929688,893.0,870.0,883.5999755859375,2254261
2022-03-03,891.0,893.5999755859375,871.5,876.75,3579885
2022-03-04,869.9500122070312,875.7000122070312,822.7999877929688,825.7999877929688,2153794
2022-03-07,810.0,814.5999755859375,765.2000122070312,775.0,2749718
2022-03-08,772.0,791.4500122070312,766.0999755859375,789.0999755859375,2322268
2022-03-09,790.9000244140625,822.0,782.7999877929688,817.0999755859375,1993280
2022-03-10,829.0,860.7000122070312,825.1500244140625,846.5499877929688,2544833
2022-03-11,839.0,856.0,838.2999877929688,851.8499755859375,1025573
2022-03-14,855.0,862.9500122070312,848.0,854.9000244140625,1081248
2022-03-15,854.7999877929688,865.9000244140625,851.0,858.25,1356249
2022-03-16,867.0,889.4500122070312,866.0,877.25,1966583
2022-03-17,889.25,922.0,885.75,919.5499877929688,3898848
2022-03-21,922.5499877929688,934.9000244140625,902.0,904.9500122070312,2156745
2022-03-22,904.5,918.2000122070312,886.2000122070312,916.1500244140625,1029613
2022-03-23,917.0,925.9500122070312,901.25,904.0999755859375,1478958
2022-03-24,900.0,915.9500122070312,896.0499877929688,905.7000122070312,1445436
2022-03-25,906.0,910.0,883.2000122070312,887.2000122070312,1549820
2022-03-28,889.9000244140625,891.7999877929688,868.75,872.0999755859375,1924067
2022-03-29,875.0499877929688,878.0,858.0,859.5999755859375,1498901
2022-03-30,865.0,883.7000122070312,861.5499877929688,880.25,2257862
2022-03-31,886.7999877929688,890.0,877.5999755859375,888.3499755859375,1101499
2022-04-01,889.0,904.75,882.2999877929688,899.4000244140625,1377931
2022-04-04,907.7999877929688,917.5999755859375,902.7999877929688,909.0999755859375,1032230
2022-04-05,913.0,937.6500244140625,910.9000244140625,928.2999877929688,1108730
2022-04-06,930.0,944.0,923.5,928.4500122070312,1523973
2022-04-07,932.9000244140625,932.9000244140625,900.6500244140625,902.6500244140625,1240662
2022-04-08,898.0,914.1500244140625,898.0,903.0999755859375,1295505
2022-04-11,902.9500122070312,917.5999755859375,899.4000244140625,910.4000244140625,793267
2022-04-12,907.0999755859375,916.0999755859375,892.2000122070312,900.4500122070312,995964
2022-04-13,906.0,912.0,891.3499755859375,893.9500122070312,1138781
2022-04-18,886.0,899.0,866.8499755859375,886.9000244140625,1534952
2022-04-19,892.0,904.0,850.4500122070312,859.0,994050
2022-04-20,862.7999877929688,873.2000122070312,858.1500244140625,863.0999755859375,978103
2022-04-21,873.0,881.0,866.0,871.1500244140625,960928
2022-04-22,871.0,884.5999755859375,866.0999755859375,872.2000122070312,1338384
2022-04-25,866.0,867.0,840.4500122070312,844.2999877929688,1009053
2022-04-26,855.0,871.8499755859375,850.8499755859375,870.3499755859375,1301427
2022-04-27,867.7999877929688,874.5499877929688,855.2999877929688,865.25,878716
2022-04-28,872.5999755859375,872.5999755859375,855.1500244140625,863.0499877929688,858615
2022-04-29,866.0,882.5,860.2000122070312,862.8499755859375,1524361
2022-05-02,857.5,857.9500122070312,835.0999755859375,846.0999755859375,834125
2022-05-04,854.2000122070312,858.9000244140625,821.75,825.7000122070312,715713
2022-05-05,834.0,842.75,814.0,817.4500122070312,995021
2022-05-06,808.0,820.4500122070312,798.0999755859375,817.4000244140625,1177251
2022-05-09,812.0,812.0,792.25,800.7000122070312,962919
2022-05-10,799.7999877929688,819.5499877929688,794.0499877929688,806.9000244140625,1272079
2022-05-11,804.25,819.75,793.7999877929688,810.5,1041950
2022-05-12,804.9000244140625,807.5499877929688,781.2000122070312,791.7000122070312,932166
2022-05-13,803.5999755859375,845.9500122070312,800.25,822.5499877929688,2148295
2022-05-16,817.5499877929688,819.9500122070312,798.2000122070312,810.9000244140625,1147390
2022-05-17,816.0,836.2000122070312,813.0499877929688,833.7000122070312,735774
2022-05-18,833.2000122070312,850.0,832.9500122070312,837.5999755859375,1065578
2022-05-19,807.0499877929688,824.9500122070312,791.0,795.7999877929688,1455374
2022-05-20,810.0,811.8499755859375,792.1500244140625,798.7999877929688,1343721
2022-05-23,800.0,802.7000122070312,781.0,783.7999877929688,1365475
2022-05-24,780.0,792.5499877929688,768.6500244140625,773.25,1035665
2022-05-25,773.25,782.0999755859375,742.2000122070312,746.0999755859375,1187130
2022-05-26,746.5,765.0,728.7999877929688,757.4000244140625,1665004
2022-05-27,767.0,787.4500122070312,764.6500244140625,777.7999877929688,1650821
2022-05-30,799.0,830.7999877929688,780.5499877929688,822.6500244140625,3971701
2022-05-31,810.0,825.8499755859375,805.3499755859375,809.4000244140625,1981144
2022-06-01,812.7000122070312,821.0,791.9000244140625,801.5,1025708
2022-06-02,802.0,829.0,801.5499877929688,824.2000122070312,2027812
2022-06-03,825.0,831.7999877929688,805.0,806.7000122070312,1141204
2022-06-06,805.0,806.5999755859375,793.5,802.5999755859375,428231
2022-06-07,800.0,801.8499755859375,783.0499877929688,790.0999755859375,655873
2022-06-08,794.0,794.0,768.7000122070312,771.5499877929688,1133798
2022-06-09,775.9000244140625,793.4000244140625,772.0,786.0999755859375,1634604
2022-06-10,780.9500122070312,788.75,772.5,786.3499755859375,829213
2022-06-13,774.0,783.7999877929688,765.0499877929688,780.2000122070312,894632
2022-06-14,779.0,784.5,763.4500122070312,767.9500122070312,832945
2022-06-15,771.0,779.9500122070312,761.0999755859375,768.2000122070312,754798
2022-06-16,777.0,777.0,739.6500244140625,747.4500122070312,1406780
2022-06-17,740.0,747.4500122070312,712.0,732.25,3085598
2022-06-20,735.0,751.0,724.0999755859375,737.9500122070312,785017
2022-06-21,740.0999755859375,757.0,740.0999755859375,753.75,615510
2022-06-22,753.0,755.0,736.0999755859375,748.5499877929688,1087362
2022-06-23,741.0,757.0499877929688,741.0,753.7999877929688,426649
2022-06-24,755.0999755859375,766.6500244140625,750.4500122070312,761.3499755859375,716566
2022-06-27,771.0,774.5999755859375,760.2999877929688,770.25,795387
2022-06-28,765.0,774.5,752.5,772.3499755859375,1000883
2022-06-29,761.0,770.4500122070312,741.1500244140625,745.75,1960095
2022-06-30,747.7000122070312,764.9000244140625,743.2999877929688,759.75,1328305
2022-07-01,760.5,791.5,754.0499877929688,788.7999877929688,2124003
2022-07-04,790.0,800.75,785.8499755859375,798.0999755859375,801738
2022-07-05,799.2000122070312,804.9000244140625,790.2999877929688,793.0499877929688,828031
2022-07-06,794.0,812.25,791.9500122070312,809.7000122070312,810926
2022-07-07,816.0,816.7999877929688,805.4000244140625,815.0,811550
2022-07-08,818.0,819.0,807.0,814.0499877929688,417876
2022-07-11,810.0,824.5,808.9500122070312,817.0999755859375,854397
2022-07-12,815.0,817.9500122070312,808.5499877929688,811.4500122070312,410581
2022-07-13,816.0,818.0,805.0,806.75,959665
2022-07-14,809.9500122070312,831.9000244140625,807.8499755859375,824.9000244140625,1723421
2022-07-15,829.9000244140625,834.0,820.9500122070312,823.9500122070312,672847
2022-07-18,826.9500122070312,834.0499877929688,824.2000122070312,831.1500244140625,568407
2022-07-19,829.0,834.25,817.7000122070312,821.5,788414
2022-07-20,828.9000244140625,828.9000244140625,813.0,816.8499755859375,793719
2022-07-21,819.8499755859375,850.0999755859375,814.75,843.4000244140625,1788878
2022-07-22,847.4000244140625,848.8499755859375,834.1500244140625,843.9500122070312,734646
2022-07-25,844.0,870.0,838.5999755859375,865.25,1201643
2022-07-26,867.9000244140625,868.4500122070312,846.0,850.3499755859375,1018445
2022-07-27,835.0,837.4000244140625,785.0999755859375,792.9000244140625,6620183
2022-07-28,800.0,800.0,776.9000244140625,780.6500244140625,3417970
2022-07-29,785.0,792.2999877929688,776.2999877929688,779.0,1544031
2022-08-01,782.0,795.5,773.6500244140625,793.5,1559712
2022-08-02,793.5,796.0,781.4000244140625,785.4500122070312,1201738
2022-08-03,785.4500122070312,785.4500122070312,765.0,775.0,1989560
2022-08-04,783.0,794.0,774.0,786.2000122070312,1086913
2022-08-05,789.0,797.5999755859375,783.2000122070312,786.5,1383706
2022-08-08,789.9000244140625,789.9000244140625,777.8499755859375,781.0999755859375,917828
2022-08-10,782.9000244140625,783.9500122070312,770.9000244140625,776.2999877929688,1071170
2022-08-11,780.0,792.0,777.5499877929688,784.9500122070312,1861706
2022-08-12,784.9500122070312,798.0,779.1500244140625,788.25,815515
2022-08-16,795.0,814.5,788.0,811.3499755859375,2092015
2022-08-17,813.0,815.7000122070312,797.2999877929688,806.75,2071513
2022-08-18,804.0,815.7999877929688,798.0999755859375,808.3499755859375,1046049
2022-08-19,813.0,813.7000122070312,787.2999877929688,792.0,1450973
2022-08-22,789.9000244140625,795.0,770.2000122070312,773.7999877929688,1540261
2022-08-23,767.0,774.7999877929688,760.8499755859375,767.7000122070312,2714460
2022-08-24,778.0,788.5,763.3499755859375,775.7999877929688,3988498
2022-08-25,784.7999877929688,833.5,782.0499877929688,815.9000244140625,9101610
2022-08-26,816.75,823.4500122070312,798.5499877929688,810.6500244140625,2592769
2022-08-29,790.0,808.75,786.0,802.1500244140625,1315318
2022-08-30,814.0999755859375,819.4500122070312,803.4000244140625,811.8499755859375,2451106
2022-09-01,812.75,819.9000244140625,804.0,810.0,1351115
2022-09-02,813.9000244140625,834.7000122070312,806.5499877929688,824.2999877929688,2959818
2022-09-05,828.5,831.25,810.4500122070312,818.5499877929688,1683307
2022-09-06,825.6500244140625,825.9500122070312,811.2000122070312,817.2000122070312,967650
2022-09-07,816.5499877929688,818.2000122070312,802.5499877929688,806.1500244140625,1590828
2022-09-08,812.7000122070312,816.0,798.2999877929688,801.4500122070312,811942
2022-09-09,809.4000244140625,815.4500122070312,802.2999877929688,808.1500244140625,998822
2022-09-12,811.5,842.5999755859375,808.1500244140625,838.4000244140625,2705885
2022-09-13,843.9500122070312,847.25,835.0,837.5499877929688,1931057
2022-09-14,827.0,866.0,822.0,852.7999877929688,2832665
2022-09-15,858.0,863.0,833.5499877929688,853.6500244140625,2028845
2022-09-16,858.0,876.0,825.0,838.0999755859375,5451840
2022-09-19,837.9500122070312,858.2000122070312,828.6500244140625,851.3499755859375,2216082
2022-09-20,862.9000244140625,881.0,851.8499755859375,870.6500244140625,3018580
2022-09-21,875.0,892.4500122070312,866.3499755859375,873.1500244140625,3949758
2022-09-22,871.9500122070312,884.75,855.5499877929688,875.1500244140625,2295819
2022-09-23,876.7999877929688,886.0,863.0,871.2999877929688,2072105
2022-09-26,863.9000244140625,864.0,830.5499877929688,845.75,1978562
2022-09-27,848.0,868.7000122070312,845.0,859.0999755859375,2081748
2022-09-28,852.8499755859375,867.1500244140625,843.5499877929688,849.2999877929688,2136906
2022-09-29,855.0,858.75,825.8499755859375,839.2999877929688,1997629
2022-09-30,843.5,850.8499755859375,825.4500122070312,842.2999877929688,3581734
2022-10-03,830.0,844.5,820.7000122070312,827.2999877929688,1728864
2022-10-04,838.0,864.5499877929688,834.0999755859375,861.5999755859375,2550163
2022-10-06,872.7999877929688,874.0,858.0,864.7999877929688,1926301
2022-10-07,864.0,884.0,857.0,874.4500122070312,2177648
2022-10-10,859.7000122070312,865.0,852.5,857.9500122070312,1030110
2022-10-11,861.0,861.0,808.0,815.5999755859375,2367997
2022-10-12,819.0,841.6500244140625,802.0,837.5,2922626
2022-10-13,831.25,842.0,824.0,827.1500244140625,1076032
2022-10-14,843.0,845.0,821.1500244140625,823.5,1078914
2022-10-17,823.0,829.3499755859375,817.5,825.75,526152
2022-10-18,830.0,836.7999877929688,827.5999755859375,834.1500244140625,748435
2022-10-19,838.3499755859375,844.5999755859375,825.0,828.5499877929688,872474
2022-10-20,829.0,835.5999755859375,820.7999877929688,830.9500122070312,1024335
2022-10-21,835.1500244140625,837.4500122070312,815.7000122070312,820.5999755859375,1480648
2022-10-24,839.9500122070312,839.9500122070312,827.5,835.4500122070312,582843
2022-10-25,839.0,871.5,834.25,863.5,3972295
2022-10-27,866.1500244140625,877.5,860.5,873.6500244140625,1668130
2022-10-28,875.0,879.0,860.0,873.25,921996
2022-10-31,875.2999877929688,899.0,872.0999755859375,896.3499755859375,2082894
2022-11-01,900.0,902.25,890.5,894.5499877929688,1708048
2022-11-02,894.5499877929688,904.2999877929688,887.0,894.0,1621348
2022-11-03,889.0,901.9000244140625,884.5,893.25,998190
2022-11-04,894.9000244140625,897.75,881.6500244140625,884.4500122070312,879336
2022-11-07,885.0,897.0,883.7000122070312,894.25,715350
2022-11-09,899.0,903.5499877929688,872.25,876.7000122070312,858084
2022-11-10,877.0999755859375,882.0,870.1500244140625,879.2999877929688,781360
2022-11-11,884.6500244140625,891.4500122070312,880.0,884.9000244140625,1164676
2022-11-14,884.8499755859375,890.0499877929688,875.9500122070312,881.4000244140625,426011
2022-11-15,885.0,908.0,875.0,905.5999755859375,2121221
2022-11-16,910.1500244140625,913.7999877929688,880.0999755859375,888.7000122070312,1792803
2022-11-17,891.0,891.0,865.7999877929688,882.5999755859375,1248940
2022-11-18,887.0499877929688,887.0499877929688,861.25,874.0499877929688,1227016
2022-11-21,874.0499877929688,877.9500122070312,865.1500244140625,876.4500122070312,732762
2022-11-22,873.75,881.75,871.0,879.4000244140625,510130
2022-11-23,883.7999877929688,889.4000244140625,876.0,878.7999877929688,632485
2022-11-24,880.5,885.0,875.25,881.6500244140625,690259
2022-11-25,884.0,899.9000244140625,876.1500244140625,889.3499755859375,1261861
2022-11-28,893.2999877929688,911.0,884.75,900.3499755859375,1549756
2022-11-29,900.0,919.8499755859375,894.0499877929688,907.4500122070312,2303417
2022-11-30,911.9000244140625,934.8499755859375,908.25,932.2999877929688,3658663
2022-12-01,937.0,937.7000122070312,921.7000122070312,926.0499877929688,1348885
2022-12-02,930.0,939.9500122070312,924.5,935.9000244140625,1578503
2022-12-05,937.0,939.1500244140625,921.5999755859375,929.5999755859375,1024143
2022-12-06,929.5999755859375,936.8499755859375,923.1500244140625,932.0999755859375,558757
2022-12-07,932.0,937.6500244140625,926.2999877929688,935.0499877929688,1143644
2022-12-08,940.0,947.0,935.0,941.8499755859375,867087
2022-12-09,946.5999755859375,951.7999877929688,928.3499755859375,938.0,1261935
2022-12-12,938.5,942.2999877929688,927.5999755859375,932.5499877929688,991836
2022-12-13,932.5999755859375,936.8499755859375,922.0499877929688,932.25,837466
2022-12-14,932.5499877929688,937.7000122070312,930.8499755859375,934.5,563572
2022-12-15,934.5,944.2000122070312,930.5499877929688,939.0,1291666
2022-12-16,933.0,939.5499877929688,902.0,903.5999755859375,1324668
2022-12-19,905.0,917.2000122070312,898.0999755859375,914.2000122070312,671714
2022-12-20,914.2000122070312,919.7999877929688,905.0,917.9500122070312,452102
2022-12-21,917.5499877929688,922.0,900.0499877929688,903.0,715559
2022-12-22,903.0,909.0,890.3499755859375,898.0499877929688,519054
2022-12-23,890.0,895.9000244140625,870.75,874.25,985112
2022-12-26,874.2000122070312,888.0499877929688,864.4500122070312,881.0999755859375,625140
2022-12-27,888.4000244140625,890.0,879.0,880.6500244140625,561475
2022-12-28,880.5,883.5999755859375,875.0,877.2000122070312,587480
2022-12-29,876.9500122070312,882.75,865.5499877929688,878.1500244140625,1380769
2022-12-30,891.4000244140625,892.0,875.2000122070312,877.5499877929688,1033608
2023-01-02,875.0,882.2000122070312,864.9500122070312,869.7000122070312,666141
2023-01-03,874.0999755859375,874.0999755859375,858.7999877929688,865.0499877929688,750764
2023-01-04,865.0,867.1500244140625,848.2000122070312,851.4500122070312,998970
2023-01-05,855.0,861.0,840.2999877929688,850.2000122070312,1125318
2023-01-06,851.2000122070312,862.9500122070312,849.0999755859375,856.5,742874
2023-01-09,860.7999877929688,866.9000244140625,857.5499877929688,863.0999755859375,535278
2023-01-10,864.7000122070312,867.0999755859375,854.0499877929688,864.0999755859375,599702
2023-01-11,864.0999755859375,871.6500244140625,860.8499755859375,868.5,724011
2023-01-12,873.5999755859375,873.5999755859375,855.0,857.75,607382
2023-01-13,857.75,858.75,842.7999877929688,846.0,594110
2023-01-16,847.2999877929688,850.9000244140625,841.2999877929688,844.25,462115
2023-01-17,844.25,851.4000244140625,837.0499877929688,849.7999877929688,770203
2023-01-18,850.0999755859375,854.0,846.0,849.4500122070312,359401
2023-01-19,848.25,849.0,833.5,834.9000244140625,457764
2023-01-20,834.0,837.0999755859375,818.9000244140625,821.9500122070312,806691
2023-01-23,825.0,831.5499877929688,818.7999877929688,828.9000244140625,519973
2023-01-24,829.9000244140625,830.0499877929688,813.7000122070312,816.7000122070312,737979
2023-01-25,799.0,803.0,765.0,768.5499877929688,4460372
2023-01-27,764.75,773.9000244140625,738.7999877929688,767.1500244140625,4073654
2023-01-30,769.0499877929688,778.0,754.7000122070312,765.8499755859375,2693103
2023-01-31,767.75,771.4000244140625,752.9500122070312,768.6500244140625,2194356
2023-02-01,776.0,785.8499755859375,753.3499755859375,770.5,2176984
2023-02-02,761.5499877929688,777.0,758.9000244140625,771.25,1263924
2023-02-03,771.9000244140625,775.1500244140625,761.3499755859375,768.8499755859375,710330
2023-02-06,772.7000122070312,782.5499877929688,767.5999755859375,780.4000244140625,924556
2023-02-07,784.0,786.0,771.0,780.2999877929688,857173
2023-02-08,780.4000244140625,793.2999877929688,780.3499755859375,791.2000122070312,910308
2023-02-09,792.0999755859375,795.0,786.6500244140625,791.9000244140625,484673
2023-02-10,786.2999877929688,793.9000244140625,778.6500244140625,780.0499877929688,1339250
2023-02-13,780.0,788.9000244140625,775.0,777.75,833249
2023-02-14,777.0999755859375,778.2000122070312,771.0,772.8499755859375,385913
2023-02-15,771.0499877929688,790.0,771.0499877929688,787.8499755859375,1274574
2023-02-16,796.4000244140625,796.4000244140625,783.3499755859375,786.6500244140625,461526
2023-02-17,773.0,783.0,766.6500244140625,771.7999877929688,908426
2023-02-20,773.75,776.9500122070312,763.0,765.75,728784
2023-02-21,770.4500122070312,770.4500122070312,751.4000244140625,752.75,599089
2023-02-22,752.0,752.0,742.0,745.5499877929688,595470
2023-02-23,747.0,752.4000244140625,737.5499877929688,741.7000122070312,914936
2023-02-24,745.4500122070312,746.4000244140625,738.5999755859375,743.4000244140625,626374
2023-02-27,743.7000122070312,746.2999877929688,730.5499877929688,740.0,772559
2023-02-28,740.0,748.6500244140625,735.5,740.5999755859375,797913
2023-03-01,741.0,745.8499755859375,738.2000122070312,741.8499755859375,985924
2023-03-02,745.5999755859375,746.25,734.0499877929688,735.6500244140625,518797
2023-03-03,739.0,762.7000122070312,737.6500244140625,756.0,1238246
2023-03-06,759.9000244140625,760.8499755859375,754.0999755859375,756.4500122070312,935557
2023-03-08,754.0999755859375,754.2999877929688,744.2999877929688,751.2999877929688,873905
2023-03-09,751.2999877929688,756.2999877929688,742.2999877929688,744.75,550651
2023-03-10,742.25,748.4000244140625,734.4000244140625,746.8499755859375,542803
2023-03-13,743.0,755.7999877929688,742.5,754.4000244140625,1719241
2023-03-14,757.1500244140625,770.5499877929688,756.0999755859375,768.3499755859375,2025278
2023-03-15,774.9500122070312,778.7999877929688,760.7000122070312,761.9500122070312,1442589
2023-03-16,763.9500122070312,780.6500244140625,755.0,776.4500122070312,1429107
2023-03-17,777.4000244140625,780.3499755859375,768.0,770.6500244140625,1446809
2023-03-20,756.0,776.75,756.0,765.8499755859375,478756
2023-03-21,767.5,772.5,761.2000122070312,770.0499877929688,668979
2023-03-22,771.0,779.6500244140625,770.0,776.2999877929688,852759
2023-03-23,777.1500244140625,787.4500122070312,766.3499755859375,768.75,1236561
2023-03-24,767.0,773.7000122070312,761.5999755859375,763.75,515568
2023-03-27,765.0,765.75,746.0,749.4500122070312,530247
2023-03-28,745.0,749.9000244140625,737.7000122070312,739.2999877929688,804259
2023-03-29,740.0499877929688,747.0,735.9000244140625,740.9500122070312,824570
2023-03-31,743.75,758.25,742.0999755859375,756.2999877929688,996821
2023-04-03,763.0,763.6500244140625,749.4500122070312,750.6500244140625,756161
2023-04-05,750.6500244140625,757.0999755859375,743.0,755.5499877929688,913185
2023-04-06,757.0,761.0,751.9500122070312,756.4500122070312,463499
2023-04-10,759.0,759.0,741.5,750.9000244140625,1571166
2023-04-11,754.0,755.5999755859375,744.2999877929688,748.75,752976
2023-04-12,750.3499755859375,767.75,748.4000244140625,766.1500244140625,841161
2023-04-13,768.0,768.7999877929688,758.25,762.0499877929688,390070
2023-04-17,764.8499755859375,769.5999755859375,759.5,765.4500122070312,771167
2023-04-18,768.7000122070312,785.4500122070312,762.0,775.0,1410292
2023-04-19,774.9000244140625,774.9000244140625,757.0499877929688,758.0999755859375,989817
2023-04-20,759.8499755859375,762.3499755859375,756.4000244140625,757.6500244140625,554638
2023-04-21,758.0,763.2000122070312,754.25,759.9500122070312,702807
2023-04-24,760.0499877929688,768.5,760.0499877929688,765.6500244140625,766583
2023-04-25,769.0,774.0,763.5,771.1500244140625,677824
2023-04-26,770.9500122070312,778.4000244140625,764.5,776.1500244140625,688140
2023-04-27,774.8499755859375,775.5,763.7000122070312,767.7999877929688,783910
2023-04-28,764.0999755859375,782.7999877929688,764.0999755859375,777.1500244140625,1350446
2023-05-02,777.0499877929688,784.7000122070312,774.25,779.2000122070312,626485
2023-05-03,779.0,797.5,771.2999877929688,785.8499755859375,1461628
2023-05-04,789.9000244140625,789.9000244140625,780.5499877929688,783.5999755859375,510695
2023-05-05,782.2000122070312,797.8499755859375,781.7999877929688,787.0499877929688,1177524
2023-05-08,790.0,796.0,788.0499877929688,793.9000244140625,482419
2023-05-09,794.75,806.0,789.0,792.4000244140625,1096632
2023-05-10,794.0,799.7999877929688,788.0999755859375,794.0499877929688,754121
2023-05-11,798.5,800.75,792.9500122070312,795.8499755859375,462545
2023-05-12,795.9500122070312,800.75,792.2000122070312,795.5499877929688,672108
2023-05-15,795.5499877929688,811.2000122070312,790.5499877929688,805.6500244140625,911312
2023-05-16,810.0,811.0,800.2000122070312,802.4500122070312,483145
2023-05-17,801.0,804.1500244140625,792.0499877929688,796.1500244140625,557758
2023-05-18,797.8499755859375,805.0,791.0,797.0,469018
2023-05-19,790.0,821.2000122070312,781.0,817.0499877929688,3025568
2023-05-22,822.0,825.5999755859375,812.0,823.6500244140625,857453
2023-05-23,825.0,826.4000244140625,819.4000244140625,821.9500122070312,1073977
2023-05-24,820.0,838.2000122070312,818.5,835.2999877929688,892521
2023-05-25,836.9000244140625,842.7999877929688,831.0499877929688,841.2999877929688,666410
2023-05-26,838.5,860.7000122070312,838.0999755859375,858.6500244140625,1750270
2023-05-29,858.9500122070312,868.0999755859375,851.5499877929688,866.5499877929688,1512222
2023-05-30,866.5499877929688,869.5999755859375,859.5499877929688,867.1500244140625,770563
2023-05-31,870.0,885.8499755859375,867.0,883.5,1533930
2023-06-01,883.0,888.5,872.4000244140625,876.1500244140625,545741
2023-06-02,882.0,882.5499877929688,871.5,874.6500244140625,503772
2023-06-05,873.0,882.0,866.5,876.1500244140625,439560
2023-06-06,874.9000244140625,878.3499755859375,864.5,867.0,301807
2023-06-07,869.9000244140625,878.0499877929688,866.3499755859375,875.4500122070312,792531
2023-06-08,879.0,879.5,866.2000122070312,871.0499877929688,826968
2023-06-09,871.0499877929688,894.0,870.1500244140625,888.2000122070312,1041577
2023-06-12,891.0,892.8499755859375,872.0,880.75,692376
2023-06-13,880.9500122070312,896.0999755859375,880.9000244140625,893.5,568855
2023-06-14,895.25,906.75,889.4000244140625,898.0499877929688,719762
2023-06-15,898.0,900.0,888.2999877929688,896.0499877929688,465225
2023-06-16,903.4500122070312,911.7999877929688,896.8499755859375,909.3499755859375,701638
2023-06-19,913.0,919.9500122070312,896.5,899.0499877929688,414584
2023-06-20,898.9000244140625,898.9000244140625,889.3499755859375,891.75,585057
2023-06-21,895.0,906.5499877929688,892.7000122070312,896.4000244140625,689890
2023-06-22,896.2999877929688,905.0999755859375,892.4000244140625,894.25,538864
2023-06-23,892.0,909.0,888.3499755859375,906.5999755859375,953329
2023-06-26,906.0499877929688,908.0,896.4000244140625,901.0,811669
2023-06-27,906.75,915.7999877929688,897.25,910.0,784408
2023-06-28,915.0,921.9000244140625,910.7999877929688,913.2000122070312,747306
2023-06-30,915.0,922.4500122070312,909.5999755859375,912.2000122070312,460345
2023-07-03,913.0999755859375,931.75,909.5999755859375,920.0499877929688,691211
2023-07-04,920.0499877929688,926.9000244140625,914.0,917.6500244140625,527033
2023-07-05,919.7000122070312,940.5,919.0,930.0499877929688,1040442
2023-07-06,932.7999877929688,949.9000244140625,924.3499755859375,944.0499877929688,732653
2023-07-07,942.0499877929688,943.0,911.4500122070312,914.6500244140625,1243755
2023-07-10,907.3499755859375,920.5999755859375,905.2000122070312,914.9000244140625,896148
2023-07-11,919.0,927.4500122070312,909.5,925.3499755859375,680447
2023-07-12,929.5,939.5,918.75,929.1500244140625,1160673
2023-07-13,929.4500122070312,939.5,917.0999755859375,924.5,793742
2023-07-14,926.9500122070312,947.4500122070312,924.9000244140625,944.7999877929688,964936
2023-07-17,946.3499755859375,978.2999877929688,946.3499755859375,973.1500244140625,2349402
2023-07-18,977.0999755859375,982.5,954.0,960.2999877929688,1098883
2023-07-19,960.2999877929688,976.75,960.2999877929688,970.9500122070312,1270000
2023-07-20,972.0499877929688,977.0499877929688,962.0999755859375,975.0499877929688,1466161
2023-07-21,995.0,1044.0,975.0999755859375,1039.050048828125,8346024
2023-07-24,1049.0,1049.0,973.25,977.6500244140625,6109585
2023-07-25,986.1500244140625,990.0,974.0,983.4500122070312,1475852
2023-07-26,989.4500122070312,998.9000244140625,977.4000244140625,983.9000244140625,1287267
2023-07-27,988.9000244140625,999.5,983.2999877929688,996.9500122070312,1192702
2023-07-28,1000.5999755859375,1014.0,991.5999755859375,1011.8499755859375,1315502
2023-07-31,1014.0,1019.75,1004.4500122070312,1015.8499755859375,787817
2023-08-01,1018.0,1030.0,1013.2000122070312,1017.75,958075
2023-08-02,1017.8499755859375,1018.0,986.0499877929688,1003.5999755859375,898416
2023-08-03,1005.2000122070312,1013.7999877929688,995.0,1002.4000244140625,571218
2023-08-04,1006.7999877929688,1009.0,996.4500122070312,1005.9500122070312,382504
2023-08-07,1003.0499877929688,1009.0,990.2000122070312,1005.9000244140625,681753
2023-08-08,1010.0,1021.9000244140625,1006.5,1019.6500244140625,860792
2023-08-09,1022.25,1024.0,1008.1500244140625,1018.5999755859375,428259
2023-08-10,1018.5999755859375,1018.7999877929688,1007.5999755859375,1010.8499755859375,280293
2023-08-11,1006.0499877929688,1009.9000244140625,985.0,987.5999755859375,552202
2023-08-14,987.5999755859375,995.7000122070312,981.5499877929688,986.75,813223
2023-08-16,985.6500244140625,996.4000244140625,976.0499877929688,995.1500244140625,550173
2023-08-17,997.0999755859375,1007.8499755859375,984.7999877929688,1002.7999877929688,1244731
2023-08-18,1009.0999755859375,1014.1500244140625,992.5999755859375,995.4500122070312,768977
2023-08-21,1000.0,1006.8499755859375,988.8499755859375,1002.5,516608
2023-08-22,1005.75,1036.550048828125,1000.0,1034.199951171875,1504647
2023-08-23,1040.050048828125,1041.199951171875,1010.1500244140625,1013.8499755859375,1057293
2023-08-24,1019.0,1030.699951171875,1015.8499755859375,1018.75,651292
2023-08-25,1017.2000122070312,1018.4500122070312,1002.0499877929688,1008.1500244140625,711399
2023-08-28,1008.9500122070312,1015.7000122070312,997.2000122070312,1000.3499755859375,403389
2023-08-29,1007.0,1016.4000244140625,1000.0,1003.4500122070312,799395
2023-08-30,1003.4500122070312,1020.5,1003.4500122070312,1013.3499755859375,604846
2023-08-31,1020.0,1020.0,1000.3499755859375,1007.5499877929688,998409
2023-09-01,1008.0,1020.5999755859375,1005.0,1012.4500122070312,466577
2023-09-04,1014.0,1031.0,1002.5999755859375,1024.8499755859375,721197
2023-09-05,1027.6500244140625,1035.0,1022.7000122070312,1031.6500244140625,660018
2023-09-06,1032.0,1068.949951171875,1020.5,1058.699951171875,2101361
2023-09-07,1063.949951171875,1065.949951171875,1050.0,1052.199951171875,1064869
2023-09-08,1056.0999755859375,1063.0,1048.050048828125,1055.199951171875,671258
2023-09-11,1061.949951171875,1072.8499755859375,1054.75,1067.1500244140625,932525
2023-09-12,1065.0999755859375,1069.0999755859375,1030.25,1037.699951171875,1238905
2023-09-13,1036.949951171875,1059.050048828125,1022.5,1029.4000244140625,769157
2023-09-14,1032.5,1067.5999755859375,1032.5,1065.25,1450831
2023-09-15,1074.949951171875,1074.949951171875,1043.5,1048.949951171875,1025493
2023-09-18,1049.550048828125,1050.0,1033.800048828125,1044.550048828125,515926
2023-09-20,1039.949951171875,1045.5999755859375,1025.0,1038.699951171875,416251
2023-09-21,1038.0,1038.0,1007.7999877929688,1018.5,1000226
2023-09-22,1010.25,1026.75,1002.3499755859375,1017.4500122070312,865651
2023-09-25,1022.0,1024.3499755859375,1010.1500244140625,1017.9500122070312,482925
2023-09-26,1018.0,1022.3499755859375,1011.0,1013.9000244140625,334094
2023-09-27,1014.5999755859375,1019.5999755859375,1007.0499877929688,1017.0,477461
2023-09-28,1011.2000122070312,1018.9000244140625,998.75,1002.0499877929688,974562
2023-09-29,1007.3499755859375,1015.0,995.0,1007.25,682357
2023-10-03,1004.9000244140625,1008.0,996.9000244140625,998.75,330560
2023-10-04,998.75,999.9500122070312,981.3499755859375,985.75,734244
2023-10-05,990.9000244140625,1014.2000122070312,990.0999755859375,1011.5,628247
2023-10-06,1016.9500122070312,1027.0,1008.0,1024.6500244140625,466321
2023-10-09,1030.699951171875,1031.4000244140625,1005.9500122070312,1014.5,1215500
2023-10-10,1016.25,1036.0,1014.5,1024.800048828125,886292
2023-10-11,1036.699951171875,1054.0,1032.75,1050.3499755859375,1406477
2023-10-12,1052.949951171875,1062.300048828125,1045.0999755859375,1053.25,911102
2023-10-13,1051.0,1087.800048828125,1046.199951171875,1068.25,1415702
2023-10-16,1069.8499755859375,1086.8499755859375,1062.300048828125,1078.0,988255
2023-10-17,1086.8499755859375,1098.0,1080.75,1086.4000244140625,1988932
2023-10-18,1086.0,1086.0,1050.699951171875,1056.3499755859375,889566
2023-10-19,1042.0,1052.4000244140625,1028.75,1046.050048828125,991916
2023-10-20,1044.0,1046.25,1034.4000244140625,1040.0999755859375,660749
2023-10-23,1030.0,1036.5999755859375,1007.75,1012.0999755859375,547657
2023-10-25,1012.0999755859375,1029.6500244140625,1007.1500244140625,1011.0,487319
2023-10-26,1011.0,1015.5499877929688,993.8499755859375,1010.75,744678
2023-10-27,1025.5,1038.3499755859375,1016.8499755859375,1021.9500122070312,702387
2023-10-30,1029.0,1032.449951171875,1011.25,1027.800048828125,667943
2023-10-31,1027.800048828125,1039.6500244140625,1018.4000244140625,1032.199951171875,469941
2023-11-01,1034.949951171875,1050.300048828125,1030.3499755859375,1045.6500244140625,682202
2023-11-02,1055.0,1064.699951171875,1040.949951171875,1057.25,905238
2023-11-03,1062.0,1075.0,1058.300048828125,1071.199951171875,1358472
2023-11-06,1075.0,1082.5,1068.3499755859375,1070.3499755859375,562008
2023-11-07,1071.0,1085.0,1066.0,1082.699951171875,389438
2023-11-08,1084.800048828125,1107.5999755859375,1070.0,1099.550048828125,765818
2023-11-09,1100.0,1110.0,1072.550048828125,1097.0999755859375,1940488
2023-11-10,1080.0,1080.0,1023.9500122070312,1044.3499755859375,4108910
2023-11-13,1051.9000244140625,1054.949951171875,1038.5,1044.949951171875,1355917
2023-11-15,1063.0,1063.0,1043.550048828125,1046.0999755859375,1302729
2023-11-16,1037.0999755859375,1042.300048828125,1027.0,1040.6500244140625,1451826
2023-11-17,1044.949951171875,1063.4000244140625,1040.0,1056.449951171875,818777
2023-11-20,1060.050048828125,1065.300048828125,1056.0999755859375,1060.0,481392
2023-11-21,1063.0,1065.5,1044.25,1053.0999755859375,405678
2023-11-22,1053.0999755859375,1063.8499755859375,1046.0,1056.0999755859375,435188
2023-11-23,1052.199951171875,1064.050048828125,1052.199951171875,1060.050048828125,522209
2023-11-24,1063.0,1064.699951171875,1040.0,1042.5,457015
2023-11-28,1044.949951171875,1045.0,1032.050048828125,1041.1500244140625,638605
2023-11-29,1043.949951171875,1052.1500244140625,1038.300048828125,1050.550048828125,645953
2023-11-30,1052.800048828125,1060.5,1042.300048828125,1048.8499755859375,2154075
2023-12-01,1049.949951171875,1057.0,1047.699951171875,1053.800048828125,269341
2023-12-04,1057.5999755859375,1061.699951171875,1046.75,1050.3499755859375,1137943
2023-12-05,1050.0,1081.5,1049.300048828125,1068.9000244140625,1249769
2023-12-06,1077.4000244140625,1077.4000244140625,1056.300048828125,1061.949951171875,2379141
2023-12-07,1061.949951171875,1073.699951171875,1057.5,1066.050048828125,832078
2023-12-08,1069.0,1073.0,1032.75,1045.25,908224
2023-12-11,1043.0,1052.0,1041.300048828125,1047.5999755859375,569735
2023-12-12,1052.0,1056.9000244140625,1043.199951171875,1050.0,697698
2023-12-13,1056.0,1074.4000244140625,1048.25,1072.5999755859375,1473906
2023-12-14,1083.8499755859375,1089.9000244140625,1076.550048828125,1084.800048828125,2077791
2023-12-15,1092.0,1095.0,1078.050048828125,1083.25,1322021
2023-12-18,1079.300048828125,1115.75,1061.300048828125,1105.1500244140625,1780071
2023-12-19,1111.0,1112.949951171875,1083.050048828125,1086.25,1062384
2023-12-20,1090.0,1095.0,1050.0,1059.949951171875,1312725
2023-12-21,1050.0,1067.800048828125,1047.550048828125,1059.199951171875,1214989
2023-12-22,1061.0,1084.5,1061.0,1076.0,624137
2023-12-26,1097.300048828125,1108.9000244140625,1072.199951171875,1077.050048828125,784200
2023-12-27,1078.949951171875,1090.050048828125,1075.3499755859375,1083.199951171875,502279
2023-12-28,1086.4000244140625,1103.800048828125,1083.0,1093.800048828125,685526
2023-12-29,1093.800048828125,1122.0,1085.4000244140625,1117.75,1411353
2024-01-01,1124.0,1125.0,1101.8499755859375,1107.199951171875,563368
2024-01-02,1110.9000244140625,1113.8499755859375,1078.800048828125,1093.9000244140625,686566
2024-01-03,1097.199951171875,1105.0999755859375,1085.050048828125,1098.199951171875,444285
2024-01-04,1102.0,1114.550048828125,1100.5999755859375,1108.5999755859375,512069
2024-01-05,1110.0,1117.3499755859375,1093.199951171875,1101.050048828125,616100
2024-01-08,1110.050048828125,1127.1500244140625,1095.0,1097.800048828125,1238667
2024-01-09,1097.0,1110.3499755859375,1080.0999755859375,1096.3499755859375,922305
2024-01-10,1102.9000244140625,1129.9000244140625,1095.800048828125,1117.3499755859375,1348846
2024-01-11,1119.0,1132.0,1108.300048828125,1117.9000244140625,820469
2024-01-12,1119.5,1119.5,1101.3499755859375,1111.5,1306539
2024-01-15,1111.5,1111.5,1111.5,1111.5,0
2024-01-16,1105.0,1123.5999755859375,1101.0999755859375,1110.0,1509427
2024-01-17,1101.0,1114.5,1086.3499755859375,1095.449951171875,647461
2024-01-18,1087.0,1092.300048828125,1061.300048828125,1069.449951171875,927129
2024-01-19,1080.0,1088.4000244140625,1063.8499755859375,1082.5999755859375,843847
2024-01-23,1113.0,1129.0,1095.0999755859375,1108.050048828125,1288819
2024-01-24,1145.050048828125,1146.0,1092.25,1112.199951171875,2174641
2024-01-25,1112.8499755859375,1112.949951171875,1077.199951171875,1096.0,928881
2024-01-29,1100.0,1120.050048828125,1089.550048828125,1093.9000244140625,786771
2024-01-30,1098.050048828125,1102.550048828125,1078.0,1080.4000244140625,795246
2024-01-31,1082.0,1092.199951171875,1074.1500244140625,1089.75,760259
2024-02-01,1090.0,1096.3499755859375,1077.699951171875,1080.050048828125,548008
2024-02-02,1090.949951171875,1097.3499755859375,1080.5999755859375,1086.050048828125,510352
2024-02-05,1089.9000244140625,1093.949951171875,1058.949951171875,1062.9000244140625,993598
2024-02-06,1074.0,1076.949951171875,1054.699951171875,1072.0,778083
2024-02-07,1076.5,1085.1500244140625,1065.0999755859375,1081.6500244140625,522858
2024-02-08,1087.0,1090.0,1076.050048828125,1081.050048828125,1155336
2024-02-09,1075.050048828125,1113.0,1071.050048828125,1111.5,1438336
2024-02-12,1111.5,1119.5999755859375,1090.0,1095.449951171875,800005
2024-02-13,1095.0,1116.0,1075.0,1113.449951171875,1031556
2024-02-14,1113.0,1132.0,1104.0999755859375,1129.0999755859375,965064
2024-02-15,1135.0,1148.949951171875,1128.3499755859375,1144.050048828125,1105029
2024-02-16,1140.0,1146.0,1120.9000244140625,1126.4000244140625,1186754
2024-02-19,1128.0,1163.9000244140625,1126.449951171875,1156.9000244140625,855770
2024-02-20,1160.0,1160.0,1120.1500244140625,1143.5999755859375,884842
2024-02-21,1142.050048828125,1149.0,1130.3499755859375,1141.199951171875,859276
2024-02-22,1141.25,1162.6500244140625,1135.699951171875,1159.75,573609
2024-02-23,1159.9000244140625,1180.0,1159.75,1166.050048828125,874210
2024-02-26,1160.6500244140625,1167.0,1144.699951171875,1146.800048828125,436233
2024-02-27,1145.949951171875,1156.949951171875,1139.800048828125,1153.300048828125,1174737
2024-02-28,1151.1500244140625,1166.0,1133.0,1137.6500244140625,1197154
2024-02-29,1136.0,1173.0,1131.300048828125,1165.8499755859375,992054
2024-03-01,1174.449951171875,1182.1500244140625,1163.550048828125,1167.25,656223
2024-03-04,1168.0,1171.5,1151.6500244140625,1165.800048828125,409989
2024-03-05,1165.800048828125,1176.0,1150.8499755859375,1153.5999755859375,1098233
2024-03-06,1145.5999755859375,1157.550048828125,1123.050048828125,1153.300048828125,974502
2024-03-07,1150.0,1161.199951171875,1143.300048828125,1146.5,583929
2024-03-11,1146.050048828125,1163.6500244140625,1144.1500244140625,1147.9000244140625,593445
2024-03-12,1141.1500244140625,1146.949951171875,1126.949951171875,1132.8499755859375,375718
2024-03-13,1132.949951171875,1150.25,1101.4000244140625,1109.300048828125,719249
2024-03-14,1109.25,1132.0999755859375,1096.0999755859375,1127.300048828125,541801
2024-03-15,1130.0,1162.0,1108.449951171875,1117.4000244140625,720942
2024-03-18,1117.4000244140625,1117.4000244140625,1099.3499755859375,1108.300048828125,560066
2024-03-19,1104.25,1108.300048828125,1081.5,1087.449951171875,582067
2024-03-20,1091.949951171875,1103.25,1083.300048828125,1101.5999755859375,549490
2024-03-21,1105.5999755859375,1112.8499755859375,1097.3499755859375,1109.9000244140625,755512
2024-03-22,1107.9000244140625,1144.449951171875,1106.0,1134.5,916955
2024-03-26,1134.5,1137.25,1122.800048828125,1126.050048828125,536595
2024-03-27,1122.6500244140625,1142.5,1120.949951171875,1139.449951171875,387737
2024-03-28,1143.8499755859375,1147.699951171875,1121.050048828125,1134.25,709064
2024-04-01,1132.550048828125,1169.949951171875,1122.0,1158.300048828125,599438
2024-04-02,1169.0,1169.0,1148.75,1152.9000244140625,438478
2024-04-03,1149.0,1153.699951171875,1127.1500244140625,1130.300048828125,468953
2024-04-04,1133.0,1140.0,1111.1500244140625,1120.199951171875,628302
2024-04-05,1120.050048828125,1132.0,1114.0,1128.300048828125,549428
2024-04-08,1135.699951171875,1148.0,1119.449951171875,1140.75,795445
2024-04-09,1136.0999755859375,1148.4000244140625,1121.449951171875,1128.3499755859375,693210
2024-04-10,1130.0,1204.5,1129.550048828125,1200.0999755859375,4341449
2024-04-12,1198.75,1207.0,1179.449951171875,1182.949951171875,1248275
2024-04-15,1170.0999755859375,1174.949951171875,1145.5999755859375,1148.949951171875,1057333
2024-04-16,1148.949951171875,1163.300048828125,1138.800048828125,1150.8499755859375,692591
2024-04-18,1150.8499755859375,1165.75,1144.1500244140625,1148.9000244140625,1027109
2024-04-19,1140.0,1145.75,1118.300048828125,1123.0999755859375,1068784
2024-04-22,1124.9000244140625,1163.0,1120.0,1159.800048828125,3530061
2024-04-23,1164.0,1175.0,1146.949951171875,1170.050048828125,1001198
2024-04-24,1167.0999755859375,1195.5999755859375,1166.0,1182.9000244140625,682498
2024-04-25,1180.9000244140625,1199.8499755859375,1176.0,1194.8499755859375,832424
2024-04-26,1189.0,1219.0,1188.0,1198.949951171875,766218
2024-04-29,1198.949951171875,1202.0999755859375,1170.0,1180.5,645110
2024-04-30,1192.199951171875,1202.050048828125,1171.1500244140625,1177.0,1002463
2024-05-02,1177.0,1203.5999755859375,1175.25,1194.9000244140625,1270379
2024-05-03,1200.0,1212.5999755859375,1181.0,1208.300048828125,905136
2024-05-06,1218.0,1242.199951171875,1199.550048828125,1231.699951171875,1950840
2024-05-07,1234.949951171875,1240.449951171875,1196.4000244140625,1202.449951171875,724981
2024-05-08,1204.9000244140625,1245.800048828125,1195.5,1237.800048828125,1877013
2024-05-09,1237.800048828125,1239.699951171875,1190.0999755859375,1194.75,546733
2024-05-10,1195.550048828125,1220.0,1191.550048828125,1202.4000244140625,1203642
2024-05-13,1205.0,1211.449951171875,1177.0,1189.75,447010
2024-05-14,1187.0999755859375,1196.1500244140625,1173.5999755859375,1175.5999755859375,524864
2024-05-15,1179.75,1185.199951171875,1165.300048828125,1174.25,573450
2024-05-16,1180.0999755859375,1185.0,1163.25,1177.0999755859375,819159
2024-05-17,1180.9000244140625,1191.449951171875,1168.25,1182.550048828125,592430
2024-05-21,1180.0,1186.9000244140625,1164.1500244140625,1171.0,977167
2024-05-22,1167.0,1189.9000244140625,1163.3499755859375,1187.25,941607
2024-05-23,1193.050048828125,1193.0999755859375,1167.0999755859375,1174.1500244140625,1087942
2024-05-24,1178.0,1191.8499755859375,1168.0999755859375,1178.3499755859375,908722
2024-05-27,1192.0,1214.449951171875,1149.0,1157.699951171875,1470425
2024-05-28,1164.050048828125,1195.5,1162.050048828125,1190.1500244140625,4342918
2024-05-29,1190.1500244140625,1191.8499755859375,1169.5999755859375,1180.1500244140625,1137792
2024-05-30,1180.1500244140625,1180.8499755859375,1163.8499755859375,1171.3499755859375,787238
2024-05-31,1173.0,1179.949951171875,1153.300048828125,1159.4000244140625,2180048
2024-06-03,1174.0,1185.5,1166.4000244140625,1181.0999755859375,1322571
2024-06-04,1179.050048828125,1234.949951171875,1136.300048828125,1204.0,2908958
2024-06-05,1227.949951171875,1308.300048828125,1212.300048828125,1298.5,2680777
2024-06-06,1298.5,1313.9000244140625,1268.550048828125,1305.449951171875,1533822
2024-06-07,1305.449951171875,1305.449951171875,1305.449951171875,1305.449951171875,0
2024-06-10,1327.0,1327.0,1307.1500244140625,1315.0999755859375,654963
2024-06-11,1316.0999755859375,1334.8499755859375,1312.0,1317.699951171875,625503
2024-06-12,1318.699951171875,1318.699951171875,1284.3499755859375,1290.8499755859375,1374418
2024-06-13,1292.0,1300.0,1272.4000244140625,1275.449951171875,1049119
2024-06-14,1282.550048828125,1282.550048828125,1258.199951171875,1269.0,1574896
2024-06-18,1265.0,1274.8499755859375,1237.0,1252.5999755859375,3609667
2024-06-19,1255.0,1281.25,1245.75,1272.8499755859375,1292892
2024-06-20,1272.949951171875,1278.75,1259.0,1265.550048828125,388681
2024-06-21,1275.0,1275.949951171875,1255.0,1260.6500244140625,580871
2024-06-24,1255.0,1301.8499755859375,1245.75,1298.3499755859375,1700427
2024-06-25,1309.75,1309.75,1275.550048828125,1281.9000244140625,612621
2024-06-26,1279.699951171875,1291.199951171875,1270.0,1276.800048828125,370291
2024-06-27,1265.050048828125,1294.8499755859375,1263.8499755859375,1287.800048828125,619542
2024-06-28,1287.0,1298.0,1272.75,1276.5,632972
2024-07-01,1261.0999755859375,1276.6500244140625,1255.25,1267.800048828125,533705
2024-07-02,1274.0,1292.0,1263.949951171875,1274.949951171875,749206
2024-07-03,1280.0,1286.1500244140625,1268.0999755859375,1271.5,420654
2024-07-04,1265.25,1281.949951171875,1257.0,1259.4000244140625,375289
2024-07-05,1259.4000244140625,1267.75,1249.300048828125,1254.1500244140625,779976
2024-07-08,1257.0,1279.0,1257.0,1272.0999755859375,2122654
2024-07-09,1279.0,1306.8499755859375,1276.0999755859375,1288.25,2432990
2024-07-10,1289.75,1295.449951171875,1267.0,1281.050048828125,854243
2024-07-11,1280.0,1294.0999755859375,1274.699951171875,1284.5,682041
2024-07-12,1284.5,1292.699951171875,1273.199951171875,1289.6500244140625,703819
2024-07-15,1289.6500244140625,1308.0,1275.949951171875,1303.699951171875,551101
2024-07-16,1308.0,1317.449951171875,1292.300048828125,1298.5999755859375,1048505
2024-07-18,1298.0,1302.0,1282.8499755859375,1299.449951171875,558296
2024-07-19,1306.0,1314.6500244140625,1288.8499755859375,1297.75,1365917
2024-07-22,1295.050048828125,1315.0,1292.5,1308.0999755859375,1066896
2024-07-23,1317.5,1335.6500244140625,1263.550048828125,1332.0,1093010
2024-07-24,1360.0,1417.300048828125,1342.0,1382.8499755859375,6354785
2024-07-25,1374.0,1450.0,1337.8499755859375,1443.800048828125,3367113
2024-07-26,1441.050048828125,1442.699951171875,1410.75,1415.4000244140625,892506
2024-07-29,1430.0,1434.949951171875,1406.300048828125,1421.0999755859375,860229
2024-07-30,1410.0,1430.0,1404.4000244140625,1409.25,394332
2024-07-31,1413.8499755859375,1424.5,1406.25,1413.300048828125,940385
2024-08-01,1411.0,1421.0,1406.050048828125,1413.75,489925
2024-08-02,1400.0,1431.0,1394.0999755859375,1421.0,1436552
2024-08-05,1386.0,1435.8499755859375,1382.6500244140625,1400.25,1199119
2024-08-06,1400.300048828125,1428.449951171875,1391.0,1411.0999755859375,396031
2024-08-07,1425.0999755859375,1466.0,1421.25,1462.800048828125,1689987
2024-08-08,1470.0,1470.4000244140625,1455.300048828125,1459.800048828125,552871
2024-08-09,1459.9000244140625,1480.4000244140625,1446.0999755859375,1454.949951171875,528351
2024-08-12,1449.949951171875,1450.0,1414.0,1418.0,1029967
2024-08-13,1424.9000244140625,1429.25,1400.0,1403.199951171875,778303
2024-08-14,1406.0,1407.949951171875,1391.199951171875,1404.550048828125,363536
2024-08-16,1405.0,1417.449951171875,1395.4000244140625,1406.300048828125,904222
2024-08-19,1409.300048828125,1423.75,1398.8499755859375,1402.9000244140625,828423
2024-08-20,1402.9000244140625,1411.449951171875,1398.75,1407.25,410409
2024-08-21,1412.9000244140625,1437.050048828125,1402.0,1431.6500244140625,614100
2024-08-22,1444.0,1463.0,1432.199951171875,1451.800048828125,1011531
2024-08-23,1458.0,1458.0,1424.9000244140625,1429.6500244140625,487071
2024-08-26,1438.0,1459.949951171875,1424.5,1457.449951171875,833325
2024-08-27,1465.0,1466.5,1425.0,1428.949951171875,580798
2024-08-28,1450.050048828125,1457.8499755859375,1432.0,1448.300048828125,1221654
2024-08-29,1458.0,1458.0,1430.199951171875,1448.8499755859375,409294
2024-08-30,1457.0,1484.3499755859375,1432.6500244140625,1474.3499755859375,2319735
2024-09-02,1485.0,1495.949951171875,1474.5999755859375,1484.8499755859375,817883
2024-09-03,1490.0,1503.1500244140625,1475.0,1478.9000244140625,702946
2024-09-04,1475.0,1507.0,1465.300048828125,1499.3499755859375,590555
2024-09-05,1514.0,1514.0,1481.75,1485.0,689394
2024-09-06,1482.050048828125,1489.9000244140625,1453.449951171875,1461.699951171875,712351
2024-09-09,1463.6500244140625,1506.9000244140625,1463.6500244140625,1504.050048828125,1791287
2024-09-10,1518.550048828125,1519.75,1500.0999755859375,1508.199951171875,591925
2024-09-11,1512.050048828125,1531.25,1505.8499755859375,1523.300048828125,622732
2024-09-12,1528.3499755859375,1536.949951171875,1519.699951171875,1529.199951171875,475277
2024-09-13,1529.199951171875,1543.0,1515.5999755859375,1523.3499755859375,551554
2024-09-16,1533.9000244140625,1552.9000244140625,1525.4000244140625,1547.25,516123
2024-09-17,1547.0,1559.25,1540.800048828125,1555.75,1224149
2024-09-18,1560.5,1561.949951171875,1525.050048828125,1537.75,320652
2024-09-19,1564.0,1570.0,1522.300048828125,1529.75,1528204
2024-09-20,1544.0,1582.0,1532.1500244140625,1574.1500244140625,1821157
2024-09-23,1585.0,1637.0,1561.1500244140625,1628.25,670632
2024-09-24,1635.199951171875,1644.550048828125,1612.300048828125,1635.550048828125,964946
2024-09-25,1635.550048828125,1638.449951171875,1607.6500244140625,1626.5999755859375,898849
2024-09-26,1631.0,1647.5,1607.0,1644.5999755859375,774246
2024-09-27,1611.0,1611.0,1574.0,1596.5999755859375,2273207
2024-09-30,1596.0999755859375,1610.75,1575.0999755859375,1589.9000244140625,668068
2024-10-01,1589.9000244140625,1614.199951171875,1585.550048828125,1610.949951171875,473000
2024-10-03,1595.0,1595.0999755859375,1543.550048828125,1564.0999755859375,658824
2024-10-04,1565.0,1571.9000244140625,1527.25,1531.3499755859375,1019377
2024-10-07,1531.3499755859375,1550.0,1497.050048828125,1506.300048828125,755578
2024-10-08,1495.0999755859375,1531.0,1491.75,1519.0,1607560
2024-10-09,1527.0,1538.0,1513.75,1523.449951171875,336186
2024-10-10,1526.0,1546.949951171875,1502.3499755859375,1507.800048828125,369677
2024-10-11,1515.3499755859375,1522.0,1491.0999755859375,1519.550048828125,316816
2024-10-14,1540.0,1546.199951171875,1519.9000244140625,1540.449951171875,426793
2024-10-15,1539.5999755859375,1552.300048828125,1521.3499755859375,1547.800048828125,441089
2024-10-16,1550.0,1561.0,1537.050048828125,1553.300048828125,546976
2024-10-17,1552.9000244140625,1553.0,1520.800048828125,1528.1500244140625,537173
2024-10-18,1525.0,1526.949951171875,1502.0,1519.25,709462
2024-10-21,1517.050048828125,1532.8499755859375,1490.9000244140625,1495.199951171875,272480
2024-10-22,1493.699951171875,1497.199951171875,1468.75,1473.0,741250
2024-10-23,1465.0,1484.8499755859375,1455.0,1466.3499755859375,1172365
2024-10-24,1475.0,1493.0,1440.0,1459.699951171875,1227944
2024-10-25,1455.0,1502.9000244140625,1454.949951171875,1480.199951171875,1101554
2024-10-28,1480.199951171875,1490.0,1460.699951171875,1466.800048828125,322416
2024-10-29,1469.1500244140625,1473.4000244140625,1429.199951171875,1448.25,569482
2024-10-30,1440.3499755859375,1452.0,1433.0,1445.8499755859375,685466
2024-10-31,1443.0,1459.9000244140625,1426.5999755859375,1449.0999755859375,522184
2024-11-01,1467.5,1474.949951171875,1450.050048828125,1453.1500244140625,54659
2024-11-04,1455.0,1455.0,1418.4000244140625,1436.050048828125,444771
2024-11-05,1432.0,1450.949951171875,1429.550048828125,1446.3499755859375,281371
2024-11-06,1449.9000244140625,1460.449951171875,1444.5,1456.3499755859375,240099
2024-11-07,1453.800048828125,1465.949951171875,1424.25,1438.949951171875,283200
2024-11-08,1441.0999755859375,1455.949951171875,1432.949951171875,1448.6500244140625,1499108
2024-11-11,1458.0,1495.4000244140625,1447.0,1475.8499755859375,650600
2024-11-12,1475.0,1481.550048828125,1439.0999755859375,1446.800048828125,681448
2024-11-13,1433.0999755859375,1443.8499755859375,1423.449951171875,1427.699951171875,296683
2024-11-14,1427.699951171875,1454.550048828125,1425.199951171875,1442.3499755859375,548233
2024-11-18,1443.0,1481.8499755859375,1440.25,1470.800048828125,934866
2024-11-19,1479.0,1505.949951171875,1475.25,1487.4000244140625,701161
2024-11-21,1500.0,1504.949951171875,1481.550048828125,1493.050048828125,545772
2024-11-22,1493.0,1508.0,1489.699951171875,1500.1500244140625,621662
2024-11-25,1518.9000244140625,1543.699951171875,1476.1500244140625,1486.0999755859375,3600031
2024-11-26,1486.0999755859375,1528.75,1466.9000244140625,1511.1500244140625,658663
2024-11-27,1518.699951171875,1526.949951171875,1500.050048828125,1515.75,547190
2024-11-28,1521.4000244140625,1522.75,1495.449951171875,1502.75,566858
2024-11-29,1516.0,1541.949951171875,1501.1500244140625,1529.0999755859375,1224425
2024-12-02,1542.0,1552.8499755859375,1520.0,1532.199951171875,554366
2024-12-03,1532.4000244140625,1545.0,1513.0999755859375,1542.949951171875,522548
2024-12-04,1549.0,1549.0,1520.6500244140625,1526.050048828125,618463
2024-12-05,1526.199951171875,1535.0,1515.1500244140625,1530.0999755859375,423566
2024-12-06,1537.75,1537.75,1513.050048828125,1516.5999755859375,323615
2024-12-09,1512.699951171875,1522.6500244140625,1492.25,1506.25,516426
2024-12-10,1517.0,1526.1500244140625,1500.050048828125,1513.5,522996
2024-12-11,1520.0,1522.199951171875,1506.75,1516.800048828125,324261
2024-12-12,1510.800048828125,1532.75,1510.800048828125,1525.949951171875,540314
2024-12-13,1528.1500244140625,1529.0,1482.8499755859375,1512.050048828125,462501
2024-12-16,1512.050048828125,1544.300048828125,1467.3499755859375,1519.199951171875,805782
2024-12-17,1540.0,1567.699951171875,1528.0999755859375,1563.300048828125,2444937
2024-12-18,1580.0,1595.8499755859375,1539.699951171875,1579.5999755859375,2242721
2024-12-19,1560.0,1586.0,1554.4000244140625,1572.3499755859375,584413
2024-12-20,1578.5999755859375,1588.949951171875,1541.300048828125,1544.800048828125,484886
2024-12-23,1530.5999755859375,1558.3499755859375,1530.5999755859375,1545.050048828125,375618
2024-12-24,1554.5999755859375,1569.75,1541.5,1564.75,388993
2024-12-26,1579.5999755859375,1579.5999755859375,1553.050048828125,1566.949951171875,544734
2024-12-27,1560.050048828125,1589.5,1560.0,1579.4000244140625,356482
2024-12-30,1584.1500244140625,1665.3499755859375,1567.199951171875,1619.550048828125,3987698
2024-12-31,1615.050048828125,1633.3499755859375,1601.550048828125,1625.449951171875,816405
2025-01-01,1629.1500244140625,1664.199951171875,1611.800048828125,1659.5999755859375,433570
2025-01-02,1660.0,1691.9000244140625,1652.0999755859375,1688.550048828125,615262
2025-01-03,1700.0,1700.0,1666.449951171875,1682.449951171875,647193
2025-01-06,1665.0,1698.800048828125,1633.6500244140625,1641.1500244140625,309219
2025-01-07,1641.449951171875,1657.949951171875,1622.300048828125,1626.300048828125,542151
2025-01-08,1620.0,1630.9000244140625,1562.550048828125,1575.800048828125,1413532
2025-01-09,1561.0,1598.5,1561.0,1574.449951171875,777640
2025-01-10,1574.449951171875,1585.0,1531.199951171875,1539.1500244140625,402378
2025-01-13,1520.5999755859375,1537.0,1478.5999755859375,1483.550048828125,906542
2025-01-14,1462.25,1468.0,1404.0,1407.25,2008577
2025-01-15,1404.6500244140625,1420.300048828125,1388.0,1410.9000244140625,1287420
2025-01-16,1431.0,1441.75,1407.9000244140625,1414.1500244140625,489271
2025-01-17,1414.1500244140625,1438.199951171875,1411.25,1427.550048828125,696620
2025-01-20,1416.0999755859375,1477.3499755859375,1412.800048828125,1457.8499755859375,1610101
2025-01-21,1463.050048828125,1473.8499755859375,1433.5,1437.949951171875,562153
2025-01-22,1452.0,1497.949951171875,1441.699951171875,1458.699951171875,913499
2025-01-23,1468.699951171875,1509.0,1450.0,1500.6500244140625,1235078
2025-01-24,1536.0,1549.0,1461.3499755859375,1469.75,1968647
2025-01-27,1450.0,1464.199951171875,1386.9000244140625,1390.8499755859375,805934
2025-01-28,1415.0,1415.0,1362.050048828125,1397.050048828125,1371996
2025-01-29,1397.949951171875,1432.0,1381.050048828125,1427.949951171875,766197
2025-01-30,1428.9000244140625,1434.949951171875,1412.050048828125,1426.9000244140625,749914
2025-01-31,1420.0,1437.949951171875,1417.199951171875,1424.0,664221
2025-02-01,1424.0,1508.0,1385.550048828125,1498.0999755859375,1426531
2025-02-03,1470.0,1498.0,1455.0,1473.050048828125,802852
2025-02-04,1490.449951171875,1508.9000244140625,1465.800048828125,1482.449951171875,478244
2025-02-05,1470.0999755859375,1492.0999755859375,1438.3499755859375,1442.0,819735
2025-02-06,1451.9000244140625,1458.800048828125,1410.25,1415.050048828125,431647
2025-02-07,1416.9000244140625,1430.9000244140625,1400.0,1427.5,621350
2025-02-10,1427.5,1446.25,1410.550048828125,1419.5,670743
2025-02-11,1412.050048828125,1423.9000244140625,1383.5,1389.550048828125,694651
2025-02-12,1392.0,1412.0,1366.8499755859375,1397.5,654233
2025-02-13,1403.949951171875,1410.9000244140625,1385.5,1396.8499755859375,561668
2025-02-14,1399.0,1400.449951171875,1359.449951171875,1364.4000244140625,828825
2025-02-17,1345.0999755859375,1355.949951171875,1338.0,1349.699951171875,890483
2025-02-18,1340.0,1356.5,1325.550048828125,1335.0,415003
2025-02-19,1330.0,1336.800048828125,1318.0,1328.8499755859375,464950
2025-02-20,1330.0,1349.449951171875,1320.949951171875,1344.949951171875,728768
2025-02-21,1344.949951171875,1349.25,1302.800048828125,1306.5,1297282
2025-02-24,1305.699951171875,1344.8499755859375,1298.550048828125,1342.800048828125,754464
2025-02-25,1344.050048828125,1353.449951171875,1334.5999755859375,1346.0999755859375,400379
2025-02-27,1338.0,1360.8499755859375,1322.050048828125,1335.4000244140625,621665
2025-02-28,1335.0,1335.0,1276.5999755859375,1284.449951171875,900840
2025-03-03,1275.300048828125,1317.0999755859375,1274.8499755859375,1306.1500244140625,705964
2025-03-04,1302.050048828125,1302.050048828125,1271.0999755859375,1288.0,516071
2025-03-05,1288.9000244140625,1326.8499755859375,1288.0,1320.199951171875,621963
2025-03-06,1330.199951171875,1336.25,1320.1500244140625,1332.8499755859375,275303
2025-03-07,1339.0999755859375,1340.9000244140625,1323.0,1327.8499755859375,265595
2025-03-10,1316.0,1344.5,1308.9000244140625,1313.0999755859375,613699
2025-03-11,1310.949951171875,1326.3499755859375,1301.0,1319.8499755859375,302563
2025-03-12,1320.449951171875,1338.949951171875,1311.699951171875,1336.25,598766
2025-03-13,1344.0,1362.4000244140625,1332.25,1353.699951171875,441272
2025-03-17,1364.0,1365.25,1339.0,1353.050048828125,546482
2025-03-18,1353.050048828125,1353.050048828125,1353.050048828125,1353.050048828125,0
2025-03-19,1374.5999755859375,1374.5999755859375,1323.949951171875,1347.300048828125,838919
2025-03-20,1360.800048828125,1388.0,1350.0999755859375,1377.75,855272
2025-03-21,1420.0,1420.050048828125,1386.050048828125,1391.5999755859375,1093226
2025-03-24,1400.0,1405.0999755859375,1385.300048828125,1392.5,440777
2025-03-25,1408.0,1408.0,1360.0,1365.550048828125,426894
2025-03-26,1375.6500244140625,1375.6500244140625,1355.75,1361.5,421022
2025-03-27,1368.1500244140625,1418.9000244140625,1367.5,1408.0999755859375,768855
2025-03-28,1417.0,1420.5,1390.800048828125,1401.300048828125,959532
2025-04-01,1407.949951171875,1413.25,1387.0,1406.1500244140625,365985
2025-04-02,1414.9000244140625,1440.25,1394.8499755859375,1434.449951171875,870739
2025-04-03,1434.0,1434.199951171875,1413.550048828125,1430.1500244140625,230919
2025-04-04,1430.0999755859375,1442.25,1417.1500244140625,1427.3499755859375,500497
2025-04-07,1370.0,1412.300048828125,1364.0,1403.800048828125,579009
2025-04-08,1411.0,1438.8499755859375,1411.0,1425.0999755859375,562645
2025-04-09,1434.3499755859375,1455.949951171875,1425.5,1451.5999755859375,886893
2025-04-11,1484.0,1484.0,1454.800048828125,1476.9000244140625,693426
2025-04-15,1550.4000244140625,1550.800048828125,1480.5999755859375,1501.699951171875,797044
2025-04-16,1514.699951171875,1514.699951171875,1483.5999755859375,1503.199951171875,739318
2025-04-17,1511.9000244140625,1526.5,1500.199951171875,1517.800048828125,569237
2025-04-21,1538.800048828125,1538.800048828125,1505.0,1516.699951171875,528024
2025-04-22,1524.699951171875,1560.0,1516.699951171875,1557.5999755859375,823672
2025-04-23,1560.0,1585.4000244140625,1543.5,1580.4000244140625,1385393
2025-04-24,1585.0,1609.199951171875,1556.699951171875,1560.800048828125,1320677
2025-04-25,1565.5,1574.0,1530.300048828125,1547.4000244140625,517429
2025-04-28,1533.0,1560.300048828125,1527.0,1556.5999755859375,604732
2025-04-29,1560.0999755859375,1564.9000244140625,1534.9000244140625,1545.9000244140625,560975
2025-04-30,1536.0999755859375,1569.0,1536.0999755859375,1563.9000244140625,705329
2025-05-02,1563.9000244140625,1575.0999755859375,1551.0,1561.0999755859375,810473
2025-05-05,1565.5,1571.300048828125,1553.5,1559.0999755859375,247436
2025-05-06,1559.0999755859375,1588.0,1550.5,1576.300048828125,898145
2025-05-07,1615.0,1616.0,1537.5999755859375,1589.5,2290058
2025-05-08,1589.5,1593.699951171875,1532.0999755859375,1537.199951171875,715376
2025-05-09,1525.0999755859375,1544.300048828125,1498.5,1531.199951171875,991191
2025-05-12,1555.0,1579.9000244140625,1552.0999755859375,1564.199951171875,480122
2025-05-13,1564.199951171875,1573.199951171875,1549.0999755859375,1553.9000244140625,427254
2025-05-14,1550.0,1562.5,1521.0,1534.4000244140625,638135
2025-05-15,1529.800048828125,1546.0,1528.0999755859375,1538.5,441481
2025-05-16,1550.0,1557.199951171875,1531.0999755859375,1540.300048828125,847943
2025-05-19,1540.300048828125,1567.699951171875,1536.0999755859375,1556.0,982452
2025-05-20,1572.0,1572.0,1540.0999755859375,1556.5999755859375,726976
2025-05-21,1570.0,1570.0,1501.699951171875,1557.4000244140625,2403116
2025-05-22,1551.5,1577.0,1519.0999755859375,1568.4000244140625,776793
2025-05-23,1570.300048828125,1592.9000244140625,1568.199951171875,1578.9000244140625,640485
2025-05-26,1580.0,1588.300048828125,1553.0,1555.5,343457
2025-05-27,1563.300048828125,1565.0,1528.699951171875,1533.0999755859375,639811
2025-05-28,1533.0999755859375,1539.800048828125,1518.0999755859375,1522.699951171875,423530
2025-05-29,1525.0999755859375,1529.300048828125,1506.699951171875,1522.5999755859375,649913
2025-05-30,1520.0999755859375,1537.800048828125,1498.5,1520.0999755859375,1450384
2025-06-02,1520.0999755859375,1551.300048828125,1511.0,1549.199951171875,962416
2025-06-03,1579.0,1609.800048828125,1561.5999755859375,1579.5999755859375,2105296
2025-06-04,1589.800048828125,1598.800048828125,1567.699951171875,1584.0999755859375,1158597
2025-06-05,1581.0,1644.800048828125,1572.0,1610.0,2195473
2025-06-06,1623.5,1627.5999755859375,1586.4000244140625,1593.4000244140625,803768
2025-06-09,1600.300048828125,1607.5999755859375,1583.5,1592.699951171875,619292
2025-06-10,1604.0,1645.0,1603.4000244140625,1609.9000244140625,1003019
2025-06-11,1523.0,1548.0,1482.5999755859375,1503.800048828125,9786390
2025-06-12,1505.0,1514.300048828125,1483.0,1485.0999755859375,1578161
2025-06-13,1465.0,1472.9000244140625,1442.0999755859375,1453.0999755859375,1568758
2025-06-16,1458.9000244140625,1492.800048828125,1447.5999755859375,1485.4000244140625,1234580
2025-06-17,1490.0,1490.800048828125,1467.4000244140625,1474.800048828125,946768
2025-06-18,1474.800048828125,1475.300048828125,1458.5999755859375,1461.800048828125,366997
2025-06-19,1469.5999755859375,1480.5,1456.0,1460.800048828125,593453
2025-06-20,1467.0,1467.5,1448.800048828125,1458.9000244140625,1652262
2025-06-23,1453.9000244140625,1456.9000244140625,1415.199951171875,1419.9000244140625,3416836
2025-06-24,1430.0,1449.0,1427.199951171875,1443.300048828125,1116069
2025-06-25,1440.0,1461.699951171875,1429.5,1454.9000244140625,1958351
2025-06-26,1455.0,1460.800048828125,1438.5,1444.5,1725849
2025-06-27,1452.300048828125,1461.0,1440.300048828125,1442.199951171875,2130175
2025-06-30,1426.800048828125,1436.800048828125,1418.0,1428.0999755859375,3001009
2025-07-01,1431.9000244140625,1433.0999755859375,1396.9000244140625,1400.4000244140625,1280859
2025-07-02,1403.9000244140625,1406.5999755859375,1380.4000244140625,1383.4000244140625,1464003
2025-07-03,1388.199951171875,1392.5,1377.800048828125,1381.699951171875,930122
2025-07-04,1384.9000244140625,1391.5,1372.199951171875,1378.199951171875,905626
2025-07-07,1386.0,1394.9000244140625,1370.0999755859375,1382.5999755859375,1772885
2025-07-08,1382.5999755859375,1386.9000244140625,1361.300048828125,1364.699951171875,963015
2025-07-09,1365.0,1375.5,1362.5999755859375,1370.9000244140625,1302716
2025-07-10,1378.4000244140625,1385.300048828125,1368.199951171875,1384.0,686811
2025-07-11,1384.9000244140625,1384.9000244140625,1356.0,1357.5999755859375,781058
2025-07-14,1367.0,1373.5999755859375,1345.300048828125,1364.0,1850508
2025-07-15,1369.699951171875,1374.0,1358.0999755859375,1370.199951171875,962048
2025-07-16,1375.0,1381.800048828125,1365.4000244140625,1377.199951171875,1343693
2025-07-17,1381.699951171875,1399.9000244140625,1376.5,1380.0,1027003
2025-07-18,1387.0,1387.0,1361.300048828125,1362.300048828125,509628
2025-07-21,1371.0999755859375,1375.0,1358.0,1366.4000244140625,949878
2025-07-22,1369.9000244140625,1372.0,1341.0999755859375,1343.5,827126
2025-07-23,1352.0,1354.0,1336.9000244140625,1342.300048828125,860631
2025-07-24,1349.0,1352.0,1332.300048828125,1335.199951171875,924127
2025-07-25,1337.0999755859375,1341.0999755859375,1306.5,1309.5999755859375,815158
2025-07-28,1309.699951171875,1325.0999755859375,1302.800048828125,1316.0,746523
2025-07-29,1316.0,1331.0,1298.800048828125,1324.0,1769493
2025-07-30,1325.0,1330.5999755859375,1313.0,1315.800048828125,541385
2025-07-31,1310.0,1348.0,1306.0999755859375,1340.199951171875,1486378
2025-08-01,1336.0,1337.4000244140625,1316.5,1322.4000244140625,1209840
2025-08-04,1323.0,1342.5999755859375,1314.0,1339.699951171875,1091819
2025-08-05,1348.9000244140625,1349.0999755859375,1320.0,1323.699951171875,1528084
2025-08-06,1325.0,1325.0,1304.4000244140625,1308.199951171875,1071422
2025-08-07,1305.199951171875,1308.0,1283.800048828125,1290.0,1182773
2025-08-08,1298.0,1310.699951171875,1286.0,1291.5,1324949
2025-08-11,1298.0,1305.9000244140625,1284.9000244140625,1302.199951171875,691799
2025-08-12,1304.4000244140625,1307.4000244140625,1290.5,1297.800048828125,642530
2025-08-13,1300.0999755859375,1309.0,1294.5,1306.199951171875,402056
2025-08-14,1319.0,1333.9000244140625,1299.9000244140625,1319.300048828125,1527475
2025-08-18,1325.0,1325.800048828125,1302.5999755859375,1307.5,2136037
2025-08-19,1315.0,1333.800048828125,1303.0,1328.5999755859375,1846772
2025-08-20,1330.0,1343.300048828125,1324.199951171875,1335.9000244140625,1075724
2025-08-21,1340.0999755859375,1340.800048828125,1325.5999755859375,1337.0,1071331
2025-08-22,1333.199951171875,1338.0999755859375,1327.0999755859375,1329.9000244140625,545032
2025-08-25,1335.0,1335.0999755859375,1306.5,1311.300048828125,1258475
2025-08-26,1311.300048828125,1311.300048828125,1295.9000244140625,1302.800048828125,1382762
2025-08-28,1302.800048828125,1304.9000244140625,1279.199951171875,1281.5,1374328
2025-08-29,1290.0,1315.300048828125,1284.199951171875,1311.0,1687323
2025-09-01,1311.0,1328.0,1303.300048828125,1321.199951171875,911511
2025-09-02,1321.9000244140625,1340.300048828125,1321.199951171875,1334.0,969704
2025-09-03,1334.0,1351.199951171875,1325.9000244140625,1347.0999755859375,1743317
2025-09-04,1364.0,1364.0,1318.300048828125,1321.5,716303
2025-09-05,1328.0999755859375,1333.0,1310.0999755859375,1312.0999755859375,551551
2025-09-08,1314.9000244140625,1317.0,1294.300048828125,1296.0,822646
2025-09-09,1300.0,1307.199951171875,1291.699951171875,1304.4000244140625,411404
2025-09-10,1309.800048828125,1317.300048828125,1301.199951171875,1303.5,748158
2025-09-11,1306.0999755859375,1322.0,1302.800048828125,1319.0,1024840
2025-09-12,1324.300048828125,1325.9000244140625,1298.0,1309.699951171875,1240784
2025-09-15,1322.800048828125,1322.800048828125,1305.0999755859375,1315.300048828125,1111447
2025-09-16,1321.0,1331.300048828125,1315.5,1330.0,879154
2025-09-17,1332.0,1345.800048828125,1324.699951171875,1337.0999755859375,1831382
2025-09-18,1342.0,1342.0,1320.4000244140625,1327.4000244140625,708672
2025-09-19,1328.0,1337.800048828125,1322.199951171875,1328.199951171875,1037085
2025-09-22,1351.0,1363.0,1337.0,1339.9000244140625,1193493
2025-09-23,1339.199951171875,1343.5,1325.0,1341.199951171875,608739
2025-09-24,1336.0,1357.0,1332.800048828125,1350.9000244140625,755361
2025-09-25,1343.0999755859375,1362.800048828125,1314.699951171875,1317.5999755859375,1180092
2025-09-26,1319.800048828125,1319.9000244140625,1295.0,1297.4000244140625,733634
2025-09-29,1304.5999755859375,1313.5999755859375,1300.0,1308.5,829604
2025-09-30,1308.5999755859375,1342.0999755859375,1291.0,1324.300048828125,1455473
2025-10-01,1334.5,1354.800048828125,1330.699951171875,1346.699951171875,1098185
2025-10-03,1347.0,1368.9000244140625,1341.199951171875,1362.5999755859375,1058525
2025-10-06,1362.5999755859375,1364.0,1340.9000244140625,1361.0,405517
2025-10-07,1360.0,1365.0,1347.0999755859375,1351.800048828125,269092
2025-10-08,1348.199951171875,1351.800048828125,1325.5,1333.0999755859375,727143
2025-10-09,1333.0999755859375,1343.800048828125,1325.800048828125,1337.5999755859375,889040
2025-10-10,1337.5999755859375,1349.5,1329.300048828125,1337.0,849804
2025-10-13,1337.0,1338.5,1314.5999755859375,1316.0999755859375,526581
2025-10-14,1316.0999755859375,1323.5999755859375,1300.0,1302.4000244140625,647546
2025-10-15,1311.0,1335.0,1305.4000244140625,1333.0999755859375,822427
2025-10-16,1325.0999755859375,1363.699951171875,1325.0999755859375,1359.0999755859375,835083
2025-10-17,1358.5999755859375,1369.300048828125,1350.199951171875,1361.4000244140625,560298
2025-10-20,1366.699951171875,1376.300048828125,1360.0999755859375,1365.5999755859375,518539
2025-10-21,1373.0,1373.0,1357.0,1359.699951171875,94445
2025-10-23,1359.699951171875,1375.5,1348.199951171875,1351.199951171875,526206
2025-10-24,1361.199951171875,1364.0999755859375,1344.699951171875,1357.4000244140625,561687
2025-10-27,1364.5999755859375,1364.5999755859375,1346.0,1353.0999755859375,422172
2025-10-28,1353.0999755859375,1375.0,1337.199951171875,1351.800048828125,417933
2025-10-29,1352.4000244140625,1393.0,1352.4000244140625,1387.4000244140625,1390351
2025-10-30,1387.4000244140625,1399.9000244140625,1375.9000244140625,1394.5999755859375,958881
2025-10-31,1455.0,1488.0,1428.0,1431.4000244140625,10485938
2025-11-03,1435.0,1464.800048828125,1428.199951171875,1447.5999755859375,1297031
2025-11-04,1455.0,1458.0999755859375,1443.0,1450.9000244140625,961290
2025-11-06,1470.0,1475.0,1413.5,1416.5,1003182
2025-11-07,1416.5,1433.699951171875,1404.0,1429.0999755859375,507698
2025-11-10,1429.0999755859375,1430.0999755859375,1405.5,1409.5,429606
2025-11-11,1413.300048828125,1431.0,1408.699951171875,1414.5,1025644
2025-11-12,1418.0999755859375,1439.199951171875,1412.300048828125,1435.5999755859375,1363723
2025-11-13,1435.0,1435.9000244140625,1417.4000244140625,1420.800048828125,464975
2025-11-14,1419.0,1432.4000244140625,1412.800048828125,1429.4000244140625,335913
2025-11-17,1434.0,1438.0999755859375,1424.300048828125,1434.9000244140625,380093
2025-11-18,1438.0,1438.199951171875,1416.9000244140625,1434.699951171875,455921
2025-11-19,1428.199951171875,1428.5,1408.699951171875,1411.699951171875,484493
2025-11-20,1410.0,1432.800048828125,1406.699951171875,1416.199951171875,560899
2025-11-21,1410.0,1430.0,1395.300048828125,1427.0999755859375,1018074
2025-11-24,1434.9000244140625,1439.0,1416.0999755859375,1431.199951171875,888660
2025-11-25,1431.5,1435.9000244140625,1419.300048828125,1430.4000244140625,522357
2025-11-26,1430.4000244140625,1463.5,1429.0,1459.5,1283956
2025-11-27,1460.0,1468.800048828125,1441.0,1445.800048828125,855725
2025-11-28,1445.800048828125,1460.0,1439.0,1451.5999755859375,714629
2025-12-01,1457.699951171875,1457.699951171875,1436.0,1447.0999755859375,512075
2025-12-02,1454.9000244140625,1456.0999755859375,1429.0999755859375,1440.9000244140625,761536
2025-12-03,1432.0,1438.5999755859375,1416.4000244140625,1421.300048828125,965273
2025-12-04,1425.0,1437.300048828125,1415.300048828125,1431.9000244140625,756367
2025-12-05,1425.5999755859375,1457.0999755859375,1425.0,1455.5999755859375,612882
2025-12-08,1458.9000244140625,1464.9000244140625,1421.5,1429.4000244140625,456180
2025-12-09,1425.0,1440.300048828125,1410.199951171875,1435.4000244140625,404040
2025-12-10,1435.4000244140625,1445.0,1429.0,1436.5,384839
2025-12-11,1445.5999755859375,1445.5999755859375,1424.699951171875,1437.199951171875,287781
2025-12-12,1440.0,1451.0,1433.0,1447.0999755859375,347794
2025-12-15,1445.0,1446.9000244140625,1429.5,1442.4000244140625,229303
2025-12-16,1439.9000244140625,1454.5999755859375,1438.0999755859375,1451.4000244140625,428654
2025-12-17,1451.9000244140625,1456.300048828125,1412.0999755859375,1424.9000244140625,726612
2025-12-18,1410.0,1410.0,1372.300048828125,1391.199951171875,1129800
2025-12-19,1391.9000244140625,1411.5999755859375,1387.4000244140625,1406.699951171875,397838
2025-12-22,1406.699951171875,1433.5,1404.699951171875,1426.699951171875,530499
2025-12-23,1433.800048828125,1452.4000244140625,1426.300048828125,1441.800048828125,386351
2025-12-24,1440.0999755859375,1444.5999755859375,1415.5,1422.0999755859375,499655
2025-12-26,1422.0999755859375,1434.0,1416.0999755859375,1428.4000244140625,578732
2025-12-29,1425.0,1435.0,1414.5,1429.699951171875,923624
2025-12-30,1425.0,1437.199951171875,1407.0999755859375,1423.800048828125,2611454
2025-12-31,1421.300048828125,1447.0,1412.300048828125,1443.699951171875,765435
2026-01-01,1447.5,1451.5,1390.0,1404.199951171875,1020153
2026-01-02,1404.0999755859375,1409.5999755859375,1371.0999755859375,1381.5999755859375,1986738
2026-01-05,1381.300048828125,1391.199951171875,1368.800048828125,1375.5,1093742
2026-01-06,1375.5,1381.300048828125,1361.800048828125,1376.5999755859375,1189346
2026-01-07,1376.5999755859375,1381.0,1364.9000244140625,1377.800048828125,825599
2026-01-08,1377.800048828125,1379.0,1343.5,1350.199951171875,863070
2026-01-09,1340.0,1356.0,1324.9000244140625,1331.0,753264
2026-01-12,1329.0,1331.300048828125,1310.0,1327.5999755859375,564288
2026-01-13,1330.4000244140625,1334.4000244140625,1313.800048828125,1319.4000244140625,565666
2026-01-14,1310.0,1343.300048828125,1310.0,1336.0,1050390
2026-01-15,1336.0,1336.0,1336.0,1336.0,0
2026-01-16,1350.0,1353.5,1337.4000244140625,1348.699951171875,888719
2026-01-19,1340.5,1352.199951171875,1317.0,1324.800048828125,429661
2026-01-20,1323.5,1328.800048828125,1313.0,1318.5999755859375,1422810
2026-01-21,1285.0,1329.300048828125,1276.0,1320.0,2399345
2026-01-22,1319.5,1340.5999755859375,1312.5,1338.4000244140625,1240014
2026-01-23,1354.0,1357.5,1327.0,1333.0,1398884
2026-01-27,1329.0999755859375,1329.0999755859375,1300.0999755859375,1311.5,830607
2026-01-28,1313.199951171875,1331.5999755859375,1309.300048828125,1326.699951171875,1154014
2026-01-29,1329.0,1337.699951171875,1324.0999755859375,1330.4000244140625,949233
2026-01-30,1332.5999755859375,1368.0,1328.0,1362.5999755859375,1803157
2026-02-02,1342.0,1348.5999755859375,1318.0,1346.5,510793
2026-02-03,1365.0,1371.0,1350.0,1366.0999755859375,726570
2026-02-04,1375.0,1375.0,1350.0,1358.0999755859375,506352
2026-02-05,1360.0,1366.9000244140625,1353.199951171875,1359.4000244140625,519049
2026-02-06,1366.0,1378.300048828125,1352.0,1377.0,475208
2026-02-09,1378.699951171875,1413.4000244140625,1366.199951171875,1409.800048828125,689551
2026-02-10,1410.0,1412.300048828125,1401.0,1409.9000244140625,309157
2026-02-11,1420.0,1420.199951171875,1399.5999755859375,1412.9000244140625,383041
2026-02-12,1412.9000244140625,1428.300048828125,1407.4000244140625,1417.4000244140625,493044
2026-02-13,1414.0,1423.0,1398.0999755859375,1402.4000244140625,383577
2026-02-16,1390.5999755859375,1406.199951171875,1390.5,1401.0,151661
2026-02-17,1407.0,1425.800048828125,1402.0,1424.0,567457
2026-02-18,1430.0,1431.300048828125,1416.0999755859375,1424.5999755859375,271072
2026-02-19,1429.800048828125,1429.800048828125,1390.4000244140625,1397.0999755859375,278639
2026-02-20,1401.0,1410.4000244140625,1375.699951171875,1379.300048828125,288978
2026-02-23,1380.0,1420.0,1380.0,1416.9000244140625,785217
2026-02-24,1418.0,1425.0,1405.5999755859375,1421.5,681459
2026-02-25,1424.0,1427.300048828125,1406.5,1412.5,381768
2026-02-26,1405.5,1409.800048828125,1375.699951171875,1388.800048828125,559059
2026-02-27,1385.0,1392.699951171875,1371.0,1380.800048828125,1362196
2026-03-02,1345.0,1374.699951171875,1345.0,1366.5999755859375,957355
2026-03-04,1340.0999755859375,1356.0,1311.199951171875,1316.800048828125,837406
2026-03-05,1316.800048828125,1331.800048828125,1310.0,1325.800048828125,628562
2026-03-06,1320.0,1417.9000244140625,1306.800048828125,1389.800048828125,5578937
2026-03-09,1389.699951171875,1389.699951171875,1340.0999755859375,1355.800048828125,773145
2026-03-10,1361.699951171875,1410.0,1354.0,1407.0999755859375,747118
2026-03-11,1401.800048828125,1413.5999755859375,1377.5999755859375,1382.0999755859375,316208
2026-03-12,1367.0999755859375,1368.800048828125,1341.0999755859375,1363.5,842671
2026-03-13,1350.0,1368.0,1310.0,1314.4000244140625,675221
2026-03-16,1309.9000244140625,1363.4000244140625,1302.5999755859375,1317.4000244140625,885117
2026-03-17,1325.0,1332.5,1298.699951171875,1301.4000244140625,1291896
2026-03-18,1310.800048828125,1330.5,1305.199951171875,1320.300048828125,1747262
2026-03-19,1311.0999755859375,1317.5999755859375,1281.0999755859375,1288.9000244140625,806047
2026-03-20,1296.0,1317.5999755859375,1296.0,1300.0999755859375,867349
2026-03-23,1288.9000244140625,1288.9000244140625,1266.4000244140625,1275.199951171875,1141612
2026-03-24,1290.9000244140625,1334.9000244140625,1282.699951171875,1328.0,1628922
2026-03-25,1337.9000244140625,1345.4000244140625,1305.0,1311.5999755859375,3189905
2026-03-27,1314.5,1314.5999755859375,1250.5999755859375,1253.800048828125,1426042
2026-03-30,1243.199951171875,1252.9000244140625,1211.5,1218.800048828125,1479878
2026-04-01,1262.5,1262.5,1228.699951171875,1249.300048828125,3909216
2026-04-02,1238.0999755859375,1238.0999755859375,1211.0,1221.199951171875,957515
2026-04-06,1225.199951171875,1240.9000244140625,1213.4000244140625,1236.300048828125,948501
2026-04-07,1225.0,1249.4000244140625,1210.800048828125,1238.0999755859375,649429
2026-04-08,1269.0,1270.5,1246.300048828125,1248.800048828125,713361
2026-04-09,1241.5,1256.0,1232.5999755859375,1249.699951171875,1159575
2026-04-10,1256.699951171875,1270.699951171875,1246.9000244140625,1268.199951171875,1592029
2026-04-13,1245.0,1251.9000244140625,1227.300048828125,1231.5,1370011
2026-04-15,1231.5999755859375,1259.300048828125,1231.5999755859375,1252.4000244140625,1625397
2026-04-16,1256.800048828125,1263.0999755859375,1236.300048828125,1254.5,1707814
2026-04-17,1258.0,1306.9000244140625,1254.9000244140625,1302.9000244140625,2825738
2026-04-20,1309.0,1318.5,1294.0,1307.699951171875,1189368
2026-04-21,1315.0,1367.300048828125,1310.199951171875,1363.0,2334336
2026-04-22,1376.5999755859375,1400.800048828125,1354.5999755859375,1392.800048828125,1841125
2026-04-23,1390.0999755859375,1394.5999755859375,1375.199951171875,1382.300048828125,1008437
2026-04-24,1383.0,1398.5,1370.0999755859375,1391.9000244140625,967932
2026-04-27,1393.0,1414.4000244140625,1382.0,1391.5999755859375,821321
2026-04-28,1397.0,1398.0,1370.199951171875,1374.4000244140625,582625
2026-04-29,1379.9000244140625,1391.0999755859375,1360.699951171875,1363.4000244140625,769004
2026-04-30,1350.0,1350.0,1322.0,1325.5999755859375,1077576
2026-05-01,1325.5999755859375,1325.5999755859375,1325.5999755859375,1325.5999755859375,0
2026-05-04,1334.699951171875,1339.5999755859375,1312.5999755859375,1321.699951171875,778722
2026-05-05,1330.0,1334.199951171875,1307.4000244140625,1315.5999755859375,656051
2026-05-06,1328.800048828125,1328.800048828125,1269.4000244140625,1290.300048828125,2800460
2026-05-07,1296.699951171875,1301.199951171875,1277.5,1279.800048828125,995377
2026-05-08,1285.0,1291.9000244140625,1273.9000244140625,1280.800048828125,1284584
2026-05-11,1280.0,1280.0,1263.5999755859375,1266.0999755859375,437790
2026-05-12,1266.0999755859375,1273.5999755859375,1244.300048828125,1247.5,529790
2026-05-13,1256.4000244140625,1263.0,1236.0,1256.4000244140625,711715
2026-05-14,1266.9000244140625,1278.4000244140625,1252.4000244140625,1272.5,585021
2026-05-15,1289.0,1342.0999755859375,1286.0999755859375,1320.699951171875,3849617
2026-05-18,1320.300048828125,1320.300048828125,1271.300048828125,1315.699951171875,837730
2026-05-19,1309.0999755859375,1328.0,1300.4000244140625,1304.9000244140625,707901
2026-05-20,1300.0,1305.5,1282.0,1284.5999755859375,988906
2026-05-21,1293.0,1294.4000244140625,1270.0999755859375,1272.5999755859375,946896
2026-05-22,1275.199951171875,1286.9000244140625,1259.0,1282.0999755859375,842545
2026-05-25,1290.0,1302.0,1279.0,1284.0999755859375,739366
2026-05-26,1284.0999755859375,1297.0,1276.300048828125,1293.4000244140625,1103951
2026-05-27,1295.0,1310.300048828125,1290.5999755859375,1302.5,443996
2026-05-28,1302.5,1302.5,1302.5,1302.5,0
2026-05-29,1305.9000244140625,1308.9000244140625,1260.5,1270.0,2164859
2026-06-01,1276.9000244140625,1282.199951171875,1245.0999755859375,1248.800048828125,509716
2026-06-02,1250.0999755859375,1277.5,1242.800048828125,1275.0,997132
2026-06-03,1280.0,1280.0,1250.5,1262.9000244140625,600804
2026-06-04,1262.9000244140625,1268.199951171875,1248.0,1249.699951171875,611875
2026-06-05,1249.5999755859375,1256.800048828125,1241.5,1246.699951171875,271036
2026-06-08,1242.800048828125,1247.0,1229.199951171875,1238.5,488904
2026-06-09,1239.9000244140625,1262.5,1239.0999755859375,1257.199951171875,555079
2026-06-10,1260.5,1275.9000244140625,1253.199951171875,1259.9000244140625,902528
2026-06-11,1259.9000244140625,1275.5999755859375,1252.5,1257.800048828125,638516
2026-06-12,1270.9000244140625,1277.0,1261.199951171875,1272.4000244140625,497161
2026-06-15,1285.0,1289.0,1266.0999755859375,1271.5,781530
2026-06-16,1275.800048828125,1302.0,1268.0999755859375,1299.0,1039955
2026-06-17,1304.0,1309.9000244140625,1286.300048828125,1308.0,321861
2026-06-18,1329.0,1367.5999755859375,1325.300048828125,1350.300048828125,2744272
2026-06-19,1348.0,1348.4000244140625,1312.0,1320.5,784253
2026-06-22,1320.5,1346.4000244140625,1314.0,1343.0999755859375,747124
2026-06-23,1343.0999755859375,1350.0,1334.0,1337.699951171875,604501
2026-06-24,1336.0999755859375,1362.699951171875,1320.199951171875,1359.0999755859375,1388539
2026-06-25,1367.0,1395.9000244140625,1366.0,1384.9000244140625,1774172
2026-06-26,1384.9000244140625,1384.9000244140625,1384.9000244140625,1384.9000244140625,0
2026-06-29,1375.0,1375.0,1335.0,1341.5,1861576
2026-06-30,1348.300048828125,1364.300048828125,1330.199951171875,1350.4000244140625,943978
2026-07-01,1352.0,1373.800048828125,1350.699951171875,1352.4000244140625,447614
2026-07-02,1359.800048828125,1382.0,1352.300048828125,1373.4000244140625,320446
2026-07-03,1375.0,1399.0,1369.199951171875,1393.300048828125,703591
2026-07-06,1393.300048828125,1432.5,1392.800048828125,1427.300048828125,1181466
2026-07-07,1435.0,1441.0,1423.0999755859375,1439.4000244140625,719161
2026-07-08,1427.0,1427.0,1397.800048828125,1408.800048828125,2405459
2026-07-09,1409.0,1420.0,1378.4000244140625,1381.199951171875,621336
2026-07-10,1384.9000244140625,1391.800048828125,1375.699951171875,1385.699951171875,568746
2026-07-13,1378.5999755859375,1398.699951171875,1368.800048828125,1373.4000244140625,804212
2026-07-14,1373.0,1390.5999755859375,1367.0999755859375,1386.300048828125,565373
2026-07-15,1393.5,1394.9000244140625,1370.5,1373.4000244140625,967379
2026-07-16,1373.4000244140625,1392.4000244140625,1357.5999755859375,1381.5999755859375,428267
2026-07-17,1363.0,1382.0999755859375,1351.0,1375.800048828125,476712
2026-07-20,1367.0,1399.0,1363.5,1395.300048828125,656234
2026-07-21,1400.0,1400.300048828125,1375.199951171875,1390.800048828125,621923
2026-07-22,1390.0,1407.800048828125,1375.699951171875,1404.199951171875,666171
2026-07-23,1399.9000244140625,1435.4000244140625,1395.0,,1621289
