date,open,high,low,close,volume
2019-07-23,53.911109924316406,56.88888931274414,53.33629608154297,55.9674072265625,1034960
2019-07-24,56.71110916137695,56.88888931274414,45.8903694152832,52.59555435180664,1767487
2019-07-25,52.622222900390625,56.88888931274414,52.622222900390625,55.22666549682617,755707
2019-07-26,55.72444534301758,59.22666549682617,54.400001525878906,58.266666412353516,926280
2019-07-29,58.733333587646484,59.911109924316406,55.77333450317383,56.82222366333008,976196
2019-07-30,56.880001068115234,59.11111068725586,56.00444412231445,56.52000045776367,1689525
2019-07-31,56.54222106933594,58.217777252197266,56.253334045410156,56.79111099243164,1874351
2019-08-01,57.1422233581543,57.77333450317383,54.586666107177734,55.413333892822266,3238515
2019-08-02,55.20000076293945,55.72444534301758,53.560001373291016,55.155555725097656,1324833
2019-08-05,54.31111145019531,55.08000183105469,52.488887786865234,52.844444274902344,1368810
2019-08-06,52.39555358886719,55.00444412231445,52.0,53.804443359375,2842537
2019-08-07,54.65777587890625,55.19111251831055,53.86666488647461,54.893333435058594,4257337
2019-08-08,55.11555480957031,55.5555534362793,54.39555358886719,55.084442138671875,394728
2019-08-09,55.040000915527344,56.880001068115234,53.342220306396484,54.28888702392578,2872518
2019-08-13,54.71110916137695,56.43555450439453,53.71110916137695,56.133331298828125,859623
2019-08-14,56.60444259643555,57.11555480957031,55.11111068725586,56.52000045776367,786982
2019-08-16,55.764442443847656,58.21333312988281,55.764442443847656,58.11111068725586,905062
2019-08-19,58.133331298828125,58.66222381591797,57.20888900756836,58.168888092041016,1766193
2019-08-20,58.56888961791992,58.56888961791992,57.03111267089844,57.351112365722656,340425
2019-08-21,57.33333206176758,57.77777862548828,56.44444274902344,57.00444412231445,238680
2019-08-22,57.155555725097656,57.77333450317383,55.57777786254883,56.98666763305664,623441
2019-08-23,56.959999084472656,57.86666488647461,55.80888748168945,56.92888641357422,714105
2019-08-26,57.328887939453125,57.77777862548828,56.168888092041016,57.40888977050781,494820
2019-08-27,57.24888610839844,57.68888854980469,56.44444274902344,56.880001068115234,2061225
2019-08-28,56.97777557373047,57.09333419799805,56.44444274902344,56.942222595214844,524148
2019-08-29,57.06222152709961,57.9555549621582,56.942222595214844,57.78666687011719,3968223
2019-08-30,57.9555549621582,57.9555549621582,56.17777633666992,57.44444274902344,5804561
2019-09-03,57.06666564941406,57.06666564941406,54.47111129760742,55.98222351074219,807187
2019-09-04,57.666664123535156,57.666664123535156,55.5555534362793,56.31999969482422,746122
2019-09-05,56.61333465576172,56.697776794433594,55.56444549560547,55.764442443847656,155632
2019-09-06,56.24444580078125,56.266666412353516,55.20888900756836,55.671112060546875,226226
2019-09-09,55.11111068725586,55.991111755371094,53.959999084472656,55.795555114746094,1152686
2019-09-11,55.991111755371094,56.17777633666992,51.119998931884766,52.87111282348633,2345501
2019-09-12,52.79999923706055,54.764442443847656,52.08888626098633,52.439998626708984,1798188
2019-09-13,52.71110916137695,55.9555549621582,52.71110916137695,55.795555114746094,1467900
2019-09-16,55.72444534301758,55.991111755371094,54.85333251953125,55.76888656616211,965463
2019-09-17,55.72888946533203,56.7066650390625,54.9466667175293,55.253334045410156,1638877
2019-09-18,55.551109313964844,56.22222137451172,54.66222381591797,55.6533317565918,794778
2019-09-19,55.78666687011719,55.911109924316406,53.69333267211914,54.217777252197266,923658
2019-09-20,53.95111083984375,55.551109313964844,53.697776794433594,55.0444450378418,1551172
2019-09-23,54.31999969482422,56.88444519042969,53.97777557373047,56.36000061035156,2573336
2019-09-24,56.35555648803711,57.31111145019531,55.413333892822266,56.8488883972168,903735
2019-09-25,57.86666488647461,58.93777847290039,54.74222183227539,55.52000045776367,8202543
2019-09-26,55.551109313964844,56.72444534301758,55.11111068725586,56.5555534362793,1935371
2019-09-27,56.720001220703125,57.599998474121094,56.17777633666992,57.24888610839844,2047432
2019-09-30,57.342220306396484,57.342220306396484,55.377777099609375,55.475555419921875,815310
2019-10-01,55.90666580200195,55.90666580200195,52.37333297729492,53.61333465576172,2281635
2019-10-03,54.040000915527344,55.58222198486328,52.9555549621582,54.959999084472656,1151516
2019-10-04,55.27111053466797,55.684444427490234,54.37333297729492,54.92888641357422,723802
2019-10-07,54.844444274902344,55.537776947021484,53.86666488647461,54.34666442871094,504843
2019-10-09,54.22222137451172,55.28888702392578,53.697776794433594,54.96444320678711,790458
2019-10-10,54.57777786254883,55.351112365722656,53.86666488647461,54.0977783203125,1190486
2019-10-11,54.560001373291016,55.511112213134766,53.911109924316406,55.18666458129883,915255
2019-10-14,55.635555267333984,55.63999938964844,54.31999969482422,55.195556640625,7424606
2019-10-15,55.33333206176758,57.586666107177734,55.0533332824707,56.057777404785156,2528437
2019-10-16,56.35555648803711,56.893333435058594,56.24888610839844,56.58222198486328,1316790
2019-10-17,56.88444519042969,56.88444519042969,55.17333221435547,55.875553131103516,565582
2019-10-18,55.73777770996094,57.45333480834961,55.60444259643555,56.85333251953125,1608896
2019-10-22,56.04888916015625,57.342220306396484,54.9466667175293,56.27555465698242,1948545
2019-10-23,56.61777877807617,56.70222091674805,55.28888702392578,55.52888870239258,589950
2019-10-24,55.82222366333008,57.24444580078125,55.413333892822266,55.89777755737305,19812273
2019-10-25,55.95111083984375,55.98222351074219,53.77777862548828,54.293331146240234,1311592
2019-10-27,54.342220306396484,55.804443359375,54.26222229003906,55.502220153808594,180180
2019-10-29,55.733333587646484,55.733333587646484,54.804443359375,55.31999969482422,3633187
2019-10-30,54.49777603149414,56.44444274902344,54.49777603149414,55.008888244628906,1298070
2019-10-31,54.97777557373047,55.733333587646484,54.231109619140625,55.12444305419922,1683765
2019-11-01,55.46666717529297,55.46666717529297,54.666664123535156,55.04888916015625,2573898
2019-11-04,55.29777526855469,56.79111099243164,55.21333312988281,56.17777633666992,8999831
2019-11-05,57.155555725097656,64.64888763427734,57.155555725097656,62.391109466552734,23624932
2019-11-06,62.79999923706055,69.67111206054688,62.40888977050781,67.12000274658203,30734257
2019-11-07,67.33777618408203,70.13333129882812,66.66666412353516,67.22222137451172,11413440
2019-11-08,67.65333557128906,68.17778015136719,65.35555267333984,65.91555786132812,5729298
2019-11-11,66.31111145019531,68.44444274902344,65.95111083984375,67.67555236816406,6483318
2019-11-13,67.9111099243164,68.52444458007812,62.22666549682617,63.20888900756836,8482173
2019-11-14,63.5555534362793,65.95111083984375,61.47999954223633,64.50666809082031,5047560
2019-11-15,64.80000305175781,65.33333587646484,62.40444564819336,62.85333251953125,2651377
2019-11-18,63.27111053466797,63.426666259765625,61.24444580078125,62.13777542114258,2436187
2019-11-19,62.43555450439453,63.426666259765625,61.155555725097656,61.813331604003906,1485708
2019-11-20,61.537776947021484,65.32888793945312,61.537776947021484,64.84888458251953,3180386
2019-11-21,65.14666748046875,65.77777862548828,64.50666809082031,65.12444305419922,1830667
2019-11-22,65.3066635131836,65.33333587646484,64.0,64.87110900878906,1941795
2019-11-25,64.8933334350586,66.63999938964844,64.8933334350586,65.413330078125,3441296
2019-11-26,65.52888488769531,65.77777862548828,63.29777526855469,64.77777862548828,3626043
2019-11-27,65.5022201538086,65.5022201538086,63.671112060546875,64.44000244140625,673627
2019-11-28,64.80000305175781,64.80000305175781,63.56444549560547,64.0977783203125,1097977
2019-11-29,64.10221862792969,65.33333587646484,63.5555534362793,64.2844467163086,2342103
2019-12-02,65.15555572509766,67.10221862792969,64.0,65.08444213867188,3406972
2019-12-03,64.9111099243164,65.06666564941406,63.5555534362793,63.89777755737305,1325092
2019-12-04,63.77777862548828,65.15555572509766,63.377777099609375,64.6933364868164,1568328
2019-12-05,64.87110900878906,65.5999984741211,63.11111068725586,63.351112365722656,1606466
2019-12-06,63.5555534362793,64.31999969482422,62.439998626708984,62.93777847290039,1820463
2019-12-09,63.00444412231445,63.524444580078125,62.31999969482422,62.62666702270508,2037746
2019-12-10,62.7511100769043,63.02666473388672,61.155555725097656,61.42222213745117,745177
2019-12-11,61.684444427490234,62.37333297729492,60.54222106933594,61.279998779296875,1581277
2019-12-12,61.328887939453125,62.43555450439453,61.279998779296875,61.96888732910156,867105
2019-12-13,62.400001525878906,63.0,62.0444450378418,62.28444290161133,902576
2019-12-16,61.86666488647461,63.11111068725586,61.81777572631836,62.47111129760742,1707232
2019-12-17,62.75555419921875,63.64444351196289,62.666664123535156,63.38222122192383,3449621
2019-12-18,63.8577766418457,63.8577766418457,61.77777862548828,62.03555679321289,1528616
2019-12-19,62.20000076293945,62.71110916137695,61.733333587646484,62.38666534423828,791167
2019-12-20,62.75555419921875,63.82222366333008,61.43111038208008,62.24444580078125,2370892
2019-12-23,61.5555534362793,62.83555603027344,61.426666259765625,62.195556640625,2215440
2019-12-24,62.231109619140625,62.599998474121094,61.84000015258789,62.217777252197266,617096
2019-12-26,62.57777786254883,62.57777786254883,61.599998474121094,61.697776794433594,2470421
2019-12-27,61.78666687011719,62.57777786254883,61.52000045776367,62.11555480957031,1563097
2019-12-30,61.93333435058594,63.911109924316406,61.93333435058594,63.58222198486328,1713363
2019-12-31,64.0,64.68444061279297,62.13777542114258,62.98666763305664,2002848
2020-01-01,62.75555419921875,63.426666259765625,62.0444450378418,62.1511116027832,844886
2020-01-02,62.4577751159668,63.23555374145508,62.119998931884766,62.764442443847656,1154295
2020-01-03,62.586666107177734,63.06666564941406,62.1422233581543,62.43555450439453,1022658
2020-01-06,62.400001525878906,62.400001525878906,60.86666488647461,62.20888900756836,754357
2020-01-07,61.87111282348633,62.599998474121094,61.31111145019531,61.635555267333984,1285447
2020-01-08,61.33333206176758,63.11111068725586,61.0444450378418,62.45333480834961,1729383
2020-01-09,62.93333435058594,64.17778015136719,62.6533317565918,63.622222900390625,1669297
2020-01-10,63.64444351196289,66.22222137451172,63.64444351196289,65.31999969482422,3552547
2020-01-13,65.9022216796875,66.63555145263672,65.03555297851562,65.36888885498047,1591571
2020-01-14,65.77777862548828,65.95555877685547,64.0,65.43111419677734,1017450
2020-01-15,65.56444549560547,67.09333038330078,65.0,65.7155532836914,2232135
2020-01-16,65.86666870117188,66.84444427490234,64.84888458251953,66.23110961914062,801078
2020-01-17,66.34666442871094,67.9111099243164,66.34666442871094,66.81777954101562,2139345
2020-01-20,66.75555419921875,68.53333282470703,66.26666259765625,67.68444061279297,2075006
2020-01-21,67.82221984863281,70.4000015258789,67.7155532836914,70.05332946777344,4740390
2020-01-22,70.64888763427734,71.46666717529297,69.07111358642578,70.62666320800781,3885120
2020-01-23,70.80000305175781,75.82221984863281,70.32444763183594,74.36888885498047,7197007
2020-01-24,74.4000015258789,75.9022216796875,74.4000015258789,75.52888488769531,2632050
2020-01-27,75.36888885498047,77.33333587646484,75.11111450195312,75.40888977050781,2476271
2020-01-28,74.77777862548828,75.37333679199219,72.0,73.93777465820312,1459001
2020-01-29,74.07555389404297,74.65333557128906,69.66222381591797,71.83110809326172,1885477
2020-01-30,72.0,72.80000305175781,66.66666412353516,67.07555389404297,3479760
2020-01-31,67.28888702392578,69.2933349609375,66.33777618408203,68.1866683959961,2902140
2020-02-03,67.55555725097656,71.28888702392578,67.55110931396484,70.7955551147461,1763955
2020-02-04,71.90666961669922,73.77777862548828,71.4044418334961,73.26666259765625,4458150
2020-02-05,72.62222290039062,73.4222183227539,70.67111206054688,71.53333282470703,2011230
2020-02-06,71.12889099121094,71.92444610595703,68.55110931396484,69.0,3370128
2020-02-07,69.33333587646484,75.55555725097656,69.33333587646484,74.95555877685547,16685482
2020-02-10,74.95555877685547,76.7066650390625,72.26666259765625,73.78666687011719,3566868
2020-02-11,74.28888702392578,75.46221923828125,71.55555725097656,71.97777557373047,2400986
2020-02-12,71.64444732666016,72.88888549804688,71.37777709960938,72.41777801513672,1528110
2020-02-13,72.66666412353516,74.4800033569336,71.51555633544922,73.41777801513672,1815480
2020-02-14,73.68888854980469,74.2044448852539,72.45333099365234,72.83999633789062,815253
2020-02-17,73.32444763183594,73.32444763183594,71.11111450195312,71.58666229248047,901080
2020-02-18,71.64444732666016,73.04444122314453,69.42666625976562,71.83555603027344,1135620
2020-02-19,72.5199966430664,72.87110900878906,70.5111083984375,70.94666290283203,3320291
2020-02-20,71.2844467163086,74.36888885498047,71.11555480957031,72.804443359375,2782215
2020-02-24,72.42666625976562,72.88888549804688,71.55555725097656,71.89777374267578,2551455
2020-02-25,72.44444274902344,73.195556640625,71.56444549560547,72.04000091552734,2099756
2020-02-26,71.7155532836914,75.54222106933594,71.71111297607422,74.5022201538086,7253156
2020-02-27,74.66666412353516,76.35555267333984,72.46221923828125,72.66666412353516,3510180
2020-02-28,71.65333557128906,73.23999786376953,70.23110961914062,72.27555847167969,4315646
2020-03-02,72.88888549804688,74.04000091552734,71.56444549560547,71.91555786132812,4296037
2020-03-03,71.9111099243164,73.77777862548828,71.73777770996094,73.05777740478516,2697063
2020-03-04,72.9111099243164,73.27555847167969,68.44444274902344,69.67111206054688,8188391
2020-03-05,70.4000015258789,70.4000015258789,67.58222198486328,67.88444519042969,2561377
2020-03-06,65.95555877685547,70.57777404785156,65.95555877685547,69.77333068847656,1600402
2020-03-09,66.77777862548828,69.15555572509766,64.53333282470703,66.0888900756836,6511657
2020-03-11,66.11111450195312,70.8133316040039,64.54222106933594,69.57333374023438,4693331
2020-03-12,68.51555633544922,68.51555633544922,62.7599983215332,67.17333221435547,3435795
2020-03-13,62.31999969482422,69.33333587646484,53.78666687011719,68.91999816894531,1451733
2020-03-16,66.22222137451172,66.48444366455078,61.82666778564453,62.61333465576172,1667362
2020-03-17,62.488887786865234,66.12889099121094,61.02666473388672,63.02666473388672,2598750
2020-03-18,63.733333587646484,64.49333190917969,55.06222152709961,58.73777770996094,3367125
2020-03-19,54.400001525878906,59.54222106933594,48.47111129760742,58.08888626098633,4272255
2020-03-20,57.071109771728516,58.99555587768555,50.400001525878906,53.57777786254883,2550296
2020-03-23,42.862220764160156,54.133331298828125,42.862220764160156,52.11555480957031,2795220
2020-03-24,51.5555534362793,55.11111068725586,47.32444381713867,49.991111755371094,3438225
2020-03-25,51.11111068725586,51.82222366333008,46.733333587646484,49.68000030517578,2162385
2020-03-26,50.66222381591797,54.93777847290039,49.77777862548828,53.06222152709961,2176335
2020-03-27,54.57777786254883,55.63111114501953,49.38666534423828,50.40444564819336,1488926
2020-03-30,47.88444519042969,51.5555534362793,46.67555618286133,47.12888717651367,1933312
2020-03-31,48.20000076293945,48.88888931274414,45.33333206176758,47.06222152709961,2728383
2020-04-01,47.54666519165039,48.79999923706055,45.622222900390625,47.77333450317383,1838351
2020-04-03,48.43555450439453,49.77777862548828,44.44444274902344,47.77777862548828,2895401
2020-04-07,49.7599983215332,49.7599983215332,46.72444534301758,47.279998779296875,3556867
2020-04-08,48.41777801513672,48.63999938964844,46.666664123535156,48.26222229003906,2505836
2020-04-09,49.33333206176758,52.43555450439453,48.45333480834961,51.377777099609375,2596905
2020-04-13,51.5555534362793,52.88888931274414,48.635555267333984,49.36000061035156,2223528
2020-04-15,49.77777862548828,52.35555648803711,48.44888687133789,50.43111038208008,3722208
2020-04-16,50.59555435180664,52.0,49.42222213745117,51.31999969482422,1784610
2020-04-17,52.8488883972168,54.83555603027344,51.5555534362793,53.78666687011719,2974983
2020-04-20,54.133331298828125,58.666664123535156,52.4577751159668,57.82666778564453,3896122
2020-04-21,57.33333206176758,57.77777862548828,53.33777618408203,53.96888732910156,2009632
2020-04-22,54.22222137451172,58.488887786865234,53.91555404663086,57.89777755737305,2902005
2020-04-23,58.0444450378418,59.67555618286133,54.666664123535156,55.36888885498047,2018700
2020-04-24,54.49777603149414,59.06666564941406,54.41777801513672,57.87111282348633,4706640
2020-04-27,59.01333236694336,59.27555465698242,56.70222091674805,57.400001525878906,1510200
2020-04-28,57.91999816894531,59.46666717529297,57.20000076293945,58.862220764160156,2254511
2020-04-29,59.5555534362793,60.88888931274414,58.22222137451172,58.54222106933594,2000666
2020-04-30,58.87111282348633,61.155555725097656,58.666664123535156,59.51555633544922,3241136
2020-05-04,58.97777557373047,61.511112213134766,54.48444366455078,54.81777572631836,3826192
2020-05-05,56.41777801513672,57.68888854980469,54.400001525878906,55.1422233581543,9902081
2020-05-06,56.52888870239258,56.52888870239258,54.400001525878906,54.75555419921875,3385158
2020-05-07,55.10222244262695,55.10222244262695,50.844444274902344,53.33333206176758,6987262
2020-05-08,53.68888854980469,55.53333282470703,53.68888854980469,55.14666748046875,2516040
2020-05-11,55.5555534362793,56.0,53.351112365722656,54.862220764160156,3621723
2020-05-12,55.022220611572266,55.991111755371094,53.795555114746094,55.439998626708984,2395586
2020-05-13,56.97777557373047,59.4577751159668,55.28888702392578,58.666664123535156,3449238
2020-05-14,57.5555534362793,58.635555267333984,56.71110916137695,57.195556640625,2132865
2020-05-15,57.155555725097656,58.39555358886719,55.82222366333008,56.25777816772461,2114876
2020-05-18,56.19111251831055,56.61333465576172,54.31111145019531,55.7066650390625,1578150
2020-05-19,56.862220764160156,56.862220764160156,54.400001525878906,54.75555419921875,2243002
2020-05-20,54.231109619140625,55.33777618408203,53.33333206176758,53.586666107177734,2392852
2020-05-21,53.991111755371094,54.66222381591797,51.30666732788086,51.560001373291016,3834585
2020-05-22,51.5555534362793,52.28888702392578,50.77777862548828,51.795555114746094,2297036
2020-05-26,52.084442138671875,53.68888854980469,51.911109924316406,52.77333450317383,3399525
2020-05-27,52.893333435058594,53.28444290161133,52.56888961791992,52.8577766418457,1606106
2020-05-28,53.06666564941406,55.08888626098633,53.02666473388672,54.40888977050781,3745755
2020-05-29,54.38222122192383,56.44444274902344,53.58222198486328,56.14666748046875,1697906
2020-06-01,56.88888931274414,57.32444381713867,55.11555480957031,55.39555358886719,2117081
2020-06-02,55.377777099609375,55.88444519042969,53.364444732666016,53.81777572631836,2251361
2020-06-03,54.32444381713867,55.911109924316406,54.253334045410156,54.79999923706055,4585365
2020-06-04,55.10222244262695,55.40444564819336,53.9555549621582,54.20000076293945,1859490
2020-06-05,55.022220611572266,56.488887786865234,54.7511100769043,56.204444885253906,1829047
2020-06-08,57.057777404785156,57.33333206176758,54.75555419921875,55.168888092041016,2565157
2020-06-09,55.11111068725586,56.25777816772461,54.67555618286133,55.720001220703125,3400751
2020-06-10,55.5555534362793,55.82222366333008,54.666664123535156,55.18666458129883,1877062
2020-06-11,55.45333480834961,55.98222351074219,54.804443359375,55.12444305419922,1016257
2020-06-12,52.08888626098633,57.057777404785156,52.08888626098633,56.16444396972656,3023673
2020-06-15,56.35555648803711,61.33333206176758,55.57777786254883,58.15999984741211,6625721
2020-06-16,59.182220458984375,59.98222351074219,56.488887786865234,57.586666107177734,2425837
2020-06-17,56.88888931274414,59.54222106933594,56.79999923706055,58.82222366333008,2036778
2020-06-18,58.82222366333008,63.5555534362793,58.49333190917969,62.8577766418457,6433323
2020-06-19,63.64444351196289,65.5955581665039,63.64444351196289,65.06222534179688,3551478
2020-06-22,65.4222183227539,65.6933364868164,62.57777786254883,62.959999084472656,2387565
2020-06-23,62.959999084472656,64.0,62.31111145019531,62.911109924316406,3659332
2020-06-24,63.195556640625,63.46666717529297,60.364444732666016,61.195556640625,1728112
2020-06-25,60.364444732666016,62.844444274902344,60.364444732666016,61.78666687011719,1476866
2020-06-26,61.42222213745117,63.11111068725586,59.67555618286133,60.60444259643555,35092282
2020-06-29,60.44444274902344,62.57777786254883,59.733333587646484,60.635555267333984,2276111
2020-06-30,60.79999923706055,61.302223205566406,60.13777542114258,60.52888870239258,4217231
2020-07-01,60.96444320678711,61.86666488647461,60.106666564941406,61.400001525878906,1424632
2020-07-02,61.733333587646484,62.57777786254883,60.328887939453125,60.57777786254883,1500952
2020-07-03,60.813331604003906,62.31111145019531,60.813331604003906,62.0533332824707,1265220
2020-07-06,62.22666549682617,64.0,61.782222747802734,62.19111251831055,3169327
2020-07-07,63.43111038208008,63.63999938964844,61.33333206176758,61.70222091674805,4568006
2020-07-08,62.39555358886719,63.084442138671875,60.22222137451172,60.439998626708984,12529811
2020-07-09,60.71110916137695,62.11111068725586,60.45333480834961,61.21333312988281,1620135
2020-07-10,61.24444580078125,62.0444450378418,60.35555648803711,60.46666717529297,2790495
2020-07-13,61.13777542114258,61.33777618408203,59.0533332824707,60.49777603149414,2411932
2020-07-14,60.36000061035156,61.155555725097656,59.804443359375,60.524444580078125,3494823
2020-07-15,60.88888931274414,61.11111068725586,60.0,60.62666702270508,773066
2020-07-16,60.622222900390625,61.33333206176758,58.78666687011719,61.12888717651367,2922693
2020-07-17,61.155555725097656,61.93777847290039,60.37333297729492,61.377777099609375,1583493
2020-07-20,61.43555450439453,63.11111068725586,61.43555450439453,62.880001068115234,2124326
2020-07-21,63.46666717529297,64.8133316040039,62.81777572631836,63.59111022949219,2449125
2020-07-22,64.0,65.06666564941406,62.942222595214844,63.4577751159668,5726958
2020-07-23,63.28888702392578,64.26666259765625,61.77777862548828,62.28888702392578,1878738
2020-07-24,62.22222137451172,63.022220611572266,61.20888900756836,61.813331604003906,4222091
2020-07-27,61.9555549621582,62.11555480957031,60.88888931274414,61.01333236694336,1052561
2020-07-28,61.155555725097656,63.00444412231445,60.97777557373047,62.37333297729492,4145321
2020-07-29,62.96888732910156,63.38222122192383,61.351112365722656,61.93333435058594,2972643
2020-07-30,62.391109466552734,62.9022216796875,60.351112365722656,60.68888854980469,1683495
2020-07-31,61.253334045410156,63.502220153808594,61.253334045410156,62.942222595214844,2106596
2020-08-03,63.253334045410156,63.253334045410156,60.44444274902344,60.782222747802734,2568701
2020-08-04,61.684444427490234,64.35111236572266,60.71110916137695,63.6533317565918,8745682
2020-08-05,64.62222290039062,66.84444427490234,64.0888900756836,66.43111419677734,6546588
2020-08-06,67.36888885498047,70.82666778564453,66.66666412353516,70.06666564941406,5217243
2020-08-07,69.95555877685547,69.95555877685547,65.6177749633789,66.23110961914062,2864868
2020-08-10,67.0088882446289,67.0088882446289,65.66666412353516,65.95555877685547,2024302
2020-08-11,66.66666412353516,67.39111328125,65.6177749633789,65.8133316040039,2267370
2020-08-12,65.5999984741211,66.98222351074219,65.33333587646484,65.43555450439453,1155082
2020-08-13,65.77777862548828,68.88888549804688,65.77777862548828,68.50666809082031,2714805
2020-08-14,68.87999725341797,70.2177734375,67.55555725097656,68.04444122314453,1684642
2020-08-17,69.01333618164062,69.77777862548828,67.53778076171875,69.33333587646484,1551611
2020-08-18,69.75555419921875,69.9111099243164,68.26666259765625,69.35111236572266,1915717
2020-08-19,69.15555572509766,69.95555877685547,66.22666931152344,66.72888946533203,3232597
2020-08-20,66.83555603027344,68.17333221435547,66.3155517578125,66.52444458007812,1867905
2020-08-21,67.42666625976562,68.16888427734375,66.3022232055664,66.67555236816406,1271171
2020-08-24,67.08444213867188,69.4222183227539,67.08444213867188,68.3022232055664,3349507
2020-08-25,69.15555572509766,69.15555572509766,67.13777923583984,67.76444244384766,1828147
2020-08-26,67.74666595458984,70.0888900756836,67.46666717529297,68.18222045898438,3565541
2020-08-27,68.35555267333984,68.76889038085938,67.11111450195312,67.5955581665039,1350686
2020-08-28,67.73332977294922,67.97333526611328,66.22222137451172,67.04444122314453,1845787
2020-08-31,67.11111450195312,67.27999877929688,61.38666534423828,65.4222183227539,2418243
2020-09-01,64.17778015136719,69.15555572509766,64.17778015136719,67.89777374267578,2942178
2020-09-02,67.55555725097656,68.85333251953125,66.8933334350586,68.11555480957031,1668802
2020-09-03,68.0888900756836,68.55555725097656,66.4000015258789,66.72444152832031,1287157
2020-09-04,66.4000015258789,67.75111389160156,65.5199966430664,65.82221984863281,3128748
2020-09-07,66.31111145019531,66.84444427490234,65.33333587646484,66.18222045898438,869433
2020-09-08,66.75555419921875,66.75555419921875,65.36444091796875,65.72000122070312,784721
2020-09-09,65.33333587646484,65.7155532836914,64.0,64.23555755615234,1642286
2020-09-10,64.27111053466797,65.67555236816406,64.27111053466797,64.72000122070312,938553
2020-09-11,64.36888885498047,65.6977767944336,63.911109924316406,64.63555145263672,1653536
2020-09-14,64.88888549804688,66.40888977050781,64.88888549804688,66.05332946777344,2182601
2020-09-15,66.05332946777344,66.82221984863281,64.76000213623047,65.3822250366211,1458292
2020-09-16,65.67555236816406,65.9022216796875,64.0,64.67111206054688,1432552
2020-09-17,64.62222290039062,65.2044448852539,63.15999984741211,63.426666259765625,1063710
2020-09-18,63.64444351196289,64.0888900756836,61.351112365722656,62.68888854980469,1965228
2020-09-21,62.22222137451172,62.488887786865234,60.97777557373047,61.37333297729492,991226
2020-09-22,61.599998474121094,61.77777862548828,60.0,61.0444450378418,2013817
2020-09-23,61.33333206176758,61.99555587768555,59.911109924316406,60.32444381713867,1640587
2020-09-24,59.5555534362793,61.74222183227539,59.17777633666992,60.622222900390625,2227905
2020-09-25,60.08888626098633,62.44888687133789,60.08888626098633,61.82222366333008,12997350
2020-09-28,62.92888641357422,63.91555404663086,62.57777786254883,63.19111251831055,1180530
2020-09-29,64.0,64.4222183227539,62.666664123535156,63.795555114746094,2213921
2020-09-30,64.0,64.0,61.77777862548828,62.071109771728516,2595971
2020-10-01,62.88888931274414,62.959999084472656,61.86666488647461,62.16444396972656,1020993
2020-10-05,62.65777587890625,63.11111068725586,61.511112213134766,61.733333587646484,2614905
2020-10-06,61.78666687011719,62.11111068725586,60.88888931274414,61.35555648803711,4199895
2020-10-07,61.35555648803711,61.77777862548828,60.44444274902344,60.764442443847656,1093668
2020-10-08,60.88888931274414,61.328887939453125,59.61777877807617,60.11111068725586,4387927
2020-10-09,60.35555648803711,60.40888977050781,58.22222137451172,58.56444549560547,9167962
2020-10-12,58.57777786254883,60.475555419921875,58.57777786254883,59.50666427612305,12553672
2020-10-13,59.5555534362793,62.0444450378418,58.893333435058594,61.52888870239258,3404148
2020-10-14,61.33333206176758,61.511112213134766,59.11111068725586,59.63999938964844,6064391
2020-10-15,59.942222595214844,60.973331451416016,59.11111068725586,59.488887786865234,1564278
2020-10-16,60.0,61.50666427612305,59.20000076293945,60.68888854980469,2098676
2020-10-19,60.88888931274414,61.475555419921875,60.1511116027832,60.40888977050781,5619026
2020-10-20,60.41777801513672,60.88444519042969,60.0,60.18666458129883,1595328
2020-10-21,60.19111251831055,60.391109466552734,59.377777099609375,59.64444351196289,791696
2020-10-22,59.5555534362793,59.93333435058594,59.20000076293945,59.551109313964844,4169756
2020-10-23,59.99555587768555,60.25777816772461,59.2400016784668,59.5555534362793,1760512
2020-10-26,59.97777557373047,60.0,59.26222229003906,59.7511100769043,1462173
2020-10-27,59.98666763305664,59.98666763305664,59.20888900756836,59.72444534301758,2184558
2020-10-28,59.991111755371094,60.44444274902344,58.53333282470703,59.0533332824707,1977412
2020-10-29,58.99555587768555,59.022220611572266,57.45333480834961,58.12444305419922,3155568
2020-10-30,58.57777786254883,59.13777542114258,57.45333480834961,58.21333312988281,2596128
2020-11-02,59.20000076293945,60.8577766418457,58.21333312988281,59.573333740234375,2684925
2020-11-03,59.74222183227539,60.79111099243164,58.86666488647461,59.746665954589844,6005587
2020-11-04,60.0,60.86666488647461,58.22222137451172,59.81777572631836,4565396
2020-11-05,60.0,62.22222137451172,59.99555587768555,62.07555389404297,24647186
2020-11-06,62.573333740234375,62.666664123535156,61.364444732666016,61.715553283691406,1327365
2020-11-09,62.22222137451172,62.60444259643555,61.155555725097656,61.49777603149414,1200735
2020-11-10,61.77777862548828,64.86222076416016,61.35555648803711,64.42666625976562,2970168
2020-11-11,64.44444274902344,65.77333068847656,64.12000274658203,65.50666809082031,3101051
2020-11-12,65.33333587646484,65.76444244384766,63.11555480957031,63.684444427490234,3098880
2020-11-13,64.0,66.66666412353516,63.20000076293945,65.9911117553711,5757660
2020-11-14,66.22222137451172,66.22222137451172,65.33333587646484,65.76444244384766,187818
2020-11-17,65.33333587646484,66.22222137451172,64.63111114501953,66.12889099121094,2334442
2020-11-18,66.22222137451172,69.23999786376953,66.13333129882812,68.66666412353516,6928751
2020-11-19,68.0,69.06666564941406,67.11111450195312,68.3155517578125,2739285
2020-11-20,68.17778015136719,69.32444763183594,67.55555725097656,68.42666625976562,2295180
2020-11-23,68.44444274902344,69.33333587646484,66.66666412353516,67.2177734375,3254692
2020-11-24,67.19999694824219,68.44000244140625,66.64444732666016,68.26666259765625,1565887
2020-11-25,67.5999984741211,68.44444274902344,66.75555419921875,67.05777740478516,1467360
2020-11-26,67.5199966430664,69.77777862548828,67.4044418334961,69.11555480957031,4114935
2020-11-27,69.45777893066406,82.13333129882812,69.25333404541016,77.45777893066406,27224370
2020-12-01,80.0,80.0,73.05332946777344,74.27555847167969,7640538
2020-12-02,74.27555847167969,78.66666412353516,73.15555572509766,77.36000061035156,5021010
2020-12-03,76.44444274902344,78.66666412353516,74.66666412353516,75.23555755615234,3017013
2020-12-04,75.63999938964844,76.34666442871094,73.86666870117188,74.25777435302734,2317297
2020-12-07,74.66666412353516,76.88888549804688,74.22222137451172,76.45777893066406,2592922
2020-12-08,76.83555603027344,79.11111450195312,76.83555603027344,78.6933364868164,7765717
2020-12-09,79.37777709960938,80.88888549804688,78.84888458251953,80.64888763427734,7353225
2020-12-10,80.71111297607422,81.24444580078125,79.64444732666016,80.96444702148438,4384912
2020-12-11,81.77777862548828,81.82221984863281,80.43555450439453,80.8933334350586,5308717
2020-12-14,81.32888793945312,81.67111206054688,78.99555206298828,80.16888427734375,6104351
2020-12-15,80.62222290039062,82.04444122314453,80.2844467163086,81.72888946533203,2971597
2020-12-16,82.22222137451172,87.46666717529297,81.92444610595703,86.65777587890625,7708668
2020-12-17,87.12000274658203,88.86666870117188,85.58666229248047,87.22222137451172,8382510
2020-12-18,87.83999633789062,88.17778015136719,84.55999755859375,86.13777923583984,2597681
2020-12-21,85.86666870117188,86.0088882446289,76.7155532836914,80.68444061279297,3422193
2020-12-22,80.62222290039062,81.5111083984375,77.0,80.82221984863281,2394787
2020-12-23,81.14221954345703,83.9911117553711,78.23110961914062,80.45333099365234,2702441
2020-12-24,80.44444274902344,82.84444427490234,79.55555725097656,81.59111022949219,2633208
2020-12-28,81.73332977294922,82.31111145019531,78.93333435058594,79.72444152832031,1631036
2020-12-29,80.35555267333984,80.80000305175781,79.29777526855469,80.19999694824219,1565685
2020-12-30,80.43555450439453,81.5022201538086,78.84444427490234,80.23555755615234,4018893
2020-12-31,80.62222290039062,82.22222137451172,80.09333038330078,81.42666625976562,2919690
2021-01-01,81.06666564941406,81.94222259521484,80.26666259765625,80.7066650390625,2165748
2021-01-04,80.88888549804688,85.4222183227539,80.4977798461914,84.55555725097656,6598215
2021-01-05,84.88888549804688,86.90666961669922,84.64444732666016,85.90666961669922,3172016
2021-01-06,86.04444122314453,86.66666412353516,84.71111297607422,85.34222412109375,1929735
2021-01-07,86.44444274902344,88.17778015136719,85.44889068603516,87.5999984741211,3462041
2021-01-08,87.60888671875,90.23110961914062,86.47555541992188,88.0088882446289,2847487
2021-01-11,88.80000305175781,94.7911148071289,87.46666717529297,88.55555725097656,6125186
2021-01-12,89.26666259765625,89.5999984741211,85.86666870117188,86.08000183105469,3292515
2021-01-13,88.35555267333984,88.35555267333984,82.02666473388672,83.35111236572266,5096936
2021-01-14,82.93333435058594,82.93333435058594,80.62222290039062,80.97777557373047,4918443
2021-01-15,81.2088851928711,82.55110931396484,79.19999694824219,79.61333465576172,4218446
2021-01-18,79.61333465576172,80.53333282470703,76.93333435058594,77.9022216796875,2844123
2021-01-19,78.7911148071289,79.87555694580078,77.21333312988281,77.6977767944336,1977468
2021-01-20,78.2177734375,82.31111145019531,78.2177734375,81.5022201538086,3896932
2021-01-21,82.50666809082031,83.81777954101562,80.1866683959961,82.10221862792969,5340937
2021-01-22,82.66666412353516,82.66666412353516,80.0,80.35555267333984,1503945
2021-01-25,81.12000274658203,81.52444458007812,78.70222473144531,79.35555267333984,1574055
2021-01-27,79.55555725097656,82.04444122314453,79.11111450195312,80.05332946777344,3482876
2021-01-28,79.28888702392578,79.98666381835938,75.91555786132812,76.64888763427734,2034382
2021-01-29,76.97777557373047,80.83999633789062,76.88888549804688,79.87555694580078,5681542
2021-02-01,79.81777954101562,81.4222183227539,77.77777862548828,80.16888427734375,2176515
2021-02-02,80.83555603027344,81.03111267089844,76.97777557373047,77.34222412109375,5941563
2021-02-03,77.77333068847656,80.43555450439453,77.51555633544922,79.73332977294922,3679987
2021-02-04,80.0,80.88888549804688,78.23110961914062,80.25777435302734,3221336
2021-02-05,80.62222290039062,80.89777374267578,79.26222229003906,80.11111450195312,1353588
2021-02-08,80.2044448852539,80.84888458251953,78.4000015258789,78.87110900878906,2064431
2021-02-09,79.55555725097656,80.13333129882812,78.4888916015625,79.68000030517578,1235452
2021-02-10,80.3066635131836,80.88888549804688,78.26222229003906,79.195556640625,2182151
2021-02-11,78.83555603027344,82.22222137451172,78.64888763427734,80.39555358886719,7241557
2021-02-12,80.71111297607422,81.94666290283203,80.44444274902344,81.12444305419922,1700122
2021-02-15,81.92444610595703,85.5955581665039,81.4222183227539,83.99555206298828,7158600
2021-02-16,85.15555572509766,85.33333587646484,79.37777709960938,80.14221954345703,12573562
2021-02-17,80.55999755859375,84.44444274902344,80.53333282470703,84.03111267089844,10956611
2021-02-18,84.88888549804688,85.15555572509766,83.19999694824219,84.31999969482422,2838555
2021-02-19,84.88888549804688,87.28888702392578,83.98666381835938,86.58222198486328,4760010
2021-02-22,87.19999694824219,95.55555725097656,86.80889129638672,91.12000274658203,21004661
2021-02-23,94.4000015258789,100.44444274902344,89.93333435058594,91.77777862548828,10215416
2021-02-24,91.96444702148438,94.93333435058594,90.66666412353516,93.12000274658203,2184570
2021-02-25,93.5999984741211,94.00444030761719,90.72444152832031,92.67555236816406,4638802
2021-02-26,91.16000366210938,94.21333312988281,90.22666931152344,92.7066650390625,4075267
2021-03-01,95.11111450195312,95.11111450195312,89.60888671875,92.88444519042969,4356720
2021-03-02,94.21333312988281,94.31111145019531,92.04000091552734,93.77333068847656,2760547
2021-03-03,94.2933349609375,94.66666412353516,91.6977767944336,93.1866683959961,2766993
2021-03-04,92.35555267333984,94.22222137451172,92.11555480957031,93.33777618408203,2512395
2021-03-05,93.33777618408203,93.82666778564453,91.47110748291016,92.75555419921875,2533691
2021-03-08,92.62222290039062,92.62222290039062,88.17778015136719,88.7955551147461,5302473
2021-03-09,89.5111083984375,89.86222076416016,87.11111450195312,88.2844467163086,4954185
2021-03-10,88.44444274902344,89.5955581665039,87.64444732666016,87.94666290283203,1382703
2021-03-12,88.44444274902344,89.2044448852539,86.31111145019531,86.76889038085938,3694680
2021-03-15,87.74222564697266,88.2044448852539,85.15555572509766,85.60444641113281,3018015
2021-03-16,85.76889038085938,89.5955581665039,85.76889038085938,88.51555633544922,3452681
2021-03-17,89.33333587646484,90.31111145019531,88.88888549804688,89.47555541992188,2762392
2021-03-18,89.5111083984375,91.11555480957031,85.98222351074219,86.7066650390625,2494935
2021-03-19,87.03555297851562,89.77777862548828,85.34666442871094,86.76000213623047,17417137
2021-03-22,87.56444549560547,89.33333587646484,86.66666412353516,88.87999725341797,2437031
2021-03-23,89.68888854980469,90.66666412353516,87.47110748291016,88.80889129638672,2277810
2021-03-24,89.23999786376953,91.02222442626953,87.27555847167969,88.13333129882812,4056873
2021-03-25,88.16888427734375,90.22222137451172,87.80889129638672,88.76889038085938,5358172
2021-03-26,89.7066650390625,89.77777862548828,86.84444427490234,88.31999969482422,2469498
2021-03-30,89.5999984741211,90.66666412353516,88.32444763183594,90.2844467163086,3282435
2021-03-31,90.66666412353516,90.66666412353516,87.28888702392578,89.15110778808594,3453716
2021-04-01,89.78666687011719,90.22222137451172,88.29777526855469,89.68888854980469,2321190
2021-04-05,89.68888854980469,89.75555419921875,86.31111145019531,86.7066650390625,1374243
2021-04-06,88.78221893310547,88.78221893310547,86.93333435058594,87.34666442871094,1153001
2021-04-07,87.82221984863281,89.95555877685547,87.59111022949219,89.413330078125,3357213
2021-04-08,90.04444122314453,91.55555725097656,88.63111114501953,88.9911117553711,1301096
2021-04-09,88.75555419921875,89.6977767944336,87.58222198486328,87.96888732910156,815535
2021-04-12,88.3022232055664,89.77777862548828,87.58222198486328,87.9022216796875,4839300
2021-04-13,88.42666625976562,90.22222137451172,87.9111099243164,89.2933349609375,4737206
2021-04-15,88.91555786132812,90.31999969482422,87.6977767944336,88.67555236816406,2453028
2021-04-16,88.0,89.03555297851562,87.41777801513672,87.94222259521484,1626558
2021-04-19,87.11111450195312,87.11111450195312,82.32888793945312,83.2044448852539,4958145
2021-04-20,84.31999969482422,85.22222137451172,81.77777862548828,82.33777618408203,2962698
2021-04-22,82.4888916015625,82.6177749633789,78.76444244384766,79.17333221435547,5827308
2021-04-23,79.19999694824219,80.46221923828125,77.63999938964844,78.21333312988281,7502478
2021-04-26,78.75555419921875,80.29777526855469,78.66666412353516,79.91555786132812,3854880
2021-04-27,80.0888900756836,83.36888885498047,80.0,82.84888458251953,3875692
2021-04-28,82.37777709960938,84.2044448852539,80.44444274902344,83.7955551147461,2278226
2021-04-29,88.34666442871094,88.44444274902344,80.44444274902344,83.2933349609375,7897477
2021-04-30,83.28888702392578,86.22222137451172,82.96444702148438,84.49333190917969,4995371
2021-05-03,86.22222137451172,90.46221923828125,85.44889068603516,89.23110961914062,20956342
2021-05-04,91.55555725097656,93.76444244384766,88.53333282470703,88.96444702148438,7708162
2021-05-05,91.44000244140625,91.55555725097656,88.47110748291016,88.88444519042969,3247785
2021-05-06,89.4222183227539,89.76000213623047,87.59111022949219,88.3022232055664,2654876
2021-05-07,88.88888549804688,89.24444580078125,88.3022232055664,88.77777862548828,2777388
2021-05-10,89.06666564941406,89.56444549560547,87.2088851928711,87.57333374023438,1535062
2021-05-11,87.55555725097656,89.06666564941406,87.39555358886719,88.24888610839844,1478283
2021-05-12,88.3822250366211,88.87999725341797,86.68444061279297,87.12000274658203,1795781
2021-05-14,87.7155532836914,88.42666625976562,86.22666931152344,86.58222198486328,1227746
2021-05-17,87.34222412109375,87.413330078125,86.26222229003906,86.52888488769531,658248
2021-05-18,87.23999786376953,87.28888702392578,86.45333099365234,87.08000183105469,2969797
2021-05-19,87.19999694824219,89.68888854980469,87.19999694824219,89.22222137451172,3304856
2021-05-20,90.4888916015625,90.55110931396484,88.98666381835938,89.41777801513672,2633602
2021-05-21,90.0088882446289,90.0088882446289,87.4222183227539,88.15110778808594,11102760
2021-05-24,90.75555419921875,91.46666717529297,88.77777862548828,89.3022232055664,4870575
2021-05-25,90.22222137451172,91.46666717529297,89.06666564941406,91.23110961914062,3741761
2021-05-26,91.55555725097656,92.2088851928711,89.68888854980469,90.34666442871094,2189418
2021-05-27,90.98222351074219,91.27111053466797,89.7911148071289,90.43111419677734,2153475
2021-05-28,90.4800033569336,91.05777740478516,89.11111450195312,89.55999755859375,2381793
2021-05-31,90.64444732666016,90.64444732666016,89.51555633544922,89.91555786132812,1735807
2021-06-01,90.22222137451172,90.44889068603516,88.97777557373047,89.48444366455078,1502493
2021-06-02,89.5999984741211,91.9111099243164,89.33333587646484,90.56888580322266,3667106
2021-06-03,90.56888580322266,91.55555725097656,90.56888580322266,91.37333679199219,1127317
2021-06-04,91.9111099243164,95.02222442626953,91.73332977294922,94.06222534179688,6768461
2021-06-07,96.1066665649414,101.62666320800781,95.73332977294922,100.11555480957031,13027151
2021-06-08,101.95555877685547,101.97333526611328,96.76889038085938,99.25333404541016,9448458
2021-06-09,100.39111328125,104.71111297607422,99.1066665649414,102.27111053466797,7186173
2021-06-10,110.66666412353516,122.45333099365234,104.13333129882812,105.23332977294922,19144702
2021-06-11,108.0,108.0,103.4000015258789,105.36666870117188,6275797
2021-06-14,105.33333587646484,105.36666870117188,102.1933364868164,103.42666625976562,4577572
2021-06-15,103.5999984741211,106.4000015258789,102.0,105.82666778564453,4283325
2021-06-16,106.0,106.5199966430664,104.73332977294922,105.09333038330078,2540557
2021-06-17,103.5999984741211,105.98666381835938,103.5999984741211,105.48666381835938,2387235
2021-06-18,105.58666229248047,106.66666412353516,104.40666961669922,106.1933364868164,4837755
2021-06-21,106.0,106.38666534423828,104.66666412353516,104.87999725341797,1911052
2021-06-22,104.98666381835938,105.86666870117188,103.33333587646484,103.7066650390625,2757825
2021-06-23,102.90666961669922,103.63333129882812,100.22666931152344,100.45999908447266,4317367
2021-06-24,101.32666778564453,101.33333587646484,95.86666870117188,96.1866683959961,4193565
2021-06-25,97.05332946777344,97.6933364868164,95.19999694824219,95.52666473388672,5227410
2021-06-28,96.0,97.99333190917969,95.73332977294922,97.24666595458984,4525507
2021-06-29,97.86666870117188,98.19999694824219,96.33333587646484,96.62000274658203,2285737
2021-06-30,97.49333190917969,97.96666717529297,96.26666259765625,97.27999877929688,1833907
2021-07-01,98.0,98.0,96.16666412353516,96.5,2216632
2021-07-02,96.66666412353516,96.83999633789062,95.06666564941406,95.88666534423828,3496297
2021-07-05,96.66666412353516,97.46666717529297,94.53333282470703,95.08666229248047,2486040
2021-07-06,95.42666625976562,97.86666870117188,95.42666625976562,96.46666717529297,2240580
2021-07-07,96.68000030517578,100.36666870117188,96.05999755859375,99.44000244140625,5465715
2021-07-08,100.11333465576172,103.19999694824219,99.913330078125,102.66000366210938,5440507
2021-07-09,102.66666412353516,103.33333587646484,101.46666717529297,102.67333221435547,2526697
2021-07-12,103.33333587646484,104.26666259765625,102.68000030517578,104.16000366210938,1959675
2021-07-13,104.26666259765625,107.19999694824219,104.13333129882812,104.93333435058594,3912915
2021-07-14,104.93333435058594,105.8066635131836,103.33333587646484,103.72000122070312,1541595
2021-07-15,104.16666412353516,106.54000091552734,104.00666809082031,106.17333221435547,1858057
2021-07-16,106.53333282470703,106.80000305175781,103.66000366210938,106.36000061035156,2467125
2021-07-19,105.33333587646484,105.5999984741211,102.0,103.49333190917969,1513402
2021-07-20,104.01333618164062,104.6066665649414,102.73999786376953,103.76666259765625,989572
2021-07-22,104.80000305175781,105.17333221435547,98.90666961669922,101.22000122070312,2303850
2021-07-23,102.0,102.0,97.33333587646484,97.65333557128906,2538022
2021-07-26,98.13333129882812,100.58666229248047,98.13333129882812,100.13999938964844,3349830
2021-07-27,101.06666564941406,102.0,98.413330078125,98.99333190917969,2755425
2021-07-28,100.0,101.56666564941406,99.07333374023438,101.23332977294922,2450557
2021-07-29,102.0,102.0,99.73332977294922,100.36666870117188,1655197
2021-07-30,100.4000015258789,102.5199966430664,100.4000015258789,101.57333374023438,5637202
2021-08-02,102.66666412353516,107.7066650390625,101.5999984741211,105.21333312988281,20663722
2021-08-03,106.66666412353516,106.66666412353516,104.26666259765625,105.14666748046875,4964280
2021-08-04,105.73999786376953,106.09333038330078,104.54666900634766,105.69999694824219,4498545
2021-08-05,105.69999694824219,106.52666473388672,103.46666717529297,104.0,5012025
2021-08-06,104.37333679199219,105.19999694824219,102.8066635131836,103.08000183105469,1209660
2021-08-09,102.8066635131836,103.63999938964844,101.5999984741211,101.99333190917969,1320382
2021-08-10,102.36000061035156,102.91999816894531,99.40666961669922,100.83333587646484,1992592
2021-08-11,100.61333465576172,103.86000061035156,96.08666229248047,102.99333190917969,4277077
2021-08-12,103.86666870117188,104.26000213623047,101.40666961669922,103.22000122070312,1920270
2021-08-13,103.19999694824219,106.4000015258789,102.64666748046875,103.38666534423828,4064272
2021-08-16,104.1866683959961,104.1866683959961,100.32666778564453,102.73999786376953,1432267
2021-08-17,102.66666412353516,105.33333587646484,102.4800033569336,105.05332946777344,3663630
2021-08-18,105.8933334350586,106.66666412353516,102.8066635131836,105.46666717529297,6276547
2021-08-20,105.86666870117188,108.0,104.88666534423828,107.55332946777344,9188122
2021-08-23,109.19999694824219,112.0,108.68000030517578,111.13333129882812,15872265
2021-08-24,111.5999984741211,111.86666870117188,106.77999877929688,107.57333374023438,4938142
2021-08-25,108.34666442871094,111.46666717529297,108.26666259765625,110.77333068847656,2546977
2021-08-26,110.66000366210938,113.86666870117188,110.54000091552734,113.28666687011719,8374065
2021-08-27,113.86000061035156,114.66666412353516,112.4000015258789,113.66000366210938,4514700
2021-08-30,114.13333129882812,114.53333282470703,112.66666412353516,113.14666748046875,3406785
2021-08-31,113.19999694824219,114.53333282470703,110.66666412353516,112.92666625976562,2768955
2021-09-01,112.91999816894531,114.66666412353516,111.07333374023438,112.8933334350586,2868090
2021-09-02,113.33333587646484,118.4000015258789,112.86666870117188,117.65333557128906,5173770
2021-09-03,119.05999755859375,121.86666870117188,118.8066635131836,121.03333282470703,7950405
2021-09-06,122.6933364868164,126.93333435058594,122.6933364868164,125.24666595458984,9328890
2021-09-07,126.13333129882812,126.13333129882812,121.34666442871094,123.54000091552734,5604390
2021-09-08,124.45999908447266,125.1066665649414,123.09333038330078,123.7066650390625,3427837
2021-09-09,123.7066650390625,126.0,121.5999984741211,124.72666931152344,2943630
2021-09-13,125.50666809082031,126.0,122.4000015258789,123.82666778564453,2534842
2021-09-14,124.90666961669922,125.58666229248047,121.66000366210938,124.1933364868164,2941905
2021-09-15,124.61333465576172,125.74666595458984,123.72666931152344,124.74666595458984,1688317
2021-09-16,125.33333587646484,125.33333587646484,123.46666717529297,124.49333190917969,2561647
2021-09-17,124.90666961669922,124.90666961669922,116.0199966430664,117.61333465576172,3143992
2021-09-20,117.61333465576172,121.03333282470703,116.27999877929688,116.83999633789062,2887762
2021-09-21,116.83999633789062,125.5999984741211,116.66666412353516,122.44000244140625,19250220
2021-09-22,123.33333587646484,125.16666412353516,120.96666717529297,122.12666320800781,19104570
2021-09-23,122.0,124.95333099365234,122.0,124.13333129882812,2342902
2021-09-24,124.82666778564453,125.5999984741211,122.13333129882812,123.77333068847656,2375227
2021-09-27,124.92666625976562,125.3133316040039,119.5999984741211,120.36666870117188,1844497
2021-09-28,121.06666564941406,122.72666931152344,118.80000305175781,120.88666534423828,1766662
2021-09-29,120.88666534423828,122.3933334350586,119.34666442871094,120.01333618164062,2403727
2021-09-30,119.86666870117188,122.6933364868164,118.0,119.68000030517578,3706875
2021-10-01,120.0199966430664,122.13333129882812,117.80000305175781,121.36000061035156,7224045
2021-10-04,122.0,122.53333282470703,121.12000274658203,122.22000122070312,1146720
2021-10-05,122.22000122070312,123.25333404541016,121.36666870117188,121.85333251953125,1953457
2021-10-06,122.26666259765625,122.33999633789062,119.19999694824219,119.46666717529297,3571312
2021-10-07,120.3933334350586,121.33333587646484,119.19999694824219,120.80000305175781,2661802
2021-10-08,121.58666229248047,121.58666229248047,118.99333190917969,120.0999984741211,1624785
2021-10-11,123.24666595458984,123.25333404541016,120.90666961669922,121.8066635131836,3490912
2021-10-12,122.52666473388672,122.63333129882812,121.06666564941406,121.2933349609375,1418122
2021-10-13,122.13333129882812,122.13999938964844,119.35333251953125,119.5999984741211,2346930
2021-10-14,119.91999816894531,120.52666473388672,118.8066635131836,119.73999786376953,6342240
2021-10-18,120.66666412353516,122.63999938964844,119.46666717529297,120.04000091552734,2873370
2021-10-19,120.95333099365234,122.51333618164062,119.63999938964844,120.62000274658203,2247480
2021-10-20,120.92666625976562,121.1866683959961,111.5999984741211,113.41999816894531,7209060
2021-10-21,113.72000122070312,114.88666534423828,108.69999694824219,110.6066665649414,6548655
2021-10-22,110.93333435058594,114.05332946777344,109.63999938964844,110.73332977294922,3414900
2021-10-25,111.90666961669922,111.90666961669922,107.83999633789062,109.34666442871094,4563427
2021-10-26,110.4000015258789,110.66666412353516,108.27999877929688,109.90666961669922,4563075
2021-10-27,110.04666900634766,110.53333282470703,108.13333129882812,108.77333068847656,3433162
2021-10-28,108.80000305175781,112.26666259765625,108.80000305175781,109.78666687011719,3159787
2021-10-29,110.0,113.8933334350586,108.0,113.24666595458984,8130217
2021-11-01,114.46666717529297,124.0,113.73332977294922,122.86000061035156,10014367
2021-11-02,122.93333435058594,123.09333038330078,120.37999725341797,122.40666961669922,2715262
2021-11-03,122.7933349609375,125.5999984741211,122.5999984741211,125.05999755859375,4269217
2021-11-04,125.73332977294922,126.93333435058594,124.21333312988281,124.92666625976562,792307
2021-11-08,125.1866683959961,135.46665954589844,123.16000366210938,133.9933319091797,13715752
2021-11-09,134.6666717529297,134.83999633789062,127.03333282470703,128.81333923339844,6698182
2021-11-10,129.06666564941406,129.06666564941406,125.87999725341797,126.36666870117188,2945340
2021-11-11,127.0199966430664,127.0199966430664,122.01333618164062,122.87999725341797,2356440
2021-11-12,123.82666778564453,130.6666717529297,121.73332977294922,129.5800018310547,5007727
2021-11-15,130.6666717529297,132.5933380126953,123.61333465576172,124.36666870117188,4241730
2021-11-16,125.15333557128906,125.28666687011719,122.13333129882812,122.92666625976562,3346612
2021-11-17,123.2933349609375,125.5999984741211,122.73332977294922,124.0999984741211,2607345
2021-11-18,124.0999984741211,127.33333587646484,122.27999877929688,126.62000274658203,3589582
2021-11-22,127.37333679199219,127.85333251953125,119.75333404541016,121.6866683959961,3136297
2021-11-23,121.25333404541016,125.5999984741211,120.32666778564453,122.54000091552734,2113807
2021-11-24,123.92666625976562,124.99333190917969,120.80000305175781,122.09333038330078,2290387
2021-11-25,121.07333374023438,122.66666412353516,119.00666809082031,121.50666809082031,2387775
2021-11-26,121.50666809082031,122.35333251953125,117.61333465576172,117.84666442871094,2621010
2021-11-29,117.73332977294922,118.0,112.45333099365234,116.32666778564453,3029737
2021-11-30,116.27333068847656,120.66666412353516,116.27333068847656,118.86000061035156,2300527
2021-12-01,119.27333068847656,120.49333190917969,116.93333435058594,118.78666687011719,1405890
2021-12-02,119.1066665649414,122.4000015258789,117.96666717529297,121.47333526611328,2111542
2021-12-03,121.47333526611328,121.51333618164062,116.65333557128906,117.08666229248047,1896622
2021-12-06,116.83333587646484,119.99333190917969,116.41999816894531,118.06666564941406,1585155
2021-12-07,118.4000015258789,119.05332946777344,115.66666412353516,116.1866683959961,1573942
2021-12-08,117.33333587646484,119.45999908447266,116.71333312988281,118.91999816894531,1327987
2021-12-09,119.96666717529297,120.32666778564453,117.8933334350586,119.1866683959961,967530
2021-12-10,119.33333587646484,119.76000213623047,117.42666625976562,118.83333587646484,1656900
2021-12-13,119.42666625976562,122.23332977294922,118.58000183105469,120.2933349609375,1916130
2021-12-14,120.4000015258789,123.17333221435547,118.72666931152344,121.1933364868164,2400622
2021-12-15,121.84666442871094,121.99333190917969,119.52666473388672,120.33333587646484,1267740
2021-12-16,121.11333465576172,121.12666320800781,116.4000015258789,116.66000366210938,2134102
2021-12-17,116.65333557128906,117.08666229248047,114.3066635131836,115.49333190917969,2413177
2021-12-20,114.4000015258789,114.4000015258789,109.33999633789062,110.37333679199219,3428842
2021-12-21,110.66666412353516,112.55999755859375,108.97333526611328,111.913330078125,3543135
2021-12-22,111.40666961669922,115.32666778564453,111.19999694824219,113.12000274658203,1437922
2021-12-23,114.26666259765625,114.2933349609375,112.3133316040039,113.27999877929688,1733955
2021-12-24,113.33333587646484,114.17333221435547,111.40666961669922,111.91999816894531,1768335
2021-12-27,111.5999984741211,114.45999908447266,110.04000091552734,113.99333190917969,2321377
2021-12-28,114.80000305175781,117.33333587646484,113.99333190917969,115.97333526611328,2042160
2021-12-29,116.0,118.61333465576172,114.91999816894531,118.08666229248047,1299562
2021-12-30,120.0,120.05332946777344,114.0,114.83999633789062,1652752
2021-12-31,115.63999938964844,119.5999984741211,115.0999984741211,118.44000244140625,1335750
2022-01-03,118.33333587646484,118.35333251953125,117.06666564941406,117.3066635131836,1020060
2022-01-04,117.86666870117188,117.93333435058594,116.53333282470703,116.65333557128906,735247
2022-01-05,115.13999938964844,117.45333099365234,115.13999938964844,116.66666412353516,1170495
2022-01-06,116.66000366210938,116.66000366210938,111.86666870117188,112.18000030517578,3815955
2022-01-07,111.413330078125,114.27999877929688,111.413330078125,113.50666809082031,3670507
2022-01-10,113.86666870117188,114.8933334350586,113.06666564941406,113.30000305175781,1724257
2022-01-11,113.86666870117188,119.02666473388672,111.87333679199219,115.92666625976562,6222202
2022-01-12,118.65333557128906,122.62666320800781,118.03333282470703,121.24666595458984,10257007
2022-01-13,122.0,122.26666259765625,120.16666412353516,120.73999786376953,1784062
2022-01-14,121.09333038330078,124.0,118.62000274658203,123.81999969482422,3157447
2022-01-17,124.43333435058594,126.80000305175781,121.82666778564453,125.66666412353516,2209935
2022-01-18,126.66666412353516,126.66666412353516,122.0,123.0999984741211,2057535
2022-01-19,122.0999984741211,126.26666259765625,122.0999984741211,125.32666778564453,5923357
2022-01-20,125.413330078125,125.5999984741211,124.04666900634766,125.31999969482422,1844752
2022-01-21,124.87999725341797,124.87999725341797,120.01333618164062,122.11333465576172,2728537
2022-01-24,120.80000305175781,121.5999984741211,117.09333038330078,120.08666229248047,3744727
2022-01-25,118.66666412353516,119.1066665649414,114.32666778564453,116.36000061035156,5195827
2022-01-27,116.37999725341797,118.0,112.68000030517578,115.19999694824219,4495965
2022-01-28,116.68000030517578,120.13999938964844,116.09333038330078,118.19999694824219,2912865
2022-01-31,118.64666748046875,121.57333374023438,117.75333404541016,120.64666748046875,2079727
2022-02-01,121.46666717529297,122.93333435058594,119.50666809082031,122.36666870117188,1457565
2022-02-02,123.32666778564453,125.73332977294922,122.0999984741211,125.41999816894531,3474577
2022-02-03,124.26666259765625,126.51333618164062,121.34666442871094,126.09333038330078,8300595
2022-02-04,126.13333129882812,127.23332977294922,123.6066665649414,126.6933364868164,2453625
2022-02-07,126.6933364868164,127.6866683959961,123.5199966430664,125.52666473388672,1919070
2022-02-08,125.47333526611328,127.09333038330078,125.33333587646484,126.08666229248047,3268387
2022-02-09,126.80000305175781,126.80000305175781,121.94666290283203,123.62666320800781,2889337
2022-02-10,123.62666320800781,123.66666412353516,118.17333221435547,118.84666442871094,5769735
2022-02-11,119.46666717529297,125.45333099365234,118.84666442871094,124.86666870117188,5198452
2022-02-14,123.92666625976562,125.33333587646484,119.82666778564453,121.50666809082031,3870667
2022-02-15,121.19999694824219,125.27999877929688,120.66666412353516,121.64666748046875,3797775
2022-02-16,122.413330078125,125.5999984741211,122.413330078125,125.2066650390625,2381617
2022-02-17,124.66666412353516,126.80000305175781,123.5999984741211,124.08666229248047,2580187
2022-02-18,124.06666564941406,127.98666381835938,123.43333435058594,127.17333221435547,3830850
2022-02-21,127.53333282470703,129.1999969482422,124.0,125.36000061035156,3121312
2022-02-22,123.06666564941406,124.42666625976562,121.5,122.33999633789062,2158567
2022-02-23,123.33333587646484,124.93333435058594,122.13333129882812,122.88666534423828,1935870
2022-02-24,118.0,120.9800033569336,117.28666687011719,117.95333099365234,4357035
2022-02-25,118.26666259765625,125.24666595458984,118.26666259765625,124.2933349609375,1675755
2022-02-28,124.0,126.80000305175781,122.4000015258789,126.06666564941406,1986825
2022-03-02,126.0,135.30667114257812,124.40666961669922,130.1133270263672,11629890
2022-03-03,131.06666564941406,134.8000030517578,130.15333557128906,131.24000549316406,5283540
2022-03-04,130.7866668701172,130.7866668701172,122.80000305175781,124.1866683959961,1717005
2022-03-07,121.53333282470703,121.91999816894531,116.72000122070312,120.62666320800781,4014892
2022-03-08,121.71333312988281,123.33333587646484,120.16666412353516,121.4000015258789,2288872
2022-03-09,122.23999786376953,122.24666595458984,119.21333312988281,120.80000305175781,4233270
2022-03-10,123.1866683959961,125.1866683959961,121.33333587646484,122.98666381835938,4435995
2022-03-11,122.4000015258789,123.03333282470703,120.30000305175781,121.37999725341797,3747682
2022-03-14,121.37999725341797,121.37999725341797,118.93333435058594,119.91999816894531,3261682
2022-03-15,120.58666229248047,124.62666320800781,118.69999694824219,123.33333587646484,4204065
2022-03-16,124.94666290283203,126.47333526611328,123.68000030517578,125.44000244140625,1936110
2022-03-17,127.33333587646484,128.8000030517578,122.00666809082031,126.5199966430664,6831157
2022-03-21,125.32666778564453,127.19999694824219,122.75333404541016,125.77333068847656,3331260
2022-03-22,126.4000015258789,130.53334045410156,125.87333679199219,128.0800018310547,4627440
2022-03-23,128.53334045410156,131.98666381835938,128.35333251953125,131.47332763671875,3389122
2022-03-24,130.93333435058594,131.54666137695312,128.0,129.1999969482422,2024760
2022-03-25,129.3333282470703,130.13333129882812,126.66666412353516,127.68000030517578,2313255
2022-03-28,127.98666381835938,128.0,123.33333587646484,125.17333221435547,3876210
2022-03-29,125.17333221435547,125.99333190917969,123.86666870117188,124.54000091552734,2448067
2022-03-30,125.12000274658203,131.16000366210938,124.98666381835938,128.10665893554688,2422125
2022-03-31,129.73333740234375,129.73333740234375,124.13999938964844,125.50666809082031,2390032
2022-04-01,124.66666412353516,127.913330078125,124.23332977294922,125.1866683959961,3350175
2022-04-04,126.1066665649414,127.6933364868164,125.48666381835938,126.96666717529297,2894047
2022-04-05,127.5199966430664,128.53334045410156,125.86666870117188,127.27333068847656,3755992
2022-04-06,127.33333587646484,130.6666717529297,126.24666595458984,129.7933349609375,3820972
2022-04-07,130.95333862304688,133.1999969482422,126.69999694824219,128.02667236328125,5950380
2022-04-08,129.67999267578125,130.95333862304688,127.33333587646484,128.3000030517578,2126895
2022-04-11,129.26666259765625,129.26666259765625,126.80000305175781,127.07333374023438,2661300
2022-04-12,127.19999694824219,132.57333374023438,126.01333618164062,131.18666076660156,7868940
2022-04-13,132.6666717529297,140.1133270263672,132.53334045410156,134.80667114257812,10140465
2022-04-18,135.19332885742188,144.0,134.93333435058594,141.17333984375,13245622
2022-04-19,144.0,146.26666259765625,138.24000549316406,139.56666564941406,5495550
2022-04-20,141.7066650390625,149.1999969482422,141.413330078125,142.69332885742188,9163065
2022-04-21,147.86666870117188,147.86666870117188,139.1999969482422,140.7933349609375,4874055
2022-04-22,138.93333435058594,142.54666137695312,137.76666259765625,138.65333557128906,5749837
2022-04-25,138.53334045410156,147.10000610351562,138.22666931152344,145.97332763671875,10001730
2022-04-26,150.13333129882812,152.93333435058594,141.86666870117188,142.75999450683594,8202847
2022-04-27,142.75999450683594,143.39332580566406,137.73333740234375,138.19332885742188,15241560
2022-04-28,140.26666259765625,146.93333435058594,140.0,141.27999877929688,16784722
2022-04-29,143.97999572753906,153.86000061035156,143.33999633789062,144.47332763671875,23886022
2022-05-02,144.26666259765625,150.93333435058594,144.01333618164062,147.31333923339844,11159670
2022-05-04,148.6666717529297,149.97332763671875,143.73333740234375,145.3333282470703,6783112
2022-05-05,146.086669921875,149.03334045410156,140.26666259765625,146.57333374023438,23735580
2022-05-06,144.53334045410156,145.10000610351562,141.3333282470703,143.413330078125,3163410
2022-05-09,141.3333282470703,143.18666076660156,140.0,141.18666076660156,7912170
2022-05-10,142.06666564941406,145.83999633789062,140.5800018310547,144.24000549316406,7910280
2022-05-11,144.13333129882812,147.36666870117188,137.3333282470703,139.9199981689453,8506612
2022-05-12,139.9933319091797,143.19332885742188,138.04666137695312,141.89999389648438,8598727
2022-05-13,144.6666717529297,148.13333129882812,142.7066650390625,145.47332763671875,13239652
2022-05-16,146.6666717529297,149.3333282470703,145.36000061035156,147.25332641601562,3116880
2022-05-17,148.0,152.6666717529297,146.6999969482422,147.98666381835938,7148842
2022-05-18,149.25332641601562,150.4933319091797,144.8000030517578,147.0933380126953,3195915
2022-05-19,142.13333129882812,145.77333068847656,139.7133331298828,141.48666381835938,5933482
2022-05-20,143.1999969482422,148.52667236328125,140.93333435058594,147.1133270263672,5987985
2022-05-23,145.3333282470703,148.43333435058594,142.6666717529297,143.8733367919922,6322387
2022-05-24,145.1999969482422,149.86666870117188,144.36666870117188,147.8733367919922,4936905
2022-05-25,149.05332946777344,149.2933349609375,140.6666717529297,141.80667114257812,6201802
2022-05-26,142.6666717529297,145.51333618164062,141.60665893554688,142.75999450683594,3763320
2022-05-27,144.6666717529297,148.93333435058594,143.83999633789062,145.27999877929688,5022015
2022-05-30,146.6666717529297,147.57333374023438,143.73333740234375,145.03334045410156,7929300
2022-05-31,145.32000732421875,146.26666259765625,139.25332641601562,140.86666870117188,31588687
2022-06-01,141.14666748046875,149.3333282470703,140.26666259765625,147.8800048828125,5715682
2022-06-02,149.46665954589844,155.586669921875,144.80667114257812,151.86666870117188,9601822
2022-06-03,153.3333282470703,154.46665954589844,145.46665954589844,146.72666931152344,9909885
2022-06-06,149.97999572753906,152.0,144.00999450683594,146.61000061035156,5726930
2022-06-07,147.77999877929688,149.39999389648438,145.47999572753906,148.6199951171875,3345965
2022-06-08,150.0,150.66000366210938,147.22999572753906,148.9499969482422,3345405
2022-06-09,148.8000030517578,148.88999938964844,146.74000549316406,148.0,3049345
2022-06-10,146.8000030517578,151.4600067138672,146.2100067138672,150.89999389648438,2849315
2022-06-13,149.6999969482422,152.8000030517578,147.0500030517578,149.61000061035156,3049925
2022-06-14,149.1999969482422,158.8000030517578,148.2100067138672,154.74000549316406,6107740
2022-06-15,157.8000030517578,161.1199951171875,155.0,157.3699951171875,9314450
2022-06-16,158.77999877929688,158.99000549316406,153.08999633789062,155.8300018310547,5168360
2022-06-17,154.0,155.22000122070312,149.2100067138672,150.2100067138672,10683145
2022-06-20,150.2100067138672,151.8000030517578,144.1999969482422,150.47000122070312,7589335
2022-06-21,151.8000030517578,151.8000030517578,146.08999633789062,147.74000549316406,2979045
2022-06-22,148.16000366210938,151.8000030517578,146.10000610351562,149.6999969482422,7728045
2022-06-23,150.9600067138672,153.5399932861328,147.05999755859375,150.7100067138672,4136290
2022-06-24,151.8000030517578,156.0,151.1999969482422,154.10000610351562,3395845
2022-06-27,155.97999572753906,155.97999572753906,145.6199951171875,155.27000427246094,2966540
2022-06-28,155.58999633789062,157.74000549316406,153.69000244140625,155.99000549316406,3195390
2022-06-29,155.1999969482422,158.0,154.00999450683594,157.02000427246094,2768490
2022-06-30,157.0,158.8000030517578,156.8000030517578,158.11000061035156,2690970
2022-07-01,158.0,161.8000030517578,157.24000549316406,158.8000030517578,4757870
2022-07-04,158.8000030517578,161.17999267578125,156.11000061035156,157.22000122070312,2432950
2022-07-05,157.22000122070312,162.0,157.1999969482422,159.07000732421875,7920860
2022-07-06,159.0,165.19000244140625,158.5,164.1999969482422,7488615
2022-07-07,166.0,169.39999389648438,163.6199951171875,165.44000244140625,6235225
2022-07-08,166.97999572753906,170.36000061035156,163.97999572753906,169.7100067138672,5183595
2022-07-11,170.25999450683594,173.14999389648438,169.1300048828125,171.0500030517578,4120710
2022-07-12,171.25,173.0,167.52000427246094,170.69000244140625,4979590
2022-07-13,172.60000610351562,176.0,171.49000549316406,174.94000244140625,6885275
2022-07-14,176.0,176.67999267578125,164.83999633789062,166.9600067138672,6345035
2022-07-15,168.8000030517578,171.0,163.5399932861328,165.32000732421875,4568965
2022-07-18,167.33999633789062,173.17999267578125,165.50999450683594,171.22999572753906,7827165
2022-07-19,171.72999572753906,176.85000610351562,170.72999572753906,175.82000732421875,6482210
2022-07-20,177.3800048828125,180.0,175.0,178.6699981689453,6240290
2022-07-21,179.64999389648438,182.1199951171875,173.60000610351562,174.38999938964844,7686115
2022-07-22,175.3800048828125,176.44000244140625,171.0399932861328,174.4600067138672,3495855
2022-07-25,175.52000427246094,178.0,172.60000610351562,174.99000549316406,2924260
2022-07-26,175.0,176.4499969482422,173.61000061035156,175.6300048828125,3793765
2022-07-27,175.8000030517578,176.94000244140625,173.2100067138672,173.97999572753906,2313695
2022-07-28,175.0,176.8000030517578,171.8000030517578,175.25,2824675
2022-07-29,176.1999969482422,178.5,175.00999450683594,176.5399932861328,5413295
2022-08-01,178.36000061035156,189.1999969482422,178.0,185.22000122070312,19063265
2022-08-02,192.0,192.0,182.39999389648438,183.1199951171875,13246845
2022-08-03,183.0,189.8000030517578,180.8699951171875,188.52000427246094,12361315
2022-08-04,189.8000030517578,205.55999755859375,189.16000366210938,200.75,18062140
2022-08-05,203.74000549316406,209.55999755859375,199.0,205.0500030517578,14601140
2022-08-08,204.8000030517578,204.8000030517578,198.44000244140625,202.3300018310547,10140880
2022-08-10,203.99000549316406,204.3699951171875,199.0,200.60000610351562,10447950
2022-08-11,202.9600067138672,203.92999267578125,199.42999267578125,200.52999877929688,6687195
2022-08-12,201.0,206.85000610351562,200.52999877929688,205.10000610351562,5039265
2022-08-16,206.0,216.8300018310547,203.5,207.85000610351562,9175000
2022-08-17,209.0,209.0,205.22000122070312,207.3000030517578,6531565
2022-08-18,207.3000030517578,210.42999267578125,206.42999267578125,208.17999267578125,5540745
2022-08-19,209.1999969482422,209.1999969482422,197.11000061035156,197.6300048828125,8394755
2022-08-22,199.39999389648438,199.39999389648438,181.5800018310547,183.9499969482422,11530785
2022-08-23,183.9499969482422,194.0399932861328,183.41000366210938,192.7100067138672,10954420
2022-08-24,194.0,209.0,192.7100067138672,206.17999267578125,19636310
2022-08-25,207.5800018310547,208.17999267578125,198.92999267578125,205.66000366210938,12626010
2022-08-26,206.11000061035156,207.0,201.91000366210938,204.67999267578125,3830750
2022-08-29,194.8000030517578,201.60000610351562,192.0,200.44000244140625,4922965
2022-08-30,202.7899932861328,208.60000610351562,202.00999450683594,206.8300018310547,7253790
2022-09-01,205.0,210.1999969482422,201.5,208.44000244140625,9565960
2022-09-02,208.1999969482422,209.39999389648438,205.1199951171875,206.32000732421875,3808260
2022-09-05,209.1999969482422,209.1999969482422,204.1300048828125,206.67999267578125,5981505
2022-09-06,208.05999755859375,220.55999755859375,206.83999633789062,218.75,11367755
2022-09-07,218.75,219.9499969482422,215.1999969482422,216.5800018310547,6281515
2022-09-08,219.39999389648438,222.0,217.1999969482422,219.64999389648438,7010400
2022-09-09,220.94000244140625,221.5800018310547,215.02000427246094,216.0399932861328,4322985
2022-09-12,217.6999969482422,218.27000427246094,212.0,213.4199981689453,6371895
2022-09-13,215.0,219.2899932861328,214.0500030517578,215.13999938964844,6156580
2022-09-14,213.63999938964844,216.1300048828125,213.1999969482422,214.44000244140625,6828470
2022-09-15,214.0,221.86000061035156,214.0,218.8699951171875,7423525
2022-09-16,219.8000030517578,222.0,214.72000122070312,220.47000122070312,6974145
2022-09-19,216.0,223.66000366210938,213.6699981689453,216.22000122070312,4143405
2022-09-20,218.8000030517578,225.1999969482422,218.3300018310547,224.52999877929688,5540840
2022-09-21,224.52999877929688,227.60000610351562,219.00999450683594,224.8800048828125,4853110
2022-09-22,224.75999450683594,238.94000244140625,223.0,234.10000610351562,10383715
2022-09-23,235.0,235.0,229.5,231.7899932861328,7100125
2022-09-26,229.0800018310547,229.0800018310547,213.6699981689453,217.3800048828125,12160015
2022-09-27,216.60000610351562,216.60000610351562,204.61000061035156,207.7100067138672,12142570
2022-09-28,207.7100067138672,209.91000366210938,205.3300018310547,205.94000244140625,6125495
2022-09-29,210.0,211.58999633789062,205.4499969482422,206.6300048828125,7380160
2022-09-30,206.8000030517578,209.74000549316406,203.0,208.83999633789062,6777880
2022-10-03,209.0,216.17999267578125,208.52000427246094,214.0399932861328,7485490
2022-10-04,219.0,231.0,215.1199951171875,228.61000061035156,10018345
2022-10-06,227.8000030517578,229.8000030517578,221.11000061035156,228.5399932861328,8258370
2022-10-07,228.5399932861328,228.5399932861328,224.00999450683594,227.0500030517578,6152840
2022-10-10,221.64999389648438,224.97999572753906,217.00999450683594,217.9199981689453,6651005
2022-10-11,219.6999969482422,219.6999969482422,208.0,209.05999755859375,7363750
2022-10-12,212.0800018310547,216.9600067138672,205.11000061035156,213.6699981689453,12147050
2022-10-13,217.6699981689453,219.7899932861328,211.60000610351562,213.55999755859375,8227580
2022-10-14,215.39999389648438,215.39999389648438,204.0,205.3000030517578,8041445
2022-10-17,202.0,202.89999389648438,197.1199951171875,198.19000244140625,12143585
2022-10-18,200.0,201.38999938964844,193.02000427246094,199.86000061035156,12065360
2022-10-19,201.39999389648438,204.94000244140625,198.1300048828125,203.22999572753906,12112600
2022-10-20,202.83999633789062,205.0,199.0,203.91000366210938,8580415
2022-10-21,203.91000366210938,207.1999969482422,201.1999969482422,202.6199951171875,8405890
2022-10-24,205.39999389648438,207.0399932861328,203.99000549316406,205.9499969482422,802285
2022-10-25,206.60000610351562,210.5800018310547,205.1699981689453,206.5399932861328,13205835
2022-10-27,208.0,213.5399932861328,205.52999877929688,210.4600067138672,14315445
2022-10-28,211.52000427246094,212.94000244140625,207.8000030517578,208.00999450683594,6070505
2022-10-31,209.3699951171875,211.0,206.4199981689453,209.80999755859375,6765570
2022-11-01,212.0,222.8000030517578,210.47999572753906,221.39999389648438,25220955
2022-11-02,222.0,233.0,222.0,225.5,17863795
2022-11-03,226.0,246.60000610351562,225.6699981689453,237.8000030517578,30388560
2022-11-04,238.9600067138672,244.0,226.39999389648438,227.77999877929688,14999645
2022-11-07,230.5800018310547,234.44000244140625,222.44000244140625,228.32000732421875,10187815
2022-11-09,233.8000030517578,235.89999389648438,225.39999389648438,229.61000061035156,12496880
2022-11-10,230.4600067138672,230.4600067138672,225.0800018310547,227.80999755859375,6096780
2022-11-11,229.1999969482422,232.58999633789062,219.02999877929688,221.27999877929688,9888645
2022-11-14,222.1999969482422,227.0,215.11000061035156,216.86000061035156,9982710
2022-11-15,217.94000244140625,223.0,216.88999938964844,218.52000427246094,8554785
2022-11-16,220.60000610351562,229.60000610351562,220.60000610351562,226.32000732421875,12292960
2022-11-17,228.52999877929688,230.16000366210938,224.60000610351562,229.58999633789062,8718475
2022-11-18,230.16000366210938,230.60000610351562,227.0,228.77999877929688,5886150
2022-11-21,228.77999877929688,231.10000610351562,219.3300018310547,220.66000366210938,8510920
2022-11-22,221.89999389648438,232.0,221.75999450683594,231.0399932861328,10013025
2022-11-23,232.39999389648438,235.0,227.60000610351562,232.89999389648438,8722820
2022-11-24,233.02999877929688,236.0,228.8000030517578,235.13999938964844,6595890
2022-11-25,233.0,237.0,228.9499969482422,230.38999938964844,5564335
2022-11-28,230.38999938964844,237.1999969482422,228.39999389648438,236.66000366210938,11396870
2022-11-29,235.72000122070312,235.72000122070312,226.1999969482422,229.22999572753906,9661540
2022-11-30,230.1999969482422,264.79998779296875,230.1999969482422,249.9499969482422,175538615
2022-12-01,255.0,256.92999267578125,248.2100067138672,252.83999633789062,22526180
2022-12-02,252.8000030517578,270.79998779296875,251.1199951171875,263.7200012207031,28244415
2022-12-05,263.3999938964844,275.5299987792969,258.4700012207031,270.55999755859375,9873510
2022-12-06,270.3999938964844,272.54998779296875,260.0,261.9200134277344,16004825
2022-12-07,263.92999267578125,271.32000732421875,259.6099853515625,261.7799987792969,13389655
2022-12-08,262.6000061035156,276.0,262.1300048828125,273.3500061035156,10733150
2022-12-09,273.0,285.9200134277344,269.010009765625,282.04998779296875,13914230
2022-12-12,283.0,286.489990234375,273.4599914550781,275.25,10344540
2022-12-13,276.0,277.489990234375,272.3999938964844,274.6499938964844,6597275
2022-12-14,276.0,284.0,275.6300048828125,277.7699890136719,7792780
2022-12-15,277.0,279.8800048828125,273.010009765625,276.6300048828125,6534520
2022-12-16,276.6300048828125,283.6000061035156,268.0,279.3299865722656,8301915
2022-12-19,284.20001220703125,284.20001220703125,277.0,282.7799987792969,5216465
2022-12-20,280.5,282.2900085449219,275.3999938964844,278.260009765625,6758170
2022-12-21,281.3999938964844,284.489990234375,271.0,274.2300109863281,5380270
2022-12-22,274.0,279.79998779296875,261.17999267578125,276.1099853515625,10006060
2022-12-23,273.0,273.0,252.61000061035156,257.5199890136719,6547985
2022-12-26,258.010009765625,273.94000244140625,252.0399932861328,270.5400085449219,5318965
2022-12-27,271.6000061035156,274.8800048828125,262.20001220703125,263.7799987792969,4027200
2022-12-28,265.1499938964844,268.8900146484375,261.7799987792969,264.69000244140625,4201290
2022-12-29,263.0,273.79998779296875,258.2799987792969,271.44000244140625,5263845
2022-12-30,272.79998779296875,276.0299987792969,263.0199890136719,264.510009765625,4753970
2023-01-02,267.8900146484375,271.5,263.6000061035156,266.6199951171875,4200580
2023-01-03,266.6199951171875,267.94000244140625,260.2200012207031,261.3399963378906,3912800
2023-01-04,262.70001220703125,265.70001220703125,260.0,261.7099914550781,3949595
2023-01-05,262.7900085449219,266.17999267578125,254.1999969482422,261.7699890136719,8763650
2023-01-06,262.989990234375,263.9200134277344,255.4499969482422,260.17999267578125,7092170
2023-01-09,262.3500061035156,264.9100036621094,259.4100036621094,261.75,5160370
2023-01-10,262.32000732421875,262.6000061035156,255.8000030517578,257.4599914550781,4412000
2023-01-11,258.79998779296875,258.8399963378906,243.02000427246094,245.00999450683594,11335780
2023-01-12,245.99000549316406,245.99000549316406,234.1999969482422,237.4199981689453,12033835
2023-01-13,239.08999633789062,239.08999633789062,224.52999877929688,227.14999389648438,18190180
2023-01-16,229.07000732421875,242.44000244140625,228.72999572753906,241.47000122070312,15052660
2023-01-17,242.0,244.8000030517578,237.97999572753906,242.05999755859375,9965025
2023-01-18,243.1999969482422,244.94000244140625,241.39999389648438,243.4600067138672,4095725
2023-01-19,242.77999877929688,246.5800018310547,242.39999389648438,244.91000366210938,8152460
2023-01-20,245.42999267578125,247.5800018310547,244.39999389648438,246.52999877929688,5861055
2023-01-23,247.60000610351562,248.38999938964844,244.60000610351562,247.3699951171875,2659655
2023-01-24,246.4199981689453,250.1999969482422,246.4199981689453,249.7100067138672,2989925
2023-01-25,248.9199981689453,250.0,246.1999969482422,247.92999267578125,2143660
2023-01-27,248.58999633789062,250.25999450683594,242.00999450683594,248.50999450683594,4515770
2023-01-30,249.0,249.0,235.0,238.91000366210938,7009985
2023-01-31,241.3000030517578,241.3000030517578,228.0,229.25,10346445
2023-02-01,231.88999938964844,236.8000030517578,226.3000030517578,234.57000732421875,10039900
2023-02-02,233.97000122070312,235.38999938964844,224.86000061035156,230.7899932861328,8678000
2023-02-03,230.77999877929688,234.8000030517578,220.0,230.97999572753906,12183995
2023-02-06,230.69000244140625,247.75999450683594,228.0,244.3699951171875,16333340
2023-02-07,247.02000427246094,262.9700012207031,247.02000427246094,260.82000732421875,19434110
2023-02-08,261.6000061035156,270.20001220703125,259.510009765625,262.1000061035156,10220280
2023-02-09,268.989990234375,268.989990234375,252.0500030517578,254.74000549316406,6941110
2023-02-10,247.8000030517578,257.0,245.0,254.36000061035156,5957340
2023-02-13,254.36000061035156,261.44000244140625,250.8000030517578,256.80999755859375,5439725
2023-02-14,257.57000732421875,259.6700134277344,250.39999389648438,252.25999450683594,4553260
2023-02-15,249.60000610351562,257.3999938964844,249.60000610351562,255.77999877929688,3414675
2023-02-16,257.7200012207031,258.79998779296875,253.0,254.9199981689453,3142830
2023-02-17,253.39999389648438,258.6000061035156,250.5,256.6400146484375,2551400
2023-02-20,257.9800109863281,266.9700012207031,257.4100036621094,261.5,9040585
2023-02-21,262.9599914550781,269.20001220703125,262.79998779296875,264.8999938964844,8953605
2023-02-22,264.3999938964844,266.55999755859375,259.6000061035156,261.3500061035156,4155250
2023-02-23,261.79998779296875,262.9800109863281,256.0199890136719,260.1400146484375,7531275
2023-02-24,262.0,264.9599914550781,257.1499938964844,258.30999755859375,6422815
2023-02-27,259.20001220703125,260.3900146484375,256.45001220703125,257.3900146484375,5528195
2023-02-28,258.0,266.0,256.20001220703125,260.1499938964844,10958180
2023-03-01,262.3999938964844,270.0,262.20001220703125,268.7799987792969,10745695
2023-03-02,269.7699890136719,270.010009765625,266.6099853515625,268.45001220703125,3385415
2023-03-03,269.20001220703125,272.3999938964844,268.6400146484375,271.70001220703125,6094550
2023-03-06,272.6000061035156,275.3999938964844,269.5799865722656,270.2200012207031,5903520
2023-03-08,266.8999938964844,271.9700012207031,266.20001220703125,270.0,5935895
2023-03-09,271.79998779296875,275.6600036621094,267.0299987792969,269.1499938964844,6951970
2023-03-10,267.6000061035156,270.7799987792969,264.0400085449219,268.760009765625,3253475
2023-03-13,269.0,270.8399963378906,261.0,262.510009765625,3440725
2023-03-14,262.989990234375,269.0,259.0199890136719,262.5,5361680
2023-03-15,264.19000244140625,275.70001220703125,263.29998779296875,269.1300048828125,8782155
2023-03-16,265.5199890136719,266.1600036621094,253.3699951171875,261.2300109863281,15501165
2023-03-17,263.3999938964844,265.989990234375,257.8999938964844,263.239990234375,9785280
2023-03-20,263.0799865722656,263.0799865722656,258.29998779296875,260.5899963378906,2819755
2023-03-21,262.1700134277344,270.0,260.5899963378906,268.69000244140625,4209355
2023-03-22,269.79998779296875,273.0,264.1400146484375,270.9100036621094,4364195
2023-03-23,270.0,273.55999755859375,267.54998779296875,271.0199890136719,4642550
2023-03-24,269.2699890136719,278.79998779296875,266.0199890136719,270.3999938964844,10167700
2023-03-27,271.3999938964844,275.0,269.42999267578125,271.760009765625,3909160
2023-03-28,273.3299865722656,274.7099914550781,270.0,270.9599914550781,3376800
2023-03-29,270.0,277.9599914550781,267.0,271.489990234375,16868985
2023-03-31,274.0199890136719,278.989990234375,273.07000732421875,277.3999938964844,6325840
2023-04-03,279.0,284.20001220703125,276.42999267578125,282.8900146484375,7420420
2023-04-05,284.0,294.79998779296875,283.75,290.79998779296875,16999355
2023-04-06,290.7900085449219,291.19000244140625,277.0,278.70001220703125,11151270
2023-04-10,279.79998779296875,283.3999938964844,279.2900085449219,282.739990234375,4087705
2023-04-11,284.17999267578125,289.0,282.4599914550781,287.6499938964844,5731220
2023-04-12,286.6000061035156,290.8699951171875,285.6000061035156,289.4800109863281,5677480
2023-04-13,291.4800109863281,292.25,284.79998779296875,285.9100036621094,4429370
2023-04-17,287.17999267578125,291.8999938964844,284.5299987792969,290.4200134277344,11023575
2023-04-18,291.989990234375,291.989990234375,281.0799865722656,282.8999938964844,11104825
2023-04-19,283.79998779296875,289.260009765625,283.2200012207031,288.010009765625,13228385
2023-04-20,288.0,288.0,275.0,276.3500061035156,7343620
2023-04-21,277.1600036621094,280.79998779296875,276.760009765625,279.44000244140625,9038560
2023-04-24,280.489990234375,290.6000061035156,279.6099853515625,289.94000244140625,10057005
2023-04-25,289.010009765625,292.0,284.2200012207031,287.45001220703125,10103730
2023-04-26,287.20001220703125,290.6000061035156,286.80999755859375,289.7699890136719,7284630
2023-04-27,289.20001220703125,293.0,287.4800109863281,292.6700134277344,5724965
2023-04-28,293.1000061035156,293.5,286.3500061035156,289.0400085449219,8282810
2023-05-02,292.0,295.9700012207031,280.0,283.0199890136719,19930485
2023-05-03,285.6000061035156,291.0,285.0,286.0400085449219,9715105
2023-05-04,287.0,289.5899963378906,286.3399963378906,288.5199890136719,6527465
2023-05-05,287.3999938964844,291.67999267578125,286.82000732421875,290.5199890136719,6619530
2023-05-08,291.0,292.6000061035156,290.29998779296875,291.2900085449219,1657870
2023-05-09,293.25,305.8599853515625,292.0199890136719,301.0899963378906,11078110
2023-05-10,302.9599914550781,324.0,302.92999267578125,321.2799987792969,16869535
2023-05-11,324.0,330.79998779296875,313.6099853515625,315.9200134277344,8659545
2023-05-12,319.0799865722656,319.0799865722656,310.0,311.19000244140625,4027150
2023-05-15,311.20001220703125,319.19000244140625,310.20001220703125,311.7200012207031,3277065
2023-05-16,313.2799987792969,322.0,312.4100036621094,314.80999755859375,3992030
2023-05-17,316.6000061035156,324.79998779296875,316.0,317.54998779296875,10770655
2023-05-18,319.8500061035156,322.8800048828125,313.6000061035156,315.2300109863281,4086655
2023-05-19,316.3599853515625,321.3999938964844,316.0,317.510009765625,3325605
2023-05-22,318.7699890136719,320.2799987792969,314.79998779296875,316.8999938964844,1978465
2023-05-23,317.75,318.44000244140625,308.20001220703125,311.1700134277344,3442760
2023-05-24,312.4700012207031,325.20001220703125,312.4700012207031,322.9599914550781,5628380
2023-05-25,323.5899963378906,326.0,318.8800048828125,323.5299987792969,3514415
2023-05-26,326.0,349.3999938964844,325.0,340.3900146484375,13564135
2023-05-29,344.79998779296875,344.79998779296875,336.0199890136719,338.3500061035156,5088150
2023-05-30,339.3599853515625,339.5899963378906,328.0,329.6600036621094,5897155
2023-05-31,330.0,340.3599853515625,325.20001220703125,338.8900146484375,10133525
2023-06-01,338.1600036621094,344.5799865722656,334.0,337.79998779296875,4308525
2023-06-02,340.1400146484375,342.8599853515625,336.739990234375,339.0299987792969,3386690
2023-06-05,341.1199951171875,342.6000061035156,337.67999267578125,341.0199890136719,3381540
2023-06-06,342.8299865722656,348.1099853515625,336.3999938964844,337.3900146484375,7662315
2023-06-07,338.7200012207031,338.7200012207031,328.20001220703125,329.5299987792969,16263700
2023-06-08,330.5199890136719,331.6300048828125,315.0,316.3699951171875,10001755
2023-06-09,318.0,325.3900146484375,316.0199890136719,318.2799987792969,6006445
2023-06-12,316.9100036621094,321.8599853515625,310.010009765625,319.2099914550781,5362715
2023-06-13,320.9599914550781,327.2099914550781,319.6000061035156,323.0,7815240
2023-06-14,324.0,331.29998779296875,320.3999938964844,323.0,8184545
2023-06-15,327.9200134277344,344.79998779296875,326.739990234375,330.8800048828125,7552322
2023-06-16,334.260009765625,335.5,322.3999938964844,328.5,13712137
2023-06-19,328.5,329.1600036621094,318.3999938964844,320.5400085449219,5034555
2023-06-20,321.6600036621094,328.6199951171875,321.3599853515625,325.3399963378906,6163825
2023-06-21,326.0,329.6000061035156,324.94000244140625,327.8800048828125,6029757
2023-06-22,327.8800048828125,328.0,320.32000732421875,321.4200134277344,3240290
2023-06-23,322.0,322.32000732421875,305.44000244140625,306.44000244140625,9995717
2023-06-26,307.5400085449219,320.3999938964844,302.0,319.67999267578125,6203205
2023-06-27,322.760009765625,324.9800109863281,318.3999938964844,319.760009765625,5459652
2023-06-28,322.32000732421875,322.4800109863281,315.6000061035156,317.4200134277344,4741040
2023-06-30,318.79998779296875,323.1600036621094,312.4200134277344,321.0199890136719,6921217
2023-07-03,321.0199890136719,329.44000244140625,317.4200134277344,327.3399963378906,4833652
2023-07-04,328.0,328.0,320.79998779296875,321.6199951171875,11704025
2023-07-05,323.9200134277344,331.79998779296875,321.260009765625,330.260009765625,6934602
2023-07-06,332.0,334.2799987792969,324.44000244140625,325.5400085449219,5839120
2023-07-07,327.8800048828125,331.8999938964844,325.1400146484375,328.4599914550781,3486495
2023-07-10,329.20001220703125,330.82000732421875,322.79998779296875,324.8999938964844,2920377
2023-07-11,326.0,330.9800109863281,322.760009765625,330.1000061035156,3159187
2023-07-12,331.6000061035156,339.6000061035156,331.2200012207031,336.70001220703125,5270910
2023-07-13,338.0,338.7799987792969,329.20001220703125,333.1400146484375,4997620
2023-07-14,337.20001220703125,339.0199890136719,327.44000244140625,333.1400146484375,7168667
2023-07-17,333.760009765625,336.8800048828125,329.79998779296875,331.55999755859375,2536980
2023-07-18,331.55999755859375,333.6000061035156,325.67999267578125,329.6400146484375,2977195
2023-07-19,326.5199890136719,332.0,326.5199890136719,327.94000244140625,2880947
2023-07-20,328.7799987792969,329.6000061035156,323.44000244140625,325.0400085449219,1705732
2023-07-21,325.7200012207031,329.8399963378906,318.0,320.0799865722656,4307885
2023-07-24,320.6000061035156,327.3999938964844,313.9599914550781,327.0799865722656,2969160
2023-07-25,326.6000061035156,326.6000061035156,319.6000061035156,321.8399963378906,3988572
2023-07-26,321.8399963378906,325.8800048828125,320.0199890136719,322.760009765625,2856347
2023-07-27,323.9200134277344,325.3800048828125,320.0,320.2200012207031,2660902
2023-07-28,320.0,322.6400146484375,318.6000061035156,321.70001220703125,2182360
2023-07-31,321.70001220703125,323.0199890136719,318.20001220703125,321.760009765625,3109355
2023-08-01,323.9599914550781,325.94000244140625,319.5799865722656,320.2799987792969,4049365
2023-08-02,321.5199890136719,323.94000244140625,320.0199890136719,323.239990234375,3256557
2023-08-03,324.0,332.79998779296875,321.2200012207031,329.0400085449219,9065702
2023-08-04,333.9599914550781,335.6199951171875,328.7799987792969,330.1199951171875,8202500
2023-08-07,332.0,333.6000061035156,328.0,329.6400146484375,3912180
2023-08-08,330.32000732421875,332.3999938964844,325.6000061035156,328.1000061035156,3151037
2023-08-09,328.20001220703125,332.7200012207031,321.05999755859375,329.2799987792969,6947810
2023-08-10,330.3599853515625,331.20001220703125,326.0400085449219,327.3999938964844,3461370
2023-08-11,328.32000732421875,342.0,328.32000732421875,339.760009765625,8267490
2023-08-14,340.0199890136719,348.79998779296875,333.5199890136719,347.260009765625,5942072
2023-08-16,347.1600036621094,361.20001220703125,342.5,356.1400146484375,7580710
2023-08-17,359.5199890136719,373.8599853515625,349.8800048828125,357.4599914550781,10089862
2023-08-18,356.0,366.0,354.8399963378906,359.70001220703125,6323555
2023-08-21,359.8399963378906,364.79998779296875,356.0799865722656,359.7200012207031,3028405
2023-08-22,360.0,368.0,359.7200012207031,362.3999938964844,3572145
2023-08-23,363.55999755859375,364.67999267578125,352.0799865722656,354.8999938964844,3696270
2023-08-24,355.20001220703125,357.260009765625,350.1199951171875,353.9200134277344,3335620
2023-08-25,353.70001220703125,353.9200134277344,346.1000061035156,349.5400085449219,3253885
2023-08-28,349.94000244140625,350.9599914550781,343.6199951171875,349.79998779296875,2635845
2023-08-29,351.17999267578125,357.6000061035156,350.0199890136719,355.5799865722656,2832917
2023-08-30,356.3999938964844,361.32000732421875,353.29998779296875,360.2200012207031,2683090
2023-08-31,361.5400085449219,363.6000061035156,355.3399963378906,359.79998779296875,5430410
2023-09-01,360.79998779296875,365.2799987792969,359.0400085449219,364.17999267578125,2433825
2023-09-04,367.17999267578125,370.3999938964844,365.2200012207031,369.2200012207031,4284872
2023-09-05,370.9800109863281,376.79998779296875,367.32000732421875,374.32000732421875,3531530
2023-09-06,374.32000732421875,374.8999938964844,362.82000732421875,370.20001220703125,2870370
2023-09-07,370.1600036621094,375.9800109863281,366.79998779296875,368.20001220703125,3017837
2023-09-08,368.20001220703125,369.44000244140625,362.0199890136719,363.9599914550781,4470345
2023-09-11,367.17999267578125,368.79998779296875,362.3599853515625,367.8399963378906,2537597
2023-09-12,370.7200012207031,372.3999938964844,362.6199951171875,367.9800109863281,6078072
2023-09-13,367.9800109863281,369.3800048828125,361.2200012207031,365.32000732421875,2870080
2023-09-14,366.79998779296875,368.3800048828125,364.2799987792969,365.760009765625,1970210
2023-09-15,366.5,370.760009765625,365.760009765625,366.260009765625,1948085
2023-09-18,366.8599853515625,368.0,363.2200012207031,364.8399963378906,2930705
2023-09-20,363.94000244140625,366.3999938964844,360.1400146484375,361.8599853515625,3209520
2023-09-21,362.4599914550781,366.79998779296875,356.7200012207031,365.79998779296875,2786720
2023-09-22,365.79998779296875,368.2200012207031,362.5400085449219,367.29998779296875,3696995
2023-09-25,366.79998779296875,371.79998779296875,364.0799865722656,370.3999938964844,2976237
2023-09-26,372.9200134277344,389.9599914550781,370.8599853515625,387.0199890136719,12429942
2023-09-27,387.44000244140625,389.7799987792969,383.260009765625,386.8399963378906,4819370
2023-09-28,389.1199951171875,389.8999938964844,376.94000244140625,378.3599853515625,2717047
2023-09-29,378.6400146484375,391.6000061035156,375.2200012207031,378.2799987792969,6101197
2023-10-03,378.7200012207031,378.7799987792969,363.2200012207031,371.32000732421875,5828730
2023-10-04,371.17999267578125,371.17999267578125,363.6000061035156,368.17999267578125,6181990
2023-10-05,369.3800048828125,371.5199890136719,368.0,368.44000244140625,4795682
2023-10-06,368.8999938964844,372.79998779296875,368.8399963378906,370.82000732421875,3597420
2023-10-09,367.20001220703125,372.79998779296875,364.44000244140625,371.5799865722656,2146690
2023-10-10,372.0400085449219,372.3999938964844,368.79998779296875,371.17999267578125,3481552
2023-10-11,377.20001220703125,380.3999938964844,365.6000061035156,367.05999755859375,6850962
2023-10-12,369.0,371.9800109863281,364.0199890136719,369.8800048828125,4372975
2023-10-13,364.3999938964844,372.79998779296875,364.3999938964844,371.79998779296875,3364592
2023-10-16,371.760009765625,371.79998779296875,367.1199951171875,369.05999755859375,4550210
2023-10-17,371.20001220703125,373.55999755859375,367.20001220703125,372.0400085449219,4602577
2023-10-18,370.6000061035156,370.6000061035156,366.0,370.1400146484375,6472717
2023-10-19,367.20001220703125,377.6000061035156,364.0199890136719,373.8399963378906,6049895
2023-10-20,373.239990234375,373.239990234375,366.9599914550781,370.4800109863281,4265650
2023-10-23,366.79998779296875,370.94000244140625,366.3999938964844,369.1000061035156,3243855
2023-10-25,368.3999938964844,368.79998779296875,350.5,353.67999267578125,9110125
2023-10-26,351.9200134277344,352.0,331.260009765625,348.9800109863281,11486027
2023-10-27,351.9599914550781,370.3999938964844,350.79998779296875,368.5799865722656,6026657
2023-10-30,368.55999755859375,372.3999938964844,364.29998779296875,366.5799865722656,4445290
2023-10-31,368.1600036621094,369.55999755859375,361.32000732421875,363.5199890136719,5579412
2023-11-01,365.1199951171875,371.0400085449219,364.4800109863281,367.29998779296875,4244585
2023-11-02,370.0,375.0,368.0199890136719,370.4599914550781,2675412
2023-11-03,373.9200134277344,382.3599853515625,370.4599914550781,380.739990234375,4721982
2023-11-06,383.5199890136719,386.2799987792969,375.0400085449219,378.260009765625,8992325
2023-11-07,379.9599914550781,399.3999938964844,378.9599914550781,396.4800109863281,12289935
2023-11-08,403.3999938964844,409.6000061035156,398.8399963378906,403.5400085449219,6577727
2023-11-09,406.0,406.0,398.67999267578125,401.0199890136719,3141805
2023-11-10,401.5199890136719,405.70001220703125,397.4800109863281,403.6199951171875,3047152
2023-11-13,404.79998779296875,406.5,400.94000244140625,403.5,3249237
2023-11-15,405.20001220703125,407.6000061035156,399.20001220703125,405.67999267578125,5883120
2023-11-16,406.6000061035156,420.3999938964844,406.239990234375,417.82000732421875,7685665
2023-11-17,417.82000732421875,418.9200134277344,408.6199951171875,417.3800048828125,4609025
2023-11-20,416.79998779296875,424.1400146484375,411.20001220703125,418.94000244140625,2630890
2023-11-21,421.9800109863281,422.9200134277344,409.1000061035156,415.1199951171875,5115550
2023-11-22,416.1400146484375,416.3999938964844,406.5,412.5400085449219,3425477
2023-11-23,414.05999755859375,430.0,410.0,421.8399963378906,6097717
2023-11-24,424.0,429.0799865722656,422.9200134277344,427.260009765625,3789175
2023-11-28,430.0,430.0,421.55999755859375,423.9800109863281,3908002
2023-11-29,428.0,429.8399963378906,421.82000732421875,424.3399963378906,1836362
2023-11-30,426.3999938964844,451.8800048828125,423.760009765625,442.0,12976745
2023-12-01,444.0,450.3999938964844,434.260009765625,435.6199951171875,3427552
2023-12-04,444.3999938964844,445.0,426.0,428.17999267578125,4750715
2023-12-05,431.9800109863281,433.94000244140625,422.20001220703125,424.739990234375,2822605
2023-12-06,424.0,431.1600036621094,422.5,429.4200134277344,2751995
2023-12-07,432.0,432.79998779296875,426.9599914550781,430.79998779296875,1896300
2023-12-08,431.32000732421875,433.05999755859375,424.0,426.7799987792969,3151082
2023-12-11,429.55999755859375,443.6000061035156,428.3999938964844,441.70001220703125,5401315
2023-12-12,441.70001220703125,443.20001220703125,430.3999938964844,432.0400085449219,3949642
2023-12-13,434.70001220703125,438.0,429.0799865722656,437.1000061035156,2889550
2023-12-14,441.6000061035156,445.79998779296875,437.7200012207031,441.67999267578125,3080182
2023-12-15,443.5199890136719,447.9200134277344,438.0,439.6000061035156,2900972
2023-12-18,439.6000061035156,457.6000061035156,437.6199951171875,452.79998779296875,4576600
2023-12-19,457.2799987792969,471.20001220703125,454.2200012207031,468.6600036621094,6633475
2023-12-20,538.0,552.0,494.260009765625,501.3599853515625,32725090
2023-12-21,498.0199890136719,520.0,472.7799987792969,516.52001953125,11949305
2023-12-22,516.52001953125,516.52001953125,490.2200012207031,495.44000244140625,16113987
2023-12-26,502.79998779296875,503.1199951171875,493.20001220703125,500.0199890136719,4239532
2023-12-27,498.4200134277344,500.79998779296875,494.0,494.82000732421875,5993535
2023-12-28,495.2200012207031,499.0,488.79998779296875,495.1199951171875,3702457
2023-12-29,497.5199890136719,497.5199890136719,490.239990234375,494.760009765625,2874020
2024-01-01,496.7200012207031,501.6000061035156,494.79998779296875,497.0,1973717
2024-01-02,500.0,500.0,492.8999938964844,494.4599914550781,2455487
2024-01-03,490.0400085449219,495.8999938964844,482.4599914550781,490.32000732421875,4077752
2024-01-04,498.3999938964844,510.9599914550781,493.6000061035156,504.0,5967980
2024-01-05,504.0,513.2000122070312,497.70001220703125,511.6600036621094,5074407
2024-01-08,511.6600036621094,517.5800170898438,504.0,507.79998779296875,4137392
2024-01-09,509.1199951171875,523.97998046875,508.4200134277344,519.02001953125,4432812
2024-01-10,518.7999877929688,521.97998046875,504.0199890136719,507.4800109863281,3827432
2024-01-11,512.9400024414062,514.9000244140625,506.82000732421875,511.239990234375,2309437
2024-01-12,508.44000244140625,511.17999267578125,503.3999938964844,506.0199890136719,6579967
2024-01-15,510.3999938964844,512.0,504.55999755859375,508.67999267578125,3756002
2024-01-16,509.5199890136719,510.3999938964844,502.4200134277344,506.44000244140625,3301850
2024-01-17,502.3999938964844,505.44000244140625,492.0400085449219,499.3999938964844,5397812
2024-01-18,497.6000061035156,499.82000732421875,478.55999755859375,492.05999755859375,4635975
2024-01-19,495.55999755859375,512.9600219726562,491.20001220703125,506.94000244140625,7103392
2024-01-23,504.3999938964844,511.8999938964844,497.2799987792969,508.70001220703125,4767932
2024-01-24,504.3999938964844,509.9200134277344,501.20001220703125,506.5400085449219,7679777
2024-01-25,505.4200134277344,506.0,488.3999938964844,502.9599914550781,8328487
2024-01-29,500.0,511.1400146484375,499.6000061035156,507.82000732421875,4574967
2024-01-30,510.0199890136719,513.5,496.4800109863281,500.4800109863281,6966607
2024-01-31,492.3999938964844,514.0,492.3999938964844,512.1599731445312,5499840
2024-02-01,513.1199951171875,515.5599975585938,506.55999755859375,513.7999877929688,3070410
2024-02-02,508.44000244140625,521.3800048828125,508.3999938964844,514.2999877929688,5404360
2024-02-05,515.7999877929688,528.0,504.0,521.0,10507030
2024-02-06,528.4000244140625,540.0,523.280029296875,538.8599853515625,10393642
2024-02-07,542.4000244140625,545.7999877929688,531.4199829101562,538.0800170898438,4505802
2024-02-08,539.7999877929688,565.4400024414062,538.0,550.1400146484375,8259177
2024-02-09,551.6199951171875,563.9600219726562,544.02001953125,548.0,6313580
2024-02-12,551.5999755859375,557.8800048828125,546.8200073242188,555.739990234375,3223332
2024-02-13,556.02001953125,563.5999755859375,551.5999755859375,557.7999877929688,3194342
2024-02-14,557.8599853515625,576.7999877929688,553.5999755859375,572.280029296875,3432082
2024-02-15,576.0,582.4000244140625,568.02001953125,570.1199951171875,4892730
2024-02-16,568.0,573.5999755859375,560.7999877929688,569.219970703125,3828422
2024-02-19,571.52001953125,576.97998046875,568.8200073242188,575.3200073242188,1245720
2024-02-20,580.9600219726562,580.9600219726562,572.0,575.0,2895762
2024-02-21,580.760009765625,589.4199829101562,577.0999755859375,585.6799926757812,2389720
2024-02-22,589.7999877929688,600.0,585.0,598.8800048828125,2654775
2024-02-23,604.97998046875,610.0,596.6599731445312,605.7999877929688,2887335
2024-02-26,605.8200073242188,624.780029296875,602.8800048828125,614.5,3168280
2024-02-27,612.0,612.5399780273438,581.2000122070312,586.7999877929688,6202435
2024-02-28,590.780029296875,591.0399780273438,556.0,559.1400146484375,12580557
2024-02-29,556.0,567.8599853515625,538.0,563.4000244140625,13937442
2024-03-01,571.219970703125,571.2999877929688,557.0,567.1400146484375,5235115
2024-03-04,580.02001953125,580.719970703125,561.4600219726562,573.6599731445312,4506765
2024-03-05,578.0,578.0,548.1400146484375,551.8200073242188,11104745
2024-03-06,548.4000244140625,579.0800170898438,544.7999877929688,573.5399780273438,7370822
2024-03-07,575.2000122070312,578.5999755859375,565.260009765625,569.3400268554688,3851625
2024-03-11,573.2999877929688,598.0,558.8400268554688,565.7000122070312,8245362
2024-03-12,566.719970703125,573.2000122070312,559.5999755859375,569.02001953125,4388537
2024-03-13,567.5599975585938,568.4000244140625,546.7999877929688,557.5599975585938,7181872
2024-03-14,555.5399780273438,570.0,541.6799926757812,567.0800170898438,4386595
2024-03-15,568.0,576.0,561.2000122070312,573.6799926757812,4719685
2024-03-18,575.2000122070312,579.1400146484375,568.6599731445312,574.5800170898438,3851225
2024-03-19,575.2000122070312,575.2000122070312,558.0,559.5,2669332
2024-03-20,559.5,564.0,556.219970703125,560.0599975585938,3989047
2024-03-21,569.9400024414062,569.9400024414062,558.6599731445312,560.0999755859375,3613535
2024-03-22,560.0,563.0399780273438,552.8200073242188,560.9600219726562,3173577
2024-03-26,563.9199829101562,564.0,559.1400146484375,560.6799926757812,4459500
2024-03-27,561.219970703125,562.4000244140625,551.3400268554688,553.5999755859375,5855022
2024-03-28,559.2000122070312,562.0,548.0,559.4400024414062,5047647
2024-04-01,563.2000122070312,574.239990234375,556.9600219726562,558.8800048828125,4051780
2024-04-02,568.7999877929688,569.5800170898438,559.4400024414062,563.780029296875,2651662
2024-04-03,562.8200073242188,595.2000122070312,554.5999755859375,590.3599853515625,9176512
2024-04-04,598.4000244140625,617.97998046875,592.8200073242188,605.8200073242188,8314400
2024-04-05,607.5999755859375,614.0,594.5599975585938,597.5,3406465
2024-04-08,600.719970703125,600.719970703125,576.0,580.0399780273438,7297395
2024-04-09,580.0,580.5,568.4000244140625,573.9199829101562,4447677
2024-04-10,577.5599975585938,578.760009765625,568.0,569.4199829101562,3006212
2024-04-12,570.0,571.9400024414062,552.0,554.3400268554688,7751762
2024-04-15,544.02001953125,561.4600219726562,539.8800048828125,552.4400024414062,7133952
2024-04-16,560.7999877929688,567.9600219726562,550.239990234375,561.5800170898438,9683697
2024-04-18,569.1199951171875,569.1199951171875,556.0599975585938,559.1799926757812,5776232
2024-04-19,547.9000244140625,561.1799926757812,545.2000122070312,558.4400024414062,3912572
2024-04-22,562.1599731445312,573.5999755859375,560.5599975585938,572.1199951171875,3836490
2024-04-23,580.0,580.0,572.0,572.3800048828125,3885592
2024-04-24,573.97998046875,578.4000244140625,572.8800048828125,578.0399780273438,2116702
2024-04-25,580.0,580.0,573.5800170898438,576.780029296875,2008145
2024-04-26,575.1199951171875,588.0,569.219970703125,583.8800048828125,3097727
2024-04-29,582.0,596.3200073242188,577.0999755859375,594.4600219726562,4406522
2024-04-30,598.0,606.0800170898438,589.6199951171875,591.780029296875,5340267
2024-05-02,590.0399780273438,610.6799926757812,589.5999755859375,606.719970703125,6314752
2024-05-03,610.0,610.97998046875,601.2000122070312,602.6799926757812,4415420
2024-05-06,602.7999877929688,605.0800170898438,586.2000122070312,602.8599853515625,4139995
2024-05-07,600.0,600.0,575.2000122070312,577.1199951171875,7215837
2024-05-08,576.7999877929688,603.9199829101562,575.2000122070312,601.3200073242188,5643560
2024-05-09,598.02001953125,599.9199829101562,573.2000122070312,578.02001953125,4134015
2024-05-10,585.5599975585938,588.0,575.8200073242188,585.3200073242188,2253750
2024-05-13,594.7000122070312,598.47998046875,562.0399780273438,590.9199829101562,16363080
2024-05-14,600.0,623.5999755859375,592.97998046875,595.6199951171875,17151342
2024-05-15,600.0800170898438,606.780029296875,594.4000244140625,599.760009765625,5237275
2024-05-16,596.7999877929688,599.719970703125,589.2000122070312,597.2999877929688,4214965
2024-05-17,600.0,607.9600219726562,598.0,606.2000122070312,2877007
2024-05-21,608.0,608.0,597.7999877929688,604.5999755859375,3898180
2024-05-22,605.780029296875,609.3599853515625,603.2000122070312,605.6400146484375,2550145
2024-05-23,607.2000122070312,608.0,599.239990234375,600.9400024414062,2577597
2024-05-24,600.9400024414062,603.6199951171875,594.0,599.3200073242188,4198022
2024-05-27,600.3599853515625,600.3599853515625,590.4000244140625,598.6199951171875,3302410
2024-05-28,593.2000122070312,599.4000244140625,586.0599975585938,588.02001953125,4017655
2024-05-29,583.9000244140625,587.7000122070312,571.239990234375,572.1199951171875,4642537
2024-05-30,572.719970703125,585.9000244140625,572.1199951171875,575.52001953125,3457280
2024-05-31,575.5,578.1799926757812,556.0999755859375,570.719970703125,11593700
2024-06-03,589.5999755859375,590.0,572.97998046875,585.6199951171875,4316557
2024-06-04,580.0,582.1400146484375,528.02001953125,565.3599853515625,6448665
2024-06-05,562.5,608.4000244140625,554.4000244140625,597.5999755859375,10611342
2024-06-06,600.0,604.9199829101562,598.4000244140625,599.760009765625,4485605
2024-06-07,603.97998046875,611.2000122070312,599.2000122070312,607.4400024414062,5245705
2024-06-10,610.0,637.47998046875,609.2000122070312,618.4199829101562,8490307
2024-06-11,624.4000244140625,628.760009765625,616.8200073242188,618.9000244140625,4802772
2024-06-12,625.1599731445312,627.5999755859375,621.5999755859375,623.0999755859375,3285400
2024-06-13,639.3400268554688,639.3400268554688,623.0800170898438,631.4199829101562,4965487
2024-06-14,631.9199829101562,660.0,629.8200073242188,655.7000122070312,8144420
2024-06-18,658.0,668.4000244140625,648.0,649.9600219726562,5116807
2024-06-19,656.0,668.7999877929688,645.1400146484375,649.2000122070312,10951570
2024-06-20,651.9199829101562,657.2000122070312,644.4000244140625,645.5,4756065
2024-06-21,647.52001953125,650.4600219726562,634.0,637.4199829101562,5048880
2024-06-24,637.02001953125,637.4000244140625,628.1199951171875,631.2999877929688,3031340
2024-06-25,632.0,640.3200073242188,624.5399780273438,635.5399780273438,4858005
2024-06-26,634.760009765625,646.7999877929688,627.239990234375,643.02001953125,3326327
2024-06-27,642.7999877929688,659.7999877929688,639.6199951171875,655.780029296875,5264545
2024-06-28,655.780029296875,658.4600219726562,643.3200073242188,651.7999877929688,4186665
2024-07-01,652.0,653.5999755859375,638.4000244140625,643.1400146484375,2836832
2024-07-02,639.2000122070312,643.1799926757812,630.0,630.8599853515625,4070375
2024-07-03,634.4000244140625,647.3599853515625,631.8200073242188,645.3800048828125,2534075
2024-07-04,645.5999755859375,650.0,642.219970703125,647.4400024414062,2423345
2024-07-05,650.0999755859375,650.3400268554688,640.4400024414062,645.6599731445312,1661450
2024-07-08,645.9600219726562,655.97998046875,636.4000244140625,638.9199829101562,3649630
2024-07-09,644.7999877929688,663.0999755859375,642.5599975585938,644.5999755859375,3687577
2024-07-10,650.0,651.5,636.219970703125,639.739990234375,3251895
2024-07-11,640.0,643.0,634.0,636.97998046875,3574145
2024-07-12,638.7999877929688,640.5399780273438,626.0599975585938,633.7999877929688,3614772
2024-07-15,632.0,653.2000122070312,628.7999877929688,651.1400146484375,4321137
2024-07-16,655.8800048828125,657.8800048828125,636.8400268554688,639.5999755859375,4350482
2024-07-18,640.0,643.2000122070312,634.4400024414062,636.260009765625,4993527
2024-07-19,633.5999755859375,635.719970703125,615.5999755859375,623.8800048828125,4749392
2024-07-22,624.0,628.5999755859375,621.2000122070312,625.02001953125,3147147
2024-07-23,629.0599975585938,629.3400268554688,603.0999755859375,619.52001953125,3619330
2024-07-24,619.52001953125,648.0599975585938,612.6199951171875,644.7999877929688,6283777
2024-07-25,644.0,663.5999755859375,640.4000244140625,660.8400268554688,6304092
2024-07-26,666.4400024414062,677.2000122070312,661.02001953125,670.6599731445312,7137772
2024-07-29,679.2000122070312,681.1199951171875,670.02001953125,674.1199951171875,4701400
2024-07-30,678.0399780273438,679.9199829101562,626.7000122070312,630.9600219726562,31920582
2024-07-31,639.5999755859375,647.97998046875,630.0,630.9600219726562,9797220
2024-08-01,636.4199829101562,637.2000122070312,625.219970703125,630.2999877929688,4150442
2024-08-02,626.4000244140625,632.2000122070312,620.97998046875,628.9400024414062,3152042
2024-08-05,615.7999877929688,619.7999877929688,600.0,601.9000244140625,5637807
2024-08-06,604.0,617.760009765625,582.0,584.780029296875,6017050
2024-08-07,599.5999755859375,614.0,592.4000244140625,607.9400024414062,5972500
2024-08-08,609.5,609.5,594.1400146484375,595.8200073242188,4552912
2024-08-09,604.02001953125,611.0,600.02001953125,603.4400024414062,2980895
2024-08-12,598.0,601.1799926757812,588.0,589.2999877929688,4781300
2024-08-13,589.5999755859375,600.0,582.0399780273438,595.7999877929688,4732935
2024-08-14,595.2000122070312,595.2000122070312,582.8200073242188,584.8400268554688,4143270
2024-08-16,571.219970703125,582.0,565.0,568.739990234375,11513025
2024-08-19,571.5999755859375,606.4000244140625,567.1799926757812,603.3599853515625,10188500
2024-08-20,605.8800048828125,605.8800048828125,590.4400024414062,596.6400146484375,4887227
2024-08-21,604.0,621.3599853515625,603.9000244140625,618.4400024414062,6801420
2024-08-22,626.0,643.780029296875,621.3400268554688,637.6799926757812,9226335
2024-08-23,637.780029296875,639.0,630.4400024414062,632.8400268554688,2628982
2024-08-26,630.0,633.3599853515625,616.0,630.4000244140625,3527255
2024-08-27,632.0,635.9400024414062,621.2000122070312,625.9000244140625,2223397
2024-08-28,625.8599853515625,631.1799926757812,609.780029296875,611.2000122070312,4504235
2024-08-29,614.02001953125,617.5999755859375,597.5999755859375,603.6199951171875,4918452
2024-08-30,610.719970703125,614.7000122070312,599.6199951171875,600.3599853515625,5738305
2024-09-02,600.3400268554688,613.5999755859375,599.6599731445312,608.5800170898438,3946967
2024-09-03,616.0,617.5999755859375,598.7999877929688,599.9400024414062,4775225
2024-09-04,599.2000122070312,611.2000122070312,592.02001953125,609.0,5223642
2024-09-05,607.2000122070312,613.1599731445312,600.6199951171875,602.1799926757812,5328972
2024-09-06,601.5999755859375,606.7999877929688,591.6799926757812,597.2999877929688,4540552
2024-09-09,600.0,611.739990234375,595.760009765625,610.3400268554688,3885172
2024-09-10,615.7000122070312,618.3800048828125,549.219970703125,608.0,5859010
2024-09-11,606.0,635.719970703125,600.4400024414062,627.6599731445312,10811830
2024-09-12,635.5,665.0,635.25,645.5999755859375,7254715
2024-09-13,650.0,668.0,645.0,646.6500244140625,7145096
2024-09-16,648.0,648.6500244140625,616.25,621.0499877929688,6982693
2024-09-17,621.0499877929688,652.9500122070312,616.7000122070312,649.6500244140625,8725231
2024-09-18,647.9000244140625,651.9000244140625,639.0,646.7000122070312,3641775
2024-09-19,641.0,661.4500122070312,631.7999877929688,652.1500244140625,6235971
2024-09-20,643.0,656.0,636.0,654.4500122070312,7292526
2024-09-23,654.4500122070312,657.5,648.5499877929688,654.0999755859375,2822389
2024-09-24,654.9500122070312,663.0,641.0,646.8499755859375,4960677
2024-09-25,650.0,650.0,629.5,633.2999877929688,3749146
2024-09-26,633.2999877929688,635.0,622.0,626.8499755859375,3307212
2024-09-27,623.0,625.9000244140625,606.0,608.5499877929688,6229241
2024-09-30,624.0,624.0,602.25,606.2999877929688,6713774
2024-10-01,608.0,618.0,605.5,612.25,5050652
2024-10-03,599.9000244140625,602.0,585.75,587.75,7488377
2024-10-04,594.9500122070312,600.0,570.5,578.9000244140625,11147666
2024-10-07,574.9000244140625,578.2000122070312,538.0,542.0499877929688,16517348
2024-10-08,540.2999877929688,594.9500122070312,536.8499755859375,590.0,19393475
2024-10-09,599.0,606.2000122070312,589.0999755859375,592.4000244140625,6884033
2024-10-10,598.9500122070312,601.9000244140625,578.0,588.6500244140625,5167165
2024-10-11,591.9500122070312,595.9000244140625,586.0499877929688,592.3499755859375,2001553
2024-10-14,596.7999877929688,599.5999755859375,583.5499877929688,591.6500244140625,2952265
2024-10-15,594.9000244140625,613.9000244140625,587.0999755859375,611.0499877929688,5781487
2024-10-16,613.0,613.0,601.5,608.2999877929688,3043963
2024-10-17,598.0,600.8499755859375,585.0,588.4000244140625,4225188
2024-10-18,594.0,599.4000244140625,578.7000122070312,588.75,4908521
2024-10-21,597.5999755859375,597.5999755859375,572.4000244140625,578.4500122070312,3411037
2024-10-22,584.2000122070312,598.7000122070312,566.7000122070312,594.5499877929688,11533313
2024-10-23,600.0,630.9500122070312,598.0,628.75,14909803
2024-10-24,629.7000122070312,631.2000122070312,604.2000122070312,609.2999877929688,6518797
2024-10-25,613.0,616.9000244140625,593.4000244140625,611.2000122070312,4545839
2024-10-28,608.25,615.5499877929688,600.4500122070312,603.7999877929688,2827494
2024-10-29,600.0,613.7999877929688,589.4000244140625,609.2999877929688,3846083
2024-10-30,592.0,615.4500122070312,592.0,605.5499877929688,4378178
2024-10-31,605.5499877929688,608.3499755859375,592.0999755859375,597.75,5151305
2024-11-01,600.0,610.0,600.0,608.5,653210
2024-11-04,611.0,615.9500122070312,588.0,593.5,7612446
2024-11-05,588.0,593.7999877929688,580.4500122070312,586.25,5732587
2024-11-06,592.0,601.0,582.2999877929688,599.2000122070312,6149844
2024-11-07,602.0499877929688,608.5,592.4000244140625,597.25,2893375
2024-11-08,595.25,598.9000244140625,587.0999755859375,591.5499877929688,1793816
2024-11-11,588.0,607.9500122070312,582.25,590.7999877929688,2578471
2024-11-12,594.5499877929688,599.0,583.0,584.2999877929688,2680480
2024-11-13,591.0999755859375,594.9500122070312,565.0,568.0999755859375,6817240
2024-11-14,575.0,596.0,570.2999877929688,575.6500244140625,6805711
2024-11-18,593.0,617.5999755859375,582.8499755859375,609.8499755859375,8284043
2024-11-19,616.0,639.5999755859375,614.4000244140625,630.3499755859375,11261723
2024-11-21,630.0,630.0,610.0,626.75,5734432
2024-11-22,626.0,627.1500244140625,612.6500244140625,616.4000244140625,8080741
2024-11-25,622.0,632.2999877929688,595.0,601.0999755859375,10896519
2024-11-26,607.25,620.5999755859375,606.9500122070312,614.25,5018604
2024-11-27,620.0,620.0,608.0,613.0,1855103
2024-11-28,612.9000244140625,638.5999755859375,605.1500244140625,630.7000122070312,6829753
2024-11-29,627.0,629.2000122070312,615.2999877929688,621.2000122070312,5480591
2024-12-02,625.0,644.0,622.25,632.25,8977574
2024-12-03,600.0,628.7000122070312,598.7999877929688,621.0999755859375,12550494
2024-12-04,626.0,630.0,613.1500244140625,618.9000244140625,6578102
2024-12-05,619.0,640.0,615.5,633.5,7101348
2024-12-06,631.0,645.0,626.2000122070312,644.0499877929688,5645687
2024-12-09,644.0,650.0,639.2000122070312,641.5999755859375,6600185
2024-12-10,645.0,653.0,641.5,645.3499755859375,6504136
2024-12-11,645.75,648.0999755859375,642.2000122070312,643.9500122070312,1943407
2024-12-12,642.0,649.0,635.5,646.25,5018381
2024-12-13,645.0499877929688,649.7999877929688,636.0,645.6500244140625,3853671
2024-12-16,648.9500122070312,653.7000122070312,642.5,645.4000244140625,4944360
2024-12-17,645.4000244140625,657.2000122070312,643.5,647.8499755859375,6455231
2024-12-18,647.0,647.0,623.4500122070312,633.4500122070312,8210090
2024-12-19,619.0,633.9500122070312,615.7999877929688,628.0,3412324
2024-12-20,628.0,633.0,609.1500244140625,612.5499877929688,4016697
2024-12-23,621.2999877929688,629.9000244140625,620.0499877929688,626.5499877929688,3593389
2024-12-24,626.0,629.5,620.0,627.2999877929688,2492843
2024-12-26,625.0,628.25,621.9500122070312,624.0999755859375,1499003
2024-12-27,621.0,629.0,620.6500244140625,624.2999877929688,1852119
2024-12-30,621.1500244140625,662.0,621.0,643.4500122070312,17624561
2024-12-31,637.9000244140625,643.25,631.9000244140625,638.5,3444309
2025-01-01,638.5,653.6500244140625,637.5,650.8499755859375,2625048
2025-01-02,654.0,663.5999755859375,644.3499755859375,648.7000122070312,5382698
2025-01-03,654.0,654.0,640.7999877929688,652.2000122070312,3615541
2025-01-06,645.0,645.9500122070312,625.3499755859375,630.7000122070312,4395831
2025-01-07,630.6500244140625,636.9000244140625,615.0499877929688,618.2000122070312,3524547
2025-01-08,621.5,626.3499755859375,603.4500122070312,606.9500122070312,5003681
2025-01-09,608.5,608.75,599.8499755859375,605.4500122070312,3645958
2025-01-10,600.0,602.75,590.4000244140625,596.5499877929688,3654621
2025-01-13,585.0,591.3499755859375,571.25,574.75,3860607
2025-01-14,575.0,579.8499755859375,556.8499755859375,566.2999877929688,7824105
2025-01-15,574.9000244140625,575.4000244140625,558.9500122070312,560.5,4952149
2025-01-16,568.9500122070312,580.5999755859375,565.0999755859375,574.7000122070312,5203997
2025-01-17,578.0,578.0,545.5499877929688,556.3499755859375,9710175
2025-01-20,557.0,557.0,544.3499755859375,552.9000244140625,5206204
2025-01-21,562.0499877929688,563.0,539.25,541.5,7011598
2025-01-22,543.4500122070312,546.7999877929688,524.75,534.5999755859375,4481872
2025-01-23,530.0,546.0,520.0,540.4000244140625,8855673
2025-01-24,539.0,548.7000122070312,536.9000244140625,541.7000122070312,3064139
2025-01-27,538.9000244140625,538.9000244140625,522.3499755859375,525.2000122070312,3331754
2025-01-28,525.2000122070312,542.0,516.9500122070312,539.3499755859375,6377272
2025-01-29,540.0,545.5,537.0499877929688,541.5499877929688,2099560
2025-01-30,544.9000244140625,547.7999877929688,538.25,540.5999755859375,2914821
2025-01-31,544.0,544.0,536.0,536.75,3544551
2025-02-01,539.0499877929688,582.9000244140625,539.0499877929688,561.4000244140625,6432166
2025-02-03,560.0,585.6500244140625,548.7000122070312,582.5,6595246
2025-02-04,583.6500244140625,589.2999877929688,577.5,586.5499877929688,4407907
2025-02-05,589.1500244140625,592.9500122070312,581.6500244140625,583.6500244140625,2146717
2025-02-06,585.0,585.8499755859375,565.5,568.5999755859375,3085740
2025-02-07,568.5999755859375,570.0,548.5499877929688,553.7000122070312,6361141
2025-02-10,558.4000244140625,561.0999755859375,532.7000122070312,548.4500122070312,14670575
2025-02-11,555.0,556.0,511.1499938964844,520.3499755859375,12273792
2025-02-12,525.0,536.7999877929688,517.0999755859375,534.5,8581416
2025-02-13,535.2000122070312,538.1500244140625,511.20001220703125,513.4000244140625,9467636
2025-02-14,513.75,517.0,485.0,488.54998779296875,14027216
2025-02-17,488.75,489.3999938964844,470.04998779296875,474.54998779296875,12706214
2025-02-18,476.0,483.0,465.6499938964844,469.1000061035156,8968551
2025-02-19,461.04998779296875,480.3999938964844,454.1000061035156,475.8999938964844,10307513
2025-02-20,472.3999938964844,474.75,463.75,468.3999938964844,11542401
2025-02-21,470.54998779296875,480.79998779296875,461.1000061035156,477.6499938964844,12871051
2025-02-24,472.0,501.75,468.75,499.95001220703125,15905230
2025-02-25,497.8999938964844,497.8999938964844,475.1000061035156,476.5,10593112
2025-02-27,475.5,476.5,439.8999938964844,448.29998779296875,19975636
2025-02-28,448.0,456.6000061035156,429.6499938964844,436.04998779296875,48247867
2025-03-03,436.0,461.04998779296875,419.54998779296875,456.95001220703125,27472740
2025-03-04,456.95001220703125,480.29998779296875,448.0,477.29998779296875,16010754
2025-03-05,480.20001220703125,486.20001220703125,471.3999938964844,476.0,14097135
2025-03-06,482.5,494.95001220703125,477.8500061035156,491.3500061035156,12690927
2025-03-07,490.0,490.6499938964844,479.0,487.75,10433984
2025-03-10,487.79998779296875,492.3500061035156,480.0,481.8999938964844,11965662
2025-03-11,477.79998779296875,487.6000061035156,470.5,485.20001220703125,5774624
2025-03-12,487.5,490.3500061035156,475.8999938964844,478.3500061035156,9109922
2025-03-13,484.0,497.5,480.8500061035156,488.1499938964844,7798554
2025-03-17,492.6000061035156,509.8500061035156,491.54998779296875,507.25,10136334
2025-03-18,507.25,507.25,507.25,507.25,0
2025-03-19,533.8499755859375,548.0499877929688,530.0499877929688,540.9000244140625,9383855
2025-03-20,546.2000122070312,558.5999755859375,540.0499877929688,548.75,12121424
2025-03-21,547.0,552.0,533.0,537.9500122070312,10054240
2025-03-24,545.0,547.75,529.6500244140625,531.0999755859375,5386711
2025-03-25,534.5,535.0,511.6499938964844,517.1500244140625,6675687
2025-03-26,521.0,535.5,516.5499877929688,527.9000244140625,6576567
2025-03-27,527.0,540.0,515.0,536.2999877929688,7748386
2025-03-28,537.7999877929688,544.75,536.75,539.6500244140625,5075723
2025-04-01,550.0,550.0,529.1500244140625,538.75,5144301
2025-04-02,540.0,548.0,535.4500122070312,546.9000244140625,3535699
2025-04-03,544.9500122070312,552.5,538.0999755859375,544.5,4789352
2025-04-04,544.0,545.0,530.6500244140625,535.4500122070312,3148688
2025-04-07,485.0,524.0,482.3500061035156,519.5999755859375,6892589
2025-04-08,530.0,541.9000244140625,529.0999755859375,540.4000244140625,3768369
2025-04-09,545.9500122070312,549.6500244140625,537.1500244140625,540.2000122070312,4722939
2025-04-11,540.2000122070312,547.0,535.3499755859375,545.75,5318824
2025-04-15,556.0,556.0,544.0499877929688,550.5999755859375,5151065
2025-04-16,550.5999755859375,553.7999877929688,543.5499877929688,549.2000122070312,3702521
2025-04-17,550.0,568.5,549.25,556.75,8481820
2025-04-21,562.0,562.0,543.2999877929688,546.7999877929688,5680586
2025-04-22,549.5,557.4000244140625,548.0,549.4500122070312,4384225
2025-04-23,552.0,557.7999877929688,545.0999755859375,549.1500244140625,5172584
2025-04-24,550.8499755859375,553.2000122070312,531.0,532.3499755859375,8356371
2025-04-25,534.0999755859375,537.5999755859375,516.0999755859375,521.9500122070312,8422092
2025-04-28,520.0,540.4500122070312,520.0,533.2000122070312,5207203
2025-04-29,535.0,539.0,523.4500122070312,529.1500244140625,5188740
2025-04-30,529.0,537.0,507.1000061035156,522.3499755859375,22672997
2025-05-02,526.8499755859375,527.2999877929688,514.0,521.8499755859375,8743052
2025-05-05,533.0999755859375,541.2999877929688,530.0,538.75,8452993
2025-05-06,540.0,543.7000122070312,510.5,514.2999877929688,7404521
2025-05-07,506.0,517.25,503.75,512.0999755859375,7509344
2025-05-08,515.0,517.75,485.0,488.75,13165058
2025-05-09,473.0,498.6000061035156,472.3500061035156,496.25,12371720
2025-05-12,511.8500061035156,515.9500122070312,505.6000061035156,513.8499755859375,4982466
2025-05-13,515.0,518.0,507.6000061035156,508.75,5612532
2025-05-14,512.0,515.5,506.45001220703125,510.1000061035156,8226540
2025-05-15,513.9000244140625,517.2000122070312,504.29998779296875,506.6000061035156,9548436
2025-05-16,506.6499938964844,507.29998779296875,498.0,501.6499938964844,9603273
2025-05-19,502.0,506.6499938964844,493.75,494.79998779296875,6822744
2025-05-20,500.0,501.6499938964844,479.0,480.29998779296875,10517145
2025-05-21,483.95001220703125,486.79998779296875,476.1000061035156,479.1499938964844,6741531
2025-05-22,479.0,479.95001220703125,467.3999938964844,469.54998779296875,11871047
2025-05-23,475.0,490.8999938964844,474.5,488.75,12851371
2025-05-26,493.0,493.3999938964844,479.0,482.70001220703125,5213331
2025-05-27,491.0,491.6000061035156,479.0,485.54998779296875,12868629
2025-05-28,486.0,487.8500061035156,482.3500061035156,483.8999938964844,4402044
2025-05-29,485.0,485.75,479.25,483.04998779296875,3848181
2025-05-30,483.0,484.95001220703125,475.0,475.95001220703125,8745176
2025-06-02,476.0,484.79998779296875,475.20001220703125,481.6499938964844,4888453
2025-06-03,484.5,484.79998779296875,469.70001220703125,474.3999938964844,6727880
2025-06-04,475.8999938964844,477.0,465.54998779296875,467.79998779296875,6368562
2025-06-05,469.75,472.70001220703125,466.6000061035156,468.1000061035156,14463672
2025-06-06,470.0,478.6499938964844,468.25,477.0,4357360
2025-06-09,479.29998779296875,480.5,474.54998779296875,476.6000061035156,5449423
2025-06-10,479.20001220703125,484.0,475.6499938964844,476.25,9766215
2025-06-11,478.04998779296875,479.3500061035156,470.0,475.1000061035156,10243554
2025-06-12,478.5,484.45001220703125,474.1000061035156,476.6000061035156,10054611
2025-06-13,469.95001220703125,472.6000061035156,465.0,469.8999938964844,5251917
2025-06-16,469.0,475.45001220703125,458.54998779296875,473.1499938964844,7686376
2025-06-17,474.0,479.0,469.29998779296875,470.3500061035156,7390960
2025-06-18,467.0,471.20001220703125,465.20001220703125,469.3999938964844,4768336
2025-06-19,460.0,463.1499938964844,446.1499938964844,448.6499938964844,14815320
2025-06-20,448.0,462.0,447.6499938964844,459.6000061035156,22583949
2025-06-23,457.45001220703125,468.3999938964844,454.75,461.79998779296875,8576051
2025-06-24,464.04998779296875,465.75,459.54998779296875,462.75,6439004
2025-06-25,464.0,465.8500061035156,458.75,460.29998779296875,6769539
2025-06-26,461.79998779296875,462.29998779296875,454.5,458.3999938964844,8390695
2025-06-27,462.0,465.79998779296875,459.8999938964844,461.6000061035156,7460924
2025-06-30,464.79998779296875,464.79998779296875,454.75,457.54998779296875,7221867
2025-07-01,459.0,459.8500061035156,450.54998779296875,451.6000061035156,6674529
2025-07-02,453.0,459.5,450.25,453.04998779296875,6457381
2025-07-03,454.8999938964844,457.6000061035156,450.1000061035156,450.70001220703125,3844728
2025-07-04,451.8500061035156,456.70001220703125,449.29998779296875,456.1499938964844,4123037
2025-07-07,456.6000061035156,464.8999938964844,452.0,464.04998779296875,5985198
2025-07-08,465.0,466.54998779296875,457.04998779296875,458.1499938964844,5134262
2025-07-09,463.95001220703125,469.5,463.1000061035156,465.75,12242332
2025-07-10,467.20001220703125,467.75,459.0,459.75,5463510
2025-07-11,459.8999938964844,461.3500061035156,451.0,452.25,7924312
2025-07-14,453.04998779296875,462.0,450.0,461.20001220703125,9306246
2025-07-15,464.0,470.70001220703125,462.25,469.79998779296875,5262734
2025-07-16,469.8999938964844,481.95001220703125,464.95001220703125,480.1000061035156,15026248
2025-07-17,481.6000061035156,492.8999938964844,481.29998779296875,490.1499938964844,16465830
2025-07-18,491.75,491.75,482.6000061035156,484.8500061035156,9200236
2025-07-21,486.3999938964844,491.6000061035156,483.6499938964844,489.29998779296875,4835434
2025-07-22,490.45001220703125,490.79998779296875,483.6000061035156,485.25,4432584
2025-07-23,487.79998779296875,489.20001220703125,484.79998779296875,487.75,5120218
2025-07-24,487.75,489.6499938964844,483.3999938964844,486.0,6791051
2025-07-25,486.95001220703125,487.6499938964844,475.3500061035156,477.1499938964844,6477551
2025-07-28,474.0,488.1000061035156,473.1499938964844,486.75,8143141
2025-07-29,486.1000061035156,514.7999877929688,478.04998779296875,512.1500244140625,24363407
2025-07-30,515.0,534.2000122070312,515.0,522.0999755859375,25521111
2025-07-31,512.0499877929688,525.0,512.0,522.5999755859375,6593398
2025-08-01,522.5999755859375,524.2000122070312,510.1000061035156,511.8999938964844,4418258
2025-08-04,510.0,511.54998779296875,503.04998779296875,508.6000061035156,3691631
2025-08-05,511.0,512.9000244140625,504.6499938964844,508.1000061035156,2223010
2025-08-06,506.0,507.95001220703125,497.25,499.20001220703125,3191536
2025-08-07,495.0,504.25,491.3999938964844,502.70001220703125,4385680
2025-08-08,504.20001220703125,507.1499938964844,494.6499938964844,495.95001220703125,2571658
2025-08-11,495.95001220703125,512.0,492.5,510.75,6605020
2025-08-12,512.75,517.4000244140625,508.1499938964844,514.25,3513096
2025-08-13,514.0,520.0,510.04998779296875,511.1000061035156,6969613
2025-08-14,510.8500061035156,510.8500061035156,499.45001220703125,501.8500061035156,5002148
2025-08-18,505.0,508.79998779296875,493.25,499.79998779296875,8750521
2025-08-19,500.3999938964844,510.79998779296875,498.6000061035156,505.3999938964844,6495179
2025-08-20,504.8999938964844,524.5499877929688,504.79998779296875,517.6500244140625,6226154
2025-08-21,520.25,522.5,515.0999755859375,517.25,3262937
2025-08-22,515.0,523.2000122070312,506.1000061035156,516.5999755859375,5460288
2025-08-25,516.5999755859375,518.8499755859375,512.8499755859375,516.0,2932412
2025-08-26,512.0,516.2000122070312,507.3500061035156,508.54998779296875,4566054
2025-08-28,516.9000244140625,517.0,495.25,497.70001220703125,5319711
2025-08-29,495.1000061035156,499.3999938964844,483.8999938964844,487.1499938964844,5493941
2025-09-01,485.0,496.8999938964844,480.8500061035156,495.3500061035156,5901966
2025-09-02,495.3500061035156,500.29998779296875,493.3500061035156,499.20001220703125,3742278
2025-09-03,499.20001220703125,509.5,498.0,505.25,3994499
2025-09-04,496.0,513.6500244140625,488.1000061035156,489.5,15790199
2025-09-05,490.75,492.95001220703125,468.5,469.6499938964844,13613187
2025-09-08,469.70001220703125,477.8999938964844,469.25,474.04998779296875,6635305
2025-09-09,476.0,478.6499938964844,471.45001220703125,474.5,3649613
2025-09-10,475.95001220703125,479.70001220703125,474.6499938964844,475.79998779296875,5895498
2025-09-11,476.70001220703125,477.45001220703125,471.70001220703125,474.6499938964844,2921431
2025-09-12,474.6499938964844,476.3500061035156,468.6499938964844,469.79998779296875,4967395
2025-09-15,471.0,474.0,470.25,471.6499938964844,3410341
2025-09-16,470.0,472.70001220703125,461.8500061035156,462.8999938964844,4794399
2025-09-17,464.3999938964844,476.8500061035156,463.1499938964844,471.04998779296875,9799159
2025-09-18,472.0,475.5,464.6000061035156,473.54998779296875,7730017
2025-09-19,472.0,476.45001220703125,470.1000061035156,474.45001220703125,4399593
2025-09-22,475.0,476.0,463.1000061035156,463.95001220703125,3377847
2025-09-23,464.0,466.3999938964844,458.0,458.5,2589988
2025-09-24,459.0,460.95001220703125,451.54998779296875,452.6000061035156,5413431
2025-09-25,452.6000061035156,456.5,450.1000061035156,451.8500061035156,8207075
2025-09-26,450.1000061035156,453.1499938964844,443.54998779296875,444.75,5431906
2025-09-29,450.0,453.1499938964844,445.3999938964844,451.70001220703125,5440921
2025-09-30,453.79998779296875,454.0,441.04998779296875,443.70001220703125,6732218
2025-10-01,444.8999938964844,448.20001220703125,442.0,442.95001220703125,3840726
2025-10-03,442.95001220703125,445.20001220703125,437.54998779296875,443.45001220703125,4069784
2025-10-06,440.20001220703125,443.20001220703125,437.3500061035156,438.95001220703125,2872225
2025-10-07,438.5,441.6499938964844,436.29998779296875,440.0,3204014
2025-10-08,439.95001220703125,440.8500061035156,431.6499938964844,434.8500061035156,3378068
2025-10-09,434.0,447.3500061035156,431.8500061035156,445.8999938964844,3947619
2025-10-10,445.8999938964844,450.8999938964844,443.0,443.6499938964844,2528589
2025-10-13,441.75,446.75,439.20001220703125,442.45001220703125,1899577
2025-10-14,443.75,444.8999938964844,438.6000061035156,441.6000061035156,1462957
2025-10-15,441.6000061035156,446.5,440.20001220703125,445.3500061035156,2061374
2025-10-16,445.3500061035156,463.45001220703125,445.3500061035156,461.29998779296875,8353480
2025-10-17,460.79998779296875,468.20001220703125,458.1499938964844,461.54998779296875,5494264
2025-10-20,463.79998779296875,464.1000061035156,455.1499938964844,456.3500061035156,2631308
2025-10-21,456.3999938964844,461.0,456.3500061035156,459.45001220703125,507808
2025-10-23,464.1000061035156,471.5,462.95001220703125,465.54998779296875,9412633
2025-10-24,465.3500061035156,465.54998779296875,459.25,461.3999938964844,3719605
2025-10-27,462.0,468.0,457.0,459.3500061035156,7398287
2025-10-28,459.3500061035156,461.29998779296875,451.79998779296875,454.1499938964844,7189256
2025-10-29,455.0,501.70001220703125,455.0,495.45001220703125,44567490
2025-10-30,495.0,498.8999938964844,477.0,485.25,16027919
2025-10-31,486.8999938964844,486.95001220703125,468.5,469.6499938964844,9048607
2025-11-03,470.0,479.3500061035156,469.04998779296875,474.75,4702192
2025-11-04,474.8999938964844,475.0,469.0,471.0,3554888
2025-11-06,473.75,478.79998779296875,470.20001220703125,471.8500061035156,4827230
2025-11-07,472.0,472.8999938964844,466.3999938964844,470.20001220703125,4991085
2025-11-10,470.20001220703125,471.5,461.8999938964844,463.25,4863609
2025-11-11,463.25,472.70001220703125,460.20001220703125,470.6000061035156,4669423
2025-11-12,470.6000061035156,470.6000061035156,458.6000061035156,459.29998779296875,6996274
2025-11-13,459.3500061035156,460.3999938964844,451.6000061035156,453.0,10531716
2025-11-14,453.0,460.5,448.6000061035156,459.3999938964844,4449524
2025-11-17,463.0,464.04998779296875,458.6499938964844,461.70001220703125,4330719
2025-11-18,459.70001220703125,460.5,454.0,457.8999938964844,3423663
2025-11-19,457.8999938964844,457.8999938964844,451.79998779296875,454.54998779296875,4612838
2025-11-20,455.0,457.20001220703125,450.1499938964844,451.5,5119680
2025-11-21,450.8999938964844,450.8999938964844,444.79998779296875,447.6499938964844,3406202
2025-11-24,447.6000061035156,448.8999938964844,442.1499938964844,446.1000061035156,8615148
2025-11-25,447.0,449.95001220703125,445.6499938964844,449.04998779296875,3455709
2025-11-26,449.04998779296875,467.6000061035156,446.75,465.5,8934221
2025-11-27,465.1000061035156,468.8999938964844,462.75,467.29998779296875,2393262
2025-11-28,468.0,487.0,468.0,481.54998779296875,13013412
2025-12-01,482.0,486.3999938964844,480.45001220703125,484.1499938964844,3211925
2025-12-02,482.0,486.0,479.6499938964844,481.3999938964844,3473726
2025-12-03,481.3500061035156,482.75,472.29998779296875,477.5,2668903
2025-12-04,475.1000061035156,489.8999938964844,475.1000061035156,479.8999938964844,3925680
2025-12-05,479.3999938964844,480.6000061035156,472.5,479.95001220703125,2387160
2025-12-08,478.04998779296875,479.1000061035156,465.95001220703125,469.79998779296875,2182021
2025-12-09,464.5,473.0,457.3999938964844,471.54998779296875,5508110
2025-12-10,474.0,480.3999938964844,470.95001220703125,472.95001220703125,2704952
2025-12-11,473.45001220703125,480.0,466.6499938964844,478.5,2652292
2025-12-12,478.5,481.54998779296875,473.45001220703125,479.95001220703125,2810867
2025-12-15,481.0,481.29998779296875,474.0,477.6000061035156,3177203
2025-12-16,475.1000061035156,484.95001220703125,473.5,477.1499938964844,4157266
2025-12-17,475.0,478.70001220703125,466.79998779296875,470.8500061035156,3498290
2025-12-18,470.79998779296875,474.6000061035156,461.04998779296875,473.6000061035156,2829460
2025-12-19,471.25,476.8500061035156,466.95001220703125,469.3999938964844,6531025
2025-12-22,479.0,487.0,473.0,485.6499938964844,10893397
2025-12-23,488.6000061035156,488.6499938964844,478.75,481.75,3918797
2025-12-24,481.5,482.0,472.5,477.6499938964844,3268207
2025-12-26,476.0,483.5,475.1000061035156,482.8500061035156,5793445
2025-12-29,483.8999938964844,494.3500061035156,481.45001220703125,482.70001220703125,5900713
2025-12-30,483.0,487.0,480.20001220703125,484.45001220703125,5238532
2025-12-31,485.8500061035156,491.45001220703125,483.54998779296875,489.8500061035156,5050001
2026-01-01,490.04998779296875,493.3999938964844,487.04998779296875,491.75,1882033
2026-01-02,492.45001220703125,496.95001220703125,487.0,493.79998779296875,4268299
2026-01-05,492.0,493.79998779296875,485.6499938964844,488.70001220703125,4736202
2026-01-06,486.54998779296875,502.0,483.70001220703125,498.8500061035156,8149788
2026-01-07,500.0,511.5,497.8500061035156,509.70001220703125,5740556
2026-01-08,510.25,511.6499938964844,497.79998779296875,500.8999938964844,3510812
2026-01-09,496.0,504.3999938964844,488.0,489.0,3997698
2026-01-12,486.6000061035156,498.79998779296875,485.3999938964844,493.79998779296875,4793134
2026-01-13,493.79998779296875,502.1000061035156,489.29998779296875,501.20001220703125,4787423
2026-01-14,500.3999938964844,508.8500061035156,497.8500061035156,502.3999938964844,3400938
2026-01-15,502.3999938964844,502.3999938964844,502.3999938964844,502.3999938964844,0
2026-01-16,498.5,505.79998779296875,496.6000061035156,500.3999938964844,4442688
2026-01-19,494.70001220703125,500.3500061035156,489.3999938964844,496.0,4726501
2026-01-20,493.70001220703125,499.75,486.54998779296875,489.1000061035156,3568142
2026-01-21,481.3500061035156,488.1499938964844,472.6499938964844,478.0,5819986
2026-01-22,482.0,489.5,480.0,487.1000061035156,4471094
2026-01-23,488.0,489.8500061035156,471.1499938964844,474.1000061035156,3352354
2026-01-27,472.8999938964844,478.5,465.1000061035156,471.6499938964844,3880383
2026-01-28,472.1499938964844,473.45001220703125,461.0,468.3999938964844,7554323
2026-01-29,469.0,470.54998779296875,451.45001220703125,467.04998779296875,7732682
2026-01-30,463.1000061035156,475.0,462.79998779296875,471.25,6589147
2026-02-02,468.0,480.95001220703125,457.25,466.29998779296875,5718949
2026-02-03,479.0,492.1499938964844,440.6000061035156,451.1000061035156,28666048
2026-02-04,454.0,454.0,438.04998779296875,444.8999938964844,13262771
2026-02-05,447.45001220703125,448.8999938964844,436.6000061035156,437.1000061035156,9354103
2026-02-06,437.1000061035156,444.79998779296875,432.20001220703125,439.04998779296875,6623250
2026-02-09,443.45001220703125,459.0,439.1000061035156,457.3500061035156,7503533
2026-02-10,460.0,462.70001220703125,454.70001220703125,456.5,5289731
2026-02-11,456.5,458.95001220703125,453.1499938964844,456.8999938964844,2466686
2026-02-12,457.0,458.20001220703125,451.0,455.70001220703125,3401594
2026-02-13,452.5,453.75,445.6000061035156,449.29998779296875,3080721
2026-02-16,447.0,458.8500061035156,444.29998779296875,455.8500061035156,2459060
2026-02-17,455.0,459.3999938964844,454.3500061035156,458.04998779296875,2033633
2026-02-18,458.04998779296875,464.3999938964844,455.20001220703125,463.6499938964844,2991343
2026-02-19,463.6499938964844,464.0,451.04998779296875,453.5,1889084
2026-02-20,450.8500061035156,456.6000061035156,449.29998779296875,453.8500061035156,2521212
2026-02-23,457.54998779296875,459.1499938964844,454.54998779296875,457.29998779296875,2298607
2026-02-24,455.0,463.8999938964844,451.1000061035156,459.1000061035156,4586271
2026-02-25,460.1000061035156,462.0,454.54998779296875,455.8500061035156,2400024
2026-02-26,456.3500061035156,462.70001220703125,454.70001220703125,460.45001220703125,2077636
2026-02-27,461.95001220703125,464.3500061035156,449.54998779296875,451.3999938964844,4555709
2026-03-02,434.95001220703125,451.1000061035156,433.04998779296875,445.29998779296875,5183683
2026-03-04,432.0,435.8999938964844,426.0,429.75,8357859
2026-03-05,435.8999938964844,448.5,432.6000061035156,445.75,6468494
2026-03-06,444.3999938964844,455.75,441.79998779296875,447.6499938964844,4616931
2026-03-09,444.0,444.0,433.3500061035156,437.75,3862525
2026-03-10,444.70001220703125,444.70001220703125,434.1000061035156,436.5,3317809
2026-03-11,437.8999938964844,441.79998779296875,430.0,431.25,7599571
2026-03-12,432.0,432.0,410.0,411.04998779296875,12325188
2026-03-13,410.0,418.54998779296875,400.45001220703125,401.29998779296875,7664431
2026-03-16,401.6000061035156,416.3999938964844,401.1000061035156,407.1499938964844,8027378
2026-03-17,410.75,411.1000061035156,402.5,406.3500061035156,4489728
2026-03-18,410.0,418.0,408.29998779296875,415.1000061035156,6377212
2026-03-19,410.25,410.45001220703125,403.29998779296875,404.6499938964844,5644420
2026-03-20,406.0,409.6499938964844,400.0,401.45001220703125,5524922
2026-03-23,398.0,398.70001220703125,381.0,382.20001220703125,10454299
2026-03-24,391.8999938964844,394.1499938964844,382.25,388.3500061035156,6998465
2026-03-25,394.8999938964844,407.3999938964844,391.1000061035156,401.45001220703125,9134065
2026-03-27,400.0,400.8999938964844,388.0,389.29998779296875,8968617
2026-03-30,386.0,391.54998779296875,381.5,384.1000061035156,10212880
2026-04-01,397.29998779296875,404.25,389.04998779296875,401.79998779296875,6465240
2026-04-02,397.6000061035156,405.0,390.6000061035156,403.70001220703125,3620669
2026-04-06,405.0,407.6499938964844,399.79998779296875,401.0,4363829
2026-04-07,400.0,402.25,395.29998779296875,400.8500061035156,3214980
2026-04-08,412.8999938964844,424.0,411.04998779296875,421.8999938964844,6926186
2026-04-09,421.3999938964844,429.5,414.70001220703125,422.8999938964844,5743167
2026-04-10,425.79998779296875,434.0,425.04998779296875,431.6000061035156,5731496
2026-04-13,418.0,433.20001220703125,417.1499938964844,430.6000061035156,5357143
2026-04-15,437.0,451.70001220703125,436.1000061035156,445.54998779296875,7797798
2026-04-16,446.54998779296875,466.0,446.0,460.3999938964844,7114657
2026-04-17,453.29998779296875,475.20001220703125,453.29998779296875,473.8999938964844,11968336
2026-04-20,476.3999938964844,476.95001220703125,464.29998779296875,466.54998779296875,6027104
2026-04-21,466.54998779296875,487.04998779296875,466.54998779296875,485.1000061035156,7932444
2026-04-22,486.95001220703125,498.70001220703125,484.3500061035156,494.95001220703125,11943145
2026-04-23,490.0,490.8500061035156,476.3999938964844,484.25,10692659
2026-04-24,484.3999938964844,492.8999938964844,481.29998779296875,490.45001220703125,13173088
2026-04-27,494.8999938964844,521.7000122070312,479.8500061035156,518.8499755859375,36094833
2026-04-28,521.5,529.4000244140625,515.0499877929688,518.5499877929688,14074482
2026-04-29,520.9000244140625,534.7000122070312,519.4500122070312,523.0999755859375,9973200
2026-04-30,523.0999755859375,523.9000244140625,509.25,513.7000122070312,7127837
2026-05-01,513.7000122070312,513.7000122070312,513.7000122070312,513.7000122070312,0
2026-05-04,513.7000122070312,521.3499755859375,505.0,506.75,5234719
2026-05-05,503.95001220703125,513.0,499.79998779296875,511.70001220703125,4854705
2026-05-06,515.0,516.5499877929688,501.70001220703125,508.95001220703125,4518907
2026-05-07,508.95001220703125,515.0,507.04998779296875,510.6000061035156,3542867
2026-05-08,511.0,514.5,506.6000061035156,508.8500061035156,1878374
2026-05-11,506.0,507.45001220703125,499.5,501.29998779296875,2707721
2026-05-12,499.0,505.6499938964844,486.6000061035156,488.3500061035156,3884745
2026-05-13,485.0,498.79998779296875,484.6499938964844,489.1499938964844,3933073
2026-05-14,491.3999938964844,506.8999938964844,489.45001220703125,505.1499938964844,4345986
2026-05-15,507.0,510.0,501.1499938964844,503.79998779296875,3728317
2026-05-18,503.79998779296875,514.7000122070312,494.29998779296875,511.5,4593884
2026-05-19,511.8999938964844,518.8499755859375,509.29998779296875,514.7999877929688,5130324
2026-05-20,507.5,516.7000122070312,506.95001220703125,514.0,5735895
2026-05-21,515.0,525.9000244140625,514.1500244140625,519.8499755859375,6850797
2026-05-22,532.0,541.4000244140625,526.5999755859375,539.4500122070312,18510994
2026-05-25,542.9500122070312,543.9500122070312,526.2000122070312,530.7000122070312,8578018
2026-05-26,529.1500244140625,535.0,526.5499877929688,531.2999877929688,4811410
2026-05-27,532.7000122070312,540.0,530.4000244140625,534.5,4232992
2026-05-28,534.5,534.5,534.5,534.5,0
2026-05-29,539.0,544.4000244140625,525.4500122070312,528.0,13582024
2026-06-01,529.0,532.2999877929688,522.0,525.5,3454028
2026-06-02,518.0,538.0,515.1500244140625,537.0,8512936
2026-06-03,538.9500122070312,539.6500244140625,528.5,533.4000244140625,4501572
2026-06-04,533.0,535.7999877929688,527.1500244140625,528.4000244140625,2968198
2026-06-05,527.5,527.9000244140625,518.2999877929688,523.2999877929688,3217921
2026-06-08,518.2999877929688,531.0,511.5,522.1500244140625,5396987
2026-06-09,524.0,531.25,523.8499755859375,529.75,4547800
2026-06-10,530.0,538.5999755859375,524.3499755859375,526.25,3150329
2026-06-11,521.0999755859375,532.2999877929688,518.5,519.9000244140625,2704464
2026-06-12,526.0,530.0,517.5,522.2000122070312,2335737
2026-06-15,529.0,543.3499755859375,527.2000122070312,541.0,7594901
2026-06-16,543.3499755859375,543.3499755859375,536.0999755859375,541.0499877929688,3831572
2026-06-17,541.2000122070312,555.7999877929688,540.0999755859375,544.0499877929688,7532315
2026-06-18,547.7000122070312,551.7000122070312,529.9000244140625,531.5499877929688,8122763
2026-06-19,535.9000244140625,538.7000122070312,526.3499755859375,529.5,9495702
2026-06-22,528.0,530.0,504.1000061035156,512.9500122070312,11556735
2026-06-23,512.0499877929688,517.0,502.95001220703125,504.29998779296875,6358283
2026-06-24,507.3999938964844,514.5499877929688,504.29998779296875,506.70001220703125,6476790
2026-06-25,508.75,514.5999755859375,505.45001220703125,507.6499938964844,4139647
2026-06-26,507.6499938964844,507.6499938964844,507.6499938964844,507.6499938964844,0
2026-06-29,507.6499938964844,508.8500061035156,502.3500061035156,504.1000061035156,3941267
2026-06-30,506.3999938964844,510.29998779296875,502.75,507.54998779296875,3722439
2026-07-01,509.0,523.7999877929688,507.6000061035156,515.7000122070312,4419221
2026-07-02,515.0499877929688,517.9500122070312,508.5,510.6499938964844,5284923
2026-07-03,517.5,522.4000244140625,512.75,515.7999877929688,3567591
2026-07-06,510.0,512.2999877929688,490.5,494.8500061035156,9967183
2026-07-07,500.0,501.5,481.25,484.25,7058165
2026-07-08,482.54998779296875,483.5,472.1000061035156,474.54998779296875,3846105
2026-07-09,477.0,484.5,475.8999938964844,481.3999938964844,5558894
2026-07-10,485.5,488.0,475.79998779296875,478.1000061035156,9967759
2026-07-13,477.25,478.70001220703125,464.54998779296875,469.1000061035156,7281774
2026-07-14,468.0,474.29998779296875,465.5,470.25,7372887
2026-07-15,471.25,472.70001220703125,463.25,464.20001220703125,5070265
2026-07-16,465.45001220703125,467.8500061035156,462.04998779296875,466.54998779296875,5854168
2026-07-17,468.0,468.0,460.1000061035156,463.3500061035156,2797591
2026-07-20,462.8999938964844,469.70001220703125,460.0,468.0,4348073
2026-07-21,470.0,472.6000061035156,462.5,463.45001220703125,5338033
2026-07-22,464.54998779296875,465.5,455.04998779296875,458.25,7951021
2026-07-23,461.0,464.75,457.45001220703125,459.04998779296875,2932300
