date,open,high,low,close,volume
2019-07-23,167.35000610351562,168.39999389648438,164.75,168.10000610351562,8409760
2019-07-24,168.0,168.39999389648438,160.8000030517578,165.0500030517578,9396709
2019-07-25,164.85000610351562,172.6999969482422,164.25,171.4499969482422,19724263
2019-07-26,175.10000610351562,175.89999389648438,162.75,164.10000610351562,23645819
2019-07-29,165.0,165.5,155.0500030517578,155.64999389648438,14681724
2019-07-30,155.5,159.0,149.8000030517578,150.60000610351562,15109871
2019-07-31,150.35000610351562,154.64999389648438,148.10000610351562,154.10000610351562,13730987
2019-08-01,152.1999969482422,152.39999389648438,144.0,145.4499969482422,17870111
2019-08-02,141.89999389648438,145.0,139.25,143.0,16346941
2019-08-05,140.3000030517578,142.8000030517578,134.4499969482422,140.6999969482422,12989610
2019-08-06,139.3000030517578,143.8000030517578,138.3000030517578,140.8000030517578,11754023
2019-08-07,140.0,141.1999969482422,136.0500030517578,136.64999389648438,8696881
2019-08-08,137.0,139.0,134.8000030517578,138.6999969482422,7940096
2019-08-09,139.0,144.8000030517578,138.39999389648438,141.5,13464098
2019-08-13,138.0,142.89999389648438,136.4499969482422,139.75,12052449
2019-08-14,140.60000610351562,148.10000610351562,140.60000610351562,146.5500030517578,15672869
2019-08-16,144.35000610351562,145.6999969482422,140.9499969482422,144.39999389648438,10374454
2019-08-19,145.39999389648438,146.14999389648438,142.25,144.3000030517578,6189406
2019-08-20,143.8000030517578,144.85000610351562,141.60000610351562,142.39999389648438,5974495
2019-08-21,141.10000610351562,141.6999969482422,138.0500030517578,139.9499969482422,8264015
2019-08-22,138.60000610351562,138.89999389648438,125.30000305175781,129.0500030517578,18923757
2019-08-23,129.3000030517578,138.35000610351562,127.55000305175781,137.39999389648438,16357720
2019-08-26,136.5,137.8000030517578,129.60000610351562,135.0500030517578,15862333
2019-08-27,136.6999969482422,138.9499969482422,134.85000610351562,138.10000610351562,12205592
2019-08-28,138.10000610351562,138.4499969482422,131.60000610351562,132.35000610351562,8697082
2019-08-29,132.6999969482422,137.9499969482422,130.8000030517578,135.75,14378990
2019-08-30,137.64999389648438,140.60000610351562,135.0,139.14999389648438,20341975
2019-09-03,139.25,139.3000030517578,133.5500030517578,134.14999389648438,8146883
2019-09-04,135.0,137.60000610351562,132.5,136.6999969482422,9615169
2019-09-05,139.10000610351562,142.5,138.3000030517578,139.3000030517578,10281615
2019-09-06,140.3000030517578,143.0,138.85000610351562,141.8000030517578,7956853
2019-09-09,141.9499969482422,143.8000030517578,139.1999969482422,141.25,7617972
2019-09-11,144.89999389648438,147.0,143.39999389648438,146.3000030517578,10023394
2019-09-12,146.89999389648438,147.89999389648438,144.5,145.4499969482422,6713704
2019-09-13,146.0,150.14999389648438,143.5500030517578,149.3000030517578,7364480
2019-09-16,147.9499969482422,151.0,147.14999389648438,148.64999389648438,8496144
2019-09-17,149.8000030517578,153.1999969482422,144.4499969482422,145.39999389648438,16299407
2019-09-18,146.0,150.5,145.10000610351562,149.6999969482422,12067032
2019-09-19,149.0,150.10000610351562,142.0,146.14999389648438,8905979
2019-09-20,147.60000610351562,161.39999389648438,145.5,158.9499969482422,23167808
2019-09-23,164.0,165.0500030517578,155.1999969482422,157.89999389648438,14441035
2019-09-24,158.25,162.14999389648438,156.6999969482422,159.9499969482422,12039429
2019-09-25,157.0,158.5,152.75,156.1999969482422,7214137
2019-09-26,157.1999969482422,167.0,156.39999389648438,166.10000610351562,31706679
2019-09-27,165.5,165.5,156.3000030517578,157.25,14867094
2019-09-30,155.60000610351562,156.0,151.25,154.14999389648438,11868637
2019-10-01,154.39999389648438,156.10000610351562,145.3000030517578,151.3000030517578,9430842
2019-10-03,149.0,149.0,143.3000030517578,144.39999389648438,13962779
2019-10-04,145.75,147.0500030517578,142.5,143.3000030517578,7816113
2019-10-07,144.0,145.6999969482422,141.5,142.64999389648438,7480593
2019-10-09,142.0,146.5,141.14999389648438,145.6999969482422,6695090
2019-10-10,143.89999389648438,145.5,140.5,141.14999389648438,8466309
2019-10-11,142.5500030517578,148.1999969482422,141.14999389648438,147.0500030517578,20089933
2019-10-14,148.75,152.8000030517578,147.0,147.8000030517578,12919085
2019-10-15,147.14999389648438,155.89999389648438,144.5,153.5,17789048
2019-10-16,153.75,153.8000030517578,149.14999389648438,149.89999389648438,12056082
2019-10-17,148.0500030517578,149.6999969482422,144.75,148.3000030517578,18475493
2019-10-18,148.39999389648438,152.1999969482422,147.8000030517578,150.25,10985219
2019-10-22,150.60000610351562,151.9499969482422,147.1999969482422,149.14999389648438,8487404
2019-10-23,149.0,150.0,145.5,146.25,9045790
2019-10-24,147.0,148.60000610351562,145.0,145.6999969482422,11714667
2019-10-25,145.9499969482422,146.89999389648438,141.60000610351562,142.1999969482422,11787504
2019-10-27,144.10000610351562,145.14999389648438,143.35000610351562,144.64999389648438,1765530
2019-10-29,145.5500030517578,152.5,145.5500030517578,149.5,18348776
2019-10-30,151.4499969482422,151.60000610351562,149.35000610351562,150.10000610351562,14348160
2019-10-31,151.0,151.1999969482422,147.0500030517578,148.35000610351562,14829460
2019-11-01,148.4499969482422,155.0,146.6999969482422,153.0500030517578,21310225
2019-11-04,156.5500030517578,161.1999969482422,156.0,157.60000610351562,26458173
2019-11-05,159.60000610351562,160.89999389648438,156.1999969482422,157.5,13732684
2019-11-06,157.0,161.14999389648438,156.6999969482422,157.9499969482422,12911295
2019-11-07,158.9499969482422,163.0,155.35000610351562,160.9499969482422,15683045
2019-11-08,160.1999969482422,161.8000030517578,155.0,155.5,14502611
2019-11-11,155.35000610351562,156.25,152.1999969482422,152.6999969482422,10071390
2019-11-13,152.39999389648438,154.4499969482422,147.64999389648438,148.39999389648438,12134093
2019-11-14,150.0,150.5,142.75,144.0,26065437
2019-11-15,145.8000030517578,146.14999389648438,141.6999969482422,142.10000610351562,17581870
2019-11-18,143.0,144.89999389648438,142.39999389648438,143.39999389648438,12285871
2019-11-19,143.75,143.89999389648438,140.39999389648438,141.6999969482422,11847416
2019-11-20,141.35000610351562,143.8000030517578,140.39999389648438,141.4499969482422,14546763
2019-11-21,142.0,142.35000610351562,138.8000030517578,139.0500030517578,11986660
2019-11-22,139.5,142.85000610351562,138.6999969482422,142.25,10173301
2019-11-25,142.25,146.85000610351562,142.10000610351562,146.14999389648438,13356348
2019-11-26,147.0,147.5,143.60000610351562,145.10000610351562,14715876
2019-11-27,145.0,148.8000030517578,144.64999389648438,146.9499969482422,8923473
2019-11-28,146.6999969482422,148.1999969482422,145.10000610351562,147.39999389648438,8002957
2019-11-29,146.10000610351562,148.39999389648438,144.0,144.60000610351562,8531814
2019-12-02,144.60000610351562,146.39999389648438,143.9499969482422,144.6999969482422,9791687
2019-12-03,144.5,144.5,139.1999969482422,139.6999969482422,11274419
2019-12-04,138.1999969482422,144.75,136.6999969482422,144.1999969482422,16157084
2019-12-05,145.0,145.10000610351562,141.39999389648438,142.5,8652671
2019-12-06,143.3000030517578,144.35000610351562,140.60000610351562,141.9499969482422,6580597
2019-12-09,142.6999969482422,145.5,142.10000610351562,142.60000610351562,8174769
2019-12-10,143.1999969482422,143.3000030517578,140.39999389648438,140.85000610351562,5793363
2019-12-11,141.64999389648438,142.14999389648438,136.5500030517578,138.5,9011644
2019-12-12,140.0,144.8000030517578,139.0,144.0,12648825
2019-12-13,147.60000610351562,150.6999969482422,147.60000610351562,149.39999389648438,20297117
2019-12-16,149.5,150.85000610351562,146.1999969482422,147.14999389648438,9220405
2019-12-17,148.0500030517578,154.25,148.0,152.35000610351562,25796975
2019-12-18,152.3000030517578,154.0,150.3000030517578,152.8000030517578,13726266
2019-12-19,152.5,153.89999389648438,148.3000030517578,149.35000610351562,17713003
2019-12-20,149.8000030517578,150.5,143.1999969482422,144.25,47171871
2019-12-23,145.0,148.0,145.0,147.75,15357549
2019-12-24,148.35000610351562,149.39999389648438,147.1999969482422,148.0500030517578,10766485
2019-12-26,148.3000030517578,152.5,147.5500030517578,150.6999969482422,19969941
2019-12-27,151.4499969482422,152.89999389648438,150.0500030517578,151.75,12636170
2019-12-30,152.0500030517578,154.89999389648438,150.14999389648438,154.5,12606419
2019-12-31,154.0,155.5,152.0,152.4499969482422,13026542
2020-01-01,152.8000030517578,155.14999389648438,151.4499969482422,154.60000610351562,14266524
2020-01-02,155.3000030517578,159.85000610351562,155.3000030517578,159.4499969482422,17137897
2020-01-03,158.39999389648438,160.89999389648438,156.6999969482422,157.75,12108687
2020-01-06,156.89999389648438,157.6999969482422,150.0500030517578,150.5500030517578,11218355
2020-01-07,152.8000030517578,156.8000030517578,152.5500030517578,156.0,24417974
2020-01-08,153.25,158.1999969482422,152.4499969482422,157.35000610351562,18095375
2020-01-09,159.39999389648438,160.1999969482422,157.39999389648438,158.14999389648438,11725302
2020-01-10,159.5,163.3000030517578,157.60000610351562,159.9499969482422,20995863
2020-01-13,160.5,161.4499969482422,158.25,160.4499969482422,9331492
2020-01-14,161.39999389648438,166.10000610351562,161.0,165.0,19728091
2020-01-15,165.0,165.4499969482422,161.8000030517578,164.64999389648438,11633598
2020-01-16,162.89999389648438,163.6999969482422,160.39999389648438,162.25,11990967
2020-01-17,162.6999969482422,162.6999969482422,159.0,159.5,9518702
2020-01-20,159.35000610351562,159.89999389648438,156.1999969482422,156.89999389648438,7944434
2020-01-21,157.0,158.39999389648438,153.5500030517578,153.89999389648438,10481008
2020-01-22,155.85000610351562,158.25,152.8000030517578,153.1999969482422,15503961
2020-01-23,153.60000610351562,155.39999389648438,152.35000610351562,154.14999389648438,12087029
2020-01-24,155.0,157.10000610351562,153.75,155.89999389648438,8012015
2020-01-27,153.39999389648438,153.39999389648438,148.10000610351562,148.85000610351562,13357039
2020-01-28,147.75,147.75,141.5500030517578,142.1999969482422,22438597
2020-01-29,144.4499969482422,145.39999389648438,141.89999389648438,142.1999969482422,12603444
2020-01-30,142.14999389648438,143.39999389648438,139.8000030517578,140.9499969482422,15625276
2020-01-31,140.85000610351562,141.6999969482422,137.5,137.89999389648438,13980768
2020-02-03,134.35000610351562,136.8000030517578,132.85000610351562,134.14999389648438,13658383
2020-02-04,135.89999389648438,138.89999389648438,134.8000030517578,138.5500030517578,11370911
2020-02-05,139.3000030517578,143.89999389648438,137.60000610351562,143.10000610351562,17304767
2020-02-06,144.85000610351562,146.8000030517578,142.6999969482422,143.85000610351562,15736536
2020-02-07,143.85000610351562,145.3000030517578,141.75,144.60000610351562,9671106
2020-02-10,143.6999969482422,143.6999969482422,139.5500030517578,140.3000030517578,10029897
2020-02-11,141.64999389648438,143.60000610351562,140.1999969482422,140.75,9087616
2020-02-12,142.0,143.89999389648438,141.14999389648438,141.5500030517578,9280214
2020-02-13,142.35000610351562,143.35000610351562,140.3000030517578,142.5,6820884
2020-02-14,142.6999969482422,143.89999389648438,140.75,141.10000610351562,6336170
2020-02-17,141.3000030517578,143.8000030517578,140.8000030517578,142.10000610351562,8475514
2020-02-18,141.75,141.75,137.5,140.5500030517578,13205238
2020-02-19,142.0,144.1999969482422,141.60000610351562,142.64999389648438,8824394
2020-02-20,141.8000030517578,144.75,140.8000030517578,142.35000610351562,11236035
2020-02-24,139.85000610351562,139.9499969482422,132.3000030517578,133.1999969482422,22666897
2020-02-25,134.39999389648438,135.89999389648438,132.0500030517578,132.6999969482422,14590593
2020-02-26,131.0,133.6999969482422,129.35000610351562,130.25,14605029
2020-02-27,130.0,131.39999389648438,126.4000015258789,130.5500030517578,15600307
2020-02-28,126.0,126.0,112.0999984741211,114.0,57363091
2020-03-02,117.55000305175781,119.4000015258789,109.0,110.94999694824219,32732879
2020-03-03,114.25,121.0,113.6500015258789,119.55000305175781,36975433
2020-03-04,119.0,120.0,115.0999984741211,119.3499984741211,38623129
2020-03-05,118.5,122.19999694824219,116.0,117.0999984741211,26357440
2020-03-06,111.69999694824219,113.4000015258789,108.0999984741211,111.05000305175781,16482554
2020-03-09,104.0,105.44999694824219,93.4000015258789,94.9000015258789,38812494
2020-03-11,92.0,95.5,91.25,92.0,33275417
2020-03-12,84.75,85.5,78.25,79.8499984741211,38859454
2020-03-13,73.1500015258789,86.5999984741211,68.9000015258789,84.05000305175781,45056179
2020-03-16,78.0,80.69999694824219,74.25,74.8499984741211,33776987
2020-03-17,76.55000305175781,80.44999694824219,74.4000015258789,75.0,32827612
2020-03-18,78.0,78.6500015258789,72.0999984741211,72.94999694824219,30564628
2020-03-19,69.44999694824219,73.6500015258789,67.80000305175781,69.3499984741211,31315971
2020-03-20,72.4000015258789,78.0,70.4000015258789,75.44999694824219,29770131
2020-03-23,67.94999694824219,71.30000305175781,61.650001525878906,62.650001525878906,22554580
2020-03-24,67.5,68.44999694824219,62.349998474121094,62.79999923706055,30625756
2020-03-25,62.70000076293945,65.0,62.349998474121094,64.19999694824219,29906347
2020-03-26,65.5999984741211,69.19999694824219,63.5,65.80000305175781,29677898
2020-03-27,68.55000305175781,68.8499984741211,63.0,63.75,26203180
2020-03-30,61.79999923706055,62.900001525878906,60.20000076293945,61.54999923706055,17613091
2020-03-31,63.45000076293945,67.0,62.599998474121094,64.69999694824219,44630133
2020-04-01,65.0,65.4000015258789,62.349998474121094,62.650001525878906,23338180
2020-04-03,64.0,64.44999694824219,62.20000076293945,62.79999923706055,24226254
2020-04-07,66.30000305175781,67.69999694824219,65.0999984741211,66.75,45735662
2020-04-08,65.94999694824219,73.4000015258789,65.0,70.30000305175781,49394146
2020-04-09,73.0,77.30000305175781,72.80000305175781,76.80000305175781,41601771
2020-04-13,77.5999984741211,79.44999694824219,73.6500015258789,78.30000305175781,37469406
2020-04-15,79.5,83.19999694824219,77.5999984741211,78.5999984741211,43610778
2020-04-16,77.80000305175781,84.6500015258789,77.1500015258789,82.69999694824219,54467290
2020-04-17,87.0,87.0,82.8499984741211,84.0999984741211,30167339
2020-04-20,86.44999694824219,86.44999694824219,80.80000305175781,81.44999694824219,33261919
2020-04-21,77.4000015258789,79.5,73.80000305175781,78.44999694824219,44068814
2020-04-22,75.94999694824219,77.19999694824219,73.3499984741211,76.0999984741211,37108572
2020-04-23,77.75,78.55000305175781,76.5999984741211,77.5999984741211,24257769
2020-04-24,76.80000305175781,80.25,75.69999694824219,77.94999694824219,33734720
2020-04-27,78.80000305175781,79.9000015258789,78.1500015258789,78.44999694824219,16787545
2020-04-28,78.5,78.80000305175781,75.80000305175781,76.8499984741211,33514140
2020-04-29,77.05000305175781,79.94999694824219,77.0,79.1500015258789,27243567
2020-04-30,82.0,91.0,81.5,89.55000305175781,63684205
2020-05-04,82.6500015258789,83.69999694824219,77.4000015258789,79.94999694824219,33174258
2020-05-05,81.80000305175781,83.19999694824219,78.5,78.9000015258789,29105285
2020-05-06,79.69999694824219,80.9000015258789,77.94999694824219,79.44999694824219,20995947
2020-05-07,78.9000015258789,80.5999984741211,78.05000305175781,78.55000305175781,15604986
2020-05-08,80.5999984741211,80.80000305175781,77.05000305175781,77.4000015258789,15997839
2020-05-11,78.8499984741211,80.5,78.0,79.5999984741211,33344496
2020-05-12,79.44999694824219,90.5,79.05000305175781,89.05000305175781,112769086
2020-05-13,97.94999694824219,97.94999694824219,88.5,90.25,145837778
2020-05-14,88.4000015258789,91.80000305175781,87.75,89.1500015258789,38560045
2020-05-15,90.0,95.55000305175781,88.19999694824219,92.94999694824219,75496773
2020-05-18,93.94999694824219,95.6500015258789,90.0999984741211,92.5,88007084
2020-05-19,93.25,93.80000305175781,89.55000305175781,90.0,36132629
2020-05-20,90.05000305175781,90.55000305175781,88.25,88.55000305175781,21380658
2020-05-21,89.0,91.75,88.1500015258789,90.19999694824219,31500030
2020-05-22,90.0,90.4000015258789,88.5999984741211,89.0999984741211,15804815
2020-05-26,89.5,90.25,87.55000305175781,87.9000015258789,17956472
2020-05-27,88.5,88.94999694824219,86.25,87.9000015258789,17368542
2020-05-28,88.9000015258789,90.94999694824219,88.05000305175781,89.94999694824219,22032858
2020-05-29,89.5999984741211,92.69999694824219,89.0,92.19999694824219,34104154
2020-06-01,93.30000305175781,97.05000305175781,92.75,93.6500015258789,23678854
2020-06-02,94.5,97.25,93.3499984741211,96.9000015258789,22601674
2020-06-03,97.5,102.5,95.9000015258789,96.69999694824219,37932952
2020-06-04,96.94999694824219,105.19999694824219,96.0999984741211,104.4000015258789,55977705
2020-06-05,105.0999984741211,106.25,102.9000015258789,105.30000305175781,33224107
2020-06-08,102.0,111.1500015258789,102.0,105.0999984741211,54421243
2020-06-09,105.0999984741211,108.25,103.69999694824219,104.5999984741211,23311062
2020-06-10,104.5999984741211,108.75,104.30000305175781,106.0999984741211,29455662
2020-06-11,104.9000015258789,106.69999694824219,100.0,101.05000305175781,21079891
2020-06-12,96.9000015258789,103.94999694824219,96.9000015258789,103.30000305175781,33223309
2020-06-15,104.0,105.30000305175781,101.5,102.4000015258789,20562556
2020-06-16,105.0,105.9000015258789,101.6500015258789,103.8499984741211,22655820
2020-06-17,103.80000305175781,104.1500015258789,101.80000305175781,102.0999984741211,11400700
2020-06-18,102.80000305175781,107.80000305175781,102.0,107.0,27585662
2020-06-19,108.44999694824219,109.4000015258789,104.44999694824219,105.25,33760216
2020-06-22,105.3499984741211,111.69999694824219,104.75,110.05000305175781,27108980
2020-06-23,110.05000305175781,111.9000015258789,109.05000305175781,110.0,20713008
2020-06-24,111.0,113.5,107.5999984741211,109.44999694824219,28610223
2020-06-25,108.94999694824219,112.25,108.0,111.25,26667318
2020-06-26,112.75,113.25,109.30000305175781,109.94999694824219,24544347
2020-06-29,110.0,110.0,105.55000305175781,107.94999694824219,16926077
2020-06-30,108.44999694824219,110.4000015258789,105.4000015258789,106.4000015258789,13699750
2020-07-01,106.4000015258789,108.80000305175781,105.94999694824219,107.69999694824219,11412484
2020-07-02,108.0,108.6500015258789,106.0,106.4000015258789,12174342
2020-07-03,106.0,107.75,103.6500015258789,106.44999694824219,23861027
2020-07-06,107.0,111.5999984741211,106.25,110.25,21818191
2020-07-07,110.4000015258789,110.5999984741211,107.30000305175781,107.5999984741211,10110065
2020-07-08,108.25,114.25,108.0,110.4000015258789,32389520
2020-07-09,111.80000305175781,114.44999694824219,111.25,112.0,20519182
2020-07-10,111.69999694824219,112.69999694824219,109.1500015258789,110.3499984741211,13337632
2020-07-13,111.19999694824219,114.19999694824219,111.0999984741211,112.4000015258789,17232063
2020-07-14,111.44999694824219,111.44999694824219,108.1500015258789,108.9000015258789,14902786
2020-07-15,108.9000015258789,110.6500015258789,108.3499984741211,109.0999984741211,13209042
2020-07-16,109.30000305175781,110.69999694824219,105.80000305175781,108.9000015258789,17342605
2020-07-17,109.4000015258789,111.0999984741211,108.0999984741211,109.1500015258789,9373147
2020-07-20,109.3499984741211,110.4000015258789,107.6500015258789,108.0999984741211,7764369
2020-07-21,109.4000015258789,111.4000015258789,107.6500015258789,110.80000305175781,20566751
2020-07-22,111.4000015258789,117.9000015258789,109.69999694824219,112.0999984741211,50579891
2020-07-23,112.80000305175781,115.0999984741211,111.9000015258789,113.94999694824219,13751578
2020-07-24,113.0,113.80000305175781,109.75,112.05000305175781,17540600
2020-07-27,112.55000305175781,113.25,109.30000305175781,109.8499984741211,10527043
2020-07-28,110.4000015258789,111.9000015258789,109.69999694824219,110.8499984741211,12008451
2020-07-29,110.80000305175781,113.25,109.44999694824219,110.0,13066971
2020-07-30,110.44999694824219,113.44999694824219,108.80000305175781,110.9000015258789,90692979
2020-07-31,112.0,115.19999694824219,111.80000305175781,113.80000305175781,27620235
2020-08-03,113.0999984741211,117.25,112.69999694824219,115.30000305175781,18528995
2020-08-04,116.05000305175781,119.5999984741211,114.8499984741211,119.05000305175781,25885045
2020-08-05,119.19999694824219,123.4000015258789,119.19999694824219,121.94999694824219,30054458
2020-08-06,122.25,124.9000015258789,119.9000015258789,122.75,20522255
2020-08-07,124.9000015258789,126.6500015258789,122.5,122.80000305175781,21422669
2020-08-10,122.0,126.4000015258789,121.5999984741211,125.19999694824219,10985135
2020-08-11,126.69999694824219,127.5999984741211,124.75,125.5999984741211,12100883
2020-08-12,124.0999984741211,128.10000610351562,122.4000015258789,123.4000015258789,13873963
2020-08-13,124.0,125.9000015258789,123.4000015258789,124.44999694824219,10697595
2020-08-14,125.05000305175781,125.5,121.19999694824219,122.6500015258789,9152714
2020-08-17,124.0,128.35000610351562,123.4000015258789,127.94999694824219,23291926
2020-08-18,129.0,129.75,120.0999984741211,126.80000305175781,26536471
2020-08-19,126.80000305175781,129.75,126.6500015258789,129.0500030517578,11989907
2020-08-20,129.0,130.85000610351562,128.10000610351562,128.9499969482422,11240627
2020-08-21,130.39999389648438,132.35000610351562,129.10000610351562,130.6999969482422,13280472
2020-08-24,130.85000610351562,131.5,127.4000015258789,128.8000030517578,20943369
2020-08-25,128.85000610351562,130.8000030517578,128.0,130.0500030517578,8462854
2020-08-26,130.25,130.25,128.0,128.9499969482422,8376333
2020-08-27,129.3000030517578,129.3000030517578,126.0999984741211,127.8499984741211,21935103
2020-08-28,128.5,131.35000610351562,127.69999694824219,128.85000610351562,26542894
2020-08-31,129.89999389648438,134.64999389648438,126.3499984741211,128.64999389648438,51178643
2020-09-01,128.8000030517578,132.60000610351562,127.6500015258789,132.0,16224080
2020-09-02,132.4499969482422,133.39999389648438,129.25,131.10000610351562,15591382
2020-09-03,127.0999984741211,130.6999969482422,126.5999984741211,128.5,29493296
2020-09-04,127.0999984741211,128.8000030517578,125.0999984741211,125.94999694824219,11792674
2020-09-07,126.69999694824219,129.6999969482422,125.5,127.9000015258789,12132815
2020-09-08,127.6500015258789,128.10000610351562,125.0,125.55000305175781,7909393
2020-09-09,124.0,129.0,122.5999984741211,127.94999694824219,24847781
2020-09-10,129.0500030517578,131.25,128.0500030517578,130.4499969482422,18848222
2020-09-11,130.6999969482422,132.5,127.30000305175781,131.89999389648438,21976592
2020-09-14,132.0,132.35000610351562,128.5,129.64999389648438,8192101
2020-09-15,129.10000610351562,132.85000610351562,128.5500030517578,131.5500030517578,11137049
2020-09-16,132.5,135.0,131.89999389648438,134.3000030517578,20434371
2020-09-17,134.0,135.0,133.10000610351562,134.3000030517578,6774794
2020-09-18,135.6999969482422,136.0,129.6999969482422,130.9499969482422,16354162
2020-09-21,131.39999389648438,133.89999389648438,127.0999984741211,128.9499969482422,15900222
2020-09-22,129.9499969482422,129.9499969482422,126.25,127.1500015258789,10650128
2020-09-23,128.89999389648438,130.5500030517578,127.6500015258789,130.0,15115122
2020-09-24,128.10000610351562,134.0,128.10000610351562,131.75,30204421
2020-09-25,132.39999389648438,138.39999389648438,131.6999969482422,137.0500030517578,26164592
2020-09-28,139.8000030517578,140.0,136.10000610351562,139.10000610351562,17296638
2020-09-29,140.6999969482422,141.5,138.0,139.9499969482422,25135720
2020-09-30,139.4499969482422,139.6999969482422,136.0500030517578,136.89999389648438,14615403
2020-10-01,137.60000610351562,139.25,136.75,137.4499969482422,9343343
2020-10-05,139.85000610351562,140.1999969482422,135.25,137.8000030517578,27440901
2020-10-06,137.6999969482422,139.0,136.1999969482422,137.89999389648438,26882776
2020-10-07,138.0,138.75,117.55000305175781,123.3499984741211,108053706
2020-10-08,123.5,127.1500015258789,111.0999984741211,117.9000015258789,112024663
2020-10-09,117.44999694824219,128.5,111.4000015258789,121.8499984741211,148365893
2020-10-12,109.69999694824219,109.69999694824219,92.1500015258789,96.94999694824219,145043336
2020-10-13,98.44999694824219,103.9000015258789,97.8499984741211,99.6500015258789,99094028
2020-10-14,99.05000305175781,100.5,92.80000305175781,98.44999694824219,62237695
2020-10-15,98.0,100.25,94.4000015258789,94.94999694824219,34921322
2020-10-16,96.25,98.0,94.5,94.9000015258789,24325948
2020-10-19,95.44999694824219,98.44999694824219,92.75,96.75,37394148
2020-10-20,96.30000305175781,100.05000305175781,95.8499984741211,99.25,35720982
2020-10-21,101.0,104.4000015258789,99.75,101.19999694824219,73029577
2020-10-22,106.0,107.75,103.30000305175781,104.44999694824219,79745011
2020-10-23,105.55000305175781,107.19999694824219,104.25,104.75,39413960
2020-10-26,104.69999694824219,106.9000015258789,103.3499984741211,103.8499984741211,46765178
2020-10-27,104.55000305175781,104.55000305175781,102.0,102.5,33619595
2020-10-28,94.30000305175781,98.5,93.6500015258789,95.4000015258789,50491711
2020-10-29,94.4000015258789,96.75,93.8499984741211,95.44999694824219,24380710
2020-10-30,95.80000305175781,96.4000015258789,93.30000305175781,95.75,18428297
2020-11-02,95.75,96.30000305175781,94.0,94.69999694824219,13078623
2020-11-03,95.4000015258789,96.4000015258789,94.5999984741211,94.8499984741211,13952913
2020-11-04,95.44999694824219,95.5,91.19999694824219,92.0,25617864
2020-11-05,92.9000015258789,94.9000015258789,91.6500015258789,94.25,32411974
2020-11-06,94.75,95.8499984741211,93.75,94.75,14623081
2020-11-09,94.75,99.1500015258789,94.55000305175781,98.80000305175781,49168324
2020-11-10,101.4000015258789,101.4000015258789,97.05000305175781,99.75,30426536
2020-11-11,99.5,102.19999694824219,98.5999984741211,101.9000015258789,30289109
2020-11-12,101.25,103.80000305175781,100.6500015258789,103.44999694824219,34565638
2020-11-13,103.0,108.0,102.0,107.5,40034974
2020-11-14,108.0,108.5,107.5,108.05000305175781,4239009
2020-11-17,108.5,110.0,106.05000305175781,107.3499984741211,28307482
2020-11-18,107.0,109.80000305175781,106.30000305175781,108.9000015258789,20109037
2020-11-19,110.69999694824219,116.8499984741211,110.30000305175781,112.0999984741211,55092960
2020-11-20,112.75,113.30000305175781,109.5,111.05000305175781,26001384
2020-11-23,112.05000305175781,113.5999984741211,110.75,113.05000305175781,23294257
2020-11-24,113.3499984741211,117.19999694824219,112.80000305175781,115.80000305175781,29770286
2020-11-25,117.25,117.9000015258789,113.4000015258789,114.05000305175781,26396518
2020-11-26,114.30000305175781,119.0999984741211,113.19999694824219,118.80000305175781,36508712
2020-11-27,118.80000305175781,122.8499984741211,117.5,120.75,37532330
2020-12-01,122.30000305175781,122.30000305175781,120.0,121.55000305175781,17531535
2020-12-02,122.1500015258789,126.80000305175781,122.0,124.1500015258789,39093643
2020-12-03,124.55000305175781,127.5,123.5999984741211,126.4000015258789,24023433
2020-12-04,126.4000015258789,129.6999969482422,125.4000015258789,128.9499969482422,27068944
2020-12-07,129.60000610351562,133.5,129.60000610351562,132.0500030517578,24937666
2020-12-08,133.0,138.9499969482422,130.8000030517578,136.25,41355412
2020-12-09,137.4499969482422,145.6999969482422,137.1999969482422,143.5500030517578,64656405
2020-12-10,142.9499969482422,145.60000610351562,140.10000610351562,144.10000610351562,40886623
2020-12-11,145.39999389648438,147.64999389648438,142.5500030517578,146.5,25734091
2020-12-14,147.9499969482422,149.5,145.89999389648438,146.64999389648438,18641959
2020-12-15,145.75,147.25,142.85000610351562,145.75,22035135
2020-12-16,147.3000030517578,153.5,146.5,148.0,32956572
2020-12-17,148.9499969482422,149.25,145.89999389648438,146.5,15738442
2020-12-18,146.0,150.14999389648438,143.10000610351562,147.39999389648438,25200760
2020-12-21,147.3000030517578,147.3000030517578,130.5500030517578,133.64999389648438,40141910
2020-12-22,134.5500030517578,140.10000610351562,130.0,139.10000610351562,42061951
2020-12-23,139.10000610351562,151.1999969482422,137.75,150.4499969482422,73258033
2020-12-24,155.5,170.6999969482422,155.10000610351562,162.85000610351562,270968028
2020-12-28,162.4499969482422,165.35000610351562,158.5,163.4499969482422,38262010
2020-12-29,163.10000610351562,164.3000030517578,159.10000610351562,160.10000610351562,24223818
2020-12-30,160.14999389648438,162.5,156.10000610351562,162.0500030517578,24689065
2020-12-31,163.0500030517578,164.1999969482422,160.0,161.39999389648438,20074626
2021-01-01,161.8000030517578,162.35000610351562,160.0,160.39999389648438,9590065
2021-01-04,161.60000610351562,171.5,161.0,170.25,32854053
2021-01-05,168.5,170.4499969482422,166.89999389648438,169.0,18873277
2021-01-06,170.75,183.9499969482422,170.5500030517578,180.3000030517578,49999500
2021-01-07,181.5,187.35000610351562,181.5,185.5,32949315
2021-01-08,188.0,189.75,176.64999389648438,182.0500030517578,25476849
2021-01-11,179.25,182.64999389648438,175.4499969482422,179.14999389648438,26443871
2021-01-12,179.39999389648438,184.14999389648438,178.75,181.10000610351562,14828511
2021-01-13,182.75,184.1999969482422,176.39999389648438,180.5,16787140
2021-01-14,178.89999389648438,180.5,175.64999389648438,176.39999389648438,13052552
2021-01-15,176.8000030517578,178.9499969482422,173.35000610351562,175.60000610351562,16324499
2021-01-18,175.5,175.8000030517578,167.0500030517578,168.6999969482422,17040380
2021-01-19,170.0,176.0,170.0,174.0,10954431
2021-01-20,171.5500030517578,175.25,171.5,173.6999969482422,11709839
2021-01-21,174.9499969482422,175.25,167.5500030517578,169.0500030517578,10895884
2021-01-22,170.1999969482422,173.0,164.3000030517578,165.5500030517578,13618435
2021-01-25,165.89999389648438,167.6999969482422,162.4499969482422,165.1999969482422,13087676
2021-01-27,165.25,165.8000030517578,162.0,162.9499969482422,10420167
2021-01-28,160.35000610351562,164.1999969482422,160.35000610351562,162.75,9315988
2021-01-29,163.8000030517578,165.3000030517578,160.3000030517578,161.25,14514240
2021-02-01,161.0500030517578,172.5,161.0,171.35000610351562,17122983
2021-02-02,173.0500030517578,176.25,171.6999969482422,173.25,12556627
2021-02-03,173.25,176.89999389648438,172.8000030517578,173.89999389648438,9859693
2021-02-04,174.5,180.0,174.0500030517578,176.39999389648438,15430260
2021-02-05,178.5,179.35000610351562,172.5500030517578,174.4499969482422,12315157
2021-02-08,176.10000610351562,179.10000610351562,175.39999389648438,178.0,10896506
2021-02-09,178.3000030517578,188.25,178.3000030517578,181.75,22888866
2021-02-10,184.0,187.6999969482422,180.75,186.10000610351562,19580392
2021-02-11,185.5,190.39999389648438,183.64999389648438,187.4499969482422,10165976
2021-02-12,187.0,187.39999389648438,180.9499969482422,182.35000610351562,9635055
2021-02-15,183.0,186.4499969482422,182.1999969482422,184.0500030517578,8000109
2021-02-16,184.4499969482422,192.9499969482422,184.10000610351562,190.25,24155607
2021-02-17,190.1999969482422,195.3000030517578,186.35000610351562,192.85000610351562,17142487
2021-02-18,194.3000030517578,198.6999969482422,192.39999389648438,195.25,19077034
2021-02-19,195.9499969482422,195.9499969482422,185.89999389648438,190.8000030517578,14558896
2021-02-22,192.8000030517578,208.1999969482422,192.6999969482422,204.25,48211035
2021-02-23,204.3000030517578,210.5,204.3000030517578,208.5500030517578,23472362
2021-02-24,210.1999969482422,210.8000030517578,201.5,204.5500030517578,10649237
2021-02-25,207.3000030517578,210.89999389648438,205.60000610351562,208.14999389648438,17173463
2021-02-26,204.85000610351562,214.6999969482422,204.10000610351562,207.3000030517578,34717972
2021-03-01,209.25,216.39999389648438,205.14999389648438,213.60000610351562,17480256
2021-03-02,215.75,217.9499969482422,213.1999969482422,214.75,12729476
2021-03-03,216.6999969482422,221.6999969482422,216.25,219.3000030517578,14189479
2021-03-04,215.8000030517578,217.0500030517578,212.0,213.25,13750833
2021-03-05,210.5,222.39999389648438,210.5,219.25,22131897
2021-03-08,222.4499969482422,229.5,221.0,224.8000030517578,24409291
2021-03-09,227.0,227.85000610351562,217.6999969482422,224.5,15980727
2021-03-10,224.14999389648438,228.4499969482422,221.25,226.25,22508396
2021-03-12,229.8000030517578,229.8000030517578,214.14999389648438,221.39999389648438,21345125
2021-03-15,222.10000610351562,227.0,218.25,226.25,23620753
2021-03-16,227.0,228.3000030517578,221.0,226.5,27174232
2021-03-17,230.10000610351562,231.6999969482422,223.75,224.8000030517578,30284720
2021-03-18,225.39999389648438,226.35000610351562,221.0,221.85000610351562,19059687
2021-03-19,219.85000610351562,224.1999969482422,219.39999389648438,222.1999969482422,15529758
2021-03-22,222.85000610351562,224.14999389648438,220.0500030517578,223.60000610351562,17117657
2021-03-23,223.89999389648438,224.75,222.39999389648438,223.75,18153789
2021-03-24,223.3000030517578,225.10000610351562,222.75,223.39999389648438,20887559
2021-03-25,224.10000610351562,224.25,220.35000610351562,222.5,30276235
2021-03-26,223.5,227.39999389648438,221.6999969482422,226.85000610351562,16219649
2021-03-30,228.89999389648438,230.85000610351562,226.89999389648438,230.10000610351562,18234834
2021-03-31,229.75,230.75,228.1999969482422,228.75,10376309
2021-04-01,229.25,231.8000030517578,228.75,231.25,10398919
2021-04-05,230.5500030517578,232.89999389648438,229.0,231.75,14527112
2021-04-06,232.6999969482422,233.89999389648438,231.4499969482422,233.5500030517578,17652029
2021-04-07,234.0,238.85000610351562,233.3000030517578,236.85000610351562,42365445
2021-04-08,239.0,244.89999389648438,236.39999389648438,237.75,24821045
2021-04-09,238.10000610351562,241.39999389648438,228.1999969482422,231.35000610351562,10610296
2021-04-12,225.89999389648438,225.89999389648438,209.75,213.1999969482422,14765942
2021-04-13,213.3000030517578,219.5,212.10000610351562,218.4499969482422,9623854
2021-04-15,221.5500030517578,226.39999389648438,218.60000610351562,225.35000610351562,9752896
2021-04-16,226.1999969482422,235.25,224.14999389648438,231.8000030517578,11975438
2021-04-19,225.8000030517578,229.60000610351562,223.8000030517578,228.0500030517578,8509541
2021-04-20,228.8000030517578,231.89999389648438,222.5500030517578,226.10000610351562,7754673
2021-04-22,223.8000030517578,228.85000610351562,223.8000030517578,226.5,5431482
2021-04-23,227.89999389648438,234.0,226.3000030517578,228.0,12023111
2021-04-26,229.60000610351562,239.6999969482422,229.60000610351562,236.64999389648438,16763872
2021-04-27,239.75,244.5500030517578,239.10000610351562,243.35000610351562,15648609
2021-04-28,243.14999389648438,247.6999969482422,239.3000030517578,243.89999389648438,13518520
2021-04-29,245.75,256.5,242.5,255.0500030517578,25110119
2021-04-30,255.0500030517578,266.20001220703125,252.5500030517578,257.25,21911292
2021-05-03,255.39999389648438,262.3999938964844,252.60000610351562,256.45001220703125,12835262
2021-05-04,256.0,262.3999938964844,251.0,258.54998779296875,30234483
2021-05-05,258.3500061035156,270.04998779296875,256.5,264.29998779296875,83074283
2021-05-06,266.75,271.5,263.8500061035156,268.8500061035156,20191746
2021-05-07,275.0,288.3500061035156,271.0,283.04998779296875,38947011
2021-05-10,289.0,296.29998779296875,287.04998779296875,293.8500061035156,23353138
2021-05-11,288.20001220703125,295.75,282.20001220703125,288.6000061035156,18065603
2021-05-12,290.70001220703125,292.25,275.25,282.1000061035156,19900414
2021-05-14,284.95001220703125,287.0,268.29998779296875,272.3999938964844,37836764
2021-05-17,276.0,279.70001220703125,273.04998779296875,278.6499938964844,15818894
2021-05-18,283.8999938964844,288.1499938964844,279.79998779296875,285.5,17186313
2021-05-19,285.75,287.5,280.70001220703125,282.70001220703125,12079521
2021-05-20,278.0,280.79998779296875,270.0,275.79998779296875,25259296
2021-05-21,277.75,280.29998779296875,271.20001220703125,273.6499938964844,17094902
2021-05-24,272.0,277.1499938964844,265.6000061035156,274.95001220703125,20475771
2021-05-25,278.1000061035156,280.54998779296875,273.04998779296875,273.8999938964844,10686256
2021-05-26,273.75,277.45001220703125,267.29998779296875,268.8500061035156,10302553
2021-05-27,270.1499938964844,273.0,266.79998779296875,267.70001220703125,19501514
2021-05-28,273.8999938964844,275.0,263.75,266.25,10107966
2021-05-31,266.5,275.1000061035156,264.6499938964844,274.20001220703125,11125660
2021-06-01,276.5,276.79998779296875,265.8500061035156,268.25,11911215
2021-06-02,269.54998779296875,276.45001220703125,269.54998779296875,275.20001220703125,9303223
2021-06-03,277.5,281.20001220703125,275.3999938964844,277.45001220703125,11241144
2021-06-04,274.8500061035156,282.3500061035156,271.29998779296875,280.8500061035156,12113422
2021-06-07,281.04998779296875,282.75,276.6000061035156,278.0,10293892
2021-06-08,277.3999938964844,277.8500061035156,270.70001220703125,273.04998779296875,10114133
2021-06-09,275.6499938964844,277.5,268.0,269.95001220703125,14702921
2021-06-10,270.8999938964844,274.20001220703125,269.5,271.54998779296875,6951260
2021-06-11,272.25,278.75,271.04998779296875,276.25,10489641
2021-06-14,276.95001220703125,277.45001220703125,268.1000061035156,273.8999938964844,5854545
2021-06-15,274.04998779296875,275.75,270.5,270.95001220703125,6063128
2021-06-16,269.75,271.3500061035156,262.3999938964844,264.3500061035156,13188440
2021-06-17,262.79998779296875,268.20001220703125,258.6499938964844,261.25,7487331
2021-06-18,258.6000061035156,259.5,242.5,251.64999389648438,25178889
2021-06-21,246.0,255.6999969482422,244.10000610351562,254.35000610351562,10259127
2021-06-22,258.54998779296875,259.70001220703125,251.35000610351562,252.39999389648438,7080988
2021-06-23,254.8000030517578,256.8500061035156,249.89999389648438,251.25,6708344
2021-06-24,252.25,255.1999969482422,249.4499969482422,250.9499969482422,6777996
2021-06-25,253.75,263.8999938964844,252.3000030517578,262.20001220703125,12259906
2021-06-28,263.8500061035156,269.3999938964844,260.79998779296875,267.75,8563660
2021-06-29,266.6000061035156,269.70001220703125,264.29998779296875,266.5,7641687
2021-06-30,266.5,269.3999938964844,261.8999938964844,262.8500061035156,4782843
2021-07-01,264.20001220703125,265.75,261.5,262.8999938964844,3692800
2021-07-02,263.95001220703125,266.45001220703125,261.0,262.04998779296875,4336970
2021-07-05,263.3999938964844,273.3500061035156,262.6499938964844,272.45001220703125,9431913
2021-07-06,273.8500061035156,274.3500061035156,266.20001220703125,270.6000061035156,5573608
2021-07-07,269.3999938964844,274.3999938964844,265.6000061035156,272.25,10176930
2021-07-08,271.8500061035156,272.3999938964844,262.70001220703125,264.54998779296875,7417356
2021-07-09,263.79998779296875,272.54998779296875,262.8999938964844,271.54998779296875,7722876
2021-07-12,275.0,276.1499938964844,268.75,270.95001220703125,8489535
2021-07-13,273.25,273.8999938964844,270.6499938964844,271.1499938964844,2927619
2021-07-14,270.95001220703125,273.8999938964844,269.70001220703125,271.75,2925060
2021-07-15,270.95001220703125,273.29998779296875,268.29998779296875,269.5,5284871
2021-07-16,271.29998779296875,275.0,270.8500061035156,272.5,3868735
2021-07-19,269.5,271.1499938964844,263.1000061035156,264.8999938964844,5379470
2021-07-20,263.8999938964844,263.8999938964844,255.0,256.1000061035156,7962097
2021-07-22,261.25,264.5,260.25,262.79998779296875,4944298
2021-07-23,263.8999938964844,270.25,263.25,267.79998779296875,4417755
2021-07-26,268.6000061035156,273.70001220703125,267.0,272.1000061035156,7303590
2021-07-27,276.25,276.25,262.5,265.45001220703125,12185383
2021-07-28,265.0,270.95001220703125,261.0,270.1000061035156,7335089
2021-07-29,271.70001220703125,290.8999938964844,270.6000061035156,288.6000061035156,31005496
2021-07-30,291.5,306.3500061035156,290.5,301.8500061035156,34614433
2021-08-02,303.1000061035156,319.54998779296875,300.0,313.25,26196659
2021-08-03,313.75,317.70001220703125,307.79998779296875,312.8999938964844,16167055
2021-08-04,313.54998779296875,319.25,307.79998779296875,311.0,10834095
2021-08-05,310.8999938964844,315.5,303.1000061035156,311.8500061035156,14555093
2021-08-06,314.0,316.75,311.0,314.1499938964844,8083629
2021-08-09,315.75,317.04998779296875,305.6499938964844,309.54998779296875,9624181
2021-08-10,308.8999938964844,312.25,301.54998779296875,304.75,8019719
2021-08-11,307.54998779296875,325.0,307.3999938964844,324.45001220703125,31209044
2021-08-12,326.0,327.3999938964844,319.3500061035156,323.54998779296875,11383091
2021-08-13,324.0,333.0,320.6000061035156,328.6499938964844,20764801
2021-08-16,329.79998779296875,341.45001220703125,323.1000061035156,336.5,24614283
2021-08-17,335.8999938964844,341.25,293.5,303.1499938964844,82029102
2021-08-18,298.8999938964844,305.70001220703125,292.54998779296875,295.8999938964844,36805826
2021-08-20,289.0,289.0,266.6499938964844,269.25,33985528
2021-08-23,275.20001220703125,278.70001220703125,261.0,273.95001220703125,32529835
2021-08-24,279.79998779296875,289.0,276.1000061035156,286.3999938964844,32936022
2021-08-25,288.0,292.0,284.04998779296875,290.04998779296875,17963680
2021-08-26,290.25,293.3999938964844,283.3999938964844,287.54998779296875,15369839
2021-08-27,288.70001220703125,295.29998779296875,288.45001220703125,292.6000061035156,14509752
2021-08-30,300.0,302.70001220703125,295.1000061035156,298.6000061035156,22246795
2021-08-31,299.8500061035156,305.8999938964844,294.54998779296875,302.79998779296875,27040537
2021-09-01,305.0,305.25,294.0,298.04998779296875,25319582
2021-09-02,305.0,309.25,300.0,305.79998779296875,33332582
2021-09-03,305.3999938964844,311.0,303.1499938964844,308.29998779296875,17893322
2021-09-06,311.20001220703125,315.95001220703125,309.0,315.1499938964844,12586099
2021-09-07,316.5,317.25,306.79998779296875,311.95001220703125,16328996
2021-09-08,294.95001220703125,301.75,294.0,298.95001220703125,13318639
2021-09-09,299.54998779296875,305.0,298.6499938964844,301.8500061035156,7343112
2021-09-13,302.3999938964844,309.1499938964844,302.3999938964844,308.54998779296875,12916710
2021-09-14,309.25,309.25,302.54998779296875,303.20001220703125,8122323
2021-09-15,304.95001220703125,310.0,303.20001220703125,307.20001220703125,6917307
2021-09-16,310.04998779296875,311.8999938964844,304.3500061035156,309.1000061035156,9401199
2021-09-17,308.8999938964844,308.8999938964844,296.70001220703125,302.0,16865737
2021-09-20,294.1000061035156,295.29998779296875,284.3999938964844,286.54998779296875,13157824
2021-09-21,286.0,293.75,282.95001220703125,292.8999938964844,10413898
2021-09-22,294.0,298.0,290.6499938964844,294.8999938964844,7386307
2021-09-23,299.0,302.3999938964844,298.1000061035156,299.6000061035156,7756451
2021-09-24,299.0,299.0,291.45001220703125,293.1000061035156,9015535
2021-09-27,293.8999938964844,293.8999938964844,286.8999938964844,287.6000061035156,8561365
2021-09-28,286.95001220703125,294.8999938964844,285.3500061035156,290.6499938964844,7363760
2021-09-29,288.8999938964844,295.1499938964844,287.0,292.1499938964844,7701691
2021-09-30,292.95001220703125,293.5,286.5,287.6499938964844,6824351
2021-10-01,285.79998779296875,290.29998779296875,283.1499938964844,285.8500061035156,7227287
2021-10-04,288.1000061035156,300.0,286.1499938964844,298.29998779296875,8623041
2021-10-05,299.70001220703125,308.0,299.20001220703125,303.0,12193085
2021-10-06,304.20001220703125,307.1000061035156,289.0,290.95001220703125,9850825
2021-10-07,294.8999938964844,294.8999938964844,290.1000061035156,290.79998779296875,7738137
2021-10-08,294.8999938964844,301.5,292.6499938964844,294.04998779296875,7025380
2021-10-11,293.95001220703125,301.79998779296875,292.70001220703125,297.75,6922845
2021-10-12,303.54998779296875,313.45001220703125,297.8999938964844,312.20001220703125,21173375
2021-10-13,315.25,323.0,312.20001220703125,319.45001220703125,16291520
2021-10-14,324.0,342.45001220703125,324.0,331.8999938964844,26405427
2021-10-18,345.25,378.3500061035156,345.25,374.75,48802954
2021-10-19,378.8999938964844,385.8999938964844,361.75,371.04998779296875,28838312
2021-10-20,363.79998779296875,364.3999938964844,348.20001220703125,356.25,15654936
2021-10-21,357.0,362.3500061035156,337.04998779296875,350.3999938964844,17004410
2021-10-22,346.0,346.5,321.1499938964844,323.8500061035156,23046439
2021-10-25,326.0,332.25,314.6000061035156,325.45001220703125,17295947
2021-10-26,327.04998779296875,332.6000061035156,320.45001220703125,330.54998779296875,14570005
2021-10-27,329.0,330.79998779296875,314.29998779296875,315.3500061035156,16987345
2021-10-28,307.0,311.3500061035156,295.0,300.8500061035156,25364271
2021-10-29,302.6000061035156,311.1499938964844,296.3999938964844,304.0,19418592
2021-11-01,312.0,312.0,300.0,302.1499938964844,20031854
2021-11-02,306.0,314.8500061035156,305.20001220703125,308.0,16357465
2021-11-03,309.20001220703125,317.25,308.5,310.6499938964844,15956363
2021-11-04,312.20001220703125,314.25,310.1000061035156,312.20001220703125,2988176
2021-11-08,315.5,327.20001220703125,311.1000061035156,324.75,19796688
2021-11-09,322.75,323.95001220703125,315.20001220703125,318.6000061035156,19869811
2021-11-10,316.95001220703125,325.8999938964844,316.3999938964844,323.1499938964844,24331479
2021-11-11,322.3500061035156,326.8999938964844,317.1000061035156,323.8500061035156,15963978
2021-11-12,325.8999938964844,331.6499938964844,323.75,328.20001220703125,15039279
2021-11-15,329.0,331.6499938964844,324.0,324.54998779296875,8320124
2021-11-16,324.6499938964844,339.29998779296875,324.0,332.75,20023683
2021-11-17,330.75,340.45001220703125,329.0,338.20001220703125,13264427
2021-11-18,343.04998779296875,343.04998779296875,290.29998779296875,309.54998779296875,69494735
2021-11-22,309.6000061035156,332.3999938964844,309.6000061035156,328.3500061035156,58648584
2021-11-23,344.8999938964844,361.0,337.6000061035156,354.6000061035156,333341211
2021-11-24,344.8999938964844,353.25,340.45001220703125,345.6000061035156,29083799
2021-11-25,345.0,373.20001220703125,342.3500061035156,367.6000061035156,40281820
2021-11-26,359.75,366.79998779296875,349.29998779296875,353.8999938964844,24405163
2021-11-29,352.70001220703125,355.8999938964844,343.1000061035156,346.79998779296875,11884679
2021-11-30,346.95001220703125,354.0,336.0,338.8500061035156,17562378
2021-12-01,344.0,349.75,335.0,347.25,10966477
2021-12-02,347.0,347.20001220703125,334.0,337.8999938964844,14527577
2021-12-03,342.70001220703125,347.45001220703125,335.6499938964844,337.29998779296875,12609066
2021-12-06,336.75,343.6000061035156,334.1000061035156,335.70001220703125,8612257
2021-12-07,340.0,348.5,338.04998779296875,344.1499938964844,20032367
2021-12-08,346.0,349.0,337.04998779296875,341.79998779296875,20455793
2021-12-09,345.5,350.95001220703125,343.3500061035156,348.45001220703125,14212623
2021-12-10,347.0,352.5,346.0,349.70001220703125,8770813
2021-12-13,357.5,360.3999938964844,354.70001220703125,356.1499938964844,16823625
2021-12-14,357.5,361.6499938964844,354.5,359.8999938964844,11846524
2021-12-15,359.95001220703125,361.20001220703125,352.0,352.95001220703125,7353408
2021-12-16,353.1499938964844,360.45001220703125,352.3999938964844,357.5,13849801
2021-12-17,345.6499938964844,347.6499938964844,330.70001220703125,332.54998779296875,12501229
2021-12-20,327.0,327.8999938964844,315.6499938964844,323.20001220703125,10352390
2021-12-21,329.0,340.3999938964844,326.1000061035156,336.8500061035156,8777083
2021-12-22,340.0,343.5,338.45001220703125,342.0,4817620
2021-12-23,345.0,352.45001220703125,342.5,344.0,7557268
2021-12-24,346.1499938964844,350.3500061035156,339.54998779296875,345.79998779296875,6096013
2021-12-27,348.0,348.6000061035156,336.54998779296875,340.3999938964844,7521417
2021-12-28,343.6499938964844,346.3999938964844,341.25,344.79998779296875,4120120
2021-12-29,342.54998779296875,345.79998779296875,337.5,339.45001220703125,4510924
2021-12-30,339.70001220703125,342.5,332.54998779296875,333.29998779296875,5044789
2021-12-31,333.29998779296875,344.45001220703125,333.29998779296875,341.20001220703125,6299731
2022-01-03,341.0,355.0,340.45001220703125,353.79998779296875,9043533
2022-01-04,357.1000061035156,357.3999938964844,330.04998779296875,335.25,28238896
2022-01-05,336.54998779296875,338.45001220703125,332.6499938964844,333.8500061035156,9231180
2022-01-06,334.0,340.3500061035156,332.0,338.3999938964844,9683833
2022-01-07,339.8999938964844,341.3500061035156,333.5,338.20001220703125,6418949
2022-01-10,338.95001220703125,341.29998779296875,336.0,339.20001220703125,4237835
2022-01-11,339.75,339.79998779296875,329.3999938964844,331.04998779296875,8957542
2022-01-12,332.0,336.6499938964844,330.3500061035156,332.6499938964844,6781225
2022-01-13,335.3999938964844,344.0,333.8500061035156,339.70001220703125,10653446
2022-01-14,340.0,343.20001220703125,334.04998779296875,336.20001220703125,6325976
2022-01-17,334.0,334.0,319.75,325.79998779296875,13870740
2022-01-18,324.8999938964844,327.95001220703125,320.1499938964844,322.45001220703125,10477124
2022-01-19,319.5,330.45001220703125,318.0,324.6000061035156,37369055
2022-01-20,324.95001220703125,329.29998779296875,324.25,327.1499938964844,7463125
2022-01-21,324.95001220703125,328.20001220703125,318.6000061035156,323.29998779296875,10563621
2022-01-24,322.0,325.75,310.25,312.1000061035156,10949389
2022-01-25,310.54998779296875,319.0,307.20001220703125,318.04998779296875,7732802
2022-01-27,315.0,332.0,312.04998779296875,328.20001220703125,13373574
2022-01-28,330.8999938964844,335.8999938964844,323.1499938964844,327.6499938964844,15967353
2022-01-31,330.0,330.6499938964844,315.5,321.75,14273583
2022-02-01,323.8999938964844,339.0,322.0,338.1499938964844,12026843
2022-02-02,339.0,344.0,336.1499938964844,343.25,8070763
2022-02-03,335.0,351.79998779296875,329.1499938964844,345.29998779296875,15147036
2022-02-04,345.0,362.75,343.6000061035156,356.3500061035156,20184671
2022-02-07,358.1499938964844,371.0,355.95001220703125,365.3500061035156,15757583
2022-02-08,368.25,374.79998779296875,359.29998779296875,369.45001220703125,14209893
2022-02-09,371.5,378.95001220703125,364.20001220703125,376.6499938964844,17184515
2022-02-10,378.0,385.8500061035156,375.5,379.5,11642228
2022-02-11,378.0,384.45001220703125,372.25,378.04998779296875,9277013
2022-02-14,370.04998779296875,374.8500061035156,359.6000061035156,361.5,11817623
2022-02-15,369.0,374.29998779296875,355.45001220703125,371.95001220703125,12010968
2022-02-16,375.0,375.0,362.04998779296875,367.1000061035156,9223294
2022-02-17,369.8500061035156,373.3500061035156,365.6000061035156,368.95001220703125,7177358
2022-02-18,368.0,371.6000061035156,362.5,364.0,4497068
2022-02-21,363.5,365.6000061035156,353.1000061035156,353.95001220703125,5793689
2022-02-22,346.0,352.45001220703125,339.3500061035156,350.1000061035156,9895715
2022-02-23,352.20001220703125,355.8999938964844,348.1000061035156,352.20001220703125,9341304
2022-02-24,342.0,351.45001220703125,335.70001220703125,338.04998779296875,13040748
2022-02-25,345.8999938964844,365.54998779296875,345.5,362.6000061035156,12293768
2022-02-28,360.8999938964844,381.3999938964844,356.75,380.29998779296875,13822663
2022-03-02,384.0,396.0,382.0,387.29998779296875,15610682
2022-03-03,400.0,401.0,383.29998779296875,395.95001220703125,59451460
2022-03-04,393.3999938964844,398.75,370.5,373.3999938964844,19180902
2022-03-07,374.0,389.20001220703125,373.45001220703125,387.3999938964844,17901437
2022-03-08,396.3999938964844,396.3999938964844,372.5,381.3500061035156,19093725
2022-03-09,369.95001220703125,375.0,365.45001220703125,371.25,10587981
2022-03-10,371.5,379.5,363.45001220703125,378.25,12346925
2022-03-11,377.79998779296875,385.0,376.20001220703125,378.20001220703125,9045446
2022-03-14,378.20001220703125,380.0,371.6499938964844,375.79998779296875,5116985
2022-03-15,370.8999938964844,371.3999938964844,353.79998779296875,357.70001220703125,8197001
2022-03-16,362.0,375.5,359.29998779296875,373.3500061035156,9118574
2022-03-17,374.8999938964844,382.5,373.5,378.45001220703125,10989483
2022-03-21,383.0,407.45001220703125,380.54998779296875,400.04998779296875,26819133
2022-03-22,404.70001220703125,416.0,402.0,404.04998779296875,22136086
2022-03-23,407.6499938964844,411.75,398.0,408.6499938964844,12118980
2022-03-24,407.79998779296875,417.45001220703125,407.0,411.1499938964844,11816201
2022-03-25,413.8999938964844,415.29998779296875,406.25,410.54998779296875,8213490
2022-03-28,408.0,417.8500061035156,406.0,413.3999938964844,8658384
2022-03-29,414.8999938964844,415.70001220703125,407.54998779296875,410.3500061035156,6273174
2022-03-30,410.0,410.29998779296875,396.54998779296875,398.70001220703125,8216568
2022-03-31,399.25,410.8500061035156,399.25,403.3500061035156,9571444
2022-04-01,405.29998779296875,410.8999938964844,403.20001220703125,405.79998779296875,8522750
2022-04-04,406.0,423.70001220703125,406.0,421.45001220703125,11316771
2022-04-05,425.20001220703125,425.20001220703125,417.3999938964844,418.8999938964844,6544847
2022-04-06,417.45001220703125,434.70001220703125,414.29998779296875,432.6000061035156,9864785
2022-04-07,434.0,437.3500061035156,424.29998779296875,425.5,7125701
2022-04-08,427.0,434.5,424.70001220703125,430.29998779296875,5251094
2022-04-11,430.95001220703125,440.75,430.45001220703125,437.75,6488235
2022-04-12,433.0,434.79998779296875,414.1499938964844,417.0,10163306
2022-04-13,422.0,427.54998779296875,421.3999938964844,425.79998779296875,4532025
2022-04-18,425.95001220703125,431.79998779296875,418.75,424.1499938964844,5410588
2022-04-19,426.95001220703125,437.5,422.04998779296875,427.54998779296875,6170452
2022-04-20,427.95001220703125,428.95001220703125,417.5,421.8999938964844,4326156
2022-04-21,422.0,426.1000061035156,417.1499938964844,424.95001220703125,8243160
2022-04-22,419.8999938964844,424.95001220703125,414.79998779296875,415.79998779296875,4288543
2022-04-25,404.79998779296875,409.8999938964844,397.04998779296875,402.1000061035156,6329044
2022-04-26,405.8999938964844,412.54998779296875,402.1000061035156,411.6000061035156,5690783
2022-04-27,411.79998779296875,418.0,405.45001220703125,412.6499938964844,7572088
2022-04-28,417.95001220703125,417.95001220703125,405.04998779296875,411.6499938964844,6480515
2022-04-29,414.0,419.70001220703125,406.1000061035156,408.3500061035156,18580213
2022-05-02,408.0,409.3500061035156,399.5,407.8500061035156,9271760
2022-05-04,412.0,412.0,392.5,395.20001220703125,16352730
2022-05-05,402.5,409.5,400.6499938964844,405.20001220703125,11573563
2022-05-06,365.0,372.0,356.04998779296875,360.3999938964844,17372415
2022-05-09,356.3999938964844,358.0,347.1499938964844,350.1499938964844,7155146
2022-05-10,345.0,352.8999938964844,328.0,330.3500061035156,10077453
2022-05-11,331.3500061035156,340.3999938964844,316.54998779296875,325.8999938964844,12430816
2022-05-12,321.8500061035156,325.79998779296875,304.20001220703125,314.25,16664763
2022-05-13,317.95001220703125,321.8500061035156,290.54998779296875,292.8999938964844,20305913
2022-05-16,294.5,302.45001220703125,279.54998779296875,287.1499938964844,18365763
2022-05-17,295.0,328.95001220703125,294.04998779296875,321.0,27785998
2022-05-18,324.95001220703125,325.70001220703125,316.25,319.79998779296875,12682808
2022-05-19,308.0,311.70001220703125,297.70001220703125,303.54998779296875,15575272
2022-05-20,316.0,319.79998779296875,309.6000061035156,314.3999938964844,11619010
2022-05-23,307.0,311.5,292.70001220703125,305.6499938964844,18449758
2022-05-24,307.6499938964844,316.8999938964844,303.1499938964844,305.5,11923967
2022-05-25,307.04998779296875,310.45001220703125,300.1000061035156,304.8500061035156,10971726
2022-05-26,306.79998779296875,314.29998779296875,294.0,313.04998779296875,11117630
2022-05-27,316.0,319.04998779296875,303.45001220703125,307.8500061035156,11035458
2022-05-30,309.25,314.75,307.20001220703125,313.20001220703125,7700826
2022-05-31,310.0,327.3999938964844,309.20001220703125,320.8999938964844,52366423
2022-06-01,320.5,325.0,313.25,316.04998779296875,9150761
2022-06-02,316.25,323.0,315.6499938964844,321.75,6242334
2022-06-03,323.5,325.20001220703125,315.45001220703125,316.8999938964844,10358738
2022-06-06,310.3999938964844,323.3999938964844,310.0,320.70001220703125,11751642
2022-06-07,317.0,320.70001220703125,312.25,314.8999938964844,11390344
2022-06-08,316.8999938964844,317.45001220703125,311.54998779296875,313.25,4734993
2022-06-09,311.3999938964844,316.0,299.3500061035156,302.8999938964844,11747620
2022-06-10,299.8500061035156,303.29998779296875,294.70001220703125,301.20001220703125,6147803
2022-06-13,295.20001220703125,297.6499938964844,286.54998779296875,289.70001220703125,7487440
2022-06-14,289.0,296.20001220703125,288.25,291.1499938964844,7645723
2022-06-15,291.95001220703125,295.95001220703125,290.6000061035156,291.3500061035156,6160021
2022-06-16,295.79998779296875,296.45001220703125,265.8500061035156,267.45001220703125,14390002
2022-06-17,267.45001220703125,272.0,262.79998779296875,263.95001220703125,13852870
2022-06-20,262.79998779296875,262.79998779296875,221.75,230.4499969482422,49070694
2022-06-21,236.4499969482422,243.64999389648438,227.0,236.0500030517578,51220904
2022-06-22,234.85000610351562,234.85000610351562,221.0,222.10000610351562,22944315
2022-06-23,221.0500030517578,226.0,216.10000610351562,219.4499969482422,20938353
2022-06-24,220.4499969482422,224.89999389648438,217.5,221.4499969482422,21355402
2022-06-27,227.5500030517578,231.14999389648438,224.8000030517578,227.8000030517578,15977006
2022-06-28,226.89999389648438,235.75,222.0,234.8000030517578,23261360
2022-06-29,231.6999969482422,235.35000610351562,230.8000030517578,232.0500030517578,14692258
2022-06-30,232.5500030517578,234.35000610351562,222.3000030517578,223.0,13598410
2022-07-01,221.10000610351562,223.60000610351562,206.0,213.9499969482422,26130465
2022-07-04,212.89999389648438,217.35000610351562,209.39999389648438,216.60000610351562,10536164
2022-07-05,219.6999969482422,223.39999389648438,216.1999969482422,217.0500030517578,13760066
2022-07-06,213.5,215.0,206.25,214.4499969482422,21776088
2022-07-07,218.0,228.89999389648438,216.0500030517578,227.6999969482422,18550009
2022-07-08,232.39999389648438,233.0,221.0500030517578,224.0,20385518
2022-07-11,223.0,232.3000030517578,221.3000030517578,229.4499969482422,16001815
2022-07-12,228.39999389648438,236.8000030517578,225.1999969482422,230.75,17927232
2022-07-13,230.5,233.60000610351562,228.0,231.9499969482422,13199027
2022-07-14,235.9499969482422,235.9499969482422,226.5,227.89999389648438,15126859
2022-07-15,230.25,230.6999969482422,224.8000030517578,227.85000610351562,12239038
2022-07-18,231.0500030517578,238.0500030517578,229.14999389648438,237.4499969482422,15984360
2022-07-19,237.39999389648438,240.6999969482422,229.5,238.75,20854834
2022-07-20,248.0,259.79998779296875,245.0,253.1999969482422,58620970
2022-07-21,256.0,256.04998779296875,251.10000610351562,254.8000030517578,19890154
2022-07-22,257.0,259.95001220703125,255.10000610351562,258.3500061035156,15511814
2022-07-25,260.3999938964844,261.45001220703125,253.60000610351562,258.0,23018426
2022-07-26,240.0,244.89999389648438,238.85000610351562,241.39999389648438,18479077
2022-07-27,240.0,244.1999969482422,235.89999389648438,243.39999389648438,10992106
2022-07-28,243.1999969482422,247.60000610351562,240.64999389648438,245.5,11285482
2022-07-29,245.60000610351562,256.5,245.25,254.3000030517578,20997947
2022-08-01,256.75,257.3999938964844,253.25,255.39999389648438,10114375
2022-08-02,255.0,255.0,247.1999969482422,252.60000610351562,11012297
2022-08-03,251.5,254.5,246.25,248.89999389648438,9843948
2022-08-04,249.89999389648438,253.6999969482422,245.75,250.25,9463532
2022-08-05,250.14999389648438,256.8500061035156,250.14999389648438,253.25,13811834
2022-08-08,253.25,258.0,253.14999389648438,256.75,7700478
2022-08-10,257.75,259.8500061035156,252.0,256.3500061035156,11891569
2022-08-11,258.0,260.45001220703125,255.5,256.54998779296875,6782061
2022-08-12,256.54998779296875,264.95001220703125,255.3000030517578,262.45001220703125,14399499
2022-08-16,264.0,266.70001220703125,254.5,262.5,18353026
2022-08-17,265.5,268.75,262.6000061035156,266.29998779296875,14443487
2022-08-18,266.95001220703125,268.25,262.95001220703125,265.5,9656896
2022-08-19,266.75,268.0,260.3500061035156,262.0,11007005
2022-08-22,260.0,264.20001220703125,255.0500030517578,256.8500061035156,9077185
2022-08-23,253.5500030517578,263.3999938964844,253.5500030517578,262.25,6629601
2022-08-24,262.25,267.25,261.75,266.70001220703125,7607934
2022-08-25,268.45001220703125,271.29998779296875,264.6000061035156,265.45001220703125,6531499
2022-08-26,268.5,275.0,268.5,269.6000061035156,11188255
2022-08-29,261.1000061035156,267.20001220703125,258.04998779296875,266.04998779296875,7471816
2022-08-30,269.0,272.0,268.1499938964844,270.25,5956473
2022-09-01,263.5,268.8999938964844,262.20001220703125,263.20001220703125,8676894
2022-09-02,265.3999938964844,265.79998779296875,256.0,257.25,10204135
2022-09-05,258.3999938964844,262.8500061035156,257.54998779296875,260.3999938964844,6625211
2022-09-06,261.0,264.75,258.29998779296875,263.8500061035156,6046145
2022-09-07,260.0,263.3999938964844,260.0,261.95001220703125,4912037
2022-09-08,263.70001220703125,265.0,261.0,262.25,3584327
2022-09-09,265.0,269.8500061035156,263.79998779296875,266.6499938964844,9391783
2022-09-12,267.95001220703125,271.8500061035156,267.3999938964844,270.3500061035156,5914506
2022-09-13,275.45001220703125,279.5,272.6000061035156,277.54998779296875,15735934
2022-09-14,276.0,314.8500061035156,273.3500061035156,305.6000061035156,61991651
2022-09-15,316.95001220703125,320.8999938964844,304.6000061035156,314.20001220703125,72693576
2022-09-16,296.1499938964844,299.8999938964844,287.0,290.75,45232346
2022-09-19,292.0,294.79998779296875,280.3999938964844,281.6499938964844,17630437
2022-09-20,285.3999938964844,287.6000061035156,279.70001220703125,280.1000061035156,14832173
2022-09-21,281.0,283.29998779296875,277.0,277.8999938964844,8891248
2022-09-22,275.5,283.1499938964844,275.5,280.6499938964844,8750415
2022-09-23,281.95001220703125,286.95001220703125,278.25,279.54998779296875,11611515
2022-09-26,276.0,277.20001220703125,260.0,264.29998779296875,13655836
2022-09-27,265.5,268.29998779296875,260.04998779296875,262.20001220703125,8506360
2022-09-28,259.5,261.79998779296875,255.1999969482422,256.79998779296875,7527753
2022-09-29,260.0,264.0,256.6000061035156,259.6499938964844,7865169
2022-09-30,262.8999938964844,271.75,260.29998779296875,270.04998779296875,11747174
2022-10-03,271.0,273.0,265.6000061035156,268.3500061035156,6570803
2022-10-04,279.0,280.8999938964844,272.79998779296875,279.1499938964844,11559416
2022-10-06,282.0,293.6000061035156,282.0,292.3999938964844,16940276
2022-10-07,292.0,292.5,287.25,291.8999938964844,8499499
2022-10-10,286.70001220703125,297.95001220703125,286.5,297.04998779296875,11439140
2022-10-11,300.0,305.5,285.0,286.04998779296875,21039535
2022-10-12,288.0,290.0,280.29998779296875,287.6000061035156,10044150
2022-10-13,292.79998779296875,294.8999938964844,287.3500061035156,293.0,10965277
2022-10-14,299.3500061035156,299.3500061035156,286.45001220703125,287.8500061035156,10076381
2022-10-17,285.75,285.79998779296875,277.6499938964844,280.04998779296875,9189148
2022-10-18,282.5,284.3999938964844,279.0,279.70001220703125,6076753
2022-10-19,281.0,282.95001220703125,276.29998779296875,277.25,5047001
2022-10-20,275.3999938964844,283.8500061035156,273.70001220703125,282.8500061035156,5655577
2022-10-21,284.0,284.8500061035156,277.75,280.1000061035156,5352956
2022-10-24,282.70001220703125,282.70001220703125,280.5,281.75,1607171
2022-10-25,282.0,282.3999938964844,278.70001220703125,280.0,5339921
2022-10-27,284.1000061035156,292.3999938964844,284.0,288.3500061035156,14336599
2022-10-28,289.75,289.75,279.54998779296875,284.8500061035156,9449012
2022-10-31,274.0,284.95001220703125,273.79998779296875,280.79998779296875,12599029
2022-11-01,281.54998779296875,288.79998779296875,281.0,286.8999938964844,9070975
2022-11-02,285.5,299.45001220703125,285.25,297.25,20332664
2022-11-03,292.5,304.29998779296875,292.5,302.8999938964844,19690261
2022-11-04,303.5,324.6000061035156,303.5,321.95001220703125,52129584
2022-11-07,324.45001220703125,324.45001220703125,298.54998779296875,306.54998779296875,38854124
2022-11-09,307.8500061035156,314.79998779296875,302.1499938964844,307.6000061035156,20764922
2022-11-10,304.3999938964844,309.75,304.0,307.1499938964844,8723702
2022-11-11,311.1499938964844,315.0,309.0,312.3999938964844,15276115
2022-11-14,315.0,321.0,313.04998779296875,314.75,19802445
2022-11-15,316.20001220703125,319.3999938964844,312.29998779296875,318.6499938964844,10006142
2022-11-16,320.0,320.6499938964844,309.6000061035156,311.95001220703125,9748748
2022-11-17,311.5,311.5,303.6000061035156,307.29998779296875,10016310
2022-11-18,312.3999938964844,317.3500061035156,308.3999938964844,310.3999938964844,18774925
2022-11-21,313.8999938964844,313.8999938964844,306.5,307.8999938964844,11979024
2022-11-22,309.45001220703125,311.8999938964844,306.54998779296875,310.1000061035156,9990931
2022-11-23,313.5,313.5,304.6499938964844,307.8500061035156,19347161
2022-11-24,308.95001220703125,311.3999938964844,307.75,310.8999938964844,9754111
2022-11-25,312.5,317.3500061035156,309.6000061035156,316.54998779296875,11546335
2022-11-28,317.5,317.8500061035156,309.6499938964844,310.54998779296875,16890293
2022-11-29,296.0,302.95001220703125,295.0,301.8500061035156,14184054
2022-11-30,301.0,307.1499938964844,300.6499938964844,304.3500061035156,10300275
2022-12-01,306.0,312.5,304.70001220703125,310.25,14208907
2022-12-02,310.1499938964844,315.8500061035156,308.3999938964844,313.8500061035156,14526593
2022-12-05,315.5,322.20001220703125,315.1000061035156,319.25,17018137
2022-12-06,318.5,318.8999938964844,313.1000061035156,314.45001220703125,7693396
2022-12-07,315.0,315.5,311.1499938964844,312.8999938964844,5552148
2022-12-08,312.70001220703125,316.5,311.1000061035156,313.8500061035156,5763591
2022-12-09,316.0,317.5,306.0,308.8500061035156,7643243
2022-12-12,308.70001220703125,309.6000061035156,299.54998779296875,308.8999938964844,8476131
2022-12-13,310.25,316.1499938964844,309.8999938964844,313.1499938964844,8177297
2022-12-14,314.5,318.0,314.0,316.04998779296875,7878753
2022-12-15,315.0,317.0,310.29998779296875,310.95001220703125,5846776
2022-12-16,310.0,314.79998779296875,307.0,307.79998779296875,7609735
2022-12-19,308.8999938964844,315.0,308.5,314.3500061035156,5148697
2022-12-20,313.8999938964844,314.3999938964844,307.1000061035156,312.1000061035156,7495069
2022-12-21,313.6499938964844,314.8999938964844,300.04998779296875,303.20001220703125,10996743
2022-12-22,305.70001220703125,307.45001220703125,298.45001220703125,302.04998779296875,9075631
2022-12-23,299.0,300.8500061035156,283.95001220703125,285.20001220703125,11859798
2022-12-26,285.75,297.45001220703125,281.79998779296875,296.1000061035156,7669940
2022-12-27,299.1000061035156,309.0,299.0,307.6499938964844,11251874
2022-12-28,306.95001220703125,306.95001220703125,304.1000061035156,304.8999938964844,5313187
2022-12-29,303.04998779296875,308.5,301.04998779296875,307.1000061035156,6837877
2022-12-30,309.5,313.8500061035156,307.3999938964844,308.3999938964844,6318160
2023-01-02,309.95001220703125,318.0,309.20001220703125,316.1000061035156,13487019
2023-01-03,316.1000061035156,321.6000061035156,314.25,319.54998779296875,10680716
2023-01-04,318.0,318.3999938964844,306.20001220703125,308.29998779296875,16035314
2023-01-05,310.0,312.0,307.45001220703125,311.3500061035156,6589413
2023-01-06,312.25,314.5,308.6000061035156,309.6499938964844,4971988
2023-01-09,312.20001220703125,316.8999938964844,312.20001220703125,315.5,6356082
2023-01-10,317.5,319.70001220703125,313.0,316.04998779296875,8269189
2023-01-11,317.1499938964844,320.04998779296875,316.5,318.1499938964844,6183545
2023-01-12,320.0,320.0,314.6000061035156,316.6000061035156,4051242
2023-01-13,317.0,322.0,316.29998779296875,319.20001220703125,8446441
2023-01-16,320.79998779296875,321.0,314.5,317.1000061035156,5228181
2023-01-17,317.1000061035156,318.5,313.5,317.95001220703125,4146953
2023-01-18,318.5,325.79998779296875,318.25,324.1499938964844,12239219
2023-01-19,323.6000061035156,334.0,321.54998779296875,330.79998779296875,14218085
2023-01-20,337.6000061035156,340.75,330.04998779296875,330.8999938964844,19053763
2023-01-23,330.95001220703125,334.45001220703125,328.45001220703125,329.1499938964844,4686210
2023-01-24,331.20001220703125,331.8500061035156,327.29998779296875,329.6499938964844,5123504
2023-01-25,330.0,332.70001220703125,324.6000061035156,326.25,7049679
2023-01-27,328.0,329.5,313.45001220703125,319.75,11670027
2023-01-30,320.0,324.8500061035156,316.3500061035156,321.8999938964844,9562174
2023-01-31,323.25,336.5,322.1499938964844,332.3999938964844,12559707
2023-02-01,337.0,338.25,321.3500061035156,328.0,11727712
2023-02-02,329.0,334.75,322.5,327.04998779296875,11308985
2023-02-03,320.5,322.8500061035156,308.0,314.29998779296875,11362212
2023-02-06,314.29998779296875,314.8999938964844,305.0,306.25,7244255
2023-02-07,306.0,308.95001220703125,299.1499938964844,308.1499938964844,10473033
2023-02-08,309.5,315.5,309.45001220703125,314.1000061035156,7819410
2023-02-09,314.95001220703125,315.70001220703125,309.0,310.1000061035156,5202003
2023-02-10,310.0,311.70001220703125,307.5,310.70001220703125,4235865
2023-02-13,311.0,314.79998779296875,308.0,308.75,5188595
2023-02-14,310.0,314.75,309.1000061035156,314.20001220703125,6566932
2023-02-15,313.8999938964844,315.79998779296875,311.1000061035156,313.0,5810417
2023-02-16,315.8999938964844,316.75,314.1000061035156,314.8500061035156,4366228
2023-02-17,314.8500061035156,317.8999938964844,313.0,314.0,4291109
2023-02-20,313.3500061035156,315.70001220703125,310.1499938964844,310.8500061035156,5264100
2023-02-21,311.6499938964844,313.8999938964844,307.0,308.04998779296875,6336180
2023-02-22,306.8500061035156,307.8500061035156,301.1499938964844,303.25,6166923
2023-02-23,302.54998779296875,306.75,301.6499938964844,302.8999938964844,4584146
2023-02-24,303.8999938964844,304.8500061035156,292.0,294.45001220703125,10491706
2023-02-27,293.95001220703125,293.95001220703125,280.75,287.3500061035156,10621491
2023-02-28,282.1000061035156,282.8500061035156,261.95001220703125,268.3500061035156,51008515
2023-03-01,267.04998779296875,279.8999938964844,266.1499938964844,278.6000061035156,18728209
2023-03-02,280.0,282.04998779296875,273.70001220703125,274.8999938964844,11979398
2023-03-03,276.8999938964844,290.8999938964844,276.54998779296875,289.25,16106822
2023-03-06,292.5,294.6000061035156,286.20001220703125,286.95001220703125,10687170
2023-03-08,283.8999938964844,285.54998779296875,277.3500061035156,285.04998779296875,9159693
2023-03-09,287.0,290.79998779296875,284.6000061035156,285.5,6175922
2023-03-10,280.8999938964844,284.95001220703125,272.54998779296875,279.8500061035156,12081164
2023-03-13,277.95001220703125,287.3999938964844,275.6499938964844,278.79998779296875,11122038
2023-03-14,281.75,281.75,275.54998779296875,279.3999938964844,8027650
2023-03-15,283.04998779296875,284.8999938964844,279.70001220703125,280.3999938964844,6345240
2023-03-16,276.8999938964844,278.75,268.79998779296875,275.04998779296875,11692502
2023-03-17,280.0,286.79998779296875,277.5,284.5,14420400
2023-03-20,281.04998779296875,283.29998779296875,275.0,279.8999938964844,8043963
2023-03-21,282.0,284.3999938964844,281.20001220703125,283.70001220703125,4662762
2023-03-22,285.0,287.79998779296875,280.1000061035156,285.3500061035156,9306264
2023-03-23,285.0,285.0,267.25,271.25,31634089
2023-03-24,279.0,279.5,268.25,269.75,21108973
2023-03-27,271.5,274.20001220703125,269.54998779296875,272.75,9242191
2023-03-28,274.79998779296875,275.79998779296875,270.0,274.25,10805861
2023-03-29,277.0,282.45001220703125,272.8999938964844,281.75,24728158
2023-03-31,284.95001220703125,285.0,273.0,274.45001220703125,41562626
2023-04-03,277.95001220703125,283.0,276.6000061035156,282.3999938964844,13738062
2023-04-05,284.0,287.25,280.3999938964844,286.25,16288540
2023-04-06,266.45001220703125,274.5,266.0,273.20001220703125,23000052
2023-04-10,273.0,273.0,269.1000061035156,269.8999938964844,9479279
2023-04-11,273.0,273.8500061035156,270.1499938964844,272.75,8814894
2023-04-12,273.04998779296875,276.6000061035156,273.0,275.6000061035156,7011009
2023-04-13,275.0,278.79998779296875,273.79998779296875,275.70001220703125,6795496
2023-04-17,275.0,279.75,273.5,279.0,8147387
2023-04-18,279.0,280.29998779296875,277.0,279.6000061035156,4609166
2023-04-19,281.0,284.0,280.0,281.54998779296875,9731032
2023-04-20,280.54998779296875,282.8500061035156,278.79998779296875,279.6000061035156,4378157
2023-04-21,279.6000061035156,279.8500061035156,276.0,276.75,4599260
2023-04-24,275.5,276.75,273.6000061035156,275.25,4484853
2023-04-25,275.8999938964844,281.3999938964844,275.45001220703125,278.70001220703125,5696665
2023-04-26,277.6000061035156,277.95001220703125,275.20001220703125,276.20001220703125,3570055
2023-04-27,276.3999938964844,277.79998779296875,275.0,276.1000061035156,3689315
2023-04-28,277.0,280.0,276.25,279.3500061035156,4837041
2023-05-02,282.0,282.8500061035156,280.1000061035156,281.1000061035156,4879314
2023-05-03,279.25,280.25,276.5,278.25,4587957
2023-05-04,278.54998779296875,280.8999938964844,277.3999938964844,278.1499938964844,3969851
2023-05-05,278.1499938964844,278.20001220703125,274.04998779296875,274.70001220703125,5353349
2023-05-08,276.6000061035156,280.0,274.75,279.1000061035156,4388448
2023-05-09,280.5,288.0,279.79998779296875,283.75,11933072
2023-05-10,286.0,287.5,283.8999938964844,285.8999938964844,5747802
2023-05-11,287.0,287.0,281.0,281.45001220703125,5313663
2023-05-12,282.20001220703125,282.20001220703125,274.1000061035156,275.1000061035156,9987592
2023-05-15,272.0,277.70001220703125,268.5,277.1499938964844,9215600
2023-05-16,278.0,282.1000061035156,277.1000061035156,279.8500061035156,5374740
2023-05-17,279.6499938964844,283.0,275.5,279.45001220703125,8194381
2023-05-18,282.0,284.20001220703125,278.0,278.54998779296875,7505208
2023-05-19,281.0,282.29998779296875,277.20001220703125,281.95001220703125,6918149
2023-05-22,284.0,287.8500061035156,282.5,287.5,8718882
2023-05-23,293.0,293.0,288.0,288.3500061035156,19814977
2023-05-24,290.0,292.95001220703125,284.6000061035156,291.3500061035156,12159427
2023-05-25,291.45001220703125,296.5,290.6499938964844,295.79998779296875,13711792
2023-05-26,298.0,298.20001220703125,295.5,297.6499938964844,14274998
2023-05-29,299.8999938964844,300.95001220703125,297.20001220703125,300.3500061035156,13277968
2023-05-30,283.20001220703125,288.45001220703125,283.0,285.6000061035156,14960466
2023-05-31,280.0,283.25,277.79998779296875,278.29998779296875,13042404
2023-06-01,278.0,280.5,277.6000061035156,278.1000061035156,5137986
2023-06-02,279.6499938964844,281.25,278.6499938964844,280.1000061035156,4851414
2023-06-05,280.04998779296875,280.04998779296875,276.29998779296875,278.29998779296875,6297485
2023-06-06,279.0,279.79998779296875,277.04998779296875,277.3999938964844,3892263
2023-06-07,277.95001220703125,278.8999938964844,276.70001220703125,278.45001220703125,4434944
2023-06-08,279.8500061035156,280.75,277.1000061035156,277.54998779296875,5236354
2023-06-09,278.8999938964844,278.8999938964844,276.1000061035156,276.75,3951837
2023-06-12,278.79998779296875,279.5,276.70001220703125,277.8500061035156,3615243
2023-06-13,279.29998779296875,279.29998779296875,277.1499938964844,278.0,4423326
2023-06-14,279.1000061035156,283.0,279.0,281.0,8520513
2023-06-15,281.8999938964844,282.79998779296875,280.6000061035156,281.29998779296875,3650454
2023-06-16,282.20001220703125,282.8500061035156,279.1000061035156,280.04998779296875,4363955
2023-06-19,281.8999938964844,281.8999938964844,279.6499938964844,280.54998779296875,3070098
2023-06-20,279.0,284.3500061035156,279.0,282.6499938964844,5600444
2023-06-21,282.6499938964844,283.1499938964844,280.29998779296875,281.25,3186136
2023-06-22,282.0,282.8500061035156,279.0,280.6499938964844,3205576
2023-06-23,280.8500061035156,280.8500061035156,275.8999938964844,276.20001220703125,5178936
2023-06-26,276.20001220703125,280.6499938964844,274.29998779296875,279.79998779296875,4184383
2023-06-27,280.0,280.54998779296875,278.70001220703125,279.54998779296875,5026622
2023-06-28,281.5,281.54998779296875,279.0,279.95001220703125,6885093
2023-06-30,279.95001220703125,280.29998779296875,277.3999938964844,277.95001220703125,5227979
2023-07-03,279.29998779296875,280.3500061035156,277.79998779296875,278.1000061035156,3717787
2023-07-04,279.8999938964844,279.8999938964844,277.0,277.54998779296875,3459962
2023-07-05,278.70001220703125,278.70001220703125,277.0,277.45001220703125,2945805
2023-07-06,279.0,280.45001220703125,276.75,280.0,9098372
2023-07-07,280.5,283.04998779296875,279.0,280.54998779296875,8454807
2023-07-10,283.0,283.8999938964844,279.54998779296875,282.25,8227148
2023-07-11,276.20001220703125,279.79998779296875,275.0,277.54998779296875,13640445
2023-07-12,277.54998779296875,278.1000061035156,276.04998779296875,277.6499938964844,5782947
2023-07-13,278.5,281.3999938964844,277.5,278.04998779296875,5632082
2023-07-14,279.6000061035156,286.3999938964844,278.75,284.8500061035156,10425854
2023-07-17,285.0,285.75,282.3999938964844,283.8500061035156,4852437
2023-07-18,284.3999938964844,284.8999938964844,280.20001220703125,281.45001220703125,3886657
2023-07-19,284.0,285.29998779296875,282.04998779296875,283.6499938964844,5190259
2023-07-20,284.0,284.20001220703125,281.45001220703125,282.20001220703125,3435623
2023-07-21,282.0,282.0,277.79998779296875,278.25,7273251
2023-07-24,272.5,274.79998779296875,270.29998779296875,271.29998779296875,16254554
2023-07-25,274.8999938964844,277.75,272.1000061035156,276.8999938964844,7486014
2023-07-26,277.20001220703125,279.79998779296875,275.79998779296875,278.95001220703125,4427527
2023-07-27,279.5,280.6499938964844,276.75,277.1499938964844,4048684
2023-07-28,277.8500061035156,279.3500061035156,276.20001220703125,278.79998779296875,3466932
2023-07-31,280.5,281.8500061035156,275.70001220703125,276.0,9590319
2023-08-01,279.0,279.0,275.6000061035156,276.8999938964844,5615483
2023-08-02,277.25,277.3999938964844,270.3500061035156,272.1499938964844,10728356
2023-08-03,260.8999938964844,261.0,247.60000610351562,254.0500030517578,226675327
2023-08-04,254.5,254.60000610351562,245.39999389648438,247.0500030517578,31876311
2023-08-07,248.0,248.5,237.0,237.9499969482422,34406950
2023-08-08,238.0,243.8000030517578,237.1999969482422,240.0500030517578,24176083
2023-08-09,242.89999389648438,244.5,240.25,244.0500030517578,10427414
2023-08-10,244.89999389648438,244.89999389648438,241.8000030517578,243.85000610351562,8194222
2023-08-11,243.85000610351562,243.89999389648438,237.8000030517578,238.1999969482422,12825769
2023-08-14,238.1999969482422,238.89999389648438,232.5500030517578,234.0,8996918
2023-08-16,234.0,236.89999389648438,232.0500030517578,236.5,7462518
2023-08-17,236.89999389648438,237.35000610351562,233.5,234.0,6139153
2023-08-18,234.0,236.0,232.64999389648438,233.35000610351562,5574667
2023-08-21,233.9499969482422,234.9499969482422,233.64999389648438,234.35000610351562,3857957
2023-08-22,234.35000610351562,236.89999389648438,234.35000610351562,235.0,4862624
2023-08-23,236.0,239.0,235.5,238.0,5524962
2023-08-24,238.64999389648438,240.8000030517578,237.1999969482422,237.5500030517578,5052952
2023-08-25,238.8000030517578,238.8000030517578,232.0,233.3000030517578,6099075
2023-08-28,237.25,240.1999969482422,236.0500030517578,238.1999969482422,8338095
2023-08-29,239.0,239.8000030517578,236.3000030517578,237.0,4115948
2023-08-30,238.75,239.1999969482422,236.25,236.5,3960361
2023-08-31,237.0500030517578,237.35000610351562,231.60000610351562,232.3000030517578,11631767
2023-09-01,232.3000030517578,236.8000030517578,232.3000030517578,236.14999389648438,6220159
2023-09-04,238.0,244.5,236.14999389648438,241.6999969482422,14056203
2023-09-05,243.0,243.9499969482422,238.8000030517578,241.39999389648438,5648932
2023-09-06,245.0500030517578,246.5500030517578,240.1999969482422,241.35000610351562,10891500
2023-09-07,241.35000610351562,241.9499969482422,237.5500030517578,239.10000610351562,6429626
2023-09-08,239.0500030517578,239.9499969482422,236.6999969482422,237.75,6836165
2023-09-11,238.0,238.8000030517578,236.5,238.3000030517578,7148576
2023-09-12,239.60000610351562,239.60000610351562,230.0500030517578,231.8000030517578,10667079
2023-09-13,231.8000030517578,234.3000030517578,231.0,233.3000030517578,6192848
2023-09-14,234.9499969482422,237.9499969482422,234.0,236.1999969482422,8069630
2023-09-15,236.1999969482422,240.5500030517578,235.4499969482422,236.3000030517578,20035443
2023-09-18,237.89999389648438,238.60000610351562,236.0500030517578,236.5,4974748
2023-09-20,235.0,235.9499969482422,231.25,231.8000030517578,8778511
2023-09-21,231.8000030517578,231.8000030517578,224.64999389648438,226.5,11856688
2023-09-22,228.5,228.75,222.5500030517578,225.0500030517578,7322963
2023-09-25,225.4499969482422,226.5,223.8000030517578,224.5500030517578,4962618
2023-09-26,225.0,227.1999969482422,223.64999389648438,224.0,4392920
2023-09-27,217.5,220.4499969482422,208.10000610351562,209.0,35505658
2023-09-28,209.0,213.14999389648438,208.0,208.35000610351562,17396618
2023-09-29,210.0,224.75,210.0,222.5500030517578,27711678
2023-10-03,230.0,233.75,225.10000610351562,230.75,46754460
2023-10-04,230.25,232.25,220.9499969482422,223.39999389648438,15548752
2023-10-05,225.10000610351562,225.60000610351562,220.0500030517578,222.0,10155103
2023-10-06,222.64999389648438,224.10000610351562,220.85000610351562,222.6999969482422,5523734
2023-10-09,219.9499969482422,221.1999969482422,217.35000610351562,218.9499969482422,5142409
2023-10-10,219.1999969482422,224.0,218.64999389648438,222.14999389648438,5621177
2023-10-11,222.39999389648438,229.9499969482422,222.14999389648438,227.64999389648438,12216514
2023-10-12,226.0,227.64999389648438,225.25,226.1999969482422,7239091
2023-10-13,225.0,229.39999389648438,224.8000030517578,226.1999969482422,7221397
2023-10-16,226.8000030517578,232.6999969482422,224.3000030517578,229.85000610351562,10185425
2023-10-17,230.25,231.5500030517578,229.0,229.9499969482422,5064750
2023-10-18,230.10000610351562,232.5,228.3000030517578,230.5,5784720
2023-10-19,229.0,230.9499969482422,226.5,227.14999389648438,4657398
2023-10-20,226.6999969482422,229.75,222.3000030517578,222.75,5244069
2023-10-23,222.75,225.1999969482422,214.5,215.0500030517578,7384814
2023-10-25,215.0,219.89999389648438,214.3000030517578,216.8000030517578,6955789
2023-10-26,215.5500030517578,215.75,211.1999969482422,212.25,7706350
2023-10-27,213.85000610351562,217.3000030517578,213.25,215.8000030517578,4623399
2023-10-30,215.75,217.0,214.4499969482422,216.4499969482422,2745365
2023-10-31,217.89999389648438,218.1999969482422,214.4499969482422,216.60000610351562,3233237
2023-11-01,217.0,226.89999389648438,216.3000030517578,223.75,11714180
2023-11-02,224.14999389648438,230.39999389648438,224.14999389648438,229.14999389648438,7719938
2023-11-03,231.1999969482422,235.64999389648438,231.1999969482422,232.75,9794909
2023-11-06,232.75,236.4499969482422,230.39999389648438,233.10000610351562,7768055
2023-11-07,233.10000610351562,238.89999389648438,233.10000610351562,237.75,8362338
2023-11-08,238.89999389648438,239.8000030517578,236.10000610351562,237.14999389648438,5322427
2023-11-09,237.0,238.3000030517578,234.25,235.1999969482422,3824543
2023-11-10,234.0,246.0,233.89999389648438,245.25,17676902
2023-11-13,244.5,244.6999969482422,241.39999389648438,241.9499969482422,4210127
2023-11-15,243.0,245.75,237.5500030517578,240.10000610351562,6420011
2023-11-16,241.0,241.6999969482422,234.35000610351562,238.8000030517578,6844037
2023-11-17,238.0,243.9499969482422,238.0,239.5,9273728
2023-11-20,239.1999969482422,241.35000610351562,238.0500030517578,239.5500030517578,4219360
2023-11-21,241.5500030517578,242.5500030517578,239.5500030517578,240.3000030517578,4018369
2023-11-22,240.0,240.14999389648438,233.9499969482422,236.35000610351562,5432510
2023-11-23,236.5500030517578,237.35000610351562,233.25,234.14999389648438,3977608
2023-11-24,234.75,235.5,231.10000610351562,232.1999969482422,3866099
2023-11-28,235.0,235.0,231.89999389648438,234.39999389648438,7469037
2023-11-29,235.39999389648438,236.6999969482422,231.64999389648438,233.4499969482422,7774049
2023-11-30,233.89999389648438,234.89999389648438,230.75,233.35000610351562,19036194
2023-12-01,234.8000030517578,242.0,233.5500030517578,239.39999389648438,9817732
2023-12-04,244.5,244.5,239.5,241.89999389648438,12552937
2023-12-05,242.1999969482422,246.8000030517578,239.0,242.39999389648438,10005319
2023-12-06,244.0,252.1999969482422,240.8000030517578,249.4499969482422,17430210
2023-12-07,250.9499969482422,251.25,245.4499969482422,248.85000610351562,6937185
2023-12-08,249.75,254.0,241.5,244.8000030517578,13224817
2023-12-11,247.14999389648438,249.75,244.3000030517578,248.5500030517578,5346227
2023-12-12,249.0,251.35000610351562,245.64999389648438,246.64999389648438,5675356
2023-12-13,247.1999969482422,255.8000030517578,243.64999389648438,253.35000610351562,15557190
2023-12-14,255.8000030517578,258.0,248.8000030517578,254.64999389648438,18271383
2023-12-15,258.54998779296875,259.8500061035156,255.64999389648438,257.20001220703125,17235864
2023-12-18,260.0,263.5,256.8999938964844,260.70001220703125,12388584
2023-12-19,266.25,266.3999938964844,259.25,262.1000061035156,17762921
2023-12-20,263.8999938964844,264.0,250.8000030517578,251.4499969482422,15309407
2023-12-21,251.0,256.8999938964844,249.10000610351562,255.9499969482422,10812029
2023-12-22,259.5,261.3500061035156,257.70001220703125,259.75,9677532
2023-12-26,262.0,262.8999938964844,259.54998779296875,261.70001220703125,12322864
2023-12-27,251.89999389648438,254.39999389648438,250.8000030517578,252.39999389648438,10673963
2023-12-28,253.0,259.3500061035156,253.0,257.54998779296875,15441735
2023-12-29,256.0,259.5,254.10000610351562,258.54998779296875,9136816
2024-01-01,258.54998779296875,260.29998779296875,256.0,257.1499938964844,6352734
2024-01-02,257.5,259.3999938964844,253.10000610351562,258.1499938964844,5803881
2024-01-03,258.5,267.25,255.85000610351562,263.79998779296875,22285124
2024-01-04,270.0,270.6499938964844,265.3500061035156,266.1499938964844,10745140
2024-01-05,266.1499938964844,271.25,263.1000061035156,265.8500061035156,12327980
2024-01-08,265.8500061035156,267.6000061035156,257.79998779296875,258.45001220703125,7890414
2024-01-09,261.8999938964844,264.3999938964844,255.64999389648438,260.3999938964844,10284498
2024-01-10,255.64999389648438,268.20001220703125,251.9499969482422,267.04998779296875,19849401
2024-01-11,268.6000061035156,276.0,266.54998779296875,274.6000061035156,24108269
2024-01-12,274.6000061035156,275.0,270.20001220703125,272.54998779296875,10048702
2024-01-15,274.0,275.0,269.70001220703125,273.0,9881531
2024-01-16,277.0,278.04998779296875,269.3500061035156,273.20001220703125,12507371
2024-01-17,270.45001220703125,272.45001220703125,263.6000061035156,264.8500061035156,10649774
2024-01-18,265.5,268.8999938964844,258.0,267.54998779296875,9930238
2024-01-19,268.1499938964844,269.70001220703125,265.8999938964844,266.45001220703125,4537034
2024-01-23,266.8500061035156,267.0,250.64999389648438,252.14999389648438,8740319
2024-01-24,254.8000030517578,263.29998779296875,253.10000610351562,262.54998779296875,6563186
2024-01-25,264.3500061035156,266.79998779296875,260.6499938964844,263.6000061035156,5195068
2024-01-29,263.75,269.1499938964844,260.5,267.79998779296875,11648515
2024-01-30,268.1499938964844,271.29998779296875,265.25,266.25,6620878
2024-01-31,266.79998779296875,276.8999938964844,265.75,273.8500061035156,9537630
2024-02-01,275.45001220703125,276.5,265.04998779296875,268.5,7974578
2024-02-02,270.20001220703125,276.79998779296875,268.75,272.54998779296875,9665486
2024-02-05,272.8500061035156,279.8500061035156,271.54998779296875,273.6000061035156,10619393
2024-02-06,273.70001220703125,284.5,269.8500061035156,283.0,11559491
2024-02-07,285.0,285.8500061035156,277.6000061035156,282.29998779296875,7603119
2024-02-08,284.0,285.5,276.6000061035156,278.6000061035156,6966850
2024-02-09,279.0,280.45001220703125,268.3999938964844,274.3500061035156,4627489
2024-02-12,276.95001220703125,281.04998779296875,265.04998779296875,268.1499938964844,6191878
2024-02-13,267.54998779296875,271.0,260.70001220703125,269.5,4469509
2024-02-14,269.0,282.6000061035156,264.54998779296875,279.6499938964844,11916664
2024-02-15,282.54998779296875,284.0,267.0,267.95001220703125,108103036
2024-02-16,269.25,272.0,265.1000061035156,266.79998779296875,16394886
2024-02-19,268.8999938964844,273.20001220703125,267.1000061035156,270.1499938964844,10944899
2024-02-20,270.8999938964844,272.20001220703125,268.1000061035156,270.1499938964844,9025475
2024-02-21,273.0,276.3999938964844,268.5,270.0,12329064
2024-02-22,271.8999938964844,272.95001220703125,267.1000061035156,271.5,6661898
2024-02-23,272.0,272.20001220703125,268.0,268.3500061035156,5955886
2024-02-26,268.95001220703125,268.95001220703125,264.04998779296875,265.25,4923166
2024-02-27,266.70001220703125,268.0,262.6000061035156,263.8999938964844,5033046
2024-02-28,268.5,272.29998779296875,261.54998779296875,262.95001220703125,17579831
2024-02-29,263.1000061035156,269.8999938964844,260.79998779296875,268.04998779296875,9404521
2024-03-01,265.1000061035156,272.8999938964844,263.6000061035156,271.79998779296875,12244554
2024-03-04,273.04998779296875,279.0,272.75,276.3500061035156,10443351
2024-03-05,277.5,288.3999938964844,274.6000061035156,285.70001220703125,19847512
2024-03-06,286.5,289.25,275.0,282.45001220703125,13944430
2024-03-07,283.70001220703125,287.3999938964844,281.04998779296875,282.8500061035156,9134995
2024-03-11,282.8500061035156,282.8500061035156,274.0,275.3500061035156,6214148
2024-03-12,276.0,276.79998779296875,267.5,270.29998779296875,7220451
2024-03-13,268.5,270.5,249.5,251.89999389648438,15451474
2024-03-14,251.8000030517578,261.5,251.60000610351562,260.1499938964844,10335603
2024-03-15,260.1499938964844,266.0,255.14999389648438,265.1000061035156,17681404
2024-03-18,265.0,272.95001220703125,262.25,271.04998779296875,7234156
2024-03-19,270.0,274.75,265.6000061035156,266.6499938964844,5908875
2024-03-20,268.0,269.8999938964844,261.79998779296875,267.6499938964844,4421057
2024-03-21,271.0,274.20001220703125,270.1499938964844,273.3999938964844,5477627
2024-03-22,273.0,274.3999938964844,269.8999938964844,271.1000061035156,9338889
2024-03-26,271.79998779296875,272.79998779296875,267.3500061035156,268.54998779296875,10405333
2024-03-27,269.8999938964844,274.25,267.75,271.6000061035156,5949040
2024-03-28,272.0,275.0,270.75,271.6499938964844,6625066
2024-04-01,273.5,288.25,273.3500061035156,287.5,17331916
2024-04-02,286.95001220703125,301.95001220703125,285.8500061035156,301.29998779296875,27928247
2024-04-03,301.20001220703125,308.0,297.79998779296875,298.79998779296875,19966252
2024-04-04,306.04998779296875,312.5,301.70001220703125,309.95001220703125,24723528
2024-04-05,311.04998779296875,322.3999938964844,305.95001220703125,318.95001220703125,22256365
2024-04-08,323.8999938964844,325.3500061035156,317.1000061035156,323.29998779296875,16694867
2024-04-09,324.1000061035156,339.5,320.6000061035156,338.0,32086038
2024-04-10,347.0,369.6499938964844,345.70001220703125,361.79998779296875,75804480
2024-04-12,365.54998779296875,374.8999938964844,360.79998779296875,372.95001220703125,39995547
2024-04-15,374.0,383.95001220703125,360.25,370.54998779296875,44715399
2024-04-16,370.1000061035156,381.5,364.04998779296875,378.20001220703125,28859435
2024-04-18,385.04998779296875,394.75,383.04998779296875,388.5,35907412
2024-04-19,388.20001220703125,396.75,382.20001220703125,385.95001220703125,33307212
2024-04-22,392.1499938964844,393.1499938964844,373.3999938964844,381.0,19626373
2024-04-23,383.20001220703125,383.20001220703125,371.1000061035156,377.04998779296875,14434838
2024-04-24,376.0,386.6000061035156,376.0,383.45001220703125,11074253
2024-04-25,380.0,387.70001220703125,377.1000061035156,381.04998779296875,10150138
2024-04-26,386.8999938964844,402.95001220703125,386.0,396.54998779296875,24602811
2024-04-29,401.1499938964844,408.20001220703125,397.1000061035156,406.29998779296875,11228541
2024-04-30,409.1000061035156,409.95001220703125,396.0,397.8500061035156,11863519
2024-05-02,400.0,413.8999938964844,397.29998779296875,410.79998779296875,12788526
2024-05-03,415.0,420.0,404.3999938964844,415.6499938964844,14324148
2024-05-06,418.0,418.70001220703125,404.45001220703125,410.5,8108475
2024-05-07,410.5,411.5,392.0,396.0,8797213
2024-05-08,393.0,409.95001220703125,392.8500061035156,404.8500061035156,8831897
2024-05-09,406.79998779296875,408.3999938964844,393.0,394.6499938964844,6134997
2024-05-10,397.0,411.8500061035156,395.25,410.70001220703125,11076423
2024-05-13,412.54998779296875,415.5,398.1000061035156,414.04998779296875,10884162
2024-05-14,421.0,438.5,415.04998779296875,432.54998779296875,22195946
2024-05-15,438.0,449.0,434.75,437.3999938964844,20115791
2024-05-16,445.0,447.04998779296875,427.04998779296875,433.04998779296875,16155897
2024-05-17,436.0,445.0,432.6000061035156,442.6499938964844,13366917
2024-05-21,471.0,493.8999938964844,463.0,491.70001220703125,34592201
2024-05-22,498.0,506.75,476.79998779296875,487.0,33932802
2024-05-23,480.0,480.1000061035156,461.79998779296875,472.70001220703125,25849836
2024-05-24,463.8999938964844,470.0,459.6000061035156,460.79998779296875,12873214
2024-05-27,461.8999938964844,468.5,456.8500061035156,459.70001220703125,11775106
2024-05-28,462.8999938964844,471.8999938964844,453.29998779296875,454.95001220703125,17930755
2024-05-29,453.79998779296875,462.29998779296875,451.1499938964844,454.25,11526945
2024-05-30,454.0,458.0,437.20001220703125,440.79998779296875,13122990
2024-05-31,446.79998779296875,455.8500061035156,440.0,450.0,35126841
2024-06-03,472.0,472.20001220703125,452.3999938964844,457.8500061035156,14471274
2024-06-04,458.0,458.0,366.29998779296875,417.8500061035156,30797125
2024-06-05,419.0,446.0,401.6499938964844,440.70001220703125,16642007
2024-06-06,451.0,458.0,446.29998779296875,449.8999938964844,13579110
2024-06-07,454.3999938964844,462.95001220703125,451.8500061035156,460.6499938964844,11283521
2024-06-10,455.5,455.5,441.25,444.1000061035156,13920775
2024-06-11,444.0,455.79998779296875,442.29998779296875,443.75,10546091
2024-06-12,447.25,453.6499938964844,442.6000061035156,444.25,11163309
2024-06-13,449.0,449.95001220703125,439.0,439.79998779296875,11641274
2024-06-14,441.1000061035156,451.8999938964844,440.0,447.6000061035156,9634670
2024-06-18,449.95001220703125,454.79998779296875,447.6000061035156,452.29998779296875,8601634
2024-06-19,452.54998779296875,455.6000061035156,446.04998779296875,448.45001220703125,6416994
2024-06-20,450.0,479.0,449.1499938964844,469.95001220703125,28530186
2024-06-21,472.75,474.6000061035156,464.0,470.25,17801714
2024-06-24,460.04998779296875,471.5,457.20001220703125,463.3500061035156,7716484
2024-06-25,465.20001220703125,468.54998779296875,451.0,454.04998779296875,8309097
2024-06-26,436.6499938964844,446.8500061035156,426.04998779296875,442.1000061035156,162210828
2024-06-27,442.0,446.1000061035156,433.54998779296875,443.29998779296875,20922873
2024-06-28,444.6000061035156,458.6499938964844,443.8500061035156,454.0,15248617
2024-07-01,457.0,468.8500061035156,456.25,465.0,15408362
2024-07-02,467.0,473.1000061035156,455.0,457.8500061035156,11050920
2024-07-03,460.1499938964844,465.25,458.25,463.8999938964844,7347763
2024-07-04,468.1000061035156,473.45001220703125,463.45001220703125,469.1000061035156,12818706
2024-07-05,470.3999938964844,479.6000061035156,467.0,473.8500061035156,12860621
2024-07-08,475.8999938964844,477.5,464.79998779296875,465.6499938964844,8576939
2024-07-09,467.3999938964844,468.0,462.6000061035156,465.6499938964844,5474279
2024-07-10,466.0,466.95001220703125,445.1499938964844,456.70001220703125,11556309
2024-07-11,457.0,458.0,441.6499938964844,447.70001220703125,13978497
2024-07-12,451.8999938964844,454.3999938964844,445.1000061035156,449.70001220703125,11038603
2024-07-15,452.1000061035156,462.5,446.25,459.45001220703125,10391508
2024-07-16,466.8999938964844,467.54998779296875,453.6000061035156,455.5,23302200
2024-07-18,458.95001220703125,460.5,448.0,451.3999938964844,16469541
2024-07-19,453.0,454.25,438.0,439.79998779296875,14552716
2024-07-22,442.0,451.0,437.0,448.75,17818304
2024-07-23,449.3999938964844,449.3999938964844,410.54998779296875,434.95001220703125,33154992
2024-07-24,436.79998779296875,441.0,430.8500061035156,432.70001220703125,36773405
2024-07-25,428.8500061035156,434.3500061035156,424.0,430.8999938964844,18871603
2024-07-26,439.0,448.1499938964844,434.6000061035156,444.5,28749214
2024-07-29,447.0,455.5,438.0,448.95001220703125,45433689
2024-07-30,446.79998779296875,448.1499938964844,440.20001220703125,447.20001220703125,16607270
2024-07-31,453.0,454.3999938964844,445.5,450.75,14227543
2024-08-01,458.0,462.25,443.54998779296875,448.1000061035156,19749880
2024-08-02,440.0,441.95001220703125,432.29998779296875,434.20001220703125,13093052
2024-08-05,424.0,428.45001220703125,404.25,413.25,20763297
2024-08-06,417.54998779296875,421.95001220703125,411.29998779296875,413.8999938964844,17994697
2024-08-07,425.5,434.45001220703125,418.5,432.29998779296875,15297435
2024-08-08,430.04998779296875,431.5,421.04998779296875,422.29998779296875,9305734
2024-08-09,430.1000061035156,432.25,423.54998779296875,428.8500061035156,8363641
2024-08-12,426.1499938964844,436.0,424.75,432.1000061035156,8178539
2024-08-13,433.20001220703125,434.0,421.25,422.3500061035156,8522806
2024-08-14,425.0,428.5,405.20001220703125,420.20001220703125,18914429
2024-08-16,426.0,430.8500061035156,421.54998779296875,429.04998779296875,9815524
2024-08-19,430.5,444.3999938964844,429.25,442.75,10922980
2024-08-20,444.5,447.8500061035156,440.1499938964844,446.6499938964844,8887888
2024-08-21,449.6000061035156,458.8999938964844,447.6499938964844,455.29998779296875,13609457
2024-08-22,460.0,461.6000061035156,454.70001220703125,459.54998779296875,8864437
2024-08-23,459.95001220703125,460.20001220703125,448.3500061035156,449.29998779296875,6908675
2024-08-26,453.0,465.95001220703125,452.0,463.1000061035156,11143399
2024-08-27,463.0,468.5,460.8500061035156,463.8999938964844,10906758
2024-08-28,467.8999938964844,469.25,463.6000061035156,466.04998779296875,9277650
2024-08-29,470.20001220703125,470.95001220703125,459.04998779296875,463.3999938964844,12608981
2024-08-30,465.6499938964844,473.20001220703125,464.5,468.45001220703125,14026797
2024-09-02,472.70001220703125,473.6499938964844,461.0,463.25,11933834
2024-09-03,473.0,473.25,462.1000061035156,464.54998779296875,23319237
2024-09-04,460.45001220703125,462.95001220703125,455.0,459.3500061035156,15530065
2024-09-05,463.5,469.45001220703125,462.1499938964844,466.70001220703125,12242972
2024-09-06,467.8999938964844,470.3500061035156,457.20001220703125,459.79998779296875,17832425
2024-09-09,460.95001220703125,461.3999938964844,451.54998779296875,460.25,14042464
2024-09-10,439.79998779296875,444.0,436.95001220703125,440.0,13192375
2024-09-11,440.0,440.45001220703125,424.54998779296875,425.79998779296875,13394230
2024-09-12,430.04998779296875,443.54998779296875,428.79998779296875,441.70001220703125,13025897
2024-09-13,444.8999938964844,456.3999938964844,444.5,454.04998779296875,15909513
2024-09-16,458.0,471.0,444.3999938964844,446.29998779296875,34590598
2024-09-17,450.70001220703125,454.25,447.04998779296875,449.79998779296875,11644008
2024-09-18,450.79998779296875,451.0,445.6499938964844,448.29998779296875,5180919
2024-09-19,451.0,453.29998779296875,437.0,449.75,7777695
2024-09-20,452.0,458.45001220703125,448.6499938964844,449.95001220703125,17249829
2024-09-23,453.0,456.25,450.04998779296875,453.1000061035156,5177341
2024-09-24,456.29998779296875,473.5,456.0,470.20001220703125,28418267
2024-09-25,478.0,486.0,473.79998779296875,479.8500061035156,24495683
2024-09-26,484.54998779296875,504.8999938964844,477.0,501.75,42980530
2024-09-27,506.0,515.9000244140625,506.0,513.0,24451210
2024-09-30,519.0,523.6500244140625,508.5,512.6500244140625,19027211
2024-10-01,510.29998779296875,521.3499755859375,506.1499938964844,516.1500244140625,14071685
2024-10-03,513.0,520.5,509.0,511.75,13155901
2024-10-04,514.0,515.9500122070312,501.1499938964844,508.70001220703125,12088199
2024-10-07,512.9000244140625,513.7999877929688,491.3500061035156,500.29998779296875,15751180
2024-10-08,500.29998779296875,503.70001220703125,484.6000061035156,497.45001220703125,13145961
2024-10-09,499.0,502.5,489.1499938964844,496.25,11444008
2024-10-10,488.0,499.3999938964844,487.54998779296875,492.5,9613583
2024-10-11,496.1000061035156,503.5,494.3999938964844,497.5,8286066
2024-10-14,500.0,507.04998779296875,494.25,499.1499938964844,7263419
2024-10-15,500.0,500.95001220703125,486.3999938964844,489.8500061035156,7413480
2024-10-16,490.04998779296875,496.5,485.8500061035156,486.70001220703125,7989101
2024-10-17,489.1499938964844,492.6000061035156,471.1499938964844,472.1499938964844,12114419
2024-10-18,472.6499938964844,483.6499938964844,464.0,480.8500061035156,10334732
2024-10-21,484.5,489.5,474.0,475.0,5567492
2024-10-22,476.0,478.6499938964844,458.54998779296875,460.75,7805984
2024-10-23,460.0,470.79998779296875,454.1000061035156,463.0,9830637
2024-10-24,463.0,472.29998779296875,456.25,469.04998779296875,7269166
2024-10-25,471.70001220703125,472.25,449.04998779296875,455.3999938964844,11660475
2024-10-28,458.0,471.75,455.3999938964844,469.1499938964844,6637174
2024-10-29,470.0,473.8999938964844,458.95001220703125,472.29998779296875,6379918
2024-10-30,470.8500061035156,474.45001220703125,467.04998779296875,468.5,5903663
2024-10-31,468.0,469.79998779296875,460.0,464.04998779296875,6616282
2024-11-01,465.0,469.0,465.0,467.3500061035156,995005
2024-11-04,468.79998779296875,468.8999938964844,452.70001220703125,458.79998779296875,5030700
2024-11-05,459.0,471.29998779296875,457.29998779296875,469.79998779296875,5654407
2024-11-06,472.6000061035156,476.45001220703125,461.29998779296875,474.0,8641368
2024-11-07,474.0,475.0,451.3999938964844,457.8999938964844,16220004
2024-11-08,461.0,467.79998779296875,453.3500061035156,457.8999938964844,13143777
2024-11-11,460.5,461.8999938964844,453.1000061035156,456.20001220703125,7271375
2024-11-12,456.20001220703125,458.8500061035156,443.04998779296875,444.75,8421968
2024-11-13,444.0,445.3999938964844,432.29998779296875,434.75,7960930
2024-11-14,435.0,439.8999938964844,430.25,433.3999938964844,7028180
2024-11-18,444.3500061035156,459.3999938964844,439.04998779296875,447.5,13385897
2024-11-19,449.0,451.5,441.1499938964844,443.54998779296875,5930593
2024-11-21,442.0,445.75,437.04998779296875,442.79998779296875,6484933
2024-11-22,443.75,447.75,441.29998779296875,445.3500061035156,6859041
2024-11-25,452.0,453.79998779296875,442.75,443.79998779296875,12634711
2024-11-26,445.0,453.20001220703125,443.04998779296875,448.3999938964844,6483177
2024-11-27,451.3999938964844,451.54998779296875,444.20001220703125,445.79998779296875,6120311
2024-11-28,452.0,456.3500061035156,448.8999938964844,451.8500061035156,10793434
2024-11-29,452.3999938964844,457.79998779296875,449.04998779296875,453.5,6826623
2024-12-02,453.5,461.20001220703125,453.0,460.54998779296875,5709168
2024-12-03,464.5,469.29998779296875,461.0,468.3500061035156,5333303
2024-12-04,469.95001220703125,471.8999938964844,464.1000061035156,468.3999938964844,4980949
2024-12-05,469.8999938964844,474.3999938964844,467.04998779296875,472.5,7267698
2024-12-06,475.0,505.54998779296875,472.79998779296875,501.3999938964844,25827648
2024-12-09,499.95001220703125,501.70001220703125,488.79998779296875,497.04998779296875,11524481
2024-12-10,498.45001220703125,504.8999938964844,493.3999938964844,500.25,10316327
2024-12-11,499.0,525.0,498.5,514.3499755859375,32419915
2024-12-12,519.0,526.5999755859375,516.0,522.0,20273326
2024-12-13,520.5,521.2000122070312,506.70001220703125,519.5,10678273
2024-12-16,522.0,526.9500122070312,510.0,513.4500122070312,13821306
2024-12-17,513.4500122070312,515.0,499.3500061035156,503.20001220703125,12711460
2024-12-18,503.0,507.8500061035156,495.25,496.75,6546985
2024-12-19,482.25,493.5,476.54998779296875,492.29998779296875,9500042
2024-12-20,492.25,494.5,475.0,477.25,13786961
2024-12-23,480.45001220703125,484.5,468.5,473.20001220703125,9725884
2024-12-24,465.70001220703125,466.79998779296875,457.5,462.1000061035156,8942361
2024-12-26,462.79998779296875,464.79998779296875,453.8999938964844,460.45001220703125,5351568
2024-12-27,461.1000061035156,463.1000061035156,450.20001220703125,451.1000061035156,4487792
2024-12-30,451.1499938964844,452.8999938964844,437.25,439.6499938964844,18171489
2024-12-31,439.0,446.5,438.04998779296875,444.45001220703125,7109627
2025-01-01,444.75,447.45001220703125,438.79998779296875,444.45001220703125,5403126
2025-01-02,444.54998779296875,451.8500061035156,442.25,449.75,7704338
2025-01-03,450.5,465.5,449.1000061035156,458.25,8814796
2025-01-06,459.79998779296875,459.79998779296875,441.0,442.29998779296875,7485474
2025-01-07,443.0,454.5,443.0,448.25,5869461
2025-01-08,448.25,449.45001220703125,441.0,446.3999938964844,4953341
2025-01-09,447.0,448.04998779296875,437.1000061035156,438.8999938964844,4870742
2025-01-10,438.8999938964844,439.75,426.3999938964844,432.1499938964844,6250604
2025-01-13,428.20001220703125,428.79998779296875,412.0,413.70001220703125,8467239
2025-01-14,413.70001220703125,433.54998779296875,412.6000061035156,430.6000061035156,8727736
2025-01-15,435.04998779296875,442.5,430.45001220703125,435.25,4794795
2025-01-16,439.0,452.79998779296875,438.0,449.8500061035156,6641373
2025-01-17,452.0,458.25,448.04998779296875,454.04998779296875,5594080
2025-01-20,456.6499938964844,464.3999938964844,451.54998779296875,460.95001220703125,4806736
2025-01-21,465.0,467.79998779296875,453.0,453.8999938964844,7353985
2025-01-22,455.45001220703125,455.8500061035156,438.8999938964844,451.5,6538867
2025-01-23,451.0,452.25,442.5,446.5,5671143
2025-01-24,446.0,453.5,440.45001220703125,442.0,4758741
2025-01-27,439.5,439.75,421.6000061035156,423.8999938964844,6314851
2025-01-28,424.95001220703125,432.8500061035156,414.5,425.3500061035156,8080097
2025-01-29,428.5,432.3500061035156,424.29998779296875,430.6000061035156,4671527
2025-01-30,432.0,437.6000061035156,428.0,432.45001220703125,4765643
2025-01-31,434.8500061035156,443.79998779296875,426.8999938964844,441.3999938964844,11277319
2025-02-01,444.95001220703125,446.6499938964844,431.45001220703125,439.8999938964844,6736515
2025-02-03,436.0,436.0,410.0,421.70001220703125,18277593
2025-02-04,428.70001220703125,443.0,428.70001220703125,437.70001220703125,9934297
2025-02-05,438.95001220703125,447.8500061035156,437.70001220703125,444.45001220703125,7176758
2025-02-06,445.1000061035156,450.25,442.29998779296875,443.75,5475073
2025-02-07,443.75,456.8999938964844,441.70001220703125,455.79998779296875,8580933
2025-02-10,454.0,454.0,433.6000061035156,435.79998779296875,10212102
2025-02-11,422.8500061035156,435.54998779296875,420.29998779296875,421.45001220703125,7728184
2025-02-12,421.45001220703125,426.70001220703125,412.25,421.8999938964844,8868601
2025-02-13,425.0,431.79998779296875,421.04998779296875,424.54998779296875,5255713
2025-02-14,429.79998779296875,432.0,408.45001220703125,413.3500061035156,10205699
2025-02-17,413.3500061035156,415.8999938964844,401.3999938964844,415.1499938964844,9351334
2025-02-18,418.8999938964844,420.0,405.0,418.20001220703125,9347116
2025-02-19,416.1000061035156,427.3999938964844,414.0,423.5,9389191
2025-02-20,422.8999938964844,435.5,422.04998779296875,433.5,10218019
2025-02-21,435.25,442.25,432.6000061035156,438.20001220703125,11856575
2025-02-24,435.0,435.70001220703125,419.04998779296875,422.8500061035156,6486110
2025-02-25,422.8999938964844,423.70001220703125,406.3500061035156,409.25,16517618
2025-02-27,409.0,412.5,400.6499938964844,404.54998779296875,9800701
2025-02-28,400.0,400.8999938964844,392.3500061035156,394.75,13633752
2025-03-03,399.95001220703125,411.25,389.20001220703125,409.1499938964844,10995655
2025-03-04,401.1499938964844,409.29998779296875,394.79998779296875,406.75,7083802
2025-03-05,400.8999938964844,430.3999938964844,400.8999938964844,428.95001220703125,14319490
2025-03-06,434.0,446.8500061035156,431.25,442.95001220703125,13001883
2025-03-07,442.8500061035156,450.1000061035156,441.6000061035156,445.45001220703125,7860045
2025-03-10,445.45001220703125,451.79998779296875,436.1499938964844,437.3999938964844,6433534
2025-03-11,428.5,443.20001220703125,426.0,441.54998779296875,6287024
2025-03-12,444.8999938964844,448.3500061035156,437.8999938964844,444.95001220703125,5120030
2025-03-13,447.8999938964844,450.0,442.0,442.95001220703125,5054710
2025-03-17,444.0,451.04998779296875,443.1499938964844,446.95001220703125,4865003
2025-03-18,446.95001220703125,446.95001220703125,446.95001220703125,446.95001220703125,0
2025-03-19,464.70001220703125,465.3500061035156,459.29998779296875,460.54998779296875,5728903
2025-03-20,465.0,475.20001220703125,460.20001220703125,470.75,10370120
2025-03-21,471.3999938964844,473.1499938964844,462.0,467.29998779296875,12194708
2025-03-24,469.0,476.04998779296875,465.6499938964844,472.25,7110186
2025-03-25,473.95001220703125,473.95001220703125,460.1000061035156,461.79998779296875,6983464
2025-03-26,464.3999938964844,473.3999938964844,463.1000061035156,464.1499938964844,9260792
2025-03-27,463.70001220703125,474.75,461.70001220703125,472.3500061035156,7585534
2025-03-28,472.8999938964844,475.3999938964844,462.0,463.3999938964844,6966128
2025-04-01,458.0,465.70001220703125,454.6000061035156,457.3999938964844,4385769
2025-04-02,454.0,459.45001220703125,449.75,457.6499938964844,4104869
2025-04-03,457.5,457.6499938964844,438.1000061035156,439.5,13020114
2025-04-04,436.70001220703125,436.95001220703125,398.0,401.45001220703125,32283095
2025-04-07,369.95001220703125,381.20001220703125,363.0,374.04998779296875,26557078
2025-04-08,387.45001220703125,390.79998779296875,368.1499938964844,376.1000061035156,17126260
2025-04-09,376.0,377.45001220703125,368.6000061035156,370.54998779296875,13982904
2025-04-11,385.0,388.79998779296875,378.04998779296875,380.1499938964844,12949202
2025-04-15,389.95001220703125,397.70001220703125,384.04998779296875,395.79998779296875,10517215
2025-04-16,398.0,402.0,391.1000061035156,398.70001220703125,9739439
2025-04-17,398.25,403.75,393.1499938964844,400.04998779296875,8212290
2025-04-21,404.0,412.8999938964844,400.04998779296875,411.95001220703125,7998005
2025-04-22,414.0,418.29998779296875,412.29998779296875,413.04998779296875,7329286
2025-04-23,416.0,419.70001220703125,410.6000061035156,418.20001220703125,8692823
2025-04-24,418.20001220703125,431.0,416.5,420.25,13580010
2025-04-25,422.8500061035156,425.79998779296875,409.5,413.29998779296875,11205671
2025-04-28,414.0,417.6499938964844,408.95001220703125,416.1000061035156,6864935
2025-04-29,418.0,421.3999938964844,414.3999938964844,416.29998779296875,7054453
2025-04-30,418.29998779296875,423.25,413.6499938964844,419.20001220703125,13507492
2025-05-02,421.0,422.8999938964844,413.0,414.70001220703125,13939534
2025-05-05,415.6499938964844,420.45001220703125,415.0,419.5,7450806
2025-05-06,420.0,424.6000061035156,409.29998779296875,410.95001220703125,7943490
2025-05-07,402.75,418.0,402.0,416.0,8806194
2025-05-08,415.0,417.8999938964844,405.04998779296875,407.1000061035156,10344459
2025-05-09,401.0,408.75,398.6000061035156,407.8999938964844,7120988
2025-05-12,419.95001220703125,438.25,417.8500061035156,436.04998779296875,16818909
2025-05-13,436.0,440.29998779296875,432.54998779296875,435.3999938964844,7806161
2025-05-14,438.5,447.1000061035156,435.70001220703125,442.70001220703125,11385432
2025-05-15,444.70001220703125,448.3999938964844,440.3500061035156,443.79998779296875,7108289
2025-05-16,443.79998779296875,444.70001220703125,439.70001220703125,441.20001220703125,5525659
2025-05-19,442.0,446.8999938964844,440.6499938964844,442.04998779296875,4707043
2025-05-20,447.5,449.6000061035156,434.0,435.3500061035156,6201064
2025-05-21,436.29998779296875,439.1499938964844,431.70001220703125,437.75,5310912
2025-05-22,439.0,439.5,431.5,435.1000061035156,5505100
2025-05-23,435.3999938964844,442.6000061035156,433.1499938964844,440.04998779296875,4707367
2025-05-26,444.04998779296875,447.3999938964844,442.25,445.54998779296875,4402485
2025-05-27,446.0,452.3500061035156,443.8999938964844,448.0,7017265
2025-05-28,448.70001220703125,449.45001220703125,444.0,446.8500061035156,5398706
2025-05-29,450.0,457.5,445.0,451.6499938964844,8539002
2025-05-30,452.8999938964844,453.0,435.0,435.54998779296875,13752148
2025-06-02,433.79998779296875,434.95001220703125,425.8999938964844,432.3999938964844,9008143
2025-06-03,436.0,440.29998779296875,431.5,434.0,6553349
2025-06-04,434.0,438.3500061035156,430.3999938964844,436.8500061035156,4747404
2025-06-05,438.0,442.3500061035156,433.5,439.1499938964844,5877012
2025-06-06,440.79998779296875,449.5,438.6000061035156,448.04998779296875,10475617
2025-06-09,452.5,461.3999938964844,451.1000061035156,457.8999938964844,8982580
2025-06-10,459.8999938964844,467.70001220703125,459.1000061035156,461.54998779296875,8036246
2025-06-11,464.5,473.1000061035156,462.1499938964844,469.29998779296875,15635681
2025-06-12,470.5,471.8500061035156,458.0,460.5,7559224
2025-06-13,450.3999938964844,463.6499938964844,446.6000061035156,458.1000061035156,6666190
2025-06-16,464.0,467.0,456.70001220703125,463.8999938964844,8258945
2025-06-17,464.0,465.8500061035156,457.79998779296875,458.95001220703125,5621986
2025-06-18,464.0,467.75,453.3500061035156,456.5,15852801
2025-06-19,456.5,457.3500061035156,436.79998779296875,439.5,12549420
2025-06-20,438.45001220703125,449.5,437.70001220703125,447.1000061035156,11493281
2025-06-23,444.0,451.45001220703125,442.04998779296875,449.8500061035156,7310603
2025-06-24,449.0,451.8500061035156,444.5,445.79998779296875,6350436
2025-06-25,447.95001220703125,447.95001220703125,439.5,441.95001220703125,6329973
2025-06-26,443.0,457.0,441.1499938964844,455.5,10412097
2025-06-27,459.45001220703125,471.0,459.0,463.75,23776172
2025-06-30,466.04998779296875,467.8999938964844,456.8999938964844,460.8500061035156,6466543
2025-07-01,462.0,470.25,456.3500061035156,465.8999938964844,11455315
2025-07-02,467.1499938964844,475.0,462.8500061035156,469.45001220703125,11881474
2025-07-03,468.0,472.3500061035156,457.04998779296875,458.29998779296875,17268863
2025-07-04,461.0,463.6499938964844,455.1000061035156,459.04998779296875,4456947
2025-07-07,459.0,459.6499938964844,453.0,454.20001220703125,4498429
2025-07-08,453.8999938964844,458.20001220703125,452.20001220703125,456.29998779296875,4116967
2025-07-09,461.0,461.5,420.6499938964844,440.75,38812827
2025-07-10,438.6000061035156,442.75,433.20001220703125,439.20001220703125,13276890
2025-07-11,438.0,446.25,436.54998779296875,442.75,8741844
2025-07-14,440.6000061035156,450.45001220703125,439.29998779296875,448.20001220703125,5611380
2025-07-15,450.0,451.25,445.1000061035156,450.0,5408813
2025-07-16,450.0,450.45001220703125,444.6000061035156,447.45001220703125,3554230
2025-07-17,447.45001220703125,449.79998779296875,443.45001220703125,444.3500061035156,2713654
2025-07-18,444.3500061035156,448.79998779296875,443.54998779296875,445.79998779296875,3419720
2025-07-21,451.6000061035156,456.5,448.6499938964844,453.8500061035156,6402589
2025-07-22,453.79998779296875,456.70001220703125,450.1000061035156,450.6000061035156,2871620
2025-07-23,450.8500061035156,457.1000061035156,450.5,455.6499938964844,3049686
2025-07-24,455.0,457.3500061035156,448.1499938964844,451.3500061035156,4846149
2025-07-25,450.0,450.8999938964844,442.54998779296875,443.54998779296875,2481198
2025-07-28,443.5,443.70001220703125,434.75,437.95001220703125,3837524
2025-07-29,437.04998779296875,441.5,433.3999938964844,439.5,3034968
2025-07-30,440.5,440.70001220703125,433.6000061035156,434.6000061035156,2945839
2025-07-31,429.0,434.3999938964844,424.0,425.6499938964844,7762131
2025-08-01,425.1000061035156,431.0,422.3500061035156,424.45001220703125,4291007
2025-08-04,424.3999938964844,433.3500061035156,422.20001220703125,431.45001220703125,3635372
2025-08-05,432.3999938964844,439.1000061035156,430.70001220703125,438.45001220703125,5703172
2025-08-06,439.8999938964844,442.54998779296875,437.45001220703125,440.54998779296875,4042034
2025-08-07,437.5,439.6499938964844,430.0,437.79998779296875,4103120
2025-08-08,437.79998779296875,439.8999938964844,430.3999938964844,431.45001220703125,2396484
2025-08-11,432.0,434.75,426.6499938964844,430.1000061035156,5148588
2025-08-12,430.0,437.20001220703125,429.04998779296875,433.25,4915393
2025-08-13,435.79998779296875,445.29998779296875,435.1000061035156,438.75,5925324
2025-08-14,439.3999938964844,439.70001220703125,428.1000061035156,430.20001220703125,5618967
2025-08-18,440.0,440.0,433.1000061035156,438.20001220703125,4699393
2025-08-19,442.0,451.0,440.1499938964844,450.20001220703125,12000341
2025-08-20,451.0,452.79998779296875,437.79998779296875,445.5,19775631
2025-08-21,445.6499938964844,449.0,443.1499938964844,446.8999938964844,8103807
2025-08-22,451.6499938964844,452.0,443.70001220703125,444.25,16717742
2025-08-25,446.8999938964844,451.5,444.04998779296875,450.29998779296875,13543057
2025-08-26,435.0,435.3999938964844,426.0,428.20001220703125,10665952
2025-08-28,428.20001220703125,429.79998779296875,421.1000061035156,424.5,6955858
2025-08-29,424.5,428.54998779296875,420.0,420.6499938964844,7712901
2025-09-01,422.79998779296875,434.8999938964844,422.79998779296875,431.0,7817717
2025-09-02,432.0,435.3500061035156,423.3999938964844,431.6000061035156,6420682
2025-09-03,433.25,441.70001220703125,432.6000061035156,439.45001220703125,10052593
2025-09-04,446.0,446.0,434.95001220703125,435.70001220703125,7605728
2025-09-05,436.0,446.79998779296875,435.6000061035156,445.5,8277809
2025-09-08,441.0,441.95001220703125,433.3500061035156,434.3999938964844,11885826
2025-09-09,435.0,437.8999938964844,431.95001220703125,432.79998779296875,6379983
2025-09-10,435.0,437.5,432.0,433.70001220703125,5516735
2025-09-11,434.04998779296875,439.79998779296875,432.95001220703125,437.70001220703125,6964582
2025-09-12,440.0,455.0,439.1000061035156,450.8999938964844,15838929
2025-09-15,455.04998779296875,462.79998779296875,452.75,454.3999938964844,14003502
2025-09-16,457.0,463.3999938964844,455.0,461.29998779296875,9675778
2025-09-17,465.0,471.0,444.0,456.1499938964844,27609041
2025-09-18,456.1499938964844,458.95001220703125,452.6000061035156,455.6499938964844,7741800
2025-09-19,458.0,458.5,452.1499938964844,455.6000061035156,10444975
2025-09-22,455.0,462.6000061035156,454.6499938964844,458.45001220703125,6873708
2025-09-23,458.45001220703125,459.8999938964844,452.25,457.20001220703125,6504267
2025-09-24,456.95001220703125,459.0,447.0,448.45001220703125,8390096
2025-09-25,451.0,464.0,449.5,461.6499938964844,12571562
2025-09-26,462.25,463.79998779296875,445.1000061035156,447.95001220703125,10271939
2025-09-29,451.0,457.54998779296875,447.6499938964844,452.25,11707970
2025-09-30,457.3999938964844,468.20001220703125,454.0,465.79998779296875,16517105
2025-10-01,468.54998779296875,469.8500061035156,458.5,464.8500061035156,7779725
2025-10-03,464.8500061035156,479.8999938964844,464.5,470.95001220703125,21404838
2025-10-06,474.95001220703125,478.0,467.1000061035156,470.79998779296875,9042871
2025-10-07,475.0,476.5,470.25,471.8500061035156,5931853
2025-10-08,471.8999938964844,477.95001220703125,465.6000061035156,472.70001220703125,10158945
2025-10-09,473.0,485.0,467.3500061035156,484.20001220703125,16201074
2025-10-10,483.0,485.0,473.75,482.20001220703125,13091981
2025-10-13,479.5,480.6499938964844,474.6499938964844,479.29998779296875,8312537
2025-10-14,483.8500061035156,489.1000061035156,474.79998779296875,480.04998779296875,14181566
2025-10-15,480.04998779296875,484.5,476.20001220703125,483.04998779296875,7569516
2025-10-16,485.0,485.0,475.0,479.1000061035156,5099739
2025-10-17,478.0,481.1000061035156,467.54998779296875,474.04998779296875,5816016
2025-10-20,476.0,478.5,472.04998779296875,473.8999938964844,4010765
2025-10-21,477.5,477.95001220703125,474.5,475.6499938964844,841526
2025-10-23,477.1000061035156,484.8500061035156,474.6499938964844,483.25,11194491
2025-10-24,490.0,501.04998779296875,487.25,495.6000061035156,25748299
2025-10-27,501.0,505.95001220703125,497.25,505.25,13611047
2025-10-28,505.95001220703125,509.75,499.6499938964844,502.45001220703125,10881126
2025-10-29,504.04998779296875,524.4000244140625,504.04998779296875,516.2000122070312,25108474
2025-10-30,513.0,514.9000244140625,503.20001220703125,506.95001220703125,7439433
2025-10-31,506.95001220703125,507.3999938964844,491.20001220703125,493.54998779296875,13235197
2025-11-03,502.0,514.5,500.3999938964844,513.0,16492217
2025-11-04,511.0,517.5999755859375,505.1000061035156,508.1499938964844,9015840
2025-11-06,510.0,514.4000244140625,502.6000061035156,504.95001220703125,7236023
2025-11-07,501.0,517.25,497.5,515.0499877929688,9229050
2025-11-10,521.0,526.5999755859375,518.25,519.5999755859375,9368684
2025-11-11,520.0999755859375,524.9000244140625,515.5499877929688,523.8499755859375,6857737
2025-11-12,525.0,528.8499755859375,518.0,520.5999755859375,8017904
2025-11-13,527.0,535.5,524.2000122070312,529.5999755859375,14483739
2025-11-14,528.0,531.2999877929688,521.5,525.3499755859375,6780850
2025-11-17,526.9500122070312,528.0,519.3499755859375,520.7999877929688,4575270
2025-11-18,521.6500244140625,521.7999877929688,508.25,510.70001220703125,7919977
2025-11-19,509.0,514.7999877929688,507.54998779296875,511.79998779296875,4009545
2025-11-20,516.0,519.0,509.1499938964844,509.75,5736356
2025-11-21,510.0,511.0,494.54998779296875,496.3999938964844,8023391
2025-11-24,498.1499938964844,503.5,493.79998779296875,495.1499938964844,10371411
2025-11-25,495.6000061035156,506.8500061035156,495.6000061035156,504.6499938964844,7658295
2025-11-26,507.8999938964844,517.0,506.1000061035156,516.2999877929688,7777469
2025-11-27,518.7000122070312,523.75,517.3499755859375,519.0999755859375,5978457
2025-11-28,519.4000244140625,530.7999877929688,518.6500244140625,526.0,9990143
2025-12-01,535.0,537.6500244140625,530.0,533.2999877929688,10279499
2025-12-02,530.8499755859375,539.9000244140625,530.0999755859375,538.4000244140625,9490883
2025-12-03,541.0,541.0499877929688,528.75,532.7999877929688,9182829
2025-12-04,534.7000122070312,543.0,528.25,529.6500244140625,14735849
2025-12-05,528.8499755859375,531.4500122070312,517.7999877929688,524.5,14808276
2025-12-08,524.2999877929688,527.2999877929688,509.20001220703125,511.25,7598744
2025-12-09,509.8999938964844,517.5999755859375,502.3500061035156,516.1500244140625,7594795
2025-12-10,519.25,530.75,516.1500244140625,524.2000122070312,14712797
2025-12-11,528.0,534.5,525.0999755859375,529.0499877929688,11125398
2025-12-12,535.0,546.5499877929688,535.0,543.5999755859375,18629112
2025-12-15,540.9500122070312,551.7999877929688,539.3499755859375,549.4000244140625,13889922
2025-12-16,548.0,572.9000244140625,545.2000122070312,569.5,34011443
2025-12-17,580.0,580.4500122070312,566.0999755859375,569.7999877929688,30344596
2025-12-18,569.7000122070312,583.0,564.0,579.1500244140625,14766995
2025-12-19,582.0,583.4000244140625,571.5,581.5999755859375,16753034
2025-12-22,590.0,594.5,581.5,585.6500244140625,16201067
2025-12-23,586.0,590.7999877929688,584.5999755859375,586.4000244140625,7941430
2025-12-24,589.9500122070312,599.7999877929688,587.2000122070312,598.1500244140625,15686960
2025-12-26,603.7000122070312,607.9000244140625,596.9500122070312,600.9500122070312,12119491
2025-12-29,609.0,616.0,590.4000244140625,593.0999755859375,25560591
2025-12-30,593.75,607.0,591.1500244140625,605.5499877929688,14079178
2025-12-31,610.0,610.0499877929688,599.3499755859375,604.4000244140625,8925223
2026-01-01,603.0,606.9000244140625,597.7000122070312,602.6500244140625,4250535
2026-01-02,604.2000122070312,618.4500122070312,603.5999755859375,616.9500122070312,9255218
2026-01-05,620.5,624.5,609.7000122070312,615.6500244140625,8336113
2026-01-06,618.2000122070312,627.9000244140625,618.0,621.75,10820314
2026-01-07,625.9500122070312,629.9000244140625,618.2999877929688,622.2000122070312,10182854
2026-01-08,619.0,619.0999755859375,595.0,603.5,18002061
2026-01-09,603.0,615.2999877929688,602.3499755859375,609.8499755859375,10839255
2026-01-12,619.8499755859375,628.7000122070312,614.7999877929688,627.3499755859375,13566302
2026-01-13,631.0999755859375,642.5,629.0999755859375,637.2000122070312,17754332
2026-01-14,647.0,679.4500122070312,642.1500244140625,675.75,45759805
2026-01-15,675.75,675.75,675.75,675.75,0
2026-01-16,675.75,686.0,664.3499755859375,682.7000122070312,27743749
2026-01-19,684.9500122070312,688.0,673.5,674.7999877929688,16748844
2026-01-20,676.0,686.5,669.1500244140625,671.7999877929688,18175860
2026-01-21,671.7999877929688,677.9000244140625,659.0,676.6500244140625,16508847
2026-01-22,680.0,694.0,664.7999877929688,678.6500244140625,19313521
2026-01-23,685.0,699.0,681.4500122070312,684.1500244140625,21435331
2026-01-27,697.0999755859375,707.3499755859375,694.5499877929688,705.4500122070312,18667388
2026-01-28,711.0999755859375,741.9500122070312,710.0999755859375,737.0999755859375,26645434
2026-01-29,745.25,769.7999877929688,743.0,766.3499755859375,30290476
2026-01-30,755.0,755.0,675.0999755859375,681.5499877929688,54628339
2026-02-02,653.3499755859375,674.5499877929688,639.0499877929688,660.6500244140625,35747809
2026-02-03,695.0,700.0,653.5499877929688,675.6500244140625,21124257
2026-02-04,680.0,693.9500122070312,677.5999755859375,687.7999877929688,13319058
2026-02-05,660.0499877929688,665.2999877929688,644.2000122070312,655.2000122070312,18234038
2026-02-06,643.0,673.3499755859375,640.25,671.0499877929688,16866400
2026-02-09,682.0,686.0999755859375,670.9000244140625,679.75,10904101
2026-02-10,686.0,692.75,678.0,690.1500244140625,10605218
2026-02-11,695.0,705.0,689.5,701.1500244140625,11146383
2026-02-12,701.1500244140625,709.0,698.0,702.75,8735305
2026-02-13,685.0,685.0,662.5499877929688,673.6500244140625,15868021
2026-02-16,669.0,681.4500122070312,665.25,679.7999877929688,6387272
2026-02-17,679.7999877929688,680.0,660.2999877929688,668.2000122070312,10070194
2026-02-18,670.0,678.8499755859375,668.2999877929688,678.0,7902530
2026-02-19,683.4500122070312,688.7999877929688,673.75,676.1500244140625,8113467
2026-02-20,675.7000122070312,683.4500122070312,672.5499877929688,682.4500122070312,6871777
2026-02-23,695.0,695.75,670.2999877929688,681.25,10762317
2026-02-24,678.5,698.9000244140625,676.0,695.0999755859375,10730605
2026-02-25,706.4000244140625,732.3499755859375,706.4000244140625,727.7999877929688,23666523
2026-02-26,733.0499877929688,738.3499755859375,725.2000122070312,737.4500122070312,13822953
2026-02-27,734.7999877929688,734.7999877929688,715.0,718.4000244140625,12543859
2026-03-02,695.0,731.0,695.0,723.3499755859375,13268756
2026-03-04,710.0999755859375,718.75,691.9000244140625,701.0,14669674
2026-03-05,706.4500122070312,737.9000244140625,706.0,711.25,22092809
2026-03-06,712.0999755859375,729.2999877929688,701.7000122070312,721.0,13468762
2026-03-09,709.0499877929688,713.25,698.0,709.4000244140625,10105473
2026-03-10,720.0,723.9500122070312,703.0999755859375,722.0,14950497
2026-03-11,727.5999755859375,743.5,715.0,721.5499877929688,15906006
2026-03-12,730.25,730.2999877929688,704.5499877929688,719.5999755859375,10180516
2026-03-13,714.5,715.5,684.4500122070312,689.5499877929688,15416801
2026-03-16,688.0,697.5,677.25,685.5999755859375,11112301
2026-03-17,689.7000122070312,702.3499755859375,678.4000244140625,699.3499755859375,9586258
2026-03-18,700.0,700.0,674.5,679.0,11227748
2026-03-19,667.0,688.7000122070312,660.4000244140625,665.3499755859375,13840558
2026-03-20,670.0,688.1500244140625,664.4000244140625,672.2000122070312,25993024
2026-03-23,660.0,660.9000244140625,634.25,645.75,21999651
2026-03-24,664.0,664.0,643.5499877929688,651.5999755859375,14286858
2026-03-25,661.0,673.7999877929688,659.0,669.6500244140625,12926445
2026-03-27,655.4500122070312,666.7000122070312,648.0499877929688,649.4000244140625,17226044
2026-03-30,652.9500122070312,678.5999755859375,650.25,654.7999877929688,24457507
2026-04-01,664.0,689.5,663.1500244140625,677.2000122070312,16756679
2026-04-02,669.9000244140625,689.5999755859375,652.7999877929688,687.6500244140625,16016248
2026-04-06,687.75,708.4000244140625,686.7999877929688,690.0,13013026
2026-04-07,700.0499877929688,718.9500122070312,693.0,713.25,20950898
2026-04-08,734.0,735.0,717.2999877929688,721.4000244140625,16394216
2026-04-09,725.0,739.0,722.2999877929688,737.0,15515507
2026-04-10,740.0,746.5,731.75,745.1500244140625,15333995
2026-04-13,735.0,754.5999755859375,734.0,752.5499877929688,12586088
2026-04-15,752.0,768.0,741.0999755859375,766.0499877929688,23115401
2026-04-16,772.0,787.8499755859375,770.2999877929688,782.8499755859375,15151305
2026-04-17,782.8499755859375,791.1500244140625,772.4000244140625,787.5,9934013
2026-04-20,782.9500122070312,782.9500122070312,768.1500244140625,771.0,10554185
2026-04-21,791.7000122070312,795.0,763.1500244140625,766.7999877929688,30562626
2026-04-22,769.7000122070312,773.8499755859375,755.5,757.0,14257215
2026-04-23,758.7999877929688,758.7999877929688,733.0499877929688,735.5999755859375,17456241
2026-04-24,734.9500122070312,734.9500122070312,707.5999755859375,720.9500122070312,19062006
2026-04-27,724.25,746.5999755859375,720.5499877929688,742.5,22351684
2026-04-28,747.0,757.9500122070312,728.7000122070312,739.2999877929688,37978285
2026-04-29,745.0,780.0,732.2000122070312,773.5999755859375,54738724
2026-04-30,289.5,292.0,268.70001220703125,271.54998779296875,73870853
2026-05-01,271.54998779296875,271.54998779296875,271.54998779296875,271.54998779296875,0
2026-05-04,277.0,296.0,274.95001220703125,294.6499938964844,86297119
2026-05-05,296.95001220703125,305.8999938964844,292.0,303.8999938964844,69612545
2026-05-06,310.0,318.0,308.6000061035156,316.3999938964844,75050951
2026-05-07,319.8999938964844,322.75,303.6000061035156,305.3999938964844,64690914
2026-05-08,305.6499938964844,306.3999938964844,295.8999938964844,296.45001220703125,32681575
2026-05-11,296.6000061035156,301.54998779296875,294.20001220703125,298.3999938964844,25738983
2026-05-12,298.1000061035156,309.8999938964844,298.1000061035156,305.04998779296875,47596105
2026-05-13,311.95001220703125,325.5,308.79998779296875,323.3500061035156,72680545
2026-05-14,329.0,340.6499938964844,325.1000061035156,338.8999938964844,77635934
2026-05-15,338.8999938964844,338.8999938964844,325.0,331.04998779296875,56392805
2026-05-18,323.8999938964844,329.3500061035156,320.6499938964844,327.0,21115770
2026-05-19,325.3999938964844,339.0,325.3999938964844,337.6499938964844,35074019
2026-05-20,332.54998779296875,339.45001220703125,331.45001220703125,333.75,21015658
2026-05-21,338.0,338.25,328.8999938964844,329.75,14507403
2026-05-22,331.0,333.6000061035156,327.0,329.95001220703125,14086715
2026-05-25,333.0,335.3999938964844,330.5,332.5,11129217
2026-05-26,332.5,348.5,332.1499938964844,344.8999938964844,39844071
2026-05-27,347.3999938964844,357.95001220703125,345.8999938964844,354.70001220703125,26959207
2026-05-28,354.70001220703125,354.70001220703125,354.70001220703125,354.70001220703125,0
2026-05-29,359.95001220703125,360.0,350.0,352.6000061035156,32684449
2026-06-01,355.1000061035156,356.6499938964844,335.04998779296875,337.1499938964844,21598323
2026-06-02,336.45001220703125,343.5,328.20001220703125,333.54998779296875,30249461
2026-06-03,333.54998779296875,334.0,325.0,328.20001220703125,20194365
2026-06-04,328.20001220703125,330.79998779296875,325.0,327.5,13730888
2026-06-05,329.6000061035156,329.70001220703125,312.3500061035156,315.6000061035156,20824974
2026-06-08,311.0,314.79998779296875,301.6499938964844,304.25,14491919
2026-06-09,305.0,309.79998779296875,303.25,306.25,12416474
2026-06-10,306.29998779296875,306.3999938964844,296.3999938964844,299.29998779296875,13610674
2026-06-11,295.04998779296875,310.0,292.79998779296875,304.8999938964844,21784565
2026-06-12,314.0,314.0,303.70001220703125,309.6499938964844,18636477
2026-06-15,313.1499938964844,318.45001220703125,300.3999938964844,302.5,28394765
2026-06-16,302.5,304.29998779296875,295.6000061035156,299.95001220703125,21934302
2026-06-17,299.0,308.20001220703125,297.29998779296875,306.5,17292581
2026-06-18,307.0,309.0,302.75,306.0,12373677
2026-06-19,302.3999938964844,304.8999938964844,299.5,300.79998779296875,15040336
2026-06-22,300.79998779296875,306.79998779296875,300.79998779296875,305.8500061035156,13551008
2026-06-23,294.5,294.5,279.0,281.70001220703125,174644055
2026-06-24,280.95001220703125,284.3500061035156,278.1499938964844,282.54998779296875,21011503
2026-06-25,279.0,279.0,271.3999938964844,273.45001220703125,39094966
2026-06-26,273.45001220703125,273.45001220703125,273.45001220703125,273.45001220703125,0
2026-06-29,270.5,287.3999938964844,270.5,284.54998779296875,57647547
2026-06-30,283.8999938964844,283.8999938964844,278.04998779296875,280.75,17134140
2026-07-01,280.75,281.0,274.6499938964844,275.54998779296875,15467108
2026-07-02,277.0,279.75,275.25,276.1000061035156,11185934
2026-07-03,279.0,282.79998779296875,278.79998779296875,280.3999938964844,12313780
2026-07-06,281.95001220703125,282.8500061035156,278.54998779296875,282.0,9188601
2026-07-07,282.0,282.3500061035156,274.1000061035156,275.04998779296875,13028080
2026-07-08,273.6000061035156,278.79998779296875,270.6499938964844,272.29998779296875,20776930
2026-07-09,273.25,274.70001220703125,270.79998779296875,271.3500061035156,10018324
2026-07-10,273.79998779296875,276.75,272.20001220703125,272.54998779296875,11889321
2026-07-13,271.0,271.25,268.1000061035156,269.6499938964844,9688301
2026-07-14,269.6499938964844,270.95001220703125,266.20001220703125,267.70001220703125,11000576
2026-07-15,268.0,271.29998779296875,260.1000061035156,260.54998779296875,21696090
2026-07-16,261.0,262.3999938964844,256.1000061035156,257.8999938964844,15712716
2026-07-17,258.0,258.3999938964844,249.6999969482422,253.0500030517578,24108053
2026-07-20,253.0500030517578,262.95001220703125,252.8000030517578,261.8500061035156,13725150
2026-07-21,261.8500061035156,266.29998779296875,259.54998779296875,264.8500061035156,11178039
2026-07-22,264.8500061035156,266.1499938964844,260.95001220703125,262.29998779296875,6972972
2026-07-23,261.0,268.29998779296875,261.0,264.6000061035156,9488717
